"NO","시군구","번지","본번","부번","단지명","전월세구분","전용면적(㎡)","계약년월","계약일","보증금(만원)","월세금(만원)","층","건축년도","도로명","계약기간","계약구분","갱신요구권 사용","종전계약 보증금(만원)","종전계약 월세(만원)","주택유형"
"1","광주광역시 서구 금호동","786","0786","0000","마재마을주은","전세","84.9600","202602","23","20,000","0","7","2000","마재로 57","202602~202702","갱신","사용","20,000","0","아파트"
"2","광주광역시 서구 치평동","1166-2","1166","0002","대우금호","전세","59.9400","202602","23","16,800","0","17","1998","치평로 107","202603~202803","갱신","사용","16,000","0","아파트"
"3","광주광역시 서구 치평동","1166-2","1166","0002","대우금호","전세","59.9400","202602","23","17,000","0","3","1998","치평로 107","202604~202804","신규","-","","","아파트"
"4","광주광역시 남구 주월동","81-2","0081","0002","해태1","월세","84.9600","202602","23","2,000","60","3","1998","회재로1173번길 40","202603~202803","신규","-","","","아파트"
"5","광주광역시 동구 소태동","501","0501","0000","모아미래도","전세","84.6400","202602","23","16,000","0","2","2003","학소로76번길 14","202602~202802","갱신","-","16,000","0","아파트"
"6","광주광역시 북구 중흥동","836","0836","0000","제일풍경채센트럴파크1단지","전세","109.7900","202602","23","50,000","0","10","2022","우치로40번길 25","202603~202803","갱신","사용","54,000","0","아파트"
"7","광주광역시 북구 중흥동","323-1","0323","0001","모아1","전세","133.3500","202602","23","21,000","0","9","1991","서암대로 199","202603~202803","갱신","사용","25,000","0","아파트"
"8","광주광역시 서구 화정동","858-3","0858","0003","태영","전세","59.9300","202602","23","12,000","0","13","1989","염화로40번길 20-1","202605~202805","신규","-","","","아파트"
"9","광주광역시 남구 임암동","731","0731","0000","광주효천1엘에이치3단지","월세","26.7000","202602","23","3,182","6","12","2020","효천중앙로 35","202602~202802","신규","-","","","아파트"
"10","광주광역시 서구 금호동","815","0815","0000","호반리젠시빌2차","월세","39.7920","202602","23","1,000","50","18","2000","화개1로 33","202602~202702","신규","-","","","아파트"
"11","광주광역시 동구 학동","1022","1022","0000","무등산아이파크","전세","84.9287","202602","23","42,000","0","19","2017","남문로753번길 20","202602~202802","갱신","사용","40,000","0","아파트"
"12","광주광역시 광산구 신가동","1202","1202","0000","아름마을휴먼시아3단지","월세","39.7200","202602","23","2,181","12","6","2009","하남대로261번길 11","202603~202802","갱신","-","2,077","12","아파트"
"13","광주광역시 광산구 신가동","1202","1202","0000","아름마을휴먼시아3단지","월세","46.9000","202602","23","2,863","16","5","2009","하남대로261번길 11","202603~202802","갱신","-","2,726","15","아파트"
"14","광주광역시 광산구 신가동","1202","1202","0000","아름마을휴먼시아3단지","월세","46.9000","202602","23","2,163","18","1","2009","하남대로261번길 11","202603~202802","갱신","-","2,026","17","아파트"
"15","광주광역시 광산구 쌍암동","686-2","0686","0002","첨단중해마루힐1차주상복합","전세","84.9822","202602","23","25,710","0","15","2020","임방울대로825번길 60-6","202603~202803","갱신","-","25,079","0","아파트"
"16","광주광역시 광산구 우산동","1620","1620","0000","국제미소래","전세","59.4918","202602","23","15,410","0","6","2017","용아로 175","202604~202804","신규","-","","","아파트"
"17","광주광역시 광산구 신가동","1202","1202","0000","아름마을휴먼시아3단지","월세","51.9300","202602","23","3,544","19","2","2009","하남대로261번길 11","202603~202802","신규","-","","","아파트"
"18","광주광역시 북구 신용동","737","0737","0000","광주첨단2지구사랑으로부영","전세","60.4624","202602","23","21,000","0","4","2013","첨단연신로 166","202604~202804","신규","-","","","아파트"
"19","광주광역시 광산구 신가동","1202","1202","0000","아름마을휴먼시아3단지","월세","46.9000","202602","23","4,463","8","11","2009","하남대로261번길 11","202603~202802","갱신","-","4,201","6","아파트"
"20","광주광역시 광산구 월계동","763-6","0763","0006","호반2차","전세","59.8200","202602","23","13,000","0","1","1997","월계로 59","202603~202803","신규","-","","","아파트"
"21","광주광역시 북구 운암동","366-2","0366","0002","운암동롯데캐슬3단지","월세","59.8159","202602","23","2,000","70","11","2006","서강로54번길 32","202605~202805","신규","-","","","아파트"
"22","광주광역시 광산구 월계동","764-5","0764","0005","첨단라인2차","월세","60.0000","202602","23","7,200","35","4","1995","월계로 109","202603~202803","신규","-","","","아파트"
"23","광주광역시 광산구 우산동","1621","1621","0000","세계수영선수촌 중흥에스-클래스 센트럴","월세","84.9276","202602","23","3,000","95","21","2020","금봉로 106","202603~202803","신규","-","","","아파트"
"24","광주광역시 광산구 신가동","1202","1202","0000","아름마을휴먼시아3단지","월세","46.9000","202602","23","4,463","8","11","2009","하남대로261번길 11","202603~202802","갱신","-","4,326","7","아파트"
"25","광주광역시 광산구 신가동","1202","1202","0000","아름마을휴먼시아3단지","월세","46.9000","202602","23","2,863","16","3","2009","하남대로261번길 11","202603~202802","갱신","-","2,863","15","아파트"
"26","광주광역시 광산구 월계동","761-3","0761","0003","첨단라인6","전세","76.5000","202602","23","19,700","0","2","1997","임방울대로 673-21","202603~202803","신규","-","","","아파트"
"27","광주광역시 광산구 월곡동","538-2","0538","0002","하남부영","전세","60.0000","202602","23","7,633","0","3","1992","사암로 251","202603~202703","신규","-","","","아파트"
"28","광주광역시 광산구 월곡동","538-2","0538","0002","하남부영","전세","60.0000","202602","23","7,633","0","8","1992","사암로 251","202604~202704","신규","-","","","아파트"
"29","광주광역시 광산구 장덕동","1037","1037","0000","광주수완7신완마을휴먼시아","월세","46.9800","202602","23","2,724","15","11","2011","풍영로329번길 50","202603~202802","신규","-","","","아파트"
"30","광주광역시 서구 금호동","1117","1117","0000","위파크마륵공원","전세","135.8818","202602","22","62,000","0","5","2025","서광주로106번길 39","202603~202903","신규","-","","","아파트"
"31","광주광역시 서구 화정동","1610","1610","0000","유니버시아드힐스테이트2단지","전세","84.9700","202602","22","30,000","0","9","2016","화정로 211","202604~202804","신규","-","","","아파트"
"32","광주광역시 북구 연제동","1119","1119","0000","힐스테이트연제","전세","84.9934","202602","22","32,000","0","16","2020","양일1로 31","202605~202805","신규","-","","","아파트"
"33","광주광역시 북구 용봉동","17-2","0017","0002","성산","월세","80.2500","202602","22","1,000","40","4","1985","효산로 11","202603~202803","신규","-","","","아파트"
"34","광주광역시 광산구 비아동","152-5","0152","0005","호반","전세","37.8300","202602","22","6,500","0","6","1998","비아로 185","202603~202803","신규","-","","","아파트"
"35","광주광역시 광산구 월계동","764-3","0764","0003","호반1차","월세","59.9700","202602","21","9,000","10","4","1995","월계로 117-35","202603~202803","신규","-","","","아파트"
"36","광주광역시 광산구 월계동","893-1","0893","0001","무들에코클래스","월세","19.9836","202602","21","1,000","32","6","2014","임방울대로826번길 60-5","202602~202802","신규","-","","","아파트"
"37","광주광역시 북구 삼각동","171","0171","0000","삼각동혁신타운","월세","35.9400","202602","21","500","35","6","1997","우치로383번길 3","202602~202702","신규","-","","","아파트"
"38","광주광역시 광산구 선암동","869","0869","0000","어등산진아리채리버필드","전세","79.0078","202602","21","30,000","0","13","2025","선운중앙로 82","202604~202804","신규","-","","","아파트"
"39","광주광역시 북구 운암동","1783","1783","0000","중외공원모아미래도","전세","68.1704","202602","21","25,000","0","18","2022","서강로 171","202606~202806","신규","-","","","아파트"
"40","광주광역시 광산구 쌍암동","676-3","0676","0003","첨단센트럴파크2차","월세","41.8300","202602","21","1,000","58","8","2018","첨단중앙로170번길 87","202602~202706","신규","-","","","아파트"
"41","광주광역시 북구 풍향동","808","0808","0000","교대금호어울림","전세","84.9740","202602","21","29,400","0","10","2017","군왕로 17","202603~202802","갱신","사용","28,000","0","아파트"
"42","광주광역시 북구 풍향동","808","0808","0000","교대금호어울림","전세","84.9740","202602","21","29,400","0","10","2017","군왕로 17","202603~202802","갱신","-","28,000","0","아파트"
"43","광주광역시 북구 두암동","329","0329","0000","반석힐라아파트","월세","31.7700","202602","21","300","38","8","2000","군왕로51번길 39","202602~202802","신규","-","","","아파트"
"44","광주광역시 북구 두암동","329","0329","0000","반석힐라아파트","월세","31.7700","202602","21","1,000","36","11","2000","군왕로51번길 39","202602~202802","신규","-","","","아파트"
"45","광주광역시 북구 연제동","1119","1119","0000","힐스테이트연제","월세","84.9934","202602","21","5,000","120","17","2020","양일1로 31","202604~202804","신규","-","","","아파트"
"46","광주광역시 광산구 수완동","1486","1486","0000","모아엘가","전세","84.9331","202602","21","45,000","0","14","2009","수완로33번길 76","202603~202803","신규","-","","","아파트"
"47","광주광역시 광산구 월계동","765-6","0765","0006","첨단남양파크","월세","59.9200","202602","21","9,975","10","5","1996","월계로 137","202602~202802","갱신","-","9,975","0","아파트"
"48","광주광역시 광산구 장덕동","1115","1115","0000","수완루아채","전세","84.2801","202602","21","22,000","0","16","2008","풍영로 294-8","202603~202703","갱신","-","21,000","0","아파트"
"49","광주광역시 북구 임동","887","0887","0000","S-클래스더제니스","월세","106.3159","202602","21","5,000","170","13","2024","천변우로 227","202605~202805","신규","-","","","아파트"
"50","광주광역시 남구 행암동","530","0530","0000","효천2지구중흥S-클래스","월세","84.9933","202602","21","3,000","110","2","2015","효우로 332-11","202603~202803","신규","-","","","아파트"
"51","광주광역시 서구 금호동","813","0813","0000","대주파크빌","월세","59.9900","202602","21","2,000","55","1","2000","화개1로24번길 9","202602~202802","신규","-","","","아파트"
"52","광주광역시 서구 치평동","1174-3","1174","0003","라인동산","전세","59.8700","202602","21","18,300","0","17","1999","상무평화로 64","202604~202804","신규","-","","","아파트"
"53","광주광역시 서구 금호동","787","0787","0000","중흥","전세","59.4600","202602","21","15,300","0","2","2000","마재로 21","202604~202803","신규","-","","","아파트"
"54","광주광역시 서구 화정동","1610","1610","0000","유니버시아드힐스테이트2단지","전세","84.9700","202602","21","30,000","0","6","2016","화정로 211","202604~202804","신규","-","","","아파트"
"55","광주광역시 서구 치평동","1174-3","1174","0003","라인동산","전세","59.8700","202602","21","17,850","0","19","1999","상무평화로 64","202604~202804","신규","-","","","아파트"
"56","광주광역시 북구 중흥동","822","0822","0000","중흥동동우아스트로아파트","전세","59.9863","202602","20","18,500","0","17","2019","효죽로9번길 53","202602~202802","신규","-","","","아파트"
"57","광주광역시 서구 풍암동","1048","1048","0000","중흥호반","전세","59.8800","202602","20","13,500","0","2","2000","풍암순환로 14","202603~202803","갱신","사용","13,000","0","아파트"
"58","광주광역시 남구 방림동","584","0584","0000","오네뜨하이브","전세","84.6550","202602","20","32,000","0","3","2025","용대로 163","202605~202805","신규","-","","","아파트"
"59","광주광역시 남구 주월동","1312","1312","0000","봉선로남해오네뜨","전세","75.0659","202602","20","29,000","0","13","2018","봉선로 42","202607~202807","신규","-","","","아파트"
"60","광주광역시 동구 산수동","716","0716","0000","무등산광신프로그레스","전세","84.9817","202602","20","25,000","0","18","2018","밤실로 100","202606~202806","신규","-","","","아파트"
"61","광주광역시 서구 금호동","741-1","0741","0001","금호시영1단지","월세","49.8600","202602","20","1,500","43","9","1993","운천로 41","202602~202802","신규","-","","","아파트"
"62","광주광역시 서구 금호동","613-6","0613","0006","진흥더블파크","월세","145.2790","202602","20","2,000","150","10","2006","화개중앙로114번길 19","202603~202803","신규","-","","","아파트"
"63","광주광역시 남구 봉선동","1085","1085","0000","봉선3차한국아델리움","전세","84.8768","202602","20","59,000","0","12","2014","제석로80번길 36","202603~202803","신규","-","","","아파트"
"64","광주광역시 서구 금호동","741-1","0741","0001","금호시영1단지","월세","49.8600","202602","20","1,000","40","9","1993","운천로 41","202603~202802","신규","-","","","아파트"
"65","광주광역시 남구 노대동","726","0726","0000","송화마을휴먼시아(진월2블럭주공)","월세","59.8800","202602","20","4,358","24","8","2007","효우로60번길 37","202603~202802","갱신","-","4,150","23","아파트"
"66","광주광역시 남구 임암동","728","0728","0000","효천시티프라디움","월세","84.9948","202602","20","2,000","107","17","2019","효천2로 1","202603~202703","갱신","-","2,000","102","아파트"
"67","광주광역시 동구 선교동","487","0487","0000","광주선교지구1차우방아이유쉘아파트","전세","47.1254","202602","20","14,000","0","7","2023","선교로 38-30","202604~202804","신규","-","","","아파트"
"68","광주광역시 북구 임동","887","0887","0000","S-클래스더제니스","월세","106.3159","202602","20","15,000","120","5","2024","천변우로 227","202603~202803","신규","-","","","아파트"
"69","광주광역시 남구 노대동","825","0825","0000","엘에이치송화마을8단지","월세","36.7200","202602","20","4,516","7","5","2018","노대실로 9","202603~202802","갱신","-","4,444","7","아파트"
"70","광주광역시 서구 화정동","1712","1712","0000","더샵염주센트럴파크","월세","76.9341","202602","20","5,000","125","29","2022","월드컵4강로 27","202603~202803","신규","-","","","아파트"
"71","광주광역시 북구 중흥동","611-10","0611","0010","광주역다사로움","월세","20.7800","202602","20","1,786","8","10","2019","서암대로 268","202602~202803","신규","-","","","아파트"
"72","광주광역시 북구 중흥동","611-10","0611","0010","광주역다사로움","월세","44.8500","202602","20","4,164","22","16","2019","서암대로 268","202603~202802","갱신","-","4,164","22","아파트"
"73","광주광역시 서구 치평동","1171-6","1171","0006","라인대주","월세","59.8700","202602","20","2,000","70","17","1997","치평로 15","202602~202802","신규","-","","","아파트"
"74","광주광역시 북구 신용동","869","0869","0000","힐스테이트신용더리버","월세","84.9900","202602","20","3,000","140","22","2024","빛고을대로 615","202604~202804","신규","-","","","아파트"
"75","광주광역시 북구 문흥동","787-8","0787","0008","주공1","전세","47.0100","202602","20","7,000","0","1","1989","면앙로31번길 7","202603~202803","신규","-","","","아파트"
"76","광주광역시 북구 각화동","608","0608","0000","각화센트럴파크서희스타힐스","전세","84.9796","202602","20","30,000","0","15","2020","동문대로249번길 19","202604~202804","신규","-","","","아파트"
"77","광주광역시 북구 신용동","737","0737","0000","광주첨단2지구사랑으로부영","월세","60.4624","202602","20","2,000","85","10","2013","첨단연신로 166","202605~202805","신규","-","","","아파트"
"78","광주광역시 북구 동림동","1146-1","1146","0001","동림푸른주공","월세","49.2900","202602","20","1,000","52","18","1998","북문대로242번길 50","202603~202702","신규","-","","","아파트"
"79","광주광역시 광산구 월계동","869-2","0869","0002","광주첨단엘에이치3단지","월세","36.7200","202602","20","5,638","8","6","2020","임방울대로800번길 11-5","202602~202802","갱신","-","3,438","19","아파트"
"80","광주광역시 광산구 월계동","765-6","0765","0006","첨단남양파크","전세","59.9200","202602","20","9,000","0","5","1996","월계로 137","202602~202802","갱신","-","9,000","0","아파트"
"81","광주광역시 광산구 월계동","764-4","0764","0004","첨단두산1차","월세","59.8570","202602","20","10,000","25","3","1996","월계로 117-21","202603~202803","신규","-","","","아파트"
"82","광주광역시 광산구 월계동","764-5","0764","0005","첨단라인2차","월세","60.0000","202602","20","1,000","48","2","1995","월계로 109","202603~202803","신규","-","","","아파트"
"83","광주광역시 광산구 도산동","782","0782","0000","호반2차","월세","59.9500","202602","20","700","40","2","1998","송도로162번길 11-6","202602~202712","신규","-","","","아파트"
"84","광주광역시 북구 동림동","1147-1","1147","0001","동림푸른주공3","전세","59.9900","202602","20","12,000","0","3","1997","북문대로242번길 11","202603~202803","갱신","사용","12,000","0","아파트"
"85","광주광역시 광산구 신가동","302-25","0302","0025","중흥2","월세","84.6600","202602","20","3,000","70","12","1998","목련로382번길 79","202602~202802","신규","-","","","아파트"
"86","광주광역시 북구 일곡동","816-3","0816","0003","동아1","월세","99.8600","202602","20","12,000","80","3","1999","우치로537번길 10","202604~202804","신규","-","","","아파트"
"87","광주광역시 광산구 쌍암동","695-1","0695","0001","힐스테이트리버파크","전세","84.8800","202602","20","40,000","0","20","2019","첨단강변로 100","202604~202804","신규","-","","","아파트"
"88","광주광역시 광산구 우산동","1620","1620","0000","국제미소래","전세","68.0249","202602","20","17,160","0","10","2017","용아로 175","202604~202804","신규","-","","","아파트"
"89","광주광역시 광산구 우산동","1625","1625","0000","쌍용더플래티넘광산","월세","76.3293","202602","20","3,000","120","3","2021","우산로107번길 67","202603~202803","신규","-","","","아파트"
"90","광주광역시 광산구 우산동","1621","1621","0000","세계수영선수촌 중흥에스-클래스 센트럴","월세","59.9323","202602","20","4,722","25","4","2020","금봉로 106","202606~202806","갱신","-","4,498","24","아파트"
"91","광주광역시 광산구 선암동","553","0553","0000","선운리버프라임","월세","66.9600","202602","20","7,278","39","17","2017","선운로 65","202603~202709","갱신","-","7,168","37","아파트"
"92","광주광역시 광산구 월곡동","538-2","0538","0002","하남부영","전세","60.0000","202602","20","7,633","0","2","1992","사암로 251","202604~202704","갱신","-","7,596","0","아파트"
"93","광주광역시 광산구 하남동","971","0971","0000","하남3지구모아엘가","전세","84.9966","202602","20","28,000","0","9","2018","단전둘레길 15","202604~202804","신규","-","","","아파트"
"94","광주광역시 광산구 산정동","1056","1056","0000","부영애시앙2차","전세","84.8198","202602","20","23,000","0","9","2008","목련로 41","202605~202805","신규","-","","","아파트"
"95","광주광역시 광산구 장덕동","1037","1037","0000","광주수완7신완마을휴먼시아","월세","39.2500","202602","20","2,096","12","8","2011","풍영로329번길 50","202603~202802","갱신","-","2,035","12","아파트"
"96","광주광역시 광산구 장덕동","1044","1044","0000","광주수완6신완마을휴먼시아","월세","46.9000","202602","19","2,778","15","13","2010","풍영로329번길 51","202603~202802","갱신","-","2,468","14","아파트"
"97","광주광역시 광산구 운남동","771-1","0771","0001","운남주공4단지","전세","59.7600","202602","19","12,000","0","8","1996","목련로273번안길 30","202602~202802","갱신","-","12,000","0","아파트"
"98","광주광역시 광산구 하남동","544","0544","0000","하남2지구다사로움3단지도시형생활주택","월세","36.8863","202602","19","500","35","1","2014","하남대로54번안길 115","202602~202802","신규","-","","","아파트"
"99","광주광역시 광산구 운남동","781-1","0781","0001","운남주공8단지","전세","51.9400","202602","19","12,300","0","1","2000","목련로153번길 143","202603~202803","갱신","사용","12,000","0","아파트"
"100","광주광역시 광산구 월곡동","538-2","0538","0002","하남부영","전세","60.0000","202602","19","7,287","0","4","1992","사암로 251","202604~202704","갱신","-","7,251","0","아파트"
"101","광주광역시 광산구 월곡동","614-1","0614","0001","한성1차","전세","47.0700","202602","19","9,500","0","1","1989","월곡산정로 108","-","-","-","","","아파트"
"102","광주광역시 광산구 월곡동","614-2","0614","0002","한성2차","월세","49.9800","202602","19","1,000","45","7","1991","월곡산정로 96-21","202602~202802","신규","-","","","아파트"
"103","광주광역시 남구 봉선동","1043","1043","0000","모아2단지1차","월세","59.9200","202602","19","3,000","35","2","1988","봉선1로 86","202605~202705","갱신","-","2,500","35","아파트"
"104","광주광역시 서구 동천동","502","0502","0000","동천마을1단지","월세","46.7600","202602","19","2,717","12","11","2005","동천로 25","202603~202802","신규","-","","","아파트"
"105","광주광역시 동구 용산동","747","0747","0000","무등산골드클래스2차","전세","84.1119","202602","19","40,000","0","26","2022","남문로 589","202603~202803","신규","-","","","아파트"
"106","광주광역시 서구 금호동","1117","1117","0000","위파크마륵공원","전세","84.9087","202602","19","45,000","0","1","2025","서광주로106번길 39","202603~202803","신규","-","","","아파트"
"107","광주광역시 서구 금호동","808","0808","0000","금호베스트빌","월세","101.9000","202602","19","10,000","100","2","2001","화개1로78번길 18","202604~202804","신규","-","","","아파트"
"108","광주광역시 남구 방림동","569","0569","0000","방림명지로드힐","전세","84.8820","202602","19","24,000","0","21","2015","대남대로85번길 3","202602~202802","갱신","사용","23,000","0","아파트"
"109","광주광역시 남구 송하동","45-1","0045","0001","삼익","월세","59.9700","202602","19","1,000","40","20","1997","서문대로556번길 6","202602~202802","신규","-","","","아파트"
"110","광주광역시 남구 방림동","571","0571","0000","봉선중길한국아델리움5차아파트","전세","76.5726","202602","19","30,000","0","13","2023","봉선중길 43","202603~202803","신규","-","","","아파트"
"111","광주광역시 북구 임동","634","0634","0000","서림마을다사로움2단지","월세","16.8045","202602","19","2,427","4","17","2021","자동차로 11-9","202602~202801","신규","-","","","아파트"
"112","광주광역시 북구 중흥동","847","0847","0000","제일풍경채센트럴파크2단지","전세","39.9900","202602","19","19,500","0","12","2022","서양로 125","202602~202802","신규","-","","","아파트"
"113","광주광역시 남구 주월동","1328","1328","0000","남구주월골드클래스어반시티","전세","84.3690","202602","19","34,125","0","13","2021","서문대로812번길 4-8","202602~202802","신규","-","","","아파트"
"114","광주광역시 북구 중흥동","611-10","0611","0010","광주역다사로움","월세","20.7800","202602","19","1,786","8","9","2019","서암대로 268","202602~202803","신규","-","","","아파트"
"115","광주광역시 북구 유동","141","0141","0000","금남로대광로제비앙","전세","84.7468","202602","19","30,000","0","11","2022","서림로 153","202604~202804","신규","-","","","아파트"
"116","광주광역시 남구 행암동","598","0598","0000","효천남해오네뜨2단지","전세","74.9700","202602","19","23,000","0","12","2014","효우2로 45","202603~202803","신규","-","","","아파트"
"117","광주광역시 서구 광천동","895","0895","0000","e편한세상","전세","113.7384","202602","19","35,000","0","10","2010","화운로 278","202604~203004","신규","-","","","아파트"
"118","광주광역시 서구 화정동","1611","1611","0000","유니버시아드힐스테이트1단지","월세","84.9800","202602","19","3,000","120","12","2016","화운로 94","202602~202702","신규","-","","","아파트"
"119","광주광역시 서구 금호동","742-2","0742","0002","금호시영5단지","월세","39.7800","202602","19","1,000","38","2","1994","운천로32번길 7","202603~202802","신규","-","","","아파트"
"120","광주광역시 동구 계림동","1827","1827","0000","그랜드센트럴","전세","59.9055","202602","19","26,250","0","24","2020","경양로 234","202603~202803","갱신","-","25,000","0","아파트"
"121","광주광역시 남구 진월동","388","0388","0000","호반","월세","32.1600","202602","19","300","35","3","1999","금당로2길 4-13","202602~202802","신규","-","","","아파트"
"122","광주광역시 북구 두암동","329","0329","0000","반석힐라아파트","월세","31.7700","202602","19","300","33","9","2000","군왕로51번길 39","202602~202702","신규","-","","","아파트"
"123","광주광역시 북구 신안동","351-11","0351","0011","중흥파크맨션","월세","59.3700","202602","19","7,800","10","13","1986","서암대로 66","202604~202804","신규","-","","","아파트"
"124","광주광역시 북구 연제동","1119","1119","0000","힐스테이트연제","전세","84.9934","202602","19","29,400","0","12","2020","양일1로 31","202604~202804","갱신","-","28,000","0","아파트"
"125","광주광역시 광산구 우산동","1633","1633","0000","무진로진아리채리버뷰","전세","84.9629","202602","19","35,000","0","5","2022","풍영철길로 46","202604~202804","신규","-","","","아파트"
"126","광주광역시 광산구 월계동","757-8","0757","0008","일신","전세","92.2050","202602","19","17,000","0","12","1995","첨단중앙로181번길 42-14","202604~202803","신규","-","","","아파트"
"127","광주광역시 광산구 우산동","1594-2","1594","0002","MaruHiII","월세","20.7468","202602","19","300","38","10","2014","무진대로 278-12","202602~202702","신규","-","","","아파트"
"128","광주광역시 광산구 소촌동","874","0874","0000","소촌동지오스테이션아파트","전세","67.4527","202602","19","16,700","0","10","2015","송정공원로11번길 50-3","202602~202802","갱신","-","16,000","0","아파트"
"129","광주광역시 광산구 우산동","1594-2","1594","0002","MaruHiII","월세","20.7468","202602","19","300","38","7","2014","무진대로 278-12","202602~202702","신규","-","","","아파트"
"130","광주광역시 광산구 도산동","1281-5","1281","0005","서라","월세","59.3100","202602","19","500","40","8","1997","남동길48번길 15","202602~202802","갱신","사용","500","40","아파트"
"131","광주광역시 광산구 우산동","1594-2","1594","0002","MaruHiII","월세","20.7468","202602","19","0","40","10","2014","무진대로 278-12","202604~202703","갱신","-","0","40","아파트"
"132","광주광역시 광산구 우산동","1621","1621","0000","세계수영선수촌 중흥에스-클래스 센트럴","전세","75.9493","202602","19","24,000","0","2","2020","금봉로 106-2","202603~202612","신규","-","","","아파트"
"133","광주광역시 광산구 우산동","1594-2","1594","0002","MaruHiII","월세","20.7468","202602","19","300","35","7","2014","무진대로 278-12","202604~202703","갱신","-","300","35","아파트"
"134","광주광역시 북구 문흥동","1011-1","1011","0001","중흥파크맨션2","월세","59.9700","202602","19","11,000","15","14","1994","문산로 30","202604~202804","신규","-","","","아파트"
"135","광주광역시 광산구 우산동","1572-2","1572","0002","하남우미","월세","49.1400","202602","19","500","55","8","1992","월곡산정로 40","202602~202802","신규","-","","","아파트"
"136","광주광역시 광산구 쌍암동","660-7","0660","0007","에이엠시티4차","월세","22.1404","202602","19","300","40","8","2014","첨단중앙로152번길 17-6","202602~202702","신규","-","","","아파트"
"137","광주광역시 북구 두암동","968-1","0968","0001","율곡타운(주공1)","월세","41.8500","202602","19","500","37","5","1993","삼정로 7","202602~202802","신규","-","","","아파트"
"138","광주광역시 서구 광천동","895","0895","0000","e편한세상","전세","134.5698","202602","18","38,000","0","4","2010","화운로 278","202602~202802","신규","-","","","아파트"
"139","광주광역시 북구 임동","340","0340","0000","임동리버파크","전세","59.9100","202602","18","14,250","0","5","2005","천변우로 11","202604~202804","신규","-","","","아파트"
"140","광주광역시 북구 중흥동","836","0836","0000","제일풍경채센트럴파크1단지","전세","84.8800","202602","15","33,500","0","11","2022","우치로40번길 25","202602~202802","갱신","사용","32,000","0","아파트"
"141","광주광역시 서구 치평동","1159","1159","0000","상무1차우미","월세","59.8800","202602","15","2,000","50","3","1998","상무공원로 35","202602~202802","신규","-","","","아파트"
"142","광주광역시 동구 금남로5가","154-1","0154","0001","AM-City하이클래스","월세","15.1697","202602","15","500","35","8","2014","금남로 185","202602~202702","신규","-","","","아파트"
"143","광주광역시 서구 금호동","787","0787","0000","중흥","전세","59.4600","202602","15","15,500","0","14","2000","마재로 21","202604~202804","신규","-","","","아파트"
"144","광주광역시 북구 우산동","835","0835","0000","무등산자이앤어울림1단지","전세","39.9687","202602","15","21,200","0","17","2025","서양로 155","202603~202803","갱신","-","21,200","0","아파트"
"145","광주광역시 광산구 쌍암동","695-1","0695","0001","힐스테이트리버파크","전세","84.8800","202602","15","44,000","0","30","2019","첨단강변로 100","202602~202802","갱신","사용","44,000","0","아파트"
"146","광주광역시 북구 운암동","1038-1","1038","0001","일신2","월세","59.8200","202602","15","800","50","10","1991","북문대로159번길 39","202602~202802","신규","-","","","아파트"
"147","광주광역시 북구 동림동","1330","1330","0000","운암산코오롱하늘채","전세","63.4644","202602","14","26,000","0","12","2018","동배마을길 29","202604~202803","갱신","사용","25,000","0","아파트"
"148","광주광역시 북구 일곡동","817-5","0817","0005","청솔3차","월세","48.4500","202602","14","5,000","27","7","2000","일곡마을로 225","202603~202803","신규","-","","","아파트"
"149","광주광역시 북구 각화동","608","0608","0000","각화센트럴파크서희스타힐스","전세","84.9796","202602","14","28,300","0","39","2020","동문대로249번길 19","202603~202803","갱신","사용","27,000","0","아파트"
"150","광주광역시 북구 각화동","608","0608","0000","각화센트럴파크서희스타힐스","전세","72.9796","202602","14","23,000","0","27","2020","동문대로249번길 19","202603~202703","갱신","사용","23,000","0","아파트"
"151","광주광역시 광산구 우산동","1621","1621","0000","세계수영선수촌 중흥에스-클래스 센트럴","전세","84.9276","202602","14","28,000","0","5","2020","금봉로 106","202604~202804","신규","-","","","아파트"
"152","광주광역시 북구 오치동","1005","1005","0000","주공","월세","38.6400","202602","14","300","32","9","1992","서하로194번길 15","202603~202803","신규","-","","","아파트"
"153","광주광역시 북구 연제동","1119","1119","0000","힐스테이트연제","전세","84.9934","202602","14","29,000","0","20","2020","양일1로 31","202604~202804","신규","-","","","아파트"
"154","광주광역시 북구 용봉동","1197-1","1197","0001","대신파크맨션","월세","84.5400","202602","14","1,000","65","6","1993","우치로 179","202603~202803","신규","-","","","아파트"
"155","광주광역시 북구 문흥동","787-1","0787","0001","주공","월세","45.7700","202602","14","500","50","4","1990","면앙로31번길 10","202602~202802","신규","-","","","아파트"
"156","광주광역시 광산구 신가동","1199","1199","0000","수완대성베르힐","월세","84.9888","202602","14","5,000","130","20","2013","수등로94번길 31","202604~202804","신규","-","","","아파트"
"157","광주광역시 광산구 신창동","1118","1118","0000","신창3차호반베르디움","전세","84.8581","202602","14","29,500","0","10","2005","신창로161번길 19","202602~202802","신규","-","","","아파트"
"158","광주광역시 북구 각화동","594","0594","0000","힐스테이트각화","전세","79.9219","202602","14","28,000","0","25","2018","군왕로 295","202603~202803","신규","-","","","아파트"
"159","광주광역시 북구 용두동","1130","1130","0000","센트럴시티서희스타힐스","전세","84.9280","202602","14","30,000","0","13","2024","임방울대로1041번길 32-19","202604~202803","신규","-","","","아파트"
"160","광주광역시 광산구 우산동","1571-1","1571","0001","하남주공(2단지)","월세","38.6400","202602","14","300","39","6","1991","월곡산정로 12","202603~202803","신규","-","","","아파트"
"161","광주광역시 북구 삼각동","755-16","0755","0016","모아호반","월세","59.8900","202602","14","2,000","40","1","1995","설죽로370번길 27","202603~202803","신규","-","","","아파트"
"162","광주광역시 북구 신용동","869","0869","0000","힐스테이트신용더리버","전세","84.6000","202602","14","33,000","0","23","2024","빛고을대로 615","202605~202805","신규","-","","","아파트"
"163","광주광역시 북구 동림동","645","0645","0000","삼익","전세","84.8700","202602","14","16,000","0","3","1996","유림로 175","202604~202804","신규","-","","","아파트"
"164","광주광역시 광산구 운남동","794-3","0794","0003","운남주공7단지","전세","49.8300","202602","14","13,500","0","14","2001","목련로153번길 56","202604~202804","신규","-","","","아파트"
"165","광주광역시 동구 계림동","1827","1827","0000","그랜드센트럴","월세","39.8652","202602","14","1,000","80","5","2020","경양로 234","202602~202702","신규","-","","","아파트"
"166","광주광역시 남구 진월동","250-8","0250","0008","삼익세라믹","전세","162.3900","202602","14","27,000","0","12","1994","서문대로 660","202602~202802","갱신","-","27,000","0","아파트"
"167","광주광역시 남구 행암동","530","0530","0000","효천2지구중흥S-클래스","전세","84.9933","202602","14","25,000","0","7","2015","효우로 332-11","202602~202702","갱신","-","27,780","0","아파트"
"168","광주광역시 남구 지석동","443","0443","0000","한일베라체","전세","84.7830","202602","14","15,000","0","9","2008","회재로 211","202603~202803","신규","-","","","아파트"
"169","광주광역시 남구 지석동","444","0444","0000","일진스위트포레","전세","78.3276","202602","14","20,000","0","5","2020","고싸움로164번길 22","202604~202804","신규","-","","","아파트"
"170","광주광역시 남구 지석동","506","0506","0000","힐스테이트지석","월세","84.9892","202602","14","4,000","90","19","2024","포충로 631-8","202603~202803","신규","-","","","아파트"
"171","광주광역시 서구 치평동","1171-4","1171","0004","금호쌍용","전세","84.8160","202602","14","38,000","0","4","1998","치평로 35","202603~202803","신규","-","","","아파트"
"172","광주광역시 동구 계림동","1845","1845","0000","두산위브3차(두산위브더파크)","월세","39.9452","202602","14","1,000","70","4","2021","중앙로290번길 16","202602~202802","신규","-","","","아파트"
"173","광주광역시 남구 봉선동","469-5","0469","0005","금호타운1","월세","84.5200","202602","14","2,000","100","13","1993","봉선로133번길 4","202602~202802","신규","-","","","아파트"
"174","광주광역시 남구 봉선동","1159","1159","0000","봉선동르오네뜨","전세","168.9015","202602","14","92,000","0","8","2023","봉선1로 6","202602~202802","갱신","사용","90,000","0","아파트"
"175","광주광역시 서구 풍암동","1132","1132","0000","우미광장","월세","33.7075","202602","14","1,000","35","6","2000","풍암순환로 183","202603~202802","신규","-","","","아파트"
"176","광주광역시 동구 학동","1012","1012","0000","무등산리버파크","전세","84.7800","202602","14","27,000","0","20","2011","남문로693번길 11","202604~202804","신규","-","","","아파트"
"177","광주광역시 동구 학동","1022","1022","0000","무등산아이파크","전세","84.8412","202602","14","41,000","0","15","2017","남문로753번길 20","202603~202803","신규","-","","","아파트"
"178","광주광역시 서구 마륵동","812","0812","0000","상무양우내안애","전세","84.2343","202602","14","33,000","0","3","2020","백석길 22-14","202604~202804","신규","-","","","아파트"
"179","광주광역시 남구 임암동","881","0881","0000","효천1중흥에스-클래스에코시티","전세","84.9772","202602","14","31,000","0","10","2019","효천2로 12","202603~202803","갱신","-","31,000","0","아파트"
"180","광주광역시 남구 임암동","881","0881","0000","효천1중흥에스-클래스에코시티","전세","84.9772","202602","14","31,000","0","10","2019","효천2로 12","202603~202803","갱신","사용","31,000","0","아파트"
"181","광주광역시 남구 임암동","881","0881","0000","효천1중흥에스-클래스에코시티","전세","84.9772","202602","14","31,000","0","10","2019","효천2로 12","202603~202803","갱신","사용","31,000","0","아파트"
"182","광주광역시 남구 주월동","1320","1320","0000","양우내안애프레스티지","월세","84.6929","202602","14","5,000","125","9","2021","대남대로223번길 10","202602~202802","신규","-","","","아파트"
"183","광주광역시 서구 금호동","1117","1117","0000","위파크마륵공원","전세","84.9095","202602","14","44,000","0","8","2025","서광주로106번길 39","202603~202803","신규","-","","","아파트"
"184","광주광역시 남구 주월동","1320","1320","0000","양우내안애프레스티지","전세","77.7273","202602","14","32,000","0","20","2021","대남대로223번길 10","202603~202803","신규","-","","","아파트"
"185","광주광역시 남구 주월동","1312","1312","0000","봉선로남해오네뜨","월세","84.8298","202602","14","7,000","100","17","2018","봉선로 42","202602~202802","신규","-","","","아파트"
"186","광주광역시 서구 화정동","1712","1712","0000","더샵염주센트럴파크","월세","76.9612","202602","14","15,000","65","4","2022","월드컵4강로 27","202604~202804","신규","-","","","아파트"
"187","광주광역시 서구 화정동","440","0440","0000","화정우미","월세","59.9400","202602","13","9,500","30","15","1996","염화로31번길 23","202603~202803","신규","-","","","아파트"
"188","광주광역시 서구 마륵동","812","0812","0000","상무양우내안애","월세","84.6701","202602","13","5,000","120","10","2020","백석길 22-14","202604~202804","신규","-","","","아파트"
"189","광주광역시 동구 학동","768","0768","0000","평화맨션","전세","84.5100","202602","13","15,000","0","12","1984","학소로 125","202603~202803","신규","-","","","아파트"
"190","광주광역시 남구 진월동","470-1","0470","0001","삼익세라믹2차","월세","59.4000","202602","13","500","45","11","1999","서문대로654번길 24","202602~202802","신규","-","","","아파트"
"191","광주광역시 동구 금남로5가","154-1","0154","0001","AM-City하이클래스","월세","17.6700","202602","13","500","40","13","2014","금남로 185","202602~202702","신규","-","","","아파트"
"192","광주광역시 북구 중흥동","611-10","0611","0010","광주역다사로움","월세","36.4800","202602","13","4,603","7","4","2019","서암대로 268","202605~202804","갱신","-","4,603","7","아파트"
"193","광주광역시 남구 봉선동","1092","1092","0000","봉선동제일풍경채엘리트파크","전세","84.9639","202602","13","55,000","0","3","2016","제석로80번길 5","202603~202803","신규","-","","","아파트"
"194","광주광역시 서구 금호동","787","0787","0000","중흥","월세","59.5500","202602","13","2,000","60","8","2000","마재로 21","202602~202802","신규","-","","","아파트"
"195","광주광역시 서구 금호동","1117","1117","0000","위파크마륵공원","전세","84.9112","202602","13","47,000","0","17","2025","서광주로106번길 39","202602~202803","신규","-","","","아파트"
"196","광주광역시 북구 임동","887","0887","0000","S-클래스더제니스","전세","59.7870","202602","13","32,000","0","31","2024","천변우로 227","202603~202803","신규","-","","","아파트"
"197","광주광역시 서구 금호동","1077","1077","0000","EG스위트밸리","전세","84.4390","202602","13","23,000","0","2","2003","화개중앙로87번길 16-1","202603~202803","신규","-","","","아파트"
"198","광주광역시 북구 임동","887","0887","0000","S-클래스더제니스","전세","84.9688","202602","13","30,000","0","36","2024","천변우로 227","202604~202804","갱신","사용","30,000","0","아파트"
"199","광주광역시 동구 계림동","1827","1827","0000","그랜드센트럴","전세","119.9360","202602","13","39,000","0","30","2020","경양로 234","202602~202802","갱신","사용","40,000","0","아파트"
"200","광주광역시 북구 중흥동","262-1","0262","0001","전남대모아미래도에듀파크","전세","84.7647","202602","13","30,000","0","17","2023","호동로46번길 16","202604~202802","신규","-","","","아파트"
"201","광주광역시 서구 광천동","896","0896","0000","호반써밋광주","전세","84.9463","202602","13","38,000","0","15","2019","무진대로 919","202602~202802","갱신","사용","41,000","0","아파트"
"202","광주광역시 서구 농성동","702","0702","0000","농성SKVIEWCentral","전세","74.9914","202602","13","30,000","0","19","2019","상무대로1147번길 16","202604~202804","신규","-","","","아파트"
"203","광주광역시 광산구 신가동","1202","1202","0000","아름마을휴먼시아3단지","월세","46.9000","202602","13","2,863","16","7","2009","하남대로261번길 11","202603~202802","신규","-","","","아파트"
"204","광주광역시 북구 양산동","205-6","0205","0006","일신2차","전세","59.9850","202602","13","9,500","0","7","1997","상촌로43번길 30","202602~202702","갱신","-","9,500","0","아파트"
"205","광주광역시 광산구 수완동","1488","1488","0000","우미린1차","월세","84.1244","202602","13","5,000","140","4","2008","수완로33번길 22","202604~202804","신규","-","","","아파트"
"206","광주광역시 광산구 수완동","1488","1488","0000","우미린1차","월세","84.1244","202602","13","5,000","150","14","2008","수완로33번길 22","202602~202802","신규","-","","","아파트"
"207","광주광역시 광산구 비아동","152-5","0152","0005","호반","월세","37.8300","202602","13","300","40","15","1998","비아로 185","202602~202802","신규","-","","","아파트"
"208","광주광역시 광산구 쌍암동","654-2","0654","0002","힐스테이트첨단","전세","84.9481","202602","13","41,000","0","12","2024","첨단중앙로182번길 8","202603~202803","신규","-","","","아파트"
"209","광주광역시 북구 연제동","2-7","0002","0007","광명2차","월세","59.9700","202602","13","2,000","65","12","1998","효열로 13","202603~202803","신규","-","","","아파트"
"210","광주광역시 북구 풍향동","808","0808","0000","교대금호어울림","월세","36.1102","202602","13","3,000","45","7","2017","군왕로 17","202602~202702","신규","-","","","아파트"
"211","광주광역시 북구 두암동","968-1","0968","0001","율곡타운(주공1)","전세","41.8500","202602","13","6,800","0","15","1993","삼정로 7","202602~202802","신규","-","","","아파트"
"212","광주광역시 광산구 산월동","885-3","0885","0003","부영그린타운","전세","84.8512","202602","13","26,000","0","12","2005","산월로 81","202607~202807","신규","-","","","아파트"
"213","광주광역시 북구 용봉동","1074-8","1074","0008","현대","전세","84.8700","202602","13","13,500","0","12","1990","비엔날레로 60","202604~202804","신규","-","","","아파트"
"214","광주광역시 북구 용봉동","1470","1470","0000","휴먼시아","전세","59.9600","202602","13","18,500","0","10","2009","설죽로148번길 10","202602~202802","신규","-","","","아파트"
"215","광주광역시 광산구 선암동","869","0869","0000","어등산진아리채리버필드","전세","79.0014","202602","13","32,000","0","14","2025","선운중앙로 82","202602~202802","신규","-","","","아파트"
"216","광주광역시 북구 일곡동","819-3","0819","0003","청솔4차","전세","48.4500","202602","13","8,000","0","15","2001","일곡마을로 10","202603~202803","신규","-","","","아파트"
"217","광주광역시 북구 동림동","645","0645","0000","삼익","월세","59.9700","202602","13","2,000","55","9","1996","유림로 175","202602~202705","갱신","-","2,000","50","아파트"
"218","광주광역시 북구 동림동","1147-1","1147","0001","동림푸른주공3","월세","59.9900","202602","13","2,500","70","10","1997","북문대로242번길 11","202602~202802","신규","-","","","아파트"
"219","광주광역시 광산구 우산동","1589-3","1589","0003","우산동한국아델리움앤중해마루힐","전세","76.7778","202602","13","25,000","0","2","2018","무진대로 278-11","202603~202803","신규","-","","","아파트"
"220","광주광역시 광산구 월계동","763-3","0763","0003","우미3","월세","59.8300","202602","13","1,000","55","3","1997","첨단내촌로 93","202603~202803","신규","-","","","아파트"
"221","광주광역시 광산구 월곡동","685-1","0685","0001","운남주공10단지","월세","84.8200","202602","13","7,000","80","7","2003","사암로340번길 30","202603~202803","신규","-","","","아파트"
"222","광주광역시 광산구 월곡동","538-2","0538","0002","하남부영","전세","60.0000","202602","13","7,633","0","8","1992","사암로 251","202603~202703","갱신","-","7,433","0","아파트"
"223","광주광역시 광산구 월곡동","614-1","0614","0001","한성1차","월세","47.5400","202602","13","1,000","38","1","1989","월곡산정로 108","202602~202802","신규","-","","","아파트"
"224","광주광역시 광산구 운남동","387-22","0387","0022","삼성","월세","49.5400","202602","12","1,000","56","16","1996","임방울대로 142-12","202602~202802","갱신","-","1,000","40","아파트"
"225","광주광역시 광산구 산정동","1125","1125","0000","어등산대방노블랜드","월세","113.9130","202602","12","5,000","150","17","2013","용아로297번길 17","202602~202802","신규","-","","","아파트"
"226","광주광역시 광산구 장덕동","1044","1044","0000","광주수완6신완마을휴먼시아","월세","46.9000","202602","12","3,278","13","11","2010","풍영로329번길 51","202603~202802","신규","-","","","아파트"
"227","광주광역시 동구 충장로4가","14","0014","0000","충장아트원","월세","18.0000","202602","12","300","33","10","2014","중앙로 179","202602~202702","신규","-","","","아파트"
"228","광주광역시 남구 월산동","1065","1065","0000","반도유보라더퍼스트","전세","84.9789","202602","12","35,000","0","8","2022","구성로8번길 6","202606~202806","신규","-","","","아파트"
"229","광주광역시 남구 월산동","1073","1073","0000","힐스테이트월산","전세","84.9303","202602","12","30,000","0","15","2024","월산로95번길 6","202604~202804","신규","-","","","아파트"
"230","광주광역시 남구 봉선동","1092","1092","0000","봉선동제일풍경채엘리트파크","월세","84.9680","202602","12","10,000","200","19","2016","제석로80번길 5","202602~202802","신규","-","","","아파트"
"231","광주광역시 서구 화정동","1611","1611","0000","유니버시아드힐스테이트1단지","전세","84.9800","202602","12","35,000","0","16","2016","화운로 94","202604~202804","신규","-","","","아파트"
"232","광주광역시 남구 봉선동","1076","1076","0000","포스코더샵","전세","59.8900","202602","12","28,300","0","19","2004","효사랑길 14","202602~202802","갱신","사용","27,000","0","아파트"
"233","광주광역시 서구 농성동","417-22","0417","0022","광천중해마루힐주상복합","전세","84.9727","202602","12","28,520","0","5","2022","내방로 415","202602~202802","갱신","-","27,847","0","아파트"
"234","광주광역시 남구 방림동","579","0579","0000","방림더퍼스트골드클래스","전세","84.6729","202602","12","32,500","0","15","2024","큰방림길 41","202603~202803","갱신","-","29,000","0","아파트"
"235","광주광역시 남구 진월동","514-22","0514","0022","진월동한국아델리움아파트","전세","93.5552","202602","12","38,000","0","9","2005","서문대로627번길 19","202602~202802","갱신","사용","37,000","0","아파트"
"236","광주광역시 동구 계림동","1845","1845","0000","두산위브3차(두산위브더파크)","월세","59.9903","202602","12","10,000","60","3","2021","중앙로290번길 16","202603~202803","신규","-","","","아파트"
"237","광주광역시 동구 계림동","1845","1845","0000","두산위브3차(두산위브더파크)","전세","59.9903","202602","12","27,000","0","16","2021","중앙로290번길 16","202603~202803","갱신","사용","27,000","0","아파트"
"238","광주광역시 북구 임동","887","0887","0000","S-클래스더제니스","월세","106.3159","202602","12","5,000","170","21","2024","천변우로 227","202604~202804","신규","-","","","아파트"
"239","광주광역시 북구 임동","887","0887","0000","S-클래스더제니스","월세","76.8906","202602","12","10,000","85","2","2024","천변우로 227","202603~202803","신규","-","","","아파트"
"240","광주광역시 북구 임동","887","0887","0000","S-클래스더제니스","전세","59.9586","202602","12","30,000","0","24","2024","천변우로 227","202604~202804","신규","-","","","아파트"
"241","광주광역시 동구 용산동","663","0663","0000","용산지구모아엘가에듀파크","전세","84.9024","202602","12","28,350","0","16","2019","용산3길 17","202603~202802","신규","-","","","아파트"
"242","광주광역시 남구 방림동","562","0562","0000","무등산센트럴파크","전세","84.9000","202602","12","28,500","0","12","2009","방림로 31","202604~202804","신규","-","","","아파트"
"243","광주광역시 동구 계림동","1845","1845","0000","두산위브3차(두산위브더파크)","월세","59.9903","202602","12","10,000","60","3","2021","중앙로290번길 16","202603~202803","신규","-","","","아파트"
"244","광주광역시 동구 소태동","1103","1103","0000","무등산골드클래스","월세","39.9979","202602","12","7,230","15","20","2018","학소로 109","202602~202802","갱신","사용","7,000","15","아파트"
"245","광주광역시 북구 용봉동","850","0850","0000","신동아","전세","59.6500","202602","12","13,000","0","4","1998","비엔날레로 112-5","202604~202804","신규","-","","","아파트"
"246","광주광역시 광산구 쌍암동","695-1","0695","0001","힐스테이트리버파크","월세","101.9200","202602","12","1,000","150","6","2019","첨단강변로 100","202602~202604","신규","-","","","아파트"
"247","광주광역시 북구 우산동","835","0835","0000","무등산자이앤어울림1단지","전세","84.9813","202602","12","40,000","0","23","2025","서양로 155","202603~202803","신규","-","","","아파트"
"248","광주광역시 북구 동림동","1330","1330","0000","운암산코오롱하늘채","월세","84.6815","202602","12","5,000","100","17","2018","동배마을길 29","202605~202805","신규","-","","","아파트"
"249","광주광역시 광산구 월계동","764-4","0764","0004","첨단두산1차","전세","59.9970","202602","12","12,000","0","5","1996","월계로 117-21","202605~202805","신규","-","","","아파트"
"250","광주광역시 북구 문흥동","787-8","0787","0008","주공1","전세","39.6900","202602","12","6,000","0","1","1989","면앙로31번길 7","202602~202702","갱신","-","6,000","0","아파트"
"251","광주광역시 북구 삼각동","533","0533","0000","삼각동그린타운","월세","59.8200","202602","12","1,000","60","6","1997","설죽로389번길 70","202603~202803","신규","-","","","아파트"
"252","광주광역시 광산구 소촌동","194-1","0194","0001","성화파인빌","전세","84.9975","202602","12","13,000","0","2","2004","소촌로152번길 53-17","202602~202802","신규","-","","","아파트"
"253","광주광역시 광산구 송정동","754-2","0754","0002","송정뜰안애","월세","16.8123","202602","12","200","32","6","2014","광산로 77-3","202603~202703","신규","-","","","아파트"
"254","광주광역시 북구 오치동","972-1","0972","0001","양지","전세","76.9700","202602","12","8,500","0","4","1979","우치로241번길 34","-","-","-","","","아파트"
"255","광주광역시 북구 신용동","651","0651","0000","한양수자인리버뷰","전세","65.6043","202602","12","26,000","0","4","2014","첨단연신로 184","202602~202802","갱신","사용","26,000","0","아파트"
"256","광주광역시 북구 일곡동","849-1","0849","0001","한일","월세","59.9150","202602","12","2,800","48","3","1997","일곡택지로 60","202602~202702","신규","-","","","아파트"
"257","광주광역시 광산구 월계동","869-2","0869","0002","광주첨단엘에이치3단지","월세","26.9700","202602","12","3,640","6","7","2020","임방울대로800번길 11-5","202603~202802","갱신","-","3,566","6","아파트"
"258","광주광역시 북구 일곡동","817-5","0817","0005","청솔3차","전세","48.4500","202602","12","8,000","0","10","2000","일곡마을로 225","202603~202803","갱신","-","8,000","0","아파트"
"259","광주광역시 북구 일곡동","849-1","0849","0001","한일","월세","59.9150","202602","12","2,800","50","3","1997","일곡택지로 60","202702~202802","갱신","-","2,800","48","아파트"
"260","광주광역시 광산구 쌍암동","686-2","0686","0002","첨단중해마루힐1차주상복합","전세","84.9822","202602","11","25,710","0","24","2020","임방울대로825번길 60-6","202603~202803","갱신","-","25,079","0","아파트"
"261","광주광역시 광산구 쌍암동","695-1","0695","0001","힐스테이트리버파크","월세","84.9500","202602","11","5,000","155","33","2019","첨단강변로 100","202603~202803","신규","-","","","아파트"
"262","광주광역시 북구 양산동","18-3","0018","0003","호반리젠시빌","전세","37.4790","202602","11","7,400","0","10","2000","양산로71번길 33","-","-","-","","","아파트"
"263","광주광역시 북구 일곡동","850-5","0850","0005","호반일신","월세","59.9350","202602","11","2,000","60","10","1997","설죽로 545","202602~202802","신규","-","","","아파트"
"264","광주광역시 광산구 우산동","1620","1620","0000","국제미소래","전세","59.4918","202602","11","15,410","0","16","2017","용아로 175","202603~202803","신규","-","","","아파트"
"265","광주광역시 광산구 우산동","1621","1621","0000","세계수영선수촌 중흥에스-클래스 센트럴","전세","75.9493","202602","11","23,000","0","2","2020","금봉로 106","202604~202804","신규","-","","","아파트"
"266","광주광역시 광산구 우산동","1621","1621","0000","세계수영선수촌 중흥에스-클래스 센트럴","전세","75.9493","202602","11","25,000","0","6","2020","금봉로 106","202602~202708","신규","-","","","아파트"
"267","광주광역시 광산구 우산동","1608-1","1608","0001","우산동AM-City스카이하이","월세","20.1947","202602","11","300","35","12","2014","사암로171번길 110","202602~202702","신규","-","","","아파트"
"268","광주광역시 광산구 우산동","1621","1621","0000","세계수영선수촌 중흥에스-클래스 센트럴","전세","59.9323","202602","11","22,000","0","14","2020","금봉로 106","202604~202804","신규","-","","","아파트"
"269","광주광역시 북구 동림동","1334","1334","0000","동림대광로제비앙","전세","84.9779","202602","11","28,000","0","7","2020","운암산길 48","202603~202803","갱신","사용","27,000","0","아파트"
"270","광주광역시 북구 연제동","31-1","0031","0001","새한A","전세","59.9500","202602","11","7,500","0","7","1996","양산제로 50","202603~202803","갱신","-","7,500","0","아파트"
"271","광주광역시 북구 연제동","31-1","0031","0001","새한A","전세","59.9500","202602","11","7,500","0","7","1996","양산제로 50","202603~202803","갱신","-","7,500","0","아파트"
"272","광주광역시 북구 연제동","31-1","0031","0001","새한A","전세","59.9500","202602","11","7,500","0","7","1996","양산제로 50","202603~202803","갱신","-","7,500","0","아파트"
"273","광주광역시 광산구 신가동","1061","1061","0000","아름마을휴먼시아1단지","월세","46.9000","202602","11","2,915","16","10","2009","수등로123번길 70","202603~202802","갱신","-","2,830","15","아파트"
"274","광주광역시 광산구 월계동","893-2","0893","0002","아크로시티","전세","43.8815","202602","11","9,500","0","6","2016","임방울대로826번길 60-3","202603~202803","신규","-","","","아파트"
"275","광주광역시 광산구 신가동","1202","1202","0000","아름마을휴먼시아3단지","월세","46.9000","202602","11","3,263","13","6","2009","하남대로261번길 11","202603~202802","갱신","-","3,326","11","아파트"
"276","광주광역시 광산구 월계동","759-1","0759","0001","첨단우미1","월세","78.5400","202602","11","1,000","60","1","1995","첨단중앙로181번길 65","202604~202804","신규","-","","","아파트"
"277","광주광역시 광산구 산월동","885-2","0885","0002","호반리젠시빌1","월세","84.3979","202602","11","3,000","90","12","2003","첨단중앙로68번길 60","202606~202805","신규","-","","","아파트"
"278","광주광역시 광산구 쌍암동","686-2","0686","0002","첨단중해마루힐1차주상복합","전세","84.9822","202602","11","25,710","0","17","2020","임방울대로825번길 60-6","202603~202803","갱신","-","25,079","0","아파트"
"279","광주광역시 광산구 쌍암동","686-2","0686","0002","첨단중해마루힐1차주상복합","전세","84.9822","202602","11","25,710","0","24","2020","임방울대로825번길 60-6","202603~202803","갱신","-","25,079","0","아파트"
"280","광주광역시 북구 용봉동","1035","1035","0000","중흥","전세","59.9700","202602","11","13,000","0","14","1995","비엔날레로 107","202608~202812","갱신","-","13,000","0","아파트"
"281","광주광역시 북구 우산동","2-1","0002","0001","은하","월세","56.8500","202602","11","500","35","4","1983","면앙로133번길 37","202602~202802","신규","-","","","아파트"
"282","광주광역시 광산구 쌍암동","686-2","0686","0002","첨단중해마루힐1차주상복합","전세","59.9850","202602","11","18,810","0","12","2020","임방울대로825번길 60-6","202603~202803","갱신","-","18,354","0","아파트"
"283","광주광역시 북구 매곡동","83-1","0083","0001","금호","월세","84.8400","202602","11","4,000","60","2","1995","하백로46번길 10","202603~202803","신규","-","","","아파트"
"284","광주광역시 북구 매곡동","280-1","0280","0001","부림1","월세","59.7900","202602","11","1,000","55","12","1995","하백로46번길 9","202602~202802","신규","-","","","아파트"
"285","광주광역시 북구 매곡동","492","0492","0000","대주피오레","월세","84.9667","202602","11","1,000","60","13","2006","매곡로 93","202602~202802","신규","-","","","아파트"
"286","광주광역시 광산구 선암동","869","0869","0000","어등산진아리채리버필드","전세","79.0014","202602","11","32,000","0","14","2025","선운중앙로 82","-","-","-","","","아파트"
"287","광주광역시 북구 운암동","364-1","0364","0001","운암동롯데캐슬1단지","전세","84.9273","202602","11","25,000","0","6","2006","서강로54번길 11","202604~202804","신규","-","","","아파트"
"288","광주광역시 북구 용두동","1123","1123","0000","첨단진아리채","월세","84.9821","202602","11","10,000","80","12","2020","용두마을2길 12","202603~202803","신규","-","","","아파트"
"289","광주광역시 광산구 쌍암동","695-1","0695","0001","힐스테이트리버파크","전세","101.9200","202602","11","58,000","0","11","2019","첨단강변로 100","202602~202802","신규","-","","","아파트"
"290","광주광역시 북구 용두동","1116","1116","0000","첨단용두산이고운아파트","전세","84.9607","202602","11","29,000","0","6","2018","임방울대로1042번길 17","202604~202804","신규","-","","","아파트"
"291","광주광역시 광산구 월곡동","614-1","0614","0001","한성1차","월세","47.2100","202602","11","300","35","5","1989","월곡산정로 108","202602~202802","신규","-","","","아파트"
"292","광주광역시 서구 금호동","787","0787","0000","중흥","전세","59.5500","202602","11","12,600","0","6","2000","마재로 21","202602~202802","갱신","-","12,000","0","아파트"
"293","광주광역시 서구 치평동","1259-4","1259","0004","상무e-다움골드","월세","17.1728","202602","11","300","38","6","2014","시청로 7","202602~202702","신규","-","","","아파트"
"294","광주광역시 서구 화정동","858-2","0858","0002","럭키","전세","61.8300","202602","11","11,000","0","3","1985","염화로40번길 20","202603~202803","신규","-","","","아파트"
"295","광주광역시 서구 치평동","1259-4","1259","0004","상무e-다움골드","월세","17.1728","202602","11","300","37","14","2014","시청로 7","202602~202702","신규","-","","","아파트"
"296","광주광역시 서구 치평동","1331","1331","0000","상무에스케이뷰","월세","84.9758","202602","11","10,000","100","4","2016","마륵복개로 140","202602~202802","신규","-","","","아파트"
"297","광주광역시 북구 임동","637","0637","0000","임동중흥에스클래스센텀파크","전세","39.9860","202602","11","19,665","0","14","2021","임동로 7","202604~202804","신규","-","","","아파트"
"298","광주광역시 북구 임동","887","0887","0000","S-클래스더제니스","전세","106.3159","202602","11","50,000","0","37","2024","천변우로 227","202603~202803","신규","-","","","아파트"
"299","광주광역시 북구 임동","887","0887","0000","S-클래스더제니스","전세","106.3159","202602","11","50,000","0","37","2024","천변우로 227","202603~202803","신규","-","","","아파트"
"300","광주광역시 서구 동천동","658","0658","0000","동천마을주공6단지","월세","51.8600","202602","11","3,189","17","3","2006","하남대로710번길 5","202603~202802","신규","-","","","아파트"
"301","광주광역시 서구 화정동","1712","1712","0000","더샵염주센트럴파크","월세","84.9596","202602","11","5,000","140","6","2022","월드컵4강로 27","202603~202803","신규","-","","","아파트"
"302","광주광역시 서구 화정동","1612","1612","0000","유니버시아드힐스테이트3단지","전세","59.9900","202602","11","29,000","0","14","2016","화운로 24","202602~203202","신규","-","","","아파트"
"303","광주광역시 남구 주월동","1312","1312","0000","봉선로남해오네뜨","월세","75.0659","202602","11","4,000","85","15","2018","봉선로 42","202602~202802","갱신","사용","4,000","80","아파트"
"304","광주광역시 서구 화정동","859-1","0859","0001","현대(859-1)","월세","60.0000","202602","11","1,000","50","6","1987","월드컵4강로 22","202602~202802","신규","-","","","아파트"
"305","광주광역시 동구 계림동","1869","1869","0000","계림아이파크에스케이뷰","월세","62.9856","202602","11","5,000","95","6","2022","필문대로 70","202604~202804","신규","-","","","아파트"
"306","광주광역시 남구 백운동","686","0686","0000","광주백운3휴먼시아","월세","51.8800","202602","11","2,536","24","1","2011","백운로 100","202602~202709","갱신","-","3,536","21","아파트"
"307","광주광역시 서구 화정동","1712","1712","0000","더샵염주센트럴파크","월세","59.9449","202602","11","3,000","105","6","2022","월드컵4강로 27","202603~202803","신규","-","","","아파트"
"308","광주광역시 서구 금호동","1117","1117","0000","위파크마륵공원","전세","84.9087","202602","11","45,000","0","1","2025","서광주로106번길 39","202603~202803","신규","-","","","아파트"
"309","광주광역시 서구 화정동","1712","1712","0000","더샵염주센트럴파크","전세","84.9236","202602","11","43,000","0","13","2022","월드컵4강로 27","202604~202804","신규","-","","","아파트"
"310","광주광역시 동구 금남로5가","154-1","0154","0001","AM-City하이클래스","월세","15.1697","202602","11","300","35","7","2014","금남로 185","202602~202702","신규","-","","","아파트"
"311","광주광역시 남구 봉선동","984","0984","0000","모아1단지1차","월세","59.4000","202602","11","1,000","45","3","1986","봉선중앙로 115","202602~202802","신규","-","","","아파트"
"312","광주광역시 북구 중흥동","611-10","0611","0010","광주역다사로움","월세","36.4800","202602","11","3,276","16","5","2019","서암대로 268","202605~202804","갱신","-","3,276","16","아파트"
"313","광주광역시 남구 봉선동","1142-12","1142","0012","송림","월세","79.7000","202602","11","1,000","50","6","1984","봉선로19번길 18","202602~202702","신규","-","","","아파트"
"314","광주광역시 남구 봉선동","23-3","0023","0003","무등파크3차(1단지)","월세","84.7300","202602","11","1,000","80","9","1992","용대로 90-1","202602~202702","신규","-","","","아파트"
"315","광주광역시 남구 봉선동","5","0005","0000","명지맨션","전세","41.9300","202602","11","8,000","0","10","1988","용대로 128","-","-","-","","","아파트"
"316","광주광역시 남구 봉선동","128","0128","0000","삼익2","전세","84.9600","202602","11","15,000","0","15","1991","봉선로175번길 6","202602~202802","갱신","사용","15,000","0","아파트"
"317","광주광역시 서구 유촌동","871","0871","0000","상무버들마을주공2","전세","59.9700","202602","11","15,000","0","13","1999","상무버들로 15","202602~202802","신규","-","","","아파트"
"318","광주광역시 서구 치평동","1249","1249","0000","상무광명메이루즈","전세","67.6269","202602","10","26,000","0","16","2016","시청로 27","202602~202802","신규","-","","","아파트"
"319","광주광역시 서구 치평동","1218","1218","0000","상무지구리채시티","월세","20.0778","202602","10","300","40","14","2014","시청로 71","202602~202702","신규","-","","","아파트"
"320","광주광역시 서구 치평동","1249","1249","0000","상무광명메이루즈","전세","67.6269","202602","10","26,000","0","16","2016","시청로 27","202602~202802","신규","-","","","아파트"
"321","광주광역시 서구 화정동","1612","1612","0000","유니버시아드힐스테이트3단지","전세","59.9900","202602","10","29,000","0","5","2016","화운로 24","202603~202803","신규","-","","","아파트"
"322","광주광역시 동구 계림동","1869","1869","0000","계림아이파크에스케이뷰","전세","39.9110","202602","10","19,800","0","15","2022","필문대로 70","202602~202802","신규","-","","","아파트"
"323","광주광역시 서구 풍암동","1127","1127","0000","주은모아","전세","59.7000","202602","10","15,400","0","18","2000","풍암2로 36","202604~202804","갱신","-","15,400","0","아파트"
"324","광주광역시 서구 화정동","858-1","0858","0001","우성2","전세","51.4400","202602","10","10,000","0","3","1987","염화로40번길 6","202603~202803","갱신","사용","10,000","0","아파트"
"325","광주광역시 남구 노대동","825","0825","0000","엘에이치송화마을8단지","월세","36.7200","202602","10","5,399","11","5","2018","노대실로 9","202603~202802","갱신","-","4,683","7","아파트"
"326","광주광역시 북구 임동","887","0887","0000","S-클래스더제니스","전세","76.8231","202602","10","25,000","0","39","2024","천변우로 227","202603~202803","신규","-","","","아파트"
"327","광주광역시 서구 화정동","858-1","0858","0001","우성2","전세","51.4400","202602","10","9,000","0","12","1987","염화로40번길 6","202603~202803","신규","-","","","아파트"
"328","광주광역시 서구 화정동","1610","1610","0000","유니버시아드힐스테이트2단지","전세","84.9700","202602","10","31,500","0","12","2016","화정로 211","202602~202802","갱신","사용","30,000","0","아파트"
"329","광주광역시 남구 봉선동","127-15","0127","0015","무등파크2","전세","84.7300","202602","10","16,800","0","20","1992","봉선2로 96-14","202602~202802","갱신","사용","16,000","0","아파트"
"330","광주광역시 남구 진월동","499-68","0499","0068","진월동풍림아파트","월세","74.2500","202602","10","4,000","70","1","2000","화산로31번안길 2","202603~202803","신규","-","","","아파트"
"331","광주광역시 남구 진월동","277","0277","0000","한신2","월세","59.9800","202602","10","2,000","50","3","1997","서문대로701번길 21","202603~202802","신규","-","","","아파트"
"332","광주광역시 동구 수기동","22","0022","0000","고운하이츠(22-0)","월세","29.8170","202602","10","1,000","45","7","2011","천변우로 329-10","202603~202803","신규","-","","","아파트"
"333","광주광역시 동구 선교동","487","0487","0000","광주선교지구1차우방아이유쉘아파트","전세","47.1254","202602","10","14,000","0","5","2023","선교로 38-30","202602~202802","신규","-","","","아파트"
"334","광주광역시 남구 임암동","728","0728","0000","효천시티프라디움","월세","84.9948","202602","10","4,500","100","15","2019","효천2로 1","202602~202712","갱신","사용","4,500","90","아파트"
"335","광주광역시 서구 풍암동","1048","1048","0000","중흥호반","월세","59.8800","202602","10","2,000","55","1","2000","풍암순환로 14","202603~202803","신규","-","","","아파트"
"336","광주광역시 동구 학동","1022","1022","0000","무등산아이파크","월세","39.9183","202602","10","2,000","100","5","2017","남문로753번길 20","202602~202802","신규","-","","","아파트"
"337","광주광역시 남구 봉선동","985","0985","0000","라인광장1","전세","59.9300","202602","10","9,500","0","1","1987","봉선중앙로 103","202603~202803","신규","-","","","아파트"
"338","광주광역시 서구 농성동","417-22","0417","0022","광천중해마루힐주상복합","전세","84.7802","202602","10","28,520","0","4","2022","내방로 415","202602~202802","갱신","-","27,847","0","아파트"
"339","광주광역시 남구 행암동","530","0530","0000","효천2지구중흥S-클래스","전세","113.1205","202602","10","33,600","0","5","2015","효우로 332-11","202602~202802","갱신","사용","32,000","0","아파트"
"340","광주광역시 동구 산수동","715","0715","0000","라도스하임","전세","84.6855","202602","10","20,000","0","13","2017","필문대로192번길 21","202602~202604","갱신","-","20,000","0","아파트"
"341","광주광역시 북구 임동","887","0887","0000","S-클래스더제니스","월세","59.7870","202602","10","3,000","84","34","2024","천변우로 227","202603~202803","갱신","사용","3,000","80","아파트"
"342","광주광역시 서구 유촌동","871","0871","0000","상무버들마을주공2","월세","49.7400","202602","10","11,000","2","9","1999","상무버들로 15","202603~202803","신규","-","","","아파트"
"343","광주광역시 북구 양산동","101","0101","0000","청암프로스빌","전세","59.9700","202602","10","9,000","0","6","1998","자라봉로 33","202603~202803","갱신","사용","9,000","0","아파트"
"344","광주광역시 북구 양산동","209-17","0209","0017","동남맨션2","전세","59.7000","202602","10","8,370","0","11","1991","상촌로15번길 2","202603~202803","갱신","-","8,370","0","아파트"
"345","광주광역시 광산구 수완동","933","0933","0000","현진에버빌1단지","전세","129.7900","202602","10","54,000","0","17","2009","장덕로 138","202606~202806","갱신","사용","54,000","0","아파트"
"346","광주광역시 북구 용봉동","1225-1","1225","0001","삼원맨션","월세","59.9400","202602","10","600","55","8","1991","용주로30번길 16","202602~202802","신규","-","","","아파트"
"347","광주광역시 광산구 신가동","1061","1061","0000","아름마을휴먼시아1단지","월세","46.9000","202602","10","1,085","16","5","2009","수등로123번길 70","202602~202803","신규","-","","","아파트"
"348","광주광역시 광산구 신가동","963-1","0963","0001","신가주공1차","월세","59.6400","202602","10","2,293","10","6","2002","수등로 204","202603~202802","신규","-","","","아파트"
"349","광주광역시 광산구 우산동","1620","1620","0000","국제미소래","전세","59.4918","202602","10","14,870","0","1","2017","용아로 175","202603~202803","신규","-","","","아파트"
"350","광주광역시 광산구 우산동","1620","1620","0000","국제미소래","전세","59.4918","202602","10","15,410","0","4","2017","용아로 175","202604~202804","신규","-","","","아파트"
"351","광주광역시 광산구 우산동","1571-1","1571","0001","하남주공(2단지)","월세","44.5200","202602","10","4,000","15","14","1991","월곡산정로 12","-","-","-","","","아파트"
"352","광주광역시 광산구 선암동","540","0540","0000","광주선운휴먼시아","월세","51.5200","202602","10","4,611","13","8","2011","선운중앙로 68","202603~202802","갱신","-","4,450","12","아파트"
"353","광주광역시 광산구 쌍암동","694-116","0694","0116","한양에드가303동","전세","24.8708","202602","10","5,300","0","9","2013","임방울대로826번길 55","202602~202802","신규","-","","","아파트"
"354","광주광역시 광산구 쌍암동","686-2","0686","0002","첨단중해마루힐1차주상복합","전세","59.9173","202602","10","19,580","0","5","2020","임방울대로825번길 60-6","202603~202803","갱신","-","19,099","0","아파트"
"355","광주광역시 광산구 쌍암동","686-2","0686","0002","첨단중해마루힐1차주상복합","전세","84.9822","202602","10","25,710","0","16","2020","임방울대로825번길 60-6","202603~202803","갱신","-","25,079","0","아파트"
"356","광주광역시 북구 신용동","643-1","0643","0001","용두주공","전세","59.9900","202602","10","14,000","0","5","1998","임방울대로1041번길 15","202605~202805","신규","-","","","아파트"
"357","광주광역시 북구 문흥동","787-1","0787","0001","주공","월세","59.3900","202602","10","500","48","11","1990","면앙로31번길 10","202602~202704","갱신","-","500","48","아파트"
"358","광주광역시 북구 문흥동","919","0919","0000","대주1","전세","48.3300","202602","10","6,390","0","13","1988","평교로 42","-","-","-","","","아파트"
"359","광주광역시 광산구 흑석동","518","0518","0000","중흥에스-클래스2단지","전세","84.9684","202602","10","34,500","0","7","2008","풍영로145번길 15","202602~202709","갱신","-","33,000","0","아파트"
"360","광주광역시 광산구 월곡동","538-2","0538","0002","하남부영","전세","60.0000","202602","10","7,633","0","9","1992","사암로 251","202602~202702","갱신","-","7,596","0","아파트"
"361","광주광역시 광산구 월곡동","614-1","0614","0001","한성1차","월세","47.2100","202602","10","500","55","2","1988","월곡산정로 108","202602~202802","신규","-","","","아파트"
"362","광주광역시 광산구 월곡동","614-1","0614","0001","한성1차","월세","47.2100","202602","09","1,000","30","1","1989","월곡산정로 108","202602~202802","신규","-","","","아파트"
"363","광주광역시 광산구 월곡동","614-1","0614","0001","한성1차","월세","49.3200","202602","09","500","40","1","1989","월곡산정로 108","202602~202902","신규","-","","","아파트"
"364","광주광역시 서구 풍암동","1048","1048","0000","중흥호반","전세","59.4600","202602","09","14,000","0","9","2000","풍암순환로 10","202602~202709","갱신","-","14,000","0","아파트"
"365","광주광역시 동구 소태동","690","0690","0000","NK아이리스1차","전세","19.4177","202602","09","1,000","0","5","2012","소태길 16","202602~202702","신규","-","","","아파트"
"366","광주광역시 남구 방림동","562","0562","0000","무등산센트럴파크","전세","84.8200","202602","09","26,000","0","2","2009","방림로 31","202602~202802","신규","-","","","아파트"
"367","광주광역시 남구 방림동","556-1","0556","0001","라인효친1","월세","59.3100","202602","09","1,000","40","11","1989","용대로 131","202602~202802","신규","-","","","아파트"
"368","광주광역시 남구 백운동","686","0686","0000","광주백운3휴먼시아","월세","51.8800","202602","09","3,537","21","9","2011","백운로 100","202603~202802","신규","-","","","아파트"
"369","광주광역시 남구 행암동","539","0539","0000","효천엘에이치천년나무6단지아파트","월세","51.8700","202602","09","1,500","60","5","2016","효우2로 90","202603~202709","신규","-","","","아파트"
"370","광주광역시 남구 봉선동","533-5","0533","0005","라인3","전세","59.9700","202602","09","18,000","0","2","1997","제석로80번길 22-3","202602~202802","신규","-","","","아파트"
"371","광주광역시 남구 봉선동","470","0470","0000","삼익1","월세","84.9600","202602","09","3,000","100","9","1990","봉선중앙로 46","202604~202804","신규","-","","","아파트"
"372","광주광역시 남구 봉선동","1135","1135","0000","봉선로광명메이루즈","전세","84.6448","202602","09","25,000","0","13","2014","봉선로 37","202603~202803","신규","-","","","아파트"
"373","광주광역시 남구 봉선동","1043","1043","0000","모아2단지1차","전세","59.9200","202602","09","12,000","0","4","1988","봉선1로 86","202602~202702","갱신","-","12,000","0","아파트"
"374","광주광역시 남구 봉선동","1089","1089","0000","봉선지웰","전세","84.8100","202602","09","26,000","0","9","2015","봉선2로 51-1","202603~202803","신규","-","","","아파트"
"375","광주광역시 남구 봉선동","1092","1092","0000","봉선동제일풍경채엘리트파크","전세","84.9680","202602","09","54,500","0","3","2016","제석로80번길 5","202602~202802","갱신","사용","52,000","0","아파트"
"376","광주광역시 서구 화정동","440","0440","0000","화정우미","월세","59.8300","202602","09","1,000","60","12","1996","염화로31번길 23","202603~202803","신규","-","","","아파트"
"377","광주광역시 서구 화정동","23-37","0023","0037","유탑유블레스","월세","19.7906","202602","09","500","35","15","2013","내방로 349","202602~202702","갱신","-","500","35","아파트"
"378","광주광역시 서구 화정동","858-1","0858","0001","우성2","전세","59.0000","202602","09","12,000","0","6","1987","염화로40번길 6","202603~202803","신규","-","","","아파트"
"379","광주광역시 북구 중흥동","822","0822","0000","중흥동동우아스트로아파트","전세","59.9550","202602","09","18,500","0","2","2019","효죽로9번길 53","202604~202804","신규","-","","","아파트"
"380","광주광역시 북구 중흥동","611-10","0611","0010","광주역다사로움","월세","20.7800","202602","09","1,786","8","17","2019","서암대로 268","202602~202803","신규","-","","","아파트"
"381","광주광역시 동구 학동","1022","1022","0000","무등산아이파크","전세","101.8442","202602","09","53,000","0","6","2017","남문로753번길 20","202602~202802","신규","-","","","아파트"
"382","광주광역시 동구 용산동","147-1","0147","0001","호반맨션","월세","59.9600","202602","09","1,000","33","3","1991","화산로 328-6","202602~202802","신규","-","","","아파트"
"383","광주광역시 북구 임동","104-8","0104","0008","한국아델리움2차","전세","107.6685","202602","09","25,000","0","1","2007","천변우로79번길 25","202602~202802","갱신","-","21,000","0","아파트"
"384","광주광역시 북구 유동","141","0141","0000","금남로대광로제비앙","전세","83.9764","202602","09","26,000","0","5","2022","서림로 153","202603~202803","신규","-","","","아파트"
"385","광주광역시 남구 월산동","1065","1065","0000","반도유보라더퍼스트","월세","59.8794","202602","09","3,000","90","21","2022","구성로8번길 6","202603~202803","신규","-","","","아파트"
"386","광주광역시 서구 풍암동","1048","1048","0000","중흥호반","전세","59.4600","202602","09","14,000","0","9","2000","풍암순환로 10","202602~202709","갱신","-","14,000","0","아파트"
"387","광주광역시 서구 풍암동","1048","1048","0000","중흥호반","전세","59.4600","202602","09","14,000","0","9","2000","풍암순환로 10","202602~202709","갱신","-","14,000","0","아파트"
"388","광주광역시 서구 풍암동","1048","1048","0000","중흥호반","전세","59.4600","202602","09","14,000","0","9","2000","풍암순환로 10","202602~202709","갱신","-","14,000","0","아파트"
"389","광주광역시 서구 농성동","702","0702","0000","농성SKVIEWCentral","전세","84.9752","202602","09","30,000","0","4","2019","상무대로1147번길 16","202604~202804","갱신","사용","29,000","0","아파트"
"390","광주광역시 동구 학동","1022","1022","0000","무등산아이파크","전세","84.8412","202602","09","45,000","0","21","2017","남문로753번길 20","202604~202804","갱신","-","43,000","0","아파트"
"391","광주광역시 서구 쌍촌동","1380","1380","0000","상무엘리체","월세","84.9888","202602","09","3,000","120","9","2018","월드컵4강로197번길 12","202602~202802","신규","-","","","아파트"
"392","광주광역시 동구 계림동","1845","1845","0000","두산위브3차(두산위브더파크)","전세","84.9706","202602","09","33,000","0","3","2021","중앙로290번길 16","202602~202802","갱신","사용","31,500","0","아파트"
"393","광주광역시 광산구 우산동","1633","1633","0000","무진로진아리채리버뷰","전세","84.9629","202602","09","35,000","0","1","2022","풍영철길로 46","202602~202802","신규","-","","","아파트"
"394","광주광역시 광산구 월계동","759-3","0759","0003","첨단라인3","전세","84.9100","202602","09","17,000","0","4","1995","임방울대로 727-5","202604~202804","신규","-","","","아파트"
"395","광주광역시 북구 양산동","355","0355","0000","한국","전세","59.9700","202602","09","12,000","0","19","1997","양산제로 3","202606~202811","갱신","사용","12,000","0","아파트"
"396","광주광역시 북구 문흥동","1011-1","1011","0001","중흥파크맨션2","월세","59.9650","202602","09","11,700","10","3","1994","문산로 30","202603~202803","신규","-","","","아파트"
"397","광주광역시 광산구 쌍암동","687-2","0687","0002","첨단중해마루힐2차주상복합","전세","84.9002","202602","09","33,700","0","23","2023","첨단중앙로182번길 76","202602~202705","갱신","-","33,700","0","아파트"
"398","광주광역시 광산구 쌍암동","686-2","0686","0002","첨단중해마루힐1차주상복합","전세","59.9850","202602","09","18,810","0","21","2020","임방울대로825번길 60-6","202603~202803","갱신","-","18,354","0","아파트"
"399","광주광역시 북구 양산동","611-7","0611","0007","금광","전세","59.9000","202602","09","10,800","0","12","1996","하서로241번길 16","202605~202805","갱신","-","11,000","0","아파트"
"400","광주광역시 북구 양산동","611-7","0611","0007","금광","전세","59.9000","202602","09","10,800","0","12","1996","하서로241번길 16","202605~202805","갱신","-","11,000","0","아파트"
"401","광주광역시 광산구 소촌동","179-1","0179","0001","소촌3차국제미소래","전세","59.9832","202602","09","17,280","0","6","2021","소촌로42번길 195","202603~202803","신규","-","","","아파트"
"402","광주광역시 북구 일곡동","850-5","0850","0005","호반일신","월세","59.9350","202602","09","2,000","65","10","1997","설죽로 545","202602~202802","신규","-","","","아파트"
"403","광주광역시 북구 일곡동","850-5","0850","0005","호반일신","월세","59.9350","202602","09","2,000","65","10","1997","설죽로 545","202602~202802","신규","-","","","아파트"
"404","광주광역시 북구 문흥동","743-9","0743","0009","용봉맨션","월세","74.9800","202602","09","1,000","53","4","1983","호동로 45","202602~202802","신규","-","","","아파트"
"405","광주광역시 북구 신용동","737","0737","0000","광주첨단2지구사랑으로부영","전세","60.4624","202602","09","23,000","0","15","2013","첨단연신로 166","202602~202802","신규","-","","","아파트"
"406","광주광역시 북구 신용동","643-1","0643","0001","용두주공","전세","59.9900","202602","09","13,500","0","18","1998","임방울대로1041번길 15","202609~202811","신규","-","","","아파트"
"407","광주광역시 광산구 산월동","885-2","0885","0002","호반리젠시빌1","전세","84.3979","202602","09","24,000","0","1","2003","첨단중앙로68번길 60","202602~202802","갱신","-","24,000","0","아파트"
"408","광주광역시 북구 용두동","1116","1116","0000","첨단용두산이고운아파트","전세","84.9607","202602","09","30,000","0","6","2018","임방울대로1042번길 17","202602~202802","갱신","-","30,000","0","아파트"
"409","광주광역시 광산구 우산동","1601-5","1601","0005","우산동청암더스위트2차","월세","84.9722","202602","09","3,000","100","5","2023","무진대로232번길 13-22","202602~202712","신규","-","","","아파트"
"410","광주광역시 북구 용봉동","999","0999","0000","쌍용예가","전세","114.1204","202602","09","33,000","0","19","2006","서하로94번길 10","202602~202802","갱신","-","37,000","0","아파트"
"411","광주광역시 북구 용봉동","1074-8","1074","0008","현대","월세","84.8700","202602","09","2,000","60","1","1990","비엔날레로 65","202603~202803","신규","-","","","아파트"
"412","광주광역시 광산구 신창동","1268","1268","0000","신창지구도시공사","월세","49.8700","202602","09","2,345","14","6","2005","왕버들로252번길 46","202602~202802","신규","-","","","아파트"
"413","광주광역시 광산구 신창동","1268","1268","0000","신창지구도시공사","월세","49.9848","202602","09","2,345","14","2","2005","왕버들로252번길 46","202603~202802","갱신","-","2,233","13","아파트"
"414","광주광역시 북구 두암동","329","0329","0000","반석힐라아파트","월세","31.7700","202602","09","500","34","3","2000","군왕로51번길 39","202602~202702","신규","-","","","아파트"
"415","광주광역시 북구 오치동","857-10","0857","0010","오치동갤럭스하임","월세","16.6579","202602","09","300","30","4","2013","서하로183번길 45-6","202602~202702","신규","-","","","아파트"
"416","광주광역시 북구 오치동","881-26","0881","0026","청암","전세","31.3200","202602","09","3,000","0","14","1995","우치로311번길 20","202602~202802","신규","-","","","아파트"
"417","광주광역시 광산구 도산동","1317","1317","0000","송정우방아이유쉘아파트","전세","70.8633","202602","09","30,000","0","8","2019","평동로1100번길 71","202603~202803","신규","-","","","아파트"
"418","광주광역시 북구 각화동","608","0608","0000","각화센트럴파크서희스타힐스","전세","72.9796","202602","09","23,000","0","2","2020","동문대로249번길 19","202603~202703","갱신","사용","22,000","0","아파트"
"419","광주광역시 광산구 월계동","757-8","0757","0008","일신","전세","92.2050","202602","09","16,000","0","6","1995","첨단중앙로181번길 42-14","202602~202902","갱신","-","16,000","0","아파트"
"420","광주광역시 광산구 우산동","1625","1625","0000","쌍용더플래티넘광산","전세","76.6323","202602","08","30,000","0","10","2021","우산로107번길 67","202603~202803","신규","-","","","아파트"
"421","광주광역시 광산구 우산동","1621","1621","0000","세계수영선수촌 중흥에스-클래스 센트럴","전세","59.9323","202602","08","22,000","0","11","2020","금봉로 106","202604~202804","신규","-","","","아파트"
"422","광주광역시 광산구 신가동","1336","1336","0000","모아엘가더수완","전세","84.9836","202602","08","35,000","0","8","2022","목련로381번길 27","202604~202804","신규","-","","","아파트"
"423","광주광역시 광산구 쌍암동","686-2","0686","0002","첨단중해마루힐1차주상복합","전세","59.9173","202602","08","19,580","0","9","2020","임방울대로825번길 60-6","202603~202803","갱신","-","19,099","0","아파트"
"424","광주광역시 광산구 쌍암동","686-2","0686","0002","첨단중해마루힐1차주상복합","전세","84.9822","202602","08","25,710","0","25","2020","임방울대로825번길 60-6","202603~202803","갱신","-","25,079","0","아파트"
"425","광주광역시 광산구 선암동","560","0560","0000","광주선운지구EGthe12단지","전세","84.9827","202602","08","27,000","0","16","2014","선운중앙로 43","202603~202803","신규","-","","","아파트"
"426","광주광역시 광산구 쌍암동","686-2","0686","0002","첨단중해마루힐1차주상복합","전세","84.9822","202602","08","25,710","0","18","2020","임방울대로825번길 60-6","202603~202803","갱신","-","25,079","0","아파트"
"427","광주광역시 광산구 쌍암동","686-2","0686","0002","첨단중해마루힐1차주상복합","전세","84.9822","202602","08","25,710","0","23","2020","임방울대로825번길 60-6","202603~202803","갱신","-","25,079","0","아파트"
"428","광주광역시 광산구 쌍암동","686-2","0686","0002","첨단중해마루힐1차주상복합","전세","84.9822","202602","08","25,710","0","17","2020","임방울대로825번길 60-6","202603~202803","갱신","-","25,079","0","아파트"
"429","광주광역시 광산구 쌍암동","686-2","0686","0002","첨단중해마루힐1차주상복합","전세","59.9850","202602","08","19,580","0","28","2020","임방울대로825번길 60-6","202603~202803","갱신","-","19,099","0","아파트"
"430","광주광역시 북구 오치동","856-7","0856","0007","명진명가","월세","35.5400","202602","08","500","40","4","2014","안산로 57","202602~202802","신규","-","","","아파트"
"431","광주광역시 광산구 쌍암동","686-2","0686","0002","첨단중해마루힐1차주상복합","전세","59.9850","202602","08","19,580","0","29","2020","임방울대로825번길 60-6","202603~202803","갱신","-","19,099","0","아파트"
"432","광주광역시 광산구 쌍암동","686-2","0686","0002","첨단중해마루힐1차주상복합","전세","84.9822","202602","08","25,710","0","7","2020","임방울대로825번길 60-6","202603~202803","갱신","-","25,079","0","아파트"
"433","광주광역시 광산구 월계동","765-2","0765","0002","첨단라인1","전세","60.0000","202602","08","14,000","0","2","1995","월계로 117-32","202604~202804","신규","-","","","아파트"
"434","광주광역시 광산구 쌍암동","686-2","0686","0002","첨단중해마루힐1차주상복합","전세","59.9173","202602","08","19,580","0","21","2020","임방울대로825번길 60-6","202603~202803","갱신","-","19,099","0","아파트"
"435","광주광역시 광산구 쌍암동","686-2","0686","0002","첨단중해마루힐1차주상복합","전세","59.9173","202602","08","19,580","0","29","2020","임방울대로825번길 60-6","202603~202803","갱신","-","19,099","0","아파트"
"436","광주광역시 광산구 월곡동","614-1","0614","0001","한성1차","월세","47.2100","202602","08","500","42","3","1989","월곡산정로 108","202602~202802","신규","-","","","아파트"
"437","광주광역시 광산구 월곡동","681-1","0681","0001","운남주공9단지","전세","75.9900","202602","08","22,000","0","10","2003","풍영로 63","202604~202804","신규","-","","","아파트"
"438","광주광역시 광산구 장덕동","1306","1306","0000","진흥더루벤스","월세","84.9530","202602","08","5,000","105","15","2009","장덕로6번길 35","202604~202802","신규","-","","","아파트"
"439","광주광역시 광산구 운남동","794-3","0794","0003","운남주공7단지","전세","39.9000","202602","08","9,200","0","4","2001","목련로153번길 56","202602~202802","갱신","사용","9,200","0","아파트"
"440","광주광역시 동구 계림동","1845","1845","0000","두산위브3차(두산위브더파크)","월세","59.9903","202602","08","3,000","95","5","2021","중앙로290번길 16","202604~202704","신규","-","","","아파트"
"441","광주광역시 서구 금호동","1077","1077","0000","EG스위트밸리","전세","84.4390","202602","08","23,000","0","2","2003","화개중앙로87번길 16-1","202603~202803","신규","-","","","아파트"
"442","광주광역시 서구 금호동","1117","1117","0000","위파크마륵공원","전세","84.9112","202602","08","45,000","0","6","2025","서광주로106번길 39","202603~202803","신규","-","","","아파트"
"443","광주광역시 서구 금호동","447-9","0447","0009","코아루","전세","134.0778","202602","08","38,000","0","4","2006","금호운천길 41","202604~202804","신규","-","","","아파트"
"444","광주광역시 서구 내방동","848","0848","0000","내방마을주공","월세","59.2100","202602","08","1,000","75","11","2002","화운로193번길 25","202602~202702","신규","-","","","아파트"
"445","광주광역시 남구 봉선동","1085","1085","0000","봉선3차한국아델리움","전세","84.9738","202602","08","55,000","0","3","2014","제석로80번길 36","202602~202702","갱신","-","50,000","0","아파트"
"446","광주광역시 서구 쌍촌동","1385","1385","0000","상무한국아델리움","전세","84.9530","202602","07","30,000","0","16","2019","내방로241번길 10","202603~202803","신규","-","","","아파트"
"447","광주광역시 남구 방림동","486-12","0486","0012","금원","전세","57.7600","202602","07","3,500","0","4","1981","용대로 149-13","202602~202802","신규","-","","","아파트"
"448","광주광역시 남구 봉선동","490-1","0490","0001","금호2","전세","122.8100","202602","07","36,700","0","6","1995","봉선로 134","202602~202702","갱신","-","36,700","0","아파트"
"449","광주광역시 서구 화정동","131-4","0131","0004","삼익","월세","65.1000","202602","07","2,000","50","9","1979","죽봉대로 31","202602~202702","신규","-","","","아파트"
"450","광주광역시 서구 치평동","1166-5","1166","0005","한국","월세","59.9400","202602","07","1,000","60","11","1998","상무시민로 65","202602~202802","신규","-","","","아파트"
"451","광주광역시 서구 치평동","1171-5","1171","0005","금호3","전세","84.8700","202602","07","30,000","0","5","1998","치평로 23","202602~202802","신규","-","","","아파트"
"452","광주광역시 남구 월산동","110-5","0110","0005","신우","월세","77.6800","202602","07","1,000","30","3","1978","대남대로294번길 7","202602~202802","신규","-","","","아파트"
"453","광주광역시 남구 월산동","302-2","0302","0002","월산우방아이유쉘","전세","84.8942","202602","07","27,000","0","7","2014","월산로 118","202604~202804","신규","-","","","아파트"
"454","광주광역시 서구 풍암동","1053","1053","0000","한신","전세","59.7900","202602","07","12,600","0","6","2000","풍암순환로 38","202604~202804","갱신","사용","12,000","0","아파트"
"455","광주광역시 북구 임동","887","0887","0000","S-클래스더제니스","전세","84.9366","202602","07","31,500","0","24","2024","천변우로 227","202603~202803","갱신","사용","30,000","0","아파트"
"456","광주광역시 동구 선교동","487","0487","0000","광주선교지구1차우방아이유쉘아파트","전세","49.0667","202602","07","14,000","0","5","2023","선교로 38-30","202603~202803","신규","-","","","아파트"
"457","광주광역시 남구 주월동","1312","1312","0000","봉선로남해오네뜨","전세","75.0659","202602","07","29,000","0","8","2018","봉선로 42","202603~202803","신규","-","","","아파트"
"458","광주광역시 서구 풍암동","1048","1048","0000","중흥호반","월세","59.8800","202602","07","6,200","32","15","2000","풍암순환로 14","-","-","-","","","아파트"
"459","광주광역시 서구 금호동","1117","1117","0000","위파크마륵공원","월세","84.9087","202602","07","5,000","170","5","2025","서광주로106번길 39","202603~202803","신규","-","","","아파트"
"460","광주광역시 서구 금호동","741-1","0741","0001","금호시영1단지","월세","49.8600","202602","07","1,000","50","3","1993","운천로 41","202602~202802","신규","-","","","아파트"
"461","광주광역시 동구 학동","1012","1012","0000","무등산리버파크","월세","84.9800","202602","07","5,000","95","8","2011","남문로693번길 11","202605~202805","신규","-","","","아파트"
"462","광주광역시 동구 계림동","52","0052","0000","두산위브","월세","154.3492","202602","07","30,000","50","15","2007","무등로 374","202603~202803","신규","-","","","아파트"
"463","광주광역시 남구 방림동","556","0556","0000","모아","전세","83.9100","202602","07","15,000","0","6","1989","봉선1로 87","202603~202803","신규","-","","","아파트"
"464","광주광역시 서구 금호동","770","0770","0000","금호2지구도개공1단지","전세","49.9200","202602","07","13,000","0","15","1998","금화로115번길 12","202602~202802","갱신","사용","13,000","0","아파트"
"465","광주광역시 서구 풍암동","1048","1048","0000","중흥호반","전세","59.4600","202602","07","16,000","0","11","2000","풍암순환로 10","202603~202803","갱신","-","16,000","0","아파트"
"466","광주광역시 북구 임동","887","0887","0000","S-클래스더제니스","전세","84.9688","202602","07","29,000","0","21","2024","천변우로 227","202604~202610","갱신","사용","29,000","0","아파트"
"467","광주광역시 동구 계림동","1869","1869","0000","계림아이파크에스케이뷰","전세","84.9669","202602","07","39,000","0","14","2022","필문대로 70","202605~202805","신규","-","","","아파트"
"468","광주광역시 남구 행암동","562","0562","0000","제일풍경채에듀파크2단지","전세","84.9184","202602","07","28,000","0","13","2015","효우2로 46","202603~202803","신규","-","","","아파트"
"469","광주광역시 남구 행암동","546","0546","0000","브라운스톤효천","전세","74.9500","202602","07","18,000","0","4","2017","효우2로 89","202604~202804","신규","-","","","아파트"
"470","광주광역시 서구 풍암동","1132","1132","0000","우미광장","전세","59.7900","202602","07","14,000","0","4","2000","풍암순환로 183","202604~202804","신규","-","","","아파트"
"471","광주광역시 남구 압촌동","508","0508","0000","에너지밸리풍경채퍼스트파크","전세","84.9651","202602","07","23,000","0","7","2022","도시첨단산업로 58","202603~202803","신규","-","","","아파트"
"472","광주광역시 동구 용산동","662","0662","0000","광주용산지구2BL계룡리슈빌더포레스트아파트","전세","76.5319","202602","07","30,000","0","23","2019","용산1길 2","202602~202802","신규","-","","","아파트"
"473","광주광역시 남구 봉선동","985","0985","0000","라인광장1","월세","59.8300","202602","07","1,000","45","9","1987","봉선중앙로 103","202604~202804","신규","-","","","아파트"
"474","광주광역시 남구 봉선동","1076","1076","0000","포스코더샵","전세","59.8900","202602","07","24,150","0","14","2004","효사랑길 14","202602~202802","갱신","-","24,150","0","아파트"
"475","광주광역시 서구 마륵동","812","0812","0000","상무양우내안애","전세","84.9014","202602","07","35,000","0","5","2020","백석길 22-14","202604~202804","신규","-","","","아파트"
"476","광주광역시 북구 중흥동","819","0819","0000","중흥동영무예다음아파트","전세","77.1872","202602","07","23,000","0","5","2015","서방로40번길 13","202602~202702","갱신","-","23,000","0","아파트"
"477","광주광역시 서구 동천동","506","0506","0000","동천센트럴파크","전세","84.9900","202602","07","26,000","0","7","2007","동천로 11","202605~202804","신규","-","","","아파트"
"478","광주광역시 북구 중흥동","836","0836","0000","제일풍경채센트럴파크1단지","월세","109.7900","202602","07","30,000","83","7","2022","우치로40번길 25","202602~202802","신규","-","","","아파트"
"479","광주광역시 남구 임암동","728","0728","0000","효천시티프라디움","전세","84.9947","202602","07","33,500","0","13","2019","효천2로 1","202603~202803","신규","-","","","아파트"
"480","광주광역시 서구 쌍촌동","364","0364","0000","상무힐스테이트","월세","134.6961","202602","07","8,000","150","1","2010","상무대로911번길 42","202602~202802","신규","-","","","아파트"
"481","광주광역시 남구 봉선동","21","0021","0000","무등파크3차(2단지)","전세","84.7300","202602","07","17,000","0","10","1993","용대로 92-1","202605~202805","신규","-","","","아파트"
"482","광주광역시 남구 봉선동","1085","1085","0000","봉선3차한국아델리움","전세","84.9738","202602","07","60,000","0","4","2014","제석로80번길 36","202604~202804","신규","-","","","아파트"
"483","광주광역시 북구 신용동","651","0651","0000","한양수자인리버뷰","월세","65.6043","202602","07","7,000","70","6","2014","첨단연신로 184","202605~202805","신규","-","","","아파트"
"484","광주광역시 북구 일곡동","849-1","0849","0001","한일","월세","59.9150","202602","07","2,000","60","13","1997","일곡택지로 60","202602~202902","신규","-","","","아파트"
"485","광주광역시 북구 일곡동","818-4","0818","0004","금호","전세","84.7200","202602","07","23,500","0","9","1996","설죽로 560","202602~202806","신규","-","","","아파트"
"486","광주광역시 북구 일곡동","817-4","0817","0004","대림2","월세","68.3200","202602","07","2,000","65","6","1998","일곡마을로 245","202602~202802","갱신","-","2,000","65","아파트"
"487","광주광역시 광산구 수완동","933","0933","0000","현진에버빌1단지","전세","116.2700","202602","07","70,000","0","11","2009","장덕로 138","202605~202805","신규","-","","","아파트"
"488","광주광역시 광산구 도산동","1317","1317","0000","송정우방아이유쉘아파트","전세","80.1990","202602","07","27,000","0","5","2019","평동로1100번길 71","202603~202803","신규","-","","","아파트"
"489","광주광역시 북구 풍향동","808","0808","0000","교대금호어울림","월세","36.1102","202602","07","5,000","35","9","2017","군왕로 17","202602~202702","신규","-","","","아파트"
"490","광주광역시 광산구 우산동","1621","1621","0000","세계수영선수촌 중흥에스-클래스 센트럴","전세","84.9276","202602","07","26,000","0","12","2020","금봉로 106","202604~202804","신규","-","","","아파트"
"491","광주광역시 광산구 우산동","1621","1621","0000","세계수영선수촌 중흥에스-클래스 센트럴","전세","59.9323","202602","07","22,000","0","7","2020","금봉로 106-1","202605~202805","신규","-","","","아파트"
"492","광주광역시 북구 신용동","869","0869","0000","힐스테이트신용더리버","월세","84.9400","202602","07","5,000","150","23","2024","빛고을대로 615","202604~202804","신규","-","","","아파트"
"493","광주광역시 북구 신용동","869","0869","0000","힐스테이트신용더리버","전세","84.9900","202602","07","40,000","0","11","2024","빛고을대로 615","-","-","-","","","아파트"
"494","광주광역시 북구 신용동","737","0737","0000","광주첨단2지구사랑으로부영","전세","60.4624","202602","07","20,000","0","9","2013","첨단연신로 166","202604~202804","신규","-","","","아파트"
"495","광주광역시 북구 신용동","869","0869","0000","힐스테이트신용더리버","전세","84.9900","202602","07","40,000","0","11","2024","빛고을대로 615","202603~202803","신규","-","","","아파트"
"496","광주광역시 북구 운암동","184-7","0184","0007","유탑하늘세움","전세","84.9952","202602","07","20,000","0","8","2005","하서로 71","202604~202804","신규","-","","","아파트"
"497","광주광역시 북구 문흥동","995-2","0995","0002","호반","전세","84.9100","202602","07","17,000","0","14","1994","문산로62번길 20","202602~202702","갱신","-","18,000","0","아파트"
"498","광주광역시 광산구 쌍암동","686-2","0686","0002","첨단중해마루힐1차주상복합","전세","84.9822","202602","07","25,710","0","6","2020","임방울대로825번길 60-6","202603~202803","갱신","-","25,079","0","아파트"
"499","광주광역시 광산구 쌍암동","686-2","0686","0002","첨단중해마루힐1차주상복합","전세","84.9822","202602","07","25,710","0","22","2020","임방울대로825번길 60-6","202603~202803","갱신","-","25,079","0","아파트"
"500","광주광역시 광산구 쌍암동","686-2","0686","0002","첨단중해마루힐1차주상복합","전세","59.9173","202602","07","19,580","0","17","2020","임방울대로825번길 60-6","202603~202803","신규","-","","","아파트"
"501","광주광역시 광산구 쌍암동","686-2","0686","0002","첨단중해마루힐1차주상복합","전세","84.9822","202602","07","25,710","0","26","2020","임방울대로825번길 60-6","202603~202803","갱신","-","25,079","0","아파트"
"502","광주광역시 광산구 쌍암동","686-2","0686","0002","첨단중해마루힐1차주상복합","전세","59.9850","202602","07","19,580","0","21","2020","임방울대로825번길 60-6","202603~202803","갱신","-","19,099","0","아파트"
"503","광주광역시 광산구 쌍암동","686-2","0686","0002","첨단중해마루힐1차주상복합","전세","59.9173","202602","07","19,580","0","15","2020","임방울대로825번길 60-6","202603~202803","갱신","-","19,099","0","아파트"
"504","광주광역시 광산구 쌍암동","686-2","0686","0002","첨단중해마루힐1차주상복합","전세","84.9822","202602","07","25,710","0","14","2020","임방울대로825번길 60-6","202603~202803","갱신","-","25,079","0","아파트"
"505","광주광역시 광산구 쌍암동","686-2","0686","0002","첨단중해마루힐1차주상복합","전세","59.9850","202602","07","18,810","0","9","2020","임방울대로825번길 60-6","202603~202803","갱신","-","18,354","0","아파트"
"506","광주광역시 광산구 쌍암동","686-2","0686","0002","첨단중해마루힐1차주상복합","전세","84.9822","202602","07","25,710","0","6","2020","임방울대로825번길 60-6","202603~202803","갱신","-","25,079","0","아파트"
"507","광주광역시 광산구 쌍암동","686-2","0686","0002","첨단중해마루힐1차주상복합","전세","59.9850","202602","07","19,580","0","25","2020","임방울대로825번길 60-6","202603~202803","갱신","-","19,099","0","아파트"
"508","광주광역시 광산구 쌍암동","686-2","0686","0002","첨단중해마루힐1차주상복합","전세","59.9173","202602","07","19,580","0","24","2020","임방울대로825번길 60-6","202603~202803","갱신","-","19,099","0","아파트"
"509","광주광역시 광산구 쌍암동","686-2","0686","0002","첨단중해마루힐1차주상복합","전세","59.9850","202602","07","19,580","0","9","2020","임방울대로825번길 60-6","202603~202803","갱신","-","19,099","0","아파트"
"510","광주광역시 광산구 쌍암동","686-2","0686","0002","첨단중해마루힐1차주상복합","전세","84.9822","202602","07","25,710","0","27","2020","임방울대로825번길 60-6","202603~202803","갱신","-","25,079","0","아파트"
"511","광주광역시 북구 운암동","364-1","0364","0001","운암동롯데캐슬1단지","전세","122.2947","202602","07","33,000","0","7","2006","서강로54번길 11","202603~202803","신규","-","","","아파트"
"512","광주광역시 북구 운암동","69","0069","0000","벽산블루밍메가씨티3단지","월세","58.7079","202602","07","2,000","70","1","2008","대자로 55","202604~202804","신규","-","","","아파트"
"513","광주광역시 북구 운암동","69","0069","0000","벽산블루밍메가씨티3단지","전세","84.8269","202602","07","27,000","0","10","2008","대자로 55","202604~202804","신규","-","","","아파트"
"514","광주광역시 광산구 선암동","553","0553","0000","선운리버프라임","전세","66.9400","202602","07","23,000","0","3","2017","선운로 65","202604~202804","신규","-","","","아파트"
"515","광주광역시 광산구 선암동","555","0555","0000","선운모아엘가","월세","84.9856","202602","07","3,000","120","20","2014","선운중앙로 45","202602~202802","신규","-","","","아파트"
"516","광주광역시 광산구 쌍암동","686-2","0686","0002","첨단중해마루힐1차주상복합","전세","59.9850","202602","07","18,810","0","15","2020","임방울대로825번길 60-6","202603~202803","갱신","-","18,354","0","아파트"
"517","광주광역시 광산구 쌍암동","686-2","0686","0002","첨단중해마루힐1차주상복합","전세","84.9822","202602","07","25,710","0","6","2020","임방울대로825번길 60-6","202603~202803","갱신","-","25,079","0","아파트"
"518","광주광역시 광산구 쌍암동","686-2","0686","0002","첨단중해마루힐1차주상복합","전세","84.9822","202602","07","25,710","0","17","2020","임방울대로825번길 60-6","202603~202803","갱신","-","25,079","0","아파트"
"519","광주광역시 광산구 쌍암동","686-2","0686","0002","첨단중해마루힐1차주상복합","전세","84.9822","202602","07","25,710","0","9","2020","임방울대로825번길 60-6","202603~202803","갱신","-","25,079","0","아파트"
"520","광주광역시 광산구 쌍암동","686-2","0686","0002","첨단중해마루힐1차주상복합","전세","59.9850","202602","07","19,580","0","13","2020","임방울대로825번길 60-6","202603~202803","갱신","-","19,099","0","아파트"
"521","광주광역시 광산구 쌍암동","686-2","0686","0002","첨단중해마루힐1차주상복합","전세","59.9173","202602","07","19,580","0","18","2020","임방울대로825번길 60-6","202603~202803","갱신","-","19,099","0","아파트"
"522","광주광역시 광산구 쌍암동","686-2","0686","0002","첨단중해마루힐1차주상복합","전세","84.9822","202602","07","25,710","0","24","2020","임방울대로825번길 60-6","202603~202803","갱신","-","25,079","0","아파트"
"523","광주광역시 광산구 쌍암동","695-1","0695","0001","힐스테이트리버파크","전세","74.7900","202602","07","35,000","0","20","2019","첨단강변로 100","202605~202805","신규","-","","","아파트"
"524","광주광역시 광산구 쌍암동","686-2","0686","0002","첨단중해마루힐1차주상복합","전세","59.9850","202602","07","19,580","0","26","2020","임방울대로825번길 60-6","202602~202803","신규","-","","","아파트"
"525","광주광역시 광산구 쌍암동","686-2","0686","0002","첨단중해마루힐1차주상복합","전세","84.9822","202602","07","25,710","0","20","2020","임방울대로825번길 60-6","202603~202803","갱신","-","25,079","0","아파트"
"526","광주광역시 광산구 쌍암동","686-2","0686","0002","첨단중해마루힐1차주상복합","전세","84.9822","202602","07","25,710","0","12","2020","임방울대로825번길 60-6","202603~202803","갱신","-","25,079","0","아파트"
"527","광주광역시 광산구 쌍암동","686-2","0686","0002","첨단중해마루힐1차주상복합","전세","84.9822","202602","07","25,710","0","29","2020","임방울대로825번길 60-6","202603~202803","갱신","-","25,079","0","아파트"
"528","광주광역시 광산구 쌍암동","686-2","0686","0002","첨단중해마루힐1차주상복합","전세","59.9850","202602","07","19,580","0","22","2020","임방울대로825번길 60-6","202603~202803","갱신","-","19,099","0","아파트"
"529","광주광역시 광산구 쌍암동","686-2","0686","0002","첨단중해마루힐1차주상복합","전세","84.9822","202602","07","25,710","0","21","2020","임방울대로825번길 60-6","202603~202803","갱신","-","25,079","0","아파트"
"530","광주광역시 광산구 쌍암동","686-2","0686","0002","첨단중해마루힐1차주상복합","전세","59.9850","202602","07","19,580","0","16","2020","임방울대로825번길 60-6","202604~202803","신규","-","","","아파트"
"531","광주광역시 광산구 쌍암동","686-2","0686","0002","첨단중해마루힐1차주상복합","전세","84.9822","202602","07","25,710","0","25","2020","임방울대로825번길 60-6","202603~202803","갱신","-","25,079","0","아파트"
"532","광주광역시 광산구 쌍암동","686-2","0686","0002","첨단중해마루힐1차주상복합","전세","84.9822","202602","07","25,710","0","25","2020","임방울대로825번길 60-6","202603~202803","갱신","-","25,079","0","아파트"
"533","광주광역시 광산구 쌍암동","686-2","0686","0002","첨단중해마루힐1차주상복합","전세","84.9822","202602","07","25,710","0","7","2020","임방울대로825번길 60-6","202603~202803","갱신","-","25,079","0","아파트"
"534","광주광역시 광산구 쌍암동","686-2","0686","0002","첨단중해마루힐1차주상복합","전세","84.9822","202602","07","25,710","0","27","2020","임방울대로825번길 60-6","202603~202803","갱신","-","25,079","0","아파트"
"535","광주광역시 광산구 쌍암동","686-2","0686","0002","첨단중해마루힐1차주상복합","전세","84.9822","202602","07","25,710","0","20","2020","임방울대로825번길 60-6","202603~202803","갱신","-","25,079","0","아파트"
"536","광주광역시 광산구 쌍암동","676-3","0676","0003","첨단센트럴파크2차","전세","41.8300","202602","07","13,800","0","17","2018","첨단중앙로170번길 87","202603~202803","신규","-","","","아파트"
"537","광주광역시 북구 매곡동","31-1","0031","0001","AM-City","월세","30.2693","202602","07","1,000","35","13","2013","서하로106번길 8-1","202602~202702","신규","-","","","아파트"
"538","광주광역시 북구 매곡동","214-10","0214","0010","호반2","월세","59.9500","202602","07","700","58","3","1995","매곡로 64","202602~202802","신규","-","","","아파트"
"539","광주광역시 광산구 신창동","1270","1270","0000","신창2차부영","전세","84.7886","202602","07","23,000","0","15","2005","신창로71번길 33","202602~202707","갱신","사용","23,000","0","아파트"
"540","광주광역시 광산구 월계동","763-6","0763","0006","호반2차","전세","59.8200","202602","07","11,600","0","2","1997","월계로 59","202602~202802","갱신","사용","11,500","0","아파트"
"541","광주광역시 북구 연제동","1111","1111","0000","연제동고운하이플러스아파트","전세","73.4639","202602","07","20,000","0","11","2017","양산제로 76","202606~202806","신규","-","","","아파트"
"542","광주광역시 북구 양산동","806-1","0806","0001","명진캐슬101동","월세","42.1300","202602","07","1,000","53","3","2013","연양로67번길 27","202602~202702","갱신","사용","1,000","53","아파트"
"543","광주광역시 광산구 소촌동","286-1","0286","0001","모아드림타운1차","월세","36.3544","202602","07","1,000","40","2","2000","소촌로86번길 17","202602~202802","신규","-","","","아파트"
"544","광주광역시 북구 각화동","724","0724","0000","더샵광주포레스트","월세","101.9965","202602","07","5,000","140","18","2023","동문대로249번길 12","202603~202803","신규","-","","","아파트"
"545","광주광역시 북구 각화동","594","0594","0000","힐스테이트각화","전세","84.9442","202602","07","32,000","0","13","2018","군왕로 295","202603~202803","신규","-","","","아파트"
"546","광주광역시 광산구 하남동","971","0971","0000","하남3지구모아엘가","월세","84.9817","202602","07","10,000","80","2","2018","단전둘레길 15","202604~202704","신규","-","","","아파트"
"547","광주광역시 광산구 운남동","794-3","0794","0003","운남주공7단지","월세","39.9900","202602","07","1,000","45","13","2001","목련로153번길 56","202603~202803","신규","-","","","아파트"
"548","광주광역시 광산구 장덕동","1693","1693","0000","성덕마을대방노블랜드3차","전세","131.0902","202602","07","60,000","0","4","2011","풍영로170번길 39-10","202603~202803","신규","-","","","아파트"
"549","광주광역시 서구 양동","61","0061","0000","금호1차","월세","83.1000","202602","07","1,000","50","3","1983","독립로185번길 2","202602~202802","신규","-","","","아파트"
"550","광주광역시 광산구 산정동","1056","1056","0000","부영애시앙2차","월세","84.8198","202602","07","2,000","100","14","2008","목련로 41","202603~202803","신규","-","","","아파트"
"551","광주광역시 광산구 운남동","794-3","0794","0003","운남주공7단지","전세","49.8300","202602","06","13,500","0","14","2001","목련로153번길 56","202603~202807","신규","-","","","아파트"
"552","광주광역시 광산구 산정동","1023","1023","0000","다사로움1단지","월세","49.9618","202602","06","4,135","17","13","2009","목련로21번길 45","202603~202802","신규","-","","","아파트"
"553","광주광역시 광산구 운남동","387-22","0387","0022","삼성","월세","70.9700","202602","06","1,500","85","19","1996","임방울대로 142-12","202602~202802","갱신","-","1,500","80","아파트"
"554","광주광역시 북구 임동","887","0887","0000","S-클래스더제니스","월세","59.7870","202602","06","3,000","120","38","2024","천변우로 227","202603~202803","신규","-","","","아파트"
"555","광주광역시 동구 충장로4가","14","0014","0000","충장아트원","월세","18.0000","202602","06","200","38","4","2014","중앙로 179","202602~202702","신규","-","","","아파트"
"556","광주광역시 서구 광천동","895","0895","0000","e편한세상","전세","113.7384","202602","06","36,000","0","3","2010","화운로 278","202604~202804","갱신","사용","40,000","0","아파트"
"557","광주광역시 서구 광천동","895","0895","0000","e편한세상","전세","84.8921","202602","06","30,000","0","13","2010","화운로 278","202604~202804","신규","-","","","아파트"
"558","광주광역시 동구 소태동","690","0690","0000","NK아이리스1차","월세","19.4177","202602","06","500","34","3","2012","소태길 16","202602~202702","신규","-","","","아파트"
"559","광주광역시 남구 행암동","556","0556","0000","효천엘에이치천년나무1단지","월세","36.0300","202602","06","1,449","18","10","2014","효우로 262","202603~202802","갱신","-","1,384","17","아파트"
"560","광주광역시 서구 화정동","1610","1610","0000","유니버시아드힐스테이트2단지","전세","84.9800","202602","06","32,000","0","14","2016","화정로 211","202606~202806","신규","-","","","아파트"
"561","광주광역시 북구 중흥동","611-10","0611","0010","광주역다사로움","월세","44.8500","202602","06","5,796","9","13","2019","서암대로 268","202603~202802","신규","-","","","아파트"
"562","광주광역시 북구 중흥동","822","0822","0000","중흥동동우아스트로아파트","전세","59.9550","202602","06","18,500","0","3","2019","효죽로9번길 53","202604~202804","신규","-","","","아파트"
"563","광주광역시 서구 쌍촌동","155","0155","0000","현대","전세","59.3600","202602","06","15,000","0","13","1997","내방로240번길 10","202603~202803","신규","-","","","아파트"
"564","광주광역시 서구 화정동","1610","1610","0000","유니버시아드힐스테이트2단지","전세","84.9800","202602","06","32,000","0","14","2016","화정로 211","202606~202806","신규","-","","","아파트"
"565","광주광역시 서구 화정동","23-20","0023","0020","해광샹그릴라센트럴337","전세","75.6415","202602","06","20,000","0","3","2017","내방로 337","202603~202803","신규","-","","","아파트"
"566","광주광역시 서구 치평동","1171-6","1171","0006","라인대주","전세","59.8700","202602","06","19,950","0","18","1997","치평로 15","202602~202802","갱신","-","19,000","0","아파트"
"567","광주광역시 남구 봉선동","983","0983","0000","라인하이츠","월세","49.9700","202602","06","500","40","7","1988","대남대로159번길 42","202603~202803","신규","-","","","아파트"
"568","광주광역시 남구 봉선동","1092","1092","0000","봉선동제일풍경채엘리트파크","전세","84.9680","202602","06","58,000","0","11","2016","제석로80번길 5","202602~202802","신규","-","","","아파트"
"569","광주광역시 서구 금호동","787","0787","0000","중흥","월세","59.4600","202602","06","2,000","63","2","2000","마재로 21","202603~202802","신규","-","","","아파트"
"570","광주광역시 서구 금호동","815","0815","0000","호반리젠시빌2차","월세","39.7920","202602","06","1,000","45","3","2000","화개1로 33","202602~202802","신규","-","","","아파트"
"571","광주광역시 남구 주월동","543-9","0543","0009","주월동마이다스빌101동","월세","40.1190","202602","06","1,000","45","6","1999","회재로1156번길 13","202602~202802","신규","-","","","아파트"
"572","광주광역시 남구 주월동","1333","1333","0000","봉선주월대라수어썸브릿지","월세","84.6079","202602","06","2,000","120","15","2022","서문대로 827","202603~202803","신규","-","","","아파트"
"573","광주광역시 남구 주월동","373","0373","0000","주월스카이","월세","59.4000","202602","06","3,000","45","11","1987","서문대로823번길 7-15","202603~202803","신규","-","","","아파트"
"574","광주광역시 남구 주월동","1333","1333","0000","봉선주월대라수어썸브릿지","월세","84.6079","202602","06","2,000","120","15","2022","서문대로 827","202603~202803","신규","-","","","아파트"
"575","광주광역시 동구 계림동","1815","1815","0000","두산위브2차","전세","84.9507","202602","06","32,000","0","14","2018","계림로30번길 15","202603~202803","신규","-","","","아파트"
"576","광주광역시 북구 임동","887","0887","0000","S-클래스더제니스","월세","84.9799","202602","06","5,000","145","4","2024","천변우로 227","202602~202802","신규","-","","","아파트"
"577","광주광역시 광산구 쌍암동","686-2","0686","0002","첨단중해마루힐1차주상복합","전세","84.9822","202602","06","25,710","0","8","2020","임방울대로825번길 60-6","202603~202803","갱신","-","25,079","0","아파트"
"578","광주광역시 광산구 쌍암동","686-2","0686","0002","첨단중해마루힐1차주상복합","전세","84.9822","202602","06","25,710","0","9","2020","임방울대로825번길 60-6","202603~202803","갱신","-","25,079","0","아파트"
"579","광주광역시 광산구 쌍암동","686-2","0686","0002","첨단중해마루힐1차주상복합","전세","84.9822","202602","06","25,710","0","13","2020","임방울대로825번길 60-6","202603~202803","갱신","-","24,240","0","아파트"
"580","광주광역시 광산구 쌍암동","686-2","0686","0002","첨단중해마루힐1차주상복합","전세","59.9850","202602","06","19,580","0","29","2020","임방울대로825번길 60-6","202603~202803","갱신","-","19,099","0","아파트"
"581","광주광역시 광산구 쌍암동","686-2","0686","0002","첨단중해마루힐1차주상복합","전세","84.9822","202602","06","25,710","0","16","2020","임방울대로825번길 60-6","202603~202803","갱신","-","25,079","0","아파트"
"582","광주광역시 광산구 쌍암동","686-2","0686","0002","첨단중해마루힐1차주상복합","전세","84.9822","202602","06","25,710","0","5","2020","임방울대로825번길 60-6","202603~202803","갱신","-","25,079","0","아파트"
"583","광주광역시 광산구 쌍암동","686-2","0686","0002","첨단중해마루힐1차주상복합","전세","84.9822","202602","06","25,710","0","12","2020","임방울대로825번길 60-6","202603~202803","갱신","-","25,079","0","아파트"
"584","광주광역시 북구 매곡동","214-1","0214","0001","대화","전세","59.3100","202602","06","8,100","0","16","1991","매곡로86번길 2","202603~202803","신규","-","","","아파트"
"585","광주광역시 북구 매곡동","31-1","0031","0001","AM-City","월세","30.2693","202602","06","1,000","38","13","2013","서하로106번길 8-1","202602~202802","신규","-","","","아파트"
"586","광주광역시 광산구 쌍암동","686-2","0686","0002","첨단중해마루힐1차주상복합","전세","84.9822","202602","06","25,710","0","29","2020","임방울대로825번길 60-6","202603~202803","갱신","-","25,079","0","아파트"
"587","광주광역시 북구 용두동","1123","1123","0000","첨단진아리채","전세","84.9821","202602","06","26,250","0","20","2020","용두마을2길 12","202604~202804","갱신","-","25,000","0","아파트"
"588","광주광역시 광산구 쌍암동","686-2","0686","0002","첨단중해마루힐1차주상복합","전세","59.9850","202602","06","18,810","0","20","2020","임방울대로825번길 60-6","202603~202803","갱신","-","18,354","0","아파트"
"589","광주광역시 광산구 쌍암동","686-2","0686","0002","첨단중해마루힐1차주상복합","전세","59.9850","202602","06","18,810","0","25","2020","임방울대로825번길 60-6","202603~202803","갱신","-","18,354","0","아파트"
"590","광주광역시 광산구 쌍암동","686-2","0686","0002","첨단중해마루힐1차주상복합","전세","59.9850","202602","06","19,580","0","23","2020","임방울대로825번길 60-6","202603~202803","갱신","-","19,099","0","아파트"
"591","광주광역시 광산구 신가동","1019-1","1019","0001","수동리안아파트","월세","59.8100","202602","06","9,500","20","1","2002","수등로258번길 13","-","-","-","","","아파트"
"592","광주광역시 광산구 우산동","1602-2","1602","0002","리버힐","월세","49.8600","202602","06","1,000","50","13","1992","우산로 47","202602~202802","신규","-","","","아파트"
"593","광주광역시 광산구 우산동","1608-1","1608","0001","우산동AM-City스카이하이","월세","20.1947","202602","06","300","35","10","2014","사암로171번길 110","202602~202702","신규","-","","","아파트"
"594","광주광역시 북구 일곡동","819-3","0819","0003","청솔4차","전세","48.4500","202602","06","8,730","0","15","2001","일곡마을로 10","202603~202803","신규","-","","","아파트"
"595","광주광역시 광산구 쌍암동","686-2","0686","0002","첨단중해마루힐1차주상복합","전세","84.9822","202602","06","25,710","0","5","2020","임방울대로825번길 60-6","202603~202803","갱신","-","25,079","0","아파트"
"596","광주광역시 광산구 쌍암동","686-2","0686","0002","첨단중해마루힐1차주상복합","전세","84.9822","202602","06","25,710","0","24","2020","임방울대로825번길 60-6","202603~202803","갱신","-","25,079","0","아파트"
"597","광주광역시 광산구 쌍암동","686-2","0686","0002","첨단중해마루힐1차주상복합","전세","84.9822","202602","06","25,710","0","29","2020","임방울대로825번길 60-6","202603~202803","갱신","-","25,079","0","아파트"
"598","광주광역시 광산구 쌍암동","686-2","0686","0002","첨단중해마루힐1차주상복합","전세","84.9822","202602","06","25,710","0","13","2020","임방울대로825번길 60-6","202603~202803","갱신","-","25,079","0","아파트"
"599","광주광역시 광산구 쌍암동","686-2","0686","0002","첨단중해마루힐1차주상복합","전세","59.9173","202602","06","19,580","0","8","2020","임방울대로825번길 60-6","202603~202803","갱신","-","19,099","0","아파트"
"600","광주광역시 광산구 쌍암동","686-2","0686","0002","첨단중해마루힐1차주상복합","전세","59.9850","202602","06","19,580","0","24","2020","임방울대로825번길 60-6","202603~202803","갱신","-","19,099","0","아파트"
"601","광주광역시 광산구 쌍암동","686-2","0686","0002","첨단중해마루힐1차주상복합","전세","84.9822","202602","06","25,710","0","16","2020","임방울대로825번길 60-6","202603~202803","갱신","-","25,079","0","아파트"
"602","광주광역시 광산구 쌍암동","686-2","0686","0002","첨단중해마루힐1차주상복합","전세","84.9822","202602","06","25,710","0","10","2020","임방울대로825번길 60-6","202603~202803","갱신","-","25,079","0","아파트"
"603","광주광역시 광산구 도산동","1317","1317","0000","송정우방아이유쉘아파트","전세","80.1990","202602","06","26,000","0","11","2019","평동로1100번길 71","202603~202803","신규","-","","","아파트"
"604","광주광역시 북구 우산동","835","0835","0000","무등산자이앤어울림1단지","전세","84.9713","202602","06","40,000","0","5","2025","서양로 155","202602~202802","신규","-","","","아파트"
"605","광주광역시 북구 우산동","554-25","0554","0025","랑드리움","월세","49.6800","202602","06","3,100","42","4","2017","서암대로315번길 20-7","202602~202802","신규","-","","","아파트"
"606","광주광역시 북구 신용동","869","0869","0000","힐스테이트신용더리버","월세","84.9400","202602","06","3,000","135","6","2024","빛고을대로 615","202602~202802","-","-","","","아파트"
"607","광주광역시 북구 운암동","69","0069","0000","벽산블루밍메가씨티3단지","월세","58.7079","202602","06","3,000","65","19","2008","대자로 55","202605~202805","신규","-","","","아파트"
"608","광주광역시 북구 양산동","18-3","0018","0003","호반리젠시빌","월세","37.4790","202602","06","1,000","40","3","2000","양산로71번길 33","202603~202803","신규","-","","","아파트"
"609","광주광역시 북구 신안동","818","0818","0000","신안동고운하이플러스","전세","69.3862","202602","06","20,590","0","4","2019","서암대로 95","202603~202711","신규","-","","","아파트"
"610","광주광역시 북구 신용동","679","0679","0000","광주첨단2휴먼시아","월세","36.3700","202602","06","1,686","10","9","2011","첨단연신로 245","202603~202802","신규","-","","","아파트"
"611","광주광역시 북구 문흥동","1010-7","1010","0007","문흥제일파크","전세","49.9500","202602","06","10,000","0","6","1994","천지인로 191","-","-","-","","","아파트"
"612","광주광역시 북구 각화동","587","0587","0000","각화골드클래스","전세","59.9821","202602","06","21,200","0","11","2017","각화대로69번길 16","202603~202803","신규","-","","","아파트"
"613","광주광역시 북구 신용동","684","0684","0000","광주첨단2지구호반베르디움2단지","전세","84.9419","202602","06","33,700","0","19","2013","첨단연신로133번길 7","202602~202802","신규","-","","","아파트"
"614","광주광역시 광산구 쌍암동","686-2","0686","0002","첨단중해마루힐1차주상복합","전세","84.9822","202602","06","25,710","0","27","2020","임방울대로825번길 60-6","202603~202803","갱신","-","25,079","0","아파트"
"615","광주광역시 광산구 쌍암동","686-2","0686","0002","첨단중해마루힐1차주상복합","전세","59.9850","202602","06","19,580","0","12","2020","임방울대로825번길 60-6","202603~202803","갱신","-","19,099","0","아파트"
"616","광주광역시 광산구 송정동","754-2","0754","0002","송정뜰안애","월세","16.8123","202602","06","300","35","6","2014","광산로 77-3","202602~202702","신규","-","","","아파트"
"617","광주광역시 광산구 쌍암동","686-2","0686","0002","첨단중해마루힐1차주상복합","전세","84.9822","202602","06","25,710","0","6","2020","임방울대로825번길 60-6","202603~202803","갱신","-","25,079","0","아파트"
"618","광주광역시 북구 연제동","11","0011","0000","연제주공","월세","49.5100","202602","06","3,194","11","8","2006","양산제로 110","202603~202802","갱신","-","3,082","7","아파트"
"619","광주광역시 북구 연제동","2-7","0002","0007","광명2차","월세","59.9700","202602","06","2,000","58","15","1998","효열로 13","202602~202702","갱신","-","2,000","55","아파트"
"620","광주광역시 광산구 송정동","754-2","0754","0002","송정뜰안애","전세","16.8123","202602","06","5,250","0","3","2014","광산로 77-3","202602~202802","갱신","-","5,300","0","아파트"
"621","광주광역시 북구 두암동","968-1","0968","0001","율곡타운(주공1)","전세","41.8500","202602","06","6,300","0","13","1993","삼정로 7","202602~202802","신규","-","","","아파트"
"622","광주광역시 광산구 월계동","764-5","0764","0005","첨단라인2차","전세","60.0000","202602","06","11,000","0","5","1995","월계로 109","202603~202803","신규","-","","","아파트"
"623","광주광역시 광산구 쌍암동","686-2","0686","0002","첨단중해마루힐1차주상복합","전세","59.9850","202602","06","19,580","0","14","2020","임방울대로825번길 60-6","202603~202803","갱신","-","19,099","0","아파트"
"624","광주광역시 광산구 쌍암동","686-2","0686","0002","첨단중해마루힐1차주상복합","전세","84.9822","202602","06","25,710","0","7","2020","임방울대로825번길 60-6","202603~202803","갱신","-","25,079","0","아파트"
"625","광주광역시 광산구 쌍암동","686-2","0686","0002","첨단중해마루힐1차주상복합","전세","59.9173","202602","06","19,580","0","11","2020","임방울대로825번길 60-6","202603~202803","갱신","-","19,099","0","아파트"
"626","광주광역시 광산구 쌍암동","686-2","0686","0002","첨단중해마루힐1차주상복합","전세","84.9822","202602","06","25,710","0","8","2020","임방울대로825번길 60-6","202603~202803","갱신","-","25,079","0","아파트"
"627","광주광역시 광산구 쌍암동","686-2","0686","0002","첨단중해마루힐1차주상복합","전세","84.9822","202602","06","25,710","0","8","2020","임방울대로825번길 60-6","202603~202803","갱신","-","25,079","0","아파트"
"628","광주광역시 광산구 쌍암동","686-2","0686","0002","첨단중해마루힐1차주상복합","전세","84.9822","202602","06","25,710","0","21","2020","임방울대로825번길 60-6","202603~202803","갱신","-","25,079","0","아파트"
"629","광주광역시 광산구 쌍암동","686-2","0686","0002","첨단중해마루힐1차주상복합","전세","84.9822","202602","06","25,710","0","19","2020","임방울대로825번길 60-6","202603~202803","갱신","-","25,079","0","아파트"
"630","광주광역시 광산구 쌍암동","686-2","0686","0002","첨단중해마루힐1차주상복합","전세","84.9822","202602","06","25,710","0","9","2020","임방울대로825번길 60-6","202603~202803","갱신","-","25,079","0","아파트"
"631","광주광역시 광산구 쌍암동","686-2","0686","0002","첨단중해마루힐1차주상복합","전세","59.9850","202602","06","18,810","0","28","2020","임방울대로825번길 60-6","202603~202803","갱신","-","18,354","0","아파트"
"632","광주광역시 광산구 쌍암동","686-2","0686","0002","첨단중해마루힐1차주상복합","전세","84.9822","202602","06","25,710","0","23","2020","임방울대로825번길 60-6","202603~202803","갱신","-","25,079","0","아파트"
"633","광주광역시 광산구 쌍암동","686-2","0686","0002","첨단중해마루힐1차주상복합","전세","59.9173","202602","06","19,580","0","16","2020","임방울대로825번길 60-6","202603~202803","갱신","-","19,099","0","아파트"
"634","광주광역시 광산구 쌍암동","686-2","0686","0002","첨단중해마루힐1차주상복합","전세","59.9850","202602","06","19,580","0","8","2020","임방울대로825번길 60-6","202603~202803","갱신","-","19,099","0","아파트"
"635","광주광역시 광산구 쌍암동","686-2","0686","0002","첨단중해마루힐1차주상복합","전세","84.9822","202602","06","25,710","0","16","2020","임방울대로825번길 60-6","202603~202803","갱신","-","25,079","0","아파트"
"636","광주광역시 광산구 쌍암동","686-2","0686","0002","첨단중해마루힐1차주상복합","전세","59.9850","202602","06","19,580","0","24","2020","임방울대로825번길 60-6","202603~202803","갱신","-","19,099","0","아파트"
"637","광주광역시 광산구 쌍암동","686-2","0686","0002","첨단중해마루힐1차주상복합","전세","84.9822","202602","06","25,710","0","8","2020","임방울대로825번길 60-6","202603~202803","갱신","-","25,079","0","아파트"
"638","광주광역시 광산구 쌍암동","686-2","0686","0002","첨단중해마루힐1차주상복합","전세","84.9822","202602","06","25,710","0","26","2020","임방울대로825번길 60-6","202603~202803","갱신","-","25,079","0","아파트"
"639","광주광역시 광산구 쌍암동","686-2","0686","0002","첨단중해마루힐1차주상복합","전세","59.9850","202602","06","19,580","0","7","2020","임방울대로825번길 60-6","202603~202803","갱신","-","19,099","0","아파트"
"640","광주광역시 광산구 쌍암동","686-2","0686","0002","첨단중해마루힐1차주상복합","전세","59.9850","202602","06","18,810","0","29","2020","임방울대로825번길 60-6","202603~202803","갱신","-","18,354","0","아파트"
"641","광주광역시 광산구 쌍암동","686-2","0686","0002","첨단중해마루힐1차주상복합","전세","59.9850","202602","06","19,580","0","15","2020","임방울대로825번길 60-6","202603~202803","갱신","-","19,099","0","아파트"
"642","광주광역시 광산구 쌍암동","686-2","0686","0002","첨단중해마루힐1차주상복합","전세","84.9822","202602","06","25,710","0","14","2020","임방울대로825번길 60-6","202603~202803","갱신","-","25,079","0","아파트"
"643","광주광역시 광산구 쌍암동","686-2","0686","0002","첨단중해마루힐1차주상복합","전세","84.9822","202602","06","25,710","0","11","2020","임방울대로825번길 60-6","202603~202803","갱신","-","25,079","0","아파트"
"644","광주광역시 광산구 쌍암동","686-2","0686","0002","첨단중해마루힐1차주상복합","전세","84.9822","202602","06","25,710","0","15","2020","임방울대로825번길 60-6","202603~202803","갱신","-","25,079","0","아파트"
"645","광주광역시 광산구 쌍암동","686-2","0686","0002","첨단중해마루힐1차주상복합","전세","84.9822","202602","06","25,710","0","13","2020","임방울대로825번길 60-6","202603~202803","갱신","-","25,079","0","아파트"
"646","광주광역시 광산구 쌍암동","686-2","0686","0002","첨단중해마루힐1차주상복합","전세","59.9850","202602","06","19,580","0","12","2020","임방울대로825번길 60-6","202603~202803","갱신","-","19,099","0","아파트"
"647","광주광역시 광산구 쌍암동","686-2","0686","0002","첨단중해마루힐1차주상복합","전세","59.9850","202602","06","19,580","0","27","2020","임방울대로825번길 60-6","202603~202803","갱신","-","19,099","0","아파트"
"648","광주광역시 광산구 쌍암동","686-2","0686","0002","첨단중해마루힐1차주상복합","전세","84.9822","202602","06","25,710","0","5","2020","임방울대로825번길 60-6","202603~202803","갱신","-","25,079","0","아파트"
"649","광주광역시 광산구 쌍암동","686-2","0686","0002","첨단중해마루힐1차주상복합","전세","59.9850","202602","06","19,580","0","19","2020","임방울대로825번길 60-6","202603~202803","갱신","-","19,099","0","아파트"
"650","광주광역시 광산구 쌍암동","686-2","0686","0002","첨단중해마루힐1차주상복합","전세","59.9850","202602","06","19,580","0","15","2020","임방울대로825번길 60-6","202603~202803","신규","-","","","아파트"
"651","광주광역시 광산구 쌍암동","686-2","0686","0002","첨단중해마루힐1차주상복합","전세","84.9822","202602","06","25,710","0","14","2020","임방울대로825번길 60-6","202603~202803","갱신","-","25,079","0","아파트"
"652","광주광역시 광산구 쌍암동","686-2","0686","0002","첨단중해마루힐1차주상복합","전세","59.9850","202602","06","18,810","0","6","2020","임방울대로825번길 60-6","202603~202803","갱신","-","18,354","0","아파트"
"653","광주광역시 광산구 쌍암동","686-2","0686","0002","첨단중해마루힐1차주상복합","전세","59.9173","202602","06","19,580","0","27","2020","임방울대로825번길 60-6","202603~202803","갱신","-","19,099","0","아파트"
"654","광주광역시 광산구 쌍암동","686-2","0686","0002","첨단중해마루힐1차주상복합","전세","59.9850","202602","06","18,810","0","17","2020","임방울대로825번길 60-6","202603~202803","갱신","-","18,354","0","아파트"
"655","광주광역시 광산구 쌍암동","686-2","0686","0002","첨단중해마루힐1차주상복합","전세","59.9850","202602","06","19,580","0","10","2020","임방울대로825번길 60-6","202603~202803","갱신","-","19,099","0","아파트"
"656","광주광역시 광산구 쌍암동","686-2","0686","0002","첨단중해마루힐1차주상복합","전세","59.9850","202602","06","19,580","0","5","2020","임방울대로825번길 60-6","202603~202803","갱신","-","19,099","0","아파트"
"657","광주광역시 광산구 쌍암동","686-2","0686","0002","첨단중해마루힐1차주상복합","전세","84.9822","202602","06","25,710","0","22","2020","임방울대로825번길 60-6","202603~202803","갱신","-","25,079","0","아파트"
"658","광주광역시 광산구 쌍암동","686-2","0686","0002","첨단중해마루힐1차주상복합","전세","59.9850","202602","06","19,580","0","11","2020","임방울대로825번길 60-6","202603~202803","갱신","-","19,099","0","아파트"
"659","광주광역시 광산구 쌍암동","686-2","0686","0002","첨단중해마루힐1차주상복합","전세","59.9850","202602","06","19,580","0","20","2020","임방울대로825번길 60-6","202603~202803","갱신","-","19,099","0","아파트"
"660","광주광역시 광산구 쌍암동","686-2","0686","0002","첨단중해마루힐1차주상복합","전세","84.9822","202602","05","25,710","0","28","2020","임방울대로825번길 60-6","202605~202803","신규","-","","","아파트"
"661","광주광역시 광산구 신창동","1187","1187","0000","신창부영","전세","84.7886","202602","05","20,000","0","5","2005","장신로265번길 22","202602~202704","갱신","-","20,000","0","아파트"
"662","광주광역시 광산구 신창동","462-2","0462","0002","신창동모아미래도","전세","47.7000","202602","05","7,500","0","10","2000","북문대로419번길 27-7","202606~202806","신규","-","","","아파트"
"663","광주광역시 광산구 쌍암동","686-2","0686","0002","첨단중해마루힐1차주상복합","전세","84.9822","202602","05","25,710","0","9","2020","임방울대로825번길 60-6","202603~202803","갱신","-","25,079","0","아파트"
"664","광주광역시 광산구 쌍암동","686-2","0686","0002","첨단중해마루힐1차주상복합","전세","59.9173","202602","05","19,580","0","6","2020","임방울대로825번길 60-6","202603~202803","갱신","-","19,099","0","아파트"
"665","광주광역시 광산구 쌍암동","686-2","0686","0002","첨단중해마루힐1차주상복합","전세","84.9822","202602","05","25,710","0","24","2020","임방울대로825번길 60-6","202603~202803","신규","-","","","아파트"
"666","광주광역시 광산구 선암동","553","0553","0000","선운리버프라임","월세","66.9600","202602","05","10,478","28","3","2017","선운로 65","202602~202709","갱신","-","3,778","56","아파트"
"667","광주광역시 광산구 쌍암동","686-2","0686","0002","첨단중해마루힐1차주상복합","전세","59.9850","202602","05","19,580","0","10","2020","임방울대로825번길 60-6","202603~202803","갱신","-","19,099","0","아파트"
"668","광주광역시 광산구 쌍암동","686-2","0686","0002","첨단중해마루힐1차주상복합","전세","59.9850","202602","05","19,580","0","18","2020","임방울대로825번길 60-6","202603~202803","갱신","-","19,099","0","아파트"
"669","광주광역시 광산구 쌍암동","686-2","0686","0002","첨단중해마루힐1차주상복합","전세","84.9822","202602","05","25,710","0","18","2020","임방울대로825번길 60-6","202603~202803","갱신","-","25,079","0","아파트"
"670","광주광역시 북구 용두동","1123","1123","0000","첨단진아리채","전세","84.9821","202602","05","27,000","0","2","2020","용두마을2길 12","202603~202703","갱신","사용","27,000","0","아파트"
"671","광주광역시 북구 용두동","1123","1123","0000","첨단진아리채","전세","84.9821","202602","05","30,000","0","20","2020","용두마을2길 12","202603~202803","신규","-","","","아파트"
"672","광주광역시 광산구 쌍암동","686-2","0686","0002","첨단중해마루힐1차주상복합","전세","59.9850","202602","05","18,810","0","14","2020","임방울대로825번길 60-6","202603~202803","갱신","-","18,354","0","아파트"
"673","광주광역시 광산구 쌍암동","686-2","0686","0002","첨단중해마루힐1차주상복합","전세","59.9850","202602","05","18,810","0","10","2020","임방울대로825번길 60-6","202603~202803","신규","-","","","아파트"
"674","광주광역시 광산구 쌍암동","686-2","0686","0002","첨단중해마루힐1차주상복합","전세","59.9850","202602","05","19,580","0","6","2020","임방울대로825번길 60-6","202603~202803","신규","-","","","아파트"
"675","광주광역시 광산구 쌍암동","686-2","0686","0002","첨단중해마루힐1차주상복합","전세","84.9822","202602","05","25,710","0","13","2020","임방울대로825번길 60-6","202603~202803","갱신","-","25,079","0","아파트"
"676","광주광역시 광산구 쌍암동","686-2","0686","0002","첨단중해마루힐1차주상복합","전세","59.9850","202602","05","19,580","0","22","2020","임방울대로825번길 60-6","202603~202803","갱신","-","19,099","0","아파트"
"677","광주광역시 광산구 쌍암동","686-2","0686","0002","첨단중해마루힐1차주상복합","전세","84.9822","202602","05","25,710","0","29","2020","임방울대로825번길 60-6","202603~202803","갱신","-","25,079","0","아파트"
"678","광주광역시 광산구 도천동","627-1","0627","0001","중흥1차","전세","59.9400","202602","05","7,500","0","15","1995","비아로62번길 7","202603~202803","신규","-","","","아파트"
"679","광주광역시 북구 일곡동","848-2","0848","0002","대림1","전세","49.9400","202602","05","11,500","0","8","1997","양일로305번길 11","202604~202804","신규","-","","","아파트"
"680","광주광역시 광산구 쌍암동","686-2","0686","0002","첨단중해마루힐1차주상복합","전세","84.9822","202602","05","25,710","0","19","2020","임방울대로825번길 60-6","202603~202803","갱신","-","25,079","0","아파트"
"681","광주광역시 광산구 쌍암동","686-2","0686","0002","첨단중해마루힐1차주상복합","전세","84.9822","202602","05","25,710","0","5","2020","임방울대로825번길 60-6","202603~202803","갱신","-","25,079","0","아파트"
"682","광주광역시 광산구 쌍암동","686-2","0686","0002","첨단중해마루힐1차주상복합","전세","84.9822","202602","05","25,710","0","26","2020","임방울대로825번길 60-6","202603~202803","갱신","-","25,079","0","아파트"
"683","광주광역시 광산구 쌍암동","686-2","0686","0002","첨단중해마루힐1차주상복합","전세","84.9822","202602","05","25,710","0","5","2020","임방울대로825번길 60-6","202603~202803","갱신","-","25,079","0","아파트"
"684","광주광역시 광산구 쌍암동","686-2","0686","0002","첨단중해마루힐1차주상복합","전세","59.9850","202602","05","18,810","0","13","2020","임방울대로825번길 60-6","202603~202803","갱신","-","18,354","0","아파트"
"685","광주광역시 광산구 쌍암동","686-2","0686","0002","첨단중해마루힐1차주상복합","전세","59.9850","202602","05","19,580","0","19","2020","임방울대로825번길 60-6","202603~202803","갱신","-","19,099","0","아파트"
"686","광주광역시 광산구 쌍암동","686-2","0686","0002","첨단중해마루힐1차주상복합","전세","59.9173","202602","05","19,580","0","13","2020","임방울대로825번길 60-6","202603~202803","갱신","-","19,099","0","아파트"
"687","광주광역시 광산구 쌍암동","686-2","0686","0002","첨단중해마루힐1차주상복합","전세","59.9850","202602","05","19,580","0","27","2020","임방울대로825번길 60-6","202603~202803","갱신","-","19,099","0","아파트"
"688","광주광역시 광산구 쌍암동","686-2","0686","0002","첨단중해마루힐1차주상복합","전세","84.9822","202602","05","25,710","0","20","2020","임방울대로825번길 60-6","202603~202803","갱신","-","25,079","0","아파트"
"689","광주광역시 광산구 쌍암동","686-2","0686","0002","첨단중해마루힐1차주상복합","전세","84.9822","202602","05","25,710","0","11","2020","임방울대로825번길 60-6","202603~202803","갱신","-","25,079","0","아파트"
"690","광주광역시 광산구 쌍암동","686-2","0686","0002","첨단중해마루힐1차주상복합","전세","84.9822","202602","05","25,710","0","24","2020","임방울대로825번길 60-6","202603~202803","갱신","-","25,079","0","아파트"
"691","광주광역시 광산구 신가동","1202","1202","0000","아름마을휴먼시아3단지","월세","39.7200","202602","05","2,181","12","1","2009","하남대로261번길 11","202603~202802","신규","-","","","아파트"
"692","광주광역시 광산구 우산동","1621","1621","0000","세계수영선수촌 중흥에스-클래스 센트럴","전세","59.9323","202602","05","15,743","0","14","2020","금봉로 106","202606~202806","갱신","-","15,743","0","아파트"
"693","광주광역시 광산구 쌍암동","686-2","0686","0002","첨단중해마루힐1차주상복합","전세","84.9822","202602","05","25,710","0","26","2020","임방울대로825번길 60-6","202603~202803","갱신","-","25,079","0","아파트"
"694","광주광역시 광산구 우산동","1621","1621","0000","세계수영선수촌 중흥에스-클래스 센트럴","월세","59.9323","202602","05","3,148","29","9","2020","금봉로 106","202604~202804","갱신","-","2,998","27","아파트"
"695","광주광역시 광산구 쌍암동","686-2","0686","0002","첨단중해마루힐1차주상복합","전세","84.9822","202602","05","25,710","0","23","2020","임방울대로825번길 60-6","202603~202803","갱신","-","25,079","0","아파트"
"696","광주광역시 광산구 쌍암동","686-2","0686","0002","첨단중해마루힐1차주상복합","전세","84.9822","202602","05","25,710","0","24","2020","임방울대로825번길 60-6","202603~202803","신규","-","","","아파트"
"697","광주광역시 광산구 쌍암동","686-2","0686","0002","첨단중해마루힐1차주상복합","전세","84.9822","202602","05","25,710","0","12","2020","임방울대로825번길 60-6","202603~202803","갱신","-","25,079","0","아파트"
"698","광주광역시 광산구 쌍암동","686-2","0686","0002","첨단중해마루힐1차주상복합","전세","84.9822","202602","05","25,710","0","25","2020","임방울대로825번길 60-6","202603~202803","신규","-","","","아파트"
"699","광주광역시 광산구 쌍암동","686-2","0686","0002","첨단중해마루힐1차주상복합","전세","84.9822","202602","05","25,710","0","22","2020","임방울대로825번길 60-6","202603~202803","갱신","-","25,079","0","아파트"
"700","광주광역시 광산구 쌍암동","686-2","0686","0002","첨단중해마루힐1차주상복합","전세","84.9822","202602","05","25,710","0","23","2020","임방울대로825번길 60-6","202603~202803","갱신","-","25,079","0","아파트"
"701","광주광역시 광산구 쌍암동","686-2","0686","0002","첨단중해마루힐1차주상복합","전세","84.9822","202602","05","25,710","0","27","2020","임방울대로825번길 60-6","202603~202803","갱신","-","25,079","0","아파트"
"702","광주광역시 광산구 쌍암동","686-2","0686","0002","첨단중해마루힐1차주상복합","전세","84.9822","202602","05","25,710","0","11","2020","임방울대로825번길 60-6","202603~202803","신규","-","","","아파트"
"703","광주광역시 광산구 쌍암동","686-2","0686","0002","첨단중해마루힐1차주상복합","전세","59.9850","202602","05","18,810","0","22","2020","임방울대로825번길 60-6","202603~202803","갱신","-","18,354","0","아파트"
"704","광주광역시 광산구 쌍암동","686-2","0686","0002","첨단중해마루힐1차주상복합","전세","84.9822","202602","05","25,710","0","28","2020","임방울대로825번길 60-6","202603~202803","갱신","-","25,079","0","아파트"
"705","광주광역시 광산구 쌍암동","686-2","0686","0002","첨단중해마루힐1차주상복합","전세","84.9822","202602","05","25,710","0","14","2020","임방울대로825번길 60-6","202603~202803","갱신","-","25,079","0","아파트"
"706","광주광역시 광산구 쌍암동","686-2","0686","0002","첨단중해마루힐1차주상복합","전세","84.9822","202602","05","25,710","0","28","2020","임방울대로825번길 60-6","202603~202803","갱신","-","25,079","0","아파트"
"707","광주광역시 광산구 송정동","763-12","0763","0012","펠릭스골드","월세","21.1955","202602","05","300","36","10","2017","광산로 61","202602~202702","신규","-","","","아파트"
"708","광주광역시 북구 연제동","1119","1119","0000","힐스테이트연제","월세","84.9934","202602","05","15,000","50","13","2020","양일1로 31","202603~202803","신규","-","","","아파트"
"709","광주광역시 북구 연제동","1119","1119","0000","힐스테이트연제","전세","84.9934","202602","05","30,000","0","8","2020","양일1로 31","202604~202803","신규","-","","","아파트"
"710","광주광역시 광산구 신창동","1111","1111","0000","신창5차호반베르디움","월세","84.6799","202602","05","3,000","100","7","2005","왕버들로251번길 27","202604~202804","신규","-","","","아파트"
"711","광주광역시 북구 오치동","981-7","0981","0007","고운3","월세","99.9800","202602","05","500","35","10","1995","대천로27번길 14-7","202602~202802","신규","-","","","아파트"
"712","광주광역시 광산구 도산동","1317","1317","0000","송정우방아이유쉘아파트","월세","80.1990","202602","05","5,000","80","1","2019","평동로1100번길 71","202603~202703","신규","-","","","아파트"
"713","광주광역시 광산구 쌍암동","686-2","0686","0002","첨단중해마루힐1차주상복합","전세","84.9822","202602","05","25,710","0","26","2020","임방울대로825번길 60-6","202603~202803","갱신","-","25,079","0","아파트"
"714","광주광역시 북구 오치동","862-10","0862","0010","대광아파트","월세","28.9800","202602","05","1,200","23","9","1998","설죽로336번길 17","202602~202802","신규","-","","","아파트"
"715","광주광역시 광산구 쌍암동","686-2","0686","0002","첨단중해마루힐1차주상복합","전세","84.9822","202602","05","25,710","0","19","2020","임방울대로825번길 60-6","202603~202803","갱신","-","25,079","0","아파트"
"716","광주광역시 광산구 쌍암동","686-2","0686","0002","첨단중해마루힐1차주상복합","전세","59.9850","202602","05","19,580","0","8","2020","임방울대로825번길 60-6","202603~202803","갱신","-","19,099","0","아파트"
"717","광주광역시 광산구 쌍암동","686-2","0686","0002","첨단중해마루힐1차주상복합","전세","84.9822","202602","05","25,710","0","21","2020","임방울대로825번길 60-6","202603~202803","갱신","-","25,079","0","아파트"
"718","광주광역시 광산구 쌍암동","686-2","0686","0002","첨단중해마루힐1차주상복합","전세","59.9850","202602","05","18,810","0","19","2020","임방울대로825번길 60-6","202603~202803","갱신","-","18,354","0","아파트"
"719","광주광역시 광산구 쌍암동","686-2","0686","0002","첨단중해마루힐1차주상복합","전세","84.9822","202602","05","25,710","0","8","2020","임방울대로825번길 60-6","202603~202803","갱신","-","25,079","0","아파트"
"720","광주광역시 광산구 쌍암동","686-2","0686","0002","첨단중해마루힐1차주상복합","전세","59.9173","202602","05","19,580","0","19","2020","임방울대로825번길 60-6","202603~202803","갱신","-","19,099","0","아파트"
"721","광주광역시 광산구 쌍암동","686-2","0686","0002","첨단중해마루힐1차주상복합","전세","84.9822","202602","05","25,710","0","22","2020","임방울대로825번길 60-6","202603~202803","갱신","-","25,079","0","아파트"
"722","광주광역시 광산구 쌍암동","686-2","0686","0002","첨단중해마루힐1차주상복합","전세","84.9822","202602","05","25,710","0","22","2020","임방울대로825번길 60-6","202603~202803","갱신","-","25,079","0","아파트"
"723","광주광역시 광산구 쌍암동","686-2","0686","0002","첨단중해마루힐1차주상복합","전세","59.9173","202602","05","19,580","0","28","2020","임방울대로825번길 60-6","202603~202803","갱신","-","19,099","0","아파트"
"724","광주광역시 광산구 쌍암동","686-2","0686","0002","첨단중해마루힐1차주상복합","전세","84.9822","202602","05","25,710","0","16","2020","임방울대로825번길 60-6","202603~202803","갱신","-","25,079","0","아파트"
"725","광주광역시 광산구 쌍암동","686-2","0686","0002","첨단중해마루힐1차주상복합","전세","59.9173","202602","05","19,580","0","22","2020","임방울대로825번길 60-6","202603~202803","갱신","-","19,099","0","아파트"
"726","광주광역시 광산구 쌍암동","686-2","0686","0002","첨단중해마루힐1차주상복합","전세","84.9822","202602","05","25,710","0","18","2020","임방울대로825번길 60-6","202603~202803","갱신","-","25,079","0","아파트"
"727","광주광역시 광산구 쌍암동","686-2","0686","0002","첨단중해마루힐1차주상복합","전세","59.9173","202602","05","19,580","0","20","2020","임방울대로825번길 60-6","202603~202803","갱신","-","19,099","0","아파트"
"728","광주광역시 광산구 쌍암동","686-2","0686","0002","첨단중해마루힐1차주상복합","전세","59.9850","202602","05","19,580","0","21","2020","임방울대로825번길 60-6","202603~202803","갱신","-","19,099","0","아파트"
"729","광주광역시 광산구 쌍암동","686-2","0686","0002","첨단중해마루힐1차주상복합","전세","59.9173","202602","05","19,580","0","23","2020","임방울대로825번길 60-6","202603~202803","갱신","-","19,099","0","아파트"
"730","광주광역시 광산구 쌍암동","686-2","0686","0002","첨단중해마루힐1차주상복합","전세","84.9822","202602","05","25,710","0","18","2020","임방울대로825번길 60-6","202603~202803","갱신","-","25,079","0","아파트"
"731","광주광역시 광산구 쌍암동","686-2","0686","0002","첨단중해마루힐1차주상복합","전세","59.9850","202602","05","19,580","0","25","2020","임방울대로825번길 60-6","202603~202803","갱신","-","19,099","0","아파트"
"732","광주광역시 광산구 쌍암동","686-2","0686","0002","첨단중해마루힐1차주상복합","전세","84.9822","202602","05","25,710","0","10","2020","임방울대로825번길 60-6","202603~202803","갱신","-","25,079","0","아파트"
"733","광주광역시 광산구 쌍암동","686-2","0686","0002","첨단중해마루힐1차주상복합","전세","84.9822","202602","05","25,710","0","22","2020","임방울대로825번길 60-6","202603~202803","갱신","-","25,079","0","아파트"
"734","광주광역시 광산구 쌍암동","686-2","0686","0002","첨단중해마루힐1차주상복합","전세","59.9850","202602","05","18,810","0","23","2020","임방울대로825번길 60-6","202603~202803","갱신","-","18,354","0","아파트"
"735","광주광역시 광산구 쌍암동","686-2","0686","0002","첨단중해마루힐1차주상복합","전세","59.9850","202602","05","19,580","0","17","2020","임방울대로825번길 60-6","202603~202803","갱신","-","19,099","0","아파트"
"736","광주광역시 광산구 쌍암동","686-2","0686","0002","첨단중해마루힐1차주상복합","전세","59.9850","202602","05","19,580","0","9","2020","임방울대로825번길 60-6","202603~202803","신규","-","","","아파트"
"737","광주광역시 광산구 쌍암동","686-2","0686","0002","첨단중해마루힐1차주상복합","전세","84.9822","202602","05","25,710","0","15","2020","임방울대로825번길 60-6","202603~202803","갱신","-","25,079","0","아파트"
"738","광주광역시 광산구 쌍암동","686-2","0686","0002","첨단중해마루힐1차주상복합","전세","84.9822","202602","05","25,710","0","18","2020","임방울대로825번길 60-6","202603~202803","갱신","-","25,079","0","아파트"
"739","광주광역시 광산구 쌍암동","686-2","0686","0002","첨단중해마루힐1차주상복합","전세","84.9822","202602","05","25,710","0","26","2020","임방울대로825번길 60-6","202603~202803","신규","-","","","아파트"
"740","광주광역시 광산구 쌍암동","686-2","0686","0002","첨단중해마루힐1차주상복합","전세","59.9173","202602","05","19,580","0","14","2020","임방울대로825번길 60-6","202603~202803","갱신","-","19,099","0","아파트"
"741","광주광역시 광산구 쌍암동","686-2","0686","0002","첨단중해마루힐1차주상복합","전세","84.9822","202602","05","25,710","0","27","2020","임방울대로825번길 60-6","202603~202803","갱신","-","25,079","0","아파트"
"742","광주광역시 광산구 쌍암동","686-2","0686","0002","첨단중해마루힐1차주상복합","전세","84.9822","202602","05","25,710","0","8","2020","임방울대로825번길 60-6","202603~202803","갱신","-","25,079","0","아파트"
"743","광주광역시 광산구 쌍암동","686-2","0686","0002","첨단중해마루힐1차주상복합","전세","84.9822","202602","05","25,710","0","13","2020","임방울대로825번길 60-6","202603~202803","갱신","-","25,079","0","아파트"
"744","광주광역시 광산구 쌍암동","686-2","0686","0002","첨단중해마루힐1차주상복합","전세","84.9822","202602","05","25,710","0","9","2020","임방울대로825번길 60-6","202603~202803","갱신","-","25,079","0","아파트"
"745","광주광역시 광산구 쌍암동","686-2","0686","0002","첨단중해마루힐1차주상복합","전세","84.9822","202602","05","25,710","0","19","2020","임방울대로825번길 60-6","202603~202803","갱신","-","25,079","0","아파트"
"746","광주광역시 광산구 쌍암동","686-2","0686","0002","첨단중해마루힐1차주상복합","전세","84.9822","202602","05","25,710","0","23","2020","임방울대로825번길 60-6","202603~202803","신규","-","","","아파트"
"747","광주광역시 광산구 쌍암동","686-2","0686","0002","첨단중해마루힐1차주상복합","전세","59.9173","202602","05","19,580","0","10","2020","임방울대로825번길 60-6","202603~202803","갱신","-","19,099","0","아파트"
"748","광주광역시 광산구 쌍암동","686-2","0686","0002","첨단중해마루힐1차주상복합","전세","84.9822","202602","05","25,710","0","11","2020","임방울대로825번길 60-6","202603~202803","갱신","-","25,079","0","아파트"
"749","광주광역시 광산구 쌍암동","686-2","0686","0002","첨단중해마루힐1차주상복합","전세","59.9850","202602","05","19,580","0","6","2020","임방울대로825번길 60-6","202604~202803","신규","-","","","아파트"
"750","광주광역시 광산구 쌍암동","686-2","0686","0002","첨단중해마루힐1차주상복합","전세","84.9822","202602","05","25,710","0","20","2020","임방울대로825번길 60-6","202603~202803","갱신","-","25,079","0","아파트"
"751","광주광역시 광산구 쌍암동","686-2","0686","0002","첨단중해마루힐1차주상복합","전세","84.9822","202602","05","25,710","0","19","2020","임방울대로825번길 60-6","202603~202803","갱신","-","25,079","0","아파트"
"752","광주광역시 광산구 쌍암동","686-2","0686","0002","첨단중해마루힐1차주상복합","전세","84.9822","202602","05","25,710","0","15","2020","임방울대로825번길 60-6","202603~202803","갱신","-","25,079","0","아파트"
"753","광주광역시 광산구 쌍암동","686-2","0686","0002","첨단중해마루힐1차주상복합","전세","84.9822","202602","05","25,710","0","14","2020","임방울대로825번길 60-6","202603~202803","갱신","-","25,079","0","아파트"
"754","광주광역시 광산구 쌍암동","686-2","0686","0002","첨단중해마루힐1차주상복합","전세","59.9850","202602","05","18,810","0","18","2020","임방울대로825번길 60-6","202603~202803","갱신","-","18,354","0","아파트"
"755","광주광역시 북구 문흥동","1010-2","1010","0002","일신","전세","59.9900","202602","05","12,000","0","18","1994","대천로 124-4","202602~202802","갱신","사용","12,000","0","아파트"
"756","광주광역시 북구 신용동","667","0667","0000","광주첨단1휴먼시아","월세","36.3700","202602","05","1,703","10","1","2011","첨단연신로 250","202603~202802","신규","-","","","아파트"
"757","광주광역시 광산구 쌍암동","686-2","0686","0002","첨단중해마루힐1차주상복합","전세","84.9822","202602","05","25,710","0","12","2020","임방울대로825번길 60-6","202603~202803","갱신","-","25,079","0","아파트"
"758","광주광역시 광산구 쌍암동","686-2","0686","0002","첨단중해마루힐1차주상복합","전세","84.9822","202602","05","25,710","0","20","2020","임방울대로825번길 60-6","202603~202803","갱신","-","25,079","0","아파트"
"759","광주광역시 광산구 쌍암동","686-2","0686","0002","첨단중해마루힐1차주상복합","전세","84.9822","202602","05","25,710","0","5","2020","임방울대로825번길 60-6","202603~202803","갱신","-","25,079","0","아파트"
"760","광주광역시 광산구 쌍암동","686-2","0686","0002","첨단중해마루힐1차주상복합","전세","84.9822","202602","05","25,710","0","11","2020","임방울대로825번길 60-6","202603~202803","갱신","-","25,079","0","아파트"
"761","광주광역시 광산구 쌍암동","686-2","0686","0002","첨단중해마루힐1차주상복합","전세","59.9850","202602","05","19,580","0","17","2020","임방울대로825번길 60-6","202603~202803","갱신","-","19,099","0","아파트"
"762","광주광역시 광산구 쌍암동","686-2","0686","0002","첨단중해마루힐1차주상복합","전세","59.9850","202602","05","18,810","0","8","2020","임방울대로825번길 60-6","202603~202803","갱신","-","18,354","0","아파트"
"763","광주광역시 광산구 쌍암동","686-2","0686","0002","첨단중해마루힐1차주상복합","전세","59.9850","202602","05","18,810","0","24","2020","임방울대로825번길 60-6","202603~202803","갱신","-","18,354","0","아파트"
"764","광주광역시 광산구 쌍암동","686-2","0686","0002","첨단중해마루힐1차주상복합","전세","59.9850","202602","05","19,580","0","18","2020","임방울대로825번길 60-6","202603~202803","갱신","-","19,099","0","아파트"
"765","광주광역시 광산구 쌍암동","686-2","0686","0002","첨단중해마루힐1차주상복합","전세","84.9822","202602","05","25,710","0","25","2020","임방울대로825번길 60-6","202603~202803","갱신","-","25,079","0","아파트"
"766","광주광역시 광산구 쌍암동","686-2","0686","0002","첨단중해마루힐1차주상복합","전세","84.9822","202602","05","25,710","0","29","2020","임방울대로825번길 60-6","202603~202803","갱신","-","25,079","0","아파트"
"767","광주광역시 광산구 쌍암동","686-2","0686","0002","첨단중해마루힐1차주상복합","전세","59.9850","202602","05","18,810","0","11","2020","임방울대로825번길 60-6","202603~202803","갱신","-","18,354","0","아파트"
"768","광주광역시 광산구 월계동","758-8","0758","0008","기산","월세","66.2700","202602","05","1,000","55","2","1996","임방울대로 727-6","202603~202803","신규","-","","","아파트"
"769","광주광역시 광산구 월계동","764-2","0764","0002","서라","월세","59.9300","202602","05","1,000","55","3","1995","첨단내촌로 102","202603~202803","신규","-","","","아파트"
"770","광주광역시 광산구 월계동","765-2","0765","0002","첨단라인1","월세","60.0000","202602","05","1,000","50","4","1995","월계로 117-32","202604~202704","신규","-","","","아파트"
"771","광주광역시 광산구 월계동","884-2","0884","0002","첨단AM-City","월세","19.1513","202602","05","0","42","5","2012","첨단중앙로106번길 65-4","202602~202702","신규","-","","","아파트"
"772","광주광역시 광산구 월계동","884-2","0884","0002","첨단AM-City","월세","19.1513","202602","05","0","42","4","2012","첨단중앙로106번길 65-4","202602~202702","신규","-","","","아파트"
"773","광주광역시 광산구 쌍암동","686-2","0686","0002","첨단중해마루힐1차주상복합","전세","84.9822","202602","05","25,710","0","23","2020","임방울대로825번길 60-6","202603~202803","갱신","-","25,079","0","아파트"
"774","광주광역시 광산구 쌍암동","686-2","0686","0002","첨단중해마루힐1차주상복합","전세","84.9822","202602","05","25,710","0","10","2020","임방울대로825번길 60-6","202603~202803","갱신","-","25,079","0","아파트"
"775","광주광역시 광산구 쌍암동","686-2","0686","0002","첨단중해마루힐1차주상복합","전세","84.9822","202602","05","25,710","0","14","2020","임방울대로825번길 60-6","202603~202803","갱신","-","25,079","0","아파트"
"776","광주광역시 광산구 월곡동","538-2","0538","0002","하남부영","전세","60.0000","202602","05","7,633","0","3","1992","사암로 251","202604~202704","갱신","-","7,596","0","아파트"
"777","광주광역시 광산구 장덕동","1098","1098","0000","고실마을휴먼시아8단지","월세","59.6400","202602","05","6,901","12","5","2010","풍영로330번길 15","202604~202803","신규","-","","","아파트"
"778","광주광역시 북구 본촌동","3102","3102","0000","힐스테이트본촌","전세","84.9976","202602","05","32,000","0","12","2019","본촌마을길 157-22","202602~202802","갱신","사용","32,000","0","아파트"
"779","광주광역시 서구 금호동","741-1","0741","0001","금호시영1단지","월세","49.8600","202602","05","1,500","45","5","1993","운천로 41","202602~202802","신규","-","","","아파트"
"780","광주광역시 북구 중흥동","822","0822","0000","중흥동동우아스트로아파트","전세","59.9863","202602","05","18,500","0","10","2019","효죽로9번길 53","202602~202802","신규","-","","","아파트"
"781","광주광역시 남구 봉선동","1076","1076","0000","포스코더샵","월세","84.3200","202602","05","10,000","150","2","2004","효사랑길 14","202602~202802","신규","-","","","아파트"
"782","광주광역시 동구 선교동","487","0487","0000","광주선교지구1차우방아이유쉘아파트","전세","49.0667","202602","05","14,000","0","7","2023","선교로 38-30","202602~202802","신규","-","","","아파트"
"783","광주광역시 남구 주월동","1312","1312","0000","봉선로남해오네뜨","전세","75.0659","202602","05","30,000","0","20","2018","봉선로 42","202603~202803","신규","-","","","아파트"
"784","광주광역시 남구 봉선동","985","0985","0000","라인광장1","전세","59.8500","202602","05","12,700","0","10","1987","봉선중앙로 103","202604~202804","신규","-","","","아파트"
"785","광주광역시 동구 지산동","671","0671","0000","지산휴먼시아","전세","74.9200","202602","05","23,000","0","9","2010","동명로69번길 20","202603~202803","신규","-","","","아파트"
"786","광주광역시 동구 학동","1022","1022","0000","무등산아이파크","월세","84.7496","202602","05","10,000","110","14","2017","남문로753번길 20","202602~202802","갱신","-","10,000","91","아파트"
"787","광주광역시 동구 계림동","1827","1827","0000","그랜드센트럴","월세","84.9647","202602","05","5,000","120","14","2020","경양로 234","202605~202805","신규","-","","","아파트"
"788","광주광역시 동구 계림동","1827","1827","0000","그랜드센트럴","전세","75.9789","202602","05","33,000","0","26","2020","경양로 234","202603~202803","신규","-","","","아파트"
"789","광주광역시 북구 중흥동","611-10","0611","0010","광주역다사로움","월세","20.7800","202602","05","1,786","8","13","2019","서암대로 268","202602~202803","신규","-","","","아파트"
"790","광주광역시 동구 산수동","730","0730","0000","명지로드힐포레","전세","74.1309","202602","05","29,000","0","14","2021","밤실로90번길 20","202604~202804","갱신","사용","29,000","0","아파트"
"791","광주광역시 서구 풍암동","1059","1059","0000","한국","월세","59.9850","202602","05","2,000","70","1","2000","풍암2로 84","202602~202802","신규","-","","","아파트"
"792","광주광역시 서구 금호동","815","0815","0000","호반리젠시빌2차","월세","39.7920","202602","05","1,000","42","16","2000","화개1로 33","202602~202802","갱신","사용","1,000","40","아파트"
"793","광주광역시 남구 봉선동","490-1","0490","0001","금호2","전세","84.8300","202602","05","32,000","0","4","1995","봉선로 134","202602~202802","갱신","-","32,000","0","아파트"
"794","광주광역시 동구 금남로5가","154-1","0154","0001","AM-City하이클래스","월세","17.6700","202602","05","1,000","33","13","2014","금남로 185","202602~202702","신규","-","","","아파트"
"795","광주광역시 서구 치평동","1166-2","1166","0002","대우금호","전세","59.9400","202602","05","18,000","0","2","1998","치평로 107","202603~202803","신규","-","","","아파트"
"796","광주광역시 서구 치평동","1171-6","1171","0006","라인대주","전세","59.8700","202602","05","18,500","0","6","1997","치평로 15","202603~202803","신규","-","","","아파트"
"797","광주광역시 서구 치평동","1218","1218","0000","상무지구리채시티","월세","20.0778","202602","05","300","40","13","2014","시청로 71","202602~202702","신규","-","","","아파트"
"798","광주광역시 서구 치평동","1171-6","1171","0006","라인대주","월세","59.8700","202602","05","1,000","75","6","1997","치평로 15","202604~202804","신규","-","","","아파트"
"799","광주광역시 서구 치평동","1249","1249","0000","상무광명메이루즈","전세","84.9340","202602","05","34,000","0","28","2016","시청로 27","202602~202802","갱신","-","33,000","0","아파트"
"800","광주광역시 남구 월산동","1065","1065","0000","반도유보라더퍼스트","전세","35.4784","202602","05","18,000","0","14","2022","구성로8번길 6","202602~202802","신규","-","","","아파트"
"801","광주광역시 남구 진월동","514-22","0514","0022","진월동한국아델리움아파트","월세","166.1508","202602","05","20,000","130","19","2005","서문대로627번길 19","202602~203102","신규","-","","","아파트"
"802","광주광역시 동구 소태동","1113","1113","0000","e편한세상무등산","전세","84.9508","202602","05","32,500","0","11","2022","지원로42번길 10","202603~202803","신규","-","","","아파트"
"803","광주광역시 동구 선교동","487","0487","0000","광주선교지구1차우방아이유쉘아파트","전세","49.0667","202602","04","14,000","0","5","2023","선교로 38-30","202603~202803","신규","-","","","아파트"
"804","광주광역시 동구 계림동","1845","1845","0000","두산위브3차(두산위브더파크)","전세","39.9452","202602","04","15,500","0","7","2021","중앙로290번길 16","202603~202803","갱신","사용","15,500","0","아파트"
"805","광주광역시 동구 계림동","1845","1845","0000","두산위브3차(두산위브더파크)","전세","39.9452","202602","04","15,500","0","7","2021","중앙로290번길 16","-","-","-","","","아파트"
"806","광주광역시 북구 임동","887","0887","0000","S-클래스더제니스","전세","59.7870","202602","04","30,000","0","37","2024","천변우로 227","202603~202803","신규","-","","","아파트"
"807","광주광역시 북구 임동","887","0887","0000","S-클래스더제니스","전세","59.7870","202602","04","23,100","0","18","2024","천변우로 227","202603~202803","갱신","사용","22,000","0","아파트"
"808","광주광역시 북구 임동","887","0887","0000","S-클래스더제니스","전세","59.7870","202602","04","23,100","0","18","2024","천변우로 227","202603~202802","갱신","사용","22,000","0","아파트"
"809","광주광역시 북구 임동","14-2","0014","0002","국제미소래","전세","49.3193","202602","04","8,730","0","7","2014","중가로3번길 25","202602~202703","갱신","-","8,730","0","아파트"
"810","광주광역시 서구 쌍촌동","1228-1","1228","0001","빛고을파크","전세","59.8500","202602","04","12,000","0","7","1991","화정로 105","202602~202802","신규","-","","","아파트"
"811","광주광역시 남구 진월동","348","0348","0000","아남","전세","59.7600","202602","04","14,000","0","17","1997","금당로3길 20","202602~202802","갱신","사용","14,000","0","아파트"
"812","광주광역시 남구 방림동","556","0556","0000","모아","월세","59.9600","202602","04","1,000","55","3","1989","봉선1로 87","202602~202802","신규","-","","","아파트"
"813","광주광역시 서구 화정동","1712","1712","0000","더샵염주센트럴파크","전세","76.9341","202602","04","37,000","0","2","2022","월드컵4강로 27","202602~202802","신규","-","","","아파트"
"814","광주광역시 서구 화정동","1712","1712","0000","더샵염주센트럴파크","전세","76.9341","202602","04","37,000","0","2","2022","월드컵4강로 27","202602~202802","신규","-","","","아파트"
"815","광주광역시 서구 치평동","1331","1331","0000","상무에스케이뷰","전세","84.9870","202602","04","37,000","0","11","2016","마륵복개로 140","202602~202802","신규","-","","","아파트"
"816","광주광역시 서구 치평동","1218","1218","0000","상무지구리채시티","월세","20.0778","202602","04","500","40","9","2014","시청로 71","202602~202702","신규","-","","","아파트"
"817","광주광역시 남구 봉선동","1085","1085","0000","봉선3차한국아델리움","전세","84.8768","202602","04","50,000","0","8","2014","제석로80번길 36","202602~202802","갱신","사용","49,000","0","아파트"
"818","광주광역시 남구 봉선동","1085","1085","0000","봉선3차한국아델리움","월세","84.8768","202602","04","50,000","20","8","2014","제석로80번길 36","202602~202802","갱신","사용","49,000","0","아파트"
"819","광주광역시 서구 풍암동","1048","1048","0000","중흥호반","월세","59.5500","202602","04","2,000","55","16","2000","풍암순환로 10","202604~202804","신규","-","","","아파트"
"820","광주광역시 남구 봉선동","518","0518","0000","라인2","월세","84.9900","202602","04","5,000","75","5","1997","제석로80번길 22-10","202602~202802","신규","-","","","아파트"
"821","광주광역시 남구 백운동","409","0409","0000","대흥사직스카이","월세","128.9600","202602","04","2,000","60","2","1991","제중로 123","202603~202803","신규","-","","","아파트"
"822","광주광역시 서구 쌍촌동","1228-1","1228","0001","빛고을파크","월세","59.8200","202602","04","1,000","50","11","1991","화정로 105","202602~202802","신규","-","","","아파트"
"823","광주광역시 서구 금호동","786","0786","0000","마재마을주은","월세","84.9600","202602","04","5,000","65","1","2000","마재로 57","202603~202803","신규","-","","","아파트"
"824","광주광역시 서구 금호동","1112","1112","0000","금호지구대광로제비앙","전세","84.8726","202602","04","38,000","0","2","2022","금호심곡길 21","202602~202802","신규","-","","","아파트"
"825","광주광역시 남구 행암동","546","0546","0000","브라운스톤효천","전세","84.9500","202602","04","17,000","0","20","2017","효우2로 89","202602~202802","신규","-","","","아파트"
"826","광주광역시 서구 마륵동","815","0815","0000","광주상무역골드클래스아파트","전세","119.7448","202602","04","55,000","0","15","2023","북촌길 31","202602~202802","신규","-","","","아파트"
"827","광주광역시 남구 백운동","585-3","0585","0003","신천","월세","54.0000","202602","04","500","45","5","1987","백운로44번길 7","202602~202702","신규","-","","","아파트"
"828","광주광역시 동구 학동","1022","1022","0000","무등산아이파크","전세","84.8412","202602","04","42,000","0","19","2017","남문로753번길 20","202602~202802","갱신","사용","40,000","0","아파트"
"829","광주광역시 남구 진월동","348","0348","0000","아남","전세","59.7600","202602","04","14,000","0","17","1997","금당로3길 20","202602~203002","갱신","-","14,000","0","아파트"
"830","광주광역시 남구 진월동","277","0277","0000","한신2","월세","59.9800","202602","04","10,000","25","13","1997","서문대로701번길 21","202603~202803","신규","-","","","아파트"
"831","광주광역시 서구 화정동","1712","1712","0000","더샵염주센트럴파크","전세","59.9449","202602","04","30,000","0","1","2022","월드컵4강로 27","202603~202803","신규","-","","","아파트"
"832","광주광역시 동구 충장로4가","14","0014","0000","충장아트원","전세","18.0000","202602","04","5,000","0","9","2014","중앙로 179","202602~202802","갱신","-","6,000","0","아파트"
"833","광주광역시 서구 쌍촌동","1393","1393","0000","상무센트럴자이","전세","125.4000","202602","04","90,000","0","20","2025","상무민주로32번길 10","202604~202804","신규","-","","","아파트"
"834","광주광역시 남구 주월동","543-9","0543","0009","주월동마이다스빌101동","월세","40.1190","202602","04","2,000","36","12","1999","회재로1156번길 13","202602~202702","갱신","-","2,000","34","아파트"
"835","광주광역시 북구 용두동","1111","1111","0000","이안광주첨단아파트","전세","59.9800","202602","04","22,000","0","1","2017","용두마을길 13","202602~202802","신규","-","","","아파트"
"836","광주광역시 광산구 수완동","908","0908","0000","우미린2차","전세","84.9547","202602","04","36,000","0","4","2008","왕버들로132번길 22","202602~202802","갱신","-","33,000","0","아파트"
"837","광주광역시 광산구 수완동","926","0926","0000","광주수완6차대방노블랜드","전세","115.9812","202602","04","58,000","0","16","2013","왕버들로132번길 35","202602~202802","신규","-","","","아파트"
"838","광주광역시 북구 신용동","667","0667","0000","광주첨단1휴먼시아","월세","46.7200","202602","04","2,724","15","11","2011","첨단연신로 250","202603~202802","갱신","-","2,644","15","아파트"
"839","광주광역시 북구 두암동","968-1","0968","0001","율곡타운(주공1)","월세","41.8500","202602","04","500","35","15","1993","삼정로 7","202603~202803","신규","-","","","아파트"
"840","광주광역시 광산구 월계동","763-6","0763","0006","호반2차","전세","59.8200","202602","04","13,000","0","1","1997","월계로 59","-","-","-","","","아파트"
"841","광주광역시 북구 운암동","940","0940","0000","운암프라자","월세","38.6100","202602","04","500","45","3","2006","서강로 104-3","202602~202802","신규","-","","","아파트"
"842","광주광역시 광산구 월계동","892-17","0892","0017","첨단AM-City스카이하이","월세","19.2584","202602","04","300","38","6","2014","월계로 195","202602~202702","신규","-","","","아파트"
"843","광주광역시 북구 일곡동","850-4","0850","0004","청솔2차","월세","48.4500","202602","04","500","45","2","2000","설죽로 555","202602~202802","신규","-","","","아파트"
"844","광주광역시 광산구 월계동","764-3","0764","0003","호반1차","전세","59.9500","202602","04","11,000","0","4","1995","월계로 117-35","202603~202803","신규","-","","","아파트"
"845","광주광역시 광산구 소촌동","874","0874","0000","소촌동지오스테이션아파트","전세","67.4527","202602","04","16,700","0","5","2015","송정공원로11번길 50-3","202602~202607","갱신","-","16,000","0","아파트"
"846","광주광역시 북구 매곡동","280-1","0280","0001","부림1","월세","59.7900","202602","04","1,000","50","16","1995","하백로46번길 9","202603~202803","신규","-","","","아파트"
"847","광주광역시 광산구 선암동","782","0782","0000","선운지구진아리채","월세","78.0887","202602","04","5,000","80","12","2014","선운로 33","202603~202803","신규","-","","","아파트"
"848","광주광역시 광산구 송정동","948-4","0948","0004","마이다스빌","월세","35.0360","202602","04","3,859","1","6","1999","평동로1119번길 25","202602~202802","갱신","-","3,859","0","아파트"
"849","광주광역시 광산구 송정동","763-12","0763","0012","펠릭스골드","월세","21.8655","202602","04","200","35","4","2017","광산로 61","202602~202702","신규","-","","","아파트"
"850","광주광역시 광산구 월계동","764-4","0764","0004","첨단두산1차","전세","59.9970","202602","04","12,000","0","3","1996","월계로 117-21","202603~202803","신규","-","","","아파트"
"851","광주광역시 북구 본촌동","2866","2866","0000","베스트클래스아파트","전세","67.4723","202602","04","15,000","0","3","2017","본촌마을길 178","202603~202803","신규","-","","","아파트"
"852","광주광역시 광산구 흑석동","504","0504","0000","장자울마을휴먼시아5단지","월세","51.9300","202602","04","3,504","19","14","2009","풍영로145번길 42","202603~202802","신규","-","","","아파트"
"853","광주광역시 광산구 월곡동","614-2","0614","0002","한성2차","월세","59.0400","202602","03","9,000","10","1","1991","월곡산정로 96-21","202603~202803","신규","-","","","아파트"
"854","광주광역시 광산구 산정동","1148","1148","0000","어등산대광로제비앙퍼스트뷰공동주택","전세","81.3014","202602","03","29,000","0","12","2023","용아로 247","202602~202802","신규","-","","","아파트"
"855","광주광역시 광산구 흑석동","517","0517","0000","장자울마을휴먼시아4단지","월세","51.9300","202602","03","4,304","13","9","2009","풍영로145번길 43","202603~202802","갱신","-","3,402","18","아파트"
"856","광주광역시 광산구 장덕동","1037","1037","0000","광주수완7신완마을휴먼시아","월세","39.2500","202602","03","2,096","12","5","2011","풍영로329번길 50","202603~202802","갱신","-","2,035","12","아파트"
"857","광주광역시 광산구 월곡동","613-1","0613","0001","금호타운","전세","56.6900","202602","03","12,500","0","6","1991","월곡산정로 80","202602~202802","갱신","-","12,500","0","아파트"
"858","광주광역시 동구 용산동","663","0663","0000","용산지구모아엘가에듀파크","전세","84.9024","202602","03","26,000","0","13","2019","용산3길 17","202602~202802","갱신","사용","25,000","0","아파트"
"859","광주광역시 북구 중흥동","611-10","0611","0010","광주역다사로움","월세","36.4800","202602","03","4,578","7","10","2019","서암대로 268","202602~202802","신규","-","","","아파트"
"860","광주광역시 북구 임동","14-2","0014","0002","국제미소래","전세","49.5254","202602","03","8,730","0","13","2014","중가로3번길 25","202603~202703","갱신","-","8,480","0","아파트"
"861","광주광역시 북구 임동","887","0887","0000","S-클래스더제니스","전세","84.9799","202602","03","40,000","0","16","2024","천변우로 227","202603~202803","신규","-","","","아파트"
"862","광주광역시 북구 임동","887","0887","0000","S-클래스더제니스","월세","76.8231","202602","03","3,000","130","37","2024","천변우로 227","202603~202803","신규","-","","","아파트"
"863","광주광역시 북구 임동","637","0637","0000","임동중흥에스클래스센텀파크","월세","39.9860","202602","03","2,000","66","11","2021","임동로 7","202602~202802","신규","-","","","아파트"
"864","광주광역시 북구 임동","104-8","0104","0008","한국아델리움2차","월세","84.9308","202602","03","5,000","70","11","2007","천변우로79번길 25","202602~202702","갱신","사용","5,000","70","아파트"
"865","광주광역시 서구 금호동","818","0818","0000","부영(마재마을)","월세","80.1864","202602","03","5,000","65","8","2000","화개1로24번길 10","202602~202802","신규","-","","","아파트"
"866","광주광역시 서구 화정동","23-37","0023","0037","유탑유블레스","월세","19.7906","202602","03","300","39","12","2013","내방로 349","202602~202702","신규","-","","","아파트"
"867","광주광역시 서구 마륵동","820","0820","0000","효성해링턴플레이스상무역","전세","119.9945","202602","03","43,000","0","5","2024","신기길 10","202605~202805","갱신","-","43,000","0","아파트"
"868","광주광역시 서구 동천동","515","0515","0000","동천 리버팰리스","월세","84.9500","202602","03","5,000","85","5","2008","동천로18번길 19","202602~202802","신규","-","","","아파트"
"869","광주광역시 남구 임암동","679","0679","0000","광주효천1엘에이치1단지","월세","26.6300","202602","03","1,036","13","8","2021","효천로 176","202603~202802","갱신","-","1,006","13","아파트"
"870","광주광역시 서구 치평동","1218","1218","0000","상무지구리채시티","월세","20.0778","202602","03","300","39","8","2014","시청로 71","202602~202702","신규","-","","","아파트"
"871","광주광역시 서구 치평동","1168","1168","0000","해광한신","월세","59.9900","202602","03","1,000","70","3","1998","상무공원로 114","202603~202803","신규","-","","","아파트"
"872","광주광역시 서구 치평동","1259-4","1259","0004","상무e-다움골드","월세","17.1728","202602","03","300","38","9","2014","시청로 7","202602~202702","신규","-","","","아파트"
"873","광주광역시 서구 치평동","1166-2","1166","0002","금호대우","월세","59.9400","202602","03","2,000","80","15","1998","치평로 107","202602~202710","신규","-","","","아파트"
"874","광주광역시 서구 치평동","1171-6","1171","0006","라인대주","전세","59.8700","202602","03","18,000","0","4","1997","치평로 15","202603~202803","신규","-","","","아파트"
"875","광주광역시 서구 농성동","702","0702","0000","농성SKVIEWCentral","월세","84.9752","202602","03","7,000","105","2","2019","상무대로1147번길 16","202603~202803","신규","-","","","아파트"
"876","광주광역시 서구 농성동","417-22","0417","0022","광천중해마루힐주상복합","전세","84.9727","202602","03","29,790","0","23","2022","내방로 415","202602~202802","갱신","-","29,089","0","아파트"
"877","광주광역시 남구 봉선동","70","0070","0000","한국아델리움1단지","전세","129.6596","202602","03","90,000","0","8","2006","제석로80번안길 11","202602~202802","갱신","사용","87,500","0","아파트"
"878","광주광역시 남구 봉선동","1135","1135","0000","봉선로광명메이루즈","월세","84.6448","202602","03","4,000","100","12","2014","봉선로 37","202603~202803","신규","-","","","아파트"
"879","광주광역시 남구 방림동","556-1","0556","0001","라인효친1","전세","60.0000","202602","03","6,000","0","6","1989","용대로 131","202603~202803","신규","-","","","아파트"
"880","광주광역시 남구 양림동","506","0506","0000","휴먼시아2","월세","46.5300","202602","03","2,940","17","8","2008","정율성로 7","202604~202803","신규","-","","","아파트"
"881","광주광역시 남구 봉선동","1076","1076","0000","포스코더샵","전세","84.3200","202602","03","55,000","0","19","2004","효사랑길 14","202602~202802","갱신","사용","53,000","0","아파트"
"882","광주광역시 남구 봉선동","1076","1076","0000","포스코더샵","월세","59.8900","202602","03","10,000","70","18","2004","효사랑길 14","202602~202802","갱신","-","10,000","65","아파트"
"883","광주광역시 광산구 신가동","1058","1058","0000","수완지구호반베르디움1차","월세","84.8832","202602","03","5,000","150","9","2012","수등로123번길 21","202602~202802","신규","-","","","아파트"
"884","광주광역시 광산구 신창동","1187","1187","0000","신창부영","전세","84.7886","202602","03","20,000","0","11","2005","장신로265번길 22","202603~202803","신규","-","","","아파트"
"885","광주광역시 북구 동림동","26-1","0026","0001","우미2","월세","59.7700","202602","03","1,000","40","10","1991","북문대로201번길 30","202604~202803","신규","-","","","아파트"
"886","광주광역시 북구 신안동","823","0823","0000","산이고운신용PARK","전세","84.8826","202602","03","35,500","0","15","2025","청계로 13","202603~202803","신규","-","","","아파트"
"887","광주광역시 광산구 월계동","759-2","0759","0002","삼능","전세","78.0200","202602","03","15,000","0","2","1996","임방울대로 727-19","202604~202804","신규","-","","","아파트"
"888","광주광역시 북구 풍향동","808","0808","0000","교대금호어울림","월세","36.1102","202602","03","3,000","43","4","2017","군왕로 17","202602~202702","갱신","-","3,000","41","아파트"
"889","광주광역시 북구 신용동","643-1","0643","0001","용두주공","월세","59.9900","202602","03","2,000","60","11","1998","임방울대로1041번길 15","202602~202802","신규","-","","","아파트"
"890","광주광역시 북구 신용동","667","0667","0000","광주첨단1휴먼시아","월세","36.3700","202602","03","1,703","10","7","2011","첨단연신로 250","202603~202802","갱신","-","1,653","10","아파트"
"891","광주광역시 북구 오치동","1005","1005","0000","주공","전세","44.5200","202602","03","6,900","0","9","1992","서하로194번길 15","202603~202803","신규","-","","","아파트"
"892","광주광역시 광산구 우산동","1620","1620","0000","국제미소래","전세","59.4918","202602","03","15,410","0","14","2017","용아로 175","202605~202805","신규","-","","","아파트"
"893","광주광역시 광산구 우산동","1621","1621","0000","세계수영선수촌 중흥에스-클래스 센트럴","전세","75.9493","202602","03","25,000","0","16","2020","금봉로 106","202603~202803","신규","-","","","아파트"
"894","광주광역시 광산구 우산동","1621","1621","0000","세계수영선수촌 중흥에스-클래스 센트럴","전세","84.9276","202602","03","26,000","0","11","2020","금봉로 106","202602~202802","갱신","사용","25,000","0","아파트"
"895","광주광역시 광산구 수완동","970","0970","0000","해솔마을대방노블랜드2차","월세","84.9382","202602","03","5,000","132","3","2011","임방울대로358번길 21","202602~202902","갱신","사용","5,000","120","아파트"
"896","광주광역시 북구 오치동","925-1","0925","0001","금호타운","전세","84.9400","202602","03","15,000","0","1","1995","서하로233번길 50","202602~202802","신규","-","","","아파트"
"897","광주광역시 광산구 신가동","1061","1061","0000","아름마을휴먼시아1단지","월세","39.7200","202602","03","2,199","12","4","2009","수등로123번길 70","202602~202803","신규","-","","","아파트"
"898","광주광역시 북구 동림동","1334","1334","0000","동림대광로제비앙","전세","84.9779","202602","03","30,000","0","11","2020","운암산길 48","202603~202803","신규","-","","","아파트"
"899","광주광역시 북구 매곡동","214-16","0214","0016","공간빌리지","월세","59.9400","202602","03","1,000","68","8","1991","매곡로 54","202602~202802","신규","-","","","아파트"
"900","광주광역시 북구 문흥동","787-8","0787","0008","주공1","월세","39.6900","202602","02","300","33","4","1989","면앙로31번길 7","202602~202802","신규","-","","","아파트"
"901","광주광역시 북구 신용동","737","0737","0000","광주첨단2지구사랑으로부영","전세","84.3616","202602","02","25,000","0","10","2013","첨단연신로 166","202602~202802","신규","-","","","아파트"
"902","광주광역시 북구 운암동","140-11","0140","0011","중흥1","전세","124.6850","202602","02","17,600","0","12","1991","금호로86번길 30","202602~202802","신규","-","","","아파트"
"903","광주광역시 북구 운암동","1779","1779","0000","운암해피아이유","전세","58.3230","202602","02","17,000","0","20","2018","금호로24번길 18","202603~202803","신규","-","","","아파트"
"904","광주광역시 북구 각화동","471","0471","0000","금호타운2","월세","71.1100","202602","02","2,000","50","7","1990","각화대로 33","202602~202802","신규","-","","","아파트"
"905","광주광역시 북구 매곡동","214-12","0214","0012","호반","월세","58.6800","202602","02","7,900","13","1","1991","매곡로 60","202603~202803","갱신","-","7,900","10","아파트"
"906","광주광역시 광산구 수완동","908","0908","0000","우미린2차","전세","84.9547","202602","02","38,000","0","18","2008","왕버들로132번길 22","202603~202803","신규","-","","","아파트"
"907","광주광역시 북구 양산동","1155","1155","0000","양산명지써밋주상복합","월세","82.1661","202602","02","15,000","75","29","2024","하서로 394","202604~202804","신규","-","","","아파트"
"908","광주광역시 광산구 우산동","1576-4","1576","0004","토담휴로스","월세","19.9163","202602","02","300","35","5","2013","무진대로231번길 13-5","202602~202702","신규","-","","","아파트"
"909","광주광역시 북구 용두동","330","0330","0000","양산타운","월세","59.9400","202602","02","2,000","60","9","1998","하서로423번길 33","202603~202803","신규","-","","","아파트"
"910","광주광역시 광산구 선암동","582","0582","0000","이지더원1단지","월세","84.9827","202602","02","10,000","50","3","2014","선운로20번길 47","202602~202802","신규","-","","","아파트"
"911","광주광역시 광산구 우산동","1572-2","1572","0002","하남우미","월세","49.1400","202602","02","500","52","9","1992","월곡산정로 40","202602~202802","신규","-","","","아파트"
"912","광주광역시 북구 일곡동","850-5","0850","0005","호반일신","월세","59.9350","202602","02","11,000","15","1","1997","설죽로 545","202603~202803","신규","-","","","아파트"
"913","광주광역시 북구 오치동","856-7","0856","0007","명진명가","월세","25.6000","202602","02","0","40","3","2014","안산로 57","202602~202702","신규","-","","","아파트"
"914","광주광역시 광산구 우산동","1621","1621","0000","세계수영선수촌 중흥에스-클래스 센트럴","전세","59.9323","202602","02","15,743","0","14","2020","금봉로 106","202602~202802","신규","-","","","아파트"
"915","광주광역시 광산구 선암동","553","0553","0000","선운리버프라임","월세","74.9800","202602","02","13,150","28","11","2017","선운로 65","202602~202709","갱신","-","4,750","63","아파트"
"916","광주광역시 북구 신안동","822","0822","0000","신안국제미소래아파트","전세","59.5627","202602","02","17,220","0","14","2021","중흥로 121-1","202602~202802","신규","-","","","아파트"
"917","광주광역시 광산구 운남동","794-3","0794","0003","운남주공7단지","월세","49.8300","202602","02","1,000","60","7","2001","목련로153번길 56","202603~202803","신규","-","","","아파트"
"918","광주광역시 광산구 운남동","387-22","0387","0022","삼성","월세","70.9700","202602","02","3,000","65","15","1996","임방울대로 142-12","202604~202804","신규","-","","","아파트"
"919","광주광역시 광산구 월곡동","538-2","0538","0002","하남부영","전세","60.0000","202602","02","7,633","0","4","1992","사암로 251","202602~202702","갱신","-","7,132","0","아파트"
"920","광주광역시 광산구 운남동","771-1","0771","0001","운남주공4단지","전세","59.7600","202602","02","13,000","0","17","1996","목련로273번안길 30","202603~202803","신규","-","","","아파트"
"921","광주광역시 광산구 운남동","781-1","0781","0001","운남주공8단지","전세","59.4100","202602","02","16,800","0","10","2000","목련로153번길 143","202603~202803","신규","-","","","아파트"
"922","광주광역시 광산구 운남동","794-3","0794","0003","운남주공7단지","전세","49.8300","202602","02","13,500","0","24","2001","목련로153번길 56","202602~202802","갱신","사용","13,000","0","아파트"
"923","광주광역시 남구 노대동","725","0725","0000","송화마을휴먼시아(진월1블럭주공)","월세","59.8800","202602","02","6,658","11","4","2007","효우로60번길 50","202603~202802","신규","-","","","아파트"
"924","광주광역시 남구 진월동","388","0388","0000","호반","월세","32.1600","202602","02","300","30","11","1999","서문대로663번안길 2","202602~202802","신규","-","","","아파트"
"925","광주광역시 남구 임암동","728","0728","0000","효천시티프라디움","전세","84.9984","202602","02","31,000","0","14","2019","효천2로 1","202605~202805","신규","-","","","아파트"
"926","광주광역시 남구 임암동","728","0728","0000","효천시티프라디움","전세","84.9984","202602","02","31,000","0","14","2019","효천2로 1","202605~202805","신규","-","","","아파트"
"927","광주광역시 남구 임암동","728","0728","0000","효천시티프라디움","전세","84.9984","202602","02","33,000","0","12","2019","효천2로 1","202603~202803","신규","-","","","아파트"
"928","광주광역시 남구 진월동","489-2","0489","0002","서라","월세","29.0000","202602","02","500","35","3","1998","화산로31번길 10","202602~202802","신규","-","","","아파트"
"929","광주광역시 서구 내방동","385-1","0385","0001","해태(385-1)","전세","127.0200","202602","02","20,000","0","14","2000","월드컵4강로226번길 14","202602~202802","신규","-","","","아파트"
"930","광주광역시 서구 내방동","475-1","0475","0001","솔뫼타운","월세","33.0800","202602","02","1,000","40","9","1999","내방로278번길 7","202602~202702","신규","-","","","아파트"
"931","광주광역시 동구 지산동","315-1","0315","0001","삼성","전세","84.9450","202602","02","15,000","0","3","1991","밤실로30번길 11","202603~202803","신규","-","","","아파트"
"932","광주광역시 북구 임동","887","0887","0000","S-클래스더제니스","전세","76.8231","202602","02","37,000","0","21","2024","천변우로 227","202604~202804","신규","-","","","아파트"
"933","광주광역시 남구 진월동","250-3","0250","0003","진월아파트","월세","79.6500","202602","02","2,000","55","2","1986","서문대로 668","202605~202805","신규","-","","","아파트"
"934","광주광역시 서구 화정동","23-37","0023","0037","유탑유블레스","월세","19.7906","202602","02","1,500","33","13","2013","내방로 349","202602~202702","신규","-","","","아파트"
"935","광주광역시 서구 화정동","23-20","0023","0020","해광샹그릴라센트럴337","전세","75.6415","202602","02","20,000","0","3","2017","내방로 337","202603~202803","신규","-","","","아파트"
"936","광주광역시 북구 임동","887","0887","0000","S-클래스더제니스","전세","84.9799","202602","02","40,000","0","35","2024","천변우로 227","202603~202803","신규","-","","","아파트"
"937","광주광역시 서구 치평동","1168-1","1168","0001","중흥(1168-1)","월세","84.9300","202602","02","2,000","88","2","1997","치평로 77","202602~202802","신규","-","","","아파트"
"938","광주광역시 서구 치평동","1166-1","1166","0001","현대","전세","134.7350","202602","02","40,000","0","11","1998","내방로 52","202604~202709","신규","-","","","아파트"
"939","광주광역시 서구 치평동","1166-2","1166","0002","금호대우","전세","59.9400","202602","02","15,000","0","13","1998","치평로 107","202603~202803","갱신","사용","15,000","0","아파트"
"940","광주광역시 서구 치평동","1166-2","1166","0002","대우금호","월세","59.9400","202602","02","1,000","75","10","1998","치평로 107","202602~202802","신규","-","","","아파트"
"941","광주광역시 남구 봉선동","1092","1092","0000","봉선동제일풍경채엘리트파크","전세","84.9680","202602","02","53,500","0","6","2016","제석로80번길 5","202602~202802","갱신","사용","52,000","0","아파트"
"942","광주광역시 남구 봉선동","490-1","0490","0001","금호2","월세","84.8300","202602","02","3,000","120","13","1995","봉선로 134","202602~202802","신규","-","","","아파트"
"943","광주광역시 남구 봉선동","1043","1043","0000","모아2단지1차","전세","47.6500","202602","02","9,000","0","11","1988","봉선1로 86","202603~202803","신규","-","","","아파트"
"944","광주광역시 북구 임동","14-2","0014","0002","국제미소래","전세","49.3684","202602","02","8,730","0","4","2014","중가로3번길 25","202603~202703","갱신","-","8,730","0","아파트"
"945","광주광역시 북구 임동","887","0887","0000","S-클래스더제니스","전세","76.8906","202602","02","23,500","0","2","2024","천변우로 227","202604~202704","신규","-","","","아파트"
"946","광주광역시 서구 금호동","1110","1110","0000","매월동아델리움로제비앙","월세","84.7681","202602","02","5,000","110","3","2017","화개중앙로87번길 15","202602~202802","신규","-","","","아파트"
"947","광주광역시 서구 금호동","815","0815","0000","호반리젠시빌2차","전세","39.7920","202602","02","9,000","0","1","2000","화개1로 33","202602~202802","신규","-","","","아파트"
"948","광주광역시 서구 금호동","741-1","0741","0001","금호시영1단지","월세","49.8600","202602","02","1,000","45","1","1993","운천로 41","202602~202702","신규","-","","","아파트"
"949","광주광역시 북구 임동","887","0887","0000","S-클래스더제니스","전세","76.8231","202602","02","26,000","0","5","2024","천변우로 227","202603~202803","신규","-","","","아파트"
"950","광주광역시 북구 임동","887","0887","0000","S-클래스더제니스","전세","84.9366","202602","02","45,000","0","8","2024","천변우로 227","202602~202802","신규","-","","","아파트"
"951","광주광역시 동구 학동","1012","1012","0000","무등산리버파크","전세","84.9600","202602","02","21,000","0","20","2011","남문로693번길 11","202602~202702","갱신","-","21,000","0","아파트"
"952","광주광역시 서구 화정동","23-20","0023","0020","해광샹그릴라센트럴337","전세","75.6415","202602","02","20,000","0","3","2017","내방로 337","202603~202803","신규","-","","","아파트"
"953","광주광역시 남구 임암동","881","0881","0000","효천1중흥에스-클래스에코시티","전세","84.9428","202602","02","31,000","0","16","2019","효천2로 12","202602~202802","갱신","사용","31,000","0","아파트"
"954","광주광역시 서구 화정동","858-3","0858","0003","태영","월세","59.9300","202602","02","500","58","6","1989","염화로40번길 20-1","202602~202802","신규","-","","","아파트"
"955","광주광역시 동구 학동","898-4","0898","0004","백화","전세","40.5000","202602","02","6,700","0","11","1992","천변우로 603","202603~202803","신규","-","","","아파트"
"956","광주광역시 남구 노대동","734","0734","0000","송화마을휴먼시아(진월4블럭주공)","월세","59.8800","202602","02","4,358","24","7","2007","효우로60번길 9","202603~202802","갱신","-","3,964","22","아파트"
"957","광주광역시 북구 임동","14-2","0014","0002","국제미소래","전세","49.3193","202602","02","8,730","0","11","2014","중가로3번길 25","202603~202703","신규","-","","","아파트"
"958","광주광역시 동구 산수동","723","0723","0000","무등산그린웰로제비앙","전세","84.9377","202602","01","33,000","0","9","2019","동계로 38","202603~202803","신규","-","","","아파트"
"959","광주광역시 서구 내방동","848","0848","0000","내방마을주공","월세","59.1900","202602","01","1,000","65","4","2002","화운로193번길 25","202602~202802","-","-","","","아파트"
"960","광주광역시 서구 쌍촌동","1385","1385","0000","상무한국아델리움","월세","84.9546","202602","01","5,000","105","14","2019","내방로241번길 10","202603~202903","신규","-","","","아파트"
"961","광주광역시 동구 계림동","1827","1827","0000","그랜드센트럴","전세","84.9647","202602","01","35,000","0","29","2020","경양로 234","202603~202803","신규","-","","","아파트"
"962","광주광역시 남구 노대동","871","0871","0000","골드레이크","월세","84.8700","202602","01","3,000","65","7","2010","노대실로 89","202602~202801","신규","-","","","아파트"
"963","광주광역시 서구 화정동","1712","1712","0000","더샵염주센트럴파크","전세","84.9236","202602","01","44,000","0","23","2022","월드컵4강로 27","202604~202710","신규","-","","","아파트"
"964","광주광역시 북구 임동","887","0887","0000","S-클래스더제니스","전세","76.8231","202602","01","34,000","0","39","2024","천변우로 227","202602~202802","신규","-","","","아파트"
"965","광주광역시 동구 학동","1022","1022","0000","무등산아이파크","월세","84.8412","202602","01","5,000","120","7","2017","남문로753번길 20","202602~202802","신규","-","","","아파트"
"966","광주광역시 서구 금호동","742-2","0742","0002","금호시영5단지","전세","59.8200","202602","01","12,000","0","14","1994","운천로32번길 7","202603~202803","신규","-","","","아파트"
"967","광주광역시 북구 운암동","1783","1783","0000","중외공원모아미래도","전세","68.1704","202602","01","27,500","0","4","2022","서강로 171","202603~202803","신규","-","","","아파트"
"968","광주광역시 광산구 쌍암동","660-7","0660","0007","에이엠시티4차","전세","19.8192","202602","01","6,900","0","10","2014","첨단중앙로152번길 17-6","202602~202802","신규","-","","","아파트"
"969","광주광역시 광산구 수완동","913","0913","0000","코오롱하늘채","전세","103.7100","202602","01","20,000","0","12","2008","장덕로137번길 39","202602~202801","신규","-","","","아파트"
"970","광주광역시 광산구 수완동","1490","1490","0000","수완영무예다음2차","전세","84.7296","202602","01","31,000","0","2","2012","수완로33번길 79","202604~202804","신규","-","","","아파트"
"971","광주광역시 북구 오치동","856-7","0856","0007","명진명가","월세","25.6000","202602","01","300","33","9","2014","안산로 57","202602~202802","신규","-","","","아파트"
"972","광주광역시 북구 문흥동","787-1","0787","0001","주공","월세","45.7700","202602","01","400","38","5","1990","면앙로31번길 10","202602~202802","신규","-","","","아파트"
"973","광주광역시 북구 운암동","1783","1783","0000","중외공원모아미래도","전세","81.2155","202602","01","30,000","0","7","2022","서강로 171","202604~202804","신규","-","","","아파트"
"974","광주광역시 광산구 우산동","1621","1621","0000","세계수영선수촌 중흥에스-클래스 센트럴","전세","75.9493","202602","01","21,000","0","8","2020","금봉로 106-2","202603~202803","신규","-","","","아파트"
"975","광주광역시 광산구 우산동","1621","1621","0000","세계수영선수촌 중흥에스-클래스 센트럴","전세","75.9493","202602","01","21,000","0","8","2020","금봉로 106-2","-","-","-","","","아파트"
"976","광주광역시 광산구 월계동","764-4","0764","0004","첨단두산1차","전세","59.9970","202602","01","12,000","0","1","1996","월계로 117-21","202604~202804","신규","-","","","아파트"
"977","광주광역시 광산구 우산동","1594-2","1594","0002","MaruHiII","월세","20.7468","202602","01","300","35","10","2014","무진대로 278-12","202602~202702","신규","-","","","아파트"
"978","광주광역시 광산구 월계동","758-3","0758","0003","첨단동아","전세","84.6500","202602","01","20,000","0","2","1997","첨단중앙로181번길 7","202602~202802","신규","-","","","아파트"
"979","광주광역시 광산구 월곡동","614-2","0614","0002","한성2차","월세","59.0400","202602","01","500","45","10","1991","월곡산정로 96-21","202602~202802","신규","-","","","아파트"
"980","광주광역시 광산구 운남동","769-1","0769","0001","운남주공5단지","전세","84.8000","202602","01","17,500","0","19","1997","하남대로 248-10","202603~202803","신규","-","","","아파트"
"981","광주광역시 광산구 운남동","387-24","0387","0024","남양","월세","76.1400","202602","01","2,000","70","16","1998","목련로219번길 45","202602~202802","신규","-","","","아파트"
