"NO","시군구","번지","본번","부번","단지명","전월세구분","전용면적(㎡)","계약년월","계약일","보증금(만원)","월세금(만원)","층","건축년도","도로명","계약기간","계약구분","갱신요구권 사용","종전계약 보증금(만원)","종전계약 월세(만원)","주택유형"
"20761","대구광역시 수성구 만촌동","1500","1500","0000","힐스테이트만촌역","전세","136.8394","202507","31","70,000","0","14","2024","달구벌대로 2567","202510~202710","신규","-","","","아파트"
"20762","대구광역시 수성구 시지동","499","0499","0000","노변다숲","월세","59.7300","202507","31","1,000","50","15","1996","노변공원로 34","202509~202709","신규","-","","","아파트"
"20763","대구광역시 수성구 시지동","591","0591","0000","수성알파시티동화아이위시","월세","84.9478","202507","31","5,000","140","18","2019","알파시티2로 48","202508~202708","신규","-","","","아파트"
"20764","대구광역시 수성구 시지동","499","0499","0000","노변다숲","월세","59.7300","202507","31","1,000","50","15","1996","노변공원로 34","202509~202709","신규","-","","","아파트"
"20765","대구광역시 수성구 범어동","2272","2272","0000","범어에일린의뜰","전세","84.9603","202507","31","63,000","0","6","2021","청솔로14길 15","202510~202701","갱신","-","63,000","0","아파트"
"20766","대구광역시 북구 태전동","1103","1103","0000","휴먼시아1단지","월세","59.8700","202507","31","6,925","13","18","2008","매전로 73","202509~202708","갱신","-","3,729","26","아파트"
"20767","대구광역시 수성구 범어동","320","0320","0000","경남타운","월세","84.5500","202507","31","2,000","70","3","1982","범어로 27","202508~202708","신규","-","","","아파트"
"20768","대구광역시 북구 서변동","1724","1724","0000","서변청아람","전세","84.8212","202507","31","15,000","0","3","2003","호국로57길 20","202508~202708","신규","-","","","아파트"
"20769","대구광역시 수성구 황금동","365","0365","0000","캐슬골드파크1단지","월세","84.9700","202507","31","2,000","120","15","2006","청수로 213","202508~202708","신규","-","","","아파트"
"20770","대구광역시 수성구 사월동","650","0650","0000","시지3차서한이다음","전세","84.9500","202507","31","26,200","0","13","2018","달구벌대로669길 20-20","202509~202709","갱신","사용","25,000","0","아파트"
"20771","대구광역시 수성구 범어동","2272","2272","0000","범어에일린의뜰","전세","84.9603","202507","31","47,000","0","6","2021","청솔로14길 15","202511~202711","신규","-","","","아파트"
"20772","대구광역시 수성구 범어동","2283","2283","0000","쌍용더플래티넘범어","월세","84.5390","202507","31","6,000","150","29","2023","상록로 25","202510~202710","신규","-","","","아파트"
"20773","대구광역시 수성구 범어동","2253","2253","0000","빌리브범어","전세","84.9692","202507","31","66,000","0","16","2019","청호로 418","202509~202709","신규","-","","","아파트"
"20774","대구광역시 북구 노원동3가","1227","1227","0000","대구노원한신더휴","전세","84.9800","202507","31","21,000","0","18","2017","노원로10길 40","202510~202710","신규","-","","","아파트"
"20775","대구광역시 북구 국우동","1110","1110","0000","그린빌1차","전세","49.5700","202507","31","9,500","0","9","1999","구리로 250","202509~202709","신규","-","","","아파트"
"20776","대구광역시 북구 읍내동","1449","1449","0000","학정역효성해링턴플레이스","전세","84.7997","202507","31","27,000","0","14","2018","관음로 295","202508~202607","갱신","-","27,000","0","아파트"
"20777","대구광역시 수성구 지산동","1288","1288","0000","지산타운","월세","40.5800","202507","31","1,500","32","13","1991","용학로 303","202508~202708","신규","-","","","아파트"
"20778","대구광역시 수성구 지산동","1275","1275","0000","지산한라타운","월세","52.2000","202507","31","2,000","40","9","1991","지범로22길 9","202507~202707","신규","-","","","아파트"
"20779","대구광역시 수성구 지산동","1770","1770","0000","더파크수성못","월세","84.8765","202507","31","10,000","200","23","2025","동대구로 10","202510~202710","신규","-","","","아파트"
"20780","대구광역시 수성구 지산동","1200","1200","0000","목련","월세","49.2300","202507","31","500","37","1","1986","용학로42길 13","202509~202709","신규","-","","","아파트"
"20781","대구광역시 북구 구암동","786","0786","0000","그린빌3차","월세","49.7100","202507","31","0","100","6","2000","구암서로 41","202508~202708","신규","-","","","아파트"
"20782","대구광역시 수성구 상동","178-1","0178","0001","청구중동","전세","50.8200","202507","31","7,000","0","3","1981","신천동로 150","202508~202708","신규","-","","","아파트"
"20783","대구광역시 북구 국우동","1228","1228","0000","힐스테이트데시앙도남4단지","전세","84.9628","202507","31","29,000","0","6","2021","도남중앙로8길 8","202509~202709","신규","-","","","아파트"
"20784","대구광역시 북구 노원동3가","1227","1227","0000","대구노원한신더휴","전세","84.9800","202507","31","21,000","0","18","2017","노원로10길 40","202510~202710","갱신","사용","20,000","0","아파트"
"20785","대구광역시 북구 동천동","880-3","0880","0003","칠곡화성타운2차","월세","35.4400","202507","31","500","38","12","1995","동천로 6","202507~202707","신규","-","","","아파트"
"20786","대구광역시 수성구 중동","655","0655","0000","수성센트럴화성파크드림","월세","84.8330","202507","31","2,000","135","18","2023","수성로 180","202508~202708","신규","-","","","아파트"
"20787","대구광역시 북구 고성동1가","270","0270","0000","대구오페라스위첸","전세","84.9580","202507","31","30,000","0","20","2024","칠성남로 70","202509~202709","신규","-","","","아파트"
"20788","대구광역시 수성구 만촌동","1497","1497","0000","만촌역태왕디아너스","전세","84.9541","202507","31","45,000","0","5","2024","달구벌대로 2599","202508~202708","신규","-","","","아파트"
"20789","대구광역시 중구 달성동","352","0352","0000","달성파크푸르지오힐스테이트","전세","84.9713","202507","31","26,250","0","18","2023","달성로 123","202508~202708","갱신","사용","25,000","0","아파트"
"20790","대구광역시 서구 평리동","1497-44","1497","0044","서대구역서한이다음더퍼스트","전세","39.8388","202507","31","13,120","0","7","2023","국채보상로37길 38","202509~202709","갱신","사용","12,500","0","아파트"
"20791","대구광역시 서구 평리동","1680","1680","0000","평리푸르지오","월세","84.9203","202507","31","2,000","85","13","2011","국채보상로50길 20","202510~202710","신규","-","","","아파트"
"20792","대구광역시 서구 평리동","1711","1711","0000","서대구역화성파크드림","월세","59.9533","202507","31","1,000","95","25","2023","서대구로29길 30","202508~202708","신규","-","","","아파트"
"20793","대구광역시 동구 봉무동","1537","1537","0000","협성휴포레이시아폴리스","월세","84.9737","202507","31","2,000","90","2","2018","팔공로 260","202508~202608","갱신","-","23,000","0","아파트"
"20794","대구광역시 중구 남산동","437-1","0437","0001","인터불고코아시스","전세","26.9326","202507","31","8,000","0","5","2014","명륜로 19","202508~202608","신규","-","","","아파트"
"20795","대구광역시 중구 남산동","2482-1","2482","0001","까치","월세","59.8100","202507","31","1,000","45","8","1992","남산로7길 80","202508~202708","신규","-","","","아파트"
"20796","대구광역시 남구 대명동","3067","3067","0000","교대역하늘채뉴센트원","전세","84.6442","202507","31","32,000","0","14","2022","중앙대로 187","202508~202608","신규","-","","","아파트"
"20797","대구광역시 동구 신암동","1860","1860","0000","동대구역화성파크드림","월세","84.9276","202507","31","5,000","150","1","2023","동대구로 590","202509~202709","신규","-","","","아파트"
"20798","대구광역시 동구 신암동","1860","1860","0000","동대구역화성파크드림","월세","84.9276","202507","31","5,000","105","1","2023","동대구로 590","202509~202709","신규","-","","","아파트"
"20799","대구광역시 동구 신암동","1839","1839","0000","동대구우방아이유쉘","월세","84.9907","202507","31","2,000","120","25","2020","송라로32길 32","202508~202708","신규","-","","","아파트"
"20800","대구광역시 동구 신암동","1870","1870","0000","해링턴플레이스동대구","전세","74.9583","202507","31","23,000","0","13","2024","경대로 126","202510~202710","갱신","사용","22,000","0","아파트"
"20801","대구광역시 동구 괴전동","652","0652","0000","안심역우방아이유쉘","전세","84.6600","202507","31","25,000","0","8","2016","금강로21길 10","202509~202709","신규","-","","","아파트"
"20802","대구광역시 동구 신암동","622","0622","0000","보성1차","전세","68.3300","202507","31","7,300","0","2","1985","큰고개로 23","202507~202707","신규","-","","","아파트"
"20803","대구광역시 중구 동인동1가","420","0420","0000","힐스테이트동인더스카이","월세","84.9928","202507","31","2,000","110","18","2025","태평로 240","202507~202707","신규","-","","","아파트"
"20804","대구광역시 동구 신서동","561","0561","0000","아름다운나날3","월세","84.6139","202507","31","2,000","70","9","2003","동호로 132","202509~202709","신규","-","","","아파트"
"20805","대구광역시 동구 신서동","540","0540","0000","아름다운나날2","월세","84.6688","202507","31","2,000","68","8","2003","동호로 88","202508~202707","신규","-","","","아파트"
"20806","대구광역시 동구 신천동","143-2","0143","0002","현대하이페리온2단지","월세","125.9800","202507","31","2,000","135","24","2007","국채보상로 863","202509~202709","신규","-","","","아파트"
"20807","대구광역시 동구 신천동","200-1","0200","0001","신천청아람","전세","59.6724","202507","31","20,000","0","13","2010","송라로14길 132","202509~202709","신규","-","","","아파트"
"20808","대구광역시 동구 신천동","450","0450","0000","삼화","월세","53.0050","202507","31","500","30","2","1982","화랑로11길 45","202507~202707","신규","-","","","아파트"
"20809","대구광역시 동구 신천동","148-4","0148","0004","현대하이페리온1단지","월세","129.2400","202507","31","3,000","130","24","2007","국채보상로 861","202508~202708","신규","-","","","아파트"
"20810","대구광역시 동구 각산동","400","0400","0000","각산푸르지오2단지","월세","103.2727","202507","31","2,000","80","4","2009","경안로 822","202509~202709","신규","-","","","아파트"
"20811","대구광역시 동구 각산동","1061","1061","0000","대구혁신에듀포레","전세","74.9700","202507","31","19,000","0","1","2013","과학로 45","202505~202708","신규","-","","","아파트"
"20812","대구광역시 북구 칠성동2가","715","0715","0000","대구역 서희스타힐스","전세","84.4900","202507","31","21,000","0","6","2012","칠성남로 101","202508~202708","갱신","사용","20,000","0","아파트"
"20813","대구광역시 중구 삼덕동2가","328","0328","0000","동성로SK리더스뷰","전세","84.9900","202507","31","37,000","0","13","2024","공평로 36","202509~202709","신규","-","","","아파트"
"20814","대구광역시 동구 율하동","1461","1461","0000","율하휴먼시아6단지","월세","46.9000","202507","31","2,627","18","6","2008","안심로16길 45","202508~202707","신규","-","","","아파트"
"20815","대구광역시 서구 내당동","28-1","0028","0001","내당보성홍실","월세","71.6600","202507","31","1,000","55","2","1986","서대구로8길 49","202508~202708","신규","-","","","아파트"
"20816","대구광역시 서구 내당동","350-1","0350","0001","삼익주택","전세","84.6600","202507","31","16,000","0","9","1979","서대구로 25","202509~202709","신규","-","","","아파트"
"20817","대구광역시 서구 내당동","3333","3333","0000","두류역자이","전세","84.9723","202507","31","30,000","0","6","2025","달구벌대로 1769-7","202510~202710","신규","-","","","아파트"
"20818","대구광역시 동구 용계동","492-1","0492","0001","용계역푸르지오아츠베르2단지","전세","59.9900","202507","31","15,750","0","3","2023","화랑로108길 46","202511~202711","신규","-","","","아파트"
"20819","대구광역시 동구 용계동","1064","1064","0000","율하시티프라디움","월세","84.9828","202507","31","3,000","70","6","2020","반야월로 35","202510~202710","신규","-","","","아파트"
"20820","대구광역시 남구 대명동","1128","1128","0000","대명헤리티지","월세","84.9400","202507","31","3,000","60","11","2022","대명역2길 104","202510~202710","신규","-","","","아파트"
"20821","대구광역시 중구 달성동","352","0352","0000","달성파크푸르지오힐스테이트","월세","84.9713","202507","31","2,500","100","1","2023","달성로 123","202508~202708","신규","-","","","아파트"
"20822","대구광역시 중구 달성동","352","0352","0000","달성파크푸르지오힐스테이트","전세","84.9221","202507","31","23,000","0","11","2023","달성로 123","202508~202708","갱신","사용","23,000","0","아파트"
"20823","대구광역시 달성군 다사읍 매곡리","1578","1578","0000","힐스테이트다사역","월세","84.9996","202507","31","2,000","95","5","2022","매곡로12길 22","202508~202708","갱신","-","2,000","90","아파트"
"20824","대구광역시 달서구 본리동","196-1","0196","0001","본리롯데캐슬2차","월세","84.9860","202507","31","2,000","80","18","2009","대명천로 119","202510~202702","신규","-","","","아파트"
"20825","대구광역시 달서구 유천동","597","0597","0000","진천역AK그랑폴리스","전세","84.8541","202507","31","27,000","0","10","2013","월배로11길 33","202507~202707","갱신","-","25,000","0","아파트"
"20826","대구광역시 달서구 월성동","84","0084","0000","월성주공1(저층)","월세","51.1800","202507","31","500","35","5","1991","월곡로94길 30","202508~202708","신규","-","","","아파트"
"20827","대구광역시 달성군 현풍읍 대리","1176","1176","0000","국가산단서한이다음아파트","월세","74.8000","202507","31","5,603","22","13","2019","국가산단대로70길 41","202509~202709","갱신","-","5,509","21","아파트"
"20828","대구광역시 수성구 노변동","440","0440","0000","노변대백","월세","84.9500","202507","31","2,000","80","13","1999","노변로 11","202509~202708","신규","-","","","아파트"
"20829","대구광역시 중구 대봉동","770","0770","0000","더샵리비테르1차","월세","59.8937","202507","31","2,000","110","19","2022","대봉로43길 21","202509~202709","신규","-","","","아파트"
"20830","대구광역시 달서구 성당동","839","0839","0000","성당래미안e-편한세상3단지","전세","84.8800","202507","31","20,000","0","11","2009","장기로 127","202510~202710","신규","-","","","아파트"
"20831","대구광역시 달서구 상인동","113","0113","0000","상인e-편한세상1단지","월세","84.9228","202507","31","2,000","90","19","2008","월서로 14","202507~202707","신규","-","","","아파트"
"20832","대구광역시 달서구 월성동","500-7","0500","0007","월성화성타운","전세","65.9100","202507","31","13,000","0","2","1991","학산로2길 27","202509~202709","갱신","-","23,500","0","아파트"
"20833","대구광역시 달서구 진천동","561-5","0561","0005","진천이안","전세","84.9913","202507","31","21,000","0","18","2006","진천로18길 10","202507~202707","갱신","사용","20,000","0","아파트"
"20834","대구광역시 달서구 진천동","131","0131","0000","동백맨션","전세","84.9200","202507","31","16,000","0","2","1990","월배로32안길 35","202509~202709","신규","-","","","아파트"
"20835","대구광역시 달성군 다사읍 서재리","486","0486","0000","서재휴먼시아","월세","46.9000","202507","31","2,161","18","7","2010","서재로14길 2","202508~202707","갱신","-","2,064","17","아파트"
"20836","대구광역시 달서구 감삼동","704","0704","0000","죽전역동화아이위시","월세","82.2092","202507","31","2,000","115","17","2022","와룡로 123","202508~202708","신규","-","","","아파트"
"20837","대구광역시 달성군 유가읍 쌍계리","633","0633","0000","대구테크노폴리스중흥에스-클래스포디움","월세","99.9819","202507","31","3,000","110","14","2018","테크노순환로 423","202511~202711","신규","-","","","아파트"
"20838","대구광역시 달서구 감삼동","707","0707","0000","빌리브스카이주상복합","월세","124.8442","202507","31","19,000","150","47","2022","와룡로 186","202510~202710","신규","-","","","아파트"
"20839","대구광역시 달성군 구지면 응암리","1251","1251","0000","대구국가산단반도유보라아이비파크2","월세","74.9638","202507","31","1,000","60","5","2020","국가산단북로60길 59","202508~202708","신규","-","","","아파트"
"20840","대구광역시 달성군 화원읍 설화리","1150","1150","0000","화원신일해피트리꿈의숲","월세","84.8962","202507","31","2,000","75","21","2022","명천로 383","202508~202708","신규","-","","","아파트"
"20841","대구광역시 달서구 본리동","196-1","0196","0001","본리롯데캐슬2차","월세","84.9860","202507","31","2,000","80","18","2009","대명천로 119","202510~202702","신규","-","","","아파트"
"20842","대구광역시 달서구 월성동","1557-6","1557","0006","월성동코오롱하늘채1단지","월세","84.9170","202507","31","2,000","100","5","2007","조암남로16길 19","202508~202708","신규","-","","","아파트"
"20843","대구광역시 달서구 이곡동","1306-4","1306","0004","한빛마을(성서주공3차)","전세","59.9900","202507","30","12,000","0","9","1998","선원남로 99","202509~202709","신규","-","","","아파트"
"20844","대구광역시 달서구 대곡동","1028","1028","0000","삼성래미안2","전세","59.6874","202507","30","16,000","0","16","2001","상화로 86","202507~202707","신규","-","","","아파트"
"20845","대구광역시 달서구 본동","276","0276","0000","그린맨션3차","전세","84.9900","202507","30","15,000","0","4","1988","구마로36길 33","202509~202709","신규","-","","","아파트"
"20846","대구광역시 달서구 본동","747","0747","0000","빌리브클라쎄","월세","84.9454","202507","30","2,000","110","39","2023","와룡로 41","202509~202709","신규","-","","","아파트"
"20847","대구광역시 달서구 본동","247","0247","0000","그린맨션2차","월세","84.8700","202507","30","2,000","70","7","1986","구마로36길 20","202508~202908","신규","-","","","아파트"
"20848","대구광역시 달서구 진천동","482-3","0482","0003","월송(나동)","월세","48.6150","202507","30","2,000","20","5","1982","상화로21길 60","202509~202709","신규","-","","","아파트"
"20849","대구광역시 달서구 진천동","847","0847","0000","월배역디엘라온프라이빗","전세","99.8395","202507","30","43,000","0","40","2024","월배로 159","202509~202709","신규","-","","","아파트"
"20850","대구광역시 달서구 진천동","847","0847","0000","월배역디엘라온프라이빗","전세","99.8395","202507","30","43,000","0","40","2024","월배로 159","202509~202709","신규","-","","","아파트"
"20851","대구광역시 달서구 진천동","131","0131","0000","동백맨션","월세","84.9200","202507","30","1,000","60","8","1990","월배로32안길 35","202509~202708","신규","-","","","아파트"
"20852","대구광역시 달성군 다사읍 세천리","1588","1588","0000","북죽곡엠코타운더솔레뉴","전세","69.1801","202507","30","15,000","0","19","2016","세천로 160","202508~202708","신규","-","","","아파트"
"20853","대구광역시 달성군 다사읍 세천리","1588","1588","0000","북죽곡엠코타운더솔레뉴","전세","69.1801","202507","30","15,000","0","19","2016","세천로 160","202508~202708","신규","-","","","아파트"
"20854","대구광역시 달성군 구지면 응암리","1210","1210","0000","과학마을청아람","월세","39.9160","202507","30","1,000","45","12","2016","과학마을로 70","202508~202608","신규","-","","","아파트"
"20855","대구광역시 달성군 구지면 응암리","1210","1210","0000","과학마을청아람","월세","39.9160","202507","30","500","53","22","2016","과학마을로 70","202508~202708","신규","-","","","아파트"
"20856","대구광역시 중구 대봉동","770","0770","0000","더샵리비테르1차","월세","59.8937","202507","30","2,000","95","5","2022","대봉로43길 21","202508~202708","신규","-","","","아파트"
"20857","대구광역시 달서구 신당동","1846","1846","0000","성서주공2","월세","37.6700","202507","30","500","40","8","1995","신당로 55","202507~202707","신규","-","","","아파트"
"20858","대구광역시 달서구 월성동","1863","1863","0000","월성협성휴포레","전세","84.9249","202507","30","31,500","0","15","2016","조암로10길 11","202507~202802","갱신","사용","30,000","0","아파트"
"20859","대구광역시 수성구 욱수동","246","0246","0000","보국시지웰리치","월세","128.6370","202507","30","3,000","130","2","2008","욱수천로 55","202508~202612","신규","-","","","아파트"
"20860","대구광역시 달서구 도원동","1457","1457","0000","산새마을","월세","58.1400","202507","30","1,000","40","12","1996","도원남로 40","202507~202707","갱신","사용","1,000","40","아파트"
"20861","대구광역시 달서구 월성동","86","0086","0000","월성주공2단지","월세","31.3200","202507","30","211","6","3","1991","월성로 77","202412~202701","갱신","-","311","6","아파트"
"20862","대구광역시 달서구 감삼동","201-2","0201","0002","감삼빌라트","전세","76.0403","202507","30","12,000","0","4","2002","당산로21길 46","202508~202708","신규","-","","","아파트"
"20863","대구광역시 달성군 유가읍 봉리","621","0621","0000","우미린더포레스트","전세","75.5790","202507","30","19,000","0","5","2015","테크노북로9길 16","202510~202710","신규","-","","","아파트"
"20864","대구광역시 달성군 다사읍 죽곡리","129-1","0129","0001","강창하이츠","월세","29.6400","202507","30","300","35","25","1999","달구벌대로 812","202508~202608","신규","-","","","아파트"
"20865","대구광역시 달성군 다사읍 서재리","486","0486","0000","서재휴먼시아","월세","36.6200","202507","30","2,856","7","3","2010","서재로14길 2","202509~202708","갱신","-","1,582","13","아파트"
"20866","대구광역시 달서구 이곡동","1306-4","1306","0004","한빛마을(성서주공3차)","전세","59.9900","202507","30","12,000","0","9","1998","선원남로 99","202509~202709","신규","-","","","아파트"
"20867","대구광역시 달서구 이곡동","1194-2","1194","0002","성서대백창신한라타운","월세","59.9600","202507","30","1,000","55","11","1994","성서서로 316","202508~202708","신규","-","","","아파트"
"20868","대구광역시 달서구 감삼동","201-2","0201","0002","감삼빌라트","전세","76.0403","202507","30","12,000","0","4","2002","당산로21길 46","202508~202708","신규","-","","","아파트"
"20869","대구광역시 달성군 다사읍 매곡리","719-2","0719","0002","강창삼산1","월세","59.9600","202507","30","500","45","2","1995","달구벌대로 790","202508~202608","신규","-","","","아파트"
"20870","대구광역시 달서구 유천동","612","0612","0000","대구월배2차아이파크","전세","59.7326","202507","30","24,150","0","14","2016","월배로5길 76","202508~202708","갱신","사용","23,000","0","아파트"
"20871","대구광역시 달성군 다사읍 매곡리","1568","1568","0000","죽곡삼정그린코아더베스트","전세","84.9650","202507","30","28,000","0","9","2018","다사로 50","202508~202708","신규","-","","","아파트"
"20872","대구광역시 수성구 사월동","500","0500","0000","시지대성유니드","전세","123.4542","202507","30","23,000","0","5","2007","달구벌대로669길 80","202509~202709","신규","-","","","아파트"
"20873","대구광역시 수성구 황금동","254-1","0254","0001","신천지하이츠","전세","84.9400","202507","30","22,000","0","12","1992","청호로 229","202508~202708","신규","-","","","아파트"
"20874","대구광역시 수성구 범물동","887","0887","0000","두성","월세","84.9700","202507","30","1,000","60","5","1996","지범로 300","202508~202708","신규","-","","","아파트"
"20875","대구광역시 수성구 범물동","1261","1261","0000","범물하이츠","월세","41.8500","202507","30","500","40","7","1992","용학로 336","202507~202707","신규","-","","","아파트"
"20876","대구광역시 수성구 지산동","761","0761","0000","녹원맨션","전세","84.9600","202507","30","18,000","0","13","1989","무학로 189","202508~202708","신규","-","","","아파트"
"20877","대구광역시 북구 학정동","980","0980","0000","칠곡1차한라하우젠트","전세","112.1791","202507","30","34,000","0","14","2007","학남로 10","202510~202710","신규","-","","","아파트"
"20878","대구광역시 북구 관음동","1383-1","1383","0001","칠곡동화타운","월세","59.9037","202507","30","1,000","50","1","2000","칠곡중앙대로95길 12","202508~202608","신규","-","","","아파트"
"20879","대구광역시 수성구 매호동","1324","1324","0000","두레타운","월세","39.9000","202507","30","5,000","20","15","1995","천을로 131","202508~202608","신규","-","","","아파트"
"20880","대구광역시 수성구 두산동","105","0105","0000","대우트럼프월드수성","월세","125.0000","202507","30","5,000","200","18","2007","동대구로 59","202510~202710","갱신","사용","5,000","280","아파트"
"20881","대구광역시 수성구 두산동","999","0999","0000","수성레이크푸르지오","월세","84.9381","202507","30","3,000","160","45","2022","청수로24길 91","202508~202708","신규","-","","","아파트"
"20882","대구광역시 북구 복현동","539-1","0539","0001","복현화성","전세","59.9100","202507","30","15,000","0","7","1999","복현로 173","202509~202709","신규","-","","","아파트"
"20883","대구광역시 북구 복현동","241-1","0241","0001","복현블루밍브라운스톤명문세가","월세","85.0000","202507","30","4,728","37","7","2011","복현로 50","202508~202708","신규","-","","","아파트"
"20884","대구광역시 수성구 만촌동","1040-12","1040","0012","만촌역 서한포레스트","전세","84.9412","202507","30","49,000","0","16","2022","달구벌대로 2606","202510~202710","신규","-","","","아파트"
"20885","대구광역시 수성구 만촌동","816","0816","0000","만촌우방타운1단지","전세","59.7300","202507","30","21,000","0","4","1997","교학로11길 46","202508~202708","신규","-","","","아파트"
"20886","대구광역시 수성구 만촌동","861-8","0861","0008","만촌화성파크드림2","전세","84.3194","202507","30","36,500","0","12","2006","달구벌대로 2690","202511~202711","신규","-","","","아파트"
"20887","대구광역시 수성구 범어동","792-43","0792","0043","범어역아이위시","전세","57.7150","202507","30","18,000","0","19","2013","동대구로59길 14-19","202508~202708","신규","-","","","아파트"
"20888","대구광역시 수성구 범어동","2277","2277","0000","힐스테이트범어센트럴","전세","84.8100","202507","30","44,000","0","36","2022","상록로 80","202507~202712","신규","-","","","아파트"
"20889","대구광역시 북구 침산동","233-3","0233","0003","동아침산2무지개","전세","59.7600","202507","30","19,500","0","5","1999","침산로21길 10","202508~202708","신규","-","","","아파트"
"20890","대구광역시 북구 침산동","286-1","0286","0001","옥석타운","월세","59.9100","202507","30","1,000","63","15","1996","침산남로31길 11","202508~202708","신규","-","","","아파트"
"20891","대구광역시 북구 침산동","1761","1761","0000","침산화성파크드림","전세","97.9980","202507","30","37,000","0","33","2017","성북로 70","202507~202707","갱신","-","50,000","0","아파트"
"20892","대구광역시 수성구 사월동","500","0500","0000","시지대성유니드","전세","123.4542","202507","30","23,000","0","5","2007","달구벌대로669길 80","202509~202709","신규","-","","","아파트"
"20893","대구광역시 수성구 수성동1가","613","0613","0000","신세계타운","전세","134.7900","202507","30","27,000","0","11","1989","신천동로 320","202509~202709","신규","-","","","아파트"
"20894","대구광역시 수성구 수성동1가","96-14","0096","0014","오성우방","전세","84.9950","202507","30","25,000","0","14","1993","신천동로 380","202509~202709","신규","-","","","아파트"
"20895","대구광역시 수성구 사월동","464","0464","0000","사월보성","월세","59.9700","202507","30","1,000","45","8","1996","욱수천로 133","202508~202708","신규","-","","","아파트"
"20896","대구광역시 동구 신암동","1860","1860","0000","동대구역화성파크드림","월세","84.9276","202507","30","9,000","45","10","2023","동대구로 590","202508~202708","신규","-","","","아파트"
"20897","대구광역시 동구 신천동","622","0622","0000","신천휴먼시아6단지","전세","51.8500","202507","30","18,000","0","18","2011","송라로11길 39","202507~202707","갱신","사용","18,000","0","아파트"
"20898","대구광역시 동구 방촌동","1119-1","1119","0001","현대주택방촌맨션","월세","84.9500","202507","30","1,000","60","1","1993","화랑로91길 7","202508~202708","신규","-","","","아파트"
"20899","대구광역시 서구 내당동","350-1","0350","0001","삼익주택","전세","65.0200","202507","30","11,000","0","4","1979","서대구로 25","202509~202709","신규","-","","","아파트"
"20900","대구광역시 동구 신천동","630","0630","0000","신천주공2","전세","49.8400","202507","30","12,000","0","9","1998","국채보상로155길 54","202508~202708","신규","-","","","아파트"
"20901","대구광역시 동구 신천동","1511","1511","0000","동대구비스타동원","전세","84.9864","202507","30","34,000","0","13","2021","화랑로 51","202508~202707","신규","-","","","아파트"
"20902","대구광역시 동구 신서동","538-2","0538","0002","대경넥스빌","전세","76.6400","202507","30","17,000","0","1","2003","안심로 400","202508~202708","신규","-","","","아파트"
"20903","대구광역시 동구 신서동","538-2","0538","0002","대경넥스빌","전세","76.6400","202507","30","17,000","0","1","2003","안심로 400","202508~202708","신규","-","","","아파트"
"20904","대구광역시 동구 신서동","828","0828","0000","신서화성파크드림","전세","84.9205","202507","30","19,000","0","21","2010","반야월북로 221","202510~202710","신규","-","","","아파트"
"20905","대구광역시 동구 효목동","410-1","0410","0001","초원(가)","월세","66.1000","202507","30","1,000","40","5","1980","효신로8길 55","202507~202707","신규","-","","","아파트"
"20906","대구광역시 중구 남산동","3049","3049","0000","청라힐스자이","전세","84.9892","202507","30","36,000","0","3","2023","남산로 73","202511~202711","신규","-","","","아파트"
"20907","대구광역시 중구 동인동1가","420","0420","0000","힐스테이트동인더스카이","월세","84.9389","202507","30","1,000","115","3","2025","태평로 240","202508~202608","신규","-","","","아파트"
"20908","대구광역시 서구 중리동","42-1","0042","0001","진달래2","월세","56.3400","202507","30","1,500","30","1","1983","국채보상로38길 22","202508~202708","신규","-","","","아파트"
"20909","대구광역시 동구 사복동","851","0851","0000","대구신서혁신엘에이치천년나무10단지","월세","21.5600","202507","30","434","13","5","2017","메디밸리로 18","202509~202708","신규","-","","","아파트"
"20910","대구광역시 서구 평리동","1711","1711","0000","서대구역화성파크드림","월세","74.8839","202507","30","2,000","92","16","2023","서대구로29길 30","202509~202809","신규","-","","","아파트"
"20911","대구광역시 서구 평리동","1497-44","1497","0044","서대구역서한이다음더퍼스트","월세","99.9919","202507","30","3,000","100","18","2023","국채보상로37길 38","202509~202709","신규","-","","","아파트"
"20912","대구광역시 중구 동인동3가","419","0419","0000","동인태왕아너스라플란드","전세","29.8632","202507","30","11,000","0","13","2023","국채보상로151길 55","202508~202708","신규","-","","","아파트"
"20913","대구광역시 서구 내당동","3333","3333","0000","두류역자이","전세","84.9503","202507","30","25,000","0","4","2025","달구벌대로 1769-7","202509~202709","신규","-","","","아파트"
"20914","대구광역시 중구 대신동","2110","2110","0000","e편한세상대신","월세","84.9760","202507","30","2,000","110","5","2018","달구벌대로 1943","202508~202708","신규","-","","","아파트"
"20915","대구광역시 서구 내당동","28-1","0028","0001","내당보성홍실","전세","84.9200","202507","30","15,000","0","3","1986","서대구로8길 49","202507~202707","신규","-","","","아파트"
"20916","대구광역시 동구 지묘동","215","0215","0000","팔공보성1차","월세","59.8500","202507","30","1,000","50","7","1994","팔공로 489","202507~202707","신규","-","","","아파트"
"20917","대구광역시 동구 신암동","461-1","0461","0001","신암그린타운","전세","59.9513","202507","30","15,000","0","3","2003","신성로 30","202511~202711","신규","-","","","아파트"
"20918","대구광역시 서구 원대동3가","1649","1649","0000","서대구센트럴자이","월세","59.8299","202507","30","2,000","85","11","2023","고성로 33","202509~202709","신규","-","","","아파트"
"20919","대구광역시 남구 이천동","1177","1177","0000","대봉교역태왕아너스","전세","84.9511","202507","30","25,000","0","12","2023","대봉로30길 15","202508~202708","갱신","-","23,000","0","아파트"
"20920","대구광역시 서구 내당동","3333","3333","0000","두류역자이","전세","59.9708","202507","30","23,500","0","40","2025","달구벌대로 1769-7","202510~202809","신규","-","","","아파트"
"20921","대구광역시 동구 신암동","1860","1860","0000","동대구역화성파크드림","월세","84.9482","202507","30","3,000","120","5","2023","동대구로 590","202510~202709","신규","-","","","아파트"
"20922","대구광역시 동구 신암동","1860","1860","0000","동대구역화성파크드림","월세","84.9482","202507","30","3,000","120","5","2023","동대구로 590","202510~202709","신규","-","","","아파트"
"20923","대구광역시 동구 동호동","362","0362","0000","상록아파트","전세","59.7200","202507","30","9,786","0","14","2004","동호로 47","202508~202708","갱신","-","13,160","0","아파트"
"20924","대구광역시 서구 내당동","202-1","0202","0001","내당시영","전세","56.2300","202507","30","6,500","0","3","1979","서대구로8길 15","202507~202607","신규","-","","","아파트"
"20925","대구광역시 중구 달성동","352","0352","0000","달성파크푸르지오힐스테이트","전세","39.7662","202507","30","17,500","0","4","2023","달성로 123","202509~202709","갱신","사용","17,500","0","아파트"
"20926","대구광역시 중구 달성동","352","0352","0000","달성파크푸르지오힐스테이트","전세","39.7662","202507","30","14,000","0","4","2023","달성로 123","202507~202707","갱신","-","12,000","0","아파트"
"20927","대구광역시 서구 평리동","632-9","0632","0009","서대구KTX영무예다음","전세","59.7832","202507","29","22,000","0","28","2023","당산로 446","202509~202708","신규","-","","","아파트"
"20928","대구광역시 서구 평리동","1497-44","1497","0044","서대구역서한이다음더퍼스트","전세","39.8388","202507","29","12,600","0","4","2023","국채보상로37길 38","202509~202709","갱신","사용","12,000","0","아파트"
"20929","대구광역시 서구 평리동","1680","1680","0000","평리푸르지오","전세","113.2671","202507","29","25,000","0","4","2011","국채보상로50길 20","202508~202708","신규","-","","","아파트"
"20930","대구광역시 서구 평리동","1497-44","1497","0044","서대구역서한이다음더퍼스트","전세","84.9917","202507","29","24,000","0","17","2023","국채보상로37길 38","202509~202709","신규","-","","","아파트"
"20931","대구광역시 서구 평리동","1356-2","1356","0002","평리비둘기맨션","월세","82.7100","202507","29","5,000","20","8","1988","국채보상로46길 61","202508~202708","신규","-","","","아파트"
"20932","대구광역시 서구 평리동","1497-44","1497","0044","서대구역서한이다음더퍼스트","전세","84.9917","202507","29","24,000","0","17","2023","국채보상로37길 38","202510~202709","신규","-","","","아파트"
"20933","대구광역시 중구 동산동","357","0357","0000","동산맨션","전세","47.1700","202507","29","9,000","0","14","1986","달구벌대로 2035","202508~202708","갱신","-","8,700","0","아파트"
"20934","대구광역시 중구 태평로3가","177-3","0177","0003","대구역경남센트로팰리스","월세","84.1638","202507","29","5,000","90","10","2022","태평로 47","202508~202608","신규","-","","","아파트"
"20935","대구광역시 동구 신암동","483-3","0483","0003","강남","전세","26.4100","202507","29","7,500","0","13","1992","신성로 60","202507~202707","갱신","-","7,500","0","아파트"
"20936","대구광역시 동구 신암동","1852","1852","0000","동대구해모로스퀘어웨스트","월세","59.8510","202507","29","2,000","80","10","2023","동북로 340","202508~202608","갱신","사용","2,000","75","아파트"
"20937","대구광역시 동구 율하동","1021","1021","0000","안심주공4단지","월세","46.4900","202507","29","1,988","21","3","2003","율하동로 73","202507~202708","신규","-","","","아파트"
"20938","대구광역시 남구 대명동","3083","3083","0000","힐스테이트대명더퍼스트","전세","84.6341","202507","29","22,800","0","12","2025","대명로 263","202508~202708","신규","-","","","아파트"
"20939","대구광역시 남구 대명동","3083","3083","0000","힐스테이트대명더퍼스트","전세","84.6341","202507","29","22,800","0","12","2025","대명로 263","202508~202708","신규","-","","","아파트"
"20940","대구광역시 북구 칠성동2가","2-2","0002","0002","침산1차푸르지오(2-2)","전세","112.1100","202507","29","40,000","0","9","2005","침산로21길 23","202510~202710","갱신","사용","44,000","0","아파트"
"20941","대구광역시 남구 대명동","3083","3083","0000","힐스테이트대명더퍼스트","전세","84.6341","202507","29","21,700","0","3","2025","대명로 263","202510~202710","신규","-","","","아파트"
"20942","대구광역시 중구 남산동","2990","2990","0000","남산휴먼시아1단지","월세","51.8100","202507","29","4,419","17","15","2008","달구벌대로 1960","202510~202709","갱신","-","4,319","17","아파트"
"20943","대구광역시 동구 효목동","1322","1322","0000","동대구2차비스타동원","전세","76.5403","202507","29","18,900","0","4","2024","화랑로25길 60","202508~202707","갱신","사용","18,000","0","아파트"
"20944","대구광역시 남구 봉덕동","1639","1639","0000","봉덕화성파크드림","전세","72.6581","202507","29","24,000","0","19","2019","대봉로14길 30","202508~202708","갱신","-","23,000","0","아파트"
"20945","대구광역시 남구 봉덕동","1652","1652","0000","앞산비스타동원","월세","59.9951","202507","29","3,000","90","3","2021","신촌길 57","202508~202708","신규","-","","","아파트"
"20946","대구광역시 서구 내당동","3333","3333","0000","두류역자이","전세","84.9723","202507","29","35,000","0","29","2025","달구벌대로 1769-7","202509~202709","신규","-","","","아파트"
"20947","대구광역시 서구 내당동","3333","3333","0000","두류역자이","전세","84.9723","202507","29","40,000","0","22","2025","달구벌대로 1769-7","202509~202709","신규","-","","","아파트"
"20948","대구광역시 서구 내당동","3333","3333","0000","두류역자이","전세","59.9708","202507","29","24,500","0","36","2025","달구벌대로 1769-7","202509~202709","신규","-","","","아파트"
"20949","대구광역시 서구 내당동","3333","3333","0000","두류역자이","전세","84.9723","202507","29","40,000","0","22","2025","달구벌대로 1769-7","202509~202709","신규","-","","","아파트"
"20950","대구광역시 서구 내당동","3333","3333","0000","두류역자이","전세","84.9396","202507","29","33,000","0","20","2025","달구벌대로 1769-7","202509~202709","신규","-","","","아파트"
"20951","대구광역시 중구 동인동1가","420","0420","0000","힐스테이트동인더스카이","월세","84.9976","202507","29","1,000","110","25","2025","태평로 240","202508~202608","신규","-","","","아파트"
"20952","대구광역시 중구 동인동1가","420","0420","0000","힐스테이트동인더스카이","월세","84.9198","202507","29","1,000","120","42","2025","태평로 240","202508~202509","신규","-","","","아파트"
"20953","대구광역시 중구 동인동1가","420","0420","0000","힐스테이트동인더스카이","전세","84.9389","202507","29","30,000","0","18","2025","태평로 240","202509~202709","신규","-","","","아파트"
"20954","대구광역시 서구 내당동","3333","3333","0000","두류역자이","월세","84.9723","202507","29","2,000","140","24","2025","달구벌대로 1769-7","202508~202708","신규","-","","","아파트"
"20955","대구광역시 서구 비산동","3446","3446","0000","힐스테이트서대구역센트럴","전세","84.8617","202507","29","24,000","0","29","2025","달서천로53길 6","202508~202708","신규","-","","","아파트"
"20956","대구광역시 서구 원대동3가","1649","1649","0000","서대구센트럴자이","전세","84.9710","202507","29","29,000","0","8","2023","고성로 33","202509~202709","신규","-","","","아파트"
"20957","대구광역시 동구 신천동","630","0630","0000","신천주공2","월세","49.8400","202507","29","1,000","55","16","1998","국채보상로155길 54","202508~202708","신규","-","","","아파트"
"20958","대구광역시 서구 내당동","3333","3333","0000","두류역자이","전세","59.9708","202507","29","39,700","0","43","2025","달구벌대로 1769-7","202509~202809","신규","-","","","아파트"
"20959","대구광역시 서구 내당동","308-11","0308","0011","삼익뉴타운","월세","46.2100","202507","29","500","43","1","1980","평리로 236","202509~202709","신규","-","","","아파트"
"20960","대구광역시 서구 내당동","3326","3326","0000","두류스타힐스","전세","84.9530","202507","29","60,000","0","37","2025","서대구로 20","202509~202709","신규","-","","","아파트"
"20961","대구광역시 동구 용계동","1060","1060","0000","율하역엘크루","월세","84.9142","202507","29","3,000","45","9","2015","안심로7길 7","202508~202608","신규","-","","","아파트"
"20962","대구광역시 동구 용계동","1060","1060","0000","율하역엘크루","월세","84.9142","202507","29","3,000","45","9","2015","안심로7길 7","202508~202608","신규","-","","","아파트"
"20963","대구광역시 중구 상서동","17","0017","0000","중앙시티라이프","월세","20.3100","202507","29","300","45","9","1990","국채보상로 543","202507~202512","신규","-","","","아파트"
"20964","대구광역시 동구 각산동","1177","1177","0000","각산서한이다음","전세","84.6393","202507","29","21,000","0","18","2018","반야월북로 167","202508~202708","신규","-","","","아파트"
"20965","대구광역시 동구 각산동","1061","1061","0000","대구혁신에듀포레","전세","84.7300","202507","29","20,000","0","5","2013","과학로 45","202508~202708","신규","-","","","아파트"
"20966","대구광역시 중구 달성동","352","0352","0000","달성파크푸르지오힐스테이트","월세","84.9713","202507","29","2,000","115","14","2023","달성로 123","202508~202708","신규","-","","","아파트"
"20967","대구광역시 동구 방촌동","1152","1152","0000","방촌역세영리첼아파트","전세","84.9737","202507","29","20,000","0","6","2021","동촌로 260","202508~202708","갱신","-","19,000","0","아파트"
"20968","대구광역시 동구 대림동","885","0885","0000","대구혁신도시서한이다음3차","월세","78.8497","202507","29","2,000","80","11","2016","혁신대로 443","202509~202609","갱신","사용","2,000","90","아파트"
"20969","대구광역시 서구 평리동","1497-44","1497","0044","서대구역서한이다음더퍼스트","전세","84.9917","202507","29","24,000","0","17","2023","국채보상로37길 38","202510~202709","신규","-","","","아파트"
"20970","대구광역시 서구 평리동","632-9","0632","0009","서대구KTX영무예다음","전세","59.7832","202507","29","22,000","0","28","2023","당산로 446","202509~202708","신규","-","","","아파트"
"20971","대구광역시 서구 평리동","1676","1676","0000","평리롯데캐슬","전세","133.9071","202507","29","25,000","0","1","2009","국채보상로 316","202508~202707","신규","-","","","아파트"
"20972","대구광역시 달성군 옥포읍 본리리","2590","2590","0000","미진이지비아","월세","74.4507","202507","29","3,000","55","24","2017","비슬로447길 56","202507~202707","갱신","사용","3,000","55","아파트"
"20973","대구광역시 달서구 감삼동","714","0714","0000","죽전역해링턴플레이스더베스트","월세","84.9658","202507","29","2,000","115","40","2024","와룡로33길 20","202509~202709","신규","-","","","아파트"
"20974","대구광역시 달성군 옥포읍 교항리","2998","2998","0000","옥포대성베르힐6단지","전세","84.9901","202507","29","17,000","0","15","2018","돌미로8길 19","202509~202709","신규","-","","","아파트"
"20975","대구광역시 달성군 다사읍 매곡리","1539","1539","0000","죽곡휴먼시아1단지","월세","59.8800","202507","29","3,779","26","2","2008","대실역북로1길 6","202510~202709","갱신","-","3,609","25","아파트"
"20976","대구광역시 달서구 두류동","486-2","0486","0002","삼정그린빌","전세","84.8281","202507","29","23,000","0","7","2002","야외음악당로39길 54","202508~202708","신규","-","","","아파트"
"20977","대구광역시 달서구 두류동","486-2","0486","0002","삼정그린빌","전세","84.8281","202507","29","23,000","0","7","2002","야외음악당로39길 54","202508~202708","신규","-","","","아파트"
"20978","대구광역시 달성군 구지면 응암리","1199","1199","0000","대구국가산단반도유보라아이비파크","월세","84.9598","202507","29","500","65","6","2017","과학마을로3길 14","202508~202708","신규","-","","","아파트"
"20979","대구광역시 달성군 구지면 응암리","1199","1199","0000","대구국가산단반도유보라아이비파크","월세","84.9598","202507","29","2,000","55","5","2017","과학마을로3길 14","202508~202708","신규","-","","","아파트"
"20980","대구광역시 달성군 구지면 응암리","1252","1252","0000","대구국가산단ZOOM파크","전세","60.9157","202507","29","11,550","0","6","2020","국가산단대로64길 63","202508~202708","신규","-","","","아파트"
"20981","대구광역시 달성군 구지면 응암리","1210","1210","0000","과학마을청아람","전세","59.8940","202507","29","10,770","0","12","2016","과학마을로 70","202508~202708","신규","-","","","아파트"
"20982","대구광역시 달서구 상인동","150-11","0150","0011","상인역신일해피트리","월세","154.7800","202507","29","5,000","150","22","2007","월서로 31","202508~202708","신규","-","","","아파트"
"20983","대구광역시 달서구 상인동","1596","1596","0000","상인화성파크드림2단지","월세","84.9800","202507","29","2,000","105","7","2010","송현로7길 9","202508~202708","신규","-","","","아파트"
"20984","대구광역시 달서구 상인동","1473","1473","0000","동방낙원","월세","46.3500","202507","29","3,000","20","3","1988","월곡로45길 49","202508~202708","신규","-","","","아파트"
"20985","대구광역시 달서구 송현동","50","0050","0000","그린맨션","전세","73.1700","202507","29","18,000","0","7","1984","구마로40길 21","202507~202707","갱신","-","20,000","0","아파트"
"20986","대구광역시 달성군 다사읍 세천리","1703-1","1703","0001","제일풍경채 프라임","월세","59.9673","202507","29","2,000","65","21","2017","세천남로 35","202509~202709","신규","-","","","아파트"
"20987","대구광역시 달성군 유가읍 봉리","605","0605","0000","호반베르디움","전세","73.9728","202507","29","20,000","0","8","2016","테크노대로5길 58","202508~202708","갱신","-","18,000","0","아파트"
"20988","대구광역시 달성군 다사읍 세천리","1703-1","1703","0001","제일풍경채 프라임","월세","59.9673","202507","29","2,000","65","21","2017","세천남로 35","202509~202709","신규","-","","","아파트"
"20989","대구광역시 수성구 노변동","742","0742","0000","수성알파시티청아람","월세","59.9949","202507","29","2,000","93","25","2021","알파시티2로 96","202508~202708","신규","-","","","아파트"
"20990","대구광역시 달성군 현풍읍 대리","1176","1176","0000","국가산단서한이다음아파트","월세","84.9500","202507","29","6,121","24","20","2019","국가산단대로70길 41","202509~202709","갱신","-","5,900","23","아파트"
"20991","대구광역시 중구 대봉동","758","0758","0000","대봉태왕아너스","전세","77.9800","202507","29","29,000","0","11","2015","동덕로 55","202510~202710","신규","-","","","아파트"
"20992","대구광역시 달서구 유천동","597","0597","0000","진천역AK그랑폴리스","전세","84.9195","202507","29","28,000","0","5","2013","월배로11길 33","202509~202709","신규","-","","","아파트"
"20993","대구광역시 달서구 감삼동","702","0702","0000","삼정브리티시용산","월세","84.3064","202507","29","2,000","100","20","2013","달구벌대로 1530","202510~202710","신규","-","","","아파트"
"20994","대구광역시 달서구 이곡동","1191","1191","0000","성서보성화성타운","월세","59.9500","202507","29","1,000","50","13","1994","계대동문로 99","202509~202709","신규","-","","","아파트"
"20995","대구광역시 달성군 유가읍 봉리","605","0605","0000","호반베르디움","전세","73.9728","202507","29","20,000","0","8","2016","테크노대로5길 58","202508~202708","갱신","-","18,000","0","아파트"
"20996","대구광역시 달서구 본리동","74-1","0074","0001","성당래미안e-편한세상1단지","전세","84.9500","202507","29","21,000","0","14","2009","장기로 189","202509~202709","신규","-","","","아파트"
"20997","대구광역시 달서구 성당동","834","0834","0000","성당동더샵","월세","84.8886","202507","29","2,000","73","13","2008","장기로 115","202508~202708","신규","-","","","아파트"
"20998","대구광역시 달서구 유천동","597","0597","0000","진천역AK그랑폴리스","전세","84.9195","202507","29","28,000","0","5","2013","월배로11길 33","202509~202709","신규","-","","","아파트"
"20999","대구광역시 달성군 다사읍 죽곡리","814","0814","0000","대실역태왕아너스","월세","59.9880","202507","29","1,000","50","1","2017","대실역남로 11","202507~202707","신규","-","","","아파트"
"21000","대구광역시 북구 고성동3가","145","0145","0000","오페라트루엘시민의숲아파트","전세","115.2616","202507","29","37,000","0","6","2020","고성북로 34","202509~202709","신규","-","","","아파트"
"21001","대구광역시 수성구 범어동","320","0320","0000","경남타운","월세","84.5500","202507","29","2,000","60","11","1982","범어로 27","202508~202708","신규","-","","","아파트"
"21002","대구광역시 북구 고성동1가","265","0265","0000","힐스테이트대구역오페라","전세","84.8715","202507","29","30,000","0","11","2024","칠성남로 30","202509~202709","신규","-","","","아파트"
"21003","대구광역시 수성구 황금동","985","0985","0000","힐스테이트황금동","월세","59.9776","202507","29","2,000","115","4","2018","청수로 274","202508~202708","신규","-","","","아파트"
"21004","대구광역시 북구 침산동","123-1","0123","0001","침산화성2","전세","59.9100","202507","29","18,900","0","17","1999","침산남로37길 24","202507~202607","갱신","-","20,000","0","아파트"
"21005","대구광역시 북구 침산동","1761","1761","0000","침산화성파크드림","전세","84.9716","202507","29","29,000","0","24","2017","성북로 70","202509~202709","신규","-","","","아파트"
"21006","대구광역시 북구 태전동","1244","1244","0000","대구태전역광신프로그레스","월세","84.9687","202507","29","2,000","95","9","2023","태전로7길 34","202509~202709","신규","-","","","아파트"
"21007","대구광역시 북구 태전동","205-14","0205","0014","한일","월세","121.7400","202507","29","2,500","80","7","1998","칠곡중앙대로53길 32","202509~202709","신규","-","","","아파트"
"21008","대구광역시 수성구 시지동","499","0499","0000","노변다숲","전세","59.7300","202507","29","12,000","0","14","1996","노변공원로 34","202509~202709","신규","-","","","아파트"
"21009","대구광역시 북구 침산동","1750","1750","0000","침산동2차쌍용예가","월세","59.9804","202507","29","11,000","45","17","2013","성북로9길 12","202508~202708","신규","-","","","아파트"
"21010","대구광역시 북구 산격동","500-1","0500","0001","산격대우","전세","84.9600","202507","29","22,000","0","15","1999","동북로 163","202509~202709","신규","-","","","아파트"
"21011","대구광역시 북구 국우동","1228","1228","0000","힐스테이트데시앙도남4단지","전세","84.9628","202507","29","28,000","0","16","2021","도남중앙로8길 8","202509~202709","신규","-","","","아파트"
"21012","대구광역시 수성구 두산동","85","0085","0000","호반써밋수성","전세","109.7304","202507","29","50,000","0","6","2024","청수로24길 71","202509~202709","신규","-","","","아파트"
"21013","대구광역시 수성구 두산동","113","0113","0000","수성SK리더스뷰","월세","154.3168","202507","29","10,000","300","38","2010","동대구로 95","202509~202709","신규","-","","","아파트"
"21014","대구광역시 북구 복현동","60","0060","0000","동서성화","월세","49.1700","202507","29","500","50","2","1989","복현로 114-18","202508~202708","신규","-","","","아파트"
"21015","대구광역시 수성구 범어동","2291","2291","0000","수성범어W","월세","84.9974","202507","29","5,000","250","49","2023","달구벌대로 2436","202509~202709","신규","-","","","아파트"
"21016","대구광역시 수성구 범어동","908-4","0908","0004","범어유림노르웨이숲2차","전세","70.1295","202507","29","24,000","0","3","2007","동대구로50길 67","202511~202711","신규","-","","","아파트"
"21017","대구광역시 수성구 범어동","614-3","0614","0003","태왕유성하이빌","전세","84.9686","202507","29","30,000","0","17","2003","동대구로 250","202509~202709","신규","-","","","아파트"
"21018","대구광역시 수성구 지산동","1200","1200","0000","목련","전세","49.2300","202507","29","7,000","0","2","1986","용학로42길 13","202508~202708","신규","-","","","아파트"
"21019","대구광역시 수성구 지산동","1766","1766","0000","더샵수성라크에르","전세","59.8476","202507","29","21,000","0","7","2024","지산로3길 33","202507~202707","갱신","사용","20,000","0","아파트"
"21020","대구광역시 수성구 지산동","1200","1200","0000","목련","전세","49.2300","202507","29","3,500","0","4","1986","용학로42길 13","202507~202707","신규","-","","","아파트"
"21021","대구광역시 수성구 범어동","2264","2264","0000","힐스테이트범어","월세","84.9218","202507","29","25,000","220","17","2020","범어로18길 22","202509~202708","신규","-","","","아파트"
"21022","대구광역시 수성구 범어동","산103","0103","0000","장원맨션","월세","84.9800","202507","29","3,000","130","7","1988","청호로 370","202508~202708","신규","-","","","아파트"
"21023","대구광역시 수성구 만촌동","1429-5","1429","0005","메트로팔레스5","전세","74.9100","202507","29","34,000","0","10","2003","동원로 100","202508~202708","갱신","-","32,000","0","아파트"
"21024","대구광역시 수성구 만촌동","1500","1500","0000","힐스테이트만촌역","월세","84.8649","202507","29","5,000","210","29","2024","달구벌대로 2567","202508~202708","신규","-","","","아파트"
"21025","대구광역시 수성구 만촌동","1500","1500","0000","힐스테이트만촌역","월세","84.8649","202507","29","3,000","200","22","2024","달구벌대로 2567","202508~202708","신규","-","","","아파트"
"21026","대구광역시 수성구 만촌동","860","0860","0000","우방금탑","월세","67.1500","202507","29","1,000","50","12","1986","교학로 3","202508~202608","신규","-","","","아파트"
"21027","대구광역시 북구 동천동","913","0913","0000","영남네오빌아트","월세","84.8526","202507","29","6,000","65","19","2004","동천로 97","202508~202708","신규","-","","","아파트"
"21028","대구광역시 수성구 매호동","1324","1324","0000","두레타운","월세","39.9000","202507","29","500","38","8","1995","천을로 131","202508~202708","갱신","-","500","38","아파트"
"21029","대구광역시 수성구 매호동","1331","1331","0000","하나타운","전세","49.9200","202507","29","12,000","0","10","1995","고산로 123","202508~202708","신규","-","","","아파트"
"21030","대구광역시 수성구 매호동","1324","1324","0000","두레타운","월세","39.9000","202507","29","500","40","11","1995","천을로 131","202509~202709","신규","-","","","아파트"
"21031","대구광역시 수성구 사월동","510-2","0510","0002","태왕리더스","월세","84.9300","202507","29","10,000","40","1","2004","달구벌대로669길 70","202509~202709","신규","-","","","아파트"
"21032","대구광역시 북구 도남동","908","0908","0000","대구도남LH2단지","월세","37.4300","202507","29","3,987","9","23","2023","도남중앙로22길 10","202510~202709","갱신","-","1,887","22","아파트"
"21033","대구광역시 북구 도남동","908","0908","0000","대구도남LH2단지","월세","37.4300","202507","29","3,932","9","23","2023","도남중앙로22길 10","202308~202509","갱신","-","1,832","21","아파트"
"21034","대구광역시 수성구 사월동","650","0650","0000","시지3차서한이다음","전세","84.9700","202507","29","27,000","0","12","2018","달구벌대로669길 20-20","202107~202611","갱신","-","39,000","0","아파트"
"21035","대구광역시 수성구 범어동","산103","0103","0000","장원맨션","월세","84.9800","202507","29","3,000","130","7","1988","청호로 370","202508~202708","신규","-","","","아파트"
"21036","대구광역시 수성구 범어동","341","0341","0000","범어목련","월세","59.4300","202507","29","300","20","2","1987","청호로 340","-","-","-","","","아파트"
"21037","대구광역시 수성구 수성동1가","96-14","0096","0014","오성우방","전세","134.9700","202507","29","25,000","0","4","1993","신천동로 380","202509~202709","신규","-","","","아파트"
"21038","대구광역시 수성구 범어동","2253","2253","0000","빌리브범어","전세","84.9692","202507","29","60,000","0","6","2019","청호로 418","202507~202801","갱신","사용","60,000","0","아파트"
"21039","대구광역시 수성구 신매동","30-6","0030","0006","시지효성백년가약2단지","월세","123.2250","202507","29","5,000","160","7","2008","달구벌대로 3280-1","202509~202709","신규","-","","","아파트"
"21040","대구광역시 북구 복현동","713","0713","0000","e편한세상복현","전세","59.9707","202507","29","23,500","0","11","2021","동북로 247","202509~202709","갱신","사용","23,500","0","아파트"
"21041","대구광역시 북구 관음동","1383-1","1383","0001","칠곡동화타운","월세","59.9037","202507","29","3,000","40","3","2000","칠곡중앙대로95길 12","202509~202705","신규","-","","","아파트"
"21042","대구광역시 수성구 범어동","2291","2291","0000","수성범어W","전세","84.9974","202507","28","62,000","0","48","2023","달구벌대로 2436","202509~202709","신규","-","","","아파트"
"21043","대구광역시 북구 구암동","695-1","0695","0001","칠곡동서영남","월세","59.8400","202507","28","1,000","50","10","1995","구암로 180","202508~202708","신규","-","","","아파트"
"21044","대구광역시 북구 국우동","1110","1110","0000","그린빌1차","월세","59.3900","202507","28","1,000","60","6","1999","구리로 250","202507~202707","신규","-","","","아파트"
"21045","대구광역시 수성구 지산동","1275","1275","0000","지산한라타운","월세","59.8500","202507","28","1,000","55","1","1991","지범로22길 9","202508~202708","신규","-","","","아파트"
"21046","대구광역시 수성구 지산동","1288","1288","0000","지산타운","월세","53.7800","202507","28","3,000","35","2","1991","용학로 303","202510~202710","신규","-","","","아파트"
"21047","대구광역시 수성구 수성동1가","272-11","0272","0011","우방한가람타운","월세","59.9300","202507","28","1,000","75","8","1995","명덕로 368","202509~202709","신규","-","","","아파트"
"21048","대구광역시 수성구 수성동1가","272-11","0272","0011","우방한가람타운","월세","59.9300","202507","28","1,000","75","8","1995","명덕로 368","202509~202709","신규","-","","","아파트"
"21049","대구광역시 북구 서변동","1766","1766","0000","영남네오빌블루","전세","59.7194","202507","28","13,500","0","8","2003","서변로 120","202509~202709","신규","-","","","아파트"
"21050","대구광역시 수성구 황금동","986","0986","0000","힐스테이트황금엘포레","전세","75.8632","202507","28","33,600","0","11","2022","청솔로 16","202509~202709","신규","-","","","아파트"
"21051","대구광역시 수성구 황금동","986","0986","0000","힐스테이트황금엘포레","전세","75.8632","202507","28","33,600","0","11","2022","청솔로 16","202509~202709","신규","-","","","아파트"
"21052","대구광역시 수성구 범물동","1261","1261","0000","범물하이츠","전세","41.8500","202507","28","9,000","0","9","1992","용학로 336","202510~202710","신규","-","","","아파트"
"21053","대구광역시 북구 읍내동","1366-2","1366","0002","칠곡보성","전세","84.9800","202507","28","16,000","0","2","1992","구암로21길 26","202509~202709","신규","-","","","아파트"
"21054","대구광역시 수성구 범물동","1261","1261","0000","범물하이츠","전세","41.8500","202507","28","9,000","0","9","1992","용학로 336","202510~202710","신규","-","","","아파트"
"21055","대구광역시 북구 동천동","872","0872","0000","보성서한타운","전세","59.9000","202507","28","13,500","0","9","1995","팔거천동로 104","202509~202709","신규","-","","","아파트"
"21056","대구광역시 북구 산격동","469","0469","0000","산격에덴4","월세","40.9950","202507","28","300","28","1","1987","동북로37길 58-16","202508~202708","신규","-","","","아파트"
"21057","대구광역시 북구 산격동","493","0493","0000","산격보성","월세","40.0900","202507","28","500","45","2","1981","동북로37길 13-10","202508~202707","신규","-","","","아파트"
"21058","대구광역시 북구 복현동","241-1","0241","0001","복현블루밍브라운스톤명문세가","전세","59.9500","202507","28","13,848","0","14","2011","복현로 50","202508~202708","신규","-","","","아파트"
"21059","대구광역시 수성구 중동","551-1","0551","0001","서울중동(1-5동)","전세","50.0600","202507","28","10,000","0","2","1981","신천동로 216","202508~202708","갱신","사용","10,000","0","아파트"
"21060","대구광역시 북구 복현동","713","0713","0000","e편한세상복현","전세","74.9863","202507","28","27,000","0","8","2021","동북로 247","202511~202711","신규","-","","","아파트"
"21061","대구광역시 북구 관음동","1370","1370","0000","칠곡한양2","전세","41.2650","202507","28","7,800","0","14","1993","구암로 17","202508~202708","신규","-","","","아파트"
"21062","대구광역시 수성구 사월동","325","0325","0000","대구시지푸르지오","전세","84.9778","202507","28","24,000","0","19","2006","달구벌대로661길 7","202509~202709","신규","-","","","아파트"
"21063","대구광역시 중구 동인동3가","414","0414","0000","엑소디움센트럴동인","전세","84.9715","202507","28","32,000","0","3","2023","국채보상로139길 40","202510~202710","신규","-","","","아파트"
"21064","대구광역시 동구 숙천동","388","0388","0000","대구혁신도시서한이다음4차","월세","84.7703","202507","28","3,000","65","3","2016","초례로 50","202507~202707","신규","-","","","아파트"
"21065","대구광역시 중구 수창동","173","0173","0000","대구역센트럴자이","전세","84.6421","202507","28","29,000","0","15","2017","서성로 99","202510~202710","신규","-","","","아파트"
"21066","대구광역시 중구 수창동","173","0173","0000","대구역센트럴자이","전세","84.6421","202507","28","29,000","0","15","2017","서성로 99","202509~202709","신규","-","","","아파트"
"21067","대구광역시 동구 효목동","1331","1331","0000","동대구푸르지오브리센트","전세","78.2062","202507","28","29,000","0","5","2024","효목로5길 55","202508~202708","신규","-","","","아파트"
"21068","대구광역시 동구 용계동","575-12","0575","0012","용계역푸르지오아츠베르1단지","월세","99.9900","202507","28","2,500","120","2","2023","화랑로108길 42","202508~202708","신규","-","","","아파트"
"21069","대구광역시 동구 용계동","575-12","0575","0012","용계역푸르지오아츠베르1단지","월세","99.9900","202507","28","2,500","120","2","2023","화랑로108길 42","202508~202708","신규","-","","","아파트"
"21070","대구광역시 중구 달성동","352","0352","0000","달성파크푸르지오힐스테이트","월세","74.9933","202507","28","3,000","100","10","2023","달성로 123","202509~202709","신규","-","","","아파트"
"21071","대구광역시 동구 율하동","1093","1093","0000","우방아이유쉘","전세","84.9868","202507","28","22,000","0","5","2013","금호강변로3길 22","202508~202708","갱신","사용","22,000","0","아파트"
"21072","대구광역시 동구 각산동","905","0905","0000","각산태영데시앙","전세","84.9808","202507","28","18,000","0","2","2009","반야월북로 123","202509~202709","신규","-","","","아파트"
"21073","대구광역시 남구 이천동","121-70","0121","0070","대구이천주공1","전세","49.6100","202507","28","13,200","0","11","1999","명덕로68길 77","202510~202710","신규","-","","","아파트"
"21074","대구광역시 동구 신천동","1507","1507","0000","동대구반도유보라","전세","59.9327","202507","28","25,500","0","12","2018","송라로16길 11","202508~202708","신규","-","","","아파트"
"21075","대구광역시 동구 신천동","538-3","0538","0003","신천역까사밀라101동","월세","24.0300","202507","28","2,000","21","5","2015","동부로 29","202508~202608","신규","-","","","아파트"
"21076","대구광역시 동구 신천동","292-6","0292","0006","동대구유성푸르나임","월세","49.4700","202507","28","500","45","8","2014","동부로22길 48","202508~202607","신규","-","","","아파트"
"21077","대구광역시 서구 원대동3가","1649","1649","0000","서대구센트럴자이","전세","74.9325","202507","28","21,000","0","4","2023","고성로 33","202509~202709","갱신","사용","20,000","0","아파트"
"21078","대구광역시 서구 원대동3가","1649","1649","0000","서대구센트럴자이","전세","59.8299","202507","28","25,000","0","26","2023","고성로 33","202510~202710","신규","-","","","아파트"
"21079","대구광역시 중구 동인동1가","420","0420","0000","힐스테이트동인더스카이","월세","84.9389","202507","28","1,000","100","34","2025","태평로 240","202507~202607","신규","-","","","아파트"
"21080","대구광역시 중구 동인동1가","420","0420","0000","힐스테이트동인더스카이","월세","84.9389","202507","28","1,000","110","17","2025","태평로 240","202508~202608","신규","-","","","아파트"
"21081","대구광역시 중구 남산동","3012","3012","0000","남산역화성파크드림","월세","84.2108","202507","28","2,000","110","19","2018","남산로7길 7","202508~202608","신규","-","","","아파트"
"21082","대구광역시 중구 남산동","2466-1","2466","0001","보성황실타운","전세","59.9600","202507","28","17,000","0","1","1993","남산로13길 17","202509~202708","신규","-","","","아파트"
"21083","대구광역시 동구 신기동","557","0557","0000","신기모란3차","전세","49.9800","202507","28","10,000","0","4","1988","율하동로20길 31","202507~202707","갱신","-","12,000","0","아파트"
"21084","대구광역시 동구 신기동","557","0557","0000","신기모란3차","월세","49.9800","202507","28","500","30","5","1988","율하동로20길 31","202507~202707","신규","-","","","아파트"
"21085","대구광역시 서구 평리동","1497-44","1497","0044","서대구역서한이다음더퍼스트","전세","39.8388","202507","28","13,120","0","5","2023","국채보상로37길 38","202509~202709","갱신","사용","12,500","0","아파트"
"21086","대구광역시 서구 평리동","1497-44","1497","0044","서대구역서한이다음더퍼스트","전세","39.8388","202507","28","14,170","0","21","2023","국채보상로37길 38","202508~202708","신규","-","","","아파트"
"21087","대구광역시 서구 평리동","1497-44","1497","0044","서대구역서한이다음더퍼스트","전세","39.8388","202507","28","13,650","0","18","2023","국채보상로37길 38","202508~202708","갱신","사용","13,000","0","아파트"
"21088","대구광역시 남구 대명동","3083","3083","0000","힐스테이트대명더퍼스트","전세","84.6455","202507","28","30,300","0","12","2025","대명로 263","202509~202709","신규","-","","","아파트"
"21089","대구광역시 남구 대명동","3083","3083","0000","힐스테이트대명더퍼스트","전세","84.6455","202507","28","33,100","0","30","2025","대명로 263","202509~202709","신규","-","","","아파트"
"21090","대구광역시 남구 대명동","3083","3083","0000","힐스테이트대명더퍼스트","전세","84.6365","202507","28","29,000","0","24","2025","대명로 263","202510~202710","신규","-","","","아파트"
"21091","대구광역시 남구 대명동","3083","3083","0000","힐스테이트대명더퍼스트","전세","84.6455","202507","28","31,200","0","20","2025","대명로 263","202509~202709","신규","-","","","아파트"
"21092","대구광역시 남구 대명동","3083","3083","0000","힐스테이트대명더퍼스트","전세","84.6455","202507","28","33,100","0","30","2025","대명로 263","202509~202709","신규","-","","","아파트"
"21093","대구광역시 남구 대명동","3072","3072","0000","대명역센트럴엘리프","전세","84.9134","202507","28","30,000","0","10","2022","대명로14길 60","202508~202708","신규","-","","","아파트"
"21094","대구광역시 달성군 유가읍 봉리","604","0604","0000","남해오네뜨2차","전세","75.5935","202507","28","12,000","0","3","2016","테크노대로5길 57","202508~202708","신규","-","","","아파트"
"21095","대구광역시 달서구 신당동","1846","1846","0000","성서주공2","월세","37.6700","202507","28","600","37","8","1995","신당로 55","202508~202708","신규","-","","","아파트"
"21096","대구광역시 달성군 현풍읍 대리","1176","1176","0000","국가산단서한이다음아파트","월세","84.5900","202507","28","4,565","28","25","2019","국가산단대로70길 41","202510~202710","갱신","-","4,489","27","아파트"
"21097","대구광역시 달성군 다사읍 매곡리","719-2","0719","0002","강창삼산1","월세","84.9800","202507","28","1,000","55","6","1995","달구벌대로 790","202509~202709","신규","-","","","아파트"
"21098","대구광역시 달서구 상인동","1600","1600","0000","상인역모아엘가파크뷰","월세","59.9800","202507","28","2,000","80","14","2019","상화북로 162","202508~202708","신규","-","","","아파트"
"21099","대구광역시 달서구 상인동","42","0042","0000","보성은하","월세","59.8800","202507","28","1,000","50","2","1994","월곡로 320","202508~202708","신규","-","","","아파트"
"21100","대구광역시 달서구 상인동","1524","1524","0000","동서","월세","59.8500","202507","28","0","42","15","1993","상인서로 39","202507~202607","신규","-","","","아파트"
"21101","대구광역시 달서구 상인동","1473","1473","0000","동방낙원","월세","46.3500","202507","28","1,000","35","3","1988","월곡로45길 49","202507~202607","신규","-","","","아파트"
"21102","대구광역시 달서구 상인동","1474-1","1474","0001","보성산호","월세","56.9300","202507","28","1,000","30","5","1989","상화북로 159","202508~202708","신규","-","","","아파트"
"21103","대구광역시 달성군 옥포읍 본리리","2590","2590","0000","미진이지비아","월세","59.9639","202507","28","1,000","45","10","2017","비슬로447길 56","202507~202707","신규","-","","","아파트"
"21104","대구광역시 달서구 용산동","416-1","0416","0001","성서2영남우방타운","전세","134.8400","202507","28","24,000","0","8","1997","이곡공원로 83","202509~202709","신규","-","","","아파트"
"21105","대구광역시 달서구 감삼동","702","0702","0000","삼정브리티시용산","전세","46.5647","202507","28","18,000","0","14","2013","달구벌대로 1530","202406~202606","신규","-","","","아파트"
"21106","대구광역시 달성군 화원읍 천내리","42-1","0042","0001","동서동산","월세","83.9000","202507","28","1,000","39","4","1989","비슬로525길 21","202507~202707","신규","-","","","아파트"
"21107","대구광역시 달성군 구지면 화산리","1105","1105","0000","대구국가산단반도유보라아이비파크3","월세","74.2629","202507","28","9,000","25","24","2020","국가산단북로34길 10","202508~202708","신규","-","","","아파트"
"21108","대구광역시 달성군 구지면 화산리","1105","1105","0000","대구국가산단반도유보라아이비파크3","월세","74.9638","202507","28","2,000","50","21","2020","국가산단북로34길 10","202508~202707","신규","-","","","아파트"
"21109","대구광역시 달성군 구지면 화산리","1105","1105","0000","대구국가산단반도유보라아이비파크3","월세","74.9638","202507","28","500","60","20","2020","국가산단북로34길 10","202508~202708","신규","-","","","아파트"
"21110","대구광역시 달성군 구지면 화산리","1105","1105","0000","대구국가산단반도유보라아이비파크3","월세","74.2629","202507","28","9,000","25","24","2020","국가산단북로34길 10","202508~202708","신규","-","","","아파트"
"21111","대구광역시 달성군 구지면 창리","1447","1447","0000","모아미래도에듀퍼스트","월세","77.7752","202507","28","500","100","14","2021","국가산단대로70길 42","202508~202601","신규","-","","","아파트"
"21112","대구광역시 달서구 감삼동","709","0709","0000","힐스테이트죽전역더퍼스트","월세","84.9414","202507","28","2,000","110","15","2022","와룡로31길 26","202510~202709","신규","-","","","아파트"
"21113","대구광역시 달서구 감삼동","702","0702","0000","삼정브리티시용산","전세","84.3064","202507","28","25,000","0","24","2013","달구벌대로 1530","202509~202709","신규","-","","","아파트"
"21114","대구광역시 달성군 옥포읍 본리리","2590","2590","0000","미진이지비아","월세","59.9639","202507","28","4,000","30","14","2017","비슬로447길 56","202509~202709","신규","-","","","아파트"
"21115","대구광역시 달서구 이곡동","1256","1256","0000","성서와룡타운","전세","59.9800","202507","28","12,500","0","5","1994","이곡동로 32","202508~202708","신규","-","","","아파트"
"21116","대구광역시 달성군 유가읍 봉리","602","0602","0000","대구테크노폴리스4단지","월세","51.9800","202507","28","6,700","16","5","2017","테크노상업로 111","202507~202709","신규","-","","","아파트"
"21117","대구광역시 달성군 다사읍 세천리","1566-1","1566","0001","다사세천한라비발디","전세","84.1450","202507","28","21,000","0","11","2016","세천로 187","202509~202709","신규","-","","","아파트"
"21118","대구광역시 달서구 두류동","2369","2369","0000","두류역서한포레스트","월세","84.5882","202507","28","3,000","110","33","2025","야외음악당로47길 76","-","-","-","","","아파트"
"21119","대구광역시 달서구 도원동","1464","1464","0000","서한이다음레이크뷰","월세","84.9213","202507","28","2,000","95","14","2015","상화로58길 35","202510~202709","신규","-","","","아파트"
"21120","대구광역시 달서구 도원동","1443","1443","0000","강산타운","월세","134.6300","202507","28","2,000","87","8","1997","도원로 45","202508~202708","갱신","-","2,000","87","아파트"
"21121","대구광역시 달서구 본동","247","0247","0000","그린맨션2차","전세","58.4100","202507","28","13,000","0","3","1986","구마로36길 20","202509~202709","신규","-","","","아파트"
"21122","대구광역시 달서구 장기동","814-1","0814","0001","장기파랑새마을","전세","59.9634","202507","28","14,500","0","2","2001","한들로 70","202508~202708","신규","-","","","아파트"
"21123","대구광역시 달서구 장기동","551","0551","0000","장기영남네오빌비스타","월세","84.9955","202507","28","2,000","80","5","2005","대명천로 250","202508~202708","신규","-","","","아파트"
"21124","대구광역시 달서구 진천동","847","0847","0000","월배역디엘라온프라이빗","월세","99.8395","202507","28","3,000","140","19","2024","월배로 159","202508~202708","신규","-","","","아파트"
"21125","대구광역시 달서구 진천동","847","0847","0000","월배역디엘라온프라이빗","월세","99.8395","202507","28","3,000","140","19","2024","월배로 159","202508~202708","신규","-","","","아파트"
"21126","대구광역시 달성군 다사읍 매곡리","719-2","0719","0002","강창삼산1","전세","84.9800","202507","28","14,500","0","23","1995","달구벌대로 790","202507~202707","신규","-","","","아파트"
"21127","대구광역시 달성군 다사읍 세천리","1588","1588","0000","북죽곡엠코타운더솔레뉴","월세","76.5713","202507","28","2,000","73","4","2016","세천로 160","202509~202709","신규","-","","","아파트"
"21128","대구광역시 달서구 월성동","1835","1835","0000","월배e-편한세상","월세","59.9694","202507","28","5,000","60","23","2014","월성로 132","202508~202708","신규","-","","","아파트"
"21129","대구광역시 달서구 월성동","84","0084","0000","월성주공1(고층)","전세","58.4600","202507","28","7,500","0","15","1991","월곡로94길 30","202507~202707","신규","-","","","아파트"
"21130","대구광역시 달성군 다사읍 세천리","1566-1","1566","0001","다사세천한라비발디","월세","62.6830","202507","27","1,000","70","17","2016","세천로 187","202509~202709","신규","-","","","아파트"
"21131","대구광역시 달성군 화원읍 천내리","918","0918","0000","화원이진캐스빌","전세","84.9258","202507","27","22,000","0","2","2017","비슬로 2545","202507~202707","갱신","사용","21,000","0","아파트"
"21132","대구광역시 달성군 다사읍 서재리","1134","1134","0000","메가시티태왕아너스","전세","84.6997","202507","27","23,000","0","12","2022","궁산2길 12","202507~202707","갱신","사용","22,000","0","아파트"
"21133","대구광역시 달성군 다사읍 서재리","1134","1134","0000","메가시티태왕아너스","전세","84.6997","202507","27","23,000","0","12","2022","궁산2길 12","-","-","-","","","아파트"
"21134","대구광역시 달성군 논공읍 남리","224-116","0224","0116","경일(4,5,6,7,8)","월세","48.8700","202507","27","200","20","5","1988","논공로9길 39","202508~202708","신규","-","","","아파트"
"21135","대구광역시 달서구 본동","747","0747","0000","빌리브클라쎄","월세","84.5900","202507","27","2,000","110","36","2023","와룡로 41","202508~202708","신규","-","","","아파트"
"21136","대구광역시 달서구 본동","747","0747","0000","빌리브클라쎄","전세","84.5900","202507","27","25,000","0","33","2023","와룡로 41","202507~202708","갱신","사용","24,000","0","아파트"
"21137","대구광역시 달서구 감삼동","707","0707","0000","빌리브스카이주상복합","전세","84.6135","202507","27","38,500","0","14","2022","와룡로 186","202510~202709","신규","-","","","아파트"
"21138","대구광역시 달서구 감삼동","707","0707","0000","빌리브스카이주상복합","전세","84.6135","202507","27","38,500","0","14","2022","와룡로 186","202510~202710","신규","-","","","아파트"
"21139","대구광역시 달서구 감삼동","573","0573","0000","죽전역코아루더리브","전세","84.9429","202507","27","30,000","0","44","2023","용산로24길 40","202509~202709","신규","-","","","아파트"
"21140","대구광역시 달성군 다사읍 매곡리","1582","1582","0000","다사역금호어울림센트럴","전세","84.9045","202507","27","27,000","0","2","2023","다사로 71","202508~202708","갱신","사용","26,000","0","아파트"
"21141","대구광역시 달서구 대곡동","1126","1126","0000","수목원서한이다음","월세","74.2300","202507","27","2,000","80","4","2018","한실로6길 123","202508~202708","신규","-","","","아파트"
"21142","대구광역시 수성구 범물동","1269","1269","0000","범물보성2차","월세","116.7500","202507","27","2,000","95","9","1992","용학로 316","202509~202709","신규","-","","","아파트"
"21143","대구광역시 북구 구암동","695-1","0695","0001","칠곡동서영남","월세","59.8400","202507","27","1,000","50","15","1995","구암로 180","202507~202707","신규","-","","","아파트"
"21144","대구광역시 북구 연경동","943","0943","0000","연경금성백조예미지숲속의아침","전세","101.9922","202507","27","25,000","0","4","2020","연경중앙로 11","202509~202709","신규","-","","","아파트"
"21145","대구광역시 북구 동천동","915","0915","0000","칠곡3화성타운","월세","75.2800","202507","27","2,000","80","16","1999","대천로 101","202508~202708","신규","-","","","아파트"
"21146","대구광역시 북구 서변동","1775","1775","0000","화성리버파크1","전세","59.9654","202507","27","13,000","0","9","2003","서변로 72","202508~202708","신규","-","","","아파트"
"21147","대구광역시 수성구 범어동","2272","2272","0000","범어에일린의뜰","전세","84.9608","202507","27","50,000","0","17","2021","청솔로14길 15","-","-","-","","","아파트"
"21148","대구광역시 수성구 시지동","591","0591","0000","수성알파시티동화아이위시","전세","59.9431","202507","27","36,000","0","18","2019","알파시티2로 48","202509~202709","갱신","-","43,000","0","아파트"
"21149","대구광역시 북구 태전동","1244","1244","0000","대구태전역광신프로그레스","월세","59.7340","202507","27","2,000","73","12","2023","태전로7길 34","202509~202709","신규","-","","","아파트"
"21150","대구광역시 수성구 중동","655","0655","0000","수성센트럴화성파크드림","전세","84.8330","202507","27","31,500","0","23","2023","수성로 180","202509~202709","갱신","사용","30,000","0","아파트"
"21151","대구광역시 수성구 지산동","1195-2","1195","0002","한라자연","전세","83.3300","202507","27","13,000","0","2","1989","용학로42길 46","202510~202710","갱신","-","13,000","0","아파트"
"21152","대구광역시 수성구 황금동","862-5","0862","0005","힐스테이트황금역리저브2단지","월세","82.1252","202507","27","5,000","170","37","2024","청수로25길 24","202508~202708","신규","-","","","아파트"
"21153","대구광역시 북구 노원동2가","231","0231","0000","노원센트리움","전세","84.8200","202507","27","11,500","0","8","2003","팔달로45길 36","202509~202709","신규","-","","","아파트"
"21154","대구광역시 수성구 중동","641","0641","0000","수성효성해링턴플레이스","월세","84.6009","202507","27","5,000","170","28","2020","희망로24길 24","202508~202708","신규","-","","","아파트"
"21155","대구광역시 수성구 중동","655","0655","0000","수성센트럴화성파크드림","전세","84.8330","202507","27","31,500","0","23","2023","수성로 180","202509~202709","갱신","사용","31,500","0","아파트"
"21156","대구광역시 수성구 만촌동","1429-5","1429","0005","메트로팔레스5","전세","74.9100","202507","27","25,000","0","7","2003","동원로 100","202509~202709","신규","-","","","아파트"
"21157","대구광역시 중구 동인동1가","420","0420","0000","힐스테이트동인더스카이","전세","84.3549","202507","27","26,000","0","26","2025","태평로 240","202508~202708","신규","-","","","아파트"
"21158","대구광역시 서구 내당동","2346","2346","0000","e편한세상두류역","월세","59.9891","202507","27","2,500","87","7","2022","달구벌대로361길 41","202509~202709","신규","-","","","아파트"
"21159","대구광역시 서구 내당동","3333","3333","0000","두류역자이","전세","84.9723","202507","27","40,000","0","13","2025","달구벌대로 1769-7","202511~202711","신규","-","","","아파트"
"21160","대구광역시 서구 내당동","3333","3333","0000","두류역자이","전세","59.9708","202507","27","25,000","0","13","2025","달구벌대로 1769-7","202509~202709","신규","-","","","아파트"
"21161","대구광역시 서구 내당동","3333","3333","0000","두류역자이","전세","59.9708","202507","27","25,000","0","21","2025","달구벌대로 1769-7","202509~202709","신규","-","","","아파트"
"21162","대구광역시 서구 내당동","3333","3333","0000","두류역자이","전세","84.9916","202507","27","30,000","0","15","2025","달구벌대로 1769-7","202510~202710","신규","-","","","아파트"
"21163","대구광역시 남구 이천동","405-5","0405","0005","조은사람조은집","전세","80.9127","202507","27","15,000","0","2","2015","이천로 141","202508~202708","신규","-","","","아파트"
"21164","대구광역시 남구 이천동","1177","1177","0000","대봉교역태왕아너스","월세","84.9511","202507","27","2,000","100","3","2023","대봉로30길 15","202507~202707","갱신","사용","2,000","95","아파트"
"21165","대구광역시 서구 내당동","340","0340","0000","광명","월세","52.2200","202507","27","1,000","35","3","1981","평리로 214","202508~202708","신규","-","","","아파트"
"21166","대구광역시 남구 대명동","3067","3067","0000","교대역하늘채뉴센트원","월세","84.6442","202507","27","3,000","110","3","2022","중앙대로 187","202507~202707","신규","-","","","아파트"
"21167","대구광역시 동구 지묘동","824","0824","0000","팔공보성타운3","월세","134.9900","202507","27","1,500","92","11","2001","파계로 71","202508~202808","신규","-","","","아파트"
"21168","대구광역시 서구 내당동","3333","3333","0000","두류역자이","전세","84.9916","202507","27","33,000","0","6","2025","달구벌대로 1769-7","202509~202709","신규","-","","","아파트"
"21169","대구광역시 서구 내당동","3333","3333","0000","두류역자이","전세","84.9723","202507","27","40,000","0","13","2025","달구벌대로 1769-7","202511~202711","신규","-","","","아파트"
"21170","대구광역시 중구 대신동","103-9","0103","0009","청라힐지웰더센트로","월세","72.7570","202507","27","2,000","100","31","2023","달성로 71","202508~202608","신규","-","","","아파트"
"21171","대구광역시 동구 신암동","1860","1860","0000","동대구역화성파크드림","전세","125.2931","202507","27","46,000","0","4","2023","동대구로 590","202510~202710","신규","-","","","아파트"
"21172","대구광역시 중구 도원동","9","0009","0000","힐스테이트도원센트럴","월세","84.9800","202507","27","3,000","125","40","2024","태평로 50","202509~202709","신규","-","","","아파트"
"21173","대구광역시 동구 효목동","1322","1322","0000","동대구2차비스타동원","월세","76.5403","202507","27","3,000","95","3","2024","화랑로25길 60","202509~202709","신규","-","","","아파트"
"21174","대구광역시 중구 남산동","3016","3016","0000","e편한세상남산","월세","59.9875","202507","27","2,000","100","19","2020","달구벌대로 2020","202508~202708","신규","-","","","아파트"
"21175","대구광역시 중구 남산동","3016","3016","0000","e편한세상남산","월세","59.9875","202507","27","2,000","100","19","2020","달구벌대로 2020","202508~202708","신규","-","","","아파트"
"21176","대구광역시 중구 남산동","3012","3012","0000","남산역화성파크드림","전세","84.6725","202507","27","27,000","0","23","2018","남산로7길 7","202507~202708","갱신","사용","26,000","0","아파트"
"21177","대구광역시 남구 봉덕동","1663","1663","0000","힐스테이트앞산센트럴","월세","84.8900","202507","27","3,000","120","18","2024","대덕로 162","202508~202708","신규","-","","","아파트"
"21178","대구광역시 중구 동인동1가","420","0420","0000","힐스테이트동인더스카이","전세","84.9928","202507","27","27,000","0","32","2025","태평로 240","202508~202708","신규","-","","","아파트"
"21179","대구광역시 중구 동인동1가","420","0420","0000","힐스테이트동인더스카이","전세","84.9389","202507","27","27,000","0","19","2025","태평로 240","202509~202708","신규","-","","","아파트"
"21180","대구광역시 동구 신암동","1860","1860","0000","동대구역화성파크드림","월세","84.9482","202507","26","3,000","115","16","2023","동대구로 590","202508~202707","신규","-","","","아파트"
"21181","대구광역시 동구 지저동","757-5","0757","0005","팔공","전세","51.0300","202507","26","7,000","0","2","1986","해동로 54","202508~202708","신규","-","","","아파트"
"21182","대구광역시 서구 내당동","3333","3333","0000","두류역자이","월세","84.9396","202507","26","5,000","130","38","2025","달구벌대로 1769-7","202509~202709","신규","-","","","아파트"
"21183","대구광역시 서구 내당동","3333","3333","0000","두류역자이","월세","84.9723","202507","26","2,000","120","8","2025","달구벌대로 1769-7","202510~202709","신규","-","","","아파트"
"21184","대구광역시 서구 내당동","3333","3333","0000","두류역자이","전세","59.9708","202507","26","23,500","0","13","2025","달구벌대로 1769-7","202509~202709","신규","-","","","아파트"
"21185","대구광역시 서구 내당동","3333","3333","0000","두류역자이","월세","84.9723","202507","26","2,000","120","6","2025","달구벌대로 1769-7","202509~202709","신규","-","","","아파트"
"21186","대구광역시 동구 용계동","1060","1060","0000","율하역엘크루","월세","84.9142","202507","26","2,000","80","4","2015","안심로7길 7","202508~202708","신규","-","","","아파트"
"21187","대구광역시 중구 서성로1가","108","0108","0000","중앙로역푸르지오더센트럴","월세","84.9850","202507","26","1,000","100","4","2024","서성로 60","202508~202607","신규","-","","","아파트"
"21188","대구광역시 남구 봉덕동","985-17","0985","0017","대성맨션","월세","93.2000","202507","26","500","68","3","1980","봉덕로6길 16","202507~202610","신규","-","","","아파트"
"21189","대구광역시 서구 원대동3가","1649","1649","0000","서대구센트럴자이","월세","84.9710","202507","26","2,000","105","7","2023","고성로 33","202511~202711","갱신","사용","2,000","100","아파트"
"21190","대구광역시 동구 신천동","621","0621","0000","신천역센트럴리버파크","월세","84.8700","202507","26","2,000","85","22","2011","동부로 26","202507~202707","신규","-","","","아파트"
"21191","대구광역시 동구 신암동","1881","1881","0000","동대구더센트로데시앙","월세","74.9463","202507","26","2,000","100","13","2023","신암로20길 63","202509~202709","신규","-","","","아파트"
"21192","대구광역시 동구 괴전동","655","0655","0000","안심역삼정그린코아더베스트","전세","59.9698","202507","26","20,500","0","25","2021","반야월북로 355","202509~202709","신규","-","","","아파트"
"21193","대구광역시 동구 괴전동","655","0655","0000","안심역삼정그린코아더베스트","전세","59.9698","202507","26","20,500","0","25","2021","반야월북로 355","-","-","-","","","아파트"
"21194","대구광역시 동구 효목동","1331","1331","0000","동대구푸르지오브리센트","월세","112.3987","202507","26","5,000","150","12","2024","효목로5길 55","202507~202707","신규","-","","","아파트"
"21195","대구광역시 중구 삼덕동3가","383","0383","0000","삼덕청아람","전세","39.6472","202507","26","20,000","0","8","2013","달구벌대로447길 77","202508~202708","신규","-","","","아파트"
"21196","대구광역시 동구 각산동","1177","1177","0000","각산서한이다음","전세","74.5797","202507","26","18,000","0","13","2018","반야월북로 167","202508~202708","신규","-","","","아파트"
"21197","대구광역시 동구 각산동","1029","1029","0000","대구혁신도시서한이다음","월세","73.7000","202507","26","2,000","80","9","2015","이노밸리로29길 56","202509~202709","신규","-","","","아파트"
"21198","대구광역시 중구 남산동","3020","3020","0000","남산롯데캐슬센트럴스카이","전세","101.5239","202507","26","54,000","0","13","2021","재마루길 77","202510~202710","신규","-","","","아파트"
"21199","대구광역시 동구 지묘동","1386","1386","0000","LH뉴웰시티","전세","59.9400","202507","26","18,000","0","17","2021","동화천로77길 30","202509~202709","갱신","사용","18,000","0","아파트"
"21200","대구광역시 북구 칠성동2가","742","0742","0000","대구역자이더스타","전세","84.7270","202507","26","25,000","0","28","2025","칠성남로 150","202508~202708","신규","-","","","아파트"
"21201","대구광역시 서구 평리동","632-9","0632","0009","서대구KTX영무예다음","월세","84.5785","202507","26","2,000","90","5","2023","당산로 446","202508~202705","신규","-","","","아파트"
"21202","대구광역시 서구 평리동","1361-10","1361","0010","하우젠트","월세","31.5900","202507","26","400","40","2","2011","국채보상로46길 70","202507~202607","신규","-","","","아파트"
"21203","대구광역시 서구 평리동","1497-44","1497","0044","서대구역서한이다음더퍼스트","월세","62.9986","202507","26","1,000","85","20","2023","국채보상로37길 38","202509~202603","신규","-","","","아파트"
"21204","대구광역시 남구 대명동","3060","3060","0000","교대역동서프라임36.5","전세","84.9427","202507","26","25,000","0","4","2017","이천로19길 81","202507~202709","갱신","-","27,000","0","아파트"
"21205","대구광역시 남구 이천동","214-456","0214","0456","강변타운","전세","59.8500","202507","26","13,500","0","14","1994","명덕로68길 19","202510~202710","신규","-","","","아파트"
"21206","대구광역시 남구 이천동","214-456","0214","0456","강변타운","전세","59.8500","202507","26","13,500","0","14","1994","명덕로68길 19","202510~202710","신규","-","","","아파트"
"21207","대구광역시 중구 달성동","352","0352","0000","달성파크푸르지오힐스테이트","전세","84.9713","202507","26","25,935","0","10","2023","달성로 123","202508~202608","갱신","사용","24,700","0","아파트"
"21208","대구광역시 중구 남산동","665","0665","0000","반월당삼정그린코아","전세","102.6400","202507","26","27,000","0","28","2007","중앙대로67길 10","202509~202709","신규","-","","","아파트"
"21209","대구광역시 중구 달성동","352","0352","0000","달성파크푸르지오힐스테이트","월세","84.9713","202507","26","2,000","105","14","2023","달성로 123","202508~202708","신규","-","","","아파트"
"21210","대구광역시 중구 태평로2가","41","0041","0000","힐스테이트대구역","전세","84.9324","202507","26","29,000","0","4","2023","태평로28길 13","202508~202708","신규","-","","","아파트"
"21211","대구광역시 동구 신암동","1881","1881","0000","동대구더센트로데시앙","월세","74.9592","202507","26","2,500","100","13","2023","신암로20길 63","202509~202709","갱신","사용","2,500","90","아파트"
"21212","대구광역시 동구 신암동","1860","1860","0000","동대구역화성파크드림","월세","84.9482","202507","26","3,000","115","16","2023","동대구로 590","-","-","-","","","아파트"
"21213","대구광역시 동구 신암동","1839","1839","0000","동대구우방아이유쉘","월세","84.9907","202507","26","2,000","105","19","2020","송라로32길 32","202507~202707","신규","-","","","아파트"
"21214","대구광역시 달서구 상인동","42","0042","0000","보성은하","전세","59.8800","202507","26","16,650","0","7","1994","월곡로 320","202510~202710","신규","-","","","아파트"
"21215","대구광역시 달서구 송현동","50","0050","0000","그린맨션","월세","60.1000","202507","26","1,000","50","4","1984","구마로40길 21","202508~202708","신규","-","","","아파트"
"21216","대구광역시 달서구 이곡동","1189-2","1189","0002","성서동서서한","전세","56.3450","202507","26","12,000","0","6","1994","선원로 100","202508~202708","신규","-","","","아파트"
"21217","대구광역시 달서구 이곡동","1304-1","1304","0001","성서2동서화성","월세","59.9900","202507","26","1,000","60","18","1997","이곡공원로 33","202508~202708","신규","-","","","아파트"
"21218","대구광역시 달서구 월성동","1300","1300","0000","월성래미안","월세","84.9724","202507","26","2,000","100","9","2006","상원로 143","202510~202710","신규","-","","","아파트"
"21219","대구광역시 달서구 용산동","911","0911","0000","용산파크타운","월세","59.9200","202507","26","2,000","50","12","2000","용산로 259","202508~202708","신규","-","","","아파트"
"21220","대구광역시 달성군 다사읍 세천리","1588","1588","0000","북죽곡엠코타운더솔레뉴","월세","76.5713","202507","26","2,000","75","25","2016","세천로 160","202508~202708","신규","-","","","아파트"
"21221","대구광역시 달성군 다사읍 세천리","1566-1","1566","0001","다사세천한라비발디","전세","84.1450","202507","26","16,800","0","7","2016","세천로 187","202508~202708","갱신","-","16,000","0","아파트"
"21222","대구광역시 달성군 유가읍 봉리","605","0605","0000","호반베르디움","전세","64.9746","202507","26","17,000","0","4","2016","테크노대로5길 58","202509~202709","신규","-","","","아파트"
"21223","대구광역시 달성군 다사읍 세천리","1703-1","1703","0001","제일풍경채 프라임","월세","59.9673","202507","26","2,000","65","2","2017","세천남로 35","202509~202709","신규","-","","","아파트"
"21224","대구광역시 달서구 월성동","1894","1894","0000","월성삼정그린코아에듀파크","월세","84.6349","202507","26","2,000","130","20","2022","월성로 100","202507~202707","신규","-","","","아파트"
"21225","대구광역시 달성군 다사읍 매곡리","622","0622","0000","다사한일유앤아이","전세","84.8600","202507","26","18,000","0","20","2009","매곡로4길 9","202509~202703","신규","-","","","아파트"
"21226","대구광역시 달서구 본동","616","0616","0000","월성주공5","월세","44.9400","202507","26","300","33","13","1992","구마로12길 89","202508~202708","신규","-","","","아파트"
"21227","대구광역시 달성군 옥포읍 교항리","2984","2984","0000","옥포지구서한이다음","전세","59.9900","202507","26","14,000","0","3","2020","돌미로6길 5","202509~202709","신규","-","","","아파트"
"21228","대구광역시 달성군 화원읍 성산리","505","0505","0000","화원대백맨션","월세","84.9800","202507","26","1,000","40","13","1993","성화로6길 5","202507~202707","신규","-","","","아파트"
"21229","대구광역시 달성군 유가읍 봉리","605","0605","0000","호반베르디움","전세","84.8561","202507","26","19,000","0","7","2016","테크노대로5길 58","202508~202608","갱신","사용","19,000","0","아파트"
"21230","대구광역시 달서구 두류동","2369","2369","0000","두류역서한포레스트","월세","84.5882","202507","26","3,000","110","33","2025","야외음악당로47길 76","202508~202708","신규","-","","","아파트"
"21231","대구광역시 달서구 성당동","839","0839","0000","성당래미안e-편한세상3단지","월세","84.9600","202507","26","2,000","75","10","2009","장기로 127","202508~202708","신규","-","","","아파트"
"21232","대구광역시 달성군 다사읍 죽곡리","822","0822","0000","죽곡푸르지오2단지","전세","84.6141","202507","26","28,000","0","1","2012","대실역남로 93","202510~202710","신규","-","","","아파트"
"21233","대구광역시 달서구 진천동","508","0508","0000","진천역대성스카이렉스","전세","84.9302","202507","26","20,700","0","20","2008","월배로 80","202507~202707","갱신","사용","20,000","0","아파트"
"21234","대구광역시 달서구 진천동","847","0847","0000","월배역디엘라온프라이빗","전세","99.8395","202507","26","42,000","0","23","2024","월배로 159","202508~202708","신규","-","","","아파트"
"21235","대구광역시 달서구 진천동","472","0472","0000","세광그린타운","전세","84.8600","202507","26","15,000","0","2","1996","진천로7길 47","202509~202709","신규","-","","","아파트"
"21236","대구광역시 중구 대봉동","783","0783","0000","대봉서한이다음","전세","99.7273","202507","26","38,500","0","6","2024","명덕로 241","202509~202709","신규","-","","","아파트"
"21237","대구광역시 중구 대봉동","60-10","0060","0010","센트로팰리스","월세","80.7360","202507","26","2,000","110","4","2007","대봉로 260","202507~202707","갱신","-","2,000","110","아파트"
"21238","대구광역시 달서구 상인동","113","0113","0000","상인e-편한세상1단지","월세","84.7626","202507","26","2,000","115","13","2008","월서로 14","202508~202708","갱신","-","2,000","115","아파트"
"21239","대구광역시 달서구 용산동","414-4","0414","0004","성서6주공","전세","49.9500","202507","26","10,400","0","8","1998","성지로 35","202509~202709","갱신","-","10,000","0","아파트"
"21240","대구광역시 달서구 본리동","1224","1224","0000","달서SKVIEW","전세","84.9446","202507","26","30,000","0","26","2024","용산로 40","202509~202709","신규","-","","","아파트"
"21241","대구광역시 달성군 화원읍 천내리","42","0042","0000","(화원)영남","월세","73.7775","202507","26","1,000","50","1","1989","화원로 10","202507~202707","신규","-","","","아파트"
"21242","대구광역시 달서구 용산동","412-5","0412","0005","성서8주공아파트","월세","59.9400","202507","26","2,000","45","14","1997","성지로 42","202507~202707","신규","-","","","아파트"
"21243","대구광역시 달서구 감삼동","479","0479","0000","감삼에이원","전세","49.2944","202507","26","16,000","0","6","2019","와룡로 145","202511~202711","신규","-","","","아파트"
"21244","대구광역시 달서구 대천동","1042","1042","0000","월배삼정그린코아포레스트","월세","84.5453","202507","26","3,000","125","11","2021","조암남로32길 40","202509~202709","신규","-","","","아파트"
"21245","대구광역시 달서구 상인동","1474","1474","0000","한양은하","월세","66.1600","202507","26","1,000","50","4","1989","상화북로 137","202507~202707","신규","-","","","아파트"
"21246","대구광역시 달서구 상인동","42","0042","0000","보성은하","전세","59.8800","202507","26","17,000","0","7","1994","월곡로 320","202510~202710","신규","-","","","아파트"
"21247","대구광역시 달서구 상인동","1473-1","1473","0001","우방청자","월세","66.3000","202507","26","1,000","45","3","1989","상화북로 117","202508~202708","신규","-","","","아파트"
"21248","대구광역시 수성구 범어동","2257","2257","0000","범어센트럴푸르지오","전세","84.9930","202507","26","44,000","0","13","2019","상록로 15","-","-","-","","","아파트"
"21249","대구광역시 북구 대현동","535","0535","0000","센트럴파크대현","월세","84.2600","202507","26","2,000","87","15","2016","대현남로6길 20","202507~202607","갱신","-","2,000","83","아파트"
"21250","대구광역시 북구 대현동","535","0535","0000","센트럴파크대현","전세","51.4200","202507","26","18,500","0","3","2016","대현남로6길 20","202512~202712","신규","-","","","아파트"
"21251","대구광역시 북구 대현동","531","0531","0000","대현한신휴플러스","월세","84.9700","202507","26","2,000","90","16","2010","대현남로 25","202507~202707","신규","-","","","아파트"
"21252","대구광역시 북구 사수동","784","0784","0000","이편한세상대구금호","월세","74.8600","202507","26","2,000","75","8","2017","내곡로 49","202509~202709","신규","-","","","아파트"
"21253","대구광역시 북구 복현동","709","0709","0000","복현아이파크","전세","75.9708","202507","26","27,000","0","7","2021","동북로 241","202510~202710","신규","-","","","아파트"
"21254","대구광역시 수성구 만촌동","1483","1483","0000","만촌삼정그린코아에듀파크","전세","84.9740","202507","26","50,000","0","6","2019","교학로 65","202509~202709","신규","-","","","아파트"
"21255","대구광역시 수성구 만촌동","1479","1479","0000","만촌3차화성파크드림","전세","84.9800","202507","26","46,000","0","18","2016","교학로 13","202509~202709","신규","-","","","아파트"
"21256","대구광역시 북구 고성동1가","270","0270","0000","대구오페라스위첸","월세","84.9830","202507","26","2,000","105","46","2024","칠성남로 70","202509~202609","갱신","사용","2,000","100","아파트"
"21257","대구광역시 수성구 범어동","179","0179","0000","두산위브더제니스","월세","129.0208","202507","26","25,000","210","38","2009","달구벌대로 2435","202509~202709","신규","-","","","아파트"
"21258","대구광역시 수성구 범어동","2240","2240","0000","e편한세상범어","전세","84.9557","202507","26","32,000","0","24","2015","들안로78길 45","202509~202709","신규","-","","","아파트"
"21259","대구광역시 북구 동천동","872","0872","0000","보성서한타운","월세","59.9000","202507","26","1,000","55","5","1995","팔거천동로 104","202508~202708","신규","-","","","아파트"
"21260","대구광역시 북구 동천동","872","0872","0000","보성서한타운","월세","59.9000","202507","26","1,000","60","5","1995","팔거천동로 104","202509~202709","신규","-","","","아파트"
"21261","대구광역시 북구 동천동","880-1","0880","0001","칠곡2영남타운","월세","39.9600","202507","26","500","40","6","1996","팔거천동로24길 40","202509~202707","신규","-","","","아파트"
"21262","대구광역시 수성구 중동","641","0641","0000","수성효성해링턴플레이스","전세","84.9971","202507","26","31,000","0","3","2020","희망로24길 24","202509~202709","신규","-","","","아파트"
"21263","대구광역시 수성구 파동","1034","1034","0000","수성더팰리스푸르지오더샵","월세","75.9914","202507","26","2,000","95","23","2023","파동로 188","202508~202708","신규","-","","","아파트"
"21264","대구광역시 수성구 파동","1009","1009","0000","수성해모로하이엔","월세","59.2388","202507","26","1,000","110","6","2024","파동로 47","202507~202607","신규","-","","","아파트"
"21265","대구광역시 수성구 수성동4가","1017-1","1017","0001","수성태영데시앙","월세","131.0289","202507","26","10,000","150","26","2008","들안로 360","202510~202801","신규","-","","","아파트"
"21266","대구광역시 수성구 만촌동","777","0777","0000","만촌우방타운2단지","전세","118.4300","202507","26","35,000","0","4","1996","교학로11길 91","202510~202710","신규","-","","","아파트"
"21267","대구광역시 북구 태전동","1244","1244","0000","대구태전역광신프로그레스","월세","75.0162","202507","26","1,000","75","11","2023","태전로7길 34","202507~202607","갱신","-","1,000","75","아파트"
"21268","대구광역시 수성구 시지동","486","0486","0000","노변청구","월세","59.9900","202507","26","1,000","70","11","1996","시지로 21","202508~202708","신규","-","","","아파트"
"21269","대구광역시 수성구 신매동","263","0263","0000","태왕하이츠1","월세","59.9844","202507","26","1,000","55","5","2000","달구벌대로647길 16","202510~202709","신규","-","","","아파트"
"21270","대구광역시 수성구 신매동","46","0046","0000","사월화성파크드림(2단지)","월세","137.4558","202507","26","2,800","120","9","2006","달구벌대로 3304-1","202510~202710","신규","-","","","아파트"
"21271","대구광역시 수성구 수성동3가","57","0057","0000","수성3가롯데캐슬","전세","100.9486","202507","26","52,000","0","16","2008","명덕로 455","202510~202710","신규","-","","","아파트"
"21272","대구광역시 수성구 수성동3가","57","0057","0000","수성3가롯데캐슬","전세","121.1685","202507","26","58,000","0","21","2008","명덕로 455","202511~202711","신규","-","","","아파트"
"21273","대구광역시 북구 검단동","887-8","0887","0008","유성청구","월세","47.8500","202507","26","500","37","11","1992","검단로 115","202508~202608","신규","-","","","아파트"
"21274","대구광역시 수성구 황금동","365","0365","0000","캐슬골드파크5단지","월세","84.9700","202507","26","2,000","100","5","2006","청수로 214","202508~202708","신규","-","","","아파트"
"21275","대구광역시 북구 검단동","887-8","0887","0008","유성청구","전세","47.4900","202507","26","8,000","0","6","1992","검단로 115","202508~202708","신규","-","","","아파트"
"21276","대구광역시 수성구 황금동","985","0985","0000","힐스테이트황금동","월세","84.9094","202507","26","3,000","140","20","2018","청수로 274","202508~202708","신규","-","","","아파트"
"21277","대구광역시 수성구 만촌동","1483","1483","0000","만촌삼정그린코아에듀파크","전세","84.9740","202507","26","50,000","0","6","2019","교학로 65","202510~202709","신규","-","","","아파트"
"21278","대구광역시 수성구 만촌동","1479","1479","0000","만촌3차화성파크드림","전세","84.9800","202507","26","46,000","0","18","2016","교학로 13","202509~202709","신규","-","","","아파트"
"21279","대구광역시 북구 구암동","787-3","0787","0003","부영3차","월세","60.2153","202507","26","2,000","50","12","2002","구암서로 7","202508~202708","신규","-","","","아파트"
"21280","대구광역시 수성구 황금동","365","0365","0000","캐슬골드파크5단지","월세","129.5300","202507","26","30,000","40","2","2006","청수로 214","202510~202710","갱신","-","20,000","87","아파트"
"21281","대구광역시 수성구 황금동","365","0365","0000","캐슬골드파크1단지","전세","84.9700","202507","26","29,000","0","9","2006","청수로 213","202508~202708","갱신","사용","28,000","0","아파트"
"21282","대구광역시 수성구 지산동","1200","1200","0000","목련","월세","49.2300","202507","26","300","32","3","1986","용학로42길 13","202508~202707","신규","-","","","아파트"
"21283","대구광역시 수성구 지산동","1200","1200","0000","목련","월세","49.2300","202507","26","500","35","1","1986","용학로42길 13","202508~202708","신규","-","","","아파트"
"21284","대구광역시 수성구 지산동","359-1","0359","0001","동서무학","월세","59.8500","202507","26","1,000","50","11","1994","지산로14길 83","202509~202709","신규","-","","","아파트"
"21285","대구광역시 수성구 만촌동","816","0816","0000","만촌우방타운1단지","월세","59.7300","202507","26","2,000","60","4","1997","교학로11길 46","202509~202609","신규","-","","","아파트"
"21286","대구광역시 북구 고성동3가","145","0145","0000","오페라트루엘시민의숲아파트","월세","84.6148","202507","26","3,000","110","9","2020","고성북로 34","202509~202802","신규","-","","","아파트"
"21287","대구광역시 수성구 만촌동","1483","1483","0000","만촌삼정그린코아에듀파크","전세","123.9557","202507","26","80,000","0","5","2019","교학로 65","202510~202710","신규","-","","","아파트"
"21288","대구광역시 수성구 범어동","2291","2291","0000","수성범어W","전세","84.9974","202507","26","62,000","0","48","2023","달구벌대로 2436","-","-","-","","","아파트"
"21289","대구광역시 북구 서변동","1772","1772","0000","동서리치모아","월세","84.9655","202507","25","1,000","70","8","2003","서변로 88","202507~202707","신규","-","","","아파트"
"21290","대구광역시 수성구 황금동","365","0365","0000","캐슬골드파크4단지","전세","129.5300","202507","25","42,000","0","17","2006","청수로 261","202510~202710","신규","-","","","아파트"
"21291","대구광역시 수성구 황금동","667","0667","0000","황금동한화오벨리스크","월세","136.6198","202507","25","2,800","140","22","2006","동대구로 210","202509~202709","신규","-","","","아파트"
"21292","대구광역시 수성구 황금동","365","0365","0000","캐슬골드파크5단지","전세","59.9800","202507","25","22,000","0","19","2006","청수로 214","202510~202710","신규","-","","","아파트"
"21293","대구광역시 수성구 지산동","1275","1275","0000","지산한라타운","전세","59.8500","202507","25","16,000","0","12","1991","지범로22길 9","202507~202707","갱신","-","17,000","0","아파트"
"21294","대구광역시 수성구 지산동","1272-2","1272","0002","에덴타운","전세","84.8600","202507","25","18,000","0","5","1991","용학로 223","202509~202709","신규","-","","","아파트"
"21295","대구광역시 수성구 지산동","1270-1","1270","0001","보성맨션","전세","113.0900","202507","25","22,000","0","12","1991","지범로22길 10","202510~202710","신규","-","","","아파트"
"21296","대구광역시 북구 국우동","1110-3","1110","0003","칠곡현대아파트","전세","84.9390","202507","25","15,000","0","13","2001","구리로 254","202508~202708","신규","-","","","아파트"
"21297","대구광역시 북구 학정동","980","0980","0000","칠곡1차한라하우젠트","전세","78.5172","202507","25","21,000","0","4","2007","학남로 10","202510~202710","신규","-","","","아파트"
"21298","대구광역시 북구 복현동","368-1","0368","0001","광명","월세","46.6250","202507","25","1,000","37","2","1980","동북로65길 13","202402~202602","신규","-","","","아파트"
"21299","대구광역시 북구 복현동","241-1","0241","0001","복현블루밍브라운스톤명문세가","전세","85.0000","202507","25","14,184","0","1","2011","복현로 50","202508~202708","신규","-","","","아파트"
"21300","대구광역시 북구 복현동","709","0709","0000","복현아이파크","전세","84.9751","202507","25","33,000","0","10","2021","동북로 241","202509~202709","신규","-","","","아파트"
"21301","대구광역시 북구 복현동","241-1","0241","0001","복현블루밍브라운스톤명문세가","전세","85.0000","202507","25","14,184","0","1","2011","복현로 50","202508~202708","신규","-","","","아파트"
"21302","대구광역시 수성구 두산동","85","0085","0000","호반써밋수성","전세","109.5859","202507","25","50,000","0","34","2024","청수로24길 71","202507~202807","신규","-","","","아파트"
"21303","대구광역시 수성구 파동","1009","1009","0000","수성해모로하이엔","월세","84.7432","202507","25","5,000","90","5","2024","파동로 47","202509~202709","신규","-","","","아파트"
"21304","대구광역시 수성구 파동","1000","1000","0000","수성아이파크","월세","76.9400","202507","25","2,000","100","3","2016","파동로22길 15","202508~202708","신규","-","","","아파트"
"21305","대구광역시 수성구 범어동","380","0380","0000","범어롯데캐슬","월세","84.8900","202507","25","5,000","165","14","2009","동대구로 300","202509~202709","신규","-","","","아파트"
"21306","대구광역시 수성구 범어동","2248","2248","0000","범어라온프라이빗","월세","84.9704","202507","25","25,000","46","13","2016","동대구로55길 11","202508~202608","갱신","-","35,000","0","아파트"
"21307","대구광역시 북구 사수동","784","0784","0000","이편한세상대구금호","월세","74.8600","202507","25","1,000","80","13","2017","내곡로 49","202508~202708","신규","-","","","아파트"
"21308","대구광역시 북구 학정동","925","0925","0000","학정청아람","전세","59.9858","202507","25","18,000","0","14","2007","학정로110길 29","202510~202710","신규","-","","","아파트"
"21309","대구광역시 수성구 중동","657","0657","0000","수성뷰웰리버파크","전세","75.7297","202507","25","30,000","0","15","2023","수성로41길 41","202509~202709","신규","-","","","아파트"
"21310","대구광역시 수성구 만촌동","605","0605","0000","만촌보성타운","월세","117.4850","202507","25","10,000","70","8","2002","공경로 70","202508~202708","신규","-","","","아파트"
"21311","대구광역시 수성구 만촌동","1489","1489","0000","만촌자이르네","월세","84.8723","202507","25","5,000","200","6","2023","교학로19길 19","202510~202610","신규","-","","","아파트"
"21312","대구광역시 수성구 만촌동","1479","1479","0000","만촌3차화성파크드림","월세","50.8033","202507","25","3,000","100","17","2016","교학로 13","202508~202608","신규","-","","","아파트"
"21313","대구광역시 수성구 중동","657","0657","0000","수성뷰웰리버파크","전세","75.7297","202507","25","30,000","0","15","2023","수성로41길 41","202509~202709","신규","-","","","아파트"
"21314","대구광역시 북구 동천동","880-1","0880","0001","칠곡2영남타운","월세","39.9600","202507","25","500","40","6","1996","팔거천동로24길 40","202508~202708","신규","-","","","아파트"
"21315","대구광역시 북구 구암동","786","0786","0000","그린빌3차","월세","49.7100","202507","25","1,000","50","13","2000","구암서로 41","202509~202608","신규","-","","","아파트"
"21316","대구광역시 수성구 범물동","1279","1279","0000","범물보성타운","전세","64.6300","202507","25","13,000","0","14","1992","지범로39길 56","202508~202708","신규","-","","","아파트"
"21317","대구광역시 수성구 상동","555","0555","0000","수성동일하이빌레이크시티","전세","84.9967","202507","25","38,000","0","15","2009","수성로 71","202510~202710","신규","-","","","아파트"
"21318","대구광역시 수성구 상동","555","0555","0000","수성동일하이빌레이크시티","전세","134.9125","202507","25","68,000","0","12","2009","수성로 71","202507~202607","신규","-","","","아파트"
"21319","대구광역시 수성구 상동","247","0247","0000","청구타운","전세","59.9900","202507","25","12,500","0","2","1994","수성로19길 41","202508~202708","신규","-","","","아파트"
"21320","대구광역시 중구 교동","8","0008","0000","노마즈하우스","월세","12.6520","202507","25","300","33","17","2014","공평로 105","202508~202607","신규","-","","","아파트"
"21321","대구광역시 동구 신암동","1839","1839","0000","동대구우방아이유쉘","전세","84.9932","202507","25","26,500","0","14","2020","송라로32길 32","202509~202709","갱신","사용","25,500","0","아파트"
"21322","대구광역시 동구 봉무동","1539-17","1539","0017","이시아팰리스","월세","84.4057","202507","25","2,000","90","12","2020","팔공로51길 5","202507~202707","신규","-","","","아파트"
"21323","대구광역시 남구 대명동","3083","3083","0000","힐스테이트대명더퍼스트","전세","84.6455","202507","25","25,700","0","2","2025","대명로 263","202509~202709","신규","-","","","아파트"
"21324","대구광역시 남구 봉덕동","1329-2","1329","0002","대덕1차","전세","84.8700","202507","25","17,000","0","10","1990","앞산순환로 657","202509~202709","신규","-","","","아파트"
"21325","대구광역시 남구 대명동","3083","3083","0000","힐스테이트대명더퍼스트","전세","84.6455","202507","25","25,700","0","2","2025","대명로 263","202509~202709","신규","-","","","아파트"
"21326","대구광역시 서구 평리동","1497-44","1497","0044","서대구역서한이다음더퍼스트","전세","39.8388","202507","25","13,120","0","6","2023","국채보상로37길 38","202508~202708","갱신","사용","12,500","0","아파트"
"21327","대구광역시 서구 평리동","1497-44","1497","0044","서대구역서한이다음더퍼스트","전세","39.8388","202507","25","13,650","0","16","2023","국채보상로37길 38","202508~202708","신규","-","","","아파트"
"21328","대구광역시 동구 신천동","538-3","0538","0003","신천역까사밀라101동","전세","24.0300","202507","25","6,300","0","16","2015","동부로 29","202507~202707","갱신","-","6,800","0","아파트"
"21329","대구광역시 남구 봉덕동","1071","1071","0000","효성타운1차","월세","130.1700","202507","25","3,000","100","8","1988","효성중앙길 37","202508~202708","신규","-","","","아파트"
"21330","대구광역시 서구 평리동","1497-44","1497","0044","서대구역서한이다음더퍼스트","전세","39.8388","202507","25","13,650","0","10","2023","국채보상로37길 38","202509~202709","갱신","사용","13,000","0","아파트"
"21331","대구광역시 동구 검사동","1111","1111","0000","동촌역태왕아너스르네상스","월세","75.8761","202507","25","4,000","70","14","2017","동촌로 100","202508~202708","신규","-","","","아파트"
"21332","대구광역시 서구 평리동","1497-44","1497","0044","서대구역서한이다음더퍼스트","전세","39.8388","202507","25","14,170","0","20","2023","국채보상로37길 38","202508~202708","신규","-","","","아파트"
"21333","대구광역시 동구 지묘동","1337","1337","0000","대구연경아이파크","월세","84.9600","202507","25","2,000","95","5","2020","동화천로 369","202508~202708","신규","-","","","아파트"
"21334","대구광역시 중구 달성동","352","0352","0000","달성파크푸르지오힐스테이트","전세","84.9713","202507","25","25,200","0","9","2023","달성로 123","202508~202708","갱신","사용","24,000","0","아파트"
"21335","대구광역시 서구 평리동","1497-44","1497","0044","서대구역서한이다음더퍼스트","전세","39.8388","202507","25","13,650","0","18","2023","국채보상로37길 38","202509~202709","신규","-","","","아파트"
"21336","대구광역시 서구 내당동","3326","3326","0000","두류스타힐스","월세","84.9530","202507","25","2,000","110","17","2025","서대구로 20","202508~202708","신규","-","","","아파트"
"21337","대구광역시 서구 평리동","1497-44","1497","0044","서대구역서한이다음더퍼스트","전세","39.8388","202507","25","14,170","0","23","2023","국채보상로37길 38","202508~202708","신규","-","","","아파트"
"21338","대구광역시 동구 검사동","756-445","0756","0445","트윈팰리스102동","월세","29.9850","202507","25","500","48","5","2015","동촌역사로3길 9","202507~202607","신규","-","","","아파트"
"21339","대구광역시 동구 율하동","1099","1099","0000","율하휴먼시아15단지","월세","59.8900","202507","25","3,990","27","3","2009","금호강변로3길 9","202509~202708","갱신","-","3,808","26","아파트"
"21340","대구광역시 서구 원대동3가","1649","1649","0000","서대구센트럴자이","월세","84.9537","202507","25","1,000","115","8","2023","고성로 33","202507~202607","신규","-","","","아파트"
"21341","대구광역시 중구 달성동","352","0352","0000","달성파크푸르지오힐스테이트","월세","84.9713","202507","25","3,000","105","17","2023","달성로 123","202509~202709","신규","-","","","아파트"
"21342","대구광역시 중구 남산동","2118-2","2118","0002","로하스남산","전세","80.1206","202507","25","23,000","0","11","2018","남산로6안길 47","202509~202709","신규","-","","","아파트"
"21343","대구광역시 동구 신암동","1840","1840","0000","동대구이안센트럴D","전세","84.9886","202507","25","36,000","0","19","2021","동대구로 577","202510~202710","신규","-","","","아파트"
"21344","대구광역시 동구 신암동","1840","1840","0000","동대구이안센트럴D","월세","84.9888","202507","25","2,000","135","17","2021","동대구로 577","202508~202708","신규","-","","","아파트"
"21345","대구광역시 서구 내당동","3333","3333","0000","두류역자이","전세","84.9723","202507","25","30,000","0","17","2025","달구벌대로 1769-7","202509~202709","신규","-","","","아파트"
"21346","대구광역시 서구 내당동","28-1","0028","0001","내당보성홍실","월세","71.6600","202507","25","1,000","50","5","1986","서대구로8길 49","202508~202707","신규","-","","","아파트"
"21347","대구광역시 서구 평리동","1497-44","1497","0044","서대구역서한이다음더퍼스트","전세","39.8388","202507","25","13,650","0","13","2023","국채보상로37길 38","202509~202709","신규","-","","","아파트"
"21348","대구광역시 서구 평리동","1497-44","1497","0044","서대구역서한이다음더퍼스트","전세","39.8388","202507","25","13,120","0","7","2023","국채보상로37길 38","202508~202708","신규","-","","","아파트"
"21349","대구광역시 중구 동인동1가","33-1","0033","0001","시티타운","월세","39.9000","202507","25","500","29","2","1997","국채보상로131길 55","202508~202707","신규","-","","","아파트"
"21350","대구광역시 동구 효목동","1331","1331","0000","동대구푸르지오브리센트","전세","78.2062","202507","25","28,500","0","13","2024","효목로5길 55","202509~202709","신규","-","","","아파트"
"21351","대구광역시 동구 효목동","337","0337","0000","태왕메트로시티","월세","84.9200","202507","25","1,000","77","10","2003","동북로 500","202509~202709","신규","-","","","아파트"
"21352","대구광역시 중구 동인동1가","420","0420","0000","힐스테이트동인더스카이","전세","84.9389","202507","25","28,000","0","41","2025","태평로 240","202508~202708","신규","-","","","아파트"
"21353","대구광역시 동구 효목동","1322","1322","0000","동대구2차비스타동원","월세","59.9746","202507","25","2,000","85","5","2024","화랑로25길 60","202508~202708","신규","-","","","아파트"
"21354","대구광역시 동구 신암동","1833","1833","0000","이안동대구","전세","84.7459","202507","25","33,000","0","18","2018","송라로28길 14","202510~202710","신규","-","","","아파트"
"21355","대구광역시 중구 동인동1가","420","0420","0000","힐스테이트동인더스카이","전세","84.9389","202507","25","28,000","0","41","2025","태평로 240","202508~202708","신규","-","","","아파트"
"21356","대구광역시 남구 대명동","3083","3083","0000","힐스테이트대명더퍼스트","전세","84.6455","202507","25","25,700","0","2","2025","대명로 263","202509~202709","신규","-","","","아파트"
"21357","대구광역시 남구 봉덕동","1657","1657","0000","봉덕2차화성파크드림","전세","84.9567","202507","25","28,000","0","2","2022","대덕로 161","202509~202709","신규","-","","","아파트"
"21358","대구광역시 북구 칠성동2가","715","0715","0000","대구역 서희스타힐스","전세","84.8400","202507","25","21,000","0","24","2012","칠성남로 101","202508~202708","갱신","사용","20,000","0","아파트"
"21359","대구광역시 남구 봉덕동","1639","1639","0000","봉덕화성파크드림","전세","84.9644","202507","25","27,000","0","3","2019","대봉로14길 30","202508~202708","신규","-","","","아파트"
"21360","대구광역시 중구 남산동","2466-1","2466","0001","보성황실타운","전세","59.9600","202507","25","16,000","0","18","1993","남산로13길 17","202507~202707","신규","-","","","아파트"
"21361","대구광역시 달서구 두류동","2369","2369","0000","두류역서한포레스트","월세","84.5882","202507","25","2,000","110","11","2025","야외음악당로47길 76","202507~202707","신규","-","","","아파트"
"21362","대구광역시 달성군 화원읍 본리리","113-1","0113","0001","대구본리그린빌","월세","84.3800","202507","25","2,000","68","3","2003","명천로 57","202509~202709","신규","-","","","아파트"
"21363","대구광역시 달서구 대천동","1042","1042","0000","월배삼정그린코아포레스트","전세","84.5453","202507","25","34,000","0","24","2021","조암남로32길 40","202510~202710","신규","-","","","아파트"
"21364","대구광역시 달성군 다사읍 서재리","1131","1131","0000","에코폴리스동화아이위시3차","월세","62.4630","202507","25","2,000","65","2","2017","서재로7길 25","202508~202708","신규","-","","","아파트"
"21365","대구광역시 달성군 현풍읍 중리","480","0480","0000","대구테크노폴리스남해오네뜨1차","월세","59.9901","202507","25","1,500","62","16","2015","테크노북로4길 11","202509~202709","신규","-","","","아파트"
"21366","대구광역시 달서구 본리동","74-1","0074","0001","성당래미안e-편한세상1단지","전세","84.9600","202507","25","20,000","0","12","2009","장기로 189","202508~202708","신규","-","","","아파트"
"21367","대구광역시 달성군 화원읍 천내리","918","0918","0000","화원이진캐스빌","전세","84.9258","202507","25","27,000","0","34","2017","비슬로 2545","202508~202708","신규","-","","","아파트"
"21368","대구광역시 달성군 현풍읍 대리","1176","1176","0000","국가산단서한이다음아파트","월세","74.8000","202507","25","5,084","23","4","2019","국가산단대로70길 41","202509~202709","갱신","사용","4,999","23","아파트"
"21369","대구광역시 달성군 화원읍 천내리","118","0118","0000","화원창신맨션","월세","80.7600","202507","25","1,000","40","3","1991","화원로 36","202508~202708","신규","-","","","아파트"
"21370","대구광역시 달성군 화원읍 천내리","918","0918","0000","화원이진캐스빌","월세","101.3842","202507","25","2,000","120","19","2017","비슬로 2545","202509~202709","신규","-","","","아파트"
"21371","대구광역시 달서구 유천동","597","0597","0000","진천역AK그랑폴리스","전세","59.9702","202507","25","22,000","0","24","2013","월배로11길 33","202508~202608","갱신","-","22,000","0","아파트"
"21372","대구광역시 달성군 다사읍 세천리","1703-1","1703","0001","제일풍경채 프라임","전세","59.9673","202507","25","17,000","0","9","2017","세천남로 35","202510~202709","신규","-","","","아파트"
"21373","대구광역시 달서구 상인동","1596","1596","0000","상인화성파크드림2단지","전세","84.9900","202507","25","27,000","0","15","2010","송현로7길 9","202509~202709","신규","-","","","아파트"
"21374","대구광역시 달서구 상인동","1474-1","1474","0001","보성산호","월세","66.5700","202507","25","500","40","5","1989","상화북로 159","202507~202707","신규","-","","","아파트"
"21375","대구광역시 달서구 상인동","1596","1596","0000","상인화성파크드림2단지","전세","84.9900","202507","25","27,000","0","15","2010","송현로7길 9","202509~202709","신규","-","","","아파트"
"21376","대구광역시 달서구 상인동","1515","1515","0000","보성","월세","59.9600","202507","25","1,000","57","3","1993","상인서로 75","202510~202710","신규","-","","","아파트"
"21377","대구광역시 달서구 상인동","1473-1","1473","0001","우방청자","월세","66.3000","202507","25","500","50","3","1989","상화북로 117","202508~202708","신규","-","","","아파트"
"21378","대구광역시 달서구 상인동","1596","1596","0000","상인화성파크드림2단지","전세","84.9900","202507","25","27,000","0","15","2010","송현로7길 9","202509~202709","신규","-","","","아파트"
"21379","대구광역시 달서구 죽전동","279-1","0279","0001","빌리브죽전","전세","84.9960","202507","25","28,350","0","9","2023","달구벌대로 1581","202507~202707","갱신","-","27,000","0","아파트"
"21380","대구광역시 달성군 구지면 응암리","1251","1251","0000","대구국가산단반도유보라아이비파크2","전세","74.9638","202507","25","13,000","0","17","2020","국가산단북로60길 59","202507~202607","갱신","-","13,000","0","아파트"
"21381","대구광역시 달성군 구지면 응암리","1199","1199","0000","대구국가산단반도유보라아이비파크","월세","68.7539","202507","25","1,000","55","3","2017","과학마을로3길 14","202508~202708","신규","-","","","아파트"
"21382","대구광역시 달성군 구지면 응암리","1199","1199","0000","대구국가산단반도유보라아이비파크","전세","84.9598","202507","25","14,000","0","19","2017","과학마을로3길 14","202508~202708","신규","-","","","아파트"
"21383","대구광역시 달성군 구지면 응암리","1210","1210","0000","과학마을청아람","월세","59.8940","202507","25","500","55","19","2016","과학마을로 70","202507~202707","신규","-","","","아파트"
"21384","대구광역시 달성군 구지면 응암리","1178","1178","0000","달성화성파크드림","전세","59.9846","202507","25","11,000","0","15","2011","과학마을로2길 6","202509~202709","신규","-","","","아파트"
"21385","대구광역시 달성군 구지면 응암리","1251","1251","0000","대구국가산단반도유보라아이비파크2","월세","74.9638","202507","25","1,000","60","16","2020","국가산단북로60길 59","202509~202609","신규","-","","","아파트"
"21386","대구광역시 달서구 두류동","2348","2348","0000","두류파크KCC스위첸","전세","59.9700","202507","25","21,000","0","24","2023","파도고개로 70","202509~202709","신규","-","","","아파트"
"21387","대구광역시 달서구 두류동","2348","2348","0000","두류파크KCC스위첸","전세","59.9700","202507","25","21,000","0","24","2023","파도고개로 70","202509~202709","신규","-","","","아파트"
"21388","대구광역시 달서구 도원동","1429","1429","0000","한실들마을(임대)","월세","42.9000","202507","25","1,606","20","7","1996","한실로 49","202507~202708","신규","-","","","아파트"
"21389","대구광역시 달성군 유가읍 봉리","625","0625","0000","제일풍경채센트럴","월세","63.4314","202507","25","200","120","6","2016","테크노대로 165","202507~202512","신규","-","","","아파트"
"21390","대구광역시 달성군 유가읍 봉리","622","0622","0000","힐데스하임아파트","전세","71.9030","202507","25","15,600","0","20","2015","테크노북로9길 42","202508~202708","갱신","-","15,000","0","아파트"
"21391","대구광역시 달성군 유가읍 봉리","627","0627","0000","반도유보라","전세","70.0935","202507","25","17,000","0","4","2016","테크노대로 195","202509~202709","신규","-","","","아파트"
"21392","대구광역시 달서구 용산동","414-4","0414","0004","성서6주공","전세","49.9500","202507","25","9,000","0","4","1998","성지로 35","202509~202709","신규","-","","","아파트"
"21393","대구광역시 달성군 구지면 창리","1354","1354","0000","대구국가산단영무예다음","월세","84.9966","202507","25","1,000","65","9","2020","국가산단서로84길 118","202507~202707","신규","-","","","아파트"
"21394","대구광역시 달성군 구지면 화산리","1105","1105","0000","대구국가산단반도유보라아이비파크3","월세","74.9638","202507","25","500","65","2","2020","국가산단북로34길 10","202508~202707","신규","-","","","아파트"
"21395","대구광역시 달성군 구지면 화산리","1105","1105","0000","대구국가산단반도유보라아이비파크3","전세","74.9638","202507","25","12,500","0","15","2020","국가산단북로34길 10","202507~202707","신규","-","","","아파트"
"21396","대구광역시 달서구 본동","747","0747","0000","빌리브클라쎄","전세","84.9454","202507","25","24,000","0","9","2023","와룡로 41","-","-","-","","","아파트"
"21397","대구광역시 달성군 다사읍 서재리","1131","1131","0000","에코폴리스동화아이위시3차","전세","76.4001","202507","25","18,500","0","8","2017","서재로7길 25","202508~202708","신규","-","","","아파트"
"21398","대구광역시 달성군 다사읍 죽곡리","814","0814","0000","대실역태왕아너스","전세","59.9880","202507","25","25,000","0","4","2017","대실역남로 11","202508~202708","신규","-","","","아파트"
"21399","대구광역시 달성군 화원읍 본리리","113-1","0113","0001","대구본리그린빌","전세","59.9800","202507","24","15,000","0","3","2003","명천로 57","202507~202707","갱신","-","15,000","0","아파트"
"21400","대구광역시 달서구 성당동","223-3","0223","0003","성당태왕아너스메트로","월세","84.8333","202507","24","2,000","105","13","2022","대명천로 33","202508~202708","신규","-","","","아파트"
"21401","대구광역시 달서구 상인동","113","0113","0000","상인e-편한세상1단지","월세","84.9228","202507","24","3,000","105","2","2008","월서로 14","202508~202708","신규","-","","","아파트"
"21402","대구광역시 달성군 구지면 응암리","1178","1178","0000","달성화성파크드림","월세","84.9695","202507","24","1,000","50","15","2011","과학마을로2길 6","202507~202707","신규","-","","","아파트"
"21403","대구광역시 달서구 본리동","74-1","0074","0001","성당래미안e-편한세상1단지","전세","84.8800","202507","24","22,000","0","16","2009","장기로 189","202508~202608","신규","-","","","아파트"
"21404","대구광역시 수성구 노변동","742","0742","0000","수성알파시티청아람","전세","84.9520","202507","24","37,000","0","23","2021","알파시티2로 96","202507~202707","신규","-","","","아파트"
"21405","대구광역시 수성구 노변동","742","0742","0000","수성알파시티청아람","전세","59.9460","202507","24","26,000","0","10","2021","알파시티2로 96","202509~202709","신규","-","","","아파트"
"21406","대구광역시 달성군 화원읍 천내리","922","0922","0000","화원파크뷰우방아이유쉘","전세","69.6413","202507","24","18,000","0","4","2022","명천로21길 55","202509~202709","신규","-","","","아파트"
"21407","대구광역시 달성군 가창면 용계리","33-20","0033","0020","국태모닝포유","월세","84.7132","202507","24","2,000","80","17","2005","가창로216길 55","202508~202708","신규","-","","","아파트"
"21408","대구광역시 달성군 화원읍 설화리","1150","1150","0000","화원신일해피트리꿈의숲","월세","69.8470","202507","24","2,000","65","17","2022","명천로 383","202511~202711","신규","-","","","아파트"
"21409","대구광역시 달서구 본동","741-1","0741","0001","행복시티","월세","49.4900","202507","24","1,000","36","5","2013","와룡로9길 41","202508~202708","갱신","-","1,000","40","아파트"
"21410","대구광역시 달성군 유가읍 봉리","625","0625","0000","제일풍경채센트럴","전세","63.4314","202507","24","19,000","0","11","2016","테크노대로 165","202508~202708","신규","-","","","아파트"
"21411","대구광역시 달서구 감삼동","709","0709","0000","힐스테이트죽전역더퍼스트","전세","114.9844","202507","24","38,000","0","15","2022","와룡로31길 26","202509~202709","신규","-","","","아파트"
"21412","대구광역시 달서구 감삼동","461","0461","0000","월드마크웨스트엔드","전세","113.7700","202507","24","42,000","0","36","2010","와룡로 169","202506~202706","갱신","사용","40,000","0","아파트"
"21413","대구광역시 달서구 용산동","905","0905","0000","평화타운","전세","84.8400","202507","24","16,000","0","10","1994","성서동로 350","202508~202708","신규","-","","","아파트"
"21414","대구광역시 달서구 용산동","410-2","0410","0002","성서보람타운","월세","59.6700","202507","24","1,000","53","15","1997","새동네로 34","202508~202708","신규","-","","","아파트"
"21415","대구광역시 달성군 현풍읍 중리","484","0484","0000","제일풍경채더퍼스트","월세","84.1955","202507","24","1,000","85","10","2016","테크노상업로 49","202508~202708","신규","-","","","아파트"
"21416","대구광역시 달성군 유가읍 봉리","603","0603","0000","진아리채","월세","70.8694","202507","24","1,000","80","17","2016","테크노대로5길 79","202508~202708","신규","-","","","아파트"
"21417","대구광역시 달서구 도원동","1464","1464","0000","서한이다음레이크뷰","월세","84.9213","202507","24","2,000","95","19","2015","상화로58길 35","202507~202907","신규","-","","","아파트"
"21418","대구광역시 달서구 도원동","1457","1457","0000","산새마을","전세","58.1400","202507","24","10,500","0","14","1996","도원남로 40","202509~202609","갱신","사용","10,000","0","아파트"
"21419","대구광역시 달성군 옥포읍 본리리","1149","1149","0000","세광무지개마을","전세","59.5350","202507","24","7,500","0","17","2001","본리로 102","202609~202809","신규","-","","","아파트"
"21420","대구광역시 달성군 옥포읍 본리리","1149","1149","0000","세광무지개마을","전세","59.5350","202507","24","7,500","0","17","2001","본리로 102","202509~202709","신규","-","","","아파트"
"21421","대구광역시 달서구 상인동","1474-1","1474","0001","보성산호","전세","66.5700","202507","24","11,000","0","1","1989","상화북로 159","202508~202708","신규","-","","","아파트"
"21422","대구광역시 달서구 상인동","1517","1517","0000","상인영남화성타운","월세","84.9900","202507","24","2,000","63","4","1993","상인서로 76","202508~202707","신규","-","","","아파트"
"21423","대구광역시 달서구 용산동","221","0221","0000","우방죽전타운","월세","59.9100","202507","24","1,000","63","12","1997","용산로 160","202508~202708","신규","-","","","아파트"
"21424","대구광역시 달서구 용산동","230-10","0230","0010","용산롯데캐슬","전세","84.7300","202507","24","25,000","0","6","2004","장산남로 33","202507~202707","신규","-","","","아파트"
"21425","대구광역시 수성구 노변동","742","0742","0000","수성알파시티청아람","월세","36.9355","202507","24","6,480","13","9","2021","알파시티2로 96","202509~202712","신규","-","","","아파트"
"21426","대구광역시 달서구 상인동","42","0042","0000","보성은하","전세","84.9600","202507","24","22,500","0","22","1994","월곡로 320","202509~202804","신규","-","","","아파트"
"21427","대구광역시 달서구 월성동","1300","1300","0000","월성래미안","월세","84.9724","202507","24","2,000","100","8","2006","상원로 143","202510~202710","신규","-","","","아파트"
"21428","대구광역시 수성구 만촌동","1483","1483","0000","만촌삼정그린코아에듀파크","전세","123.9557","202507","24","80,000","0","20","2019","교학로 65","202507~202707","갱신","사용","77,000","0","아파트"
"21429","대구광역시 북구 구암동","655-1","0655","0001","칠곡서한타운3","전세","59.8700","202507","24","12,000","0","5","1996","구암로32길 14","202507~202707","신규","-","","","아파트"
"21430","대구광역시 북구 침산동","233-3","0233","0003","동아침산2무지개","월세","59.7600","202507","24","2,000","65","7","1999","침산로21길 10","202509~202709","신규","-","","","아파트"
"21431","대구광역시 북구 태전동","608-5","0608","0005","삼성","전세","59.7600","202507","24","11,000","0","5","1994","칠곡중앙대로52길 19","202508~202708","신규","-","","","아파트"
"21432","대구광역시 수성구 수성동1가","73","0073","0000","삼우수성타운","전세","59.9700","202507","24","16,800","0","7","1997","달구벌대로456길 19","202509~202709","신규","-","","","아파트"
"21433","대구광역시 북구 구암동","695-2","0695","0002","칠곡건영","전세","59.8800","202507","24","10,800","0","1","2001","구암로32길 15","202509~202709","신규","-","","","아파트"
"21434","대구광역시 수성구 파동","1034","1034","0000","수성더팰리스푸르지오더샵","월세","59.7760","202507","24","2,000","85","12","2023","파동로 188","202509~202709","신규","-","","","아파트"
"21435","대구광역시 수성구 파동","1000","1000","0000","수성아이파크","월세","59.9800","202507","24","1,000","100","4","2016","파동로22길 15","202508~202608","신규","-","","","아파트"
"21436","대구광역시 수성구 수성동1가","73","0073","0000","삼우수성타운","전세","59.9700","202507","24","16,800","0","7","1997","달구벌대로456길 19","202509~202709","신규","-","","","아파트"
"21437","대구광역시 수성구 범어동","314-2","0314","0002","을지맨션","월세","79.9020","202507","24","3,000","80","1","1987","달구벌대로496길 88","202508~202707","신규","-","","","아파트"
"21438","대구광역시 수성구 매호동","1324","1324","0000","두레타운","전세","39.9000","202507","24","11,000","0","12","1995","천을로 131","202507~202710","갱신","-","12,000","0","아파트"
"21439","대구광역시 북구 읍내동","1366-3","1366","0003","코스모스한양","월세","59.8200","202507","24","2,000","45","10","1993","구암로21길 6","-","-","-","","","아파트"
"21440","대구광역시 수성구 수성동4가","1090-1","1090","0001","수성우방팔레스","전세","84.8523","202507","24","30,000","0","15","2002","수성로 400","202509~202709","신규","-","","","아파트"
"21441","대구광역시 북구 복현동","709","0709","0000","복현아이파크","전세","84.9751","202507","24","31,000","0","5","2021","동북로 241","202508~202708","갱신","-","28,000","0","아파트"
"21442","대구광역시 수성구 지산동","1272-2","1272","0002","에덴타운","월세","84.8600","202507","24","1,000","75","7","1991","용학로 223","202508~202708","신규","-","","","아파트"
"21443","대구광역시 북구 검단동","887-8","0887","0008","유성청구","월세","47.4900","202507","24","500","45","6","1992","검단로 115","202507~202705","갱신","-","500","40","아파트"
"21444","대구광역시 수성구 황금동","272","0272","0000","신천지타운","월세","134.7900","202507","24","3,000","140","1","1991","청호로46길 16","202508~202708","신규","-","","","아파트"
"21445","대구광역시 북구 동천동","891","0891","0000","동화골든빌","월세","57.6183","202507","24","1,000","62","4","2002","동천로 156","202508~202708","신규","-","","","아파트"
"21446","대구광역시 북구 동천동","915","0915","0000","칠곡3화성타운","월세","59.9100","202507","24","2,000","60","14","1999","대천로 101","202508~202708","신규","-","","","아파트"
"21447","대구광역시 수성구 지산동","1288","1288","0000","지산타운","월세","40.5800","202507","24","500","44","3","1991","용학로 303","202508~202708","신규","-","","","아파트"
"21448","대구광역시 수성구 범어동","2272","2272","0000","범어에일린의뜰","전세","72.9621","202507","24","38,850","0","24","2021","청솔로14길 15","202508~202708","갱신","사용","37,000","0","아파트"
"21449","대구광역시 북구 태전동","1244","1244","0000","대구태전역광신프로그레스","월세","75.0162","202507","24","1,000","80","9","2023","태전로7길 34","202508~202602","신규","-","","","아파트"
"21450","대구광역시 동구 효목동","1331","1331","0000","동대구푸르지오브리센트","전세","78.2062","202507","24","28,000","0","2","2024","효목로5길 55","202509~202709","신규","-","","","아파트"
"21451","대구광역시 동구 신암동","1860","1860","0000","동대구역화성파크드림","월세","84.9482","202507","24","3,000","130","14","2023","동대구로 590","202508~202708","신규","-","","","아파트"
"21452","대구광역시 북구 칠성동2가","723","0723","0000","칠성동코오롱하늘채","전세","84.8129","202507","24","30,000","0","16","2014","중앙대로 540","202504~202604","신규","-","","","아파트"
"21453","대구광역시 동구 신암동","1870","1870","0000","해링턴플레이스동대구","전세","59.9469","202507","24","16,800","0","8","2024","경대로 126","202508~202708","갱신","사용","16,000","0","아파트"
"21454","대구광역시 남구 대명동","3079","3079","0000","힐스테이트대명센트럴(101,102동)","월세","84.4587","202507","24","12,000","35","21","2024","대명로 256","202508~202708","신규","-","","","아파트"
"21455","대구광역시 남구 대명동","3083","3083","0000","힐스테이트대명더퍼스트","전세","84.6365","202507","24","28,100","0","14","2025","대명로 263","202510~202710","신규","-","","","아파트"
"21456","대구광역시 중구 삼덕동3가","383","0383","0000","삼덕청아람","월세","59.9890","202507","24","2,000","95","19","2013","달구벌대로447길 77","202510~202709","신규","-","","","아파트"
"21457","대구광역시 동구 신암동","1860","1860","0000","동대구역화성파크드림","전세","84.8163","202507","24","27,300","0","3","2023","동대구로 590","202507~202707","갱신","사용","26,000","0","아파트"
"21458","대구광역시 동구 각산동","1054","1054","0000","대구혁신엘에이치4단지","전세","59.7500","202507","24","12,525","0","14","2017","경안로 956","202510~202709","신규","-","","","아파트"
"21459","대구광역시 중구 교동","8","0008","0000","노마즈하우스","월세","14.5980","202507","24","300","35","14","2014","공평로 105","202507~202607","신규","-","","","아파트"
"21460","대구광역시 중구 대신동","103-9","0103","0009","청라힐지웰더센트로","전세","72.7570","202507","24","25,000","0","19","2023","달성로 71","202509~202709","신규","-","","","아파트"
"21461","대구광역시 동구 신암동","1860","1860","0000","동대구역화성파크드림","전세","84.8163","202507","24","27,300","0","4","2023","동대구로 590","202508~202708","갱신","사용","26,000","0","아파트"
"21462","대구광역시 남구 대명동","1111","1111","0000","우방코스모스","월세","51.9400","202507","24","500","40","1","1981","대명역2길 41","202508~202708","신규","-","","","아파트"
"21463","대구광역시 동구 신암동","1870","1870","0000","해링턴플레이스동대구","전세","74.9583","202507","24","20,500","0","11","2024","경대로 126","202508~202708","갱신","-","19,500","0","아파트"
"21464","대구광역시 남구 대명동","619-1","0619","0001","유성맨션","전세","73.2800","202507","24","9,000","0","4","1981","현충로25길 55","202508~202708","신규","-","","","아파트"
"21465","대구광역시 동구 신암동","1860","1860","0000","동대구역화성파크드림","월세","84.8163","202507","24","3,000","120","15","2023","동대구로 590","202508~202708","신규","-","","","아파트"
"21466","대구광역시 동구 봉무동","1530","1530","0000","대구이시아폴리스더샵3차","전세","84.8900","202507","24","24,000","0","9","2013","팔공로51길 10","202508~202708","신규","-","","","아파트"
"21467","대구광역시 남구 대명동","3083","3083","0000","힐스테이트대명더퍼스트","전세","84.6365","202507","24","28,100","0","14","2025","대명로 263","202601~202801","신규","-","","","아파트"
"21468","대구광역시 서구 내당동","202-1","0202","0001","내당시영","전세","55.3400","202507","24","10,000","0","2","1980","서대구로8길 15","202507~202707","신규","-","","","아파트"
"21469","대구광역시 서구 내당동","3333","3333","0000","두류역자이","월세","84.9723","202507","24","3,000","120","46","2025","달구벌대로 1769-7","202509~202709","신규","-","","","아파트"
"21470","대구광역시 중구 동인동3가","414","0414","0000","엑소디움센트럴동인","전세","126.5851","202507","24","48,000","0","22","2023","국채보상로139길 40","202509~202709","신규","-","","","아파트"
"21471","대구광역시 남구 대명동","3083","3083","0000","힐스테이트대명더퍼스트","전세","84.6365","202507","24","28,100","0","14","2025","대명로 263","202512~202712","신규","-","","","아파트"
"21472","대구광역시 남구 대명동","3083","3083","0000","힐스테이트대명더퍼스트","전세","84.6365","202507","24","28,100","0","14","2025","대명로 263","202510~202710","신규","-","","","아파트"
"21473","대구광역시 동구 괴전동","652","0652","0000","안심역우방아이유쉘","월세","84.9962","202507","24","2,000","90","3","2016","금강로21길 10","202509~202708","신규","-","","","아파트"
"21474","대구광역시 동구 효목동","1331","1331","0000","동대구푸르지오브리센트","월세","84.9712","202507","24","3,000","100","12","2024","효목로5길 55","202507~202707","신규","-","","","아파트"
"21475","대구광역시 중구 동인동1가","420","0420","0000","힐스테이트동인더스카이","월세","84.9962","202507","24","8,000","75","28","2025","태평로 240","202508~202708","신규","-","","","아파트"
"21476","대구광역시 중구 동인동1가","420","0420","0000","힐스테이트동인더스카이","전세","84.9389","202507","24","25,500","0","36","2025","태평로 240","202508~202708","신규","-","","","아파트"
"21477","대구광역시 중구 남산동","3049","3049","0000","청라힐스자이","월세","84.9892","202507","24","3,000","130","20","2023","남산로 73","202508~202708","신규","-","","","아파트"
"21478","대구광역시 중구 남산동","2991","2991","0000","청라센트럴파크","월세","84.9900","202507","24","2,000","90","21","2008","달구벌대로 1970","202508~202708","신규","-","","","아파트"
"21479","대구광역시 중구 달성동","352","0352","0000","달성파크푸르지오힐스테이트","전세","84.9221","202507","23","24,000","0","10","2023","달성로 123","202508~202708","신규","-","","","아파트"
"21480","대구광역시 동구 신기동","557","0557","0000","신기모란3차","전세","49.9800","202507","23","9,000","0","5","1988","율하동로20길 31","202508~202708","신규","-","","","아파트"
"21481","대구광역시 중구 대신동","2106","2106","0000","대신센트럴자이","전세","84.8382","202507","23","30,000","0","12","2015","달구벌대로 1955","-","-","-","","","아파트"
"21482","대구광역시 중구 대신동","2106","2106","0000","대신센트럴자이","전세","84.8382","202507","23","30,000","0","12","2015","달구벌대로 1955","202509~202709","신규","-","","","아파트"
"21483","대구광역시 중구 달성동","352","0352","0000","달성파크푸르지오힐스테이트","전세","84.9713","202507","23","26,250","0","12","2023","달성로 123","202508~202708","갱신","사용","25,000","0","아파트"
"21484","대구광역시 동구 효목동","337","0337","0000","태왕메트로시티","전세","59.8500","202507","23","13,700","0","10","2003","동북로 500","202507~202707","갱신","-","13,200","0","아파트"
"21485","대구광역시 서구 내당동","3326","3326","0000","두류스타힐스","전세","84.9530","202507","23","25,000","0","5","2025","서대구로 20","202508~202708","신규","-","","","아파트"
"21486","대구광역시 서구 내당동","308-11","0308","0011","삼익뉴타운","월세","65.6750","202507","23","1,000","50","9","1981","평리로 236","202510~202710","신규","-","","","아파트"
"21487","대구광역시 서구 내당동","3333","3333","0000","두류역자이","월세","59.9708","202507","23","1,000","100","42","2025","달구벌대로 1769-7","202509~202709","신규","-","","","아파트"
"21488","대구광역시 서구 내당동","3333","3333","0000","두류역자이","전세","84.9723","202507","23","35,000","0","28","2025","달구벌대로 1769-7","202509~202708","신규","-","","","아파트"
"21489","대구광역시 중구 동인동1가","413","0413","0000","대구역센트럴대원칸타빌","월세","84.7824","202507","23","1,000","115","23","2024","태평로 224","202508~202608","신규","-","","","아파트"
"21490","대구광역시 중구 달성동","352","0352","0000","달성파크푸르지오힐스테이트","전세","84.9713","202507","23","25,200","0","9","2023","달성로 123","202508~202707","갱신","-","24,000","0","아파트"
"21491","대구광역시 동구 신암동","329-28","0329","0028","SG펠리체","전세","84.8800","202507","23","23,000","0","6","2021","아양로34길 34-1","202507~202707","신규","-","","","아파트"
"21492","대구광역시 중구 삼덕동2가","149-51","0149","0051","삼덕드림타운","전세","92.9100","202507","23","18,000","0","5","2003","공평로4길 24-14","202508~202608","갱신","-","18,000","0","아파트"
"21493","대구광역시 동구 사복동","852","0852","0000","혁신도시서한e스테이","월세","59.5100","202507","23","7,330","20","18","2020","혁신대로 504","202509~202709","갱신","사용","7,330","19","아파트"
"21494","대구광역시 서구 평리동","1497-44","1497","0044","서대구역서한이다음더퍼스트","전세","39.8388","202507","23","13,650","0","14","2023","국채보상로37길 38","202508~202708","갱신","사용","13,000","0","아파트"
"21495","대구광역시 중구 삼덕동3가","383","0383","0000","삼덕청아람","월세","59.9890","202507","23","2,000","95","15","2013","달구벌대로447길 77","202508~202708","신규","-","","","아파트"
"21496","대구광역시 동구 괴전동","654","0654","0000","안심역코오롱하늘채","전세","63.3713","202507","23","20,000","0","10","2017","금강로21길 30","202507~202707","신규","-","","","아파트"
"21497","대구광역시 동구 괴전동","654","0654","0000","안심역코오롱하늘채","전세","63.3713","202507","23","20,000","0","10","2017","금강로21길 30","202507~202707","신규","-","","","아파트"
"21498","대구광역시 중구 달성동","352","0352","0000","달성파크푸르지오힐스테이트","전세","84.9713","202507","23","26,250","0","18","2023","달성로 123","202508~202708","갱신","사용","25,000","0","아파트"
"21499","대구광역시 중구 달성동","352","0352","0000","달성파크푸르지오힐스테이트","전세","84.9713","202507","23","26,250","0","16","2023","달성로 123","202507~202707","갱신","사용","25,000","0","아파트"
"21500","대구광역시 중구 남산동","3030","3030","0000","남산자이하늘채","전세","74.6816","202507","23","33,000","0","25","2022","명덕로 33","202508~202708","신규","-","","","아파트"
"21501","대구광역시 중구 대봉동","60-10","0060","0010","센트로팰리스","전세","129.1850","202507","23","48,000","0","32","2007","대봉로 260","202509~202709","신규","-","","","아파트"
"21502","대구광역시 중구 대봉동","777","0777","0000","대봉서한포레스트","월세","62.8597","202507","23","3,000","100","17","2022","대봉로 240","202508~202708","신규","-","","","아파트"
"21503","대구광역시 달성군 다사읍 매곡리","1582","1582","0000","다사역금호어울림센트럴","월세","84.9045","202507","23","2,000","115","27","2023","다사로 71","202507~202708","갱신","-","2,000","100","아파트"
"21504","대구광역시 달성군 유가읍 봉리","621","0621","0000","우미린더포레스트","월세","75.5790","202507","23","1,000","80","2","2015","테크노북로9길 16","202508~202708","신규","-","","","아파트"
"21505","대구광역시 달서구 월성동","1551","1551","0000","월성동코오롱하늘채2단지","월세","84.9170","202507","23","2,000","100","7","2007","조암남로16길 20","202508~202708","신규","-","","","아파트"
"21506","대구광역시 달서구 도원동","1429","1429","0000","한실들마을","월세","59.7600","202507","23","1,000","48","9","1996","한실로 49","202508~202708","신규","-","","","아파트"
"21507","대구광역시 달서구 파호동","89","0089","0000","삼성명가타운","월세","84.9672","202507","23","1,000","80","13","2000","호산로 125","202508~202708","신규","-","","","아파트"
"21508","대구광역시 중구 대봉동","777","0777","0000","대봉서한포레스트","전세","99.9732","202507","23","39,000","0","25","2022","대봉로 240","202507~202707","신규","-","","","아파트"
"21509","대구광역시 달서구 월성동","1863","1863","0000","월성협성휴포레","월세","69.9551","202507","23","2,000","100","10","2016","조암로10길 11","202507~202707","신규","-","","","아파트"
"21510","대구광역시 달성군 현풍읍 대리","1176","1176","0000","국가산단서한이다음아파트","월세","74.5400","202507","23","5,603","22","21","2019","국가산단대로70길 41","202509~202709","갱신","사용","5,509","21","아파트"
"21511","대구광역시 달서구 상인동","1514","1514","0000","상인현대동방타운","전세","84.9400","202507","23","20,000","0","7","1993","상인서로 85","202508~202708","신규","-","","","아파트"
"21512","대구광역시 달서구 상인동","1516","1516","0000","우방타운","월세","59.9825","202507","23","1,000","53","11","1993","상인서로 65","202508~202708","신규","-","","","아파트"
"21513","대구광역시 달서구 월성동","1894","1894","0000","월성삼정그린코아에듀파크","전세","84.6758","202507","23","31,000","0","19","2022","월성로 100","202510~202710","신규","-","","","아파트"
"21514","대구광역시 달서구 진천동","482-3","0482","0003","월송(나동)","월세","48.6150","202507","23","500","35","1","1982","상화로21길 60","202508~202708","신규","-","","","아파트"
"21515","대구광역시 달서구 이곡동","1194-2","1194","0002","성서대백창신한라타운","전세","59.9600","202507","23","11,000","0","15","1994","성서서로 316","202508~202708","갱신","-","12,500","0","아파트"
"21516","대구광역시 달서구 두류동","2348","2348","0000","두류파크KCC스위첸","월세","84.9600","202507","23","2,000","100","4","2023","파도고개로 70","202508~202708","신규","-","","","아파트"
"21517","대구광역시 북구 태전동","442","0442","0000","태전3우방타운","전세","59.9900","202507","23","13,900","0","11","1999","학정로 126","202508~202708","신규","-","","","아파트"
"21518","대구광역시 북구 사수동","812","0812","0000","서희스타힐스테이","월세","84.9924","202507","23","15,000","27","8","2019","내곡로 90","202510~202710","신규","-","","","아파트"
"21519","대구광역시 수성구 지산동","1766","1766","0000","더샵수성라크에르","전세","84.9397","202507","23","27,300","0","16","2024","지산로3길 33","202507~202707","갱신","사용","26,000","0","아파트"
"21520","대구광역시 수성구 지산동","1200","1200","0000","목련","전세","42.6600","202507","23","4,000","0","5","1986","용학로42길 13","202509~202709","신규","-","","","아파트"
"21521","대구광역시 북구 복현동","713","0713","0000","e편한세상복현","월세","59.9535","202507","23","1,000","85","3","2021","동북로 247","202510~202610","갱신","사용","1,000","85","아파트"
"21522","대구광역시 북구 복현동","713","0713","0000","e편한세상복현","월세","59.9535","202507","23","1,000","85","3","2021","동북로 247","202510~202610","갱신","사용","1,000","85","아파트"
"21523","대구광역시 수성구 범어동","2291","2291","0000","수성범어W","월세","84.9911","202507","23","2,000","240","19","2023","달구벌대로 2436","202507~202707","신규","-","","","아파트"
"21524","대구광역시 수성구 만촌동","1479","1479","0000","만촌3차화성파크드림","전세","84.9558","202507","23","42,000","0","12","2016","교학로 13","202507~202611","신규","-","","","아파트"
"21525","대구광역시 수성구 범어동","2253","2253","0000","빌리브범어","전세","84.9692","202507","23","68,000","0","2","2019","청호로 418","202510~202710","신규","-","","","아파트"
"21526","대구광역시 수성구 범어동","산103","0103","0000","장원맨션","전세","84.9800","202507","23","28,000","0","9","1988","청호로 370","202508~202708","신규","-","","","아파트"
"21527","대구광역시 수성구 범어동","2148","2148","0000","범어화성파크드림","월세","84.9742","202507","23","3,000","110","4","2006","범어천로 180","202509~202709","신규","-","","","아파트"
"21528","대구광역시 수성구 황금동","985","0985","0000","힐스테이트황금동","월세","84.9094","202507","23","3,000","120","11","2018","청수로 274","-","-","-","","","아파트"
"21529","대구광역시 수성구 황금동","985","0985","0000","힐스테이트황금동","월세","84.9094","202507","23","3,000","120","11","2018","청수로 274","202509~202709","신규","-","","","아파트"
"21530","대구광역시 수성구 중동","641","0641","0000","수성효성해링턴플레이스","전세","84.6009","202507","23","35,000","0","21","2020","희망로24길 24","202509~202709","갱신","사용","35,000","0","아파트"
"21531","대구광역시 수성구 신매동","570","0570","0000","시지삼주한라협화","월세","84.8400","202507","23","1,000","90","2","1994","신매로 91","202508~202603","신규","-","","","아파트"
"21532","대구광역시 수성구 황금동","60","0060","0000","우방2","월세","76.4400","202507","23","300","20","1","1986","청호로 330","202507~202601","신규","-","","","아파트"
"21533","대구광역시 수성구 수성동3가","57","0057","0000","수성3가롯데캐슬","월세","211.5989","202507","23","10,000","300","6","2008","명덕로 455","202509~202709","신규","-","","","아파트"
"21534","대구광역시 수성구 범어동","2257","2257","0000","범어센트럴푸르지오","전세","84.9930","202507","23","45,000","0","11","2019","상록로 15","202510~202710","신규","-","","","아파트"
"21535","대구광역시 수성구 범어동","2257","2257","0000","범어센트럴푸르지오","전세","84.9930","202507","23","45,000","0","11","2019","상록로 15","202510~202710","신규","-","","","아파트"
"21536","대구광역시 북구 산격동","1404-19","1404","0019","산격청구2","전세","31.6000","202507","23","6,000","0","3","1999","대구체육관로4길 2","202510~202710","신규","-","","","아파트"
"21537","대구광역시 수성구 범어동","314-2","0314","0002","을지맨션","월세","114.0000","202507","22","5,000","130","3","1987","달구벌대로496길 88","202508~202708","신규","-","","","아파트"
"21538","대구광역시 북구 노원동3가","1227","1227","0000","대구노원한신더휴","월세","74.9600","202507","22","2,000","90","19","2017","노원로10길 40","202508~202708","신규","-","","","아파트"
"21539","대구광역시 수성구 만촌동","816","0816","0000","만촌우방타운1단지","월세","84.9200","202507","22","3,000","110","14","1997","교학로11길 46","202508~202707","신규","-","","","아파트"
"21540","대구광역시 수성구 만촌동","816","0816","0000","만촌우방타운1단지","월세","59.7300","202507","22","2,000","60","3","1997","교학로11길 46","202509~202709","신규","-","","","아파트"
"21541","대구광역시 수성구 수성동4가","1090-6","1090","0006","수성보성","전세","84.9800","202507","22","29,000","0","17","1996","수성로 412","202510~202710","신규","-","","","아파트"
"21542","대구광역시 북구 산격동","493","0493","0000","산격보성","월세","49.2150","202507","22","100","33","3","1981","동북로37길 13-10","202507~202607","신규","-","","","아파트"
"21543","대구광역시 수성구 매호동","1087","1087","0000","매호유성푸르나임","월세","63.7424","202507","22","1,000","55","2","2003","달구벌대로637길 10","202507~202707","신규","-","","","아파트"
"21544","대구광역시 수성구 지산동","1200","1200","0000","목련","전세","49.2300","202507","22","4,500","0","5","1986","용학로42길 13","202507~202707","신규","-","","","아파트"
"21545","대구광역시 수성구 지산동","1275","1275","0000","지산한라타운","월세","59.8500","202507","22","2,000","60","2","1991","지범로22길 9","202509~202709","신규","-","","","아파트"
"21546","대구광역시 북구 복현동","709","0709","0000","복현아이파크","전세","84.9823","202507","22","30,000","0","2","2021","동북로 241","202510~202710","갱신","-","26,000","0","아파트"
"21547","대구광역시 북구 태전동","1103","1103","0000","휴먼시아1단지","월세","51.7800","202507","22","5,526","11","15","2008","매전로 73","202509~202708","갱신","-","5,432","10","아파트"
"21548","대구광역시 북구 태전동","1065-1","1065","0001","칠곡관음타운","전세","59.7800","202507","22","11,000","0","17","1995","영송로 63","202508~202708","신규","-","","","아파트"
"21549","대구광역시 북구 구암동","786","0786","0000","그린빌3차","전세","49.7100","202507","22","11,800","0","5","2000","구암서로 41","202507~202707","갱신","-","12,500","0","아파트"
"21550","대구광역시 북구 학정동","980","0980","0000","칠곡1차한라하우젠트","전세","112.1791","202507","22","30,000","0","6","2007","학남로 10","202509~202709","신규","-","","","아파트"
"21551","대구광역시 북구 학정동","980","0980","0000","칠곡1차한라하우젠트","전세","112.1791","202507","22","30,000","0","6","2007","학남로 10","202509~202709","신규","-","","","아파트"
"21552","대구광역시 북구 복현동","79","0079","0000","한라","전세","70.4000","202507","22","12,000","0","2","1980","공항로5길 6","202507~202707","갱신","-","12,000","0","아파트"
"21553","대구광역시 수성구 신매동","581","0581","0000","시지태성맨션","월세","84.9800","202507","22","1,000","65","3","1994","고산로 50","202509~202602","신규","-","","","아파트"
"21554","대구광역시 수성구 신매동","610","0610","0000","시지라온프라이빗","전세","84.9845","202507","22","38,000","0","9","2023","달구벌대로656길 32","202508~202708","신규","-","","","아파트"
"21555","대구광역시 수성구 신매동","581","0581","0000","시지태성맨션","전세","59.9600","202507","22","11,000","0","10","1994","고산로 50","202507~202707","신규","-","","","아파트"
"21556","대구광역시 북구 구암동","786","0786","0000","그린빌3차","월세","39.7700","202507","22","500","45","3","2000","구암서로 41","202507~202707","신규","-","","","아파트"
"21557","대구광역시 수성구 수성동4가","1090-6","1090","0006","수성보성","월세","49.2100","202507","22","1,000","68","3","1996","수성로 412","202508~202708","신규","-","","","아파트"
"21558","대구광역시 북구 서변동","1775","1775","0000","화성리버파크1","월세","59.9654","202507","22","3,000","55","7","2003","서변로 72","202508~202708","신규","-","","","아파트"
"21559","대구광역시 수성구 수성동4가","1090-6","1090","0006","수성보성","전세","84.9800","202507","22","29,000","0","17","1996","수성로 412","-","-","-","","","아파트"
"21560","대구광역시 수성구 수성동4가","1090-6","1090","0006","수성보성","월세","84.9800","202507","22","2,000","100","6","1996","수성로 412","202508~202708","신규","-","","","아파트"
"21561","대구광역시 수성구 범어동","179","0179","0000","두산위브더제니스","월세","146.9701","202507","22","10,000","315","42","2009","달구벌대로 2435","202507~202707","갱신","-","1,000","300","아파트"
"21562","대구광역시 북구 노원동3가","1227","1227","0000","대구노원한신더휴","월세","84.9800","202507","22","2,000","88","12","2017","노원로10길 40","202510~202710","신규","-","","","아파트"
"21563","대구광역시 동구 신암동","1881","1881","0000","동대구더센트로데시앙","전세","74.9463","202507","22","25,000","0","23","2023","신암로20길 63","202509~202709","갱신","-","24,000","0","아파트"
"21564","대구광역시 중구 수창동","178","0178","0000","대구역제일풍경채위너스카이","전세","84.9774","202507","22","24,000","0","6","2023","달성로26길 70","202509~202709","신규","-","","","아파트"
"21565","대구광역시 동구 신암동","1833","1833","0000","이안동대구","월세","84.8717","202507","22","3,000","110","4","2018","송라로28길 14","202508~202707","신규","-","","","아파트"
"21566","대구광역시 서구 평리동","632-9","0632","0009","서대구KTX영무예다음","전세","84.4481","202507","22","23,000","0","6","2023","당산로 446","202509~202709","신규","-","","","아파트"
"21567","대구광역시 북구 칠성동2가","723","0723","0000","칠성동코오롱하늘채","월세","84.9778","202507","22","3,000","100","21","2014","중앙대로 540","202508~202608","신규","-","","","아파트"
"21568","대구광역시 동구 율하동","1408","1408","0000","대구율하2세계육상선수촌2단지","전세","84.6900","202507","22","28,000","0","7","2011","안심로16길 71","202510~202710","신규","-","","","아파트"
"21569","대구광역시 동구 신암동","1881","1881","0000","동대구더센트로데시앙","전세","74.9463","202507","22","25,000","0","23","2023","신암로20길 63","202509~202709","갱신","-","24,000","0","아파트"
"21570","대구광역시 동구 방촌동","1102-2","1102","0002","강변1","전세","84.9600","202507","22","14,000","0","1","1989","동촌로54길 13","202508~202708","신규","-","","","아파트"
"21571","대구광역시 동구 신암동","1840","1840","0000","동대구이안센트럴D","전세","84.9886","202507","22","36,500","0","15","2021","동대구로 577","202509~202709","신규","-","","","아파트"
"21572","대구광역시 동구 지묘동","337","0337","0000","왕산우방타운","전세","84.9300","202507","22","10,000","0","13","1997","파계로6길 30","202507~202707","신규","-","","","아파트"
"21573","대구광역시 중구 동인동1가","33-1","0033","0001","시티타운","월세","59.9100","202507","22","5,000","37","6","1997","국채보상로131길 55","202507~202707","신규","-","","","아파트"
"21574","대구광역시 중구 동인동1가","420","0420","0000","힐스테이트동인더스카이","전세","84.9389","202507","22","27,000","0","38","2025","태평로 240","202509~202709","신규","-","","","아파트"
"21575","대구광역시 서구 평리동","1497-44","1497","0044","서대구역서한이다음더퍼스트","월세","76.9170","202507","22","2,000","80","5","2023","국채보상로37길 38","202507~202707","신규","-","","","아파트"
"21576","대구광역시 중구 상서동","17","0017","0000","중앙시티라이프","월세","21.1400","202507","22","100","45","8","1990","국채보상로 543","202507~202510","신규","-","","","아파트"
"21577","대구광역시 동구 불로동","1160","1160","0000","에덴공항1","월세","49.9500","202507","22","500","35","2","1988","팔공로29길 10","202508~202708","신규","-","","","아파트"
"21578","대구광역시 서구 평리동","1680","1680","0000","평리푸르지오","전세","113.2671","202507","22","24,000","0","16","2011","국채보상로50길 20","202508~202708","신규","-","","","아파트"
"21579","대구광역시 남구 봉덕동","1141","1141","0000","효성타운2차","월세","130.1700","202507","22","3,000","90","6","1989","효성중앙길 38","202508~202708","신규","-","","","아파트"
"21580","대구광역시 서구 중리동","76-1","0076","0001","진달래","월세","69.6975","202507","22","300","40","1","1983","국채보상로36길 49","202507~202707","신규","-","","","아파트"
"21581","대구광역시 서구 평리동","1497-44","1497","0044","서대구역서한이다음더퍼스트","전세","39.8388","202507","22","13,650","0","14","2023","국채보상로37길 38","202508~202708","갱신","사용","13,000","0","아파트"
"21582","대구광역시 동구 괴전동","654","0654","0000","안심역코오롱하늘채","전세","63.3713","202507","22","24,000","0","13","2017","금강로21길 30","202508~202708","갱신","-","24,000","0","아파트"
"21583","대구광역시 서구 비산동","1011","1011","0000","삼성만평","전세","52.1275","202507","22","4,500","0","5","1982","달서천로57길 20","202509~202709","신규","-","","","아파트"
"21584","대구광역시 서구 비산동","3446","3446","0000","힐스테이트서대구역센트럴","월세","84.9485","202507","22","1,000","110","7","2025","달서천로53길 6","202508~202707","신규","-","","","아파트"
"21585","대구광역시 동구 율하동","1093","1093","0000","우방아이유쉘","전세","84.9942","202507","22","21,500","0","2","2013","금호강변로3길 22","202509~202709","신규","-","","","아파트"
"21586","대구광역시 동구 신암동","1881","1881","0000","동대구더센트로데시앙","전세","74.9463","202507","22","25,000","0","23","2023","신암로20길 63","202509~202709","갱신","사용","24,000","0","아파트"
"21587","대구광역시 동구 신서동","823-7","0823","0007","신서그린빌","전세","59.8815","202507","22","12,000","0","3","2001","반야월북로 251","-","-","-","","","아파트"
"21588","대구광역시 동구 신서동","823-7","0823","0007","신서그린빌","전세","59.8815","202507","22","12,000","0","3","2001","반야월북로 251","202508~202708","신규","-","","","아파트"
"21589","대구광역시 동구 율하동","1302","1302","0000","율하휴먼시아5단지","월세","59.8800","202507","22","6,899","11","3","2008","율하서로 59","202510~202709","신규","-","","","아파트"
"21590","대구광역시 동구 율하동","1216","1216","0000","율하롯데캐슬TOPCLASS","월세","98.5953","202507","22","3,000","110","12","2015","율하서로 23","202509~202709","갱신","사용","5,000","100","아파트"
"21591","대구광역시 동구 신암동","1870","1870","0000","해링턴플레이스동대구","전세","59.9469","202507","22","17,850","0","11","2024","경대로 126","202508~202708","갱신","사용","17,000","0","아파트"
"21592","대구광역시 서구 평리동","632-9","0632","0009","서대구KTX영무예다음","전세","57.1488","202507","22","18,375","0","17","2023","당산로 446","202508~202708","갱신","사용","17,500","0","아파트"
"21593","대구광역시 중구 남산동","3020","3020","0000","남산롯데캐슬센트럴스카이","전세","84.9371","202507","22","40,000","0","16","2021","재마루길 77","202508~202708","신규","-","","","아파트"
"21594","대구광역시 동구 신천동","1514","1514","0000","동대구역더샵센터시티","월세","84.9464","202507","22","3,000","120","27","2022","동부로19길 18","202507~202607","신규","-","","","아파트"
"21595","대구광역시 서구 내당동","11-8","0011","0008","황제맨션","월세","84.9900","202507","22","2,000","60","4","1988","통학로 46","202509~202605","신규","-","","","아파트"
"21596","대구광역시 서구 내당동","3333","3333","0000","두류역자이","전세","84.9396","202507","22","35,000","0","20","2025","달구벌대로 1769-7","202509~202709","신규","-","","","아파트"
"21597","대구광역시 동구 신서동","518-1","0518","0001","각산역더뉴클래스2차","월세","21.2099","202507","22","500","45","14","2015","반야월로 360","202508~202608","신규","-","","","아파트"
"21598","대구광역시 동구 신천동","633","0633","0000","동신우방","월세","84.8700","202507","22","1,000","70","18","1996","송라로11길 86","202508~202708","신규","-","","","아파트"
"21599","대구광역시 중구 동인동3가","419","0419","0000","동인태왕아너스라플란드","월세","36.0661","202507","22","3,496","29","7","2023","국채보상로151길 55","202507~202708","갱신","-","4,896","24","아파트"
"21600","대구광역시 달서구 상인동","1520","1520","0000","청구","월세","59.7600","202507","22","1,000","50","11","1993","상인로 105","202510~202709","신규","-","","","아파트"
"21601","대구광역시 달서구 월성동","500","0500","0000","월성청구타운","전세","65.2400","202507","22","13,500","0","4","1991","학산로2길 24","202508~202708","신규","-","","","아파트"
"21602","대구광역시 달서구 대곡동","1123","1123","0000","수목원제일풍경채","월세","99.9400","202507","22","2,000","130","2","2018","갈밭남로 12","202507~202707","신규","-","","","아파트"
"21603","대구광역시 달서구 대곡동","1012","1012","0000","삼성래미안1","전세","84.9500","202507","22","18,000","0","1","2000","상화로8길 23","202510~202710","신규","-","","","아파트"
"21604","대구광역시 달성군 구지면 응암리","1199","1199","0000","대구국가산단반도유보라아이비파크","월세","84.9598","202507","22","2,000","60","14","2017","과학마을로3길 14","202508~202708","신규","-","","","아파트"
"21605","대구광역시 달성군 구지면 응암리","1252","1252","0000","대구국가산단ZOOM파크","월세","84.3504","202507","22","1,000","65","11","2020","국가산단대로64길 63","202508~202708","신규","-","","","아파트"
"21606","대구광역시 달성군 다사읍 서재리","169","0169","0000","서재화진금봉타운","월세","84.8500","202507","22","1,000","50","15","1996","서재로 120","202507~202707","신규","-","","","아파트"
"21607","대구광역시 수성구 욱수동","130","0130","0000","시지5태왕하이츠","월세","80.8508","202507","22","2,000","80","9","2004","욱수천로 7","202509~202708","신규","-","","","아파트"
"21608","대구광역시 달서구 두류동","2369","2369","0000","두류역서한포레스트","월세","59.7456","202507","22","2,000","93","25","2025","야외음악당로47길 76","202509~202709","신규","-","","","아파트"
"21609","대구광역시 달성군 유가읍 봉리","627","0627","0000","반도유보라","월세","84.9592","202507","22","2,000","80","9","2016","테크노대로 195","202508~202608","갱신","-","2,000","70","아파트"
"21610","대구광역시 달서구 본동","616","0616","0000","월성주공5","전세","38.6400","202507","22","6,000","0","15","1992","구마로12길 89","202508~202707","갱신","-","7,600","0","아파트"
"21611","대구광역시 달서구 대천동","497-2","0497","0002","월배태영데시앙","월세","84.9614","202507","22","3,000","90","9","2009","조암남로 123","202508~202708","신규","-","","","아파트"
"21612","대구광역시 달성군 현풍읍 중리","486","0486","0000","대구테크노폴리스서한이다음","전세","77.1897","202507","22","18,000","0","1","2014","테크노상업로 33","202508~202708","신규","-","","","아파트"
"21613","대구광역시 달서구 도원동","1443","1443","0000","강산타운","전세","134.6300","202507","22","19,000","0","3","1997","도원로 45","202509~202709","신규","-","","","아파트"
"21614","대구광역시 달서구 감삼동","479","0479","0000","감삼에이원","전세","49.3980","202507","22","16,000","0","13","2019","와룡로 145","202509~202709","신규","-","","","아파트"
"21615","대구광역시 달성군 다사읍 매곡리","1537","1537","0000","대실역청아람1단지","월세","59.9748","202507","22","2,000","70","18","2008","대실역북로 38","202508~202708","신규","-","","","아파트"
"21616","대구광역시 달성군 구지면 창리","1354","1354","0000","대구국가산단영무예다음","월세","67.9389","202507","22","1,000","55","19","2020","국가산단서로84길 118","202509~202708","신규","-","","","아파트"
"21617","대구광역시 달성군 구지면 창리","1447","1447","0000","모아미래도에듀퍼스트","월세","77.7974","202507","22","1,000","65","2","2021","국가산단대로70길 42","202508~202708","갱신","-","1,000","65","아파트"
"21618","대구광역시 달성군 화원읍 천내리","122","0122","0000","화원천내우방맨션","월세","84.8700","202507","22","2,200","33","2","1991","화원로 26","202507~202707","신규","-","","","아파트"
"21619","대구광역시 달성군 화원읍 천내리","918","0918","0000","화원이진캐스빌","전세","84.9258","202507","22","24,000","0","35","2017","비슬로 2545","202509~202708","신규","-","","","아파트"
"21620","대구광역시 달성군 화원읍 천내리","122-1","0122","0001","화원평광2","월세","84.9700","202507","22","1,000","50","4","1992","비슬로525길 37","202508~202708","신규","-","","","아파트"
"21621","대구광역시 달서구 본동","1207","1207","0000","빌리브라디체","월세","105.9080","202507","22","5,000","150","35","2025","구마로 100","202508~202708","신규","-","","","아파트"
"21622","대구광역시 달서구 이곡동","1194-2","1194","0002","성서대백창신한라타운","전세","59.9600","202507","22","8,300","0","1","1994","성서서로 316","202508~202708","신규","-","","","아파트"
"21623","대구광역시 달서구 신당동","1846","1846","0000","성서주공2","월세","42.9000","202507","21","500","40","7","1995","신당로 55","202508~202708","신규","-","","","아파트"
"21624","대구광역시 달서구 죽전동","279-1","0279","0001","빌리브죽전","전세","84.9954","202507","21","30,000","0","16","2023","달구벌대로 1581","202507~202707","갱신","사용","30,000","0","아파트"
"21625","대구광역시 달서구 감삼동","714","0714","0000","죽전역해링턴플레이스더베스트","월세","84.9658","202507","21","1,000","125","43","2024","와룡로33길 20","202507~202607","신규","-","","","아파트"
"21626","대구광역시 달서구 월성동","84","0084","0000","월성주공1(고층)","전세","59.3900","202507","21","8,500","0","10","1991","월곡로94길 30","202509~202709","신규","-","","","아파트"
"21627","대구광역시 달서구 신당동","1846","1846","0000","성서주공2","월세","37.6700","202507","21","500","38","13","1995","신당로 55","202507~202707","신규","-","","","아파트"
"21628","대구광역시 달서구 상인동","1592","1592","0000","시영장미4","월세","49.8000","202507","21","500","45","10","1993","상화로 380","202508~202707","신규","-","","","아파트"
"21629","대구광역시 달성군 구지면 응암리","1210","1210","0000","과학마을청아람","월세","59.8940","202507","21","3,000","30","15","2016","과학마을로 70","202508~202708","신규","-","","","아파트"
"21630","대구광역시 달서구 월성동","84","0084","0000","월성주공1(저층)","월세","59.2800","202507","21","500","40","3","1991","월곡로94길 30","202508~202708","신규","-","","","아파트"
"21631","대구광역시 달서구 용산동","221","0221","0000","우방죽전타운","월세","84.9700","202507","21","2,000","75","5","1997","용산로 160","202508~202707","신규","-","","","아파트"
"21632","대구광역시 달성군 구지면 응암리","1210","1210","0000","과학마을청아람","월세","59.8940","202507","21","200","120","17","2016","과학마을로 70","202507~202512","신규","-","","","아파트"
"21633","대구광역시 달성군 구지면 응암리","1210","1210","0000","과학마을청아람","월세","39.9160","202507","21","500","55","11","2016","과학마을로 70","202507~202609","신규","-","","","아파트"
"21634","대구광역시 달성군 구지면 응암리","1210","1210","0000","과학마을청아람","월세","39.9160","202507","21","500","55","11","2016","과학마을로 70","-","-","-","","","아파트"
"21635","대구광역시 수성구 노변동","210","0210","0000","노변월드시티","전세","84.9912","202507","21","12,000","0","10","2003","노변공원로 61","202508~202708","신규","-","","","아파트"
"21636","대구광역시 달성군 다사읍 죽곡리","870","0870","0000","죽곡 한신 휴 플러스","전세","59.9800","202507","21","19,900","0","5","2016","대실역남로 50","202509~202709","갱신","사용","19,000","0","아파트"
"21637","대구광역시 달서구 성당동","828","0828","0000","삼호맨션","전세","61.3500","202507","21","9,200","0","4","1981","대명천로 67","202508~202708","신규","-","","","아파트"
"21638","대구광역시 달서구 대곡동","1126","1126","0000","수목원서한이다음","전세","101.8700","202507","21","27,000","0","1","2018","한실로6길 123","202508~202708","신규","-","","","아파트"
"21639","대구광역시 달서구 대곡동","1126","1126","0000","수목원서한이다음","월세","101.8700","202507","21","2,000","120","16","2018","한실로6길 123","202508~202708","신규","-","","","아파트"
"21640","대구광역시 달서구 호산동","350","0350","0000","삼성한국형","전세","84.9100","202507","21","17,000","0","4","1999","호산로 126","202509~202709","신규","-","","","아파트"
"21641","대구광역시 달성군 현풍읍 중리","487","0487","0000","대구테크노폴리스엘에이치천년나무1단지","월세","29.8000","202507","21","827","14","5","2016","테크노북로2길 10","202509~202708","갱신","-","790","14","아파트"
"21642","대구광역시 달성군 현풍읍 중리","485","0485","0000","대구테크노폴리스일동미라주더파크","전세","84.7935","202507","21","18,500","0","14","2017","테크노북로2길 9","202508~202708","신규","-","","","아파트"
"21643","대구광역시 달서구 두류동","2348","2348","0000","두류파크KCC스위첸","월세","59.9600","202507","21","2,000","75","4","2023","파도고개로 70","202508~202707","신규","-","","","아파트"
"21644","대구광역시 달서구 이곡동","1308-1","1308","0001","성서2서한타운","월세","84.9500","202507","21","7,000","45","7","1997","선원로 122","202509~202709","신규","-","","","아파트"
"21645","대구광역시 달서구 진천동","205-1","0205","0001","귀빈맨션","전세","84.9500","202507","21","15,000","0","1","1990","월배로32안길 61","202508~202708","신규","-","","","아파트"
"21646","대구광역시 달서구 용산동","230-10","0230","0010","용산롯데캐슬","월세","84.7300","202507","21","2,000","100","16","2004","장산남로 33","202509~202708","신규","-","","","아파트"
"21647","대구광역시 달서구 용산동","221","0221","0000","우방죽전타운","전세","84.9700","202507","21","20,000","0","8","1997","용산로 160","202511~202710","신규","-","","","아파트"
"21648","대구광역시 달서구 이곡동","1191","1191","0000","성서보성화성타운","월세","59.9500","202507","21","100","50","8","1994","계대동문로 99","202507~202607","신규","-","","","아파트"
"21649","대구광역시 달서구 용산동","937","0937","0000","용산보성타운","월세","134.9900","202507","21","1,000","80","8","1999","용산서로 37","202506~202706","신규","-","","","아파트"
"21650","대구광역시 수성구 수성동1가","890","0890","0000","더샵수성오클레어","월세","50.6648","202507","21","2,000","85","9","2023","희망로19길 29","202507~202607","신규","-","","","아파트"
"21651","대구광역시 북구 복현동","539-106","0539","0106","복현보성타운","전세","84.9900","202507","21","13,000","0","17","1996","검단로 64","202507~202707","갱신","사용","14,000","0","아파트"
"21652","대구광역시 수성구 황금동","365","0365","0000","캐슬골드파크4단지","월세","84.9700","202507","21","2,000","120","16","2006","청수로 261","202508~202708","신규","-","","","아파트"
"21653","대구광역시 북구 구암동","695-3","0695","0003","칠곡청구타운","월세","59.3400","202507","21","1,000","53","10","1995","학정로 271","202508~202708","신규","-","","","아파트"
"21654","대구광역시 북구 침산동","123-1","0123","0001","침산화성2","월세","85.0000","202507","21","1,000","70","6","1999","침산남로37길 24","202508~202708","신규","-","","","아파트"
"21655","대구광역시 북구 구암동","786","0786","0000","그린빌3차","전세","49.7100","202507","21","4,500","0","11","2000","구암서로 41","202507~202707","신규","-","","","아파트"
"21656","대구광역시 북구 침산동","7-3","0007","0003","삼익맨션","월세","62.9800","202507","21","4,500","20","9","1978","중앙대로 590","202507~202707","신규","-","","","아파트"
"21657","대구광역시 수성구 시지동","591","0591","0000","수성알파시티동화아이위시","월세","84.9140","202507","21","5,000","120","1","2019","알파시티2로 48","202508~202708","신규","-","","","아파트"
"21658","대구광역시 북구 매천동","753","0753","0000","한신더휴이스턴팰리스","전세","84.9900","202507","21","27,000","0","21","2019","매전로4길 31","202508~202707","갱신","-","27,000","0","아파트"
"21659","대구광역시 수성구 수성동1가","890","0890","0000","더샵수성오클레어","월세","50.6648","202507","21","2,000","85","9","2023","희망로19길 29","202507~202607","신규","-","","","아파트"
"21660","대구광역시 북구 국우동","1080","1080","0000","그린빌6단지","월세","51.9500","202507","21","1,000","50","6","2002","학정동로 10","202509~202709","신규","-","","","아파트"
"21661","대구광역시 북구 연경동","987","0987","0000","연경동화아이위시","월세","84.9990","202507","21","3,500","75","2","2020","동화천로 190","202510~202710","신규","-","","","아파트"
"21662","대구광역시 북구 연경동","943","0943","0000","연경금성백조예미지숲속의아침","전세","78.9905","202507","21","22,000","0","16","2020","연경중앙로 11","202508~202708","신규","-","","","아파트"
"21663","대구광역시 수성구 범어동","2017","2017","0000","청구성조타운","전세","59.4550","202507","21","16,000","0","15","1996","국채보상로 846","202508~202708","신규","-","","","아파트"
"21664","대구광역시 북구 서변동","1795","1795","0000","동서변월드메르디앙","전세","84.9700","202507","21","20,000","0","7","2005","서변로 26","202507~202707","신규","-","","","아파트"
"21665","대구광역시 북구 서변동","1766","1766","0000","영남네오빌블루","월세","84.7804","202507","21","2,000","70","5","2003","서변로 120","202508~202708","신규","-","","","아파트"
"21666","대구광역시 북구 고성동3가","145","0145","0000","오페라트루엘시민의숲아파트","전세","59.6911","202507","21","27,000","0","2","2020","고성북로 34","202511~202711","신규","-","","","아파트"
"21667","대구광역시 수성구 지산동","1234-1","1234","0001","지산2단지","전세","59.9700","202507","21","14,000","0","6","1991","지산로 5","202510~202710","갱신","사용","14,000","0","아파트"
"21668","대구광역시 수성구 수성동4가","1090-5","1090","0005","쌍용화성","전세","60.0000","202507","21","21,000","0","10","1996","수성로 411","202507~202605","신규","-","","","아파트"
"21669","대구광역시 수성구 범어동","2237","2237","0000","범어숲화성파크드림S","월세","84.8939","202507","21","1,000","140","18","2013","동대구로 376","202508~202604","신규","-","","","아파트"
"21670","대구광역시 수성구 범물동","1372","1372","0000","청아타운","전세","134.7300","202507","21","21,000","0","14","1992","범안로 40","202510~202709","신규","-","","","아파트"
"21671","대구광역시 수성구 범물동","1372","1372","0000","청아타운","전세","134.7300","202507","21","21,000","0","14","1992","범안로 40","202510~202709","신규","-","","","아파트"
"21672","대구광역시 북구 노원동3가","1227","1227","0000","대구노원한신더휴","월세","59.9500","202507","21","2,000","75","4","2017","노원로10길 40","202507~202707","신규","-","","","아파트"
"21673","대구광역시 수성구 매호동","1331","1331","0000","하나타운","월세","45.6900","202507","21","1,000","44","5","1995","고산로 123","202507~202707","신규","-","","","아파트"
"21674","대구광역시 수성구 만촌동","1500","1500","0000","힐스테이트만촌역","전세","84.8649","202507","21","43,000","0","3","2024","달구벌대로 2567","202508~202708","신규","-","","","아파트"
"21675","대구광역시 수성구 범어동","2240","2240","0000","e편한세상범어","월세","84.7910","202507","21","6,000","110","1","2015","들안로78길 45","202508~202708","신규","-","","","아파트"
"21676","대구광역시 북구 고성동1가","260","0260","0000","대구역오페라W","월세","84.9865","202507","21","3,000","100","29","2023","칠성남로 50","202507~202707","신규","-","","","아파트"
"21677","대구광역시 북구 고성동1가","260","0260","0000","대구역오페라W","월세","84.9865","202507","21","3,000","100","29","2023","칠성남로 50","202507~202707","신규","-","","","아파트"
"21678","대구광역시 수성구 범어동","179","0179","0000","두산위브더제니스","월세","170.8551","202507","21","10,000","360","24","2009","달구벌대로 2435","202509~202709","신규","-","","","아파트"
"21679","대구광역시 수성구 신매동","246","0246","0000","신매우방타운","월세","35.7000","202507","21","1,000","30","9","1997","달구벌대로651길 33","202509~202709","신규","-","","","아파트"
"21680","대구광역시 북구 고성동2가","112-3","0112","0003","고성","월세","40.0600","202507","21","1,000","43","11","1993","고성북로 3","202507~202707","신규","-","","","아파트"
"21681","대구광역시 북구 복현동","539-114","0539","0114","복현건영","월세","59.8800","202507","21","2,500","50","16","1998","검단로 28","202508~202708","신규","-","","","아파트"
"21682","대구광역시 수성구 중동","657","0657","0000","수성뷰웰리버파크","전세","84.7772","202507","21","31,000","0","8","2023","수성로41길 41","202509~202708","신규","-","","","아파트"
"21683","대구광역시 수성구 중동","657","0657","0000","수성뷰웰리버파크","전세","84.7772","202507","21","31,000","0","8","2023","수성로41길 41","202509~202708","신규","-","","","아파트"
"21684","대구광역시 수성구 중동","657","0657","0000","수성뷰웰리버파크","전세","84.7772","202507","21","31,000","0","8","2023","수성로41길 41","202509~202708","신규","-","","","아파트"
"21685","대구광역시 수성구 범어동","966-1","0966","0001","범어월드메르디앙웨스턴카운티","월세","132.6887","202507","21","4,000","150","11","2008","범어천로 200","202507~202707","갱신","-","3,000","160","아파트"
"21686","대구광역시 서구 평리동","1497-44","1497","0044","서대구역서한이다음더퍼스트","전세","39.8388","202507","21","14,170","0","25","2023","국채보상로37길 38","202508~202708","갱신","사용","13,500","0","아파트"
"21687","대구광역시 동구 율하동","1302","1302","0000","율하휴먼시아5단지","월세","39.7200","202507","21","1,944","13","7","2008","율하서로 59","202412~202611","신규","-","","","아파트"
"21688","대구광역시 남구 이천동","1181","1181","0000","대봉교역금호어울림에듀리버","전세","74.4741","202507","21","24,000","0","12","2024","대봉로30길 12","202602~202802","신규","-","","","아파트"
"21689","대구광역시 남구 이천동","1181","1181","0000","대봉교역금호어울림에듀리버","전세","74.4741","202507","21","24,000","0","12","2024","대봉로30길 12","202602~202802","신규","-","","","아파트"
"21690","대구광역시 동구 신천동","200-1","0200","0001","신천청아람","전세","74.4222","202507","21","23,500","0","5","2010","송라로14길 132","202508~202708","신규","-","","","아파트"
"21691","대구광역시 동구 신천동","492","0492","0000","광명","월세","52.0200","202507","21","3,000","30","3","1980","화랑로11길 78","202508~202708","신규","-","","","아파트"
"21692","대구광역시 동구 신천동","148-4","0148","0004","현대하이페리온1단지","월세","143.6500","202507","21","3,000","160","12","2007","국채보상로 861","202509~202709","신규","-","","","아파트"
"21693","대구광역시 서구 비산동","39-1","0039","0001","오성펠리체","전세","79.4650","202507","21","12,000","0","8","2016","북비산로71길 1","202509~202709","신규","-","","","아파트"
"21694","대구광역시 서구 비산동","3446","3446","0000","힐스테이트서대구역센트럴","월세","84.8617","202507","21","1,000","110","4","2025","달서천로53길 6","202507~202707","신규","-","","","아파트"
"21695","대구광역시 서구 내당동","308-11","0308","0011","삼익뉴타운","월세","148.4600","202507","21","2,000","80","9","1980","평리로 236","202507~202707","신규","-","","","아파트"
"21696","대구광역시 서구 내당동","3333","3333","0000","두류역자이","월세","84.9723","202507","21","3,000","150","32","2025","달구벌대로 1769-7","202509~202709","신규","-","","","아파트"
"21697","대구광역시 서구 내당동","3333","3333","0000","두류역자이","전세","59.9708","202507","21","25,000","0","26","2025","달구벌대로 1769-7","202510~202710","신규","-","","","아파트"
"21698","대구광역시 서구 내당동","3333","3333","0000","두류역자이","전세","84.9723","202507","21","35,000","0","24","2025","달구벌대로 1769-7","202509~202709","신규","-","","","아파트"
"21699","대구광역시 중구 남산동","3006","3006","0000","반월당효성해링턴플레이스","전세","84.9557","202507","21","27,000","0","16","2014","중앙대로66길 20","202508~202708","신규","-","","","아파트"
"21700","대구광역시 중구 남산동","3030","3030","0000","남산자이하늘채","월세","74.6816","202507","21","3,000","120","29","2022","명덕로 33","202508~202708","신규","-","","","아파트"
"21701","대구광역시 중구 남산동","3030","3030","0000","남산자이하늘채","전세","84.8948","202507","21","35,000","0","9","2022","명덕로 33","202507~202707","신규","-","","","아파트"
"21702","대구광역시 중구 남산동","3020","3020","0000","남산롯데캐슬센트럴스카이","전세","84.9371","202507","21","40,000","0","12","2021","재마루길 77","202508~202708","신규","-","","","아파트"
"21703","대구광역시 동구 효목동","337","0337","0000","태왕메트로시티","월세","59.8500","202507","21","1,000","60","5","2003","동북로 500","202507~202707","신규","-","","","아파트"
"21704","대구광역시 서구 중리동","130","0130","0000","중리광명","전세","84.9600","202507","21","7,000","0","4","1983","평리로 215","202508~202708","신규","-","","","아파트"
"21705","대구광역시 중구 동인동1가","420","0420","0000","힐스테이트동인더스카이","전세","84.9962","202507","21","26,000","0","38","2025","태평로 240","202509~202708","신규","-","","","아파트"
"21706","대구광역시 동구 사복동","852","0852","0000","혁신도시서한e스테이","월세","59.5100","202507","21","4,072","20","1","2020","혁신대로 504","202509~202708","신규","-","","","아파트"
"21707","대구광역시 중구 동인동1가","420","0420","0000","힐스테이트동인더스카이","월세","84.9389","202507","21","3,000","110","27","2025","태평로 240","202507~202707","신규","-","","","아파트"
"21708","대구광역시 중구 동인동1가","420","0420","0000","힐스테이트동인더스카이","월세","84.9976","202507","21","3,000","115","22","2025","태평로 240","202507~202607","신규","-","","","아파트"
"21709","대구광역시 동구 신기동","576-1","0576","0001","화성","월세","59.7700","202507","21","1,000","50","1","1990","율하동로20길 20","202508~202708","신규","-","","","아파트"
"21710","대구광역시 동구 검사동","1111","1111","0000","동촌역태왕아너스르네상스","월세","75.8761","202507","21","1,000","85","4","2017","동촌로 100","202509~202708","신규","-","","","아파트"
"21711","대구광역시 동구 신암동","1894","1894","0000","동대구역골드클래스","월세","84.8824","202507","21","2,000","100","16","2024","신암남로 72","202509~202702","신규","-","","","아파트"
"21712","대구광역시 동구 신암동","1860","1860","0000","동대구역화성파크드림","월세","59.9936","202507","21","2,000","90","6","2023","동대구로 590","202509~202709","신규","-","","","아파트"
"21713","대구광역시 중구 대신동","1535","1535","0000","광명","월세","59.2400","202507","21","1,000","30","1","1979","큰장로 74","202507~202707","갱신","-","12,000","0","아파트"
"21714","대구광역시 남구 대명동","3062","3062","0000","앞산리슈빌앤리마크1단지","월세","84.9388","202507","21","10,600","62","4","2018","안지랑로 73","202509~202709","신규","-","","","아파트"
"21715","대구광역시 남구 대명동","3067","3067","0000","교대역하늘채뉴센트원","월세","39.6022","202507","21","18,600","4","7","2022","중앙대로 187","202510~202710","신규","-","","","아파트"
"21716","대구광역시 남구 대명동","3067","3067","0000","교대역하늘채뉴센트원","월세","39.6022","202507","21","18,600","4","7","2022","중앙대로 187","-","-","-","","","아파트"
"21717","대구광역시 남구 대명동","1638-5","1638","0005","용마맨션","월세","71.5700","202507","21","1,000","52","7","1979","대명로 145","202508~202708","신규","-","","","아파트"
"21718","대구광역시 서구 평리동","1497-44","1497","0044","서대구역서한이다음더퍼스트","전세","39.8388","202507","21","14,170","0","22","2023","국채보상로37길 38","202508~202708","갱신","-","13,500","0","아파트"
"21719","대구광역시 동구 방촌동","1150","1150","0000","방촌역태왕아너스","월세","84.9776","202507","21","2,000","90","2","2021","동촌로 255","202507~202707","신규","-","","","아파트"
"21720","대구광역시 서구 평리동","1497-44","1497","0044","서대구역서한이다음더퍼스트","전세","39.8388","202507","21","14,170","0","19","2023","국채보상로37길 38","202507~202707","갱신","사용","13,500","0","아파트"
"21721","대구광역시 서구 평리동","1497-44","1497","0044","서대구역서한이다음더퍼스트","전세","39.8388","202507","21","13,650","0","11","2023","국채보상로37길 38","202508~202708","갱신","사용","13,000","0","아파트"
"21722","대구광역시 동구 용계동","492-1","0492","0001","용계역푸르지오아츠베르2단지","전세","84.9900","202507","21","25,500","0","9","2023","화랑로108길 46","202508~202708","신규","-","","","아파트"
"21723","대구광역시 동구 신기동","557","0557","0000","신기모란3차","전세","49.9800","202507","20","13,000","0","3","1988","율하동로20길 31","202508~202708","신규","-","","","아파트"
"21724","대구광역시 동구 용계동","1064","1064","0000","율하시티프라디움","전세","84.9828","202507","20","22,000","0","11","2020","반야월로 35","202509~202709","신규","-","","","아파트"
"21725","대구광역시 서구 내당동","3333","3333","0000","두류역자이","전세","59.9708","202507","20","30,000","0","24","2025","달구벌대로 1769-7","202509~202709","신규","-","","","아파트"
"21726","대구광역시 동구 각산동","1061","1061","0000","대구혁신에듀포레","전세","84.7300","202507","20","22,000","0","8","2013","과학로 45","202507~202707","갱신","-","22,000","0","아파트"
"21727","대구광역시 동구 지묘동","1386","1386","0000","LH뉴웰시티","월세","59.9900","202507","20","2,500","65","13","2021","동화천로77길 30","202508~202708","신규","-","","","아파트"
"21728","대구광역시 남구 대명동","3079","3079","0000","힐스테이트대명센트럴(101,102동)","월세","84.5272","202507","20","2,000","110","18","2024","대명로 256","202507~202707","신규","-","","","아파트"
"21729","대구광역시 동구 지묘동","1337","1337","0000","대구연경아이파크","전세","84.9600","202507","20","23,000","0","16","2020","동화천로 369","202507~202707","신규","-","","","아파트"
"21730","대구광역시 동구 신암동","1860","1860","0000","동대구역화성파크드림","전세","59.9936","202507","20","28,000","0","13","2023","동대구로 590","202509~202709","신규","-","","","아파트"
"21731","대구광역시 중구 동인동3가","414","0414","0000","엑소디움센트럴동인","월세","59.8670","202507","20","2,000","100","23","2023","국채보상로139길 40","202508~202708","신규","-","","","아파트"
"21732","대구광역시 동구 신서동","538-1","0538","0001","동화해오름타운","월세","58.2340","202507","20","1,000","55","2","2003","동호로 89","202507~202607","신규","-","","","아파트"
"21733","대구광역시 동구 용계동","575-12","0575","0012","용계역푸르지오아츠베르1단지","전세","84.9900","202507","20","25,000","0","12","2023","화랑로108길 42","202510~202710","신규","-","","","아파트"
"21734","대구광역시 동구 효목동","1331","1331","0000","동대구푸르지오브리센트","월세","84.9712","202507","20","3,000","100","12","2024","효목로5길 55","202507~202607","신규","-","","","아파트"
"21735","대구광역시 서구 내당동","3333","3333","0000","두류역자이","전세","59.9708","202507","20","25,000","0","19","2025","달구벌대로 1769-7","202509~202709","신규","-","","","아파트"
"21736","대구광역시 동구 용계동","575-12","0575","0012","용계역푸르지오아츠베르1단지","전세","84.9900","202507","20","25,000","0","12","2023","화랑로108길 42","202510~202710","갱신","-","25,000","0","아파트"
"21737","대구광역시 동구 신천동","1514","1514","0000","동대구역더샵센터시티","월세","84.9185","202507","20","3,000","115","18","2022","동부로19길 18","202508~202708","신규","-","","","아파트"
"21738","대구광역시 서구 내당동","3333","3333","0000","두류역자이","전세","84.9503","202507","20","40,000","0","10","2025","달구벌대로 1769-7","202509~202709","신규","-","","","아파트"
"21739","대구광역시 중구 동인동3가","414","0414","0000","엑소디움센트럴동인","월세","59.9691","202507","20","2,500","90","18","2023","국채보상로139길 40","202508~202708","신규","-","","","아파트"
"21740","대구광역시 동구 신암동","1860","1860","0000","동대구역화성파크드림","전세","59.9936","202507","20","28,000","0","13","2023","동대구로 590","-","-","-","","","아파트"
"21741","대구광역시 동구 효목동","1331","1331","0000","동대구푸르지오브리센트","전세","84.9712","202507","20","27,000","0","9","2024","효목로5길 55","202508~202708","신규","-","","","아파트"
"21742","대구광역시 동구 신암동","1846","1846","0000","동대구에일린의뜰","전세","84.9204","202507","20","29,000","0","12","2021","아양로9길 35","202510~202709","신규","-","","","아파트"
"21743","대구광역시 달성군 유가읍 봉리","605","0605","0000","호반베르디움","전세","84.8561","202507","20","25,000","0","15","2016","테크노대로5길 58","202508~202808","신규","-","","","아파트"
"21744","대구광역시 수성구 노변동","742","0742","0000","수성알파시티청아람","전세","59.9460","202507","20","26,000","0","13","2021","알파시티2로 96","202509~202709","신규","-","","","아파트"
"21745","대구광역시 달서구 장기동","809","0809","0000","영남네오빌","전세","122.9918","202507","20","28,000","0","5","2004","한들로 36","202509~202708","신규","-","","","아파트"
"21746","대구광역시 달서구 성당동","726-1","0726","0001","성남","월세","41.7200","202507","20","200","15","1","1978","장기로 116","202507~202607","신규","-","","","아파트"
"21747","대구광역시 달서구 상인동","1557","1557","0000","상인평광맨션","월세","59.9100","202507","20","1,000","45","10","1993","상인서로 3","202508~202708","신규","-","","","아파트"
"21748","대구광역시 달성군 다사읍 세천리","1566-2","1566","0002","세천삼정그린코아더베스트아파트2단지","월세","75.5392","202507","20","2,000","70","18","2017","세천북로 20","202508~202708","신규","-","","","아파트"
"21749","대구광역시 달서구 도원동","1442","1442","0000","별메마을","월세","49.6700","202507","20","1,000","42","8","1996","도원로 46","202508~202708","신규","-","","","아파트"
"21750","대구광역시 달성군 구지면 창리","1354","1354","0000","대구국가산단영무예다음","월세","84.9966","202507","20","3,000","60","22","2020","국가산단서로84길 118","202507~202707","신규","-","","","아파트"
"21751","대구광역시 달서구 호산동","350","0350","0000","삼성한국형","월세","59.9140","202507","20","500","60","16","1999","호산로 126","202507~202707","신규","-","","","아파트"
"21752","대구광역시 달성군 구지면 창리","1434","1434","0000","대구국가산단디에트르더센트럴","월세","76.6195","202507","20","3,000","50","19","2021","국가산단대로70길 17","202508~202610","신규","-","","","아파트"
"21753","대구광역시 달서구 도원동","1442","1442","0000","별메마을","월세","37.6700","202507","20","1,000","38","14","1996","도원로 46","202508~202708","신규","-","","","아파트"
"21754","대구광역시 달서구 이곡동","1191","1191","0000","성서보성화성타운","월세","59.9500","202507","20","500","55","1","1994","계대동문로 99","202507~202707","신규","-","","","아파트"
"21755","대구광역시 달서구 월성동","500","0500","0000","월성청구타운","전세","134.9900","202507","20","25,650","0","1","1999","학산로2길 24","202507~202607","갱신","-","27,000","0","아파트"
"21756","대구광역시 달서구 파호동","89","0089","0000","삼성명가타운","전세","84.9400","202507","20","18,000","0","3","2000","호산로 125","202509~202709","신규","-","","","아파트"
"21757","대구광역시 달성군 구지면 창리","1447","1447","0000","모아미래도에듀퍼스트","월세","77.7752","202507","20","2,000","60","10","2021","국가산단대로70길 42","202509~202709","신규","-","","","아파트"
"21758","대구광역시 달서구 본동","747","0747","0000","빌리브클라쎄","전세","84.5900","202507","20","27,000","0","31","2023","와룡로 41","202509~202709","갱신","사용","26,000","0","아파트"
"21759","대구광역시 달서구 신당동","1846","1846","0000","성서주공2","월세","37.6700","202507","20","500","45","3","1995","신당로 55","202508~202707","신규","-","","","아파트"
"21760","대구광역시 달성군 다사읍 세천리","1587","1587","0000","현대썬앤빌대구","월세","65.2584","202507","20","2,000","60","14","2017","세천로 182-10","202507~202707","갱신","-","2,000","60","아파트"
"21761","대구광역시 북구 관음동","1383-1","1383","0001","칠곡동화타운","월세","59.9037","202507","20","1,000","55","5","2000","칠곡중앙대로95길 12","202508~202708","신규","-","","","아파트"
"21762","대구광역시 북구 태전동","206-10","0206","0010","태전역더뉴클래스","월세","49.3211","202507","20","1,000","60","7","2016","태전로 1","202509~202709","신규","-","","","아파트"
"21763","대구광역시 북구 태전동","1244","1244","0000","대구태전역광신프로그레스","전세","59.7340","202507","20","16,800","0","13","2023","태전로7길 34","202508~202708","신규","-","","","아파트"
"21764","대구광역시 북구 태전동","1244","1244","0000","대구태전역광신프로그레스","월세","59.7340","202507","20","1,000","75","3","2023","태전로7길 34","202509~202709","신규","-","","","아파트"
"21765","대구광역시 북구 연경동","931","0931","0000","연경우방아이유쉘더포레스트","전세","84.9667","202507","20","23,000","0","14","2020","연경중앙로11길 33","202508~202708","신규","-","","","아파트"
"21766","대구광역시 수성구 범어동","2272","2272","0000","범어에일린의뜰","전세","72.9621","202507","20","35,000","0","5","2021","청솔로14길 15","202509~202709","신규","-","","","아파트"
"21767","대구광역시 북구 구암동","695","0695","0000","칠곡한라타운2","전세","59.7000","202507","20","11,550","0","1","1995","구암로 170","202508~202508","갱신","-","11,550","0","아파트"
"21768","대구광역시 북구 구암동","695","0695","0000","칠곡한라타운2","전세","59.7000","202507","20","11,550","0","1","1995","구암로 170","202507~202508","갱신","-","11,550","0","아파트"
"21769","대구광역시 북구 읍내동","1452","1452","0000","강북태왕아너스더퍼스트","전세","84.9507","202507","20","27,000","0","4","2021","칠곡중앙대로110길 10","202508~202708","신규","-","","","아파트"
"21770","대구광역시 북구 읍내동","1452","1452","0000","강북태왕아너스더퍼스트","전세","84.9507","202507","20","27,000","0","4","2021","칠곡중앙대로110길 10","202508~202708","신규","-","","","아파트"
"21771","대구광역시 북구 읍내동","1452","1452","0000","강북태왕아너스더퍼스트","전세","84.9507","202507","20","29,300","0","15","2021","칠곡중앙대로110길 10","202508~202708","신규","-","","","아파트"
"21772","대구광역시 북구 읍내동","1452","1452","0000","강북태왕아너스더퍼스트","전세","84.9507","202507","20","27,000","0","4","2021","칠곡중앙대로110길 10","202508~202708","신규","-","","","아파트"
"21773","대구광역시 수성구 수성동1가","890","0890","0000","더샵수성오클레어","월세","50.6648","202507","20","2,000","68","9","2023","희망로19길 29","202507~202707","신규","-","","","아파트"
"21774","대구광역시 북구 복현동","694","0694","0000","복현푸르지오","월세","84.9989","202507","20","2,000","90","3","2013","동북로 345","202508~202708","신규","-","","","아파트"
"21775","대구광역시 북구 복현동","539-113","0539","0113","복현청구타운","월세","84.9600","202507","20","1,000","58","4","1996","검단로 34","202507~202707","갱신","-","1,000","55","아파트"
"21776","대구광역시 수성구 상동","555","0555","0000","수성동일하이빌레이크시티","전세","118.9060","202507","20","50,000","0","7","2009","수성로 71","202508~202708","신규","-","","","아파트"
"21777","대구광역시 수성구 지산동","1766","1766","0000","더샵수성라크에르","전세","84.9397","202507","20","27,300","0","6","2024","지산로3길 33","202508~202708","갱신","-","26,000","0","아파트"
"21778","대구광역시 수성구 지산동","1766","1766","0000","더샵수성라크에르","전세","84.9397","202507","20","27,300","0","6","2024","지산로3길 33","202508~202708","갱신","-","26,000","0","아파트"
"21779","대구광역시 수성구 지산동","1297-3","1297","0003","지산서한이다음아파트","전세","54.1200","202507","20","12,500","0","14","1991","용학로 313","202507~202707","갱신","-","15,000","0","아파트"
"21780","대구광역시 수성구 시지동","41","0041","0000","시지월드메르디앙","월세","71.6206","202507","20","1,000","90","21","2009","천을로 70","202508~202708","신규","-","","","아파트"
"21781","대구광역시 수성구 매호동","1055","1055","0000","시지협화타운2","월세","59.9300","202507","19","1,000","54","2","1996","천을로 181","202508~202708","신규","-","","","아파트"
"21782","대구광역시 수성구 수성동3가","289","0289","0000","수성코오롱하늘채","전세","127.0598","202507","19","60,000","0","5","2009","들안로 300","202510~202710","신규","-","","","아파트"
"21783","대구광역시 수성구 범물동","1261","1261","0000","범물하이츠","전세","41.8500","202507","19","8,000","0","10","1992","용학로 336","202509~202709","신규","-","","","아파트"
"21784","대구광역시 수성구 지산동","1297-3","1297","0003","지산서한이다음아파트","전세","59.5600","202507","19","14,000","0","5","1991","용학로 313","202509~202709","신규","-","","","아파트"
"21785","대구광역시 수성구 사월동","464","0464","0000","사월보성","전세","134.9600","202507","19","25,000","0","20","1996","욱수천로 133","202510~202710","신규","-","","","아파트"
"21786","대구광역시 수성구 사월동","464","0464","0000","사월보성","월세","84.9900","202507","19","2,000","78","2","1996","욱수천로 133","202508~202708","신규","-","","","아파트"
"21787","대구광역시 수성구 만촌동","1483","1483","0000","만촌삼정그린코아에듀파크","전세","75.9909","202507","19","40,000","0","5","2019","교학로 65","202508~202708","갱신","사용","45,000","0","아파트"
"21788","대구광역시 수성구 지산동","1766","1766","0000","더샵수성라크에르","전세","59.8476","202507","19","19,950","0","1","2024","지산로3길 33","202508~202708","갱신","사용","19,000","0","아파트"
"21789","대구광역시 수성구 지산동","1766","1766","0000","더샵수성라크에르","월세","59.8476","202507","19","1,000","95","3","2024","지산로3길 33","202508~202708","신규","-","","","아파트"
"21790","대구광역시 수성구 지산동","1766","1766","0000","더샵수성라크에르","전세","59.8476","202507","19","22,000","0","5","2024","지산로3길 33","202507~202707","갱신","사용","21,000","0","아파트"
"21791","대구광역시 북구 침산동","341-1","0341","0001","현대","월세","59.5575","202507","19","2,000","55","10","1996","침산로 163","202508~202708","신규","-","","","아파트"
"21792","대구광역시 수성구 수성동4가","1090-6","1090","0006","수성보성","전세","59.9700","202507","19","20,000","0","12","1996","수성로 412","202509~202709","신규","-","","","아파트"
"21793","대구광역시 수성구 범물동","697-1","0697","0001","보성송정타운","전세","134.9200","202507","19","22,000","0","8","1995","지범로46길 43","202507~202707","신규","-","","","아파트"
"21794","대구광역시 수성구 시지동","499","0499","0000","노변다숲","월세","59.7300","202507","19","1,000","50","4","1996","노변공원로 34","202508~202708","신규","-","","","아파트"
"21795","대구광역시 수성구 사월동","464","0464","0000","사월보성","전세","134.9600","202507","19","25,000","0","20","1996","욱수천로 133","202510~202710","신규","-","","","아파트"
"21796","대구광역시 수성구 시지동","509","0509","0000","노변동서우방","전세","115.4100","202507","19","25,000","0","10","1996","노변공원로 22","202510~202710","신규","-","","","아파트"
"21797","대구광역시 수성구 파동","1034","1034","0000","수성더팰리스푸르지오더샵","월세","59.7760","202507","19","800","80","3","2023","파동로 188","202507~202602","갱신","-","2,000","80","아파트"
"21798","대구광역시 북구 서변동","1795","1795","0000","동서변월드메르디앙","월세","84.9700","202507","19","2,000","75","1","2005","서변로 26","202508~202708","신규","-","","","아파트"
"21799","대구광역시 북구 검단동","1128-3","1128","0003","민들레","전세","59.9400","202507","19","8,000","0","13","1991","검단로 255","202507~202707","신규","-","","","아파트"
"21800","대구광역시 수성구 만촌동","1489","1489","0000","만촌자이르네","월세","84.8723","202507","19","3,000","170","6","2023","교학로19길 19","202508~202610","신규","-","","","아파트"
"21801","대구광역시 북구 동변동","682","0682","0000","유니버시아드선수촌2단지","전세","73.2815","202507","19","15,000","0","2","2003","동변로 24","202509~202709","신규","-","","","아파트"
"21802","대구광역시 수성구 신매동","263","0263","0000","태왕하이츠1","전세","59.9844","202507","19","16,000","0","18","2000","달구벌대로647길 16","202508~202708","신규","-","","","아파트"
"21803","대구광역시 수성구 신매동","263","0263","0000","태왕하이츠1","전세","59.9844","202507","19","16,000","0","18","2000","달구벌대로647길 16","202508~202708","신규","-","","","아파트"
"21804","대구광역시 수성구 신매동","263","0263","0000","태왕하이츠1","전세","59.9844","202507","19","16,000","0","18","2000","달구벌대로647길 16","202507~202707","신규","-","","","아파트"
"21805","대구광역시 수성구 범물동","697-1","0697","0001","보성송정타운","월세","59.9600","202507","19","5,000","30","4","1995","지범로46길 43","202508~202708","신규","-","","","아파트"
"21806","대구광역시 수성구 범어동","2264","2264","0000","힐스테이트범어","전세","84.9218","202507","19","70,000","0","15","2020","범어로18길 22","202509~202709","신규","-","","","아파트"
"21807","대구광역시 북구 산격동","1838","1838","0000","산격양우내안애","전세","84.9324","202507","19","19,000","0","4","2009","동북로 131","202508~202708","신규","-","","","아파트"
"21808","대구광역시 북구 산격동","1838","1838","0000","산격양우내안애","전세","84.9324","202507","19","19,000","0","4","2009","동북로 131","202508~202708","신규","-","","","아파트"
"21809","대구광역시 수성구 범어동","2264","2264","0000","힐스테이트범어","전세","74.8262","202507","19","60,000","0","14","2020","범어로18길 22","202509~202609","신규","-","","","아파트"
"21810","대구광역시 수성구 황금동","365","0365","0000","캐슬골드파크5단지","월세","116.8200","202507","19","2,000","133","4","2006","청수로 214","202509~202709","신규","-","","","아파트"
"21811","대구광역시 북구 산격동","1838","1838","0000","산격양우내안애","월세","84.9552","202507","19","2,000","80","18","2009","동북로 131","202509~202709","신규","-","","","아파트"
"21812","대구광역시 수성구 만촌동","1037-7","1037","0007","만촌동월드메르디앙","전세","106.1101","202507","19","38,000","0","16","2007","달구벌대로 2583","202508~202708","신규","-","","","아파트"
"21813","대구광역시 북구 침산동","1750","1750","0000","침산동2차쌍용예가","전세","84.9428","202507","19","21,000","0","7","2013","성북로9길 12","202507~202707","갱신","사용","20,000","0","아파트"
"21814","대구광역시 수성구 수성동4가","1090-6","1090","0006","수성보성","전세","49.2100","202507","19","17,000","0","14","1996","수성로 412","202509~202709","신규","-","","","아파트"
"21815","대구광역시 북구 복현동","701","0701","0000","복현3차서한이다음","월세","84.5621","202507","19","2,000","90","15","2016","복현로 130","202507~202707","갱신","-","2,000","42","아파트"
"21816","대구광역시 북구 복현동","60","0060","0000","동서성화","전세","60.5200","202507","19","10,000","0","1","1989","복현로 114-18","202508~202708","신규","-","","","아파트"
"21817","대구광역시 북구 복현동","160-7","0160","0007","복현서한2","월세","59.7500","202507","19","1,000","50","2","1998","공항로15길 8","202508~202708","신규","-","","","아파트"
"21818","대구광역시 수성구 범어동","314-2","0314","0002","을지맨션","월세","113.8200","202507","19","3,000","90","10","1987","달구벌대로496길 88","202508~202708","신규","-","","","아파트"
"21819","대구광역시 북구 복현동","60","0060","0000","동서성화","전세","60.5200","202507","19","10,000","0","1","1989","복현로 114-18","-","-","-","","","아파트"
"21820","대구광역시 수성구 범어동","305-3","0305","0003","서한두레","월세","84.9250","202507","19","3,000","100","15","1993","달구벌대로496길 72","202508~202708","신규","-","","","아파트"
"21821","대구광역시 수성구 범어동","2257","2257","0000","범어센트럴푸르지오","전세","84.9930","202507","19","45,500","0","7","2019","상록로 15","202510~202710","신규","-","","","아파트"
"21822","대구광역시 동구 사복동","838","0838","0000","대구혁신엘에이치이노힐즈","전세","84.9800","202507","19","21,000","0","14","2015","메디밸리로 35","202508~202708","신규","-","","","아파트"
"21823","대구광역시 동구 신암동","1852","1852","0000","동대구해모로스퀘어웨스트","월세","76.7437","202507","19","2,000","95","7","2023","동북로 340","202508~202708","신규","-","","","아파트"
"21824","대구광역시 동구 율하동","1020","1020","0000","율하뜨란채","월세","59.9900","202507","19","11,000","26","3","1997","율하동로 67","202507~202707","갱신","-","11,000","26","아파트"
"21825","대구광역시 동구 율하동","1093","1093","0000","우방아이유쉘","전세","84.9917","202507","19","20,000","0","12","2013","금호강변로3길 22","202508~202708","신규","-","","","아파트"
"21826","대구광역시 서구 평리동","1680","1680","0000","평리푸르지오","월세","84.9203","202507","19","1,000","83","2","2011","국채보상로50길 20","202508~202608","신규","-","","","아파트"
"21827","대구광역시 중구 삼덕동3가","383","0383","0000","삼덕청아람","전세","84.7528","202507","19","32,000","0","7","2013","달구벌대로447길 77","202510~202710","신규","-","","","아파트"
"21828","대구광역시 중구 삼덕동3가","383","0383","0000","삼덕청아람","전세","59.9890","202507","19","27,000","0","19","2013","달구벌대로447길 77","202509~202709","신규","-","","","아파트"
"21829","대구광역시 동구 신암동","1833","1833","0000","이안동대구","전세","84.8717","202507","19","26,000","0","11","2018","송라로28길 14","202508~202708","갱신","사용","25,000","0","아파트"
"21830","대구광역시 중구 태평로3가","211-1","0211","0001","힐스테이트대구역퍼스트2차","월세","84.6679","202507","19","11,000","45","37","2025","태평로 101","202509~202709","신규","-","","","아파트"
"21831","대구광역시 동구 신천동","1514","1514","0000","동대구역더샵센터시티","전세","84.7758","202507","19","32,000","0","8","2022","동부로19길 18","202508~202708","신규","-","","","아파트"
"21832","대구광역시 서구 내당동","3333","3333","0000","두류역자이","전세","84.9723","202507","19","34,500","0","43","2025","달구벌대로 1769-7","202509~202908","신규","-","","","아파트"
"21833","대구광역시 서구 내당동","3333","3333","0000","두류역자이","전세","84.9723","202507","19","34,500","0","43","2025","달구벌대로 1769-7","-","-","-","","","아파트"
"21834","대구광역시 중구 수창동","173","0173","0000","대구역센트럴자이","전세","72.8353","202507","19","26,000","0","26","2017","서성로 99","202511~202711","신규","-","","","아파트"
"21835","대구광역시 동구 각산동","1061","1061","0000","대구혁신에듀포레","월세","74.9000","202507","19","2,000","70","9","2013","과학로 45","202509~202709","신규","-","","","아파트"
"21836","대구광역시 동구 각산동","1030","1030","0000","대구혁신도시서한이다음2차","전세","69.4546","202507","19","19,000","0","4","2015","이노밸리로29길 34","202508~202708","갱신","사용","19,000","0","아파트"
"21837","대구광역시 동구 각산동","1061","1061","0000","대구혁신에듀포레","전세","84.7300","202507","19","20,000","0","4","2013","과학로 45","202508~202708","신규","-","","","아파트"
"21838","대구광역시 동구 각산동","1029","1029","0000","대구혁신도시서한이다음","전세","73.7000","202507","19","21,000","0","11","2015","이노밸리로29길 56","202509~202709","신규","-","","","아파트"
"21839","대구광역시 중구 태평로1가","1-187","0001","0187","태평라이프","월세","54.6000","202507","19","5,000","15","10","1985","태평로 177","202508~202708","신규","-","","","아파트"
"21840","대구광역시 동구 불로동","962","0962","0000","불로서한이다음","월세","75.1200","202507","19","1,500","70","7","2016","공항로 148","202507~202707","신규","-","","","아파트"
"21841","대구광역시 동구 신천동","551-23","0551","0023","신천가람타운","월세","59.9100","202507","19","1,000","60","17","1997","신암로16길 33","202509~202709","신규","-","","","아파트"
"21842","대구광역시 동구 신천동","1518","1518","0000","동대구역센트럴시티자이","월세","84.9866","202507","19","3,000","120","12","2022","송라로10길 33","202508~202708","신규","-","","","아파트"
"21843","대구광역시 동구 각산동","1029","1029","0000","대구혁신도시서한이다음","전세","73.7000","202507","19","21,000","0","11","2015","이노밸리로29길 56","202509~202709","신규","-","","","아파트"
"21844","대구광역시 동구 신서동","823-7","0823","0007","신서그린빌","전세","59.8900","202507","19","12,000","0","8","2001","반야월북로 251","202508~202708","신규","-","","","아파트"
"21845","대구광역시 남구 이천동","551-1","0551","0001","이천뜨란채2단지","전세","59.9900","202507","19","16,000","0","1","2002","희망로 57","202508~202708","신규","-","","","아파트"
"21846","대구광역시 동구 대림동","885","0885","0000","대구혁신도시서한이다음3차","월세","78.8497","202507","19","2,000","75","12","2016","혁신대로 443","202508~202708","신규","-","","","아파트"
"21847","대구광역시 동구 신암동","1870","1870","0000","해링턴플레이스동대구","전세","84.9712","202507","19","24,000","0","6","2024","경대로 126","202508~202708","갱신","사용","23,000","0","아파트"
"21848","대구광역시 남구 대명동","3067","3067","0000","교대역하늘채뉴센트원","전세","74.7212","202507","19","28,000","0","16","2022","중앙대로 187","202508~202708","신규","-","","","아파트"
"21849","대구광역시 중구 남산동","2937-1","2937","0001","남산그린타운","월세","69.2406","202507","19","2,000","70","5","2005","달구벌대로 1950","202509~202709","신규","-","","","아파트"
"21850","대구광역시 중구 남산동","3049","3049","0000","청라힐스자이","월세","84.8688","202507","19","10,000","85","3","2023","남산로 73","202508~202708","신규","-","","","아파트"
"21851","대구광역시 중구 동인동1가","420","0420","0000","힐스테이트동인더스카이","월세","84.9389","202507","19","2,000","110","19","2025","태평로 240","202507~202707","신규","-","","","아파트"
"21852","대구광역시 중구 동인동1가","420","0420","0000","힐스테이트동인더스카이","월세","84.9962","202507","19","2,000","110","16","2025","태평로 240","202507~202707","신규","-","","","아파트"
"21853","대구광역시 중구 동인동1가","420","0420","0000","힐스테이트동인더스카이","전세","84.9928","202507","19","26,000","0","38","2025","태평로 240","202507~202707","신규","-","","","아파트"
"21854","대구광역시 중구 동인동1가","420","0420","0000","힐스테이트동인더스카이","전세","84.9389","202507","19","27,000","0","42","2025","태평로 240","202507~202707","신규","-","","","아파트"
"21855","대구광역시 중구 동인동1가","420","0420","0000","힐스테이트동인더스카이","월세","84.9976","202507","19","2,000","100","24","2025","태평로 240","202508~202708","신규","-","","","아파트"
"21856","대구광역시 중구 남산동","3006","3006","0000","반월당효성해링턴플레이스","전세","84.9711","202507","19","29,500","0","8","2014","중앙대로66길 20","202507~202707","갱신","-","28,000","0","아파트"
"21857","대구광역시 북구 칠성동2가","715","0715","0000","대구역 서희스타힐스","전세","74.9300","202507","19","20,475","0","10","2012","칠성남로 101","202508~202708","갱신","사용","19,500","0","아파트"
"21858","대구광역시 서구 내당동","2346","2346","0000","e편한세상두류역","전세","59.9891","202507","19","25,000","0","11","2022","달구벌대로361길 41","202510~202709","신규","-","","","아파트"
"21859","대구광역시 서구 내당동","2346","2346","0000","e편한세상두류역","월세","84.9286","202507","19","3,000","100","13","2022","달구벌대로361길 41","202508~202708","신규","-","","","아파트"
"21860","대구광역시 서구 내당동","308-11","0308","0011","삼익뉴타운","전세","46.1350","202507","19","8,500","0","9","1981","평리로 236","202509~202709","신규","-","","","아파트"
"21861","대구광역시 서구 내당동","3333","3333","0000","두류역자이","월세","59.9708","202507","19","3,000","95","17","2025","달구벌대로 1769-7","202509~202709","신규","-","","","아파트"
"21862","대구광역시 북구 칠성동2가","715","0715","0000","대구역 서희스타힐스","전세","74.9300","202507","19","20,475","0","10","2012","칠성남로 101","-","-","-","","","아파트"
"21863","대구광역시 북구 칠성동2가","715","0715","0000","대구역 서희스타힐스","전세","84.4900","202507","19","26,000","0","4","2012","칠성남로 101","202507~202707","신규","-","","","아파트"
"21864","대구광역시 남구 봉덕동","1329","1329","0000","앞산보성","월세","84.9600","202507","19","1,000","50","2","1984","삼정2길 99","202507~202707","신규","-","","","아파트"
"21865","대구광역시 동구 용계동","1060","1060","0000","율하역엘크루","전세","74.9638","202507","19","18,000","0","2","2015","안심로7길 7","202510~202710","신규","-","","","아파트"
"21866","대구광역시 달서구 본동","747","0747","0000","빌리브클라쎄","월세","84.5900","202507","19","2,000","100","7","2023","와룡로 41","202509~202709","신규","-","","","아파트"
"21867","대구광역시 달성군 구지면 화산리","1105","1105","0000","대구국가산단반도유보라아이비파크3","월세","74.2629","202507","19","1,000","60","20","2020","국가산단북로34길 10","-","-","-","","","아파트"
"21868","대구광역시 달성군 구지면 창리","1434","1434","0000","대구국가산단디에트르더센트럴","전세","76.4927","202507","19","15,500","0","11","2021","국가산단대로70길 17","202508~202708","신규","-","","","아파트"
"21869","대구광역시 달성군 구지면 응암리","1210","1210","0000","과학마을청아람","전세","39.9160","202507","19","10,350","0","10","2016","과학마을로 70","202508~202708","신규","-","","","아파트"
"21870","대구광역시 중구 대봉동","760","0760","0000","더샵리비테르2차","전세","84.9836","202507","19","30,000","0","25","2022","대봉로43길 22","202508~202708","신규","-","","","아파트"
"21871","대구광역시 달성군 옥포읍 강림리","1099","1099","0000","LH허브시티","월세","51.4600","202507","19","2,000","42","3","2015","비슬로 1941","202507~202707","갱신","사용","2,000","45","아파트"
"21872","대구광역시 수성구 욱수동","130","0130","0000","시지5태왕하이츠","월세","80.8508","202507","19","2,000","80","18","2004","욱수천로 7","202509~202709","신규","-","","","아파트"
"21873","대구광역시 달서구 용산동","412-1","0412","0001","세븐하이츠","월세","59.9900","202507","19","1,000","50","15","1997","성지로 12","202509~202708","신규","-","","","아파트"
"21874","대구광역시 달서구 용산동","414-4","0414","0004","성서6주공","월세","59.9900","202507","19","1,000","50","11","1997","성지로 35","202508~202708","신규","-","","","아파트"
"21875","대구광역시 달성군 옥포읍 교항리","2984","2984","0000","옥포지구서한이다음","월세","59.9900","202507","19","1,000","50","10","2020","돌미로6길 5","202507~202607","신규","-","","","아파트"
"21876","대구광역시 달서구 상인동","113","0113","0000","상인e-편한세상1단지","전세","84.7626","202507","19","28,000","0","4","2008","월서로 14","202509~202709","신규","-","","","아파트"
"21877","대구광역시 달서구 상인동","1517","1517","0000","상인영남화성타운","전세","59.9400","202507","19","14,000","0","16","1993","상인서로 76","202507~202707","갱신","-","16,000","0","아파트"
"21878","대구광역시 달서구 이곡동","1191","1191","0000","성서보성화성타운","월세","59.9500","202507","19","1,000","55","2","1994","계대동문로 99","202508~202708","신규","-","","","아파트"
"21879","대구광역시 달성군 화원읍 천내리","918","0918","0000","화원이진캐스빌","월세","71.0418","202507","19","2,000","80","37","2017","비슬로 2545","202509~202709","신규","-","","","아파트"
"21880","대구광역시 달성군 유가읍 봉리","625","0625","0000","제일풍경채센트럴","전세","84.9828","202507","19","19,950","0","7","2016","테크노대로 165","202510~202710","갱신","사용","19,000","0","아파트"
"21881","대구광역시 달성군 유가읍 봉리","622","0622","0000","힐데스하임아파트","전세","71.9030","202507","19","18,000","0","16","2015","테크노북로9길 42","202509~202709","신규","-","","","아파트"
"21882","대구광역시 달성군 유가읍 봉리","660","0660","0000","예미지더센트럴","전세","115.8207","202507","19","41,000","0","7","2023","테크노북로 260","202509~202709","신규","-","","","아파트"
"21883","대구광역시 달성군 유가읍 봉리","605","0605","0000","호반베르디움","월세","64.6191","202507","19","2,000","70","15","2016","테크노대로5길 58","202508~202708","신규","-","","","아파트"
"21884","대구광역시 달성군 화원읍 구라리","1687","1687","0000","화원삼우청솔","월세","42.8800","202507","19","1,000","37","11","1997","비슬로539길 17","202508~202708","신규","-","","","아파트"
"21885","대구광역시 달서구 감삼동","702","0702","0000","삼정브리티시용산","전세","84.3812","202507","19","23,000","0","11","2013","달구벌대로 1530","202508~202708","신규","-","","","아파트"
"21886","대구광역시 달서구 유천동","597","0597","0000","진천역AK그랑폴리스","전세","84.9663","202507","19","27,000","0","3","2013","월배로11길 33","202508~202708","신규","-","","","아파트"
"21887","대구광역시 달서구 유천동","612","0612","0000","대구월배2차아이파크","월세","59.7565","202507","19","2,000","88","13","2016","월배로5길 76","202508~202708","갱신","-","2,000","88","아파트"
"21888","대구광역시 달서구 유천동","605","0605","0000","현대아이파크","전세","59.9294","202507","19","23,000","0","24","2015","조암남로 182","202507~202807","갱신","-","22,000","0","아파트"
"21889","대구광역시 달서구 유천동","612","0612","0000","대구월배2차아이파크","전세","84.2245","202507","19","29,000","0","6","2016","월배로5길 76","202509~202708","갱신","-","3,000","100","아파트"
"21890","대구광역시 달서구 대곡동","1126","1126","0000","수목원서한이다음","월세","101.8700","202507","19","2,000","100","2","2018","한실로6길 123","202508~202708","신규","-","","","아파트"
"21891","대구광역시 달성군 현풍읍 중리","480","0480","0000","대구테크노폴리스남해오네뜨1차","월세","59.9573","202507","19","1,000","65","8","2015","테크노북로4길 11","202508~202708","신규","-","","","아파트"
"21892","대구광역시 달성군 현풍읍 중리","480","0480","0000","대구테크노폴리스남해오네뜨1차","월세","59.9573","202507","19","1,000","65","8","2015","테크노북로4길 11","202508~202708","신규","-","","","아파트"
"21893","대구광역시 달서구 신당동","1846","1846","0000","성서주공2","월세","37.6700","202507","19","500","48","5","1995","신당로 55","202507~202707","신규","-","","","아파트"
"21894","대구광역시 달서구 본리동","76-1","0076","0001","성당래미안e-편한세상2단지","전세","77.0300","202507","19","19,000","0","7","2009","장기로 145","202508~202708","신규","-","","","아파트"
"21895","대구광역시 달성군 다사읍 매곡리","1582","1582","0000","다사역금호어울림센트럴","월세","84.9350","202507","19","2,000","120","21","2023","다사로 71","202507~202707","신규","-","","","아파트"
"21896","대구광역시 달성군 다사읍 매곡리","1568","1568","0000","죽곡삼정그린코아더베스트","월세","84.9650","202507","19","3,000","100","1","2018","다사로 50","202508~202708","신규","-","","","아파트"
"21897","대구광역시 달성군 다사읍 매곡리","1540","1540","0000","대실역동화아이위시","월세","84.9252","202507","19","2,000","79","14","2008","대실역북로 55","202510~202710","신규","-","","","아파트"
"21898","대구광역시 달서구 도원동","1429","1429","0000","한실들마을","전세","59.7600","202507","19","11,500","0","9","1996","한실로 49","202509~202709","신규","-","","","아파트"
"21899","대구광역시 달성군 다사읍 서재리","100","0100","0000","신성서화성파크드림","월세","84.8884","202507","19","1,000","65","5","2007","서재로27길 42","202507~202707","신규","-","","","아파트"
"21900","대구광역시 달성군 다사읍 서재리","100","0100","0000","신성서화성파크드림","월세","84.8884","202507","19","1,000","65","5","2007","서재로27길 42","202507~202707","신규","-","","","아파트"
"21901","대구광역시 달성군 다사읍 서재리","146-7","0146","0007","서재우방타운","전세","59.9100","202507","19","8,000","0","1","2002","서재로28길 39","202509~202709","신규","-","","","아파트"
"21902","대구광역시 달성군 옥포읍 교항리","2892","2892","0000","옥포이진캐스빌8단지","월세","84.9962","202507","19","2,000","70","8","2017","비슬로 2001","202508~202708","신규","-","","","아파트"
"21903","대구광역시 달서구 장기동","845","0845","0000","코오롱하늘채","전세","59.9156","202507","19","22,000","0","34","2019","용산로12길 77","202508~202708","갱신","사용","21,000","0","아파트"
"21904","대구광역시 달성군 유가읍 봉리","602","0602","0000","대구테크노폴리스4단지","월세","51.9800","202507","18","6,700","16","17","2017","테크노상업로 111","202507~202709","신규","-","","","아파트"
"21905","대구광역시 달서구 성당동","839","0839","0000","성당래미안e-편한세상3단지","월세","127.3100","202507","18","2,000","100","5","2009","장기로 127","202507~202707","신규","-","","","아파트"
"21906","대구광역시 달성군 구지면 응암리","1252","1252","0000","대구국가산단ZOOM파크","월세","84.3504","202507","18","1,000","60","5","2020","국가산단대로64길 63","202509~202709","신규","-","","","아파트"
"21907","대구광역시 달서구 월성동","777-2","0777","0002","월성월드메르디앙","전세","84.7153","202507","18","34,000","0","6","2009","조암로6길 19","202509~202801","신규","-","","","아파트"
"21908","대구광역시 달성군 다사읍 매곡리","1537","1537","0000","대실역청아람1단지","전세","59.9748","202507","18","19,000","0","16","2008","대실역북로 38","202508~202708","신규","-","","","아파트"
"21909","대구광역시 달서구 이곡동","1306-4","1306","0004","한빛마을(성서주공3차)","전세","59.9900","202507","18","10,000","0","18","1998","선원남로 99","202508~202708","신규","-","","","아파트"
"21910","대구광역시 달서구 신당동","1846","1846","0000","성서주공2","월세","37.6700","202507","18","500","38","12","1995","신당로 55","202508~202708","신규","-","","","아파트"
"21911","대구광역시 달성군 다사읍 매곡리","1582","1582","0000","다사역금호어울림센트럴","전세","84.9322","202507","18","32,000","0","23","2023","다사로 71","202509~202709","신규","-","","","아파트"
"21912","대구광역시 달서구 유천동","488","0488","0000","유천포스코더샵","전세","84.9258","202507","18","17,500","0","1","2006","달서대로 67","202507~202707","갱신","-","17,500","0","아파트"
"21913","대구광역시 달서구 이곡동","1258-3","1258","0003","대구성서4주공","월세","59.9900","202507","18","1,000","58","3","1996","성서동로 355-27","202508~202708","신규","-","","","아파트"
"21914","대구광역시 달성군 구지면 응암리","1199","1199","0000","대구국가산단반도유보라아이비파크","전세","84.9598","202507","18","13,100","0","9","2017","과학마을로3길 14","202507~202707","신규","-","","","아파트"
"21915","대구광역시 달성군 다사읍 서재리","1131","1131","0000","에코폴리스동화아이위시3차","월세","81.0530","202507","18","2,000","75","5","2017","서재로7길 25","202509~202709","신규","-","","","아파트"
"21916","대구광역시 달성군 다사읍 서재리","486","0486","0000","서재휴먼시아","월세","39.6800","202507","18","3,418","6","7","2010","서재로14길 2","202506~202708","신규","-","","","아파트"
"21917","대구광역시 달성군 다사읍 매곡리","1537","1537","0000","대실역청아람1단지","전세","59.9748","202507","18","19,000","0","16","2008","대실역북로 38","202508~202708","신규","-","","","아파트"
"21918","대구광역시 달서구 성당동","725","0725","0000","라일락","월세","84.9950","202507","18","2,000","30","3","1987","장기로26길 30","202508~202708","신규","-","","","아파트"
"21919","대구광역시 달성군 옥포읍 본리리","2590","2590","0000","미진이지비아","전세","74.4507","202507","18","15,000","0","20","2017","비슬로447길 56","202509~202709","신규","-","","","아파트"
"21920","대구광역시 달서구 상인동","1474","1474","0000","한양은하","전세","66.1600","202507","18","8,000","0","5","1989","상화북로 137","202508~202708","신규","-","","","아파트"
"21921","대구광역시 달성군 다사읍 매곡리","1552","1552","0000","죽곡푸르지오1단지","전세","117.7851","202507","18","36,000","0","8","2011","대실역북로 16","202511~202711","신규","-","","","아파트"
"21922","대구광역시 달서구 용산동","935","0935","0000","용산세광그린빌","월세","59.9700","202507","18","3,000","40","15","1999","용산서로 9","202507~202707","신규","-","","","아파트"
"21923","대구광역시 달서구 도원동","1457","1457","0000","산새마을","전세","58.1400","202507","18","9,500","0","7","1996","도원남로 40","202507~202707","신규","-","","","아파트"
"21924","대구광역시 달서구 도원동","1457","1457","0000","산새마을","전세","58.1400","202507","18","10,000","0","13","1996","도원남로 40","202508~202708","신규","-","","","아파트"
"21925","대구광역시 달서구 유천동","488","0488","0000","유천포스코더샵","월세","59.8653","202507","18","2,000","65","12","2006","달서대로 67","202506~202706","갱신","-","2,000","65","아파트"
"21926","대구광역시 달성군 다사읍 죽곡리","876","0876","0000","협성휴포레 죽곡","전세","106.9489","202507","18","35,000","0","4","2018","달구벌대로174길 50","202601~202801","신규","-","","","아파트"
"21927","대구광역시 수성구 노변동","742","0742","0000","수성알파시티청아람","전세","59.9949","202507","18","27,000","0","5","2021","알파시티2로 96","202508~202708","신규","-","","","아파트"
"21928","대구광역시 달서구 유천동","597","0597","0000","진천역AK그랑폴리스","전세","114.5513","202507","18","32,000","0","13","2013","월배로11길 33","202509~202709","신규","-","","","아파트"
"21929","대구광역시 달서구 성당동","839","0839","0000","성당래미안e-편한세상3단지","월세","127.3100","202507","18","2,000","100","5","2009","장기로 127","202507~202707","신규","-","","","아파트"
"21930","대구광역시 달서구 유천동","612","0612","0000","대구월배2차아이파크","월세","101.3601","202507","18","3,000","130","3","2016","월배로5길 76","202510~202607","신규","-","","","아파트"
"21931","대구광역시 달서구 월성동","270","0270","0000","월성주공4단지","월세","41.3000","202507","18","5,000","10","10","1992","구마로14남길 55","202507~202707","신규","-","","","아파트"
"21932","대구광역시 달성군 유가읍 봉리","625","0625","0000","제일풍경채센트럴","월세","84.9348","202507","18","6,000","70","6","2016","테크노대로 165","202508~202512","신규","-","","","아파트"
"21933","대구광역시 달성군 유가읍 봉리","622","0622","0000","힐데스하임아파트","전세","71.9030","202507","18","16,500","0","1","2015","테크노북로9길 42","202508~202708","신규","-","","","아파트"
"21934","대구광역시 달성군 유가읍 봉리","604","0604","0000","남해오네뜨2차","전세","84.9968","202507","18","14,900","0","19","2016","테크노대로5길 57","202509~202708","갱신","-","14,900","0","아파트"
"21935","대구광역시 북구 읍내동","1366-1","1366","0001","공작한양","월세","83.0050","202507","18","10,000","20","1","1993","구암로21길 38","202508~202708","신규","-","","","아파트"
"21936","대구광역시 수성구 황금동","365","0365","0000","캐슬골드파크2단지","월세","129.5300","202507","18","5,000","180","8","2006","청수로 235","202511~202710","신규","-","","","아파트"
"21937","대구광역시 수성구 황금동","985","0985","0000","힐스테이트황금동","월세","111.1863","202507","18","5,000","160","17","2018","청수로 274","202507~202707","신규","-","","","아파트"
"21938","대구광역시 수성구 범물동","1328","1328","0000","서한화성타운","월세","65.9700","202507","18","1,000","60","13","1992","지범로40길 11","202508~202708","신규","-","","","아파트"
"21939","대구광역시 수성구 수성동1가","269-1","0269","0001","수성서한이다음","월세","116.9761","202507","18","2,000","130","21","2005","수성로69길 15","202508~202606","신규","-","","","아파트"
"21940","대구광역시 수성구 수성동1가","818","0818","0000","수성롯데캐슬THEFIRST","전세","84.6508","202507","18","29,400","0","2","2015","수성로69길 70","202507~202707","갱신","사용","28,000","0","아파트"
"21941","대구광역시 수성구 범물동","1397","1397","0000","수성하늘채르레브","전세","77.6522","202507","18","24,000","0","2","2020","지범로48길 21","202508~202708","신규","-","","","아파트"
"21942","대구광역시 수성구 범물동","1328","1328","0000","서한화성타운","전세","133.9200","202507","18","21,500","0","2","1992","지범로40길 11","202507~202707","신규","-","","","아파트"
"21943","대구광역시 수성구 수성동1가","890","0890","0000","더샵수성오클레어","월세","84.9619","202507","18","2,000","120","4","2023","희망로19길 29","202507~202707","신규","-","","","아파트"
"21944","대구광역시 수성구 범물동","1328","1328","0000","서한화성타운","월세","65.9700","202507","18","1,000","60","13","1992","지범로40길 11","202508~202708","신규","-","","","아파트"
"21945","대구광역시 북구 구암동","786","0786","0000","그린빌3차","전세","49.7100","202507","18","11,900","0","12","2000","구암서로 41","202508~202708","신규","-","","","아파트"
"21946","대구광역시 수성구 중동","650","0650","0000","수성골드클래스더센텀","전세","84.9740","202507","18","30,000","0","5","2021","수성로 185","202508~202708","신규","-","","","아파트"
"21947","대구광역시 수성구 매호동","1324","1324","0000","두레타운","월세","39.9000","202507","18","3,000","30","7","1995","천을로 131","202508~202708","신규","-","","","아파트"
"21948","대구광역시 수성구 지산동","1766","1766","0000","더샵수성라크에르","월세","84.9397","202507","18","7,000","85","7","2024","지산로3길 33","202507~202707","갱신","사용","27,000","0","아파트"
"21949","대구광역시 수성구 지산동","1766","1766","0000","더샵수성라크에르","월세","84.9362","202507","18","3,000","120","4","2024","지산로3길 33","202508~202708","신규","-","","","아파트"
"21950","대구광역시 수성구 시지동","499","0499","0000","노변다숲","전세","53.3225","202507","18","9,000","0","9","1996","노변공원로 34","202508~202708","신규","-","","","아파트"
"21951","대구광역시 수성구 신매동","139-1","0139","0001","신화빌라트","전세","84.9800","202507","18","20,500","0","10","1996","달구벌대로650길 29","202507~202707","신규","-","","","아파트"
"21952","대구광역시 수성구 신매동","601","0601","0000","시지보성서한아파트","전세","116.6500","202507","18","22,000","0","6","1995","신매로 21","202509~202709","신규","-","","","아파트"
"21953","대구광역시 수성구 범어동","314-2","0314","0002","을지맨션","월세","79.9020","202507","18","2,000","80","4","1987","달구벌대로496길 88","202508~202607","신규","-","","","아파트"
"21954","대구광역시 수성구 범어동","2272","2272","0000","범어에일린의뜰","전세","84.9608","202507","18","42,500","0","8","2021","청솔로14길 15","202511~202711","갱신","사용","40,500","0","아파트"
"21955","대구광역시 수성구 범어동","371","0371","0000","궁전맨션","전세","84.9600","202507","18","25,000","0","2","1988","동대구로 274","202507~202707","신규","-","","","아파트"
"21956","대구광역시 수성구 범어동","371","0371","0000","궁전맨션","전세","84.9600","202507","18","25,000","0","2","1988","동대구로 274","202507~202707","갱신","-","37,000","0","아파트"
"21957","대구광역시 수성구 파동","36-16","0036","0016","청림리더스103동","월세","75.4800","202507","18","9,000","35","10","2004","파동로 237","202508~202708","신규","-","","","아파트"
"21958","대구광역시 수성구 파동","1034","1034","0000","수성더팰리스푸르지오더샵","전세","84.9516","202507","18","28,000","0","16","2023","파동로 188","202509~202708","신규","-","","","아파트"
"21959","대구광역시 수성구 파동","1009","1009","0000","수성해모로하이엔","전세","59.2388","202507","18","20,500","0","11","2024","파동로 47","202408~202608","신규","-","","","아파트"
"21960","대구광역시 수성구 파동","1009","1009","0000","수성해모로하이엔","전세","59.2388","202507","18","20,500","0","11","2024","파동로 47","202508~202708","신규","-","","","아파트"
"21961","대구광역시 북구 침산동","1761","1761","0000","침산화성파크드림","월세","59.9902","202507","18","2,000","82","11","2017","성북로 70","202508~202708","신규","-","","","아파트"
"21962","대구광역시 북구 침산동","227-1","0227","0001","한라스카이빌","월세","59.9034","202507","18","3,000","60","24","2002","침산로22길 5","-","-","-","","","아파트"
"21963","대구광역시 수성구 만촌동","816","0816","0000","만촌우방타운1단지","전세","84.9200","202507","18","26,500","0","15","1997","교학로11길 46","202508~202708","신규","-","","","아파트"
"21964","대구광역시 수성구 만촌동","1037-7","1037","0007","만촌동월드메르디앙","전세","122.2367","202507","18","50,000","0","28","2007","달구벌대로 2583","202510~202710","신규","-","","","아파트"
"21965","대구광역시 수성구 만촌동","1489","1489","0000","만촌자이르네","전세","77.6825","202507","18","45,000","0","6","2023","교학로19길 19","202508~202708","신규","-","","","아파트"
"21966","대구광역시 수성구 만촌동","1489","1489","0000","만촌자이르네","전세","84.9918","202507","18","47,250","0","3","2023","교학로19길 19","202510~202710","갱신","사용","45,000","0","아파트"
"21967","대구광역시 북구 침산동","227-1","0227","0001","한라스카이빌","월세","59.9034","202507","18","3,000","60","24","2002","침산로22길 5","202508~202707","신규","-","","","아파트"
"21968","대구광역시 북구 동천동","915","0915","0000","칠곡3화성타운","월세","84.9600","202507","18","1,000","80","1","1999","대천로 101","202508~202708","신규","-","","","아파트"
"21969","대구광역시 북구 태전동","1244","1244","0000","대구태전역광신프로그레스","전세","75.0162","202507","18","24,000","0","13","2023","태전로7길 34","202509~202709","신규","-","","","아파트"
"21970","대구광역시 수성구 수성동3가","289","0289","0000","수성코오롱하늘채","전세","127.0598","202507","18","55,000","0","3","2009","들안로 300","202508~202708","신규","-","","","아파트"
"21971","대구광역시 북구 칠성동2가","715","0715","0000","대구역 서희스타힐스","전세","84.8400","202507","18","26,500","0","25","2012","칠성남로 101","202509~202709","신규","-","","","아파트"
"21972","대구광역시 중구 수창동","178","0178","0000","대구역제일풍경채위너스카이","월세","84.9774","202507","18","2,000","120","14","2023","달성로26길 70","202509~202709","신규","-","","","아파트"
"21973","대구광역시 동구 사복동","852","0852","0000","혁신도시서한e스테이","월세","59.5900","202507","18","4,988","26","14","2020","혁신대로 504","202508~202708","신규","-","","","아파트"
"21974","대구광역시 동구 신천동","783-3","0783","0003","태공","월세","72.8400","202507","18","2,000","45","5","2003","송라로3길 13","202509~202709","신규","-","","","아파트"
"21975","대구광역시 동구 신천동","556-1","0556","0001","신천LH","전세","45.6800","202507","18","10,000","0","3","1989","동부로 1","202509~202709","신규","-","","","아파트"
"21976","대구광역시 동구 신천동","556-1","0556","0001","신천LH","월세","45.6800","202507","18","1,000","40","11","1989","동부로 1","202508~202707","신규","-","","","아파트"
"21977","대구광역시 서구 내당동","3326","3326","0000","두류스타힐스","전세","84.9530","202507","18","25,000","0","6","2025","서대구로 20","202508~202708","신규","-","","","아파트"
"21978","대구광역시 동구 신서동","561","0561","0000","아름다운나날3","월세","84.6139","202507","18","1,800","65","12","2003","동호로 132","202507~202707","신규","-","","","아파트"
"21979","대구광역시 동구 신암동","657-186","0657","0186","밀레니엄","월세","106.8300","202507","18","2,000","50","5","2001","신암북로7길 59","202507~202707","신규","-","","","아파트"
"21980","대구광역시 동구 방촌동","1084-30","1084","0030","우방강촌마을1","전세","134.3100","202507","18","24,500","0","9","1996","화랑로80길 8","202509~202709","신규","-","","","아파트"
"21981","대구광역시 남구 이천동","1181","1181","0000","대봉교역금호어울림에듀리버","월세","84.2063","202507","18","2,000","115","14","2024","대봉로30길 12","202508~202708","신규","-","","","아파트"
"21982","대구광역시 동구 신암동","1870","1870","0000","해링턴플레이스동대구","전세","39.4596","202507","18","15,750","0","3","2024","경대로 126","202508~202708","신규","-","","","아파트"
"21983","대구광역시 동구 각산동","425","0425","0000","각산푸르지오1단지","전세","84.9290","202507","18","17,000","0","10","2009","경안로 824","202508~202708","신규","-","","","아파트"
"21984","대구광역시 중구 교동","8","0008","0000","노마즈하우스","월세","12.6520","202507","18","300","31","18","2014","공평로 105","202507~202607","신규","-","","","아파트"
"21985","대구광역시 동구 방촌동","1084-30","1084","0030","우방강촌마을1","월세","30.0000","202507","18","500","35","14","1996","화랑로80길 8","202508~202708","신규","-","","","아파트"
"21986","대구광역시 중구 달성동","352","0352","0000","달성파크푸르지오힐스테이트","전세","84.9713","202507","18","25,000","0","14","2023","달성로 123","202507~202707","갱신","사용","24,000","0","아파트"
"21987","대구광역시 중구 달성동","352","0352","0000","달성파크푸르지오힐스테이트","월세","84.9221","202507","18","1,000","100","11","2023","달성로 123","202507~202707","갱신","-","1,000","100","아파트"
"21988","대구광역시 서구 평리동","1711","1711","0000","서대구역화성파크드림","월세","84.9290","202507","18","3,000","95","8","2023","서대구로29길 30","202507~202707","신규","-","","","아파트"
"21989","대구광역시 서구 평리동","1408","1408","0000","평리청구타운","전세","84.9650","202507","18","20,000","0","18","2000","서대구로 77","202509~202709","신규","-","","","아파트"
"21990","대구광역시 서구 평리동","1497-44","1497","0044","서대구역서한이다음더퍼스트","전세","39.8388","202507","18","13,650","0","10","2023","국채보상로37길 38","202508~202708","갱신","사용","13,000","0","아파트"
"21991","대구광역시 서구 평리동","1408","1408","0000","평리청구타운","전세","84.9650","202507","18","20,000","0","18","2000","서대구로 77","202510~202710","신규","-","","","아파트"
"21992","대구광역시 동구 신암동","1870","1870","0000","해링턴플레이스동대구","전세","39.4596","202507","18","15,750","0","3","2024","경대로 126","202508~202708","신규","-","","","아파트"
"21993","대구광역시 동구 신암동","1840","1840","0000","동대구이안센트럴D","전세","84.9888","202507","18","36,000","0","17","2021","동대구로 577","202507~202707","신규","-","","","아파트"
"21994","대구광역시 중구 남산동","3049","3049","0000","청라힐스자이","전세","84.8688","202507","18","38,000","0","13","2023","남산로 73","202507~202707","신규","-","","","아파트"
"21995","대구광역시 중구 남산동","3030","3030","0000","남산자이하늘채","전세","59.1983","202507","18","28,000","0","25","2022","명덕로 33","202509~202709","신규","-","","","아파트"
"21996","대구광역시 중구 남산동","3020","3020","0000","남산롯데캐슬센트럴스카이","전세","84.9532","202507","18","34,650","0","3","2021","재마루길 77","202510~202710","갱신","사용","33,000","0","아파트"
"21997","대구광역시 북구 칠성동2가","715","0715","0000","대구역 서희스타힐스","전세","84.8400","202507","18","26,500","0","25","2012","칠성남로 101","202509~202709","신규","-","","","아파트"
"21998","대구광역시 중구 남산동","3012","3012","0000","남산역화성파크드림","전세","59.1950","202507","18","21,000","0","3","2018","남산로7길 7","202507~202707","갱신","-","20,000","0","아파트"
"21999","대구광역시 북구 칠성동2가","742","0742","0000","대구역자이더스타","월세","84.7313","202507","17","190","190","43","2025","칠성남로 150","202507~202510","신규","-","","","아파트"
"22000","대구광역시 동구 신천동","551-23","0551","0023","신천가람타운","월세","52.0200","202507","17","2,000","50","16","1997","신암로16길 17","202508~202708","갱신","-","2,000","50","아파트"
"22001","대구광역시 동구 지묘동","360","0360","0000","태왕그린힐즈","월세","59.8800","202507","17","1,100","50","9","1997","파계로 46","202508~202708","신규","-","","","아파트"
"22002","대구광역시 중구 남산동","2937-1","2937","0001","남산그린타운","전세","53.4089","202507","17","15,750","0","12","2005","달구벌대로 1950","202508~202708","갱신","사용","15,000","0","아파트"
"22003","대구광역시 중구 남산동","2937-1","2937","0001","남산그린타운","전세","53.4089","202507","17","15,750","0","12","2005","달구벌대로 1950","202507~202707","갱신","사용","15,000","0","아파트"
"22004","대구광역시 중구 달성동","352","0352","0000","달성파크푸르지오힐스테이트","월세","39.7662","202507","17","1,000","77","9","2023","달성로 123","202508~202707","신규","-","","","아파트"
"22005","대구광역시 동구 신암동","194-1","0194","0001","신암건영캐스빌","전세","83.7180","202507","17","18,000","0","2","2005","신암남로 50","202508~202708","신규","-","","","아파트"
"22006","대구광역시 서구 중리동","26-1","0026","0001","중리롯데캐슬","전세","140.2450","202507","17","30,000","0","6","2009","국채보상로34길 12","202508~202708","신규","-","","","아파트"
"22007","대구광역시 중구 남산동","3043","3043","0000","반월당역서한포레스트","월세","84.9504","202507","17","3,000","125","6","2022","중앙대로67길 11","202508~202708","신규","-","","","아파트"
"22008","대구광역시 서구 평리동","1680","1680","0000","평리푸르지오","전세","84.9203","202507","17","22,000","0","5","2011","국채보상로50길 20","202508~202708","신규","-","","","아파트"
"22009","대구광역시 서구 평리동","1497-44","1497","0044","서대구역서한이다음더퍼스트","전세","39.8388","202507","17","14,170","0","21","2023","국채보상로37길 38","202508~202708","갱신","사용","13,500","0","아파트"
"22010","대구광역시 서구 평리동","1497-44","1497","0044","서대구역서한이다음더퍼스트","전세","39.8388","202507","17","14,170","0","20","2023","국채보상로37길 38","202508~202708","갱신","사용","13,500","0","아파트"
"22011","대구광역시 동구 신암동","31","0031","0000","동서2차","전세","65.0600","202507","17","10,000","0","5","1985","아양로39길 20","202508~202708","신규","-","","","아파트"
"22012","대구광역시 동구 신암동","1870","1870","0000","해링턴플레이스동대구","전세","59.9469","202507","17","24,500","0","5","2024","경대로 126","202509~202709","신규","-","","","아파트"
"22013","대구광역시 중구 남산동","3030","3030","0000","남산자이하늘채","월세","59.1983","202507","17","2,000","100","36","2022","명덕로 33","202508~202708","신규","-","","","아파트"
"22014","대구광역시 중구 남산동","3006","3006","0000","반월당효성해링턴플레이스","전세","84.9711","202507","17","28,000","0","6","2014","중앙대로66길 20","202507~202707","갱신","사용","28,000","0","아파트"
"22015","대구광역시 동구 율하동","1099","1099","0000","율하휴먼시아15단지","월세","59.8900","202507","17","5,990","17","5","2009","금호강변로3길 9","202508~202707","갱신","-","3,832","26","아파트"
"22016","대구광역시 동구 사복동","852","0852","0000","혁신도시서한e스테이","월세","59.6800","202507","17","4,988","26","14","2020","혁신대로 504","202509~202709","신규","-","","","아파트"
"22017","대구광역시 동구 효목동","1322","1322","0000","동대구2차비스타동원","전세","76.5403","202507","17","21,500","0","7","2024","화랑로25길 60","202507~202707","갱신","사용","20,500","0","아파트"
"22018","대구광역시 동구 효목동","588-1","0588","0001","럭키1","전세","49.4900","202507","17","7,400","0","2","1980","효목로 64","202508~202708","신규","-","","","아파트"
"22019","대구광역시 서구 비산동","3446","3446","0000","힐스테이트서대구역센트럴","월세","84.9485","202507","17","10,000","50","39","2025","달서천로53길 6","202508~202708","신규","-","","","아파트"
"22020","대구광역시 동구 신서동","518-1","0518","0001","각산역더뉴클래스2차","월세","48.5988","202507","17","1,000","60","2","2015","반야월로 360","202507~202707","신규","-","","","아파트"
"22021","대구광역시 중구 동인동1가","420","0420","0000","힐스테이트동인더스카이","월세","84.9389","202507","17","3,000","100","20","2025","태평로 240","202508~202708","신규","-","","","아파트"
"22022","대구광역시 동구 지묘동","215","0215","0000","팔공보성1차","월세","134.9200","202507","17","2,000","69","4","1994","팔공로 489","202508~202708","신규","-","","","아파트"
"22023","대구광역시 중구 동인동1가","420","0420","0000","힐스테이트동인더스카이","월세","84.8120","202507","17","2,000","105","21","2025","태평로 240","202507~202707","신규","-","","","아파트"
"22024","대구광역시 중구 동인동1가","420","0420","0000","힐스테이트동인더스카이","전세","84.9389","202507","17","32,000","0","17","2025","태평로 240","202707~202707","신규","-","","","아파트"
"22025","대구광역시 중구 동인동1가","420","0420","0000","힐스테이트동인더스카이","전세","84.9389","202507","17","25,000","0","17","2025","태평로 240","202508~202708","신규","-","","","아파트"
"22026","대구광역시 동구 각산동","905","0905","0000","각산태영데시앙","월세","133.2360","202507","17","2,000","110","11","2009","반야월북로 123","202507~202707","신규","-","","","아파트"
"22027","대구광역시 동구 신서동","828","0828","0000","신서화성파크드림","월세","84.8671","202507","17","2,000","80","28","2010","반야월북로 221","202510~202710","신규","-","","","아파트"
"22028","대구광역시 서구 내당동","3326","3326","0000","두류스타힐스","월세","84.9530","202507","17","3,000","100","17","2025","서대구로 20","202508~202708","신규","-","","","아파트"
"22029","대구광역시 서구 내당동","3333","3333","0000","두류역자이","전세","84.9723","202507","17","32,000","0","17","2025","달구벌대로 1769-7","202509~202709","신규","-","","","아파트"
"22030","대구광역시 달서구 장기동","813-1","0813","0001","장기초록나라","전세","113.2367","202507","17","27,000","0","9","2000","한들로 55","202508~202708","신규","-","","","아파트"
"22031","대구광역시 달성군 다사읍 세천리","1566-1","1566","0001","다사세천한라비발디","월세","74.0400","202507","17","13,000","10","11","2016","세천로 187","202509~202709","신규","-","","","아파트"
"22032","대구광역시 달성군 옥포읍 강림리","1099","1099","0000","LH허브시티","월세","59.9900","202507","17","1,000","55","5","2015","비슬로 1941","202507~202607","신규","-","","","아파트"
"22033","대구광역시 달성군 다사읍 매곡리","1537","1537","0000","대실역청아람1단지","월세","59.9748","202507","17","2,000","75","8","2008","대실역북로 38","202508~202708","신규","-","","","아파트"
"22034","대구광역시 달성군 옥포읍 교항리","2984","2984","0000","옥포지구서한이다음","월세","59.9900","202507","17","1,000","60","3","2020","돌미로6길 5","202507~202707","신규","-","","","아파트"
"22035","대구광역시 달성군 다사읍 매곡리","1538","1538","0000","대실역청아람2단지","전세","59.9748","202507","17","19,000","0","5","2008","대실역북로 26","202508~202708","신규","-","","","아파트"
"22036","대구광역시 달성군 옥포읍 교항리","2984","2984","0000","옥포지구서한이다음","월세","59.9900","202507","17","1,000","60","4","2020","돌미로6길 5","202508~202708","신규","-","","","아파트"
"22037","대구광역시 달서구 월성동","1894","1894","0000","월성삼정그린코아에듀파크","월세","84.6758","202507","17","3,000","130","13","2022","월성로 100","202507~202707","신규","-","","","아파트"
"22038","대구광역시 달서구 대곡동","1126","1126","0000","수목원서한이다음","월세","101.8700","202507","17","3,000","110","12","2018","한실로6길 123","202508~202708","신규","-","","","아파트"
"22039","대구광역시 달서구 도원동","1442","1442","0000","별메마을","월세","49.6700","202507","17","0","50","3","1996","도원로 46","202507~202707","신규","-","","","아파트"
"22040","대구광역시 달성군 다사읍 세천리","1703-1","1703","0001","제일풍경채 프라임","전세","59.9673","202507","17","15,000","0","24","2017","세천남로 35","202507~202508","신규","-","","","아파트"
"22041","대구광역시 달성군 화원읍 성산리","505","0505","0000","화원대백맨션","월세","84.9800","202507","17","1,000","50","11","1993","성화로6길 5","202508~202708","신규","-","","","아파트"
"22042","대구광역시 달성군 다사읍 세천리","1566-1","1566","0001","다사세천한라비발디","월세","74.0400","202507","17","13,000","10","11","2016","세천로 187","202509~202709","신규","-","","","아파트"
"22043","대구광역시 달서구 감삼동","105-2","0105","0002","감삼우방맨션","월세","84.8700","202507","17","18,000","20","11","1997","당산로 187","202507~202707","신규","-","","","아파트"
"22044","대구광역시 달서구 신당동","1846","1846","0000","성서주공2","월세","37.6700","202507","17","0","45","13","1995","신당로 55","202507~202707","신규","-","","","아파트"
"22045","대구광역시 달성군 다사읍 서재리","321-1","0321","0001","신성서진흥더블파크","월세","84.9994","202507","17","1,000","60","3","2007","서재로24길 29","202508~202608","신규","-","","","아파트"
"22046","대구광역시 달서구 유천동","597","0597","0000","진천역AK그랑폴리스","전세","84.9195","202507","17","27,500","0","5","2013","월배로11길 33","202508~202708","신규","-","","","아파트"
"22047","대구광역시 달서구 유천동","612","0612","0000","대구월배2차아이파크","전세","59.7565","202507","17","24,000","0","9","2016","월배로5길 76","202511~202711","신규","-","","","아파트"
"22048","대구광역시 달서구 용산동","917","0917","0000","청구블루빌","전세","59.9900","202507","17","15,000","0","10","2000","용산로 254","202508~202608","신규","-","","","아파트"
"22049","대구광역시 달서구 용산동","412-1","0412","0001","세븐하이츠","월세","59.8000","202507","17","1,000","54","3","1997","성지로 12","202507~202607","신규","-","","","아파트"
"22050","대구광역시 달서구 용산동","917","0917","0000","청구블루빌","전세","59.9900","202507","17","15,000","0","10","2000","용산로 254","202508~202708","신규","-","","","아파트"
"22051","대구광역시 달성군 유가읍 봉리","602","0602","0000","대구테크노폴리스4단지","월세","59.9100","202507","17","8,100","18","7","2017","테크노상업로 111","202507~202709","갱신","-","3,000","43","아파트"
"22052","대구광역시 달성군 유가읍 봉리","604","0604","0000","남해오네뜨2차","전세","69.3379","202507","17","13,000","0","13","2016","테크노대로5길 57","202508~202708","갱신","-","13,000","0","아파트"
"22053","대구광역시 달서구 월성동","1835","1835","0000","월배e-편한세상","월세","59.9694","202507","17","2,000","85","25","2014","월성로 132","202508~202708","신규","-","","","아파트"
"22054","대구광역시 달서구 대천동","1042","1042","0000","월배삼정그린코아포레스트","월세","112.6645","202507","17","5,000","160","8","2021","조암남로32길 40","202509~202609","신규","-","","","아파트"
"22055","대구광역시 달성군 다사읍 죽곡리","876","0876","0000","협성휴포레 죽곡","전세","74.8842","202507","17","18,900","0","8","2018","달구벌대로174길 50","202507~202707","신규","-","","","아파트"
"22056","대구광역시 달성군 다사읍 죽곡리","876","0876","0000","협성휴포레 죽곡","전세","84.9417","202507","17","33,600","0","3","2018","달구벌대로174길 50","202510~202710","갱신","-","32,000","0","아파트"
"22057","대구광역시 달성군 구지면 응암리","1252","1252","0000","대구국가산단ZOOM파크","월세","84.4828","202507","17","10,000","10","6","2020","국가산단대로64길 63","202510~202710","신규","-","","","아파트"
"22058","대구광역시 달성군 구지면 응암리","1252","1252","0000","대구국가산단ZOOM파크","월세","84.3504","202507","17","2,000","60","3","2020","국가산단대로64길 63","202508~202708","신규","-","","","아파트"
"22059","대구광역시 달성군 구지면 응암리","1252","1252","0000","대구국가산단ZOOM파크","월세","84.3504","202507","17","2,000","60","3","2020","국가산단대로64길 63","202508~202708","신규","-","","","아파트"
"22060","대구광역시 달성군 화원읍 천내리","122-1","0122","0001","화원평광2","월세","59.9900","202507","17","1,000","45","1","1992","비슬로525길 37","202508~202708","신규","-","","","아파트"
"22061","대구광역시 달서구 월성동","1894","1894","0000","월성삼정그린코아에듀파크","전세","84.6758","202507","17","32,000","0","4","2022","월성로 100","202507~202704","신규","-","","","아파트"
"22062","대구광역시 달성군 다사읍 세천리","1566-1","1566","0001","다사세천한라비발디","월세","74.0400","202507","17","13,000","10","11","2016","세천로 187","202509~202709","신규","-","","","아파트"
"22063","대구광역시 달서구 두류동","2346","2346","0000","두류센트레빌더시티","월세","84.7182","202507","17","3,000","120","23","2022","당산로36길 11","202508~202708","신규","-","","","아파트"
"22064","대구광역시 달성군 구지면 창리","1434","1434","0000","대구국가산단디에트르더센트럴","월세","84.9164","202507","17","1,000","80","8","2021","국가산단대로70길 17","202507~202707","신규","-","","","아파트"
"22065","대구광역시 수성구 범어동","305-3","0305","0003","서한두레","월세","84.9250","202507","17","12,000","70","1","1993","달구벌대로496길 72","202508~202708","갱신","-","2,000","110","아파트"
"22066","대구광역시 북구 침산동","117-3","0117","0003","침산화성타운","전세","85.0000","202507","17","18,000","0","10","1998","침산남로37길 5","202509~202709","신규","-","","","아파트"
"22067","대구광역시 북구 침산동","293-12","0293","0012","메트로캐슬","전세","84.9386","202507","17","16,000","0","5","2004","침산로32길 2","202508~202708","신규","-","","","아파트"
"22068","대구광역시 북구 침산동","1750","1750","0000","침산동2차쌍용예가","전세","84.9428","202507","17","25,500","0","9","2013","성북로9길 12","202507~202701","신규","-","","","아파트"
"22069","대구광역시 북구 침산동","117-3","0117","0003","침산화성타운","전세","85.0000","202507","17","18,000","0","10","1998","침산남로37길 5","202509~202709","신규","-","","","아파트"
"22070","대구광역시 북구 서변동","1772","1772","0000","동서리치모아","월세","59.9629","202507","17","3,000","55","12","2003","서변로 88","202508~202708","신규","-","","","아파트"
"22071","대구광역시 수성구 파동","24-9","0024","0009","실리안","전세","84.9639","202507","17","15,000","0","5","2003","파동로 209","202510~202710","신규","-","","","아파트"
"22072","대구광역시 북구 태전동","1103","1103","0000","휴먼시아1단지","월세","59.8700","202507","17","3,947","27","6","2008","매전로 73","202508~202707","갱신","-","3,832","26","아파트"
"22073","대구광역시 수성구 만촌동","1497","1497","0000","만촌역태왕디아너스","월세","84.9541","202507","17","6,000","170","9","2024","달구벌대로 2599","202510~202710","신규","-","","","아파트"
"22074","대구광역시 북구 학정동","925","0925","0000","학정청아람","월세","84.6600","202507","17","2,000","80","2","2007","학정로110길 29","202508~202612","신규","-","","","아파트"
"22075","대구광역시 북구 대현동","535","0535","0000","센트럴파크대현","전세","51.4200","202507","17","18,500","0","5","2016","대현남로6길 20","202510~202710","신규","-","","","아파트"
"22076","대구광역시 북구 침산동","105-1","0105","0001","코오롱하늘채2단지","전세","84.5064","202507","17","12,000","0","7","2006","중앙대로 591","202507~202707","신규","-","","","아파트"
"22077","대구광역시 북구 침산동","105-1","0105","0001","코오롱하늘채2단지","월세","134.1855","202507","17","3,000","145","20","2006","중앙대로 591","202509~202709","신규","-","","","아파트"
"22078","대구광역시 수성구 매호동","1331","1331","0000","하나타운","전세","49.9200","202507","17","11,000","0","8","1995","고산로 123","202508~202708","신규","-","","","아파트"
"22079","대구광역시 수성구 수성동4가","1090-1","1090","0001","수성우방팔레스","월세","84.8523","202507","17","700","20","1","2002","수성로 400","202507~202707","신규","-","","","아파트"
"22080","대구광역시 수성구 시지동","499","0499","0000","노변다숲","월세","59.7300","202507","17","1,000","46","12","1996","노변공원로 34","202507~202707","신규","-","","","아파트"
"22081","대구광역시 수성구 황금동","667","0667","0000","황금동한화오벨리스크","월세","136.6198","202507","17","5,000","130","23","2006","동대구로 210","202508~202708","신규","-","","","아파트"
"22082","대구광역시 북구 동천동","872","0872","0000","보성서한타운","월세","59.9000","202507","17","1,000","50","5","1995","팔거천동로 104","202507~202707","신규","-","","","아파트"
"22083","대구광역시 수성구 시지동","41","0041","0000","시지월드메르디앙","전세","71.6206","202507","17","24,000","0","10","2009","천을로 70","202509~202709","갱신","사용","24,000","0","아파트"
"22084","대구광역시 수성구 중동","641","0641","0000","수성효성해링턴플레이스","전세","84.6009","202507","17","32,000","0","25","2020","희망로24길 24","202603~202703","갱신","사용","32,000","0","아파트"
"22085","대구광역시 북구 복현동","694","0694","0000","복현푸르지오","전세","75.2733","202507","17","20,000","0","5","2013","동북로 345","202510~202710","갱신","-","19,000","0","아파트"
"22086","대구광역시 북구 복현동","368-1","0368","0001","광명","전세","46.6250","202507","17","8,000","0","4","1980","동북로65길 13","202508~202708","신규","-","","","아파트"
"22087","대구광역시 수성구 범물동","670","0670","0000","우방미진하이츠","월세","42.7500","202507","17","500","50","1","2000","지범로 290","202507~202707","신규","-","","","아파트"
"22088","대구광역시 수성구 범물동","670","0670","0000","우방미진하이츠","전세","42.7500","202507","17","7,800","0","4","2000","지범로 290","202508~202708","신규","-","","","아파트"
"22089","대구광역시 수성구 범물동","670","0670","0000","우방미진하이츠","전세","42.7500","202507","17","7,800","0","4","2000","지범로 290","202508~202708","신규","-","","","아파트"
"22090","대구광역시 수성구 매호동","1331","1331","0000","하나타운","월세","49.9200","202507","17","1,000","55","8","1995","고산로 123","202508~202708","신규","-","","","아파트"
"22091","대구광역시 북구 사수동","833","0833","0000","금호서한이다음","전세","74.9100","202507","17","16,000","0","6","2016","한강로 17","202508~202607","갱신","-","16,000","0","아파트"
"22092","대구광역시 북구 침산동","1750","1750","0000","침산동2차쌍용예가","전세","84.9428","202507","17","25,500","0","9","2013","성북로9길 12","202507~202701","신규","-","","","아파트"
"22093","대구광역시 수성구 만촌동","1500","1500","0000","힐스테이트만촌역","전세","84.8649","202507","17","43,000","0","17","2024","달구벌대로 2567","202510~202710","신규","-","","","아파트"
"22094","대구광역시 북구 동천동","950","0950","0000","화성센트럴파크","월세","84.9870","202507","17","10,000","45","1","2003","대천로 100","202508~202708","신규","-","","","아파트"
"22095","대구광역시 수성구 두산동","85","0085","0000","호반써밋수성","월세","109.7304","202507","17","8,000","240","39","2024","청수로24길 71","202507~202607","신규","-","","","아파트"
"22096","대구광역시 북구 읍내동","1449","1449","0000","학정역효성해링턴플레이스","전세","84.9090","202507","17","26,000","0","4","2018","관음로 295","202509~202708","신규","-","","","아파트"
"22097","대구광역시 수성구 범어동","2272","2272","0000","범어에일린의뜰","전세","84.9603","202507","17","48,000","0","25","2021","청솔로14길 15","202510~202710","신규","-","","","아파트"
"22098","대구광역시 수성구 범어동","179","0179","0000","두산위브더제니스","월세","204.0727","202507","17","10,000","400","15","2009","달구벌대로 2435","202509~202708","신규","-","","","아파트"
"22099","대구광역시 수성구 범어동","305-3","0305","0003","서한두레","월세","84.9250","202507","17","12,000","70","1","1993","달구벌대로496길 72","202508~202708","신규","-","","","아파트"
"22100","대구광역시 수성구 수성동1가","230","0230","0000","유성푸르나임","전세","84.9522","202507","16","29,000","0","6","2007","수성로75길 16","202510~202710","갱신","-","26,600","0","아파트"
"22101","대구광역시 북구 동변동","697","0697","0000","유니버시아드선수촌1단지","월세","109.9002","202507","16","3,000","90","15","2003","동변로 50","202508~202708","신규","-","","","아파트"
"22102","대구광역시 북구 침산동","1750","1750","0000","침산동2차쌍용예가","전세","59.9804","202507","16","24,000","0","2","2013","성북로9길 12","202508~202708","신규","-","","","아파트"
"22103","대구광역시 북구 침산동","105-73","0105","0073","코오롱하늘채1단지","월세","84.5064","202507","16","4,000","90","17","2006","침산로22길 31","202508~202708","신규","-","","","아파트"
"22104","대구광역시 북구 침산동","1750","1750","0000","침산동2차쌍용예가","전세","59.9804","202507","16","24,000","0","2","2013","성북로9길 12","202508~202708","신규","-","","","아파트"
"22105","대구광역시 수성구 만촌동","1483","1483","0000","만촌삼정그린코아에듀파크","전세","84.9740","202507","16","45,150","0","7","2019","교학로 65","202508~202708","갱신","사용","43,000","0","아파트"
"22106","대구광역시 북구 복현동","709","0709","0000","복현아이파크","월세","75.9708","202507","16","22,000","15","10","2021","동북로 241","202508~202708","갱신","-","22,000","0","아파트"
"22107","대구광역시 북구 복현동","79","0079","0000","한라","전세","70.4000","202507","16","12,000","0","2","1980","공항로5길 6","202507~202707","갱신","-","12,000","0","아파트"
"22108","대구광역시 수성구 범어동","333","0333","0000","가든하이츠3","전세","116.6800","202507","16","45,000","0","2","1990","청호로 365","202508~202708","갱신","-","45,000","0","아파트"
"22109","대구광역시 수성구 범어동","2280","2280","0000","빌리브범어120","전세","98.9349","202507","16","83,000","0","15","2022","범어로20길 120","202510~202710","신규","-","","","아파트"
"22110","대구광역시 수성구 범어동","35-1","0035","0001","범어역우방유쉘","전세","120.0349","202507","16","41,500","0","23","2009","동대구로 345","202508~202708","신규","-","","","아파트"
"22111","대구광역시 수성구 범어동","2240","2240","0000","e편한세상범어","전세","84.7725","202507","16","30,000","0","5","2015","들안로78길 45","202508~202708","신규","-","","","아파트"
"22112","대구광역시 수성구 만촌동","1046-10","1046","0010","수성2차e-편한세상","전세","125.2874","202507","16","45,000","0","18","2007","달구벌대로522길 33","202510~202710","신규","-","","","아파트"
"22113","대구광역시 수성구 만촌동","1356-7","1356","0007","메트로팔레스2","전세","74.9100","202507","16","25,000","0","17","2003","동원로 123","202507~202707","신규","-","","","아파트"
"22114","대구광역시 수성구 범어동","2240","2240","0000","e편한세상범어","전세","84.7910","202507","16","30,000","0","14","2015","들안로78길 45","202509~202708","신규","-","","","아파트"
"22115","대구광역시 수성구 매호동","1331","1331","0000","하나타운","전세","45.6900","202507","16","11,000","0","11","1995","고산로 123","202508~202708","신규","-","","","아파트"
"22116","대구광역시 북구 고성동1가","260","0260","0000","대구역오페라W","월세","84.9897","202507","16","500","190","7","2023","칠성남로 50","202507~202510","신규","-","","","아파트"
"22117","대구광역시 북구 고성동1가","270","0270","0000","대구오페라스위첸","월세","84.9227","202507","16","3,000","120","27","2024","칠성남로 70","202508~202708","신규","-","","","아파트"
"22118","대구광역시 수성구 만촌동","816","0816","0000","만촌우방타운1단지","전세","84.9200","202507","16","29,000","0","9","1997","교학로11길 46","202509~202709","신규","-","","","아파트"
"22119","대구광역시 수성구 수성동3가","57","0057","0000","수성3가롯데캐슬","월세","136.2176","202507","16","5,000","220","16","2008","명덕로 455","202508~202708","신규","-","","","아파트"
"22120","대구광역시 북구 읍내동","1351","1351","0000","산호한양","월세","59.8200","202507","16","1,000","50","11","1993","대천로7길 40","202507~202607","신규","-","","","아파트"
"22121","대구광역시 북구 국우동","1079","1079","0000","부영1차","월세","60.2153","202507","16","1,000","65","18","2002","학정동로 7","202509~202709","신규","-","","","아파트"
"22122","대구광역시 북구 동천동","890","0890","0000","칠곡네스빌","월세","84.5826","202507","16","1,000","90","1","2004","동천로 155","202507~202707","신규","-","","","아파트"
"22123","대구광역시 북구 동천동","913","0913","0000","영남네오빌아트","전세","84.8526","202507","16","28,000","0","3","2004","동천로 97","202507~202707","신규","-","","","아파트"
"22124","대구광역시 수성구 황금동","985","0985","0000","힐스테이트황금동","전세","59.9776","202507","16","28,500","0","3","2018","청수로 274","202508~202708","신규","-","","","아파트"
"22125","대구광역시 수성구 중동","641","0641","0000","수성효성해링턴플레이스","전세","84.9971","202507","16","32,000","0","11","2020","희망로24길 24","202508~202708","신규","-","","","아파트"
"22126","대구광역시 수성구 지산동","1208","1208","0000","청구호반맨션","월세","84.9800","202507","16","10,000","40","13","1990","용학로46길 40","202508~202708","신규","-","","","아파트"
"22127","대구광역시 수성구 지산동","1257-1","1257","0001","영남맨션","전세","84.9000","202507","16","19,000","0","3","1991","지산로 31","202508~202708","신규","-","","","아파트"
"22128","대구광역시 수성구 지산동","1297-3","1297","0003","지산서한이다음아파트","월세","59.5600","202507","16","1,000","55","7","1991","용학로 313","202507~202707","신규","-","","","아파트"
"22129","대구광역시 수성구 지산동","1273","1273","0000","협화맨션","전세","84.7600","202507","16","20,000","0","13","1991","지범로22길 23","202507~202707","갱신","-","21,000","0","아파트"
"22130","대구광역시 수성구 지산동","1288","1288","0000","지산타운","월세","53.7800","202507","16","300","30","15","1991","용학로 303","202507~202707","신규","-","","","아파트"
"22131","대구광역시 북구 연경동","931","0931","0000","연경우방아이유쉘더포레스트","월세","84.9667","202507","16","16,000","35","14","2020","연경중앙로11길 33","202508~202708","신규","-","","","아파트"
"22132","대구광역시 수성구 수성동1가","219-2","0219","0002","삼성(219-2)","전세","79.8000","202507","16","12,000","0","5","1979","수성로69길 5","202508~202708","신규","-","","","아파트"
"22133","대구광역시 서구 내당동","3333","3333","0000","두류역자이","전세","84.9723","202507","16","30,000","0","26","2025","달구벌대로 1769-7","202509~202709","신규","-","","","아파트"
"22134","대구광역시 서구 내당동","3333","3333","0000","두류역자이","전세","84.9723","202507","16","30,000","0","7","2025","달구벌대로 1769-7","202509~202709","신규","-","","","아파트"
"22135","대구광역시 서구 내당동","3326","3326","0000","두류스타힐스","월세","84.9530","202507","16","2,000","105","32","2025","서대구로 20","202508~202708","신규","-","","","아파트"
"22136","대구광역시 북구 칠성동2가","733","0733","0000","오페라삼정그린코아더베스트","전세","66.6347","202507","16","30,000","0","25","2017","침산로 100","202507~202707","신규","-","","","아파트"
"22137","대구광역시 동구 사복동","852","0852","0000","혁신도시서한e스테이","월세","59.6800","202507","16","4,072","20","7","2020","혁신대로 504","202508~202708","신규","-","","","아파트"
"22138","대구광역시 남구 봉덕동","1650","1650","0000","앞산봉덕영무예다음","월세","84.8342","202507","16","2,500","105","5","2020","대봉로 12","202508~202708","신규","-","","","아파트"
"22139","대구광역시 동구 신암동","1852","1852","0000","동대구해모로스퀘어웨스트","월세","76.7437","202507","16","1,000","95","4","2023","동북로 340","202507~202707","신규","-","","","아파트"
"22140","대구광역시 동구 신천동","1508","1508","0000","동대구역우방아이유쉘","월세","84.9895","202507","16","2,000","120","11","2022","동부로 115","202507~202707","신규","-","","","아파트"
"22141","대구광역시 서구 내당동","3333","3333","0000","두류역자이","월세","59.9708","202507","16","5,000","80","11","2025","달구벌대로 1769-7","-","-","-","","","아파트"
"22142","대구광역시 동구 율하동","1408","1408","0000","대구율하2세계육상선수촌2단지","전세","84.5100","202507","16","28,000","0","12","2011","안심로16길 71","202509~202709","신규","-","","","아파트"
"22143","대구광역시 중구 태평로3가","177-3","0177","0003","대구역경남센트로팰리스","월세","84.1638","202507","16","2,000","100","20","2022","태평로 47","202508~202708","신규","-","","","아파트"
"22144","대구광역시 동구 용계동","755-138","0755","0138","용계보라","월세","59.8800","202507","16","2,000","50","3","1997","반야월로 26","202509~202709","신규","-","","","아파트"
"22145","대구광역시 동구 신천동","538-3","0538","0003","신천역까사밀라101동","월세","20.8500","202507","16","500","40","11","2015","동부로 29","202507~202607","신규","-","","","아파트"
"22146","대구광역시 동구 효목동","1331","1331","0000","동대구푸르지오브리센트","월세","84.9712","202507","16","3,000","100","12","2024","효목로5길 55","202507~202707","신규","-","","","아파트"
"22147","대구광역시 동구 사복동","852","0852","0000","혁신도시서한e스테이","월세","59.5100","202507","16","4,988","26","6","2020","혁신대로 504","202509~202709","신규","-","","","아파트"
"22148","대구광역시 중구 남산동","437-1","0437","0001","인터불고코아시스","월세","26.9326","202507","16","500","50","11","2014","명륜로 19","202507~202607","신규","-","","","아파트"
"22149","대구광역시 동구 방촌동","1084-30","1084","0030","우방강촌마을1","월세","29.2500","202507","16","500","35","14","1996","화랑로80길 8","202508~202708","신규","-","","","아파트"
"22150","대구광역시 동구 신암동","1852","1852","0000","동대구해모로스퀘어웨스트","전세","84.9151","202507","16","28,000","0","12","2023","동북로 340","202508~202708","신규","-","","","아파트"
"22151","대구광역시 동구 신서동","755","0755","0000","신서동롯데캐슬레전드","월세","84.9510","202507","16","2,000","80","13","2007","안심로73길 22","202509~202709","신규","-","","","아파트"
"22152","대구광역시 서구 내당동","3333","3333","0000","두류역자이","월세","59.9708","202507","16","5,000","80","11","2025","달구벌대로 1769-7","202509~202709","신규","-","","","아파트"
"22153","대구광역시 동구 각산동","1029","1029","0000","대구혁신도시서한이다음","월세","74.5560","202507","16","4,000","75","5","2015","이노밸리로29길 56","202507~202707","신규","-","","","아파트"
"22154","대구광역시 동구 각산동","1029","1029","0000","대구혁신도시서한이다음","월세","65.3060","202507","16","3,000","60","5","2015","이노밸리로29길 56","202509~202708","신규","-","","","아파트"
"22155","대구광역시 남구 대명동","3062","3062","0000","앞산리슈빌앤리마크1단지","월세","59.9545","202507","16","7,000","57","5","2018","안지랑로 73","202509~202709","신규","-","","","아파트"
"22156","대구광역시 남구 대명동","1635","1635","0000","개나리맨션","전세","59.8000","202507","16","11,000","0","4","1980","대명로 117","202509~202709","신규","-","","","아파트"
"22157","대구광역시 남구 이천동","1177","1177","0000","대봉교역태왕아너스","월세","84.7801","202507","16","2,000","105","8","2023","대봉로30길 15","202509~202709","신규","-","","","아파트"
"22158","대구광역시 중구 달성동","352","0352","0000","달성파크푸르지오힐스테이트","전세","84.9713","202507","16","28,000","0","19","2023","달성로 123","202507~202707","신규","-","","","아파트"
"22159","대구광역시 북구 칠성동2가","715","0715","0000","대구역 서희스타힐스","월세","84.8400","202507","16","1,500","90","3","2012","칠성남로 101","202508~202708","신규","-","","","아파트"
"22160","대구광역시 동구 율하동","1408","1408","0000","대구율하2세계육상선수촌2단지","전세","84.5100","202507","16","28,000","0","12","2011","안심로16길 71","202509~202709","신규","-","","","아파트"
"22161","대구광역시 달서구 월성동","270","0270","0000","월성주공4단지","전세","58.4600","202507","16","10,000","0","5","1992","구마로14남길 55","202509~202709","신규","-","","","아파트"
"22162","대구광역시 달성군 현풍읍 중리","485","0485","0000","대구테크노폴리스일동미라주더파크","전세","84.9374","202507","16","21,000","0","14","2017","테크노북로2길 9","202507~202707","갱신","사용","20,000","0","아파트"
"22163","대구광역시 달성군 다사읍 세천리","1566-2","1566","0002","세천삼정그린코아더베스트아파트2단지","월세","75.5392","202507","16","2,000","68","12","2017","세천북로 20","202508~202708","신규","-","","","아파트"
"22164","대구광역시 달성군 화원읍 천내리","918","0918","0000","화원이진캐스빌","월세","101.3842","202507","16","2,000","130","18","2017","비슬로 2545","202508~202708","신규","-","","","아파트"
"22165","대구광역시 달서구 본리동","196-1","0196","0001","본리롯데캐슬2차","월세","116.2222","202507","16","2,800","67","2","2009","대명천로 119","202508~202708","신규","-","","","아파트"
"22166","대구광역시 달서구 유천동","396","0396","0000","화성맨션","전세","84.9800","202507","16","18,000","0","14","1996","비슬로 2731","202507~202707","신규","-","","","아파트"
"22167","대구광역시 달서구 감삼동","49-4","0049","0004","대운","전세","49.4500","202507","16","9,500","0","1","1981","당산로41서길 3","202507~202707","갱신","-","10,000","0","아파트"
"22168","대구광역시 달서구 월성동","1835","1835","0000","월배e-편한세상","월세","59.9694","202507","16","2,000","90","22","2014","월성로 132","202508~202708","신규","-","","","아파트"
"22169","대구광역시 달서구 상인동","171-1","0171","0001","상인대성스카이렉스","전세","96.5400","202507","16","26,000","0","24","2007","월배로 183","202508~202708","신규","-","","","아파트"
"22170","대구광역시 달성군 다사읍 세천리","1703-1","1703","0001","제일풍경채 프라임","전세","59.9673","202507","16","13,650","0","19","2017","세천남로 35","202509~202709","갱신","사용","13,000","0","아파트"
"22171","대구광역시 달성군 다사읍 세천리","1566-1","1566","0001","다사세천한라비발디","전세","74.0400","202507","16","16,200","0","23","2016","세천로 187","202508~202707","갱신","-","15,500","0","아파트"
"22172","대구광역시 달서구 도원동","1442","1442","0000","별메마을","월세","37.6700","202507","16","1,000","35","7","1996","도원로 46","202508~202707","신규","-","","","아파트"
"22173","대구광역시 달성군 유가읍 봉리","601","0601","0000","하나리움퀸즈파크","전세","59.9814","202507","16","13,000","0","9","2015","테크노북로 164","202508~202708","신규","-","","","아파트"
"22174","대구광역시 달성군 유가읍 봉리","659","0659","0000","호반베르디움2차","월세","98.8946","202507","16","2,000","115","10","2016","테크노대로5길 80","202508~202708","신규","-","","","아파트"
"22175","대구광역시 달서구 두류동","2348","2348","0000","두류파크KCC스위첸","월세","75.9600","202507","16","2,000","90","21","2023","파도고개로 70","202510~202710","신규","-","","","아파트"
"22176","대구광역시 달서구 상인동","1596","1596","0000","상인화성파크드림2단지","전세","84.9900","202507","16","28,000","0","6","2010","송현로7길 9","202507~202707","신규","-","","","아파트"
"22177","대구광역시 달서구 상인동","1473-1","1473","0001","우방청자","월세","66.3000","202507","16","1,000","45","1","1989","상화북로 117","202507~202707","신규","-","","","아파트"
"22178","대구광역시 달성군 구지면 응암리","1210","1210","0000","과학마을청아람","월세","59.8940","202507","16","500","55","12","2016","과학마을로 70","202507~202707","신규","-","","","아파트"
"22179","대구광역시 달성군 구지면 응암리","1210","1210","0000","과학마을청아람","월세","59.8940","202507","16","500","55","12","2016","과학마을로 70","-","-","-","","","아파트"
"22180","대구광역시 달성군 구지면 응암리","1178","1178","0000","달성화성파크드림","월세","84.6422","202507","16","3,000","35","7","2011","과학마을로2길 6","202507~202707","신규","-","","","아파트"
"22181","대구광역시 달서구 월성동","1261","1261","0000","월성자이","전세","84.7250","202507","16","25,000","0","11","2006","조암남로10길 21","202509~202709","신규","-","","","아파트"
"22182","대구광역시 달서구 상인동","1514","1514","0000","상인현대동방타운","월세","134.9600","202507","15","1,000","100","6","1993","상인서로 85","202510~202710","신규","-","","","아파트"
"22183","대구광역시 달서구 감삼동","719","0719","0000","힐스테이트죽전역","월세","84.9628","202507","15","3,000","125","40","2024","달구벌대로308길 30","202509~202709","신규","-","","","아파트"
"22184","대구광역시 달서구 감삼동","521","0521","0000","우방드림시티","전세","75.7666","202507","15","17,000","0","22","2003","장기로 242","202507~202707","신규","-","","","아파트"
"22185","대구광역시 달서구 대곡동","1138","1138","0000","대구대곡수목원풍경그린","월세","59.9200","202507","15","11,200","18","11","2019","갈밭남로 64","202508~202707","갱신","-","5,000","45","아파트"
"22186","대구광역시 달서구 대곡동","1034","1034","0000","대곡역화성파크드림위드","월세","59.8213","202507","15","2,000","75","18","2012","비슬로 2734","202507~202604","신규","-","","","아파트"
"22187","대구광역시 달서구 두류동","2369","2369","0000","두류역서한포레스트","월세","84.5882","202507","15","3,000","110","29","2025","야외음악당로47길 76","202508~202608","신규","-","","","아파트"
"22188","대구광역시 달서구 두류동","141-13","0141","0013","동흥센트럴파크","전세","23.3400","202507","15","4,000","0","6","2012","두류공원로50길 29","202507~202707","신규","-","","","아파트"
"22189","대구광역시 달성군 화원읍 성산리","505","0505","0000","화원대백맨션","월세","59.4500","202507","15","1,000","40","10","1993","성화로6길 5","202508~202707","신규","-","","","아파트"
"22190","대구광역시 달서구 본동","247","0247","0000","그린맨션2차","전세","84.8700","202507","15","13,000","0","7","1986","구마로36길 20","202507~202707","신규","-","","","아파트"
"22191","대구광역시 달서구 월성동","500-6","0500","0006","월성영남맨션","월세","133.0800","202507","15","10,000","20","4","1991","학산로2길 39","202503~202803","신규","-","","","아파트"
"22192","대구광역시 달서구 월성동","1894","1894","0000","월성삼정그린코아에듀파크","월세","84.6758","202507","15","3,000","105","25","2022","월성로 100","-","-","-","","","아파트"
"22193","대구광역시 달성군 유가읍 봉리","603","0603","0000","진아리채","월세","84.9495","202507","15","2,000","75","2","2016","테크노대로5길 79","202508~202708","신규","-","","","아파트"
"22194","대구광역시 달성군 구지면 응암리","1210","1210","0000","과학마을청아람","월세","59.8940","202507","15","500","55","16","2016","과학마을로 70","202507~202607","신규","-","","","아파트"
"22195","대구광역시 달성군 화원읍 명곡리","139","0139","0000","명곡미래빌4","월세","59.6300","202507","15","1,000","48","12","2000","화암로 120","202509~202709","신규","-","","","아파트"
"22196","대구광역시 달성군 구지면 창리","1434","1434","0000","대구국가산단디에트르더센트럴","월세","84.9164","202507","15","1,000","73","13","2021","국가산단대로70길 17","202507~202707","신규","-","","","아파트"
"22197","대구광역시 달성군 구지면 창리","1447","1447","0000","모아미래도에듀퍼스트","전세","77.7752","202507","15","14,000","0","24","2021","국가산단대로70길 42","202509~202708","신규","-","","","아파트"
"22198","대구광역시 달서구 월성동","1894","1894","0000","월성삼정그린코아에듀파크","월세","84.6758","202507","15","3,000","105","25","2022","월성로 100","202509~202609","신규","-","","","아파트"
"22199","대구광역시 달서구 상인동","1501","1501","0000","상인동화,태왕,한양타운","월세","59.9100","202507","15","1,000","50","1","1993","상인서로 94","202509~202708","신규","-","","","아파트"
"22200","대구광역시 달서구 상인동","87","0087","0000","상인e-편한세상2단지","전세","134.4230","202507","15","35,000","0","1","2008","월서로3길 15","202509~202709","신규","-","","","아파트"
"22201","대구광역시 달서구 상인동","42","0042","0000","보성은하","월세","59.8800","202507","15","1,000","65","7","1994","월곡로 320","202507~202707","신규","-","","","아파트"
"22202","대구광역시 달서구 장기동","812","0812","0000","장기누림타운","월세","81.4210","202507","15","2,000","75","17","2002","한들로 31","202508~202708","신규","-","","","아파트"
"22203","대구광역시 달서구 도원동","1439","1439","0000","가람마을","월세","59.9900","202507","15","5,000","20","16","1997","한실로 135","202507~202707","신규","-","","","아파트"
"22204","대구광역시 달서구 도원동","1439","1439","0000","대곡가람(임대)","월세","49.9700","202507","15","1,683","27","1","1997","한실로 135","202507~202708","신규","-","","","아파트"
"22205","대구광역시 달서구 죽전동","251","0251","0000","동화로즈빌","월세","84.9740","202507","15","2,000","70","11","2001","죽전1길 82","202508~202708","신규","-","","","아파트"
"22206","대구광역시 달성군 유가읍 봉리","601","0601","0000","하나리움퀸즈파크","전세","59.8767","202507","15","11,000","0","7","2015","테크노북로 164","202509~202708","신규","-","","","아파트"
"22207","대구광역시 달성군 유가읍 봉리","604","0604","0000","남해오네뜨2차","전세","84.9968","202507","15","14,000","0","7","2016","테크노대로5길 57","202508~202708","갱신","-","14,000","0","아파트"
"22208","대구광역시 달성군 유가읍 봉리","604","0604","0000","남해오네뜨2차","전세","84.9968","202507","15","14,000","0","16","2016","테크노대로5길 57","202509~202709","갱신","-","14,000","0","아파트"
"22209","대구광역시 수성구 노변동","742","0742","0000","수성알파시티청아람","전세","59.9460","202507","15","26,500","0","17","2021","알파시티2로 96","202508~202708","신규","-","","","아파트"
"22210","대구광역시 수성구 노변동","353","0353","0000","수성월드메르디앙","월세","140.7846","202507","15","3,000","120","8","2007","노변로 55","202510~202710","신규","-","","","아파트"
"22211","대구광역시 달성군 현풍읍 대리","1176","1176","0000","국가산단서한이다음아파트","월세","74.5400","202507","15","5,603","19","4","2019","국가산단대로70길 41","202509~202709","갱신","사용","5,509","19","아파트"
"22212","대구광역시 달성군 다사읍 서재리","1118","1118","0000","에코폴리스 동화아이위시","월세","59.9943","202507","15","1,500","50","1","2015","서재로12길 38","202508~202708","신규","-","","","아파트"
"22213","대구광역시 달성군 다사읍 서재리","321-1","0321","0001","신성서진흥더블파크","월세","84.9994","202507","15","1,000","65","18","2007","서재로24길 29","202508~202708","신규","-","","","아파트"
"22214","대구광역시 달성군 옥포읍 강림리","1099","1099","0000","LH허브시티","전세","59.9900","202507","15","12,000","0","5","2015","비슬로 1941","202508~202708","신규","-","","","아파트"
"22215","대구광역시 수성구 파동","53","0053","0000","수성못코오롱하늘채","월세","84.9365","202507","15","200","95","9","2013","파동로 222","202507~202607","갱신","-","2,000","90","아파트"
"22216","대구광역시 수성구 파동","1034","1034","0000","수성더팰리스푸르지오더샵","전세","75.9914","202507","15","27,500","0","22","2023","파동로 188","202509~202709","신규","-","","","아파트"
"22217","대구광역시 수성구 파동","1034","1034","0000","수성더팰리스푸르지오더샵","전세","59.7760","202507","15","20,000","0","13","2023","파동로 188","202509~202708","신규","-","","","아파트"
"22218","대구광역시 북구 복현동","241-1","0241","0001","복현블루밍브라운스톤명문세가","월세","85.0000","202507","15","3,152","26","3","2011","복현로 50","202508~202509","갱신","-","3,914","33","아파트"
"22219","대구광역시 북구 복현동","694","0694","0000","복현푸르지오","전세","84.9958","202507","15","24,000","0","9","2013","동북로 345","202508~202708","신규","-","","","아파트"
"22220","대구광역시 수성구 신매동","579","0579","0000","천마타운","전세","84.9900","202507","15","22,000","0","5","1994","신매로 71","202508~202608","갱신","-","22,000","0","아파트"
"22221","대구광역시 북구 고성동1가","265","0265","0000","힐스테이트대구역오페라","월세","84.8715","202507","15","2,000","120","8","2024","칠성남로 30","202507~202607","신규","-","","","아파트"
"22222","대구광역시 북구 침산동","133-1","0133","0001","침산리젠시","전세","84.8600","202507","15","15,000","0","3","2006","중앙대로123길 43","202508~202708","신규","-","","","아파트"
"22223","대구광역시 북구 동변동","697","0697","0000","유니버시아드선수촌1단지","월세","109.9002","202507","15","3,000","90","15","2003","동변로 50","202508~202708","신규","-","","","아파트"
"22224","대구광역시 수성구 시지동","499","0499","0000","노변다숲","전세","59.7300","202507","15","11,000","0","8","1996","노변공원로 34","202508~202708","신규","-","","","아파트"
"22225","대구광역시 북구 노원동3가","1227","1227","0000","대구노원한신더휴","월세","51.9800","202507","15","2,000","60","16","2017","노원로10길 40","202507~202707","신규","-","","","아파트"
"22226","대구광역시 북구 사수동","812","0812","0000","서희스타힐스테이","월세","74.9910","202507","15","13,000","24","12","2019","내곡로 90","202508~202708","신규","-","","","아파트"
"22227","대구광역시 북구 복현동","241-1","0241","0001","복현블루밍브라운스톤명문세가","전세","59.9500","202507","15","13,848","0","7","2011","복현로 50","202509~202709","갱신","-","15,319","0","아파트"
"22228","대구광역시 북구 복현동","368-1","0368","0001","광명","월세","46.6250","202507","15","300","35","5","1980","동북로65길 13","202507~202707","신규","-","","","아파트"
"22229","대구광역시 북구 복현동","241-1","0241","0001","복현블루밍브라운스톤명문세가","전세","59.9500","202507","15","13,848","0","7","2011","복현로 50","202509~202709","갱신","-","13,848","0","아파트"
"22230","대구광역시 북구 학정동","984","0984","0000","칠곡7주공아파트","월세","36.6500","202507","15","1,853","13","5","2007","학남로 60","202507~202709","신규","-","","","아파트"
"22231","대구광역시 북구 고성동3가","145","0145","0000","오페라트루엘시민의숲아파트","전세","84.6148","202507","15","30,000","0","9","2020","고성북로 34","202510~202710","신규","-","","","아파트"
"22232","대구광역시 수성구 범어동","2240","2240","0000","e편한세상범어","월세","84.7725","202507","15","3,000","140","25","2015","들안로78길 45","202508~202708","신규","-","","","아파트"
"22233","대구광역시 북구 사수동","787","0787","0000","대구금호엘에이치천년나무5단지","월세","33.9200","202507","15","3,463","9","17","2016","내곡로 69","202509~202708","신규","-","","","아파트"
"22234","대구광역시 북구 노원동3가","1227","1227","0000","대구노원한신더휴","월세","39.9300","202507","15","1,000","48","12","2017","노원로10길 40","202507~202707","신규","-","","","아파트"
"22235","대구광역시 수성구 시지동","499","0499","0000","노변다숲","월세","53.3225","202507","15","1,000","45","7","1996","노변공원로 34","202508~202708","신규","-","","","아파트"
"22236","대구광역시 북구 침산동","123-1","0123","0001","침산화성2","월세","112.9600","202507","15","3,000","75","16","1999","침산남로37길 24","202507~202707","신규","-","","","아파트"
"22237","대구광역시 북구 동변동","679","0679","0000","주공그린빌8","월세","46.2000","202507","15","500","55","11","2002","동변로 55","202507~202707","신규","-","","","아파트"
"22238","대구광역시 북구 동변동","697","0697","0000","유니버시아드선수촌1단지","월세","109.9002","202507","15","3,000","90","15","2003","동변로 50","202508~202708","신규","-","","","아파트"
"22239","대구광역시 북구 구암동","787-3","0787","0003","부영3차","월세","81.1563","202507","15","1,000","70","10","2002","구암서로 7","202508~202708","신규","-","","","아파트"
"22240","대구광역시 북구 매천동","750","0750","0000","한신더휴웨스턴팰리스","월세","101.8827","202507","15","3,000","130","5","2019","매전로4길 32","202507~202707","신규","-","","","아파트"
"22241","대구광역시 수성구 황금동","365","0365","0000","캐슬골드파크5단지","월세","84.9700","202507","15","1,000","100","15","2006","청수로 214","202508~202708","신규","-","","","아파트"
"22242","대구광역시 북구 사수동","812","0812","0000","서희스타힐스테이","월세","84.9924","202507","15","15,000","27","5","2019","내곡로 90","202509~202709","신규","-","","","아파트"
"22243","대구광역시 수성구 사월동","464","0464","0000","사월보성","월세","59.9700","202507","15","1,000","50","15","1996","욱수천로 133","202507~202707","신규","-","","","아파트"
"22244","대구광역시 수성구 수성동3가","57","0057","0000","수성3가롯데캐슬","전세","121.1685","202507","15","63,000","0","10","2008","명덕로 455","202509~202709","신규","-","","","아파트"
"22245","대구광역시 북구 태전동","1103","1103","0000","휴먼시아1단지","월세","59.8700","202507","15","6,508","11","15","2008","매전로 73","202507~202706","갱신","-","3,794","12","아파트"
"22246","대구광역시 수성구 범어동","2272","2272","0000","범어에일린의뜰","전세","84.9603","202507","15","45,000","0","9","2021","청솔로14길 15","202507~202603","갱신","사용","43,000","0","아파트"
"22247","대구광역시 수성구 범어동","2240","2240","0000","e편한세상범어","전세","84.7910","202507","15","30,000","0","14","2015","들안로78길 45","202508~202708","신규","-","","","아파트"
"22248","대구광역시 북구 동변동","682","0682","0000","유니버시아드선수촌2단지","전세","73.2815","202507","15","17,000","0","9","2003","동변로 24","202508~202708","신규","-","","","아파트"
"22249","대구광역시 수성구 범어동","2272","2272","0000","범어에일린의뜰","전세","84.9608","202507","15","56,000","0","11","2021","청솔로14길 15","202507~202707","신규","-","","","아파트"
"22250","대구광역시 수성구 범어동","2238","2238","0000","범어 화산샬레","전세","74.6997","202507","15","37,800","0","13","2014","청호로 411-3","202507~202601","갱신","-","36,000","0","아파트"
"22251","대구광역시 수성구 범어동","2264","2264","0000","힐스테이트범어","월세","84.9218","202507","15","30,000","160","4","2020","범어로18길 22","202509~202909","신규","-","","","아파트"
"22252","대구광역시 북구 고성동1가","275","0275","0000","태왕THE아너스오페라","월세","121.8288","202507","15","4,000","150","14","2025","칠성남로 10","202508~202608","신규","-","","","아파트"
"22253","대구광역시 수성구 만촌동","777","0777","0000","만촌우방타운2단지","월세","59.7300","202507","15","1,000","70","12","1996","교학로11길 91","202507~202607","신규","-","","","아파트"
"22254","대구광역시 수성구 황금동","986","0986","0000","힐스테이트황금엘포레","전세","84.9899","202507","15","43,000","0","5","2022","청솔로 16","202508~202708","신규","-","","","아파트"
"22255","대구광역시 수성구 매호동","1040","1040","0000","매호동서타운","전세","185.3000","202507","15","37,000","0","10","1995","천을로 180","202512~202912","신규","-","","","아파트"
"22256","대구광역시 수성구 범물동","1261","1261","0000","범물하이츠","전세","49.9350","202507","15","12,000","0","10","1992","용학로 336","202507~202707","갱신","-","12,000","0","아파트"
"22257","대구광역시 북구 동변동","682","0682","0000","유니버시아드선수촌2단지","전세","73.2815","202507","15","17,000","0","9","2003","동변로 24","202508~202708","신규","-","","","아파트"
"22258","대구광역시 수성구 파동","1009","1009","0000","수성해모로하이엔","월세","84.7991","202507","15","2,000","110","15","2024","파동로 47","202508~202708","신규","-","","","아파트"
"22259","대구광역시 중구 남산동","2990","2990","0000","남산휴먼시아1단지","월세","51.8100","202507","15","853","31","4","2008","달구벌대로 1960","202507~202709","신규","-","","","아파트"
"22260","대구광역시 중구 동인동1가","420","0420","0000","힐스테이트동인더스카이","전세","84.9976","202507","15","26,000","0","20","2025","태평로 240","202507~202707","신규","-","","","아파트"
"22261","대구광역시 중구 교동","8","0008","0000","노마즈하우스","월세","14.5980","202507","15","200","35","13","2014","공평로 105","202507~202607","신규","-","","","아파트"
"22262","대구광역시 남구 대명동","3079","3079","0000","힐스테이트대명센트럴(101,102동)","월세","84.5272","202507","15","2,000","110","34","2024","대명로 256","202507~202707","신규","-","","","아파트"
"22263","대구광역시 동구 율하동","1302","1302","0000","율하휴먼시아5단지","월세","59.8800","202507","15","6,976","12","7","2008","율하서로 59","202509~202708","갱신","-","6,798","11","아파트"
"22264","대구광역시 남구 이천동","1177","1177","0000","대봉교역태왕아너스","전세","84.7801","202507","15","29,000","0","15","2023","대봉로30길 15","202507~202707","신규","-","","","아파트"
"22265","대구광역시 남구 이천동","1177","1177","0000","대봉교역태왕아너스","월세","59.9981","202507","15","3,000","82","12","2023","대봉로30길 15","202508~202708","신규","-","","","아파트"
"22266","대구광역시 남구 이천동","1177","1177","0000","대봉교역태왕아너스","전세","84.7801","202507","15","29,000","0","15","2023","대봉로30길 15","202507~202707","신규","-","","","아파트"
"22267","대구광역시 중구 남산동","2990","2990","0000","남산휴먼시아1단지","월세","51.8100","202507","15","5,619","10","8","2008","달구벌대로 1960","202510~202709","갱신","-","5,519","10","아파트"
"22268","대구광역시 중구 남산동","3030","3030","0000","남산자이하늘채","월세","59.1983","202507","15","2,000","105","16","2022","명덕로 33","202509~202709","신규","-","","","아파트"
"22269","대구광역시 중구 남산동","3043","3043","0000","반월당역서한포레스트","월세","69.9124","202507","15","5,000","90","25","2022","중앙대로67길 11","202508~202708","신규","-","","","아파트"
"22270","대구광역시 동구 괴전동","655","0655","0000","안심역삼정그린코아더베스트","전세","84.6731","202507","15","25,000","0","18","2021","반야월북로 355","202507~202707","신규","-","","","아파트"
"22271","대구광역시 동구 괴전동","652","0652","0000","안심역우방아이유쉘","전세","84.6600","202507","15","22,000","0","13","2016","금강로21길 10","202508~202708","갱신","사용","22,000","0","아파트"
"22272","대구광역시 서구 평리동","1497-44","1497","0044","서대구역서한이다음더퍼스트","전세","39.8388","202507","15","13,120","0","9","2023","국채보상로37길 38","202508~202708","갱신","사용","12,500","0","아파트"
"22273","대구광역시 서구 평리동","632-9","0632","0009","서대구KTX영무예다음","전세","84.4481","202507","15","23,000","0","21","2023","당산로 446","202509~202709","신규","-","","","아파트"
"22274","대구광역시 서구 평리동","1497-44","1497","0044","서대구역서한이다음더퍼스트","전세","39.8388","202507","15","13,120","0","8","2023","국채보상로37길 38","202508~202708","갱신","사용","12,500","0","아파트"
"22275","대구광역시 서구 평리동","1676","1676","0000","평리롯데캐슬","전세","84.9639","202507","15","22,000","0","6","2009","국채보상로 316","202508~202708","신규","-","","","아파트"
"22276","대구광역시 동구 사복동","838","0838","0000","대구혁신엘에이치이노힐즈","월세","74.9900","202507","15","1,000","70","13","2015","메디밸리로 35","202508~202708","신규","-","","","아파트"
"22277","대구광역시 동구 방촌동","1152","1152","0000","방촌역세영리첼아파트","전세","82.1452","202507","15","25,000","0","4","2021","동촌로 260","202508~202708","갱신","사용","24,000","0","아파트"
"22278","대구광역시 동구 효목동","337","0337","0000","태왕메트로시티","월세","59.8500","202507","15","1,000","54","4","2003","동북로 500","202509~202709","신규","-","","","아파트"
"22279","대구광역시 동구 효목동","337","0337","0000","태왕메트로시티","월세","84.9200","202507","15","1,000","71","11","2003","동북로 500","202508~202708","신규","-","","","아파트"
"22280","대구광역시 동구 봉무동","1530","1530","0000","대구이시아폴리스더샵3차","월세","96.8600","202507","15","2,000","80","4","2013","팔공로51길 10","202508~202708","신규","-","","","아파트"
"22281","대구광역시 동구 봉무동","1537","1537","0000","협성휴포레이시아폴리스","월세","84.9324","202507","15","3,000","100","4","2018","팔공로 260","202507~202607","신규","-","","","아파트"
"22282","대구광역시 서구 내당동","308-11","0308","0011","삼익뉴타운","월세","46.1350","202507","15","500","40","11","1981","평리로 236","202507~202707","신규","-","","","아파트"
"22283","대구광역시 서구 내당동","308-11","0308","0011","삼익뉴타운","전세","84.8800","202507","15","15,000","0","9","1981","평리로 236","202507~202707","갱신","-","18,000","0","아파트"
"22284","대구광역시 서구 내당동","3333","3333","0000","두류역자이","전세","59.9708","202507","15","24,000","0","16","2025","달구벌대로 1769-7","202509~202709","신규","-","","","아파트"
"22285","대구광역시 동구 불로동","1160","1160","0000","에덴공항1","월세","39.4200","202507","15","500","35","2","1988","팔공로29길 10","202507~202707","신규","-","","","아파트"
"22286","대구광역시 동구 신천동","1508","1508","0000","동대구역우방아이유쉘","월세","84.9842","202507","14","2,000","115","21","2022","동부로 115","202507~202707","신규","-","","","아파트"
"22287","대구광역시 동구 신암동","1852","1852","0000","동대구해모로스퀘어웨스트","월세","59.8510","202507","14","2,000","85","3","2023","동북로 340","202509~202709","신규","-","","","아파트"
"22288","대구광역시 동구 신암동","1870","1870","0000","해링턴플레이스동대구","전세","59.9469","202507","14","18,900","0","2","2024","경대로 126","202508~202708","갱신","사용","18,000","0","아파트"
"22289","대구광역시 동구 신암동","1852","1852","0000","동대구해모로스퀘어웨스트","전세","76.7437","202507","14","29,000","0","8","2023","동북로 340","202507~202707","신규","-","","","아파트"
"22290","대구광역시 서구 내당동","458-46","0458","0046","대진맨션","월세","66.8200","202507","14","1,000","45","4","1980","당산로 206","202507~202707","신규","-","","","아파트"
"22291","대구광역시 서구 내당동","340","0340","0000","광명","월세","52.2200","202507","14","500","35","1","1981","평리로 214","202507~202707","신규","-","","","아파트"
"22292","대구광역시 동구 사복동","852","0852","0000","혁신도시서한e스테이","월세","59.5100","202507","14","9,875","13","10","2020","혁신대로 504","202509~202709","갱신","사용","9,875","12","아파트"
"22293","대구광역시 중구 남산동","2990","2990","0000","남산휴먼시아1단지","월세","51.8100","202507","14","3,453","23","10","2008","달구벌대로 1960","202507~202709","신규","-","","","아파트"
"22294","대구광역시 동구 신암동","31","0031","0000","동서2차","전세","65.0600","202507","14","10,000","0","5","1985","아양로39길 20","202508~202708","신규","-","","","아파트"
"22295","대구광역시 남구 봉덕동","산89-3","0089","0003","미리내","월세","84.1900","202507","14","1,000","60","9","1983","효성로 13","202507~202707","신규","-","","","아파트"
"22296","대구광역시 동구 신천동","56-1","0056","0001","동대구동화아이위시","월세","84.9876","202507","14","2,000","110","3","2023","동부로 107","202508~202710","신규","-","","","아파트"
"22297","대구광역시 남구 봉덕동","1650","1650","0000","앞산봉덕영무예다음","월세","39.8748","202507","14","4,734","24","4","2020","대봉로 12","-","-","-","","","아파트"
"22298","대구광역시 중구 남산동","2990","2990","0000","남산휴먼시아1단지","월세","51.8100","202507","14","3,453","23","21","2008","달구벌대로 1960","202507~202709","신규","-","","","아파트"
"22299","대구광역시 중구 남산동","2990","2990","0000","남산휴먼시아1단지","월세","51.8100","202507","14","3,453","23","17","2008","달구벌대로 1960","202507~202709","신규","-","","","아파트"
"22300","대구광역시 중구 남산동","437-1","0437","0001","인터불고코아시스","월세","26.9326","202507","14","2,000","38","3","2014","명륜로 19","202507~202707","신규","-","","","아파트"
"22301","대구광역시 동구 각산동","1061","1061","0000","대구혁신에듀포레","전세","84.7300","202507","14","21,000","0","11","2013","과학로 45","202508~202708","갱신","-","23,000","0","아파트"
"22302","대구광역시 동구 용계동","575-12","0575","0012","용계역푸르지오아츠베르1단지","월세","84.9900","202507","14","1,000","90","2","2023","화랑로108길 42","202507~202607","신규","-","","","아파트"
"22303","대구광역시 동구 신기동","557","0557","0000","신기모란3차","월세","59.4600","202507","14","500","43","5","1988","율하동로20길 31","202507~202707","신규","-","","","아파트"
"22304","대구광역시 동구 사복동","838","0838","0000","대구혁신엘에이치이노힐즈","월세","84.9800","202507","14","2,000","75","10","2015","메디밸리로 35","202508~202708","신규","-","","","아파트"
"22305","대구광역시 동구 각산동","1030","1030","0000","대구혁신도시서한이다음2차","전세","64.3896","202507","14","20,500","0","10","2015","이노밸리로29길 34","202507~202707","갱신","-","21,000","0","아파트"
"22306","대구광역시 서구 내당동","350-1","0350","0001","삼익주택","월세","84.6600","202507","14","1,000","75","1","1979","서대구로 25","202508~202707","신규","-","","","아파트"
"22307","대구광역시 동구 지묘동","1386","1386","0000","LH뉴웰시티","전세","59.9900","202507","14","18,000","0","12","2021","동화천로77길 30","202509~202709","신규","-","","","아파트"
"22308","대구광역시 동구 율하동","1621","1621","0000","율하휴먼시아10단지","월세","59.8800","202507","14","6,707","12","13","2010","율하동로8길 16","202508~202707","갱신","-","6,536","11","아파트"
"22309","대구광역시 동구 율암동","1297","1297","0000","대구 파라곤 프레스티지","월세","84.8406","202507","14","2,000","100","6","2023","안심뉴타운7로 13","202508~202708","신규","-","","","아파트"
"22310","대구광역시 동구 신기동","576","0576","0000","신기모란2차","월세","58.9800","202507","14","1,000","40","5","1988","율하동로20길 30","202508~202708","신규","-","","","아파트"
"22311","대구광역시 남구 이천동","214-456","0214","0456","강변타운","전세","59.8500","202507","14","13,650","0","6","1994","명덕로68길 19","202508~202708","갱신","사용","13,000","0","아파트"
"22312","대구광역시 동구 지묘동","500","0500","0000","화성명산타운","월세","59.9100","202507","14","500","60","11","1994","파계로22길 7","202507~202707","신규","-","","","아파트"
"22313","대구광역시 북구 칠성동2가","733","0733","0000","오페라삼정그린코아더베스트","전세","66.6347","202507","14","25,000","0","6","2017","침산로 100","202509~202709","신규","-","","","아파트"
"22314","대구광역시 서구 내당동","3333","3333","0000","두류역자이","전세","59.9708","202507","14","27,500","0","35","2025","달구벌대로 1769-7","202509~202709","신규","-","","","아파트"
"22315","대구광역시 서구 내당동","3333","3333","0000","두류역자이","전세","59.9708","202507","14","26,000","0","38","2025","달구벌대로 1769-7","202509~202709","신규","-","","","아파트"
"22316","대구광역시 서구 내당동","3333","3333","0000","두류역자이","전세","84.9396","202507","14","30,000","0","44","2025","달구벌대로 1769-7","202509~202709","신규","-","","","아파트"
"22317","대구광역시 서구 평리동","632-9","0632","0009","서대구KTX영무예다음","월세","84.5785","202507","14","3,000","85","21","2023","당산로 446","202508~202708","신규","-","","","아파트"
"22318","대구광역시 서구 평리동","1497-44","1497","0044","서대구역서한이다음더퍼스트","전세","39.8388","202507","14","13,650","0","15","2023","국채보상로37길 38","202507~202707","갱신","사용","13,000","0","아파트"
"22319","대구광역시 중구 남산동","2990","2990","0000","남산휴먼시아1단지","월세","51.8100","202507","14","3,453","23","4","2008","달구벌대로 1960","202507~202709","신규","-","","","아파트"
"22320","대구광역시 서구 평리동","1497-44","1497","0044","서대구역서한이다음더퍼스트","월세","76.9170","202507","14","2,000","90","13","2023","국채보상로37길 38","202508~202608","신규","-","","","아파트"
"22321","대구광역시 남구 봉덕동","1650","1650","0000","앞산봉덕영무예다음","월세","39.8748","202507","14","5,260","26","5","2020","대봉로 12","202507~202709","신규","-","","","아파트"
"22322","대구광역시 북구 칠성동2가","2-2","0002","0002","침산1차푸르지오(2-2)","월세","112.1100","202507","14","30,000","10","7","2005","침산로21길 23","202508~202708","신규","-","","","아파트"
"22323","대구광역시 동구 동호동","362","0362","0000","상록아파트","월세","59.7200","202507","14","1,957","26","11","2004","동호로 47","202507~202707","신규","-","","","아파트"
"22324","대구광역시 서구 내당동","458-46","0458","0046","대진맨션","월세","66.8200","202507","14","400","45","2","1980","당산로 206","202507~202707","신규","-","","","아파트"
"22325","대구광역시 동구 각산동","1029","1029","0000","대구혁신도시서한이다음","전세","74.5560","202507","14","21,000","0","4","2015","이노밸리로29길 56","202507~202707","갱신","-","21,000","0","아파트"
"22326","대구광역시 동구 괴전동","654","0654","0000","안심역코오롱하늘채","전세","63.3713","202507","14","22,800","0","16","2017","금강로21길 30","202508~202708","신규","-","","","아파트"
"22327","대구광역시 서구 내당동","458-46","0458","0046","대진맨션","월세","66.8200","202507","14","400","45","2","1980","당산로 206","202507~202707","신규","-","","","아파트"
"22328","대구광역시 남구 봉덕동","1650","1650","0000","앞산봉덕영무예다음","월세","39.8748","202507","14","4,734","24","4","2020","대봉로 12","202507~202709","신규","-","","","아파트"
"22329","대구광역시 달성군 다사읍 매곡리","1539","1539","0000","죽곡휴먼시아1단지","월세","59.8800","202507","14","6,754","12","9","2008","대실역북로1길 6","202509~202708","갱신","-","6,581","11","아파트"
"22330","대구광역시 달서구 상인동","1591","1591","0000","시영장미3","월세","49.8000","202507","14","500","30","1","1993","상화로 370","202507~202707","신규","-","","","아파트"
"22331","대구광역시 달서구 파호동","89","0089","0000","삼성명가타운","월세","59.9000","202507","14","1,000","65","17","2000","호산로 125","202507~202701","신규","-","","","아파트"
"22332","대구광역시 중구 대봉동","60-10","0060","0010","센트로팰리스","전세","80.7060","202507","14","26,000","0","19","2007","대봉로 260","202509~202709","신규","-","","","아파트"
"22333","대구광역시 달서구 두류동","2346","2346","0000","두류센트레빌더시티","전세","84.5625","202507","14","30,000","0","10","2022","당산로36길 11","202507~202707","신규","-","","","아파트"
"22334","대구광역시 달서구 감삼동","560-1","0560","0001","죽전역해링턴플레이스더원","전세","101.6900","202507","14","34,000","0","19","2023","와룡로31길 16","202509~202709","신규","-","","","아파트"
"22335","대구광역시 중구 대봉동","60-10","0060","0010","센트로팰리스","전세","80.7060","202507","14","26,000","0","19","2007","대봉로 260","202509~202709","신규","-","","","아파트"
"22336","대구광역시 달서구 이곡동","1330","1330","0000","성서푸른마을","월세","134.9400","202507","14","2,000","77","1","1997","선원로 137","202510~202710","신규","-","","","아파트"
"22337","대구광역시 달서구 두류동","2346","2346","0000","두류센트레빌더시티","전세","84.7182","202507","14","28,300","0","4","2022","당산로36길 11","202507~202707","신규","-","","","아파트"
"22338","대구광역시 달서구 감삼동","461","0461","0000","월드마크웨스트엔드","월세","150.7300","202507","14","5,000","180","18","2010","와룡로 169","202507~202707","신규","-","","","아파트"
"22339","대구광역시 달서구 본리동","306-1","0306","0001","아카시아","월세","84.9950","202507","14","1,000","50","2","1987","대명천로 153","202508~202708","신규","-","","","아파트"
"22340","대구광역시 달서구 본리동","306-1","0306","0001","아카시아","월세","84.9950","202507","14","1,000","50","2","1987","대명천로 153","202508~202708","신규","-","","","아파트"
"22341","대구광역시 달서구 유천동","605","0605","0000","현대아이파크","전세","59.9294","202507","14","25,000","0","26","2015","조암남로 182","202509~202709","신규","-","","","아파트"
"22342","대구광역시 달서구 도원동","1442","1442","0000","별메마을","월세","59.7600","202507","14","1,000","46","14","1996","도원로 46","202509~202709","신규","-","","","아파트"
"22343","대구광역시 달성군 논공읍 금포리","2506","2506","0000","우신미가뷰아파트","월세","84.8571","202507","14","500","60","4","2018","금포로 75-20","202508~202708","신규","-","","","아파트"
"22344","대구광역시 달서구 대곡동","1138","1138","0000","대구대곡수목원풍경그린","월세","59.1800","202507","14","10,400","18","13","2019","갈밭남로 64","202507~202709","신규","-","","","아파트"
"22345","대구광역시 달서구 송현동","1911","1911","0000","월성","월세","49.1400","202507","14","500","25","1","1981","송현로16길 43","202507~202707","신규","-","","","아파트"
"22346","대구광역시 달서구 송현동","906","0906","0000","송현우방하이츠","월세","59.9900","202507","14","1,000","65","12","2002","학산남로 90","202507~202607","신규","-","","","아파트"
"22347","대구광역시 달서구 대곡동","1031","1031","0000","대곡청구제네스","전세","84.8945","202507","14","20,000","0","17","2004","상화로 90","202410~202610","신규","-","","","아파트"
"22348","대구광역시 달성군 현풍읍 대리","1176","1176","0000","국가산단서한이다음아파트","월세","74.5400","202507","14","5,603","22","15","2019","국가산단대로70길 41","202508~202708","신규","-","","","아파트"
"22349","대구광역시 달서구 월성동","120","0120","0000","월성푸르지오","전세","84.9232","202507","14","30,000","0","17","2008","조암로6길 20","202508~202708","신규","-","","","아파트"
"22350","대구광역시 달성군 유가읍 봉리","602","0602","0000","대구테크노폴리스4단지","월세","51.9800","202507","14","6,700","16","10","2017","테크노상업로 111","202507~202709","신규","-","","","아파트"
"22351","대구광역시 달성군 유가읍 봉리","602","0602","0000","대구테크노폴리스4단지","월세","51.9800","202507","14","1,000","42","5","2017","테크노상업로 111","202507~202709","신규","-","","","아파트"
"22352","대구광역시 북구 동천동","891","0891","0000","동화골든빌","전세","57.6183","202507","14","17,000","0","5","2002","동천로 156","202509~202709","신규","-","","","아파트"
"22353","대구광역시 북구 학정동","984","0984","0000","칠곡7주공아파트","월세","36.9000","202507","14","1,853","13","9","2007","학남로 60","202507~202709","신규","-","","","아파트"
"22354","대구광역시 북구 학정동","984","0984","0000","칠곡7주공아파트","월세","36.9000","202507","14","1,853","13","3","2007","학남로 60","202507~202709","신규","-","","","아파트"
"22355","대구광역시 수성구 상동","178-1","0178","0001","청구중동","월세","63.6170","202507","14","9,000","7","5","1981","신천동로 150","202508~202708","신규","-","","","아파트"
"22356","대구광역시 북구 대현동","535","0535","0000","센트럴파크대현","전세","84.6400","202507","14","27,000","0","8","2016","대현남로6길 20","202508~202708","신규","-","","","아파트"
"22357","대구광역시 북구 대현동","535","0535","0000","센트럴파크대현","전세","84.6400","202507","14","27,000","0","8","2016","대현남로6길 20","202508~202708","신규","-","","","아파트"
"22358","대구광역시 수성구 범어동","320","0320","0000","경남타운","전세","84.5500","202507","14","17,000","0","1","1982","범어로 27","202509~202709","신규","-","","","아파트"
"22359","대구광역시 수성구 범어동","2272","2272","0000","범어에일린의뜰","전세","72.9621","202507","14","39,000","0","15","2021","청솔로14길 15","202509~202709","신규","-","","","아파트"
"22360","대구광역시 수성구 만촌동","1483","1483","0000","만촌삼정그린코아에듀파크","전세","84.9740","202507","14","42,000","0","21","2019","교학로 65","202507~202707","신규","-","","","아파트"
"22361","대구광역시 수성구 범어동","2291","2291","0000","수성범어W","전세","84.9974","202507","14","60,000","0","18","2023","달구벌대로 2436","202510~202710","신규","-","","","아파트"
"22362","대구광역시 수성구 범어동","908-4","0908","0004","범어유림노르웨이숲2차","월세","74.7456","202507","14","3,000","110","13","2007","동대구로50길 67","202510~202710","신규","-","","","아파트"
"22363","대구광역시 북구 국우동","1142","1142","0000","힐스테이트데시앙도남1단지","월세","84.9628","202507","14","10,000","65","14","2021","도남길 76","202509~202709","신규","-","","","아파트"
"22364","대구광역시 수성구 두산동","85","0085","0000","호반써밋수성","월세","42.0245","202507","14","1,000","80","8","2024","청수로24길 71","202508~202704","신규","-","","","아파트"
"22365","대구광역시 수성구 범어동","179","0179","0000","두산위브더제니스","전세","137.0619","202507","14","75,000","0","12","2009","달구벌대로 2435","202510~202812","신규","-","","","아파트"
"22366","대구광역시 북구 태전동","1244","1244","0000","대구태전역광신프로그레스","월세","75.0162","202507","14","2,000","80","1","2023","태전로7길 34","202509~202709","신규","-","","","아파트"
"22367","대구광역시 북구 태전동","936","0936","0000","롯데","전세","112.5600","202507","14","15,000","0","14","1993","구암로 12","202508~202708","신규","-","","","아파트"
"22368","대구광역시 북구 태전동","695","0695","0000","중석타운","월세","84.8400","202507","14","2,000","63","7","1995","학정로7길 3","202508~202708","신규","-","","","아파트"
"22369","대구광역시 북구 서변동","1775","1775","0000","화성리버파크1","월세","84.9318","202507","14","5,000","55","6","2003","서변로 72","202508~202708","신규","-","","","아파트"
"22370","대구광역시 북구 동천동","891","0891","0000","동화골든빌","전세","57.6183","202507","14","17,000","0","5","2002","동천로 156","202509~202706","신규","-","","","아파트"
"22371","대구광역시 수성구 중동","641","0641","0000","수성효성해링턴플레이스","전세","84.6009","202507","14","32,000","0","14","2020","희망로24길 24","202507~202607","신규","-","","","아파트"
"22372","대구광역시 수성구 신매동","245","0245","0000","신매보성타운","전세","46.6100","202507","14","9,000","0","11","1997","달구벌대로651길 23","202508~202708","신규","-","","","아파트"
"22373","대구광역시 수성구 신매동","579","0579","0000","천마타운","월세","84.9900","202507","14","2,000","80","2","1994","신매로 71","202509~202709","신규","-","","","아파트"
"22374","대구광역시 수성구 신매동","570","0570","0000","시지삼주한라협화","전세","59.8800","202507","14","13,000","0","7","1994","신매로 91","202508~202708","신규","-","","","아파트"
"22375","대구광역시 북구 복현동","539-113","0539","0113","복현청구타운","월세","59.9700","202507","14","1,000","50","6","1996","검단로 34","202509~202709","신규","-","","","아파트"
"22376","대구광역시 북구 복현동","100-1","0100","0001","소라","월세","44.0550","202507","14","500","35","5","1981","복현로 104-11","202507~202707","신규","-","","","아파트"
"22377","대구광역시 수성구 중동","650","0650","0000","수성골드클래스더센텀","월세","84.6686","202507","14","5,000","135","11","2021","수성로 185","202508~202708","신규","-","","","아파트"
"22378","대구광역시 수성구 지산동","1270","1270","0000","청구타운","월세","134.7500","202507","14","2,000","90","8","1991","지산로 48","202509~202709","신규","-","","","아파트"
"22379","대구광역시 수성구 지산동","1273","1273","0000","협화맨션","월세","84.7600","202507","14","1,500","85","4","1991","지범로22길 23","202508~202708","신규","-","","","아파트"
"22380","대구광역시 수성구 지산동","1257-1","1257","0001","영남맨션","전세","84.9000","202507","14","19,000","0","3","1991","지산로 31","202508~202708","신규","-","","","아파트"
"22381","대구광역시 수성구 지산동","1766","1766","0000","더샵수성라크에르","전세","75.9022","202507","14","33,000","0","28","2024","지산로3길 33","202508~202708","신규","-","","","아파트"
"22382","대구광역시 수성구 사월동","464","0464","0000","사월보성","전세","59.9700","202507","14","13,500","0","6","1996","욱수천로 133","202508~202602","신규","-","","","아파트"
"22383","대구광역시 북구 복현동","241-1","0241","0001","복현블루밍브라운스톤명문세가","전세","76.0000","202507","14","15,080","0","4","2011","복현로 50","-","-","-","","","아파트"
"22384","대구광역시 북구 복현동","241-1","0241","0001","복현블루밍브라운스톤명문세가","전세","76.0000","202507","14","15,080","0","4","2011","복현로 50","202508~202708","신규","-","","","아파트"
"22385","대구광역시 북구 복현동","241-1","0241","0001","복현블루밍브라운스톤명문세가","전세","85.0000","202507","14","15,760","0","6","2011","복현로 50","202508~202708","신규","-","","","아파트"
"22386","대구광역시 수성구 시지동","486","0486","0000","노변청구","전세","59.9900","202507","14","14,000","0","2","1996","시지로 21","202506~202706","갱신","사용","14,000","0","아파트"
"22387","대구광역시 수성구 범물동","1372","1372","0000","청아타운","전세","134.7300","202507","14","25,000","0","15","1992","범안로 40","202507~202602","신규","-","","","아파트"
"22388","대구광역시 수성구 상동","555","0555","0000","수성동일하이빌레이크시티","월세","160.7595","202507","14","5,000","280","6","2009","수성로 71","202508~202708","신규","-","","","아파트"
"22389","대구광역시 수성구 황금동","365","0365","0000","캐슬골드파크4단지","전세","116.8200","202507","14","36,100","0","11","2006","청수로 261","202507~202707","갱신","사용","35,000","0","아파트"
"22390","대구광역시 수성구 황금동","862-5","0862","0005","힐스테이트황금역리저브2단지","전세","82.1252","202507","14","43,000","0","36","2024","청수로25길 24","202507~202707","신규","-","","","아파트"
"22391","대구광역시 수성구 수성동4가","1090-6","1090","0006","수성보성","월세","84.9800","202507","14","2,000","90","12","1996","수성로 412","202508~202708","신규","-","","","아파트"
"22392","대구광역시 수성구 황금동","365","0365","0000","캐슬골드파크1단지","전세","84.9700","202507","14","38,000","0","4","2006","청수로 213","202507~202707","신규","-","","","아파트"
"22393","대구광역시 수성구 매호동","1330","1330","0000","누리타운","월세","55.3200","202507","14","1,000","45","8","1995","달구벌대로637길 21","202507~202707","신규","-","","","아파트"
"22394","대구광역시 수성구 황금동","705-1","0705","0001","미진타운","월세","59.6700","202507","13","2,000","35","12","1994","청솔로12길 40","202508~202705","신규","-","","","아파트"
"22395","대구광역시 북구 동천동","889","0889","0000","칠곡우방하이츠","월세","59.9600","202507","13","1,000","70","18","1999","구리로 26","202507~202707","신규","-","","","아파트"
"22396","대구광역시 북구 사수동","833","0833","0000","금호서한이다음","전세","84.5500","202507","13","20,000","0","5","2016","한강로 17","202509~202709","신규","-","","","아파트"
"22397","대구광역시 북구 태전동","1181","1181","0000","이진캐스빌","전세","59.8818","202507","13","22,500","0","3","2015","칠곡중앙대로51길 50","202509~202709","신규","-","","","아파트"
"22398","대구광역시 북구 국우동","1234","1234","0000","힐스테이트데시앙도남3단지","전세","84.9628","202507","13","29,000","0","14","2021","도남중앙로7길 7","202509~202709","신규","-","","","아파트"
"22399","대구광역시 수성구 범어동","2148","2148","0000","범어화성파크드림","월세","126.3265","202507","13","5,000","140","18","2006","범어천로 180","202507~202707","신규","-","","","아파트"
"22400","대구광역시 수성구 매호동","1331","1331","0000","하나타운","월세","49.9200","202507","13","1,000","40","6","1995","고산로 123","202509~202709","신규","-","","","아파트"
"22401","대구광역시 수성구 수성동4가","1115-16","1115","0016","대림이편한세상","전세","152.0175","202507","13","45,000","0","5","2005","들안로73길 50-7","202509~202709","신규","-","","","아파트"
"22402","대구광역시 수성구 매호동","979-4","0979","0004","한일유앤아이","전세","84.9925","202507","13","21,000","0","4","2006","고산로 162","202508~202708","신규","-","","","아파트"
"22403","대구광역시 수성구 수성동1가","613","0613","0000","신세계타운","전세","134.7900","202507","13","25,000","0","2","1989","신천동로 320","202507~202707","갱신","-","33,600","0","아파트"
"22404","대구광역시 수성구 지산동","761","0761","0000","녹원맨션","월세","131.7200","202507","13","3,000","115","3","1989","무학로 189","202510~202710","신규","-","","","아파트"
"22405","대구광역시 수성구 지산동","1200","1200","0000","목련","월세","42.6600","202507","13","1,000","35","3","1986","용학로42길 13","202508~202607","신규","-","","","아파트"
"22406","대구광역시 수성구 신매동","569","0569","0000","시지대백신화창신맨션","전세","59.7500","202507","13","11,000","0","14","1994","고산로 90","202508~202708","신규","-","","","아파트"
"22407","대구광역시 수성구 신매동","580","0580","0000","시지청솔타운","전세","57.3900","202507","13","12,000","0","12","1995","고산로 70","202508~202708","신규","-","","","아파트"
"22408","대구광역시 북구 산격동","793-49","0793","0049","금오","월세","36.8100","202507","13","500","35","4","1982","연암로25길 11","202508~202608","신규","-","","","아파트"
"22409","대구광역시 수성구 만촌동","1483","1483","0000","만촌삼정그린코아에듀파크","전세","84.9740","202507","13","48,000","0","19","2019","교학로 65","202508~202708","신규","-","","","아파트"
"22410","대구광역시 수성구 황금동","985","0985","0000","힐스테이트황금동","전세","84.9258","202507","13","36,000","0","7","2018","청수로 274","202508~202708","신규","-","","","아파트"
"22411","대구광역시 서구 내당동","3333","3333","0000","두류역자이","전세","59.9708","202507","13","25,000","0","29","2025","달구벌대로 1769-7","202510~202710","신규","-","","","아파트"
"22412","대구광역시 중구 남산동","3049","3049","0000","청라힐스자이","전세","59.8861","202507","13","28,000","0","11","2023","남산로 73","202508~202708","신규","-","","","아파트"
"22413","대구광역시 중구 남산동","3030","3030","0000","남산자이하늘채","전세","84.8948","202507","13","33,000","0","18","2022","명덕로 33","202510~202710","신규","-","","","아파트"
"22414","대구광역시 동구 용계동","1060","1060","0000","율하역엘크루","전세","84.9142","202507","13","21,000","0","10","2015","안심로7길 7","202508~202708","신규","-","","","아파트"
"22415","대구광역시 동구 율암동","1297","1297","0000","대구 파라곤 프레스티지","월세","84.8406","202507","13","3,000","100","7","2023","안심뉴타운7로 13","202508~202708","신규","-","","","아파트"
"22416","대구광역시 동구 율암동","1297","1297","0000","대구 파라곤 프레스티지","월세","84.8406","202507","13","4,000","75","13","2023","안심뉴타운7로 13","202508~202708","신규","-","","","아파트"
"22417","대구광역시 동구 방촌동","1102-2","1102","0002","강변1","월세","84.9600","202507","13","2,000","60","3","1989","동촌로54길 13","202509~202709","신규","-","","","아파트"
"22418","대구광역시 북구 칠성동2가","355-1","0355","0001","칠성우방","월세","84.8900","202507","13","3,000","60","3","1998","중앙대로105길 22","202508~202708","신규","-","","","아파트"
"22419","대구광역시 중구 동인동1가","420","0420","0000","힐스테이트동인더스카이","월세","84.8120","202507","13","3,000","110","46","2025","태평로 240","202508~202708","신규","-","","","아파트"
"22420","대구광역시 중구 동인동1가","420","0420","0000","힐스테이트동인더스카이","전세","84.9962","202507","13","28,000","0","41","2025","태평로 240","202508~202708","신규","-","","","아파트"
"22421","대구광역시 중구 동인동1가","420","0420","0000","힐스테이트동인더스카이","월세","84.9389","202507","13","3,000","100","16","2025","태평로 240","202508~202708","신규","-","","","아파트"
"22422","대구광역시 중구 동인동1가","413","0413","0000","대구역센트럴대원칸타빌","월세","84.7824","202507","13","1,000","100","2","2024","태평로 224","202508~202708","신규","-","","","아파트"
"22423","대구광역시 동구 신암동","1860","1860","0000","동대구역화성파크드림","전세","59.9936","202507","13","28,000","0","7","2023","동대구로 590","202508~202708","신규","-","","","아파트"
"22424","대구광역시 동구 신천동","1503","1503","0000","신천자이","월세","59.9126","202507","13","1,000","85","2","2013","신암로16길 25","202509~202709","신규","-","","","아파트"
"22425","대구광역시 중구 달성동","352","0352","0000","달성파크푸르지오힐스테이트","전세","84.9713","202507","13","24,000","0","4","2023","달성로 123","202508~202602","갱신","사용","24,000","0","아파트"
"22426","대구광역시 서구 내당동","3333","3333","0000","두류역자이","전세","59.9708","202507","13","25,000","0","17","2025","달구벌대로 1769-7","-","-","-","","","아파트"
"22427","대구광역시 서구 내당동","3333","3333","0000","두류역자이","전세","84.9723","202507","13","32,000","0","25","2025","달구벌대로 1769-7","202509~202708","신규","-","","","아파트"
"22428","대구광역시 서구 내당동","3333","3333","0000","두류역자이","전세","59.9708","202507","13","25,000","0","17","2025","달구벌대로 1769-7","202509~202709","신규","-","","","아파트"
"22429","대구광역시 서구 내당동","3333","3333","0000","두류역자이","전세","84.9916","202507","13","45,000","0","36","2025","달구벌대로 1769-7","202508~202708","신규","-","","","아파트"
"22430","대구광역시 서구 내당동","3333","3333","0000","두류역자이","전세","59.9708","202507","13","24,000","0","8","2025","달구벌대로 1769-7","202509~202709","신규","-","","","아파트"
"22431","대구광역시 서구 내당동","3333","3333","0000","두류역자이","전세","59.9708","202507","13","25,000","0","17","2025","달구벌대로 1769-7","202509~202709","신규","-","","","아파트"
"22432","대구광역시 서구 평리동","632-9","0632","0009","서대구KTX영무예다음","월세","84.5785","202507","13","3,000","85","19","2023","당산로 446","202507~202707","신규","-","","","아파트"
"22433","대구광역시 서구 중리동","42-1","0042","0001","진달래2","월세","70.1100","202507","13","500","50","5","1983","국채보상로38길 22","202507~202707","신규","-","","","아파트"
"22434","대구광역시 달성군 다사읍 죽곡리","129-1","0129","0001","강창하이츠","월세","29.6400","202507","13","300","40","8","1999","달구벌대로 812","202507~202607","신규","-","","","아파트"
"22435","대구광역시 달서구 용산동","807","0807","0000","용산우방","월세","84.9300","202507","13","2,000","85","5","1997","용산로 174","202508~202708","갱신","-","2,000","90","아파트"
"22436","대구광역시 달성군 구지면 창리","1354","1354","0000","대구국가산단영무예다음","전세","67.7820","202507","13","11,550","0","10","2020","국가산단서로84길 118","202508~202708","갱신","사용","11,000","0","아파트"
"22437","대구광역시 달서구 본리동","76-1","0076","0001","성당래미안e-편한세상2단지","전세","84.9600","202507","13","21,000","0","5","2009","장기로 145","202509~202709","신규","-","","","아파트"
"22438","대구광역시 달서구 용산동","230-10","0230","0010","용산롯데캐슬","전세","123.4100","202507","13","30,000","0","20","2004","장산남로 33","202508~202708","신규","-","","","아파트"
"22439","대구광역시 달서구 도원동","1457","1457","0000","산새마을","월세","58.1400","202507","13","1,000","45","12","1996","도원남로 40","202508~202708","신규","-","","","아파트"
"22440","대구광역시 달성군 옥포읍 강림리","1099","1099","0000","LH허브시티","월세","51.4600","202507","13","1,000","45","8","2015","비슬로 1941","202507~202707","신규","-","","","아파트"
"22441","대구광역시 달성군 다사읍 매곡리","1575","1575","0000","다사역삼정그린코아더베스트","전세","84.8272","202507","13","23,000","0","3","2021","매곡로14길 8","202509~202709","신규","-","","","아파트"
"22442","대구광역시 달성군 다사읍 매곡리","1575","1575","0000","다사역삼정그린코아더베스트","전세","84.8272","202507","13","25,000","0","11","2021","매곡로14길 8","202509~202709","신규","-","","","아파트"
"22443","대구광역시 달서구 송현동","2056","2056","0000","한양수자인더팰리시티","월세","68.9000","202507","13","2,000","100","8","2024","구마로 230","202507~202707","신규","-","","","아파트"
"22444","대구광역시 달성군 구지면 응암리","1210","1210","0000","과학마을청아람","월세","59.8940","202507","13","515","45","14","2016","과학마을로 70","202509~202709","갱신","-","515","35","아파트"
"22445","대구광역시 달서구 진천동","843","0843","0000","진천역라온프라이빗센텀","월세","68.9202","202507","13","2,000","90","12","2022","진천로16길 26","202508~202601","신규","-","","","아파트"
"22446","대구광역시 달서구 월성동","364","0364","0000","월성보성1","월세","84.9900","202507","13","1,000","70","3","1991","학산로 30","202509~202610","신규","-","","","아파트"
"22447","대구광역시 달서구 유천동","612","0612","0000","대구월배2차아이파크","전세","84.2245","202507","13","30,000","0","6","2016","월배로5길 76","202509~202709","신규","-","","","아파트"
"22448","대구광역시 달서구 대곡동","4-1","0004","0001","대구금강아파트","월세","84.9800","202507","13","1,000","55","1","1990","비슬로540길 38","202507~202707","신규","-","","","아파트"
"22449","대구광역시 달서구 진천동","843","0843","0000","진천역라온프라이빗센텀","월세","84.9080","202507","12","3,500","125","6","2022","진천로16길 26","202508~202708","신규","-","","","아파트"
"22450","대구광역시 달서구 용산동","905","0905","0000","평화타운","전세","134.9700","202507","12","23,000","0","14","1994","성서동로 350","202507~202707","신규","-","","","아파트"
"22451","대구광역시 달서구 용산동","414-4","0414","0004","성서6주공","전세","49.9500","202507","12","10,000","0","1","1998","성지로 35","202510~202710","신규","-","","","아파트"
"22452","대구광역시 달성군 화원읍 구라리","1650","1650","0000","대곡역래미안","월세","84.2858","202507","12","13,000","30","13","2007","비슬로539길 35","202508~202708","신규","-","","","아파트"
"22453","대구광역시 달성군 구지면 창리","1354","1354","0000","대구국가산단영무예다음","월세","84.9966","202507","12","1,000","65","14","2020","국가산단서로84길 118","202507~202707","신규","-","","","아파트"
"22454","대구광역시 달성군 화원읍 천내리","42","0042","0000","(화원)영남","월세","53.4200","202507","12","2,000","35","1","1989","화원로 10","202507~202707","신규","-","","","아파트"
"22455","대구광역시 달성군 다사읍 죽곡리","814","0814","0000","대실역태왕아너스","전세","59.8870","202507","12","21,000","0","14","2017","대실역남로 11","-","-","-","","","아파트"
"22456","대구광역시 달성군 다사읍 죽곡리","814","0814","0000","대실역태왕아너스","월세","59.9880","202507","12","2,000","90","1","2017","대실역남로 11","202507~202607","신규","-","","","아파트"
"22457","대구광역시 달서구 대천동","1042","1042","0000","월배삼정그린코아포레스트","전세","84.5453","202507","12","34,500","0","4","2021","조암남로32길 40","202509~202709","신규","-","","","아파트"
"22458","대구광역시 달서구 성당동","840","0840","0000","두산위브","월세","112.1351","202507","12","3,000","70","14","2009","당산로 82","202510~202710","신규","-","","","아파트"
"22459","대구광역시 달서구 본리동","74-1","0074","0001","성당래미안e-편한세상1단지","전세","177.4100","202507","12","40,000","0","6","2009","장기로 189","202508~202707","신규","-","","","아파트"
"22460","대구광역시 달서구 대곡동","1012","1012","0000","삼성래미안1","월세","84.9500","202507","12","1,000","75","9","2000","상화로8길 23","202508~202708","신규","-","","","아파트"
"22461","대구광역시 달성군 구지면 응암리","1210","1210","0000","과학마을청아람","전세","59.8940","202507","12","10,000","0","13","2016","과학마을로 70","202508~202708","신규","-","","","아파트"
"22462","대구광역시 달서구 대곡동","66","0066","0000","월배동화타운","월세","59.9700","202507","12","1,000","50","16","1995","상화로 24","202509~202708","신규","-","","","아파트"
"22463","대구광역시 달성군 옥포읍 교항리","2984","2984","0000","옥포지구서한이다음","월세","59.9900","202507","12","1,500","55","3","2020","돌미로6길 5","202507~202707","신규","-","","","아파트"
"22464","대구광역시 달성군 다사읍 매곡리","1575","1575","0000","다사역삼정그린코아더베스트","월세","59.8348","202507","12","2,000","70","20","2021","매곡로14길 8","202507~202707","신규","-","","","아파트"
"22465","대구광역시 달성군 유가읍 봉리","605","0605","0000","호반베르디움","전세","84.8561","202507","12","19,425","0","6","2016","테크노대로5길 58","202509~202709","갱신","사용","30,000","0","아파트"
"22466","대구광역시 달서구 본동","747","0747","0000","빌리브클라쎄","전세","84.9454","202507","12","23,100","0","20","2023","와룡로 41","202507~202707","갱신","사용","22,000","0","아파트"
"22467","대구광역시 달성군 논공읍 남리","224","0224","0000","논공삼주","월세","45.4200","202507","12","200","35","1","1990","논공로7길 55","202507~202607","신규","-","","","아파트"
"22468","대구광역시 달서구 진천동","595","0595","0000","트윈팰리스","전세","84.1500","202507","12","22,000","0","15","2006","월배로 71","202509~202709","신규","-","","","아파트"
"22469","대구광역시 달서구 월성동","84","0084","0000","월성주공1(저층)","월세","59.2800","202507","12","1,000","40","3","1991","월곡로94길 30","202508~202708","신규","-","","","아파트"
"22470","대구광역시 달성군 다사읍 서재리","1134","1134","0000","메가시티태왕아너스","전세","77.9721","202507","12","22,000","0","12","2022","궁산2길 12","202510~202710","신규","-","","","아파트"
"22471","대구광역시 달서구 죽전동","279-1","0279","0001","빌리브죽전","월세","84.9960","202507","12","2,000","110","21","2023","달구벌대로 1581","202507~202707","신규","-","","","아파트"
"22472","대구광역시 달서구 월성동","1894","1894","0000","월성삼정그린코아에듀파크","월세","84.6758","202507","12","2,000","105","3","2022","월성로 100","202508~202708","신규","-","","","아파트"
"22473","대구광역시 달서구 본동","616","0616","0000","월성주공5","전세","38.6400","202507","12","5,000","0","7","1992","구마로12길 89","202507~202707","신규","-","","","아파트"
"22474","대구광역시 달서구 감삼동","118-2","0118","0002","감삼맨션","전세","58.7100","202507","12","9,000","0","3","1981","달구벌대로332길 78","202508~202708","신규","-","","","아파트"
"22475","대구광역시 달서구 월성동","536","0536","0000","월성e-편한세상","월세","155.8010","202507","12","5,000","180","19","2009","조암남로 10","202508~202708","신규","-","","","아파트"
"22476","대구광역시 달성군 다사읍 매곡리","1568","1568","0000","죽곡삼정그린코아더베스트","월세","103.9943","202507","12","2,000","120","6","2018","다사로 50","202508~202708","신규","-","","","아파트"
"22477","대구광역시 달서구 감삼동","118-2","0118","0002","감삼맨션","전세","58.7100","202507","12","9,000","0","3","1981","달구벌대로332길 78","202508~202708","신규","-","","","아파트"
"22478","대구광역시 달서구 월성동","84","0084","0000","월성주공1(저층)","월세","59.2800","202507","12","500","40","2","1991","월곡로94길 30","202508~202708","신규","-","","","아파트"
"22479","대구광역시 달서구 장기동","845","0845","0000","코오롱하늘채","전세","84.9438","202507","12","25,000","0","9","2019","용산로12길 77","-","-","-","","","아파트"
"22480","대구광역시 달서구 장기동","845","0845","0000","코오롱하늘채","전세","84.9438","202507","12","25,000","0","9","2019","용산로12길 77","202509~202709","신규","-","","","아파트"
"22481","대구광역시 달서구 유천동","605","0605","0000","현대아이파크","전세","59.9294","202507","12","24,500","0","24","2015","조암남로 182","202510~202710","갱신","사용","24,500","0","아파트"
"22482","대구광역시 달서구 대곡동","1012","1012","0000","삼성래미안1","월세","84.9500","202507","12","1,000","75","9","2000","상화로8길 23","202509~202709","신규","-","","","아파트"
"22483","대구광역시 달서구 진천동","716-6","0716","0006","코오롱하늘채","월세","115.7100","202507","12","1,000","90","19","2004","상화로 65","202507~202707","신규","-","","","아파트"
"22484","대구광역시 수성구 노변동","353","0353","0000","수성월드메르디앙","월세","84.8075","202507","12","3,000","90","3","2007","노변로 55","202509~202709","신규","-","","","아파트"
"22485","대구광역시 달성군 다사읍 죽곡리","814","0814","0000","대실역태왕아너스","전세","59.8870","202507","12","21,000","0","14","2017","대실역남로 11","202507~202707","갱신","사용","20,000","0","아파트"
"22486","대구광역시 중구 대봉동","60-10","0060","0010","센트로팰리스","월세","80.7060","202507","12","2,000","110","2","2007","대봉로 260","202507~202707","신규","-","","","아파트"
"22487","대구광역시 달서구 유천동","605","0605","0000","현대아이파크","전세","84.9962","202507","12","29,000","0","21","2015","조암남로 182","202508~202708","신규","-","","","아파트"
"22488","대구광역시 수성구 시지동","141-5","0141","0005","은세계","전세","59.7450","202507","12","12,000","0","9","1993","달구벌대로 3081","202509~202709","신규","-","","","아파트"
"22489","대구광역시 북구 팔달동","145","0145","0000","대백인터빌","전세","59.6700","202507","12","13,000","0","8","2002","작원길 25","202509~202709","신규","-","","","아파트"
"22490","대구광역시 수성구 만촌동","1497","1497","0000","만촌역태왕디아너스","월세","84.9818","202507","12","4,000","150","7","2024","달구벌대로 2599","-","-","-","","","아파트"
"22491","대구광역시 수성구 만촌동","1356-3","1356","0003","메트로팔레스1","전세","107.9000","202507","12","30,000","0","14","2003","동원로 135","202508~202708","신규","-","","","아파트"
"22492","대구광역시 수성구 만촌동","1497","1497","0000","만촌역태왕디아너스","월세","84.9818","202507","12","4,000","150","7","2024","달구벌대로 2599","202508~202708","신규","-","","","아파트"
"22493","대구광역시 북구 국우동","1110-3","1110","0003","칠곡현대아파트","월세","77.0470","202507","12","1,000","70","4","2001","구리로 254","202509~202709","신규","-","","","아파트"
"22494","대구광역시 수성구 황금동","365","0365","0000","캐슬골드파크1단지","전세","84.9700","202507","12","24,500","0","1","2006","청수로 213","202508~202708","갱신","사용","24,500","0","아파트"
"22495","대구광역시 북구 국우동","1110","1110","0000","그린빌1차","전세","49.5700","202507","12","9,500","0","11","1999","구리로 250","202509~202709","신규","-","","","아파트"
"22496","대구광역시 북구 구암동","785","0785","0000","화성그랜드파크","전세","124.6702","202507","12","40,000","0","13","2003","구암로65길 9","202509~202709","신규","-","","","아파트"
"22497","대구광역시 북구 복현동","709","0709","0000","복현아이파크","월세","84.9751","202507","12","3,000","120","6","2021","동북로 241","202508~202708","신규","-","","","아파트"
"22498","대구광역시 북구 복현동","368-1","0368","0001","광명","월세","46.6250","202507","12","1,000","40","2","1980","동북로65길 13","202508~202708","갱신","-","1,000","40","아파트"
"22499","대구광역시 북구 복현동","694","0694","0000","복현푸르지오","전세","84.9989","202507","12","25,000","0","10","2013","동북로 345","202508~202708","신규","-","","","아파트"
"22500","대구광역시 북구 복현동","694","0694","0000","복현푸르지오","전세","84.9989","202507","12","25,000","0","10","2013","동북로 345","202508~202708","신규","-","","","아파트"
"22501","대구광역시 수성구 범어동","2234","2234","0000","범어에스케이뷰","월세","84.9959","202507","12","30,000","60","5","2009","범어로 73","202507~202707","갱신","사용","30,000","50","아파트"
"22502","대구광역시 수성구 범어동","2017","2017","0000","청구성조타운","월세","59.4550","202507","12","2,000","65","8","1996","국채보상로 846","202508~202708","신규","-","","","아파트"
"22503","대구광역시 수성구 범어동","2280","2280","0000","빌리브범어120","월세","76.9720","202507","12","5,000","150","5","2022","범어로20길 120","202508~202708","신규","-","","","아파트"
"22504","대구광역시 수성구 범어동","산103","0103","0000","장원맨션","전세","84.9800","202507","12","27,000","0","11","1988","청호로 370","202508~202708","신규","-","","","아파트"
"22505","대구광역시 수성구 범어동","2272","2272","0000","범어에일린의뜰","전세","84.9410","202507","12","46,000","0","22","2021","청솔로14길 15","202508~202708","갱신","-","44,000","0","아파트"
"22506","대구광역시 수성구 범어동","2252","2252","0000","범어라온프라이빗2차","월세","84.9728","202507","12","5,000","190","1","2018","청호로 438","202509~202708","신규","-","","","아파트"
"22507","대구광역시 수성구 범어동","614-100","0614","0100","범어청구푸른마을","월세","84.9600","202507","12","2,000","90","14","2000","동대구로 240","202507~202607","신규","-","","","아파트"
"22508","대구광역시 수성구 범어동","966-1","0966","0001","범어월드메르디앙웨스턴카운티","월세","132.6887","202507","12","5,000","150","5","2008","범어천로 200","202510~202710","신규","-","","","아파트"
"22509","대구광역시 수성구 범어동","2017","2017","0000","청구성조타운","월세","84.9000","202507","12","3,000","80","16","1996","국채보상로 846","202508~202707","신규","-","","","아파트"
"22510","대구광역시 수성구 범어동","산103","0103","0000","장원맨션","전세","84.9800","202507","12","27,000","0","11","1988","청호로 370","202508~202708","신규","-","","","아파트"
"22511","대구광역시 북구 고성동1가","260","0260","0000","대구역오페라W","월세","84.9339","202507","12","2,000","110","19","2023","칠성남로 50","202507~202601","갱신","사용","24,000","0","아파트"
"22512","대구광역시 북구 고성동1가","260","0260","0000","대구역오페라W","월세","84.9506","202507","12","1,500","120","16","2023","칠성남로 50","202507~202707","신규","-","","","아파트"
"22513","대구광역시 수성구 수성동4가","1090-6","1090","0006","수성보성","전세","84.9800","202507","12","25,000","0","1","1996","수성로 412","202510~202710","신규","-","","","아파트"
"22514","대구광역시 북구 산격동","500-1","0500","0001","산격대우","월세","84.9450","202507","12","2,000","75","13","1999","동북로 163","202508~202708","신규","-","","","아파트"
"22515","대구광역시 수성구 수성동3가","57","0057","0000","수성3가롯데캐슬","월세","211.5989","202507","12","30,000","210","12","2008","명덕로 455","202508~202708","신규","-","","","아파트"
"22516","대구광역시 수성구 두산동","85","0085","0000","호반써밋수성","전세","47.0720","202507","12","19,000","0","6","2024","청수로24길 71","202509~202709","신규","-","","","아파트"
"22517","대구광역시 북구 태전동","205-14","0205","0014","한일","월세","59.7600","202507","12","2,000","40","15","1998","칠곡중앙대로53길 32","202507~202707","신규","-","","","아파트"
"22518","대구광역시 북구 동천동","880-1","0880","0001","칠곡2영남타운","월세","39.9600","202507","12","500","45","13","1996","팔거천동로24길 40","202507~202607","신규","-","","","아파트"
"22519","대구광역시 수성구 지산동","1200","1200","0000","목련","월세","42.6600","202507","12","500","45","2","1986","용학로42길 13","202508~202708","신규","-","","","아파트"
"22520","대구광역시 수성구 지산동","1766","1766","0000","더샵수성라크에르","월세","84.9362","202507","12","2,000","125","26","2024","지산로3길 33","202509~202709","신규","-","","","아파트"
"22521","대구광역시 수성구 범물동","1372","1372","0000","청아타운","월세","84.9950","202507","12","1,000","63","10","1992","범안로 40","202507~202701","신규","-","","","아파트"
"22522","대구광역시 수성구 범물동","1261","1261","0000","범물하이츠","월세","41.8500","202507","12","1,000","45","8","1992","용학로 336","202507~202707","신규","-","","","아파트"
"22523","대구광역시 수성구 수성동1가","613","0613","0000","신세계타운","전세","134.7900","202507","12","30,000","0","1","1989","신천동로 320","202508~202708","신규","-","","","아파트"
"22524","대구광역시 북구 서변동","1793","1793","0000","화성리버파크2","월세","59.9654","202507","12","1,500","63","8","2003","서변로 50","202507~202702","신규","-","","","아파트"
"22525","대구광역시 북구 침산동","1761","1761","0000","침산화성파크드림","월세","97.9980","202507","12","20,000","70","34","2017","성북로 70","202509~202709","신규","-","","","아파트"
"22526","대구광역시 북구 침산동","1761","1761","0000","침산화성파크드림","전세","59.9763","202507","12","26,000","0","16","2017","성북로 70","-","-","-","","","아파트"
"22527","대구광역시 북구 침산동","1761","1761","0000","침산화성파크드림","전세","59.9763","202507","12","26,000","0","16","2017","성북로 70","202509~202709","신규","-","","","아파트"
"22528","대구광역시 북구 침산동","1761","1761","0000","침산화성파크드림","월세","74.9680","202507","12","2,000","110","11","2017","성북로 70","202507~202707","갱신","사용","3,000","100","아파트"
"22529","대구광역시 북구 침산동","456-7","0456","0007","침산2지구","월세","59.8400","202507","12","2,000","50","12","1991","성북로 8","202507~202707","신규","-","","","아파트"
"22530","대구광역시 북구 침산동","400-1","0400","0001","침산쌍용","전세","84.4200","202507","12","20,000","0","7","1999","침산로21길 36","202509~202709","신규","-","","","아파트"
"22531","대구광역시 수성구 시지동","591","0591","0000","수성알파시티동화아이위시","전세","84.9140","202507","12","40,000","0","8","2019","알파시티2로 48","202510~202710","신규","-","","","아파트"
"22532","대구광역시 수성구 시지동","349","0349","0000","청구전원타운","전세","84.9800","202507","12","17,000","0","12","1990","시지로 45","202507~202607","신규","-","","","아파트"
"22533","대구광역시 수성구 시지동","70","0070","0000","제림은탑맨션","전세","59.9700","202507","12","14,000","0","12","1994","천을로 49","202509~202709","갱신","사용","17,500","0","아파트"
"22534","대구광역시 수성구 시지동","141-5","0141","0005","은세계","전세","84.4600","202507","12","15,000","0","4","1993","달구벌대로 3081","202509~202709","신규","-","","","아파트"
"22535","대구광역시 수성구 만촌동","1479","1479","0000","만촌3차화성파크드림","월세","84.9882","202507","12","5,000","150","18","2016","교학로 13","202509~202709","신규","-","","","아파트"
"22536","대구광역시 수성구 매호동","1330","1330","0000","누리타운","월세","59.9700","202507","12","2,000","50","10","1995","달구벌대로637길 21","202508~202808","신규","-","","","아파트"
"22537","대구광역시 수성구 매호동","1324","1324","0000","두레타운","월세","39.9000","202507","12","500","37","5","1995","천을로 131","202508~202708","신규","-","","","아파트"
"22538","대구광역시 수성구 매호동","1330","1330","0000","누리타운","월세","59.9700","202507","12","2,000","50","10","1995","달구벌대로637길 21","202508~202808","신규","-","","","아파트"
"22539","대구광역시 동구 신암동","480","0480","0000","신암청아람","전세","59.7456","202507","12","16,000","0","10","2009","신암로20길 39","202508~202708","갱신","-","16,000","0","아파트"
"22540","대구광역시 동구 신암동","1870","1870","0000","해링턴플레이스동대구","월세","74.9583","202507","12","3,000","90","3","2024","경대로 126","202508~202708","신규","-","","","아파트"
"22541","대구광역시 동구 신암동","1833","1833","0000","이안동대구","전세","59.9210","202507","12","24,500","0","10","2018","송라로28길 14","202507~202707","갱신","사용","24,500","0","아파트"
"22542","대구광역시 동구 신암동","1860","1860","0000","동대구역화성파크드림","월세","84.9482","202507","12","3,000","105","4","2023","동대구로 590","202510~202710","갱신","사용","3,000","100","아파트"
"22543","대구광역시 중구 동인동1가","420","0420","0000","힐스테이트동인더스카이","전세","84.9389","202507","12","26,000","0","15","2025","태평로 240","202508~202708","신규","-","","","아파트"
"22544","대구광역시 서구 평리동","632-9","0632","0009","서대구KTX영무예다음","전세","84.4481","202507","12","25,000","0","17","2023","당산로 446","202509~202709","신규","-","","","아파트"
"22545","대구광역시 동구 신천동","1508","1508","0000","동대구역우방아이유쉘","월세","84.9893","202507","12","2,000","120","6","2022","동부로 115","202509~202709","신규","-","","","아파트"
"22546","대구광역시 남구 봉덕동","1642","1642","0000","앞산태왕아너스","전세","84.9817","202507","12","25,000","0","4","2019","효서길 53","202509~202709","신규","-","","","아파트"
"22547","대구광역시 서구 내당동","2346","2346","0000","e편한세상두류역","전세","74.9916","202507","12","26,200","0","21","2022","달구벌대로361길 41","-","-","-","","","아파트"
"22548","대구광역시 중구 남산동","3049","3049","0000","청라힐스자이","전세","84.8688","202507","12","37,000","0","12","2023","남산로 73","202509~202709","신규","-","","","아파트"
"22549","대구광역시 중구 남산동","3049","3049","0000","청라힐스자이","월세","84.8688","202507","12","2,000","125","18","2023","남산로 73","202507~202707","신규","-","","","아파트"
"22550","대구광역시 중구 남산동","3049","3049","0000","청라힐스자이","전세","101.4727","202507","12","42,000","0","12","2023","남산로 73","202602~202802","신규","-","","","아파트"
"22551","대구광역시 서구 중리동","26-1","0026","0001","중리롯데캐슬","월세","84.9840","202507","12","2,000","73","12","2009","국채보상로34길 12","202508~202708","신규","-","","","아파트"
"22552","대구광역시 서구 중리동","26-1","0026","0001","중리롯데캐슬","월세","84.9900","202507","12","1,000","75","5","2009","국채보상로34길 12","202508~202708","신규","-","","","아파트"
"22553","대구광역시 북구 칠성동2가","723","0723","0000","칠성동코오롱하늘채","전세","84.8129","202507","12","26,000","0","27","2014","중앙대로 540","202508~202708","신규","-","","","아파트"
"22554","대구광역시 북구 칠성동2가","742","0742","0000","대구역자이더스타","전세","84.7270","202507","12","35,000","0","44","2025","칠성남로 150","202509~202709","신규","-","","","아파트"
"22555","대구광역시 동구 불로동","959","0959","0000","불로우방맨션","월세","59.9400","202507","12","1,000","37","5","1993","공항로 150","202507~202707","신규","-","","","아파트"
"22556","대구광역시 중구 대신동","103-9","0103","0009","청라힐지웰더센트로","월세","72.7570","202507","12","2,000","90","29","2023","달성로 71","202508~202708","신규","-","","","아파트"
"22557","대구광역시 동구 신천동","1518","1518","0000","동대구역센트럴시티자이","전세","84.9866","202507","12","33,000","0","4","2022","송라로10길 33","202508~202708","신규","-","","","아파트"
"22558","대구광역시 동구 신천동","1508","1508","0000","동대구역우방아이유쉘","전세","59.9844","202507","12","26,000","0","5","2022","동부로 115","202509~202709","신규","-","","","아파트"
"22559","대구광역시 동구 신천동","1507","1507","0000","동대구반도유보라","전세","84.6325","202507","12","26,000","0","24","2018","송라로16길 11","202508~202708","신규","-","","","아파트"
"22560","대구광역시 북구 칠성동2가","742","0742","0000","대구역자이더스타","전세","84.7270","202507","12","30,000","0","7","2025","칠성남로 150","-","-","-","","","아파트"
"22561","대구광역시 서구 평리동","1497-44","1497","0044","서대구역서한이다음더퍼스트","월세","76.9170","202507","12","2,000","80","20","2023","국채보상로37길 38","202508~202708","신규","-","","","아파트"
"22562","대구광역시 북구 칠성동2가","742","0742","0000","대구역자이더스타","전세","84.7270","202507","12","30,000","0","7","2025","칠성남로 150","202508~202708","신규","-","","","아파트"
"22563","대구광역시 서구 평리동","632-9","0632","0009","서대구KTX영무예다음","월세","101.5321","202507","12","2,000","110","6","2023","당산로 446","202508~202708","신규","-","","","아파트"
"22564","대구광역시 서구 중리동","26-1","0026","0001","중리롯데캐슬","월세","84.9900","202507","12","1,000","75","5","2009","국채보상로34길 12","202508~202708","신규","-","","","아파트"
"22565","대구광역시 동구 봉무동","1530","1530","0000","대구이시아폴리스더샵3차","월세","84.8500","202507","12","2,000","115","10","2013","팔공로51길 10","202507~202607","신규","-","","","아파트"
"22566","대구광역시 북구 칠성동2가","733","0733","0000","오페라삼정그린코아더베스트","전세","66.6347","202507","12","28,000","0","14","2017","침산로 100","202509~202709","신규","-","","","아파트"
"22567","대구광역시 북구 칠성동2가","733","0733","0000","오페라삼정그린코아더베스트","전세","66.6347","202507","12","28,000","0","14","2017","침산로 100","202509~202709","신규","-","","","아파트"
"22568","대구광역시 동구 율하동","1448","1448","0000","율하센트럴파크9단지","월세","84.6400","202507","12","2,000","90","4","2009","안심로22길 76","202508~202708","신규","-","","","아파트"
"22569","대구광역시 중구 동인동1가","420","0420","0000","힐스테이트동인더스카이","월세","84.9962","202507","12","5,000","80","43","2025","태평로 240","202507~202707","신규","-","","","아파트"
"22570","대구광역시 동구 율하동","1448","1448","0000","율하센트럴파크9단지","월세","84.6400","202507","12","2,000","90","4","2009","안심로22길 76","-","-","-","","","아파트"
"22571","대구광역시 중구 서성로1가","108","0108","0000","중앙로역푸르지오더센트럴","월세","84.9360","202507","12","2,000","100","6","2024","서성로 60","202507~202611","신규","-","","","아파트"
"22572","대구광역시 남구 봉덕동","1329-1","1329","0001","대덕2차","월세","113.0900","202507","12","1,500","90","4","1991","앞산순환로 655","202508~202707","신규","-","","","아파트"
"22573","대구광역시 동구 사복동","838","0838","0000","대구혁신엘에이치이노힐즈","월세","84.9800","202507","12","1,000","83","7","2015","메디밸리로 35","202507~202707","신규","-","","","아파트"
"22574","대구광역시 동구 괴전동","654","0654","0000","안심역코오롱하늘채","전세","63.3713","202507","12","24,000","0","4","2017","금강로21길 30","202508~202708","신규","-","","","아파트"
"22575","대구광역시 동구 괴전동","654","0654","0000","안심역코오롱하늘채","전세","84.7718","202507","12","28,000","0","7","2017","금강로21길 30","202508~202708","신규","-","","","아파트"
"22576","대구광역시 중구 동인동1가","420","0420","0000","힐스테이트동인더스카이","전세","84.9389","202507","12","26,000","0","15","2025","태평로 240","202508~202708","신규","-","","","아파트"
"22577","대구광역시 동구 신암동","1860","1860","0000","동대구역화성파크드림","전세","84.8163","202507","12","36,000","0","6","2023","동대구로 590","202509~202709","신규","-","","","아파트"
"22578","대구광역시 동구 신암동","1860","1860","0000","동대구역화성파크드림","전세","84.8163","202507","12","27,300","0","6","2023","동대구로 590","202508~202708","갱신","사용","26,000","0","아파트"
"22579","대구광역시 동구 신기동","576","0576","0000","신기모란2차","월세","49.5000","202507","11","500","40","3","1988","율하동로20길 30","202508~202708","신규","-","","","아파트"
"22580","대구광역시 동구 신기동","573","0573","0000","신기모란1차","월세","39.5100","202507","11","500","30","3","1987","율하동로20길 40","202507~202707","신규","-","","","아파트"
"22581","대구광역시 동구 신암동","1833","1833","0000","이안동대구","전세","84.9221","202507","11","30,000","0","7","2018","송라로28길 14","202508~202707","신규","-","","","아파트"
"22582","대구광역시 동구 신암동","1870","1870","0000","해링턴플레이스동대구","전세","59.9469","202507","11","17,000","0","14","2024","경대로 126","202508~202708","갱신","사용","17,000","0","아파트"
"22583","대구광역시 중구 동인동1가","420","0420","0000","힐스테이트동인더스카이","전세","84.9962","202507","11","27,000","0","29","2025","태평로 240","202509~202709","신규","-","","","아파트"
"22584","대구광역시 북구 칠성동2가","736","0736","0000","대구역유림노르웨이숲","전세","84.9167","202507","11","25,000","0","4","2017","칠성남로26길 11","202508~202708","신규","-","","","아파트"
"22585","대구광역시 중구 동인동1가","420","0420","0000","힐스테이트동인더스카이","전세","84.9962","202507","11","27,000","0","29","2025","태평로 240","202509~202709","신규","-","","","아파트"
"22586","대구광역시 북구 칠성동2가","736","0736","0000","대구역유림노르웨이숲","전세","84.9167","202507","11","25,000","0","4","2017","칠성남로26길 11","202508~202708","신규","-","","","아파트"
"22587","대구광역시 중구 동인동3가","414","0414","0000","엑소디움센트럴동인","전세","74.9207","202507","11","29,000","0","23","2023","국채보상로139길 40","202510~202710","신규","-","","","아파트"
"22588","대구광역시 동구 방촌동","1077-11","1077","0011","영남네오빌2차","전세","59.9109","202507","11","14,000","0","9","2003","동촌로42길 63","202508~202708","갱신","-","14,000","0","아파트"
"22589","대구광역시 동구 신서동","809-1","0809","0001","녹원","월세","53.1000","202507","11","1,000","40","5","1992","반야월북로 269","202507~202707","신규","-","","","아파트"
"22590","대구광역시 서구 평리동","632-9","0632","0009","서대구KTX영무예다음","전세","84.4481","202507","11","26,000","0","26","2023","당산로 446","202510~202810","신규","-","","","아파트"
"22591","대구광역시 서구 평리동","632-9","0632","0009","서대구KTX영무예다음","전세","84.4481","202507","11","26,000","0","26","2023","당산로 446","202510~202710","신규","-","","","아파트"
"22592","대구광역시 서구 평리동","632-9","0632","0009","서대구KTX영무예다음","전세","84.4481","202507","11","26,000","0","26","2023","당산로 446","202510~202810","신규","-","","","아파트"
"22593","대구광역시 서구 평리동","632-9","0632","0009","서대구KTX영무예다음","전세","84.4481","202507","11","21,000","0","8","2023","당산로 446","202507~202707","갱신","-","20,000","0","아파트"
"22594","대구광역시 북구 칠성동2가","302-197","0302","0197","대구역SD아이프라임","전세","84.5208","202507","11","23,000","0","13","2021","칠성남로30길 40","202507~202707","신규","-","","","아파트"
"22595","대구광역시 동구 신서동","540","0540","0000","아름다운나날2","전세","84.6688","202507","11","18,000","0","2","2003","동호로 88","202507~202602","갱신","-","18,000","0","아파트"
"22596","대구광역시 중구 남산동","437-1","0437","0001","인터불고코아시스","월세","26.9326","202507","11","500","50","12","2014","명륜로 19","202007~202607","신규","-","","","아파트"
"22597","대구광역시 중구 남산동","3020","3020","0000","남산롯데캐슬센트럴스카이","전세","59.8763","202507","11","30,000","0","7","2021","재마루길 77","202508~202708","신규","-","","","아파트"
"22598","대구광역시 남구 이천동","1177","1177","0000","대봉교역태왕아너스","월세","84.9511","202507","11","3,000","100","5","2023","대봉로30길 15","202508~202708","신규","-","","","아파트"
"22599","대구광역시 중구 태평로3가","318","0318","0000","힐스테이트달성공원역","월세","84.9388","202507","11","2,000","100","3","2024","태평로 41","202508~202708","신규","-","","","아파트"
"22600","대구광역시 동구 신암동","1870","1870","0000","해링턴플레이스동대구","전세","74.9583","202507","11","22,000","0","3","2024","경대로 126","202508~202708","갱신","-","20,000","0","아파트"
"22601","대구광역시 중구 남산동","437-1","0437","0001","인터불고코아시스","월세","27.1307","202507","11","500","50","13","2014","명륜로 19","202507~202607","신규","-","","","아파트"
"22602","대구광역시 동구 신암동","483-3","0483","0003","강남","월세","26.4100","202507","11","500","35","13","1992","신성로 60","202508~202608","신규","-","","","아파트"
"22603","대구광역시 중구 동인동1가","420","0420","0000","힐스테이트동인더스카이","전세","84.9389","202507","11","25,500","0","8","2025","태평로 240","202508~202708","신규","-","","","아파트"
"22604","대구광역시 동구 신암동","1870","1870","0000","해링턴플레이스동대구","전세","84.9712","202507","11","30,000","0","12","2024","경대로 126","202509~202708","신규","-","","","아파트"
"22605","대구광역시 중구 동인동1가","420","0420","0000","힐스테이트동인더스카이","전세","84.9389","202507","11","26,000","0","13","2025","태평로 240","202508~202708","신규","-","","","아파트"
"22606","대구광역시 중구 동인동1가","420","0420","0000","힐스테이트동인더스카이","전세","84.9389","202507","11","25,500","0","8","2025","태평로 240","202508~202708","신규","-","","","아파트"
"22607","대구광역시 동구 신암동","1860","1860","0000","동대구역화성파크드림","전세","125.2931","202507","11","48,000","0","11","2023","동대구로 590","202509~202708","신규","-","","","아파트"
"22608","대구광역시 동구 신암동","1860","1860","0000","동대구역화성파크드림","전세","84.9482","202507","11","35,000","0","9","2023","동대구로 590","202508~202708","신규","-","","","아파트"
"22609","대구광역시 동구 율하동","1302","1302","0000","율하휴먼시아5단지","월세","39.7200","202507","11","1,944","13","9","2008","율하서로 59","202508~202707","갱신","-","1,856","13","아파트"
"22610","대구광역시 동구 지묘동","1386","1386","0000","LH뉴웰시티","월세","59.9900","202507","11","2,000","73","2","2021","동화천로77길 30","202507~202607","신규","-","","","아파트"
"22611","대구광역시 동구 사복동","852","0852","0000","혁신도시서한e스테이","월세","59.5100","202507","11","4,988","26","15","2020","혁신대로 504","202509~202709","갱신","-","0","26","아파트"
"22612","대구광역시 남구 대명동","3062","3062","0000","앞산리슈빌앤리마크1단지","월세","84.9388","202507","11","5,000","81","5","2018","안지랑로 73","202508~202708","갱신","-","5,000","81","아파트"
"22613","대구광역시 동구 사복동","852","0852","0000","혁신도시서한e스테이","월세","59.5100","202507","11","9,875","13","2","2020","혁신대로 504","202509~202709","신규","-","","","아파트"
"22614","대구광역시 동구 신암동","1870","1870","0000","해링턴플레이스동대구","전세","59.9469","202507","11","22,000","0","10","2024","경대로 126","202509~202709","신규","-","","","아파트"
"22615","대구광역시 중구 달성동","352","0352","0000","달성파크푸르지오힐스테이트","전세","39.7662","202507","11","18,500","0","20","2023","달성로 123","202509~202709","갱신","사용","18,500","0","아파트"
"22616","대구광역시 동구 신천동","457","0457","0000","효신","전세","61.9500","202507","11","9,000","0","4","1981","동부로32길 99","202508~202707","신규","-","","","아파트"
"22617","대구광역시 동구 지묘동","1386","1386","0000","LH뉴웰시티","월세","59.9900","202507","11","2,000","73","2","2021","동화천로77길 30","202507~202607","신규","-","","","아파트"
"22618","대구광역시 남구 봉덕동","1650","1650","0000","앞산봉덕영무예다음","월세","84.8342","202507","11","3,000","110","8","2020","대봉로 12","202509~202709","신규","-","","","아파트"
"22619","대구광역시 중구 달성동","352","0352","0000","달성파크푸르지오힐스테이트","전세","84.9221","202507","11","23,100","0","8","2023","달성로 123","202508~202708","갱신","사용","22,000","0","아파트"
"22620","대구광역시 중구 동인동1가","420","0420","0000","힐스테이트동인더스카이","전세","84.9389","202507","11","26,500","0","21","2025","태평로 240","202508~202707","신규","-","","","아파트"
"22621","대구광역시 달서구 월성동","1894","1894","0000","월성삼정그린코아에듀파크","전세","84.6349","202507","11","30,000","0","24","2022","월성로 100","202508~202708","신규","-","","","아파트"
"22622","대구광역시 달성군 구지면 화산리","1105","1105","0000","대구국가산단반도유보라아이비파크3","전세","74.9638","202507","11","12,000","0","8","2020","국가산단북로34길 10","202508~202708","신규","-","","","아파트"
"22623","대구광역시 달성군 옥포읍 교항리","2998","2998","0000","옥포대성베르힐6단지","월세","84.9901","202507","11","2,000","70","14","2018","돌미로8길 19","202508~202708","신규","-","","","아파트"
"22624","대구광역시 달성군 유가읍 봉리","659","0659","0000","호반베르디움2차","월세","98.8946","202507","11","2,000","100","1","2016","테크노대로5길 80","202508~202702","신규","-","","","아파트"
"22625","대구광역시 달서구 죽전동","368","0368","0000","죽전그린빌","전세","84.8600","202507","11","20,000","0","4","2003","와룡로53길 40","202507~202707","신규","-","","","아파트"
"22626","대구광역시 달서구 진천동","478-1","0478","0001","제림하나로","월세","59.9700","202507","11","1,000","60","17","1995","상화로21길 55","202507~202707","신규","-","","","아파트"
"22627","대구광역시 달서구 상인동","1600","1600","0000","상인역모아엘가파크뷰","전세","84.8900","202507","11","26,000","0","24","2019","상화북로 162","202508~202708","신규","-","","","아파트"
"22628","대구광역시 달서구 도원동","1429","1429","0000","한실들마을(임대)","월세","42.9000","202507","11","3,606","8","13","1996","한실로 49","202507~202708","신규","-","","","아파트"
"22629","대구광역시 달서구 도원동","677-1","0677","0001","롯데캐슬레이크","전세","84.9100","202507","11","19,000","0","6","2005","상화로58길 86","202508~202707","신규","-","","","아파트"
"22630","대구광역시 달서구 도원동","677-1","0677","0001","롯데캐슬레이크","전세","84.9100","202507","11","19,000","0","6","2005","상화로58길 86","202508~202708","신규","-","","","아파트"
"22631","대구광역시 달성군 다사읍 죽곡리","814","0814","0000","대실역태왕아너스","월세","59.8408","202507","11","2,000","90","16","2017","대실역남로 11","202507~202707","신규","-","","","아파트"
"22632","대구광역시 중구 대봉동","783","0783","0000","대봉서한이다음","전세","84.7772","202507","11","30,000","0","5","2024","명덕로 241","202509~202708","신규","-","","","아파트"
"22633","대구광역시 달서구 두류동","2369","2369","0000","두류역서한포레스트","월세","84.5882","202507","11","3,000","100","12","2025","야외음악당로47길 76","202507~202707","신규","-","","","아파트"
"22634","대구광역시 달서구 본리동","193-3","0193","0003","본리롯데캐슬","월세","117.5472","202507","11","10,000","60","1","2008","대명천로 101","202508~202708","신규","-","","","아파트"
"22635","대구광역시 달서구 진천동","78-1","0078","0001","진천월성위너파크","월세","84.1530","202507","11","2,000","65","6","2003","진천로16길 85","202508~202708","신규","-","","","아파트"
"22636","대구광역시 달서구 용산동","412-1","0412","0001","세븐하이츠","전세","59.9900","202507","11","11,000","0","17","1997","성지로 12","202509~202709","신규","-","","","아파트"
"22637","대구광역시 달서구 월성동","1300","1300","0000","월성래미안","전세","124.6477","202507","11","30,000","0","24","2006","상원로 143","202507~202707","갱신","-","33,000","0","아파트"
"22638","대구광역시 달서구 월성동","1863","1863","0000","월성협성휴포레","전세","102.9285","202507","11","36,000","0","6","2016","조암로10길 11","202508~202708","신규","-","","","아파트"
"22639","대구광역시 달서구 월성동","777-2","0777","0002","월성월드메르디앙","전세","84.7153","202507","11","27,000","0","2","2009","조암로6길 19","202508~202805","신규","-","","","아파트"
"22640","대구광역시 달서구 월성동","364","0364","0000","월성보성1","전세","58.9300","202507","11","12,000","0","11","1991","학산로 30","202508~202708","신규","-","","","아파트"
"22641","대구광역시 달서구 유천동","612","0612","0000","대구월배2차아이파크","월세","101.3601","202507","11","5,000","135","22","2016","월배로5길 76","202508~202708","신규","-","","","아파트"
"22642","대구광역시 달서구 감삼동","560-1","0560","0001","죽전역해링턴플레이스더원","전세","101.6900","202507","11","36,000","0","27","2023","와룡로31길 16","202508~202708","신규","-","","","아파트"
"22643","대구광역시 달성군 옥포읍 본리리","2590","2590","0000","미진이지비아","전세","59.9907","202507","11","11,000","0","2","2017","비슬로447길 56","202508~202708","신규","-","","","아파트"
"22644","대구광역시 달성군 다사읍 매곡리","719-26","0719","0026","태왕드림하이츠","월세","59.9400","202507","11","1,000","50","12","2000","달구벌대로 802","202507~202707","신규","-","","","아파트"
"22645","대구광역시 수성구 사월동","650","0650","0000","시지3차서한이다음","전세","98.1700","202507","11","34,000","0","12","2018","달구벌대로669길 20-20","202509~202709","신규","-","","","아파트"
"22646","대구광역시 수성구 사월동","435-4","0435","0004","사월역파인누리1차","전세","62.2936","202507","11","17,000","0","7","2015","달구벌대로659길 22","202507~202707","갱신","사용","18,000","0","아파트"
"22647","대구광역시 수성구 사월동","645","0645","0000","시지한신휴플러스","전세","125.7560","202507","11","40,000","0","8","2013","달구벌대로669길 50","202510~202710","신규","-","","","아파트"
"22648","대구광역시 북구 연경동","987","0987","0000","연경동화아이위시","전세","84.9452","202507","11","23,000","0","13","2020","동화천로 190","202509~202709","신규","-","","","아파트"
"22649","대구광역시 수성구 황금동","365","0365","0000","캐슬골드파크4단지","월세","172.3700","202507","11","5,000","220","10","2006","청수로 261","202510~202710","신규","-","","","아파트"
"22650","대구광역시 수성구 지산동","1297-3","1297","0003","지산서한이다음아파트","전세","54.1200","202507","11","13,000","0","9","1991","용학로 313","202509~202709","신규","-","","","아파트"
"22651","대구광역시 수성구 지산동","1766","1766","0000","더샵수성라크에르","전세","84.9397","202507","11","31,500","0","21","2024","지산로3길 33","202507~202707","갱신","사용","30,000","0","아파트"
"22652","대구광역시 수성구 지산동","1297-3","1297","0003","지산서한이다음아파트","전세","54.1200","202507","11","13,000","0","9","1991","용학로 313","202509~202709","신규","-","","","아파트"
"22653","대구광역시 수성구 지산동","761","0761","0000","녹원맨션","전세","108.7200","202507","11","19,000","0","5","1989","무학로 189","202508~202708","신규","-","","","아파트"
"22654","대구광역시 수성구 지산동","1234-1","1234","0001","지산2단지","전세","54.1200","202507","11","13,000","0","8","1991","지산로 5","202508~202708","신규","-","","","아파트"
"22655","대구광역시 북구 검단동","887-8","0887","0008","유성청구","전세","47.4900","202507","11","9,500","0","9","1992","검단로 115","202509~202709","신규","-","","","아파트"
"22656","대구광역시 북구 동천동","913","0913","0000","영남네오빌아트","월세","84.8526","202507","11","1,000","95","18","2004","동천로 97","202509~202709","신규","-","","","아파트"
"22657","대구광역시 수성구 만촌동","816","0816","0000","만촌우방타운1단지","월세","59.7300","202507","11","2,000","63","11","1997","교학로11길 46","202508~202708","신규","-","","","아파트"
"22658","대구광역시 수성구 만촌동","995-1","0995","0001","만촌태왕리더스","전세","84.9562","202507","11","27,000","0","10","2004","무열로 47","202508~202708","신규","-","","","아파트"
"22659","대구광역시 수성구 만촌동","995-1","0995","0001","만촌태왕리더스","전세","84.9562","202507","11","27,000","0","10","2004","무열로 47","202508~202708","신규","-","","","아파트"
"22660","대구광역시 북구 산격동","503-1","0503","0001","산격에덴1","전세","54.3600","202507","11","7,000","0","2","1985","대불로5길 22","202508~202708","신규","-","","","아파트"
"22661","대구광역시 수성구 수성동4가","1005","1005","0000","범어삼환나우빌","전세","127.3467","202507","11","42,000","0","8","2007","범어천로 197","202509~202709","신규","-","","","아파트"
"22662","대구광역시 수성구 수성동4가","1090-6","1090","0006","수성보성","월세","59.9700","202507","11","2,000","75","10","1996","수성로 412","202508~202708","신규","-","","","아파트"
"22663","대구광역시 수성구 수성동4가","1005","1005","0000","범어삼환나우빌","전세","127.3467","202507","11","42,000","0","8","2007","범어천로 197","202509~202709","신규","-","","","아파트"
"22664","대구광역시 북구 고성동1가","275","0275","0000","태왕THE아너스오페라","월세","121.8288","202507","11","2,700","150","35","2025","칠성남로 10","202507~202801","신규","-","","","아파트"
"22665","대구광역시 수성구 범어동","2280","2280","0000","빌리브범어120","월세","84.5729","202507","11","8,000","190","2","2022","범어로20길 120","202508~202708","신규","-","","","아파트"
"22666","대구광역시 수성구 상동","555","0555","0000","수성동일하이빌레이크시티","월세","118.7664","202507","11","200","200","5","2009","수성로 71","202507~202706","신규","-","","","아파트"
"22667","대구광역시 북구 고성동3가","145","0145","0000","오페라트루엘시민의숲아파트","전세","84.6148","202507","11","29,000","0","2","2020","고성북로 34","202509~202708","갱신","사용","29,000","0","아파트"
"22668","대구광역시 북구 구암동","695-1","0695","0001","칠곡동서영남","월세","59.8400","202507","11","1,000","55","3","1995","구암로 180","202507~202707","신규","-","","","아파트"
"22669","대구광역시 북구 구암동","786","0786","0000","그린빌3차","월세","49.7100","202507","11","8,800","5","1","2000","구암서로 41","202508~202707","신규","-","","","아파트"
"22670","대구광역시 북구 사수동","812","0812","0000","서희스타힐스테이","월세","74.9910","202507","11","13,000","24","4","2019","내곡로 90","202510~202710","신규","-","","","아파트"
"22671","대구광역시 수성구 수성동1가","818","0818","0000","수성롯데캐슬THEFIRST","월세","99.9942","202507","11","9,000","150","14","2015","수성로69길 65","202509~202709","신규","-","","","아파트"
"22672","대구광역시 북구 동천동","880-1","0880","0001","칠곡2영남타운","전세","60.0000","202507","11","12,000","0","2","1996","팔거천동로24길 40","202508~202708","신규","-","","","아파트"
"22673","대구광역시 수성구 사월동","645","0645","0000","시지한신휴플러스","전세","125.7560","202507","11","40,000","0","8","2013","달구벌대로669길 50","202510~202710","신규","-","","","아파트"
"22674","대구광역시 수성구 중동","657","0657","0000","수성뷰웰리버파크","월세","84.7772","202507","10","3,000","115","18","2023","수성로41길 41","202508~202608","갱신","사용","3,000","110","아파트"
"22675","대구광역시 수성구 만촌동","1483","1483","0000","만촌삼정그린코아에듀파크","전세","75.9909","202507","10","42,000","0","18","2019","교학로 65","202508~202708","신규","-","","","아파트"
"22676","대구광역시 수성구 만촌동","1483","1483","0000","만촌삼정그린코아에듀파크","전세","75.9909","202507","10","42,000","0","18","2019","교학로 65","202508~202908","신규","-","","","아파트"
"22677","대구광역시 북구 고성동1가","260","0260","0000","대구역오페라W","전세","84.9339","202507","10","31,000","0","9","2023","칠성남로 50","202511~202711","신규","-","","","아파트"
"22678","대구광역시 북구 고성동1가","260","0260","0000","대구역오페라W","월세","84.9339","202507","10","1,500","110","31","2023","칠성남로 50","202508~202706","갱신","사용","1,500","110","아파트"
"22679","대구광역시 북구 태전동","936-1","0936","0001","한신중앙","월세","59.8500","202507","10","500","50","13","1993","영송로 85","202507~202707","신규","-","","","아파트"
"22680","대구광역시 수성구 신매동","10-31","0010","0031","한라하우젠트","월세","84.9639","202507","10","1,000","92","12","2006","달구벌대로 3310","202507~202707","신규","-","","","아파트"
"22681","대구광역시 수성구 사월동","500","0500","0000","시지대성유니드","전세","123.4542","202507","10","23,000","0","5","2007","달구벌대로669길 80","202510~202710","신규","-","","","아파트"
"22682","대구광역시 수성구 사월동","464","0464","0000","사월보성","전세","134.9600","202507","10","26,000","0","7","1996","욱수천로 133","202509~202709","신규","-","","","아파트"
"22683","대구광역시 수성구 매호동","1040","1040","0000","매호동서타운","전세","59.9000","202507","10","15,000","0","4","1995","천을로 180","202507~202707","신규","-","","","아파트"
"22684","대구광역시 수성구 매호동","1330","1330","0000","누리타운","월세","59.9700","202507","10","5,000","29","14","1995","달구벌대로637길 21","202307~202707","갱신","사용","5,000","29","아파트"
"22685","대구광역시 북구 침산동","1750","1750","0000","침산동2차쌍용예가","월세","75.6263","202507","10","2,000","90","3","2013","성북로9길 12","202508~202708","신규","-","","","아파트"
"22686","대구광역시 북구 침산동","1755","1755","0000","강변일성트루엘","월세","66.5647","202507","10","3,000","75","31","2014","침산남로 215","202508~202708","신규","-","","","아파트"
"22687","대구광역시 북구 침산동","368-1","0368","0001","침산동서","월세","57.6900","202507","10","1,000","62","1","1997","침산남로 116","-","-","-","","","아파트"
"22688","대구광역시 북구 사수동","833","0833","0000","금호서한이다음","전세","84.5500","202507","10","20,000","0","23","2016","한강로 17","202508~202708","신규","-","","","아파트"
"22689","대구광역시 북구 사수동","812","0812","0000","서희스타힐스테이","월세","99.9451","202507","10","18,000","25","4","2019","내곡로 90","202508~202708","신규","-","","","아파트"
"22690","대구광역시 수성구 지산동","1288","1288","0000","지산타운","월세","40.5800","202507","10","2,000","15","15","1991","용학로 303","202507~202707","신규","-","","","아파트"
"22691","대구광역시 수성구 지산동","1195-3","1195","0003","반호프5차","월세","44.9400","202507","10","300","35","1","1993","용학로40길 11","202507~202707","신규","-","","","아파트"
"22692","대구광역시 수성구 지산동","1766","1766","0000","더샵수성라크에르","전세","84.9397","202507","10","37,000","0","14","2024","지산로3길 33","202507~202707","갱신","-","27,000","0","아파트"
"22693","대구광역시 북구 산격동","469","0469","0000","산격에덴4","전세","40.9950","202507","10","5,500","0","4","1987","동북로37길 58-16","202509~202708","갱신","-","5,500","0","아파트"
"22694","대구광역시 북구 산격동","500-1","0500","0001","산격대우","월세","43.2250","202507","10","500","45","12","1999","동북로 163","202507~202707","갱신","-","500","45","아파트"
"22695","대구광역시 북구 학정동","982","0982","0000","칠곡2차한라하우젠트","전세","84.9803","202507","10","22,000","0","7","2007","학정동로 40","202510~202710","신규","-","","","아파트"
"22696","대구광역시 수성구 범어동","산103","0103","0000","장원맨션","전세","84.9800","202507","10","27,000","0","7","1988","청호로 370","202507~202707","신규","-","","","아파트"
"22697","대구광역시 수성구 범어동","산103","0103","0000","장원맨션","전세","84.9800","202507","10","27,000","0","7","1988","청호로 370","-","-","-","","","아파트"
"22698","대구광역시 수성구 범어동","산103","0103","0000","장원맨션","전세","84.9800","202507","10","28,000","0","6","1988","청호로 370","202508~202708","신규","-","","","아파트"
"22699","대구광역시 수성구 범어동","2257","2257","0000","범어센트럴푸르지오","월세","84.9930","202507","10","4,000","140","4","2019","상록로 15","202508~202708","신규","-","","","아파트"
"22700","대구광역시 수성구 파동","53","0053","0000","수성못코오롱하늘채","전세","84.9365","202507","10","25,500","0","14","2013","파동로 222","202507~202707","신규","-","","","아파트"
"22701","대구광역시 수성구 파동","1034","1034","0000","수성더팰리스푸르지오더샵","월세","59.7760","202507","10","2,000","85","6","2023","파동로 188","202508~202708","신규","-","","","아파트"
"22702","대구광역시 북구 구암동","786","0786","0000","그린빌3차","월세","49.7100","202507","10","500","50","12","2000","구암서로 41","202507~202707","신규","-","","","아파트"
"22703","대구광역시 수성구 황금동","365","0365","0000","캐슬골드파크1단지","월세","157.0600","202507","10","10,000","145","9","2006","청수로 213","202508~202708","신규","-","","","아파트"
"22704","대구광역시 수성구 황금동","99-1","0099","0001","태왕아너스","전세","123.0051","202507","10","71,000","0","3","2004","청호로 345","202507~202707","갱신","사용","70,000","0","아파트"
"22705","대구광역시 북구 국우동","1234","1234","0000","힐스테이트데시앙도남3단지","월세","84.9628","202507","10","2,000","110","5","2021","도남중앙로7길 7","202510~202709","신규","-","","","아파트"
"22706","대구광역시 동구 지묘동","1386","1386","0000","LH뉴웰시티","월세","84.9900","202507","10","6,369","56","5","2021","동화천로77길 30","202507~202709","신규","-","","","아파트"
"22707","대구광역시 동구 각산동","377-20","0377","0020","아트랑스102동","전세","84.9462","202507","10","14,200","0","3","2016","반야월북로 132-16","202507~202707","갱신","-","15,000","0","아파트"
"22708","대구광역시 동구 율하동","1020","1020","0000","율하뜨란채","월세","59.9900","202507","10","1,000","45","5","1997","율하동로 67","202509~202709","신규","-","","","아파트"
"22709","대구광역시 동구 봉무동","1524","1524","0000","대구이시아폴리스더샵1차","전세","84.9380","202507","10","21,000","0","11","2012","팔공로53길 10","202508~202708","신규","-","","","아파트"
"22710","대구광역시 동구 신서동","828","0828","0000","신서화성파크드림","월세","84.9205","202507","10","2,000","80","29","2010","반야월북로 221","202508~202708","신규","-","","","아파트"
"22711","대구광역시 동구 신암동","1860","1860","0000","동대구역화성파크드림","월세","84.8163","202507","10","2,000","115","14","2023","동대구로 590","202507~202707","신규","-","","","아파트"
"22712","대구광역시 동구 신암동","1870","1870","0000","해링턴플레이스동대구","전세","84.9712","202507","10","22,050","0","5","2024","경대로 126","202509~202709","갱신","사용","21,000","0","아파트"
"22713","대구광역시 동구 지저동","779-1","0779","0001","제림햇빛촌","전세","70.9200","202507","10","14,000","0","4","1995","공항로52길 28","202507~202707","신규","-","","","아파트"
"22714","대구광역시 서구 내당동","463-5","0463","0005","광장타운1차","월세","126.2700","202507","10","10,000","70","11","1984","달구벌대로 1707","202507~202707","신규","-","","","아파트"
"22715","대구광역시 중구 달성동","352","0352","0000","달성파크푸르지오힐스테이트","월세","84.9221","202507","10","2,000","110","12","2023","달성로 123","202510~202709","신규","-","","","아파트"
"22716","대구광역시 북구 칠성동2가","715","0715","0000","대구역 서희스타힐스","월세","84.8400","202507","10","2,000","95","3","2012","칠성남로 101","202509~202709","신규","-","","","아파트"
"22717","대구광역시 중구 대신동","2106","2106","0000","대신센트럴자이","전세","84.9235","202507","10","30,000","0","11","2015","달구벌대로 1955","202407~202607","신규","-","","","아파트"
"22718","대구광역시 중구 달성동","352","0352","0000","달성파크푸르지오힐스테이트","전세","84.9221","202507","10","24,000","0","18","2023","달성로 123","202507~202907","신규","-","","","아파트"
"22719","대구광역시 동구 사복동","838","0838","0000","대구혁신엘에이치이노힐즈","전세","74.9900","202507","10","20,000","0","4","2015","메디밸리로 35","-","-","-","","","아파트"
"22720","대구광역시 동구 사복동","838","0838","0000","대구혁신엘에이치이노힐즈","전세","74.9900","202507","10","20,000","0","4","2015","메디밸리로 35","202508~202708","신규","-","","","아파트"
"22721","대구광역시 중구 남산동","2937-1","2937","0001","남산그린타운","전세","53.4089","202507","10","21,000","0","14","2005","달구벌대로 1950","202508~202708","신규","-","","","아파트"
"22722","대구광역시 중구 남산동","2466-1","2466","0001","보성황실타운","월세","217.3800","202507","10","0","120","14","1993","남산로13길 17","202507~202607","신규","-","","","아파트"
"22723","대구광역시 중구 남산동","3049","3049","0000","청라힐스자이","전세","101.4727","202507","10","49,000","0","3","2023","남산로 73","202507~202707","신규","-","","","아파트"
"22724","대구광역시 중구 남산동","2466-1","2466","0001","보성황실타운","월세","217.3800","202507","10","0","120","14","1993","남산로13길 17","-","-","-","","","아파트"
"22725","대구광역시 중구 남산동","3012","3012","0000","남산역화성파크드림","전세","74.2275","202507","10","28,000","0","21","2018","남산로7길 7","202508~202708","신규","-","","","아파트"
"22726","대구광역시 중구 남산동","3030","3030","0000","남산자이하늘채","전세","39.8267","202507","10","17,500","0","2","2022","명덕로 33","202508~202708","신규","-","","","아파트"
"22727","대구광역시 서구 비산동","679-7","0679","0007","비산하이츠102동","월세","59.2200","202507","10","700","40","4","2004","통학로52길 68","202507~202707","신규","-","","","아파트"
"22728","대구광역시 동구 지묘동","1316","1316","0000","대구연경엘에이치천년나무2단지","월세","29.1700","202507","10","1,170","15","7","2020","연경지묘로 153","202507~202709","신규","-","","","아파트"
"22729","대구광역시 중구 동인동1가","409","0409","0000","힐스테이트동인센트럴","월세","84.2739","202507","10","2,000","110","11","2024","동덕로 181","-","-","-","","","아파트"
"22730","대구광역시 중구 동인동1가","409","0409","0000","힐스테이트동인센트럴","월세","84.2739","202507","10","2,000","110","11","2024","동덕로 181","202508~202708","신규","-","","","아파트"
"22731","대구광역시 서구 평리동","1497-44","1497","0044","서대구역서한이다음더퍼스트","전세","39.8388","202507","10","14,170","0","23","2023","국채보상로37길 38","202508~202708","갱신","사용","13,500","0","아파트"
"22732","대구광역시 서구 평리동","1676","1676","0000","평리롯데캐슬","월세","84.9639","202507","10","2,000","80","5","2009","국채보상로 316","202508~202707","신규","-","","","아파트"
"22733","대구광역시 남구 대명동","3062","3062","0000","앞산리슈빌앤리마크1단지","월세","59.9545","202507","10","7,000","57","5","2018","안지랑로 73","202509~202709","신규","-","","","아파트"
"22734","대구광역시 남구 대명동","3062","3062","0000","앞산리슈빌앤리마크1단지","월세","59.9545","202507","10","7,000","57","5","2018","안지랑로 73","202509~202709","신규","-","","","아파트"
"22735","대구광역시 동구 신천동","103","0103","0000","대구콘텐츠비즈니스센터LH창업지원주택","월세","21.9000","202507","10","2,664","13","13","2021","동대구로 469","202507~202709","신규","-","","","아파트"
"22736","대구광역시 동구 신천동","103","0103","0000","대구콘텐츠비즈니스센터LH창업지원주택","월세","21.9000","202507","10","2,664","13","13","2021","동대구로 469","202507~202709","신규","-","","","아파트"
"22737","대구광역시 동구 신천동","538-15","0538","0015","신천역까사밀라102동","전세","23.3700","202507","10","6,200","0","12","2015","동부로 33","202508~202708","신규","-","","","아파트"
"22738","대구광역시 남구 이천동","214-456","0214","0456","강변타운","월세","59.8500","202507","10","5,000","40","4","1994","명덕로68길 19","202507~202707","신규","-","","","아파트"
"22739","대구광역시 중구 달성동","352","0352","0000","달성파크푸르지오힐스테이트","전세","84.9221","202507","10","24,000","0","18","2023","달성로 123","202507~202707","신규","-","","","아파트"
"22740","대구광역시 달서구 두류동","2348","2348","0000","두류파크KCC스위첸","전세","39.9100","202507","10","16,500","0","5","2023","파도고개로 70","202508~202708","신규","-","","","아파트"
"22741","대구광역시 달성군 다사읍 죽곡리","876","0876","0000","협성휴포레 죽곡","전세","64.9092","202507","10","26,000","0","13","2018","달구벌대로174길 50","202509~202709","신규","-","","","아파트"
"22742","대구광역시 달성군 논공읍 북리","803-4","0803","0004","논공성원아파트","월세","52.0800","202507","10","150","38","11","1996","논공로23길 14","202507~202704","신규","-","","","아파트"
"22743","대구광역시 달서구 용산동","416-1","0416","0001","성서2영남우방타운","전세","84.9800","202507","10","17,850","0","7","1997","이곡공원로 83","202509~202709","신규","-","","","아파트"
"22744","대구광역시 달서구 도원동","1440","1440","0000","아람마을","월세","59.6300","202507","10","1,000","50","11","1997","한실로 30","202507~202707","신규","-","","","아파트"
"22745","대구광역시 달서구 장기동","845","0845","0000","코오롱하늘채","전세","84.9438","202507","10","28,000","0","36","2019","용산로12길 77","202508~202608","갱신","사용","28,000","0","아파트"
"22746","대구광역시 달서구 월성동","1894","1894","0000","월성삼정그린코아에듀파크","전세","84.6758","202507","10","33,000","0","9","2022","월성로 100","202508~202708","신규","-","","","아파트"
"22747","대구광역시 달서구 상인동","1592","1592","0000","시영장미4","전세","49.8000","202507","10","7,000","0","13","1993","상화로 380","202507~202707","신규","-","","","아파트"
"22748","대구광역시 달서구 상인동","1596","1596","0000","상인화성파크드림1단지","월세","84.9800","202507","10","2,000","100","22","2010","송현로7길 10","202508~202708","신규","-","","","아파트"
"22749","대구광역시 달성군 다사읍 매곡리","622","0622","0000","다사한일유앤아이","월세","84.7900","202507","10","2,000","70","16","2009","매곡로4길 9","202508~202708","신규","-","","","아파트"
"22750","대구광역시 달서구 본동","747","0747","0000","빌리브클라쎄","전세","84.5900","202507","10","26,500","0","13","2023","와룡로 41","202509~202709","갱신","-","24,500","0","아파트"
"22751","대구광역시 달서구 진천동","847","0847","0000","월배역디엘라온프라이빗","월세","99.8395","202507","10","1,000","180","24","2024","월배로 159","202509~202708","신규","-","","","아파트"
"22752","대구광역시 달성군 현풍읍 대리","1176","1176","0000","국가산단서한이다음아파트","월세","66.7600","202507","10","3,528","24","13","2019","국가산단대로70길 41","202509~202709","신규","-","","","아파트"
"22753","대구광역시 달성군 다사읍 서재리","1125","1125","0000","에코폴리스동화아이위시2차","월세","63.8913","202507","10","2,000","65","11","2016","서재로7길 23","202507~202707","신규","-","","","아파트"
"22754","대구광역시 달서구 상인동","1514","1514","0000","상인현대동방타운","월세","59.9600","202507","10","1,000","44","8","1993","상인서로 85","202508~202608","갱신","-","1,000","50","아파트"
"22755","대구광역시 달서구 유천동","612","0612","0000","대구월배2차아이파크","전세","84.5402","202507","10","31,000","0","4","2016","월배로5길 76","202507~202707","신규","-","","","아파트"
"22756","대구광역시 달서구 월성동","1894","1894","0000","월성삼정그린코아에듀파크","월세","84.6758","202507","10","4,000","120","15","2022","월성로 100","202508~202708","신규","-","","","아파트"
"22757","대구광역시 달서구 월성동","500-6","0500","0006","월성영남맨션","월세","65.2400","202507","10","1,000","60","9","1991","학산로2길 39","202507~202707","신규","-","","","아파트"
"22758","대구광역시 달성군 옥포읍 교항리","2984","2984","0000","옥포지구서한이다음","월세","59.9900","202507","10","1,000","60","9","2020","돌미로6길 5","202508~202708","신규","-","","","아파트"
"22759","대구광역시 달서구 감삼동","702","0702","0000","삼정브리티시용산","월세","84.3812","202507","10","2,000","100","14","2013","달구벌대로 1530","202507~202707","신규","-","","","아파트"
"22760","대구광역시 달성군 다사읍 서재리","1125","1125","0000","에코폴리스동화아이위시2차","월세","63.8913","202507","10","2,000","65","11","2016","서재로7길 23","202507~202707","신규","-","","","아파트"
"22761","대구광역시 달성군 유가읍 봉리","595","0595","0000","대구테크노폴리스화성파크드림","월세","77.4304","202507","10","2,000","80","10","2016","테크노북로 165","202507~202707","신규","-","","","아파트"
"22762","대구광역시 달서구 진천동","15-1","0015","0001","월배역포스코더샵","전세","84.9838","202507","10","28,000","0","14","2006","월서로 51","202509~202709","신규","-","","","아파트"
"22763","대구광역시 달서구 감삼동","702","0702","0000","삼정브리티시용산","월세","84.3812","202507","10","2,000","100","14","2013","달구벌대로 1530","202507~202707","신규","-","","","아파트"
"22764","대구광역시 달성군 화원읍 명곡리","112","0112","0000","명곡미래빌1","전세","84.3400","202507","10","14,000","0","15","2000","명곡로 11","202509~202709","신규","-","","","아파트"
"22765","대구광역시 달성군 구지면 응암리","1251","1251","0000","대구국가산단반도유보라아이비파크2","월세","74.9638","202507","10","1,000","58","6","2020","국가산단북로60길 59","202507~202607","신규","-","","","아파트"
"22766","대구광역시 달성군 구지면 응암리","1210","1210","0000","과학마을청아람","월세","59.8940","202507","10","1,000","50","1","2016","과학마을로 70","202507~202707","신규","-","","","아파트"
"22767","대구광역시 달성군 구지면 응암리","1210","1210","0000","과학마을청아람","월세","59.8940","202507","10","1,000","55","7","2016","과학마을로 70","202507~202707","신규","-","","","아파트"
"22768","대구광역시 달서구 본리동","1222","1222","0000","더샵달서센트럴","전세","59.8700","202507","10","25,000","0","14","2020","당산로 17","202509~202709","신규","-","","","아파트"
"22769","대구광역시 달성군 다사읍 매곡리","1537","1537","0000","대실역청아람1단지","월세","59.9748","202507","10","3,000","65","7","2008","대실역북로 38","202507~202707","신규","-","","","아파트"
"22770","대구광역시 달서구 이곡동","1192","1192","0000","성서우방타운","월세","85.0000","202507","10","1,000","71","10","1994","계대동문로 123","202508~202708","신규","-","","","아파트"
"22771","대구광역시 달서구 두류동","2348","2348","0000","두류파크KCC스위첸","전세","39.9100","202507","10","16,100","0","5","2023","파도고개로 70","202508~202708","신규","-","","","아파트"
"22772","대구광역시 달서구 두류동","2348","2348","0000","두류파크KCC스위첸","전세","39.9100","202507","10","16,500","0","5","2023","파도고개로 70","202508~202708","신규","-","","","아파트"
"22773","대구광역시 달서구 진천동","847","0847","0000","월배역디엘라온프라이빗","월세","99.8395","202507","10","2,000","150","24","2024","월배로 159","202509~202708","신규","-","","","아파트"
"22774","대구광역시 달서구 대천동","1042","1042","0000","월배삼정그린코아포레스트","전세","84.5453","202507","09","32,000","0","19","2021","조암남로32길 40","202508~202708","신규","-","","","아파트"
"22775","대구광역시 달서구 진천동","478-1","0478","0001","제림하나로","월세","84.9600","202507","09","2,000","60","10","1995","상화로21길 55","202508~202708","신규","-","","","아파트"
"22776","대구광역시 달서구 진천동","508","0508","0000","진천역대성스카이렉스","전세","84.9302","202507","09","26,000","0","13","2008","월배로 80","202509~202709","신규","-","","","아파트"
"22777","대구광역시 달서구 도원동","1444","1444","0000","미리샘마을","전세","84.9300","202507","09","18,000","0","18","1998","한실로 134","202508~202708","신규","-","","","아파트"
"22778","대구광역시 달서구 상인동","1596","1596","0000","상인화성파크드림1단지","월세","84.9900","202507","09","2,000","100","21","2010","송현로7길 10","202507~202707","신규","-","","","아파트"
"22779","대구광역시 달성군 구지면 창리","1447","1447","0000","모아미래도에듀퍼스트","월세","77.7752","202507","09","500","65","10","2021","국가산단대로70길 42","202507~202707","신규","-","","","아파트"
"22780","대구광역시 달서구 월성동","84","0084","0000","월성주공1(고층)","월세","58.4600","202507","09","500","45","12","1991","월곡로94길 30","202507~202707","신규","-","","","아파트"
"22781","대구광역시 달서구 월성동","270","0270","0000","월성주공4단지","월세","49.9400","202507","09","1,000","50","4","1992","구마로14남길 55","202508~202708","신규","-","","","아파트"
"22782","대구광역시 달서구 본리동","1234","1234","0000","두산위브더제니스센트럴달서","월세","84.9939","202507","09","2,000","105","41","2024","와룡로 80","202508~202708","신규","-","","","아파트"
"22783","대구광역시 달서구 감삼동","719","0719","0000","힐스테이트죽전역","월세","108.9759","202507","09","3,000","140","21","2024","달구벌대로308길 30","202509~202703","신규","-","","","아파트"
"22784","대구광역시 달서구 본동","747","0747","0000","빌리브클라쎄","전세","84.9454","202507","09","29,000","0","28","2023","와룡로 41","202509~202708","신규","-","","","아파트"
"22785","대구광역시 달서구 본동","616","0616","0000","월성주공5","월세","44.9400","202507","09","500","40","5","1992","구마로12길 89","202507~202707","신규","-","","","아파트"
"22786","대구광역시 달성군 구지면 응암리","1210","1210","0000","과학마을청아람","월세","39.9160","202507","09","500","50","2","2016","과학마을로 70","202507~202707","신규","-","","","아파트"
"22787","대구광역시 달서구 용산동","956","0956","0000","용산동서우방","월세","59.8800","202507","09","1,000","68","5","1998","장산로 20","-","-","-","","","아파트"
"22788","대구광역시 달서구 용산동","956","0956","0000","용산동서우방","월세","59.8800","202507","09","1,000","68","5","1998","장산로 20","202507~202607","신규","-","","","아파트"
"22789","대구광역시 달서구 용산동","956","0956","0000","용산동서우방","월세","59.8800","202507","09","1,000","68","5","1998","장산로 20","202507~202607","신규","-","","","아파트"
"22790","대구광역시 달성군 현풍읍 중리","480","0480","0000","대구테크노폴리스남해오네뜨1차","전세","59.9901","202507","09","14,000","0","19","2015","테크노북로4길 11","202508~202708","신규","-","","","아파트"
"22791","대구광역시 달성군 현풍읍 중리","484","0484","0000","제일풍경채더퍼스트","전세","67.7425","202507","09","16,800","0","13","2016","테크노상업로 49","202507~202707","갱신","사용","16,000","0","아파트"
"22792","대구광역시 달성군 논공읍 북리","803-4","0803","0004","논공성원아파트","월세","59.4000","202507","09","300","40","14","1996","논공로23길 14","202507~202607","신규","-","","","아파트"
"22793","대구광역시 달서구 이곡동","1194-2","1194","0002","성서대백창신한라타운","전세","59.9600","202507","09","12,500","0","9","1994","성서서로 316","202507~202707","신규","-","","","아파트"
"22794","대구광역시 달성군 다사읍 세천리","1566-1","1566","0001","다사세천한라비발디","전세","74.0400","202507","09","17,000","0","6","2016","세천로 187","202508~202708","신규","-","","","아파트"
"22795","대구광역시 달성군 다사읍 세천리","1588","1588","0000","북죽곡엠코타운더솔레뉴","월세","84.9927","202507","09","2,000","75","11","2016","세천로 160","202508~202608","신규","-","","","아파트"
"22796","대구광역시 달서구 신당동","1846","1846","0000","성서주공2","월세","42.9000","202507","09","1,000","42","6","1995","신당로 55","202508~202707","신규","-","","","아파트"
"22797","대구광역시 달서구 신당동","1846","1846","0000","성서주공2","전세","37.6700","202507","09","7,500","0","13","1995","신당로 55","202507~202707","신규","-","","","아파트"
"22798","대구광역시 달성군 옥포읍 교항리","3008","3008","0000","대구옥포르상트레빌","월세","84.9700","202507","09","10,500","23","9","2019","금계길 12","202511~202710","갱신","-","10,500","23","아파트"
"22799","대구광역시 달성군 옥포읍 교항리","3008","3008","0000","대구옥포르상트레빌","월세","74.9600","202507","09","9,100","22","7","2019","금계길 12","202511~202710","갱신","-","9,100","22","아파트"
"22800","대구광역시 달성군 옥포읍 교항리","3008","3008","0000","대구옥포르상트레빌","월세","84.9700","202507","09","10,500","23","9","2019","금계길 12","202511~202710","갱신","사용","10,500","23","아파트"
"22801","대구광역시 달성군 옥포읍 교항리","3008","3008","0000","대구옥포르상트레빌","월세","84.9800","202507","09","10,500","23","16","2019","금계길 12","202511~202710","갱신","사용","10,500","23","아파트"
"22802","대구광역시 달성군 옥포읍 교항리","3008","3008","0000","대구옥포르상트레빌","월세","84.9800","202507","09","10,500","23","3","2019","금계길 12","202511~202710","갱신","-","10,500","23","아파트"
"22803","대구광역시 달성군 옥포읍 교항리","3008","3008","0000","대구옥포르상트레빌","월세","84.9800","202507","09","10,500","23","9","2019","금계길 12","202511~202710","갱신","-","10,500","23","아파트"
"22804","대구광역시 달성군 옥포읍 교항리","3008","3008","0000","대구옥포르상트레빌","월세","84.9800","202507","09","10,500","23","3","2019","금계길 12","202511~202710","갱신","-","10,500","23","아파트"
"22805","대구광역시 달성군 옥포읍 교항리","3008","3008","0000","대구옥포르상트레빌","월세","74.9600","202507","09","9,100","22","12","2019","금계길 12","202511~202710","갱신","-","9,100","22","아파트"
"22806","대구광역시 달성군 옥포읍 교항리","3008","3008","0000","대구옥포르상트레빌","월세","84.9800","202507","09","10,500","23","13","2019","금계길 12","202511~202710","갱신","-","10,500","23","아파트"
"22807","대구광역시 달성군 옥포읍 교항리","3008","3008","0000","대구옥포르상트레빌","월세","84.9800","202507","09","11,200","20","14","2019","금계길 12","202511~202710","갱신","-","11,200","20","아파트"
"22808","대구광역시 달성군 옥포읍 교항리","3008","3008","0000","대구옥포르상트레빌","월세","84.9800","202507","09","10,500","23","6","2019","금계길 12","202511~202710","갱신","-","10,500","23","아파트"
"22809","대구광역시 달성군 옥포읍 교항리","3008","3008","0000","대구옥포르상트레빌","월세","84.9800","202507","09","11,200","20","17","2019","금계길 12","202511~202710","갱신","-","11,200","20","아파트"
"22810","대구광역시 달성군 옥포읍 교항리","3008","3008","0000","대구옥포르상트레빌","월세","84.9800","202507","09","10,500","23","10","2019","금계길 12","202511~202710","갱신","-","10,500","23","아파트"
"22811","대구광역시 달성군 옥포읍 교항리","3008","3008","0000","대구옥포르상트레빌","월세","84.9800","202507","09","10,500","23","16","2019","금계길 12","202511~202710","갱신","-","10,500","23","아파트"
"22812","대구광역시 달성군 옥포읍 교항리","3008","3008","0000","대구옥포르상트레빌","월세","84.9800","202507","09","11,100","20","18","2019","금계길 12","202511~202710","갱신","-","10,500","23","아파트"
"22813","대구광역시 달성군 옥포읍 교항리","3008","3008","0000","대구옥포르상트레빌","월세","84.9800","202507","09","10,500","23","9","2019","금계길 12","202511~202710","갱신","-","10,500","23","아파트"
"22814","대구광역시 달성군 옥포읍 교항리","3008","3008","0000","대구옥포르상트레빌","월세","84.9800","202507","09","10,500","23","11","2019","금계길 12","202511~202710","갱신","-","10,500","23","아파트"
"22815","대구광역시 달성군 옥포읍 교항리","3008","3008","0000","대구옥포르상트레빌","월세","84.9700","202507","09","11,200","20","12","2019","금계길 12","202511~202710","갱신","사용","11,200","20","아파트"
"22816","대구광역시 달성군 옥포읍 교항리","3008","3008","0000","대구옥포르상트레빌","월세","84.9800","202507","09","10,500","23","16","2019","금계길 12","202511~202710","갱신","-","10,500","23","아파트"
"22817","대구광역시 달성군 유가읍 쌍계리","633","0633","0000","대구테크노폴리스중흥에스-클래스포디움","월세","99.9819","202507","09","2,000","105","4","2018","테크노순환로 423","202507~202707","신규","-","","","아파트"
"22818","대구광역시 중구 대봉동","60-10","0060","0010","센트로팰리스","월세","153.0450","202507","09","3,000","230","20","2007","대봉로 260","202508~202708","신규","-","","","아파트"
"22819","대구광역시 수성구 노변동","742","0742","0000","수성알파시티청아람","월세","49.9708","202507","09","4,731","47","18","2021","알파시티2로 96","202508~202708","신규","-","","","아파트"
"22820","대구광역시 수성구 욱수동","185-1","0185","0001","태왕4하이츠","월세","115.8784","202507","09","3,000","85","18","2004","욱수천로 27","202508~202708","신규","-","","","아파트"
"22821","대구광역시 달성군 유가읍 봉리","602","0602","0000","대구테크노폴리스4단지","월세","51.9800","202507","09","2,200","38","20","2017","테크노상업로 111","202507~202709","신규","-","","","아파트"
"22822","대구광역시 달성군 유가읍 봉리","601","0601","0000","하나리움퀸즈파크","월세","59.8767","202507","09","1,000","63","21","2015","테크노북로 164","202507~202707","신규","-","","","아파트"
"22823","대구광역시 달성군 유가읍 봉리","601","0601","0000","하나리움퀸즈파크","월세","59.8767","202507","09","1,000","63","21","2015","테크노북로 164","202507~202707","신규","-","","","아파트"
"22824","대구광역시 북구 복현동","241-1","0241","0001","복현블루밍브라운스톤명문세가","전세","85.0000","202507","09","15,760","0","2","2011","복현로 50","202508~202708","신규","-","","","아파트"
"22825","대구광역시 북구 태전동","1066","1066","0000","칠곡대백맨션","전세","84.9200","202507","09","13,000","0","1","1993","관음로 24","202508~202708","신규","-","","","아파트"
"22826","대구광역시 수성구 지산동","1270-1","1270","0001","보성맨션","월세","113.0900","202507","09","2,000","80","6","1991","지범로22길 10","202507~202707","신규","-","","","아파트"
"22827","대구광역시 수성구 지산동","1190-2","1190","0002","낙원(1190-2)","전세","45.4800","202507","09","4,000","0","5","1987","용학로36길 17","202507~202707","갱신","-","4,000","0","아파트"
"22828","대구광역시 수성구 만촌동","1500","1500","0000","힐스테이트만촌역","월세","136.6868","202507","09","15,000","250","15","2024","달구벌대로 2567","202508~202708","신규","-","","","아파트"
"22829","대구광역시 북구 복현동","241-1","0241","0001","복현블루밍브라운스톤명문세가","전세","85.0000","202507","09","15,760","0","2","2011","복현로 50","202508~202708","신규","-","","","아파트"
"22830","대구광역시 북구 구암동","788","0788","0000","그린빌4차","전세","59.8300","202507","09","12,000","0","10","2001","구암서로 22","202509~202709","신규","-","","","아파트"
"22831","대구광역시 수성구 상동","555","0555","0000","수성동일하이빌레이크시티","월세","118.9060","202507","09","5,000","230","12","2009","수성로 71","202508~202707","신규","-","","","아파트"
"22832","대구광역시 북구 사수동","812","0812","0000","서희스타힐스테이","월세","99.9451","202507","09","18,000","27","22","2019","내곡로 90","202508~202708","신규","-","","","아파트"
"22833","대구광역시 수성구 사월동","464","0464","0000","사월보성","전세","59.9700","202507","09","12,000","0","4","1996","욱수천로 133","202508~202708","신규","-","","","아파트"
"22834","대구광역시 수성구 범어동","800-11","0800","0011","우방크로바","전세","74.5175","202507","09","20,000","0","5","1982","청솔로 126","202509~202709","신규","-","","","아파트"
"22835","대구광역시 북구 사수동","784","0784","0000","이편한세상대구금호","전세","84.9200","202507","09","20,000","0","13","2017","내곡로 49","202508~202708","신규","-","","","아파트"
"22836","대구광역시 북구 구암동","788","0788","0000","그린빌4차","전세","59.8300","202507","09","12,000","0","10","2001","구암서로 22","202509~202709","신규","-","","","아파트"
"22837","대구광역시 북구 연경동","923","0923","0000","연경숲","월세","59.7200","202507","09","4,600","43","13","2020","연경중앙로 55","202510~202709","갱신","-","4,600","43","아파트"
"22838","대구광역시 북구 사수동","771","0771","0000","대구금호엘에이치천년나무8단지","월세","36.7000","202507","09","3,757","10","11","2016","내곡로 15","202510~202709","신규","-","","","아파트"
"22839","대구광역시 수성구 파동","1034","1034","0000","수성더팰리스푸르지오더샵","월세","59.7760","202507","09","2,000","88","8","2023","파동로 188","202508~202708","신규","-","","","아파트"
"22840","대구광역시 북구 침산동","1761","1761","0000","침산화성파크드림","전세","84.9716","202507","09","30,000","0","16","2017","성북로 70","202509~202708","신규","-","","","아파트"
"22841","대구광역시 수성구 신매동","579","0579","0000","천마타운","월세","134.9700","202507","09","3,000","110","7","1994","신매로 71","202508~202708","신규","-","","","아파트"
"22842","대구광역시 북구 읍내동","1171","1171","0000","칠곡목련","전세","50.2200","202507","09","3,800","0","5","1987","구암로15길 38","202508~202708","신규","-","","","아파트"
"22843","대구광역시 북구 구암동","786","0786","0000","그린빌3차","전세","49.7100","202507","09","11,500","0","8","2000","구암서로 41","202507~202707","신규","-","","","아파트"
"22844","대구광역시 수성구 지산동","1272-2","1272","0002","에덴타운","월세","84.8600","202507","09","1,000","65","1","1991","용학로 223","202507~202707","신규","-","","","아파트"
"22845","대구광역시 수성구 지산동","1766","1766","0000","더샵수성라크에르","전세","113.9950","202507","09","55,000","0","18","2024","지산로3길 33","202508~202708","신규","-","","","아파트"
"22846","대구광역시 수성구 지산동","761","0761","0000","녹원맨션","월세","108.7200","202507","09","1,000","85","8","1989","무학로 189","202509~202709","신규","-","","","아파트"
"22847","대구광역시 북구 복현동","241-1","0241","0001","복현블루밍브라운스톤명문세가","전세","85.0000","202507","09","15,760","0","2","2011","복현로 50","202508~202707","갱신","-","20,548","0","아파트"
"22848","대구광역시 서구 평리동","1703","1703","0000","서대구역반도유보라센텀","전세","84.9602","202507","09","27,000","0","22","2023","문화로 230","202508~202708","신규","-","","","아파트"
"22849","대구광역시 동구 신기동","160-39","0160","0039","스카이더뷰","월세","84.6866","202507","09","500","60","4","2017","반야월로26길 12","202507~202601","신규","-","","","아파트"
"22850","대구광역시 남구 봉덕동","1652","1652","0000","앞산비스타동원","전세","59.9951","202507","09","27,000","0","11","2021","신촌길 57","202507~202705","갱신","사용","39,000","0","아파트"
"22851","대구광역시 동구 동호동","362","0362","0000","상록아파트","월세","59.7200","202507","09","1,957","24","12","2004","동호로 47","202509~202708","갱신","-","2,632","33","아파트"
"22852","대구광역시 동구 효목동","1331","1331","0000","동대구푸르지오브리센트","월세","84.9712","202507","09","1,000","120","6","2024","효목로5길 55","202507~202707","신규","-","","","아파트"
"22853","대구광역시 중구 태평로3가","318","0318","0000","힐스테이트달성공원역","월세","84.9692","202507","09","2,000","120","14","2024","태평로 41","202508~202708","신규","-","","","아파트"
"22854","대구광역시 서구 평리동","632-9","0632","0009","서대구KTX영무예다음","전세","84.5785","202507","09","24,500","0","6","2023","당산로 446","202508~202708","신규","-","","","아파트"
"22855","대구광역시 서구 평리동","632-9","0632","0009","서대구KTX영무예다음","전세","84.5785","202507","09","24,500","0","6","2023","당산로 446","202508~202708","신규","-","","","아파트"
"22856","대구광역시 동구 괴전동","655","0655","0000","안심역삼정그린코아더베스트","전세","84.6731","202507","09","28,000","0","16","2021","반야월북로 355","202507~202707","갱신","-","27,000","0","아파트"
"22857","대구광역시 동구 신기동","573","0573","0000","신기모란1차","월세","39.5100","202507","09","500","30","4","1987","율하동로20길 40","202508~202708","신규","-","","","아파트"
"22858","대구광역시 북구 칠성동2가","127","0127","0000","성광우방타운","월세","84.9300","202507","09","2,000","80","18","1996","호암로 20","202508~202708","신규","-","","","아파트"
"22859","대구광역시 동구 지묘동","360","0360","0000","태왕그린힐즈","월세","84.8600","202507","09","2,000","50","6","1997","파계로 46","202509~202709","신규","-","","","아파트"
"22860","대구광역시 중구 동인동1가","420","0420","0000","힐스테이트동인더스카이","전세","84.3549","202507","09","25,000","0","36","2025","태평로 240","202507~202707","신규","-","","","아파트"
"22861","대구광역시 동구 신암동","1860","1860","0000","동대구역화성파크드림","전세","84.8163","202507","09","27,300","0","12","2023","동대구로 590","-","-","-","","","아파트"
"22862","대구광역시 중구 동인동1가","33-1","0033","0001","시티타운","전세","51.8700","202507","09","10,000","0","10","1997","국채보상로131길 55","202508~202708","신규","-","","","아파트"
"22863","대구광역시 중구 교동","8","0008","0000","노마즈하우스","월세","12.6520","202507","09","300","36","16","2014","공평로 105","202507~202607","신규","-","","","아파트"
"22864","대구광역시 동구 신천동","492","0492","0000","광명","전세","52.0200","202507","09","9,000","0","3","1980","화랑로11길 78","202508~202708","신규","-","","","아파트"
"22865","대구광역시 중구 동인동1가","420","0420","0000","힐스테이트동인더스카이","전세","84.3549","202507","09","25,000","0","36","2025","태평로 240","202507~202707","신규","-","","","아파트"
"22866","대구광역시 남구 이천동","407-7","0407","0007","청솔한아름","월세","74.3480","202507","09","300","100","4","2015","이천로 144","202507~202607","신규","-","","","아파트"
"22867","대구광역시 동구 신천동","200-1","0200","0001","신천청아람","월세","109.9544","202507","09","5,000","95","2","2010","송라로14길 132","202509~202709","신규","-","","","아파트"
"22868","대구광역시 서구 평리동","632-9","0632","0009","서대구KTX영무예다음","전세","84.5785","202507","09","24,500","0","6","2023","당산로 446","202508~202708","신규","-","","","아파트"
"22869","대구광역시 중구 남산동","3043","3043","0000","반월당역서한포레스트","월세","69.9124","202507","09","2,000","110","22","2022","중앙대로67길 11","202507~202707","신규","-","","","아파트"
"22870","대구광역시 동구 신암동","1860","1860","0000","동대구역화성파크드림","전세","84.8163","202507","09","27,300","0","12","2023","동대구로 590","202508~202708","갱신","사용","26,000","0","아파트"
"22871","대구광역시 동구 신암동","1860","1860","0000","동대구역화성파크드림","전세","84.9482","202507","09","28,000","0","7","2023","동대구로 590","202507~202707","갱신","-","26,000","0","아파트"
"22872","대구광역시 동구 신암동","461-1","0461","0001","신암그린타운","월세","52.8146","202507","09","2,000","50","10","2003","신성로 30","202507~202707","갱신","사용","2,000","50","아파트"
"22873","대구광역시 동구 방촌동","1102-2","1102","0002","강변1","월세","77.2200","202507","08","2,000","35","2","1989","동촌로54길 13","202507~202707","신규","-","","","아파트"
"22874","대구광역시 동구 방촌동","1084-30","1084","0030","우방강촌마을1","월세","59.9800","202507","08","1,500","55","1","1996","화랑로80길 8","202507~202707","신규","-","","","아파트"
"22875","대구광역시 동구 방촌동","1084-30","1084","0030","우방강촌마을1","월세","59.9800","202507","08","2,000","50","1","1996","화랑로80길 8","202507~202707","신규","-","","","아파트"
"22876","대구광역시 동구 신암동","622","0622","0000","보성1차","전세","50.8500","202507","08","7,000","0","4","1985","큰고개로 23","202509~202709","신규","-","","","아파트"
"22877","대구광역시 동구 신암동","1870","1870","0000","해링턴플레이스동대구","전세","59.9469","202507","08","23,500","0","12","2024","경대로 126","202508~202708","신규","-","","","아파트"
"22878","대구광역시 동구 신암동","1860","1860","0000","동대구역화성파크드림","월세","59.9936","202507","08","6,000","80","13","2023","동대구로 590","202509~202709","신규","-","","","아파트"
"22879","대구광역시 중구 동인동3가","414","0414","0000","엑소디움센트럴동인","월세","59.9691","202507","08","2,000","90","19","2023","국채보상로139길 40","202508~202708","신규","-","","","아파트"
"22880","대구광역시 중구 태평로3가","177-3","0177","0003","대구역경남센트로팰리스","전세","84.1638","202507","08","25,000","0","8","2022","태평로 47","202509~202709","신규","-","","","아파트"
"22881","대구광역시 중구 교동","8","0008","0000","노마즈하우스","전세","17.7353","202507","08","4,500","0","13","2014","공평로 105","202508~202708","신규","-","","","아파트"
"22882","대구광역시 서구 중리동","72","0072","0000","시영2","전세","59.1000","202507","08","10,000","0","5","1985","국채보상로38길 32","-","-","-","","","아파트"
"22883","대구광역시 서구 중리동","72","0072","0000","시영2","전세","59.1000","202507","08","10,000","0","5","1985","국채보상로38길 32","202510~202710","신규","-","","","아파트"
"22884","대구광역시 서구 중리동","42-1","0042","0001","진달래2","월세","50.1300","202507","08","400","45","4","1983","국채보상로38길 22","202507~202707","신규","-","","","아파트"
"22885","대구광역시 서구 중리동","72","0072","0000","시영2","전세","59.1000","202507","08","10,000","0","5","1985","국채보상로38길 32","202510~202710","신규","-","","","아파트"
"22886","대구광역시 서구 중리동","72","0072","0000","시영2","전세","59.1000","202507","08","10,000","0","5","1985","국채보상로38길 32","202510~202710","신규","-","","","아파트"
"22887","대구광역시 서구 중리동","72","0072","0000","시영2","전세","59.1000","202507","08","10,000","0","5","1985","국채보상로38길 32","202510~202710","신규","-","","","아파트"
"22888","대구광역시 중구 달성동","352","0352","0000","달성파크푸르지오힐스테이트","전세","84.9713","202507","08","32,000","0","10","2023","달성로 123","202509~202709","신규","-","","","아파트"
"22889","대구광역시 동구 지묘동","1386","1386","0000","LH뉴웰시티","월세","84.9600","202507","08","14,069","23","16","2021","동화천로77길 30","202505~202704","신규","-","","","아파트"
"22890","대구광역시 남구 봉덕동","1642","1642","0000","앞산태왕아너스","월세","59.9620","202507","08","2,000","88","14","2019","효서길 53","202507~202707","신규","-","","","아파트"
"22891","대구광역시 중구 남산동","3020","3020","0000","남산롯데캐슬센트럴스카이","전세","39.8452","202507","08","17,600","0","10","2021","재마루길 77","202508~202708","신규","-","","","아파트"
"22892","대구광역시 중구 남산동","3049","3049","0000","청라힐스자이","월세","84.8688","202507","08","3,000","130","25","2023","남산로 73","202508~202708","신규","-","","","아파트"
"22893","대구광역시 중구 남산동","3030","3030","0000","남산자이하늘채","월세","59.1983","202507","08","2,000","100","5","2022","명덕로 33","202508~202611","신규","-","","","아파트"
"22894","대구광역시 중구 남산동","3020","3020","0000","남산롯데캐슬센트럴스카이","전세","39.8452","202507","08","17,600","0","10","2021","재마루길 77","202508~202708","신규","-","","","아파트"
"22895","대구광역시 중구 남산동","437-1","0437","0001","인터불고코아시스","월세","27.1307","202507","08","2,000","40","11","2014","명륜로 19","202507~202607","신규","-","","","아파트"
"22896","대구광역시 중구 남산동","3020","3020","0000","남산롯데캐슬센트럴스카이","전세","39.8452","202507","08","17,600","0","10","2021","재마루길 77","202508~202708","신규","-","","","아파트"
"22897","대구광역시 동구 입석동","932-5","0932","0005","동촌화성타운","전세","84.9400","202507","08","15,000","0","6","1995","동촌로6길 3","202509~202709","신규","-","","","아파트"
"22898","대구광역시 동구 효목동","337","0337","0000","태왕메트로시티","전세","59.8500","202507","08","12,000","0","8","2003","동북로 500","202508~202707","신규","-","","","아파트"
"22899","대구광역시 동구 율하동","1448","1448","0000","율하센트럴파크9단지","월세","84.6400","202507","08","14,000","30","1","2009","안심로22길 76","202507~202707","신규","-","","","아파트"
"22900","대구광역시 동구 효목동","337","0337","0000","태왕메트로시티","전세","59.8500","202507","08","12,000","0","8","2003","동북로 500","-","-","-","","","아파트"
"22901","대구광역시 동구 신기동","576-1","0576","0001","화성","월세","47.1700","202507","08","500","30","2","1990","율하동로20길 20","202507~202707","신규","-","","","아파트"
"22902","대구광역시 동구 율하동","1402","1402","0000","대구율하2세계육상선수촌1단지","전세","131.7000","202507","08","34,000","0","5","2011","율하서로 85","202508~202712","신규","-","","","아파트"
"22903","대구광역시 동구 효목동","337","0337","0000","태왕메트로시티","전세","59.8500","202507","08","12,000","0","8","2003","동북로 500","202508~202708","신규","-","","","아파트"
"22904","대구광역시 동구 효목동","337","0337","0000","태왕메트로시티","월세","59.8500","202507","08","1,000","53","4","2003","동북로 500","202507~202707","신규","-","","","아파트"
"22905","대구광역시 동구 효목동","1322","1322","0000","동대구2차비스타동원","전세","84.9887","202507","08","20,000","0","12","2024","화랑로25길 60","202507~202707","갱신","-","18,000","0","아파트"
"22906","대구광역시 동구 율하동","1410","1410","0000","율하리버파크뷰","월세","150.9000","202507","08","5,000","130","5","2010","금호강변로 315","202507~202707","갱신","사용","5,000","120","아파트"
"22907","대구광역시 동구 각산동","1062","1062","0000","대구신서혁신엘에이치천년나무6단지","월세","46.7300","202507","08","6,788","15","9","2016","과학로 23","202509~202708","갱신","-","0","14","아파트"
"22908","대구광역시 남구 대명동","1633","1633","0000","파크맨션","전세","56.8800","202507","08","11,000","0","4","1982","대명복개로 230","202509~202709","신규","-","","","아파트"
"22909","대구광역시 동구 신천동","850","0850","0000","두산위브","전세","84.1600","202507","08","26,000","0","19","2008","국채보상로 829","202507~202707","신규","-","","","아파트"
"22910","대구광역시 동구 신천동","1508","1508","0000","동대구역우방아이유쉘","월세","84.9842","202507","08","2,000","105","8","2022","동부로 115","202508~202708","신규","-","","","아파트"
"22911","대구광역시 동구 각산동","1062","1062","0000","대구신서혁신엘에이치천년나무6단지","월세","46.7300","202507","08","6,788","15","9","2016","과학로 23","202509~202708","신규","-","","","아파트"
"22912","대구광역시 남구 대명동","1633","1633","0000","파크맨션","전세","56.8800","202507","08","11,000","0","4","1982","대명복개로 230","202509~202709","신규","-","","","아파트"
"22913","대구광역시 남구 봉덕동","1642","1642","0000","앞산태왕아너스","전세","84.9817","202507","08","24,000","0","7","2019","효서길 53","202507~202707","갱신","사용","24,000","0","아파트"
"22914","대구광역시 동구 동호동","362","0362","0000","상록아파트","전세","59.7200","202507","08","9,786","0","4","2004","동호로 47","202507~202707","갱신","-","11,938","0","아파트"
"22915","대구광역시 동구 동호동","362","0362","0000","상록아파트","전세","59.7200","202507","08","9,786","0","9","2004","동호로 47","202508~202708","갱신","-","13,160","0","아파트"
"22916","대구광역시 동구 동호동","362","0362","0000","상록아파트","월세","59.7200","202507","08","2,642","13","1","2004","동호로 47","202507~202707","갱신","-","2,381","20","아파트"
"22917","대구광역시 중구 동인동1가","420","0420","0000","힐스테이트동인더스카이","전세","84.9389","202507","08","26,000","0","22","2025","태평로 240","202508~202708","신규","-","","","아파트"
"22918","대구광역시 중구 달성동","352","0352","0000","달성파크푸르지오힐스테이트","월세","84.9713","202507","08","2,000","138","17","2023","달성로 123","202509~202708","신규","-","","","아파트"
"22919","대구광역시 달서구 상인동","1474","1474","0000","한양은하","전세","55.8000","202507","08","10,000","0","1","1989","상화북로 137","202507~202707","갱신","-","11,000","0","아파트"
"22920","대구광역시 달성군 유가읍 봉리","622","0622","0000","힐데스하임아파트","전세","71.9030","202507","08","18,000","0","19","2015","테크노북로9길 42","202509~202709","신규","-","","","아파트"
"22921","대구광역시 달성군 구지면 응암리","1252","1252","0000","대구국가산단ZOOM파크","전세","60.9157","202507","08","12,000","0","24","2020","국가산단대로64길 63","202507~202707","신규","-","","","아파트"
"22922","대구광역시 달성군 구지면 응암리","1251","1251","0000","대구국가산단반도유보라아이비파크2","월세","74.9638","202507","08","11,000","20","22","2020","국가산단북로60길 59","202507~202707","신규","-","","","아파트"
"22923","대구광역시 달서구 용산동","414-4","0414","0004","성서6주공","전세","59.9900","202507","08","10,000","0","20","1997","성지로 35","202507~202707","신규","-","","","아파트"
"22924","대구광역시 달서구 본리동","657-3","0657","0003","신본리동서프라임S","월세","84.6600","202507","08","2,000","90","3","2020","와룡로13길 37","202507~202707","신규","-","","","아파트"
"22925","대구광역시 달서구 본리동","210-1","0210","0001","성당우방","전세","84.9700","202507","08","11,000","0","1","1985","구마로 171","202507~202707","신규","-","","","아파트"
"22926","대구광역시 달서구 월성동","1835","1835","0000","월배e-편한세상","전세","59.9694","202507","08","23,000","0","21","2014","월성로 132","202509~202709","갱신","사용","22,000","0","아파트"
"22927","대구광역시 달서구 월성동","270","0270","0000","월성주공4단지","전세","49.9400","202507","08","11,000","0","5","1992","구마로14남길 55","202508~202708","신규","-","","","아파트"
"22928","대구광역시 달서구 용산동","412-5","0412","0005","성서8주공아파트","월세","59.9400","202507","08","1,000","50","16","1997","성지로 42","202507~202707","신규","-","","","아파트"
"22929","대구광역시 달서구 상인동","1600","1600","0000","상인역모아엘가파크뷰","전세","72.9100","202507","08","23,000","0","21","2019","상화북로 162","202508~202708","신규","-","","","아파트"
"22930","대구광역시 달성군 유가읍 봉리","602","0602","0000","대구테크노폴리스4단지","월세","51.9800","202507","08","1,000","42","9","2017","테크노상업로 111","202507~202709","신규","-","","","아파트"
"22931","대구광역시 달성군 유가읍 봉리","601","0601","0000","하나리움퀸즈파크","월세","59.8767","202507","08","1,000","60","24","2015","테크노북로 164","202507~202707","신규","-","","","아파트"
"22932","대구광역시 달서구 월성동","1261","1261","0000","월성자이","전세","84.7250","202507","08","25,000","0","2","2006","조암남로10길 21","202510~202710","신규","-","","","아파트"
"22933","대구광역시 달서구 월성동","1894","1894","0000","월성삼정그린코아에듀파크","전세","84.6758","202507","08","30,000","0","15","2022","월성로 100","202509~202709","신규","-","","","아파트"
"22934","대구광역시 달성군 유가읍 봉리","602","0602","0000","대구테크노폴리스4단지","월세","51.9800","202507","08","2,200","38","20","2017","테크노상업로 111","202507~202709","신규","-","","","아파트"
"22935","대구광역시 달서구 유천동","612","0612","0000","대구월배2차아이파크","월세","59.7565","202507","08","2,000","90","1","2016","월배로5길 76","202512~202712","신규","-","","","아파트"
"22936","대구광역시 달성군 현풍읍 대리","1176","1176","0000","국가산단서한이다음아파트","월세","84.8800","202507","08","4,565","28","17","2019","국가산단대로70길 41","202509~202709","갱신","사용","4,489","27","아파트"
"22937","대구광역시 달서구 유천동","612","0612","0000","대구월배2차아이파크","전세","84.2245","202507","08","25,500","0","22","2016","월배로5길 76","202507~202601","신규","-","","","아파트"
"22938","대구광역시 달성군 다사읍 세천리","133","0133","0000","해피리버","월세","81.7500","202507","08","1,000","50","8","2014","세천북로7길 14-5","202507~202607","신규","-","","","아파트"
"22939","대구광역시 달서구 이곡동","1306-4","1306","0004","한빛마을(성서주공3차)","전세","59.9900","202507","08","12,000","0","3","1998","선원남로 99","202507~202707","신규","-","","","아파트"
"22940","대구광역시 달서구 이곡동","1300-1","1300","0001","성서2화성타운","전세","84.9600","202507","08","18,000","0","14","1997","성서동로 355-20","202508~202708","갱신","-","20,000","0","아파트"
"22941","대구광역시 달성군 구지면 응암리","1199","1199","0000","대구국가산단반도유보라아이비파크","전세","68.7539","202507","08","12,000","0","25","2017","과학마을로3길 14","202508~202708","신규","-","","","아파트"
"22942","대구광역시 달성군 현풍읍 중리","485","0485","0000","대구테크노폴리스일동미라주더파크","월세","72.9520","202507","08","9,000","45","2","2017","테크노북로2길 9","202507~202707","신규","-","","","아파트"
"22943","대구광역시 달성군 구지면 창리","1447","1447","0000","모아미래도에듀퍼스트","월세","77.7974","202507","08","1,300","70","2","2021","국가산단대로70길 42","202507~202508","신규","-","","","아파트"
"22944","대구광역시 달성군 다사읍 죽곡리","814","0814","0000","대실역태왕아너스","전세","49.9638","202507","08","19,500","0","4","2017","대실역남로 11","202507~202707","갱신","-","17,000","0","아파트"
"22945","대구광역시 달성군 다사읍 죽곡리","814","0814","0000","대실역태왕아너스","전세","59.8408","202507","08","19,900","0","11","2017","대실역남로 11","202508~202708","갱신","사용","19,000","0","아파트"
"22946","대구광역시 달성군 다사읍 죽곡리","822","0822","0000","죽곡푸르지오2단지","전세","84.8617","202507","08","27,300","0","8","2012","대실역남로 93","202507~202707","갱신","-","26,000","0","아파트"
"22947","대구광역시 달성군 유가읍 봉리","602","0602","0000","대구테크노폴리스4단지","월세","59.9100","202507","08","3,000","43","1","2017","테크노상업로 111","202507~202709","신규","-","","","아파트"
"22948","대구광역시 달성군 다사읍 죽곡리","814","0814","0000","대실역태왕아너스","월세","49.9638","202507","08","7,284","30","8","2017","대실역남로 11","202508~202708","신규","-","","","아파트"
"22949","대구광역시 수성구 노변동","353","0353","0000","수성월드메르디앙","전세","115.0044","202507","08","39,000","0","4","2007","노변로 55","202507~202707","갱신","-","54,000","0","아파트"
"22950","대구광역시 달서구 감삼동","280-2","0280","0002","죽전역인터불고라비다","전세","78.5906","202507","08","25,500","0","19","2020","와룡로 148","202509~202709","신규","-","","","아파트"
"22951","대구광역시 달성군 유가읍 봉리","602","0602","0000","대구테크노폴리스4단지","월세","51.9800","202507","08","2,200","38","6","2017","테크노상업로 111","202507~202709","신규","-","","","아파트"
"22952","대구광역시 달성군 유가읍 봉리","602","0602","0000","대구테크노폴리스4단지","월세","51.9800","202507","08","2,200","38","2","2017","테크노상업로 111","202507~202709","신규","-","","","아파트"
"22953","대구광역시 달성군 옥포읍 교항리","2998","2998","0000","옥포대성베르힐6단지","월세","84.9901","202507","08","2,000","70","7","2018","돌미로8길 19","202507~202707","신규","-","","","아파트"
"22954","대구광역시 달성군 옥포읍 교항리","3008","3008","0000","대구옥포르상트레빌","월세","74.9600","202507","08","1,400","54","13","2019","금계길 12","202507~202709","신규","-","","","아파트"
"22955","대구광역시 달성군 옥포읍 교항리","3008","3008","0000","대구옥포르상트레빌","월세","84.9700","202507","08","1,500","60","6","2019","금계길 12","202507~202709","신규","-","","","아파트"
"22956","대구광역시 달서구 대곡동","77","0077","0000","대곡청구","월세","134.9800","202507","08","2,000","80","16","1992","상화로8길 26","202509~202709","신규","-","","","아파트"
"22957","대구광역시 달서구 대곡동","1138","1138","0000","대구대곡수목원풍경그린","월세","59.1900","202507","08","5,000","45","15","2019","갈밭남로 64","202507~202709","신규","-","","","아파트"
"22958","대구광역시 달서구 대곡동","1123","1123","0000","수목원제일풍경채","월세","72.2500","202507","08","2,000","80","1","2018","갈밭남로 12","202507~202706","신규","-","","","아파트"
"22959","대구광역시 달서구 도원동","1457","1457","0000","산새마을","전세","59.7600","202507","08","9,000","0","13","1996","도원남로 40","202507~202707","신규","-","","","아파트"
"22960","대구광역시 달성군 유가읍 봉리","602","0602","0000","대구테크노폴리스4단지","월세","51.9800","202507","08","2,200","38","3","2017","테크노상업로 111","202507~202709","신규","-","","","아파트"
"22961","대구광역시 달서구 용산동","936","0936","0000","용산미진태왕","월세","84.8600","202507","08","5,000","50","1","1998","용산서로 21","202507~202707","신규","-","","","아파트"
"22962","대구광역시 달성군 옥포읍 교항리","2998","2998","0000","옥포대성베르힐6단지","월세","84.9901","202507","08","2,000","70","7","2018","돌미로8길 19","202507~202707","신규","-","","","아파트"
"22963","대구광역시 달성군 유가읍 봉리","602","0602","0000","대구테크노폴리스4단지","월세","51.9800","202507","08","2,200","38","13","2017","테크노상업로 111","202507~202709","신규","-","","","아파트"
"22964","대구광역시 수성구 수성동3가","57","0057","0000","수성3가롯데캐슬","전세","161.9811","202507","08","80,000","0","9","2008","명덕로 455","202508~202708","신규","-","","","아파트"
"22965","대구광역시 북구 복현동","241-1","0241","0001","복현블루밍브라운스톤명문세가","전세","85.0000","202507","08","15,760","0","3","2011","복현로 50","202510~202710","갱신","-","20,548","0","아파트"
"22966","대구광역시 북구 복현동","241-1","0241","0001","복현블루밍브라운스톤명문세가","전세","59.9500","202507","08","13,848","0","3","2011","복현로 50","202511~202711","갱신","-","15,319","0","아파트"
"22967","대구광역시 북구 복현동","368-1","0368","0001","광명","전세","45.9750","202507","08","8,500","0","5","1980","동북로65길 13","202507~202707","신규","-","","","아파트"
"22968","대구광역시 북구 읍내동","1452","1452","0000","강북태왕아너스더퍼스트","전세","84.9507","202507","08","29,500","0","16","2021","칠곡중앙대로110길 10","202510~202710","신규","-","","","아파트"
"22969","대구광역시 북구 태전동","206-10","0206","0010","태전역더뉴클래스","전세","49.3211","202507","08","14,500","0","5","2016","태전로 1","202509~202709","신규","-","","","아파트"
"22970","대구광역시 북구 태전동","1181","1181","0000","이진캐스빌","전세","67.7253","202507","08","24,000","0","24","2015","칠곡중앙대로51길 50","202508~202708","신규","-","","","아파트"
"22971","대구광역시 수성구 만촌동","1040-1","1040","0001","해링턴플레이스만촌","월세","84.0312","202507","08","2,500","160","25","2023","청호로 490","202507~202608","갱신","-","3,500","155","아파트"
"22972","대구광역시 수성구 만촌동","816","0816","0000","만촌우방타운1단지","전세","59.7300","202507","08","15,435","0","15","1997","교학로11길 46","202511~202711","갱신","사용","14,700","0","아파트"
"22973","대구광역시 수성구 만촌동","605","0605","0000","만촌보성타운","월세","59.8700","202507","08","1,000","60","5","2002","공경로 70","202507~202707","신규","-","","","아파트"
"22974","대구광역시 수성구 만촌동","860","0860","0000","우방금탑","전세","67.1500","202507","08","18,000","0","9","1986","교학로 3","202507~202603","신규","-","","","아파트"
"22975","대구광역시 수성구 황금동","272","0272","0000","신천지타운","전세","84.9950","202507","08","19,000","0","15","1991","청호로46길 17","202508~202708","신규","-","","","아파트"
"22976","대구광역시 북구 검단동","887-8","0887","0008","유성청구","월세","47.4900","202507","08","1,000","50","3","1992","검단로 115","202507~202707","신규","-","","","아파트"
"22977","대구광역시 수성구 수성동4가","1090-5","1090","0005","쌍용화성","월세","170.1900","202507","08","5,000","170","10","1996","수성로 411","202508~202708","신규","-","","","아파트"
"22978","대구광역시 수성구 범어동","2291","2291","0000","수성범어W","월세","84.9974","202507","08","20,000","220","57","2023","달구벌대로 2436","202510~202709","신규","-","","","아파트"
"22979","대구광역시 수성구 범어동","300","0300","0000","가든하이츠1","전세","84.9450","202507","08","29,000","0","6","1985","범어로 45","202509~202708","신규","-","","","아파트"
"22980","대구광역시 수성구 범어동","2277","2277","0000","힐스테이트범어센트럴","전세","84.9600","202507","08","44,000","0","14","2022","상록로 80","202510~202810","신규","-","","","아파트"
"22981","대구광역시 수성구 지산동","1270-1","1270","0001","보성맨션","전세","84.9900","202507","08","20,000","0","2","1991","지범로21길 3","202510~202911","신규","-","","","아파트"
"22982","대구광역시 수성구 지산동","1288","1288","0000","지산타운","전세","40.5800","202507","08","9,500","0","6","1991","용학로 303","202507~202707","신규","-","","","아파트"
"22983","대구광역시 수성구 지산동","1288","1288","0000","지산타운","월세","40.5800","202507","08","500","40","14","1991","용학로 303","202507~202707","신규","-","","","아파트"
"22984","대구광역시 수성구 사월동","500","0500","0000","시지대성유니드","월세","97.1859","202507","08","2,000","90","12","2007","달구벌대로669길 80","202508~202606","신규","-","","","아파트"
"22985","대구광역시 수성구 지산동","761","0761","0000","녹원맨션","월세","131.7200","202507","08","3,000","90","1","1989","무학로 189","202508~202708","신규","-","","","아파트"
"22986","대구광역시 수성구 신매동","245","0245","0000","신매보성타운","전세","46.6100","202507","08","9,000","0","3","1997","달구벌대로651길 23","202508~202708","신규","-","","","아파트"
"22987","대구광역시 수성구 신매동","46","0046","0000","사월화성파크드림(2단지)","전세","84.9999","202507","08","28,000","0","9","2006","달구벌대로 3304-1","202507~202707","신규","-","","","아파트"
"22988","대구광역시 수성구 신매동","245","0245","0000","신매보성타운","전세","46.6100","202507","08","9,000","0","3","1997","달구벌대로651길 23","202508~202708","신규","-","","","아파트"
"22989","대구광역시 수성구 신매동","245","0245","0000","신매보성타운","전세","84.9900","202507","08","18,000","0","2","1997","달구벌대로651길 23","202508~202709","신규","-","","","아파트"
"22990","대구광역시 북구 매천동","595","0595","0000","청구장미마을","월세","84.9600","202507","08","2,000","60","17","1996","칠곡중앙대로 45","202508~202707","신규","-","","","아파트"
"22991","대구광역시 수성구 중동","641","0641","0000","수성효성해링턴플레이스","전세","84.6009","202507","08","35,000","0","13","2020","희망로24길 24","202509~202709","신규","-","","","아파트"
"22992","대구광역시 수성구 중동","641","0641","0000","수성효성해링턴플레이스","전세","84.6009","202507","08","35,000","0","13","2020","희망로24길 24","202510~202710","신규","-","","","아파트"
"22993","대구광역시 북구 관음동","1370","1370","0000","칠곡한양2","전세","59.8200","202507","08","12,000","0","5","1993","구암로 17","202510~202710","갱신","-","12,000","0","아파트"
"22994","대구광역시 수성구 범물동","1336","1336","0000","범물한라창신태성맨션","월세","71.8800","202507","08","1,500","50","12","1992","용학로 272","202508~202708","신규","-","","","아파트"
"22995","대구광역시 수성구 범물동","630","0630","0000","현대청림","전세","33.6000","202507","08","8,000","0","7","1999","지범로54길 15","202507~202607","갱신","사용","8,000","0","아파트"
"22996","대구광역시 북구 구암동","695-3","0695","0003","칠곡청구타운","전세","59.3400","202507","08","10,500","0","3","1995","학정로 271","202508~202708","신규","-","","","아파트"
"22997","대구광역시 북구 구암동","695-3","0695","0003","칠곡청구타운","월세","59.3400","202507","08","1,000","48","3","1995","학정로 271","202508~202708","신규","-","","","아파트"
"22998","대구광역시 북구 동천동","914","0914","0000","부영그린타운(2단지)","월세","59.8488","202507","08","1,000","65","1","2003","동천로24길 12","202509~202709","신규","-","","","아파트"
"22999","대구광역시 수성구 수성동1가","890","0890","0000","더샵수성오클레어","월세","84.9497","202507","08","2,000","120","4","2023","희망로19길 29","202508~202708","신규","-","","","아파트"
"23000","대구광역시 북구 태전동","1103","1103","0000","휴먼시아1단지","월세","46.7800","202507","08","4,496","8","2","2008","매전로 73","202507~202602","갱신","-","3,696","12","아파트"
"23001","대구광역시 수성구 두산동","113","0113","0000","수성SK리더스뷰","전세","154.3168","202507","08","80,000","0","30","2010","동대구로 95","202508~202708","신규","-","","","아파트"
"23002","대구광역시 북구 태전동","206-10","0206","0010","태전역더뉴클래스","전세","49.3211","202507","08","14,500","0","5","2016","태전로 1","-","-","-","","","아파트"
"23003","대구광역시 북구 사수동","789","0789","0000","브라운스톤강북","전세","84.9500","202507","08","16,000","0","7","2015","내곡로 89","202508~202708","신규","-","","","아파트"
"23004","대구광역시 북구 사수동","803","0803","0000","대구금호스타힐스엔에이치에프6단지","월세","84.9000","202507","08","13,600","25","4","2018","내곡로 70","202510~202709","갱신","-","6,300","61","아파트"
"23005","대구광역시 북구 사수동","833","0833","0000","금호서한이다음","월세","74.9100","202507","08","2,000","75","2","2016","한강로 17","202508~202608","신규","-","","","아파트"
"23006","대구광역시 북구 복현동","160-7","0160","0007","복현서한2","월세","59.7500","202507","07","3,000","30","3","1998","공항로15길 8","202507~202707","갱신","-","1,000","55","아파트"
"23007","대구광역시 수성구 수성동3가","275","0275","0000","수성3가화성파크드림2단지","월세","159.5388","202507","07","13,000","250","2","2009","들안로60길 7","202509~202709","신규","-","","","아파트"
"23008","대구광역시 수성구 지산동","1297-3","1297","0003","지산서한이다음아파트","월세","54.1200","202507","07","10,500","10","7","1991","용학로 313","202507~202707","신규","-","","","아파트"
"23009","대구광역시 북구 사수동","787","0787","0000","대구금호엘에이치천년나무5단지","월세","46.9400","202507","07","6,444","13","11","2016","내곡로 69","202509~202708","신규","-","","","아파트"
"23010","대구광역시 수성구 사월동","642","0642","0000","시지동화아이위시","전세","84.9346","202507","07","24,000","0","5","2013","달구벌대로669길 20","202508~202708","신규","-","","","아파트"
"23011","대구광역시 수성구 사월동","464","0464","0000","사월보성","전세","59.9700","202507","07","12,000","0","4","1996","욱수천로 133","202508~202708","신규","-","","","아파트"
"23012","대구광역시 수성구 수성동1가","73","0073","0000","삼우수성타운","월세","59.9600","202507","07","2,000","65","6","1997","달구벌대로456길 19","202507~202707","신규","-","","","아파트"
"23013","대구광역시 수성구 만촌동","1500","1500","0000","힐스테이트만촌역","월세","136.6868","202507","07","10,000","260","13","2024","달구벌대로 2567","202507~202707","신규","-","","","아파트"
"23014","대구광역시 북구 국우동","1228","1228","0000","힐스테이트데시앙도남4단지","전세","72.9771","202507","07","27,000","0","25","2021","도남중앙로8길 8","202510~202710","신규","-","","","아파트"
"23015","대구광역시 북구 국우동","1080","1080","0000","그린빌5단지","월세","36.4400","202507","07","1,500","11","7","2002","학남로 100","202507~202708","신규","-","","","아파트"
"23016","대구광역시 북구 산격동","500-1","0500","0001","산격대우","월세","84.9450","202507","07","1,000","63","13","1999","동북로 163","202507~202607","신규","-","","","아파트"
"23017","대구광역시 북구 복현동","241-1","0241","0001","복현블루밍브라운스톤명문세가","전세","85.0000","202507","07","15,760","0","2","2011","복현로 50","202507~202707","신규","-","","","아파트"
"23018","대구광역시 수성구 신매동","46","0046","0000","사월화성파크드림(2단지)","전세","84.9999","202507","07","20,000","0","14","2006","달구벌대로 3304-1","202508~202708","신규","-","","","아파트"
"23019","대구광역시 북구 고성동1가","260","0260","0000","대구역오페라W","월세","84.9339","202507","07","2,000","105","13","2023","칠성남로 50","202507~202707","갱신","사용","2,000","100","아파트"
"23020","대구광역시 북구 고성동1가","270","0270","0000","대구오페라스위첸","월세","84.9227","202507","07","2,000","115","20","2024","칠성남로 70","202508~202708","신규","-","","","아파트"
"23021","대구광역시 북구 대현동","527","0527","0000","대현뜨란채","전세","84.7700","202507","07","19,000","0","5","2006","대현남로 28","202508~202708","신규","-","","","아파트"
"23022","대구광역시 북구 침산동","1755","1755","0000","강변일성트루엘","월세","66.5072","202507","07","2,000","80","32","2014","침산남로 215","202509~202709","신규","-","","","아파트"
"23023","대구광역시 북구 침산동","105-1","0105","0001","코오롱하늘채2단지","월세","134.1855","202507","07","3,000","125","15","2006","중앙대로 591","202509~202709","신규","-","","","아파트"
"23024","대구광역시 북구 침산동","101-3","0101","0003","삼주","월세","47.0100","202507","07","1,000","20","10","1979","중앙대로118길 46","202507~202707","신규","-","","","아파트"
"23025","대구광역시 북구 침산동","1755","1755","0000","강변일성트루엘","전세","66.2244","202507","07","23,000","0","16","2014","침산남로 215","202508~202708","신규","-","","","아파트"
"23026","대구광역시 북구 침산동","1761","1761","0000","침산화성파크드림","전세","59.9977","202507","07","22,800","0","21","2017","성북로 70","202507~202707","신규","-","","","아파트"
"23027","대구광역시 북구 침산동","123-1","0123","0001","침산화성2","월세","59.9100","202507","07","2,000","60","9","1999","침산남로37길 24","202509~202709","신규","-","","","아파트"
"23028","대구광역시 북구 복현동","160-7","0160","0007","복현서한2","월세","59.7500","202507","07","1,000","55","3","1998","공항로15길 8","202508~202608","신규","-","","","아파트"
"23029","대구광역시 북구 복현동","160-7","0160","0007","복현서한2","전세","74.3300","202507","07","14,000","0","11","1998","공항로15길 8","202508~202708","신규","-","","","아파트"
"23030","대구광역시 수성구 범물동","1397","1397","0000","수성하늘채르레브","전세","84.9978","202507","07","30,000","0","20","2020","지범로48길 21","202507~202707","신규","-","","","아파트"
"23031","대구광역시 북구 사수동","784","0784","0000","이편한세상대구금호","전세","84.9200","202507","07","21,000","0","19","2017","내곡로 49","202508~202708","신규","-","","","아파트"
"23032","대구광역시 수성구 상동","555","0555","0000","수성동일하이빌레이크시티","월세","84.9967","202507","07","3,000","150","13","2009","수성로 71","202509~202704","신규","-","","","아파트"
"23033","대구광역시 북구 사수동","789","0789","0000","브라운스톤강북","전세","84.7700","202507","07","17,000","0","20","2015","내곡로 89","202507~202707","신규","-","","","아파트"
"23034","대구광역시 북구 동천동","891","0891","0000","동화골든빌","월세","57.6183","202507","07","3,000","50","15","2002","동천로 156","202507~202707","신규","-","","","아파트"
"23035","대구광역시 수성구 수성동3가","57","0057","0000","수성3가롯데캐슬","월세","128.1026","202507","07","1,000","100","15","2008","명덕로 455","202508~202511","신규","-","","","아파트"
"23036","대구광역시 북구 고성동1가","260","0260","0000","대구역오페라W","월세","84.9339","202507","07","2,000","105","13","2023","칠성남로 50","-","-","-","","","아파트"
"23037","대구광역시 수성구 범어동","314-2","0314","0002","을지맨션","전세","79.9020","202507","07","21,000","0","2","1987","달구벌대로496길 88","202507~202707","신규","-","","","아파트"
"23038","대구광역시 수성구 범어동","2257","2257","0000","범어센트럴푸르지오","전세","84.9930","202507","07","45,000","0","28","2019","상록로 15","202508~202608","갱신","-","40,000","0","아파트"
"23039","대구광역시 수성구 범어동","2277","2277","0000","힐스테이트범어센트럴","전세","84.9600","202507","07","40,000","0","20","2022","상록로 80","202508~202708","신규","-","","","아파트"
"23040","대구광역시 수성구 범어동","314-2","0314","0002","을지맨션","전세","113.8200","202507","07","30,000","0","1","1987","달구벌대로496길 88","202507~202707","신규","-","","","아파트"
"23041","대구광역시 북구 태전동","1065-1","1065","0001","칠곡관음타운","월세","84.9600","202507","07","2,500","65","11","1995","영송로 63","202507~202707","신규","-","","","아파트"
"23042","대구광역시 수성구 만촌동","1356-3","1356","0003","메트로팔레스1","월세","134.9800","202507","07","8,000","115","10","2003","동원로 135","202507~202707","갱신","-","3,000","135","아파트"
"23043","대구광역시 북구 복현동","160-7","0160","0007","복현서한2","전세","74.3300","202507","07","14,000","0","11","1998","공항로15길 8","202508~202708","신규","-","","","아파트"
"23044","대구광역시 중구 동산동","916","0916","0000","청라언덕역서한포레스트","전세","84.8493","202507","07","35,000","0","26","2022","달구벌대로 2021","202508~202708","신규","-","","","아파트"
"23045","대구광역시 중구 태평로3가","318","0318","0000","힐스테이트달성공원역","월세","84.9786","202507","07","2,000","110","12","2024","태평로 41","202508~202708","신규","-","","","아파트"
"23046","대구광역시 중구 도원동","9","0009","0000","힐스테이트도원센트럴","전세","84.9900","202507","07","30,000","0","43","2024","태평로 50","202507~202608","신규","-","","","아파트"
"23047","대구광역시 서구 평리동","632-9","0632","0009","서대구KTX영무예다음","월세","101.5853","202507","07","2,000","100","4","2023","당산로 446","202507~202707","신규","-","","","아파트"
"23048","대구광역시 동구 신암동","1525","1525","0000","동서청기와","월세","71.3600","202507","07","1,000","50","3","1988","아양로49길 20","202508~202708","신규","-","","","아파트"
"23049","대구광역시 동구 신암동","1860","1860","0000","동대구역화성파크드림","전세","59.9936","202507","07","22,050","0","10","2023","동대구로 590","202507~202707","갱신","사용","21,000","0","아파트"
"23050","대구광역시 서구 내당동","3333","3333","0000","두류역자이","전세","59.9708","202507","07","25,000","0","23","2025","달구벌대로 1769-7","202509~202709","신규","-","","","아파트"
"23051","대구광역시 서구 내당동","3326","3326","0000","두류스타힐스","전세","84.9530","202507","07","26,000","0","31","2025","서대구로 20","202508~202708","신규","-","","","아파트"
"23052","대구광역시 서구 내당동","3326","3326","0000","두류스타힐스","월세","84.9116","202507","07","2,000","107","47","2025","서대구로 20","202508~202708","신규","-","","","아파트"
"23053","대구광역시 동구 동호동","362","0362","0000","상록아파트","전세","59.7200","202507","07","9,786","0","5","2004","동호로 47","202508~202708","신규","-","","","아파트"
"23054","대구광역시 동구 동호동","362","0362","0000","상록아파트","전세","59.7200","202507","07","9,786","0","5","2004","동호로 47","-","-","-","","","아파트"
"23055","대구광역시 동구 동호동","362","0362","0000","상록아파트","전세","59.7200","202507","07","9,786","0","9","2004","동호로 47","202507~202707","신규","-","","","아파트"
"23056","대구광역시 동구 동호동","362","0362","0000","상록아파트","전세","59.7200","202507","07","9,786","0","2","2004","동호로 47","202507~202707","신규","-","","","아파트"
"23057","대구광역시 동구 사복동","851","0851","0000","대구신서혁신엘에이치천년나무10단지","월세","36.7400","202507","07","3,125","17","7","2017","메디밸리로 18","-","-","-","","","아파트"
"23058","대구광역시 서구 중리동","76-1","0076","0001","진달래","월세","69.6975","202507","07","1,000","45","2","1983","국채보상로36길 49","202507~202707","신규","-","","","아파트"
"23059","대구광역시 동구 괴전동","125","0125","0000","안심역서원프레시빌","월세","49.5733","202507","07","1,000","75","18","2018","안심로 477","202508~202708","신규","-","","","아파트"
"23060","대구광역시 동구 신천동","1507","1507","0000","동대구반도유보라","전세","59.9327","202507","07","22,500","0","7","2018","송라로16길 11","202507~202703","갱신","사용","22,000","0","아파트"
"23061","대구광역시 동구 신천동","556-1","0556","0001","신천LH","월세","79.0700","202507","07","11,000","20","15","1989","동부로 1","202508~202708","신규","-","","","아파트"
"23062","대구광역시 동구 신천동","1507","1507","0000","동대구반도유보라","월세","84.8863","202507","07","2,000","120","11","2018","송라로16길 11","202508~202708","신규","-","","","아파트"
"23063","대구광역시 중구 남산동","3012","3012","0000","남산역화성파크드림","월세","59.1950","202507","07","1,200","85","2","2018","남산로7길 7","202507~202707","신규","-","","","아파트"
"23064","대구광역시 남구 이천동","452","0452","0000","교대역월드메르디앙","월세","84.6116","202507","07","2,000","80","6","2006","이천로19길 68","202507~202707","신규","-","","","아파트"
"23065","대구광역시 동구 각산동","905","0905","0000","각산태영데시앙","전세","125.2206","202507","07","22,000","0","5","2009","반야월북로 123","202508~202708","신규","-","","","아파트"
"23066","대구광역시 동구 각산동","1062","1062","0000","대구신서혁신엘에이치천년나무6단지","월세","51.2900","202507","07","3,414","36","16","2016","과학로 23","202508~202707","신규","-","","","아파트"
"23067","대구광역시 동구 각산동","1029","1029","0000","대구혁신도시서한이다음","전세","84.4620","202507","07","27,000","0","8","2015","이노밸리로29길 56","202507~202707","신규","-","","","아파트"
"23068","대구광역시 남구 봉덕동","1642","1642","0000","앞산태왕아너스","전세","84.9817","202507","07","23,000","0","9","2019","효서길 53","202508~202708","신규","-","","","아파트"
"23069","대구광역시 동구 방촌동","1119-100","1119","0100","우방강촌마을2","월세","59.9900","202507","07","3,000","45","15","1998","화랑로80길 9","202507~202707","신규","-","","","아파트"
"23070","대구광역시 동구 지묘동","1386","1386","0000","LH뉴웰시티","전세","59.9900","202507","07","16,800","0","14","2021","동화천로77길 30","202507~202707","갱신","사용","16,000","0","아파트"
"23071","대구광역시 동구 신서동","885","0885","0000","보라","월세","59.9600","202507","07","2,000","45","3","1993","반야월북로53길 10","202507~202707","신규","-","","","아파트"
"23072","대구광역시 중구 달성동","352","0352","0000","달성파크푸르지오힐스테이트","월세","39.7662","202507","07","500","75","11","2023","달성로 123","202507~202707","갱신","-","500","75","아파트"
"23073","대구광역시 동구 검사동","756-445","0756","0445","트윈팰리스102동","월세","29.8705","202507","07","300","47","5","2015","동촌역사로3길 9","202507~202607","신규","-","","","아파트"
"23074","대구광역시 동구 봉무동","1530","1530","0000","대구이시아폴리스더샵3차","월세","84.8500","202507","07","2,000","90","11","2013","팔공로51길 10","202508~202708","신규","-","","","아파트"
"23075","대구광역시 동구 숙천동","386","0386","0000","대구신서혁신엘에이치천년나무13단지","월세","33.9700","202507","07","1,146","20","3","2016","초례로 66","202506~202708","신규","-","","","아파트"
"23076","대구광역시 동구 지묘동","1386","1386","0000","LH뉴웰시티","전세","59.9900","202507","07","16,800","0","14","2021","동화천로77길 30","202507~202707","갱신","사용","16,000","0","아파트"
"23077","대구광역시 북구 칠성동2가","302-105","0302","0105","대구역서원프레시빌","월세","49.5131","202507","07","2,000","70","15","2017","칠성남로 176","202507~202707","신규","-","","","아파트"
"23078","대구광역시 중구 동산동","916","0916","0000","청라언덕역서한포레스트","전세","84.8493","202507","07","35,000","0","26","2022","달구벌대로 2021","202508~202708","신규","-","","","아파트"
"23079","대구광역시 달성군 유가읍 봉리","602","0602","0000","대구테크노폴리스4단지","월세","51.9800","202507","07","2,200","38","13","2017","테크노상업로 111","202507~202709","신규","-","","","아파트"
"23080","대구광역시 달성군 옥포읍 교항리","3008","3008","0000","대구옥포르상트레빌","월세","84.9800","202507","07","5,300","49","2","2019","금계길 12","202507~202509","신규","-","","","아파트"
"23081","대구광역시 달성군 옥포읍 교항리","3008","3008","0000","대구옥포르상트레빌","월세","74.9600","202507","07","4,300","46","6","2019","금계길 12","202507~202709","신규","-","","","아파트"
"23082","대구광역시 달성군 옥포읍 교항리","3008","3008","0000","대구옥포르상트레빌","월세","74.9600","202507","07","4,300","46","13","2019","금계길 12","202507~202709","신규","-","","","아파트"
"23083","대구광역시 달서구 장기동","814-1","0814","0001","장기파랑새마을","전세","59.9634","202507","07","16,000","0","19","2001","한들로 70","202508~202708","신규","-","","","아파트"
"23084","대구광역시 달성군 옥포읍 교항리","3008","3008","0000","대구옥포르상트레빌","월세","84.9700","202507","07","5,300","49","6","2019","금계길 12","202507~202709","신규","-","","","아파트"
"23085","대구광역시 중구 대봉동","770","0770","0000","더샵리비테르1차","월세","84.3570","202507","07","3,000","125","2","2022","대봉로43길 21","202508~202708","신규","-","","","아파트"
"23086","대구광역시 달서구 장기동","814-1","0814","0001","장기파랑새마을","전세","59.9634","202507","07","16,000","0","19","2001","한들로 70","202508~202708","신규","-","","","아파트"
"23087","대구광역시 달성군 옥포읍 교항리","3008","3008","0000","대구옥포르상트레빌","월세","84.9800","202507","07","5,300","49","10","2019","금계길 12","-","-","-","","","아파트"
"23088","대구광역시 달성군 옥포읍 강림리","1133","1133","0000","대구옥포엘에이치천년나무3단지","월세","74.9300","202507","07","6,000","42","7","2016","돌미로2길 15","202511~202605","갱신","사용","6,000","42","아파트"
"23089","대구광역시 달성군 유가읍 봉리","602","0602","0000","대구테크노폴리스4단지","월세","51.9800","202507","07","1,000","42","21","2017","테크노상업로 111","202507~202709","신규","-","","","아파트"
"23090","대구광역시 달서구 죽전동","251","0251","0000","동화로즈빌","월세","84.9740","202507","07","5,000","60","7","2001","죽전1길 82","202507~202707","신규","-","","","아파트"
"23091","대구광역시 달성군 유가읍 봉리","602","0602","0000","대구테크노폴리스4단지","월세","51.9800","202507","07","2,200","38","2","2017","테크노상업로 111","-","-","-","","","아파트"
"23092","대구광역시 달서구 도원동","1457","1457","0000","산새마을","월세","59.7600","202507","07","1,000","43","17","1996","도원남로 40","202507~202707","신규","-","","","아파트"
"23093","대구광역시 달성군 유가읍 봉리","602","0602","0000","대구테크노폴리스4단지","월세","59.9100","202507","07","3,000","43","7","2017","테크노상업로 111","202507~202709","신규","-","","","아파트"
"23094","대구광역시 달성군 유가읍 봉리","602","0602","0000","대구테크노폴리스4단지","월세","51.9800","202507","07","2,200","38","11","2017","테크노상업로 111","202507~202709","신규","-","","","아파트"
"23095","대구광역시 달성군 유가읍 봉리","602","0602","0000","대구테크노폴리스4단지","월세","51.9800","202507","07","2,200","38","13","2017","테크노상업로 111","202507~202709","신규","-","","","아파트"
"23096","대구광역시 달성군 유가읍 봉리","602","0602","0000","대구테크노폴리스4단지","월세","51.9800","202507","07","2,200","38","5","2017","테크노상업로 111","202507~202709","신규","-","","","아파트"
"23097","대구광역시 달성군 유가읍 봉리","602","0602","0000","대구테크노폴리스4단지","월세","51.9800","202507","07","2,200","38","17","2017","테크노상업로 111","202507~202709","신규","-","","","아파트"
"23098","대구광역시 달서구 월성동","364","0364","0000","월성보성1","전세","84.9900","202507","07","21,000","0","14","1991","학산로 30","202507~202707","갱신","-","25,000","0","아파트"
"23099","대구광역시 달성군 유가읍 봉리","602","0602","0000","대구테크노폴리스4단지","월세","51.9800","202507","07","2,200","38","11","2017","테크노상업로 111","202507~202709","신규","-","","","아파트"
"23100","대구광역시 달성군 유가읍 봉리","602","0602","0000","대구테크노폴리스4단지","월세","51.9800","202507","07","2,200","38","19","2017","테크노상업로 111","202507~202709","신규","-","","","아파트"
"23101","대구광역시 달성군 유가읍 봉리","602","0602","0000","대구테크노폴리스4단지","월세","59.9300","202507","07","3,000","43","15","2017","테크노상업로 111","202507~202709","신규","-","","","아파트"
"23102","대구광역시 달성군 유가읍 봉리","602","0602","0000","대구테크노폴리스4단지","월세","51.9800","202507","07","2,200","38","13","2017","테크노상업로 111","202507~202709","신규","-","","","아파트"
"23103","대구광역시 달서구 이곡동","1192","1192","0000","성서우방타운","월세","134.9600","202507","07","2,000","92","16","1994","계대동문로 123","202507~202707","신규","-","","","아파트"
"23104","대구광역시 달서구 이곡동","1308-1","1308","0001","성서2서한타운","전세","134.6800","202507","07","19,000","0","16","1997","선원로 122","202507~202607","신규","-","","","아파트"
"23105","대구광역시 달성군 유가읍 봉리","602","0602","0000","대구테크노폴리스4단지","월세","51.9800","202507","07","2,200","38","5","2017","테크노상업로 111","-","-","-","","","아파트"
"23106","대구광역시 달성군 화원읍 천내리","922","0922","0000","화원파크뷰우방아이유쉘","전세","74.5376","202507","07","22,000","0","12","2022","명천로21길 55","202508~202708","신규","-","","","아파트"
"23107","대구광역시 달성군 화원읍 천내리","922","0922","0000","화원파크뷰우방아이유쉘","전세","69.6413","202507","07","20,000","0","15","2022","명천로21길 55","202508~202708","신규","-","","","아파트"
"23108","대구광역시 달성군 화원읍 천내리","918","0918","0000","화원이진캐스빌","전세","84.5734","202507","07","25,000","0","37","2017","비슬로 2545","202507~202707","신규","-","","","아파트"
"23109","대구광역시 달서구 용산동","412-1","0412","0001","세븐하이츠","전세","59.8000","202507","07","12,500","0","10","1997","성지로 12","202507~202607","갱신","-","13,000","0","아파트"
"23110","대구광역시 달성군 구지면 응암리","1199","1199","0000","대구국가산단반도유보라아이비파크","월세","84.9598","202507","07","1,000","65","12","2017","과학마을로3길 14","202507~202707","신규","-","","","아파트"
"23111","대구광역시 달성군 구지면 응암리","1251","1251","0000","대구국가산단반도유보라아이비파크2","월세","74.9638","202507","07","5,000","40","9","2020","국가산단북로60길 59","202507~202707","신규","-","","","아파트"
"23112","대구광역시 달서구 대곡동","1138","1138","0000","대구대곡수목원풍경그린","월세","59.1900","202507","07","5,000","45","3","2019","갈밭남로 64","202507~202709","신규","-","","","아파트"
"23113","대구광역시 달서구 대곡동","1138","1138","0000","대구대곡수목원풍경그린","월세","59.1900","202507","07","5,000","45","5","2019","갈밭남로 64","-","-","-","","","아파트"
"23114","대구광역시 달서구 대곡동","1138","1138","0000","대구대곡수목원풍경그린","월세","59.1900","202507","07","1,400","56","9","2019","갈밭남로 64","-","-","-","","","아파트"
"23115","대구광역시 달서구 대곡동","1138","1138","0000","대구대곡수목원풍경그린","월세","59.1900","202507","07","5,000","45","3","2019","갈밭남로 64","202507~202709","신규","-","","","아파트"
"23116","대구광역시 달서구 용산동","412-1","0412","0001","세븐하이츠","전세","59.9900","202507","07","10,000","0","7","1997","성지로 12","202507~202707","신규","-","","","아파트"
"23117","대구광역시 달성군 다사읍 서재리","1125","1125","0000","에코폴리스동화아이위시2차","전세","63.8913","202507","07","15,500","0","23","2016","서재로7길 23","202508~202708","갱신","사용","15,000","0","아파트"
"23118","대구광역시 달성군 다사읍 서재리","1134","1134","0000","메가시티태왕아너스","월세","77.9721","202507","07","2,000","100","16","2022","궁산2길 12","202507~202607","신규","-","","","아파트"
"23119","대구광역시 달서구 감삼동","707","0707","0000","빌리브스카이주상복합","월세","124.1583","202507","07","45,000","50","47","2022","와룡로 186","202507~202707","신규","-","","","아파트"
"23120","대구광역시 달성군 유가읍 봉리","602","0602","0000","대구테크노폴리스4단지","월세","51.9800","202507","07","2,200","38","1","2017","테크노상업로 111","202507~202709","신규","-","","","아파트"
"23121","대구광역시 달성군 유가읍 봉리","602","0602","0000","대구테크노폴리스4단지","월세","51.9800","202507","07","2,200","38","20","2017","테크노상업로 111","202507~202709","신규","-","","","아파트"
"23122","대구광역시 달성군 유가읍 봉리","602","0602","0000","대구테크노폴리스4단지","월세","59.9100","202507","07","3,000","43","19","2017","테크노상업로 111","202507~202709","신규","-","","","아파트"
"23123","대구광역시 달성군 유가읍 봉리","602","0602","0000","대구테크노폴리스4단지","월세","51.9800","202507","07","2,200","38","17","2017","테크노상업로 111","202507~202709","신규","-","","","아파트"
"23124","대구광역시 달성군 유가읍 봉리","602","0602","0000","대구테크노폴리스4단지","월세","51.9800","202507","07","2,200","38","6","2017","테크노상업로 111","202507~202709","신규","-","","","아파트"
"23125","대구광역시 달성군 유가읍 봉리","602","0602","0000","대구테크노폴리스4단지","월세","51.9800","202507","07","2,200","38","6","2017","테크노상업로 111","202507~202709","신규","-","","","아파트"
"23126","대구광역시 달성군 유가읍 봉리","602","0602","0000","대구테크노폴리스4단지","월세","59.9100","202507","07","3,000","43","18","2017","테크노상업로 111","202507~202709","신규","-","","","아파트"
"23127","대구광역시 달성군 유가읍 봉리","602","0602","0000","대구테크노폴리스4단지","월세","51.9800","202507","07","2,200","38","8","2017","테크노상업로 111","202507~202709","신규","-","","","아파트"
"23128","대구광역시 달성군 유가읍 봉리","602","0602","0000","대구테크노폴리스4단지","월세","59.9100","202507","07","3,000","43","6","2017","테크노상업로 111","202507~202709","신규","-","","","아파트"
"23129","대구광역시 달성군 구지면 창리","1447","1447","0000","모아미래도에듀퍼스트","전세","77.7752","202507","07","14,000","0","23","2021","국가산단대로70길 42","202508~202708","신규","-","","","아파트"
"23130","대구광역시 달성군 구지면 창리","1447","1447","0000","모아미래도에듀퍼스트","월세","77.7974","202507","07","1,000","65","12","2021","국가산단대로70길 42","202507~202607","신규","-","","","아파트"
"23131","대구광역시 달성군 구지면 창리","1447","1447","0000","모아미래도에듀퍼스트","전세","77.7752","202507","07","14,000","0","23","2021","국가산단대로70길 42","-","-","-","","","아파트"
"23132","대구광역시 달성군 유가읍 봉리","602","0602","0000","대구테크노폴리스4단지","월세","51.9800","202507","07","2,200","38","9","2017","테크노상업로 111","202507~202709","신규","-","","","아파트"
"23133","대구광역시 달성군 유가읍 봉리","602","0602","0000","대구테크노폴리스4단지","월세","59.9300","202507","07","3,000","43","12","2017","테크노상업로 111","202507~202709","신규","-","","","아파트"
"23134","대구광역시 달성군 유가읍 봉리","602","0602","0000","대구테크노폴리스4단지","월세","59.9100","202507","07","3,000","43","17","2017","테크노상업로 111","202507~202709","신규","-","","","아파트"
"23135","대구광역시 달성군 옥포읍 교항리","3008","3008","0000","대구옥포르상트레빌","월세","74.9600","202507","07","4,300","46","13","2019","금계길 12","202507~202709","신규","-","","","아파트"
"23136","대구광역시 달서구 두류동","2369","2369","0000","두류역서한포레스트","월세","84.5882","202507","07","1,000","115","19","2025","야외음악당로47길 76","202507~202707","신규","-","","","아파트"
"23137","대구광역시 달성군 유가읍 봉리","602","0602","0000","대구테크노폴리스4단지","월세","59.9100","202507","07","3,000","43","7","2017","테크노상업로 111","202507~202709","신규","-","","","아파트"
"23138","대구광역시 달성군 유가읍 봉리","602","0602","0000","대구테크노폴리스4단지","월세","51.9800","202507","07","2,200","38","17","2017","테크노상업로 111","202507~202709","신규","-","","","아파트"
"23139","대구광역시 달성군 유가읍 봉리","602","0602","0000","대구테크노폴리스4단지","월세","51.9800","202507","07","6,700","16","12","2017","테크노상업로 111","202507~202709","신규","-","","","아파트"
"23140","대구광역시 달성군 현풍읍 중리","488","0488","0000","대구테크노폴리스엘에이치천년나무2단지","월세","36.9600","202507","07","3,232","9","3","2016","테크노북로2길 30","202510~202709","갱신","-","986","19","아파트"
"23141","대구광역시 달성군 현풍읍 중리","480","0480","0000","대구테크노폴리스남해오네뜨1차","월세","59.9901","202507","07","2,000","50","5","2015","테크노북로4길 11","-","-","-","","","아파트"
"23142","대구광역시 달성군 현풍읍 중리","484","0484","0000","제일풍경채더퍼스트","월세","67.7425","202507","07","1,000","70","14","2016","테크노상업로 49","202507~202707","신규","-","","","아파트"
"23143","대구광역시 달성군 유가읍 봉리","602","0602","0000","대구테크노폴리스4단지","월세","51.9800","202507","07","2,200","38","7","2017","테크노상업로 111","202507~202709","신규","-","","","아파트"
"23144","대구광역시 달성군 유가읍 봉리","602","0602","0000","대구테크노폴리스4단지","월세","51.9800","202507","07","2,200","38","6","2017","테크노상업로 111","202507~202709","신규","-","","","아파트"
"23145","대구광역시 달성군 유가읍 봉리","602","0602","0000","대구테크노폴리스4단지","월세","51.9800","202507","07","6,700","16","5","2017","테크노상업로 111","202507~202709","신규","-","","","아파트"
"23146","대구광역시 달서구 유천동","612","0612","0000","대구월배2차아이파크","월세","59.7326","202507","07","100","95","27","2016","월배로5길 76","202508~202509","신규","-","","","아파트"
"23147","대구광역시 달서구 진천동","230-7","0230","0007","대금로얄","월세","84.5700","202507","06","3,000","60","8","2003","월배로 132","202509~202709","신규","-","","","아파트"
"23148","대구광역시 달성군 다사읍 매곡리","719-2","0719","0002","강창삼산1","월세","59.9600","202507","06","0","42","7","1995","달구벌대로 790","202507~202607","신규","-","","","아파트"
"23149","대구광역시 달성군 구지면 창리","1434","1434","0000","대구국가산단디에트르더센트럴","전세","84.9164","202507","06","16,500","0","8","2021","국가산단대로70길 17","202508~202708","신규","-","","","아파트"
"23150","대구광역시 달서구 본리동","341-3","0341","0003","한신","월세","50.2500","202507","06","500","35","4","1985","와룡로14길 53","202507~202707","신규","-","","","아파트"
"23151","대구광역시 달서구 상인동","1592","1592","0000","시영장미4","월세","49.8000","202507","06","300","40","14","1993","상화로 380","202508~202709","신규","-","","","아파트"
"23152","대구광역시 달성군 다사읍 죽곡리","152","0152","0000","강창태성그린시티","월세","44.0600","202507","06","500","45","1","1996","죽곡2길 6","202507~202607","신규","-","","","아파트"
"23153","대구광역시 수성구 노변동","742","0742","0000","수성알파시티청아람","전세","59.9949","202507","06","27,000","0","24","2021","알파시티2로 96","202509~202709","갱신","-","25,000","0","아파트"
"23154","대구광역시 달서구 월성동","1894","1894","0000","월성삼정그린코아에듀파크","전세","84.6758","202507","06","30,000","0","24","2022","월성로 100","202510~202710","신규","-","","","아파트"
"23155","대구광역시 달서구 유천동","605","0605","0000","현대아이파크","전세","59.9294","202507","06","24,000","0","6","2015","조암남로 182","202509~202709","신규","-","","","아파트"
"23156","대구광역시 달성군 다사읍 죽곡리","152","0152","0000","강창태성그린시티","월세","79.2700","202507","06","1,000","65","3","1996","죽곡2길 6","202507~202707","신규","-","","","아파트"
"23157","대구광역시 달성군 화원읍 명곡리","139","0139","0000","명곡미래빌4","월세","49.8100","202507","06","1,000","45","9","2000","화암로 120","202507~202607","신규","-","","","아파트"
"23158","대구광역시 수성구 노변동","742","0742","0000","수성알파시티청아람","전세","59.9949","202507","06","27,000","0","24","2021","알파시티2로 96","-","-","-","","","아파트"
"23159","대구광역시 달성군 유가읍 봉리","659","0659","0000","호반베르디움2차","전세","98.8946","202507","06","22,000","0","11","2016","테크노대로5길 80","202508~202708","갱신","사용","21,000","0","아파트"
"23160","대구광역시 달서구 감삼동","337-14","0337","0014","클래식명가","전세","49.0640","202507","06","17,500","0","11","2021","장기로 206","202509~202709","신규","-","","","아파트"
"23161","대구광역시 달서구 호산동","350","0350","0000","삼성한국형","전세","84.9100","202507","06","18,000","0","10","1999","호산로 126","202509~202709","신규","-","","","아파트"
"23162","대구광역시 북구 구암동","786","0786","0000","그린빌3차","월세","49.7100","202507","06","1,000","55","5","2000","구암서로 41","202507~202607","신규","-","","","아파트"
"23163","대구광역시 수성구 수성동1가","96-14","0096","0014","오성우방","전세","59.9850","202507","06","18,000","0","9","1993","신천동로 380","202507~202707","신규","-","","","아파트"
"23164","대구광역시 수성구 범어동","179","0179","0000","두산위브더제니스","전세","137.0619","202507","06","90,000","0","40","2009","달구벌대로 2435","202508~202708","신규","-","","","아파트"
"23165","대구광역시 수성구 만촌동","1500","1500","0000","힐스테이트만촌역","전세","84.7518","202507","06","46,000","0","19","2024","달구벌대로 2567","202510~202710","신규","-","","","아파트"
"23166","대구광역시 북구 매천동","750","0750","0000","한신더휴웨스턴팰리스","전세","84.9670","202507","06","26,250","0","20","2019","매전로4길 32","-","-","-","","","아파트"
"23167","대구광역시 북구 국우동","1080","1080","0000","그린빌6단지","월세","51.9500","202507","06","1,000","56","10","2002","학정동로 10","202508~202708","신규","-","","","아파트"
"23168","대구광역시 수성구 만촌동","1489","1489","0000","만촌자이르네","전세","84.9918","202507","06","57,000","0","20","2023","교학로19길 19","202509~202709","신규","-","","","아파트"
"23169","대구광역시 수성구 만촌동","1172-1","1172","0001","산장맨션","월세","84.7800","202507","06","2,000","65","8","1990","교학로 111","202508~202708","신규","-","","","아파트"
"23170","대구광역시 수성구 만촌동","1500","1500","0000","힐스테이트만촌역","전세","84.7518","202507","06","47,000","0","3","2024","달구벌대로 2567","202508~202708","신규","-","","","아파트"
"23171","대구광역시 북구 사수동","833","0833","0000","금호서한이다음","전세","84.9500","202507","06","18,000","0","15","2016","한강로 17","202509~202709","신규","-","","","아파트"
"23172","대구광역시 북구 침산동","1761","1761","0000","침산화성파크드림","전세","84.9638","202507","06","25,000","0","30","2017","성북로 70","202508~202708","신규","-","","","아파트"
"23173","대구광역시 북구 연경동","943","0943","0000","연경금성백조예미지숲속의아침","전세","84.9921","202507","06","20,000","0","13","2020","연경중앙로 11","202403~202603","갱신","사용","21,000","0","아파트"
"23174","대구광역시 수성구 수성동4가","1022-21","1022","0021","한도노블리스","월세","84.2625","202507","06","10,000","50","4","2003","들안로67길 12","202509~202709","신규","-","","","아파트"
"23175","대구광역시 수성구 범어동","300","0300","0000","가든하이츠1","월세","129.1800","202507","06","30,000","150","5","1985","범어로 45","202508~202708","갱신","사용","60,000","0","아파트"
"23176","대구광역시 서구 내당동","3326","3326","0000","두류스타힐스","전세","84.9530","202507","06","28,000","0","16","2025","서대구로 20","202508~202708","신규","-","","","아파트"
"23177","대구광역시 동구 신암동","1846","1846","0000","동대구에일린의뜰","전세","84.9204","202507","06","30,000","0","13","2021","아양로9길 35","202507~202707","신규","-","","","아파트"
"23178","대구광역시 동구 신암동","1846","1846","0000","동대구에일린의뜰","전세","84.9574","202507","06","30,000","0","16","2021","아양로9길 35","202509~202709","신규","-","","","아파트"
"23179","대구광역시 동구 신암동","1840","1840","0000","동대구이안센트럴D","월세","84.9886","202507","06","3,000","120","14","2021","동대구로 577","202508~202708","신규","-","","","아파트"
"23180","대구광역시 중구 동인동1가","420","0420","0000","힐스테이트동인더스카이","월세","84.9962","202507","06","2,000","110","25","2025","태평로 240","202507~202707","신규","-","","","아파트"
"23181","대구광역시 동구 신천동","1518","1518","0000","동대구역센트럴시티자이","월세","84.7615","202507","06","3,000","110","3","2022","송라로10길 33","202508~202708","신규","-","","","아파트"
"23182","대구광역시 동구 각산동","1043","1043","0000","대구혁신엘에이치천년나무3단지","전세","74.9000","202507","06","18,000","0","13","2014","과학로13길 30","202508~202708","신규","-","","","아파트"
"23183","대구광역시 중구 동인동1가","33-1","0033","0001","시티타운","월세","59.9100","202507","06","2,000","50","5","1997","국채보상로131길 55","202507~202707","신규","-","","","아파트"
"23184","대구광역시 동구 신서동","543","0543","0000","아름다운나날1","월세","84.6688","202507","06","1,000","75","9","2003","안심로 402","202507~202601","신규","-","","","아파트"
"23185","대구광역시 중구 교동","8","0008","0000","노마즈하우스","월세","14.5980","202507","06","300","35","11","2014","공평로 105","202507~202602","신규","-","","","아파트"
"23186","대구광역시 동구 대림동","887","0887","0000","대구혁신센텀힐즈","월세","59.9400","202507","06","2,000","50","4","2018","혁신대로 450","202508~202708","신규","-","","","아파트"
"23187","대구광역시 동구 동호동","362","0362","0000","상록아파트","월세","59.7200","202507","06","6,850","10","12","2004","동호로 47","202507~202707","신규","-","","","아파트"
"23188","대구광역시 중구 동인동1가","420","0420","0000","힐스테이트동인더스카이","전세","84.9389","202507","06","27,000","0","48","2025","태평로 240","202508~202707","신규","-","","","아파트"
"23189","대구광역시 동구 신서동","518-1","0518","0001","각산역더뉴클래스2차","전세","48.5988","202507","05","15,500","0","9","2015","반야월로 360","202507~202707","신규","-","","","아파트"
"23190","대구광역시 동구 신서동","518-1","0518","0001","각산역더뉴클래스2차","전세","21.2099","202507","05","7,875","0","3","2015","반야월로 360","202507~202707","신규","-","","","아파트"
"23191","대구광역시 동구 신서동","518-1","0518","0001","각산역더뉴클래스2차","전세","48.5988","202507","05","15,500","0","6","2015","반야월로 360","202507~202707","신규","-","","","아파트"
"23192","대구광역시 동구 신서동","755","0755","0000","신서동롯데캐슬레전드","월세","117.7616","202507","05","10,000","40","5","2007","안심로73길 22","202508~202708","신규","-","","","아파트"
"23193","대구광역시 동구 신서동","513-1","0513","0001","신서동신일해피트리","전세","84.4800","202507","05","22,000","0","9","2007","반야월로 370","202509~202709","신규","-","","","아파트"
"23194","대구광역시 동구 신서동","543","0543","0000","아름다운나날1","월세","58.6430","202507","05","500","40","1","2003","안심로 402","202507~202707","신규","-","","","아파트"
"23195","대구광역시 동구 신암동","766","0766","0000","신암뜨란채","월세","84.9500","202507","05","2,000","80","3","2005","아양로7길 12","202508~202708","신규","-","","","아파트"
"23196","대구광역시 동구 신암동","1870","1870","0000","해링턴플레이스동대구","전세","84.9712","202507","05","29,000","0","3","2024","경대로 126","202508~202708","신규","-","","","아파트"
"23197","대구광역시 동구 신암동","1840","1840","0000","동대구이안센트럴D","월세","84.9888","202507","05","3,500","110","7","2021","동대구로 577","202507~202607","신규","-","","","아파트"
"23198","대구광역시 동구 신암동","1852","1852","0000","동대구해모로스퀘어웨스트","월세","76.7437","202507","05","2,000","95","7","2023","동북로 340","202507~202707","신규","-","","","아파트"
"23199","대구광역시 동구 지저동","711","0711","0000","부민스위트빌아파트","월세","55.5373","202507","05","1,500","30","6","2002","해동로2길 37","202509~202709","신규","-","","","아파트"
"23200","대구광역시 동구 신암동","1887","1887","0000","동대구해모로스퀘어이스트","월세","84.9402","202507","05","2,000","100","6","2024","동북로75길 13","202507~202707","신규","-","","","아파트"
"23201","대구광역시 동구 신암동","1852","1852","0000","동대구해모로스퀘어웨스트","전세","76.7437","202507","05","29,000","0","10","2023","동북로 340","202509~202709","신규","-","","","아파트"
"23202","대구광역시 중구 수창동","173","0173","0000","대구역센트럴자이","전세","84.6421","202507","05","28,000","0","34","2017","서성로 99","202508~202708","신규","-","","","아파트"
"23203","대구광역시 동구 봉무동","1537","1537","0000","협성휴포레이시아폴리스","월세","84.9324","202507","05","2,000","110","11","2018","팔공로 260","202508~202708","신규","-","","","아파트"
"23204","대구광역시 중구 대신동","2106","2106","0000","대신센트럴자이","전세","59.9566","202507","05","23,000","0","12","2015","달구벌대로 1955","202509~202709","신규","-","","","아파트"
"23205","대구광역시 동구 신암동","1870","1870","0000","해링턴플레이스동대구","전세","84.9712","202507","05","24,150","0","9","2024","경대로 126","202508~202608","갱신","사용","23,000","0","아파트"
"23206","대구광역시 동구 신암동","1870","1870","0000","해링턴플레이스동대구","전세","59.9469","202507","05","17,850","0","7","2024","경대로 126","-","-","-","","","아파트"
"23207","대구광역시 중구 달성동","352","0352","0000","달성파크푸르지오힐스테이트","전세","74.9933","202507","05","29,000","0","15","2023","달성로 123","202509~202708","신규","-","","","아파트"
"23208","대구광역시 동구 숙천동","388","0388","0000","대구혁신도시서한이다음4차","월세","84.7703","202507","05","2,000","70","6","2016","초례로 50","202509~202709","신규","-","","","아파트"
"23209","대구광역시 북구 칠성동2가","742","0742","0000","대구역자이더스타","전세","77.8107","202507","05","29,000","0","35","2025","칠성남로 150","202508~202708","신규","-","","","아파트"
"23210","대구광역시 중구 달성동","352","0352","0000","달성파크푸르지오힐스테이트","월세","84.9713","202507","05","2,000","120","10","2023","달성로 123","202508~202708","신규","-","","","아파트"
"23211","대구광역시 북구 칠성동2가","742","0742","0000","대구역자이더스타","전세","77.8107","202507","05","29,000","0","35","2025","칠성남로 150","202508~202708","신규","-","","","아파트"
"23212","대구광역시 동구 신암동","1870","1870","0000","해링턴플레이스동대구","전세","59.9469","202507","05","17,850","0","7","2024","경대로 126","202508~202708","갱신","사용","17,000","0","아파트"
"23213","대구광역시 중구 달성동","352","0352","0000","달성파크푸르지오힐스테이트","전세","84.9713","202507","05","25,000","0","13","2023","달성로 123","202506~202706","갱신","사용","24,000","0","아파트"
"23214","대구광역시 동구 신암동","1870","1870","0000","해링턴플레이스동대구","전세","84.9712","202507","05","29,000","0","3","2024","경대로 126","202508~202708","신규","-","","","아파트"
"23215","대구광역시 동구 신암동","1860","1860","0000","동대구역화성파크드림","전세","59.9936","202507","05","22,000","0","6","2023","동대구로 590","202507~202707","갱신","사용","21,000","0","아파트"
"23216","대구광역시 동구 신암동","1852","1852","0000","동대구해모로스퀘어웨스트","전세","84.9739","202507","05","25,000","0","7","2023","동북로 340","202507~202707","갱신","-","23,000","0","아파트"
"23217","대구광역시 동구 신암동","1852","1852","0000","동대구해모로스퀘어웨스트","전세","76.7437","202507","05","29,000","0","10","2023","동북로 340","202509~202709","신규","-","","","아파트"
"23218","대구광역시 동구 신암동","1852","1852","0000","동대구해모로스퀘어웨스트","전세","84.9151","202507","05","29,000","0","4","2023","동북로 340","202508~202708","신규","-","","","아파트"
"23219","대구광역시 서구 평리동","632-9","0632","0009","서대구KTX영무예다음","전세","84.4481","202507","05","24,000","0","14","2023","당산로 446","202508~202708","신규","-","","","아파트"
"23220","대구광역시 서구 내당동","359-1","0359","0001","동서제일","월세","65.2200","202507","05","1,000","50","3","1980","평리로42길 26","202507~202607","신규","-","","","아파트"
"23221","대구광역시 북구 칠성동2가","302-197","0302","0197","대구역SD아이프라임","전세","72.6587","202507","05","22,300","0","14","2021","칠성남로30길 40","202509~202709","신규","-","","","아파트"
"23222","대구광역시 동구 효목동","55","0055","0000","진로이스트타운","월세","59.7900","202507","05","2,000","60","6","1998","아양로 218","202507~202707","신규","-","","","아파트"
"23223","대구광역시 남구 봉덕동","1071","1071","0000","효성타운1차","전세","108.3800","202507","05","21,000","0","10","1988","효성중앙길 37","202508~202708","신규","-","","","아파트"
"23224","대구광역시 동구 각산동","1061","1061","0000","대구혁신에듀포레","전세","74.9000","202507","05","21,000","0","1","2013","과학로 45","202507~202707","신규","-","","","아파트"
"23225","대구광역시 동구 각산동","1029","1029","0000","대구혁신도시서한이다음","전세","84.4620","202507","05","27,000","0","2","2015","이노밸리로29길 56","202507~202707","신규","-","","","아파트"
"23226","대구광역시 서구 원대동3가","1649","1649","0000","서대구센트럴자이","전세","114.9815","202507","05","36,000","0","22","2023","고성로 33","202510~202710","신규","-","","","아파트"
"23227","대구광역시 서구 원대동3가","1649","1649","0000","서대구센트럴자이","전세","84.9710","202507","05","28,000","0","7","2023","고성로 33","202509~202709","신규","-","","","아파트"
"23228","대구광역시 동구 각산동","1029","1029","0000","대구혁신도시서한이다음","전세","74.5560","202507","05","20,000","0","18","2015","이노밸리로29길 56","202506~202706","신규","-","","","아파트"
"23229","대구광역시 동구 효목동","559-1","0559","0001","성림","월세","74.9400","202507","05","800","45","4","1980","화랑로25길 29","202502~202701","신규","-","","","아파트"
"23230","대구광역시 중구 남산동","3030","3030","0000","남산자이하늘채","전세","59.1983","202507","05","28,000","0","23","2022","명덕로 33","202507~202707","신규","-","","","아파트"
"23231","대구광역시 중구 교동","8","0008","0000","노마즈하우스","월세","15.2483","202507","05","300","37","11","2014","공평로 105","202507~202606","신규","-","","","아파트"
"23232","대구광역시 동구 율암동","1297","1297","0000","대구 파라곤 프레스티지","월세","84.9418","202507","05","3,000","95","16","2023","안심뉴타운7로 13","202508~202708","신규","-","","","아파트"
"23233","대구광역시 동구 신천동","538-15","0538","0015","신천역까사밀라102동","월세","23.3700","202507","05","500","40","12","2015","동부로 33","202507~202607","신규","-","","","아파트"
"23234","대구광역시 동구 사복동","838","0838","0000","대구혁신엘에이치이노힐즈","전세","84.9800","202507","05","23,000","0","4","2015","메디밸리로 35","202507~202707","신규","-","","","아파트"
"23235","대구광역시 동구 신기동","557","0557","0000","신기모란3차","전세","59.4600","202507","05","10,000","0","5","1988","율하동로20길 31","202509~202709","신규","-","","","아파트"
"23236","대구광역시 동구 신기동","576-1","0576","0001","화성","월세","59.7700","202507","05","500","55","2","1990","율하동로20길 20","202507~202707","신규","-","","","아파트"
"23237","대구광역시 동구 신기동","557","0557","0000","신기모란3차","전세","59.4600","202507","05","10,000","0","5","1988","율하동로20길 31","202509~202709","신규","-","","","아파트"
"23238","대구광역시 동구 대림동","887","0887","0000","대구혁신센텀힐즈","전세","59.9400","202507","05","15,000","0","1","2018","혁신대로 450","202511~202711","신규","-","","","아파트"
"23239","대구광역시 북구 칠성동2가","2-2","0002","0002","침산1차푸르지오(2-2)","전세","112.1100","202507","05","40,000","0","17","2005","침산로21길 23","-","-","-","","","아파트"
"23240","대구광역시 동구 신서동","518-1","0518","0001","각산역더뉴클래스2차","전세","48.5988","202507","05","15,500","0","5","2015","반야월로 360","202507~202707","신규","-","","","아파트"
"23241","대구광역시 동구 신서동","518-1","0518","0001","각산역더뉴클래스2차","전세","48.5988","202507","05","15,300","0","8","2015","반야월로 360","202507~202707","신규","-","","","아파트"
"23242","대구광역시 달서구 월성동","1835","1835","0000","월배e-편한세상","전세","84.9908","202507","05","29,000","0","23","2014","월성로 132","202509~202708","신규","-","","","아파트"
"23243","대구광역시 달서구 월성동","1835","1835","0000","월배e-편한세상","전세","59.9694","202507","05","26,000","0","21","2014","월성로 132","202508~202708","신규","-","","","아파트"
"23244","대구광역시 달서구 월성동","1894","1894","0000","월성삼정그린코아에듀파크","월세","84.6349","202507","05","3,000","96","19","2022","월성로 100","202509~202612","신규","-","","","아파트"
"23245","대구광역시 달서구 본동","247","0247","0000","그린맨션2차","전세","84.8700","202507","05","17,000","0","3","1986","구마로36길 20","202509~202709","신규","-","","","아파트"
"23246","대구광역시 달서구 이곡동","1191","1191","0000","성서보성화성타운","월세","59.9500","202507","05","1,000","50","5","1994","계대동문로 99","202509~202708","신규","-","","","아파트"
"23247","대구광역시 달서구 이곡동","1191","1191","0000","성서보성화성타운","전세","59.9500","202507","05","11,000","0","5","1994","계대동문로 99","202508~202708","신규","-","","","아파트"
"23248","대구광역시 달서구 이곡동","1332","1332","0000","성서무지개타운","월세","84.9900","202507","05","1,000","67","16","1997","선원로 171","202507~202707","신규","-","","","아파트"
"23249","대구광역시 달서구 이곡동","1306-4","1306","0004","한빛마을(성서주공3차)","월세","59.9900","202507","05","2,000","42","10","1998","선원남로 99","202508~202607","갱신","-","2,000","42","아파트"
"23250","대구광역시 달성군 다사읍 죽곡리","818","0818","0000","대실역리슈빌3단지","월세","84.6695","202507","05","2,000","90","7","2012","대실역남로 33","202508~202708","신규","-","","","아파트"
"23251","대구광역시 달서구 성당동","834","0834","0000","성당동더샵","월세","74.9733","202507","05","13,000","20","12","2008","장기로 115","202511~202711","신규","-","","","아파트"
"23252","대구광역시 달서구 월성동","1300","1300","0000","월성래미안","월세","84.9724","202507","05","3,000","95","5","2006","상원로 143","202507~202611","신규","-","","","아파트"
"23253","대구광역시 달서구 상인동","1596","1596","0000","상인화성파크드림1단지","전세","84.9900","202507","05","28,000","0","7","2010","송현로7길 10","202510~202710","신규","-","","","아파트"
"23254","대구광역시 달서구 상인동","1474","1474","0000","한양은하","전세","66.1600","202507","05","11,000","0","3","1989","상화북로 137","202508~202708","신규","-","","","아파트"
"23255","대구광역시 달서구 파호동","24","0024","0000","성서우방유쉘","전세","127.9973","202507","05","25,000","0","14","2007","달구벌대로 995","202507~202707","신규","-","","","아파트"
"23256","대구광역시 달서구 대천동","1042","1042","0000","월배삼정그린코아포레스트","전세","84.5453","202507","05","31,500","0","18","2021","조암남로32길 40","202507~202707","갱신","사용","30,000","0","아파트"
"23257","대구광역시 달서구 도원동","1464","1464","0000","서한이다음레이크뷰","전세","59.8924","202507","05","22,000","0","13","2015","상화로58길 35","202509~202709","갱신","-","25,200","0","아파트"
"23258","대구광역시 달성군 화원읍 구라리","1734-2","1734","0002","화원한우","월세","33.4700","202507","05","300","25","5","1984","비슬로 2679","202507~202707","신규","-","","","아파트"
"23259","대구광역시 달서구 유천동","612","0612","0000","대구월배2차아이파크","전세","59.7565","202507","05","24,000","0","13","2016","월배로5길 76","202508~202708","갱신","사용","23,000","0","아파트"
"23260","대구광역시 달서구 유천동","612","0612","0000","대구월배2차아이파크","월세","84.5402","202507","05","2,000","115","11","2016","월배로5길 76","202509~202709","신규","-","","","아파트"
"23261","대구광역시 달서구 대곡동","2-1","0002","0001","대곡우방타운","월세","134.8300","202507","05","2,000","70","6","1994","비슬로538길 22","202508~202707","신규","-","","","아파트"
"23262","대구광역시 달성군 유가읍 봉리","625","0625","0000","제일풍경채센트럴","전세","84.9845","202507","05","22,000","0","4","2016","테크노대로 165","202509~202709","신규","-","","","아파트"
"23263","대구광역시 달서구 유천동","612","0612","0000","대구월배2차아이파크","전세","84.5402","202507","05","27,700","0","6","2016","월배로5길 76","202507~202703","갱신","사용","27,000","0","아파트"
"23264","대구광역시 달서구 유천동","612","0612","0000","대구월배2차아이파크","전세","84.5402","202507","05","27,700","0","6","2016","월배로5길 76","202507~202703","갱신","사용","27,000","0","아파트"
"23265","대구광역시 달서구 유천동","612","0612","0000","대구월배2차아이파크","전세","84.5402","202507","05","27,700","0","6","2016","월배로5길 76","202507~202703","갱신","사용","27,000","0","아파트"
"23266","대구광역시 달서구 진천동","15-1","0015","0001","월배역포스코더샵","월세","84.9838","202507","05","2,000","105","11","2006","월서로 51","202507~202707","신규","-","","","아파트"
"23267","대구광역시 달서구 용산동","410-2","0410","0002","성서보람타운","월세","59.6700","202507","05","1,000","50","5","1997","새동네로 34","202507~202707","신규","-","","","아파트"
"23268","대구광역시 달서구 용산동","419-1","0419","0001","한마음","월세","59.9500","202507","05","1,000","54","16","1999","선원남로 151","202508~202608","신규","-","","","아파트"
"23269","대구광역시 달서구 용산동","414-4","0414","0004","성서6주공","월세","59.9900","202507","05","1,000","46","13","1997","성지로 35","202507~202707","신규","-","","","아파트"
"23270","대구광역시 수성구 노변동","742","0742","0000","수성알파시티청아람","전세","59.9949","202507","05","24,150","0","7","2021","알파시티2로 96","202510~202710","갱신","사용","23,000","0","아파트"
"23271","대구광역시 달성군 다사읍 서재리","1118","1118","0000","에코폴리스 동화아이위시","월세","59.9943","202507","05","2,000","50","9","2015","서재로12길 38","202508~202608","갱신","-","2,000","50","아파트"
"23272","대구광역시 달성군 화원읍 설화리","1157","1157","0000","설화명곡역우방아이유쉘","월세","84.9767","202507","05","3,000","75","14","2023","비슬로 2417","202507~202707","신규","-","","","아파트"
"23273","대구광역시 달서구 진천동","843","0843","0000","진천역라온프라이빗센텀","전세","68.9202","202507","05","30,000","0","36","2022","진천로16길 26","202509~202709","신규","-","","","아파트"
"23274","대구광역시 달서구 진천동","595","0595","0000","트윈팰리스","월세","84.1500","202507","05","2,000","85","17","2006","월배로 71","202508~202708","갱신","-","2,000","90","아파트"
"23275","대구광역시 달서구 상인동","1474","1474","0000","한양은하","월세","66.1600","202507","05","800","41","3","1989","상화북로 137","202507~202707","신규","-","","","아파트"
"23276","대구광역시 달서구 감삼동","702","0702","0000","삼정브리티시용산","월세","46.5647","202507","05","1,000","70","26","2013","달구벌대로 1530","202508~202708","신규","-","","","아파트"
"23277","대구광역시 달서구 감삼동","521","0521","0000","우방드림시티","월세","84.9869","202507","05","2,000","75","20","2003","장기로 242","202411~202611","신규","-","","","아파트"
"23278","대구광역시 수성구 욱수동","130","0130","0000","시지5태왕하이츠","월세","84.7132","202507","05","2,000","85","18","2004","욱수천로 7","202509~202709","신규","-","","","아파트"
"23279","대구광역시 수성구 노변동","742","0742","0000","수성알파시티청아람","전세","59.9949","202507","05","25,000","0","6","2021","알파시티2로 96","202507~202707","신규","-","","","아파트"
"23280","대구광역시 수성구 노변동","742","0742","0000","수성알파시티청아람","전세","59.9949","202507","05","25,000","0","6","2021","알파시티2로 96","-","-","-","","","아파트"
"23281","대구광역시 달서구 장기동","845","0845","0000","코오롱하늘채","월세","59.9156","202507","05","1,500","85","4","2019","용산로12길 77","202509~202709","신규","-","","","아파트"
"23282","대구광역시 달성군 화원읍 명곡리","139","0139","0000","명곡미래빌4","월세","59.6300","202507","05","500","55","12","2000","화암로 120","202507~202707","신규","-","","","아파트"
"23283","대구광역시 달서구 진천동","843","0843","0000","진천역라온프라이빗센텀","월세","68.9202","202507","05","5,000","105","38","2022","진천로16길 26","202407~202607","갱신","사용","5,000","100","아파트"
"23284","대구광역시 달성군 구지면 화산리","1105","1105","0000","대구국가산단반도유보라아이비파크3","월세","78.9728","202507","05","1,000","60","22","2020","국가산단북로34길 10","202508~202708","신규","-","","","아파트"
"23285","대구광역시 달서구 상인동","1515","1515","0000","보성","전세","59.9600","202507","05","14,000","0","14","1993","상인서로 75","202508~202707","신규","-","","","아파트"
"23286","대구광역시 달성군 구지면 응암리","1210","1210","0000","과학마을청아람","월세","59.8940","202507","05","500","55","18","2016","과학마을로 70","202507~202607","신규","-","","","아파트"
"23287","대구광역시 달서구 호산동","350","0350","0000","삼성한국형","월세","84.9100","202507","05","1,000","70","11","1999","호산로 126","202507~202702","신규","-","","","아파트"
"23288","대구광역시 달성군 다사읍 세천리","1588","1588","0000","북죽곡엠코타운더솔레뉴","월세","84.9927","202507","05","2,000","80","3","2016","세천로 160","202507~202707","신규","-","","","아파트"
"23289","대구광역시 달성군 유가읍 봉리","603","0603","0000","진아리채","월세","70.8694","202507","05","1,000","75","3","2016","테크노대로5길 79","202507~202707","신규","-","","","아파트"
"23290","대구광역시 달성군 유가읍 봉리","625","0625","0000","제일풍경채센트럴","전세","63.4314","202507","05","16,800","0","7","2016","테크노대로 165","202508~202708","갱신","사용","16,000","0","아파트"
"23291","대구광역시 달서구 월성동","1300","1300","0000","월성래미안","월세","84.9724","202507","05","2,000","115","21","2006","상원로 143","202508~202708","갱신","-","2,000","100","아파트"
"23292","대구광역시 수성구 수성동4가","1090-6","1090","0006","수성보성","전세","49.2100","202507","05","17,000","0","5","1996","수성로 412","202508~202708","신규","-","","","아파트"
"23293","대구광역시 북구 침산동","293-12","0293","0012","메트로캐슬","전세","84.9386","202507","05","16,000","0","2","2004","침산로32길 2","202507~202707","신규","-","","","아파트"
"23294","대구광역시 수성구 매호동","750","0750","0000","매호효성백년가약","월세","117.5658","202507","05","3,000","105","15","2006","천을로23길 31","202507~202707","갱신","-","3,000","125","아파트"
"23295","대구광역시 북구 읍내동","1366-3","1366","0003","코스모스한양","전세","84.9450","202507","05","16,000","0","2","1993","구암로21길 6","202507~202707","신규","-","","","아파트"
"23296","대구광역시 수성구 수성동4가","1229-1","1229","0001","조광","월세","83.6500","202507","05","2,000","50","1","1991","달구벌대로 2275-12","202508~202708","신규","-","","","아파트"
"23297","대구광역시 북구 복현동","713","0713","0000","e편한세상복현","전세","59.9535","202507","05","24,150","0","12","2021","동북로 247","202510~202710","갱신","사용","23,000","0","아파트"
"23298","대구광역시 북구 검단동","887-8","0887","0008","유성청구","전세","47.4900","202507","05","9,000","0","3","1992","검단로 115","202509~202709","신규","-","","","아파트"
"23299","대구광역시 수성구 상동","141","0141","0000","새중동","월세","50.8200","202507","05","1,000","40","2","1981","상화로 7","202507~202707","신규","-","","","아파트"
"23300","대구광역시 수성구 만촌동","860","0860","0000","우방금탑","전세","67.1500","202507","05","16,000","0","1","1986","교학로 3","202507~202707","신규","-","","","아파트"
"23301","대구광역시 수성구 만촌동","1481","1481","0000","만촌역태왕아너스","월세","84.9422","202507","05","5,000","160","4","2016","달구벌대로522길 17","202507~202707","신규","-","","","아파트"
"23302","대구광역시 수성구 만촌동","1046-10","1046","0010","수성2차e-편한세상","월세","125.2874","202507","05","5,000","150","10","2007","달구벌대로522길 33","202508~202708","신규","-","","","아파트"
"23303","대구광역시 수성구 만촌동","272","0272","0000","만촌화성파크스위트","전세","84.8923","202507","05","18,000","0","1","2005","화랑로34길 141","202507~202802","신규","-","","","아파트"
"23304","대구광역시 북구 고성동1가","265","0265","0000","힐스테이트대구역오페라","전세","101.8094","202507","05","33,000","0","19","2024","칠성남로 30","202509~202709","신규","-","","","아파트"
"23305","대구광역시 북구 고성동3가","149","0149","0000","오페라센텀파크서한이다음","월세","84.7618","202507","05","3,000","115","12","2023","고성로37길 1","202508~202708","신규","-","","","아파트"
"23306","대구광역시 북구 관음동","1370","1370","0000","칠곡한양2","전세","41.2650","202507","05","8,500","0","11","1993","구암로 17","202509~202709","신규","-","","","아파트"
"23307","대구광역시 북구 사수동","833","0833","0000","금호서한이다음","전세","84.5500","202507","05","20,000","0","4","2016","한강로 17","202509~202709","신규","-","","","아파트"
"23308","대구광역시 북구 노원동2가","246","0246","0000","노원보성","전세","59.9850","202507","05","10,700","0","14","1999","오봉로3길 47","202507~202707","갱신","-","10,700","0","아파트"
"23309","대구광역시 수성구 범물동","1372","1372","0000","청아타운","전세","84.9950","202507","05","15,000","0","10","1992","범안로 40","202509~202709","신규","-","","","아파트"
"23310","대구광역시 수성구 만촌동","1429","1429","0000","메트로팔레스3","전세","134.9800","202507","05","40,000","0","6","2003","동원로 110","202508~202708","신규","-","","","아파트"
"23311","대구광역시 북구 사수동","789","0789","0000","브라운스톤강북","전세","84.8200","202507","05","17,300","0","10","2015","내곡로 89","202508~202708","신규","-","","","아파트"
"23312","대구광역시 북구 사수동","789","0789","0000","브라운스톤강북","전세","84.8200","202507","05","17,300","0","10","2015","내곡로 89","202508~202708","신규","-","","","아파트"
"23313","대구광역시 북구 복현동","368-1","0368","0001","광명","월세","45.9750","202507","05","500","35","4","1980","동북로65길 13","202508~202708","신규","-","","","아파트"
"23314","대구광역시 수성구 상동","555","0555","0000","수성동일하이빌레이크시티","월세","163.6943","202507","05","5,000","280","15","2009","수성로 71","202507~202707","신규","-","","","아파트"
"23315","대구광역시 수성구 지산동","1270-1","1270","0001","보성맨션","월세","84.9900","202507","05","2,000","80","4","1991","지범로22길 10","202508~202708","신규","-","","","아파트"
"23316","대구광역시 수성구 지산동","1275","1275","0000","지산한라타운","월세","59.8500","202507","05","1,000","60","10","1991","지범로22길 9","202508~202708","신규","-","","","아파트"
"23317","대구광역시 수성구 지산동","761","0761","0000","녹원맨션","월세","84.9600","202507","05","2,000","65","13","1989","무학로 189","202507~202707","신규","-","","","아파트"
"23318","대구광역시 북구 동천동","950","0950","0000","화성센트럴파크","월세","84.9870","202507","05","3,000","90","14","2003","대천로 100","202507~202707","신규","-","","","아파트"
"23319","대구광역시 북구 동천동","889","0889","0000","칠곡우방하이츠","월세","59.9600","202507","05","1,000","65","18","1999","구리로 26","202509~202709","신규","-","","","아파트"
"23320","대구광역시 북구 서변동","1795","1795","0000","동서변월드메르디앙","전세","105.0900","202507","05","21,000","0","2","2005","서변로 26","202507~202707","신규","-","","","아파트"
"23321","대구광역시 북구 학정동","925","0925","0000","학정청아람","전세","84.6211","202507","05","21,000","0","3","2007","학정로110길 29","202508~202708","신규","-","","","아파트"
"23322","대구광역시 북구 고성동3가","145","0145","0000","오페라트루엘시민의숲아파트","전세","59.6911","202507","05","25,000","0","8","2020","고성북로 34","202507~202707","신규","-","","","아파트"
"23323","대구광역시 수성구 범어동","314-2","0314","0002","을지맨션","월세","79.7400","202507","05","2,000","80","10","1987","달구벌대로496길 88","202508~202708","신규","-","","","아파트"
"23324","대구광역시 수성구 범어동","2253","2253","0000","빌리브범어","월세","84.9692","202507","05","5,000","240","4","2019","청호로 418","202508~202712","신규","-","","","아파트"
"23325","대구광역시 북구 읍내동","1366-3","1366","0003","코스모스한양","전세","84.9450","202507","05","16,000","0","2","1993","구암로21길 6","202507~202707","신규","-","","","아파트"
"23326","대구광역시 수성구 수성동1가","649-17","0649","0017","삼환","월세","88.2300","202507","05","1,000","70","4","1979","신천동로 288","202508~202708","신규","-","","","아파트"
"23327","대구광역시 북구 읍내동","1366-3","1366","0003","코스모스한양","전세","84.9450","202507","05","16,000","0","2","1993","구암로21길 6","202507~202707","신규","-","","","아파트"
"23328","대구광역시 수성구 만촌동","1500","1500","0000","힐스테이트만촌역","월세","65.7254","202507","05","3,000","130","29","2024","달구벌대로 2567","202508~202708","신규","-","","","아파트"
"23329","대구광역시 수성구 황금동","985","0985","0000","힐스테이트황금동","월세","59.9776","202507","05","3,000","120","21","2018","청수로 274","202507~202509","신규","-","","","아파트"
"23330","대구광역시 북구 태전동","205-1","0205","0001","평안맨션","전세","59.8800","202507","05","14,500","0","3","1995","태전로1길 21","202507~202707","신규","-","","","아파트"
"23331","대구광역시 북구 산격동","503-1","0503","0001","산격에덴1","월세","54.3600","202507","05","500","30","5","1985","대불로5길 22","202508~202608","신규","-","","","아파트"
"23332","대구광역시 수성구 황금동","986","0986","0000","힐스테이트황금엘포레","전세","84.9899","202507","05","43,000","0","29","2022","청솔로 16","202508~202708","신규","-","","","아파트"
"23333","대구광역시 북구 팔달동","145","0145","0000","대백인터빌","월세","39.4900","202507","04","500","40","3","2002","작원길 25","202508~202708","신규","-","","","아파트"
"23334","대구광역시 수성구 신매동","579","0579","0000","천마타운","전세","134.9700","202507","04","21,000","0","6","1994","신매로 71","202508~202708","신규","-","","","아파트"
"23335","대구광역시 북구 매천동","750","0750","0000","한신더휴웨스턴팰리스","월세","84.8281","202507","04","2,000","110","16","2019","매전로4길 32","202508~202708","신규","-","","","아파트"
"23336","대구광역시 북구 서변동","1793","1793","0000","화성리버파크2","월세","125.0274","202507","04","3,000","80","13","2003","서변로 50","202508~202708","신규","-","","","아파트"
"23337","대구광역시 북구 침산동","368-1","0368","0001","침산동서","월세","84.9800","202507","04","2,000","70","8","1997","침산남로 116","202507~202707","신규","-","","","아파트"
"23338","대구광역시 북구 침산동","1761","1761","0000","침산화성파크드림","월세","84.9716","202507","04","500","150","14","2017","성북로 70","202507~202509","신규","-","","","아파트"
"23339","대구광역시 북구 침산동","105-1","0105","0001","코오롱하늘채2단지","월세","178.6726","202507","04","5,000","170","4","2006","중앙대로 591","202508~202708","신규","-","","","아파트"
"23340","대구광역시 수성구 파동","1034","1034","0000","수성더팰리스푸르지오더샵","전세","84.9516","202507","04","30,000","0","23","2023","파동로 188","202509~202709","신규","-","","","아파트"
"23341","대구광역시 수성구 범물동","1328","1328","0000","서한화성타운","월세","84.5750","202507","04","0","75","16","1992","지범로40길 11","202508~202602","신규","-","","","아파트"
"23342","대구광역시 수성구 범물동","1336","1336","0000","범물한라창신태성맨션","전세","71.8800","202507","04","16,000","0","3","1992","용학로 272","202507~202707","신규","-","","","아파트"
"23343","대구광역시 수성구 수성동3가","57","0057","0000","수성3가롯데캐슬","전세","161.9811","202507","04","70,000","0","19","2008","명덕로 455","202507~202707","갱신","-","67,000","0","아파트"
"23344","대구광역시 수성구 시지동","486","0486","0000","노변청구","전세","84.8600","202507","04","19,000","0","6","1996","시지로 21","202508~202708","신규","-","","","아파트"
"23345","대구광역시 수성구 신매동","601","0601","0000","시지보성서한아파트","전세","84.9900","202507","04","20,000","0","17","1995","신매로 21","202508~202708","신규","-","","","아파트"
"23346","대구광역시 북구 동변동","682","0682","0000","유니버시아드선수촌2단지","전세","73.2815","202507","04","15,000","0","14","2003","동변로 24","202509~202709","신규","-","","","아파트"
"23347","대구광역시 북구 구암동","772","0772","0000","그린빌2차","월세","84.3400","202507","04","1,500","85","14","2001","구암서로 70","202507~202707","신규","-","","","아파트"
"23348","대구광역시 북구 산격동","503-1","0503","0001","산격에덴1","월세","54.3600","202507","04","500","35","1","1985","대불로5길 22","202507~202707","신규","-","","","아파트"
"23349","대구광역시 북구 복현동","241-1","0241","0001","복현블루밍브라운스톤명문세가","전세","76.0000","202507","04","15,080","0","7","2011","복현로 50","202508~202708","신규","-","","","아파트"
"23350","대구광역시 수성구 수성동1가","613","0613","0000","신세계타운","전세","84.9800","202507","04","20,000","0","8","1989","신천동로 320","202507~202707","신규","-","","","아파트"
"23351","대구광역시 북구 태전동","256-1","0256","0001","두성타운","전세","67.9200","202507","04","9,500","0","2","1992","태전로7길 10-17","202507~202707","신규","-","","","아파트"
"23352","대구광역시 북구 태전동","1186","1186","0000","협성휴포레강북","전세","72.9410","202507","04","30,000","0","15","2017","태암남로 60","202507~202707","갱신","-","30,000","0","아파트"
"23353","대구광역시 북구 동변동","682","0682","0000","유니버시아드선수촌2단지","전세","73.2815","202507","04","15,000","0","14","2003","동변로 24","202509~202709","신규","-","","","아파트"
"23354","대구광역시 수성구 만촌동","1356-3","1356","0003","메트로팔레스1","전세","134.9800","202507","04","39,000","0","16","2003","동원로 135","202507~202702","신규","-","","","아파트"
"23355","대구광역시 수성구 지산동","1766","1766","0000","더샵수성라크에르","월세","84.9362","202507","04","3,000","110","4","2024","지산로3길 33","202507~202707","신규","-","","","아파트"
"23356","대구광역시 수성구 지산동","1288","1288","0000","지산타운","월세","53.7800","202507","04","3,000","35","6","1991","용학로 303","202507~202707","신규","-","","","아파트"
"23357","대구광역시 수성구 지산동","1766","1766","0000","더샵수성라크에르","전세","84.9362","202507","04","27,500","0","8","2024","지산로3길 33","202508~202602","갱신","사용","27,500","0","아파트"
"23358","대구광역시 수성구 수성동1가","613","0613","0000","신세계타운","전세","84.9800","202507","04","18,000","0","8","1989","신천동로 320","202507~202707","신규","-","","","아파트"
"23359","대구광역시 서구 평리동","1361-10","1361","0010","하우젠트","월세","23.0300","202507","04","100","20","5","2011","국채보상로46길 70","202507~202607","신규","-","","","아파트"
"23360","대구광역시 동구 신암동","1852","1852","0000","동대구해모로스퀘어웨스트","전세","76.7437","202507","04","28,000","0","11","2023","동북로 340","202507~202707","신규","-","","","아파트"
"23361","대구광역시 동구 신암동","1887","1887","0000","동대구해모로스퀘어이스트","월세","84.9402","202507","04","2,000","105","4","2024","동북로75길 13","202507~202707","신규","-","","","아파트"
"23362","대구광역시 동구 신암동","461-1","0461","0001","신암그린타운","전세","59.9513","202507","04","16,000","0","13","2003","신성로 30","202509~202709","신규","-","","","아파트"
"23363","대구광역시 동구 사복동","851","0851","0000","대구신서혁신엘에이치천년나무10단지","월세","36.7400","202507","04","1,625","20","5","2017","메디밸리로 18","202509~202708","신규","-","","","아파트"
"23364","대구광역시 서구 중리동","121-1","0121","0001","꽃동네","전세","51.2850","202507","04","5,000","0","1","1981","평리로 221","202508~202708","신규","-","","","아파트"
"23365","대구광역시 동구 괴전동","652","0652","0000","안심역우방아이유쉘","월세","84.9962","202507","04","2,000","95","16","2016","금강로21길 10","202508~202708","신규","-","","","아파트"
"23366","대구광역시 동구 신천동","492","0492","0000","광명","월세","56.4200","202507","04","1,000","40","1","1980","화랑로11길 78","202507~202707","신규","-","","","아파트"
"23367","대구광역시 동구 신천동","538-15","0538","0015","신천역까사밀라102동","전세","21.2700","202507","04","6,500","0","9","2015","동부로 33","202508~202708","갱신","-","7,000","0","아파트"
"23368","대구광역시 동구 신천동","1518","1518","0000","동대구역센트럴시티자이","월세","84.7615","202507","04","2,000","130","11","2022","송라로10길 33","202507~202612","신규","-","","","아파트"
"23369","대구광역시 동구 신천동","1525","1525","0000","더샵디어엘로","전세","84.9595","202507","04","10,000","0","3","2024","화랑로 33","202510~202710","신규","-","","","아파트"
"23370","대구광역시 중구 남산동","3043","3043","0000","반월당역서한포레스트","월세","69.9124","202507","04","5,000","90","28","2022","중앙대로67길 11","202509~202709","신규","-","","","아파트"
"23371","대구광역시 중구 남산동","3049","3049","0000","청라힐스자이","전세","75.3303","202507","04","29,400","0","5","2023","남산로 73","202507~202707","갱신","사용","28,000","0","아파트"
"23372","대구광역시 동구 신서동","538-1","0538","0001","동화해오름타운","월세","58.2340","202507","04","2,000","60","5","2003","동호로 89","202508~202608","신규","-","","","아파트"
"23373","대구광역시 동구 봉무동","1529","1529","0000","대구이시아폴리스더샵4차","전세","70.9300","202507","04","21,000","0","10","2014","팔공로53길 40","202509~202709","신규","-","","","아파트"
"23374","대구광역시 남구 대명동","3072","3072","0000","대명역센트럴엘리프","전세","114.7188","202507","04","47,000","0","19","2022","대명로14길 60","202508~202608","갱신","사용","47,000","0","아파트"
"23375","대구광역시 중구 동산동","916","0916","0000","청라언덕역서한포레스트","월세","84.8493","202507","04","3,000","120","4","2022","달구벌대로 2021","202508~202708","신규","-","","","아파트"
"23376","대구광역시 중구 태평로3가","221-5","0221","0005","힐스테이트대구역퍼스트","월세","84.7934","202507","04","3,000","105","22","2025","태평로 100","202507~202707","신규","-","","","아파트"
"23377","대구광역시 중구 수창동","178","0178","0000","대구역제일풍경채위너스카이","월세","84.8871","202507","04","3,000","100","32","2023","달성로26길 70","202506~202706","신규","-","","","아파트"
"23378","대구광역시 북구 칠성동2가","715","0715","0000","대구역 서희스타힐스","전세","84.8400","202507","04","22,000","0","10","2012","칠성남로 101","202510~202710","신규","-","","","아파트"
"23379","대구광역시 북구 칠성동2가","715","0715","0000","대구역 서희스타힐스","전세","84.4900","202507","04","26,000","0","12","2012","칠성남로 101","202508~202708","신규","-","","","아파트"
"23380","대구광역시 북구 칠성동2가","733","0733","0000","오페라삼정그린코아더베스트","월세","66.6347","202507","04","1,000","100","14","2017","침산로 100","202508~202708","신규","-","","","아파트"
"23381","대구광역시 동구 불로동","962","0962","0000","불로서한이다음","전세","84.0100","202507","04","19,000","0","3","2016","공항로 148","202509~202709","신규","-","","","아파트"
"23382","대구광역시 동구 불로동","962","0962","0000","불로서한이다음","전세","71.8400","202507","04","18,000","0","5","2016","공항로 148","202508~202708","신규","-","","","아파트"
"23383","대구광역시 동구 검사동","1111","1111","0000","동촌역태왕아너스르네상스","전세","84.9868","202507","04","26,000","0","9","2017","동촌로 100","202509~202709","신규","-","","","아파트"
"23384","대구광역시 중구 동인동1가","420","0420","0000","힐스테이트동인더스카이","전세","84.9389","202507","04","30,000","0","48","2025","태평로 240","202508~202708","신규","-","","","아파트"
"23385","대구광역시 중구 동인동1가","420","0420","0000","힐스테이트동인더스카이","전세","84.9976","202507","04","27,000","0","29","2025","태평로 240","202507~202707","신규","-","","","아파트"
"23386","대구광역시 중구 동인동1가","420","0420","0000","힐스테이트동인더스카이","월세","84.9389","202507","04","8,000","70","30","2025","태평로 240","202508~202708","신규","-","","","아파트"
"23387","대구광역시 중구 동인동1가","420","0420","0000","힐스테이트동인더스카이","월세","84.9389","202507","04","8,000","70","30","2025","태평로 240","202508~202708","신규","-","","","아파트"
"23388","대구광역시 서구 평리동","632-9","0632","0009","서대구KTX영무예다음","전세","59.7832","202507","04","17,850","0","1","2023","당산로 446","202507~202607","갱신","사용","17,000","0","아파트"
"23389","대구광역시 서구 평리동","1703","1703","0000","서대구역반도유보라센텀","월세","84.9602","202507","04","2,000","107","14","2023","문화로 230","202511~202711","신규","-","","","아파트"
"23390","대구광역시 서구 평리동","632-9","0632","0009","서대구KTX영무예다음","전세","84.4481","202507","04","24,000","0","28","2023","당산로 446","202507~202707","신규","-","","","아파트"
"23391","대구광역시 달성군 화원읍 천내리","118","0118","0000","화원창신맨션","전세","80.7600","202507","04","12,000","0","1","1991","화원로 36","202509~202709","신규","-","","","아파트"
"23392","대구광역시 달서구 상인동","42","0042","0000","보성은하","전세","84.9600","202507","04","18,500","0","11","1994","월곡로 320","202508~202708","신규","-","","","아파트"
"23393","대구광역시 달성군 옥포읍 교항리","2892","2892","0000","옥포이진캐스빌8단지","월세","84.9962","202507","04","2,000","65","12","2017","비슬로 2001","202507~202707","신규","-","","","아파트"
"23394","대구광역시 달성군 논공읍 남리","224-116","0224","0116","경일(4,5,6,7,8)","월세","53.1300","202507","04","200","32","3","1988","논공로9길 39","202507~202708","신규","-","","","아파트"
"23395","대구광역시 달서구 진천동","15-1","0015","0001","월배역포스코더샵","전세","151.1772","202507","04","38,000","0","15","2006","월서로 51","202507~202707","갱신","-","40,000","0","아파트"
"23396","대구광역시 달성군 옥포읍 본리리","2590","2590","0000","미진이지비아","월세","59.9639","202507","04","1,000","47","21","2017","비슬로447길 56","202507~202707","신규","-","","","아파트"
"23397","대구광역시 달서구 본리동","1-3","0001","0003","죽전역태왕아너스","전세","84.9602","202507","04","28,000","0","29","2024","와룡로 111","202508~202707","갱신","사용","28,000","0","아파트"
"23398","대구광역시 달서구 본리동","1-3","0001","0003","죽전역태왕아너스","월세","84.9787","202507","04","3,000","90","6","2024","와룡로 111","202509~202709","신규","-","","","아파트"
"23399","대구광역시 달서구 월성동","364","0364","0000","월성보성1","월세","84.9900","202507","04","1,000","70","14","1991","학산로 30","202507~202707","신규","-","","","아파트"
"23400","대구광역시 달서구 대곡동","1126","1126","0000","수목원서한이다음","전세","101.8700","202507","04","25,000","0","8","2018","한실로6길 123","202510~202710","신규","-","","","아파트"
"23401","대구광역시 달서구 대곡동","1126","1126","0000","수목원서한이다음","전세","101.8700","202507","04","25,000","0","16","2018","한실로6길 123","202507~202707","신규","-","","","아파트"
"23402","대구광역시 달서구 감삼동","521","0521","0000","우방드림시티","전세","84.9328","202507","04","24,000","0","15","2003","장기로 242","202508~202708","신규","-","","","아파트"
"23403","대구광역시 달성군 현풍읍 원교리","103","0103","0000","주공달성현풍","월세","46.7400","202507","04","500","40","5","1985","비슬로120길 13","202507~202707","신규","-","","","아파트"
"23404","대구광역시 달서구 두류동","2363","2363","0000","두류센트레빌더파크","월세","78.3408","202507","04","2,000","100","11","2024","당산로36길 37","202508~202708","신규","-","","","아파트"
"23405","대구광역시 달서구 두류동","2346","2346","0000","두류센트레빌더시티","월세","74.8209","202507","04","2,000","100","12","2022","당산로36길 11","202510~202710","신규","-","","","아파트"
"23406","대구광역시 달서구 대천동","413","0413","0000","월배힐스테이트","월세","84.9872","202507","04","2,000","100","22","2008","조암남로 132","202507~202707","신규","-","","","아파트"
"23407","대구광역시 달성군 다사읍 매곡리","1575","1575","0000","다사역삼정그린코아더베스트","전세","84.8272","202507","04","25,000","0","11","2021","매곡로14길 8","202509~202709","신규","-","","","아파트"
"23408","대구광역시 달서구 상인동","42","0042","0000","보성은하","전세","84.9600","202507","04","20,000","0","9","1994","월곡로 320","202510~202710","신규","-","","","아파트"
"23409","대구광역시 달성군 화원읍 성산리","501","0501","0000","화원태왕타운","월세","84.8400","202507","04","1,000","55","12","1995","성화로4길 13","202507~202707","신규","-","","","아파트"
"23410","대구광역시 동구 서호동","7-15","0007","0015","효성노블시티","월세","84.5900","202507","04","1,000","80","7","2016","경안로109길 41","202508~202708","신규","-","","","아파트"
"23411","대구광역시 달서구 장기동","845","0845","0000","코오롱하늘채","전세","84.9438","202507","04","25,000","0","7","2019","용산로12길 77","202508~202708","신규","-","","","아파트"
"23412","대구광역시 수성구 노변동","353","0353","0000","수성월드메르디앙","전세","84.8075","202507","04","25,000","0","4","2007","노변로 55","202509~202709","신규","-","","","아파트"
"23413","대구광역시 달성군 유가읍 봉리","604","0604","0000","남해오네뜨2차","전세","69.2570","202507","04","13,000","0","9","2016","테크노대로5길 57","202507~202707","갱신","-","13,000","0","아파트"
"23414","대구광역시 달성군 구지면 응암리","1178","1178","0000","달성화성파크드림","전세","39.9595","202507","04","8,000","0","11","2011","과학마을로2길 6","202507~202707","신규","-","","","아파트"
"23415","대구광역시 달서구 월성동","1835","1835","0000","월배e-편한세상","전세","59.9694","202507","03","24,000","0","23","2014","월성로 132","202509~202709","신규","-","","","아파트"
"23416","대구광역시 달서구 상인동","1596","1596","0000","상인화성파크드림2단지","전세","134.0000","202507","03","32,000","0","20","2010","송현로7길 9","202507~202707","갱신","-","30,000","0","아파트"
"23417","대구광역시 달성군 현풍읍 대리","1176","1176","0000","국가산단서한이다음아파트","월세","84.8800","202507","03","6,121","24","25","2019","국가산단대로70길 41","202509~202709","갱신","-","6,019","23","아파트"
"23418","대구광역시 달성군 다사읍 죽곡리","152","0152","0000","강창태성그린시티","월세","59.8800","202507","03","3,000","40","18","1996","죽곡2길 6","202507~202707","신규","-","","","아파트"
"23419","대구광역시 달성군 옥포읍 교항리","2964","2964","0000","옥포대성베르힐4단지","전세","84.8561","202507","03","20,000","0","18","2016","돌미로 70","202508~202708","신규","-","","","아파트"
"23420","대구광역시 달성군 다사읍 세천리","1566-2","1566","0002","세천삼정그린코아더베스트아파트2단지","전세","75.5392","202507","03","17,000","0","6","2017","세천북로 20","202508~202708","신규","-","","","아파트"
"23421","대구광역시 달서구 감삼동","560-1","0560","0001","죽전역해링턴플레이스더원","전세","101.6900","202507","03","5,000","0","42","2023","와룡로31길 16","202509~202709","신규","-","","","아파트"
"23422","대구광역시 달서구 감삼동","560-1","0560","0001","죽전역해링턴플레이스더원","월세","101.6900","202507","03","5,000","125","42","2023","와룡로31길 16","202509~202709","신규","-","","","아파트"
"23423","대구광역시 달성군 유가읍 봉리","659","0659","0000","호반베르디움2차","전세","111.0137","202507","03","30,000","0","7","2016","테크노대로5길 80","202510~202710","신규","-","","","아파트"
"23424","대구광역시 달성군 화원읍 구라리","1687","1687","0000","화원삼우청솔","월세","42.8800","202507","03","1,000","40","10","1997","비슬로539길 17","202507~202707","신규","-","","","아파트"
"23425","대구광역시 달서구 감삼동","287-57","0287","0057","성당코오롱하늘채","월세","84.9982","202507","03","2,000","75","19","2007","장기로 160","202508~202707","신규","-","","","아파트"
"23426","대구광역시 달성군 다사읍 서재리","61","0061","0000","서재보성2","전세","59.9800","202507","03","9,000","0","15","1999","서재로30길 7","202508~202708","신규","-","","","아파트"
"23427","대구광역시 달서구 도원동","1442","1442","0000","별메마을","월세","59.7600","202507","03","1,000","47","17","1996","도원로 46","202509~202709","신규","-","","","아파트"
"23428","대구광역시 달성군 유가읍 봉리","659","0659","0000","호반베르디움2차","전세","111.0137","202507","03","30,000","0","7","2016","테크노대로5길 80","202510~202710","신규","-","","","아파트"
"23429","대구광역시 달성군 옥포읍 교항리","2964","2964","0000","옥포대성베르힐4단지","전세","84.8561","202507","03","20,000","0","18","2016","돌미로 70","202508~202708","신규","-","","","아파트"
"23430","대구광역시 달성군 구지면 창리","1447","1447","0000","모아미래도에듀퍼스트","월세","77.7752","202507","03","4,000","45","14","2021","국가산단대로70길 42","202508~202708","신규","-","","","아파트"
"23431","대구광역시 달성군 현풍읍 중리","487","0487","0000","대구테크노폴리스엘에이치천년나무1단지","월세","29.8000","202507","03","1,227","12","6","2016","테크노북로2길 10","202509~202708","갱신","사용","1,190","11","아파트"
"23432","대구광역시 달성군 다사읍 매곡리","719-3","0719","0003","강창한서꼼빠니아","월세","84.5800","202507","03","8,000","25","11","1996","달구벌대로 802-1","202507~202707","신규","-","","","아파트"
"23433","대구광역시 달서구 본리동","1222","1222","0000","더샵달서센트럴","월세","84.9700","202507","03","3,000","120","16","2020","당산로 17","202507~202707","신규","-","","","아파트"
"23434","대구광역시 달서구 상인동","1501","1501","0000","상인동화,태왕,한양타운","월세","59.9100","202507","03","1,000","50","14","1993","상인서로 94","202508~202704","신규","-","","","아파트"
"23435","대구광역시 달서구 본동","747","0747","0000","빌리브클라쎄","월세","84.9454","202507","03","2,000","105","15","2023","와룡로 41","202508~202603","갱신","-","2,000","95","아파트"
"23436","대구광역시 달서구 용산동","911","0911","0000","용산파크타운","월세","59.9200","202507","03","1,000","58","14","2000","용산로 259","202508~202708","신규","-","","","아파트"
"23437","대구광역시 달성군 다사읍 서재리","146-7","0146","0007","서재우방타운","월세","34.6200","202507","03","500","35","5","2002","서재로28길 39","202507~202607","신규","-","","","아파트"
"23438","대구광역시 달성군 다사읍 서재리","145","0145","0000","서재보성1","전세","59.9800","202507","03","8,000","0","16","1997","서재로30길 17","202507~202707","신규","-","","","아파트"
"23439","대구광역시 달성군 다사읍 서재리","61","0061","0000","서재보성2","전세","59.9800","202507","03","9,000","0","15","1999","서재로30길 7","202508~202708","신규","-","","","아파트"
"23440","대구광역시 달서구 본동","752","0752","0000","달서코아루더리브","전세","84.6624","202507","03","25,000","0","40","2023","와룡로 42","202508~202708","신규","-","","","아파트"
"23441","대구광역시 북구 사수동","837","0837","0000","대구금호엘에이치천년나무1단지","월세","36.9400","202507","03","3,160","8","14","2014","한강로 55","202510~202709","신규","-","","","아파트"
"23442","대구광역시 북구 태전동","1065-1","1065","0001","칠곡관음타운","월세","84.9600","202507","03","1,000","65","6","1995","영송로 63","202507~202707","신규","-","","","아파트"
"23443","대구광역시 수성구 황금동","891-1","0891","0001","힐스테이트황금역리저브1단지","월세","83.3299","202507","03","3,000","140","19","2024","청수로 127","202507~202707","신규","-","","","아파트"
"23444","대구광역시 북구 복현동","241-1","0241","0001","복현블루밍브라운스톤명문세가","월세","59.9500","202507","03","10,880","6","14","2011","복현로 50","202508~202708","갱신","-","10,363","5","아파트"
"23445","대구광역시 북구 복현동","241-1","0241","0001","복현블루밍브라운스톤명문세가","전세","85.0000","202507","03","15,760","0","3","2011","복현로 50","202507~202707","신규","-","","","아파트"
"23446","대구광역시 북구 복현동","539-106","0539","0106","복현보성타운","전세","134.9200","202507","03","24,000","0","8","1996","검단로 64","202509~202708","신규","-","","","아파트"
"23447","대구광역시 북구 복현동","539-106","0539","0106","복현보성타운","전세","134.9200","202507","03","24,000","0","8","1996","검단로 64","202509~202708","신규","-","","","아파트"
"23448","대구광역시 수성구 사월동","325","0325","0000","대구시지푸르지오","전세","90.2038","202507","03","30,500","0","3","2006","달구벌대로661길 7","202507~202607","갱신","-","35,000","0","아파트"
"23449","대구광역시 수성구 시지동","28","0028","0000","시지태왕아너스","월세","84.9234","202507","03","2,800","85","10","2007","천을로 91","202508~202708","신규","-","","","아파트"
"23450","대구광역시 수성구 시지동","498","0498","0000","고산노변타운","전세","59.7500","202507","03","14,000","0","1","1996","시지로 55","202507~202707","갱신","사용","14,000","0","아파트"
"23451","대구광역시 수성구 시지동","591","0591","0000","수성알파시티동화아이위시","전세","59.9431","202507","03","29,000","0","20","2019","알파시티2로 48","202507~202707","신규","-","","","아파트"
"23452","대구광역시 북구 침산동","286-1","0286","0001","옥석타운","월세","51.8700","202507","03","1,000","60","10","1996","침산남로31길 11","202507~202607","신규","-","","","아파트"
"23453","대구광역시 북구 침산동","341-3","0341","0003","선학맨션","전세","84.8200","202507","03","15,000","0","10","1992","성북로 50","202507~202707","신규","-","","","아파트"
"23454","대구광역시 수성구 만촌동","1500","1500","0000","힐스테이트만촌역","전세","136.6868","202507","03","73,000","0","2","2024","달구벌대로 2567","202509~202709","신규","-","","","아파트"
"23455","대구광역시 수성구 만촌동","1483","1483","0000","만촌삼정그린코아에듀파크","월세","84.9740","202507","03","20,000","135","11","2019","교학로 65","202509~202709","신규","-","","","아파트"
"23456","대구광역시 북구 사수동","789","0789","0000","브라운스톤강북","전세","59.9600","202507","03","15,000","0","9","2015","내곡로 89","202509~202709","신규","-","","","아파트"
"23457","대구광역시 북구 사수동","833","0833","0000","금호서한이다음","월세","74.9100","202507","03","13,502","15","4","2016","한강로 17","202507~202709","신규","-","","","아파트"
"23458","대구광역시 북구 사수동","789","0789","0000","브라운스톤강북","전세","84.9500","202507","03","13,197","0","3","2015","내곡로 89","202507~202709","신규","-","","","아파트"
"23459","대구광역시 북구 팔달동","145","0145","0000","대백인터빌","월세","39.4900","202507","03","1,000","40","2","2002","작원길 25","202507~202707","신규","-","","","아파트"
"23460","대구광역시 수성구 범물동","670","0670","0000","우방미진하이츠","월세","84.9000","202507","03","12,000","15","2","2000","지범로 290","202507~202707","신규","-","","","아파트"
"23461","대구광역시 수성구 범물동","670","0670","0000","우방미진하이츠","월세","84.9000","202507","03","12,000","15","2","2000","지범로 290","202507~202707","신규","-","","","아파트"
"23462","대구광역시 수성구 신매동","570","0570","0000","시지삼주한라협화","전세","59.8800","202507","03","13,000","0","7","1994","신매로 91","202509~202709","신규","-","","","아파트"
"23463","대구광역시 북구 국우동","1110","1110","0000","그린빌1차","전세","49.5700","202507","03","9,400","0","15","1999","구리로 250","202507~202707","신규","-","","","아파트"
"23464","대구광역시 수성구 지산동","1766","1766","0000","더샵수성라크에르","전세","59.8476","202507","03","25,000","0","11","2024","지산로3길 33","202508~202708","신규","-","","","아파트"
"23465","대구광역시 수성구 수성동4가","1090-6","1090","0006","수성보성","전세","59.9700","202507","03","20,000","0","18","1996","수성로 412","202507~202707","신규","-","","","아파트"
"23466","대구광역시 수성구 수성동4가","1090-6","1090","0006","수성보성","전세","49.2100","202507","03","18,000","0","7","1996","수성로 412","202510~202710","갱신","-","18,000","0","아파트"
"23467","대구광역시 수성구 수성동4가","1090-6","1090","0006","수성보성","월세","49.2100","202507","03","1,000","65","10","1996","수성로 412","202507~202707","신규","-","","","아파트"
"23468","대구광역시 수성구 범어동","371","0371","0000","궁전맨션","전세","84.9600","202507","03","22,000","0","3","1988","동대구로 274","202507~202610","신규","-","","","아파트"
"23469","대구광역시 수성구 범어동","2264","2264","0000","힐스테이트범어","월세","84.9218","202507","03","5,000","240","4","2020","범어로18길 22","202507~202707","신규","-","","","아파트"
"23470","대구광역시 수성구 범어동","2264","2264","0000","힐스테이트범어","전세","84.9218","202507","03","63,000","0","5","2020","범어로18길 22","202508~202708","신규","-","","","아파트"
"23471","대구광역시 수성구 범어동","2300","2300","0000","범어아이파크1차아파트","월세","84.9111","202507","03","3,000","180","11","2024","동대구로 230","202509~202709","신규","-","","","아파트"
"23472","대구광역시 북구 읍내동","1060","1060","0000","삼진목화","월세","61.7400","202507","03","5,000","18","7","1991","대천로9길 15","202507~202707","신규","-","","","아파트"
"23473","대구광역시 북구 읍내동","1343","1343","0000","대구읍내행복주택","월세","26.8800","202507","03","3,606","6","9","2021","칠곡중앙대로 434","202505~202707","갱신","-","2,506","13","아파트"
"23474","대구광역시 북구 읍내동","491","0491","0000","칠곡이편한세상","월세","84.7337","202507","03","2,000","90","6","2009","칠곡중앙대로 598","202508~202708","신규","-","","","아파트"
"23475","대구광역시 북구 국우동","1234","1234","0000","힐스테이트데시앙도남3단지","월세","72.8558","202507","03","2,000","95","19","2021","도남중앙로7길 7","202508~202708","신규","-","","","아파트"
"23476","대구광역시 북구 국우동","1079","1079","0000","부영1차","월세","81.1563","202507","03","4,000","75","16","2002","학정동로 7","202509~202709","신규","-","","","아파트"
"23477","대구광역시 서구 내당동","2346","2346","0000","e편한세상두류역","전세","59.9891","202507","03","25,000","0","25","2022","달구벌대로361길 41","202509~202709","신규","-","","","아파트"
"23478","대구광역시 중구 교동","8","0008","0000","노마즈하우스","월세","14.5980","202507","03","300","37","18","2014","공평로 105","202507~202601","신규","-","","","아파트"
"23479","대구광역시 중구 대신동","2106","2106","0000","대신센트럴자이","전세","84.9235","202507","03","32,000","0","32","2015","달구벌대로 1955","202507~202707","신규","-","","","아파트"
"23480","대구광역시 중구 상서동","17","0017","0000","중앙시티라이프","월세","20.3100","202507","03","300","38","7","1990","국채보상로 543","202507~202607","신규","-","","","아파트"
"23481","대구광역시 동구 신암동","364-8","0364","0008","오베이스","월세","59.9500","202507","03","1,000","60","8","2002","동북로 440","202508~202708","신규","-","","","아파트"
"23482","대구광역시 동구 방촌동","1152","1152","0000","방촌역세영리첼아파트","월세","84.9554","202507","03","10,000","65","5","2021","동촌로 260","202508~202708","신규","-","","","아파트"
"23483","대구광역시 동구 신기동","557","0557","0000","신기모란3차","월세","49.9800","202507","03","500","38","4","1988","율하동로20길 31","202507~202707","신규","-","","","아파트"
"23484","대구광역시 동구 각산동","1029","1029","0000","대구혁신도시서한이다음","월세","65.3060","202507","03","2,000","70","1","2015","이노밸리로29길 56","202507~202707","신규","-","","","아파트"
"23485","대구광역시 동구 신암동","373-1","0373","0001","진로2이스트","월세","84.9000","202507","03","2,000","60","7","1998","동북로 460","202508~202708","신규","-","","","아파트"
"23486","대구광역시 북구 칠성동2가","733","0733","0000","오페라삼정그린코아더베스트","전세","84.9746","202507","03","40,000","0","34","2017","침산로 100","202509~202709","신규","-","","","아파트"
"23487","대구광역시 북구 칠성동2가","715","0715","0000","대구역 서희스타힐스","전세","84.4900","202507","03","20,000","0","14","2012","칠성남로 101","202507~202707","갱신","-","20,000","0","아파트"
"23488","대구광역시 동구 동호동","362","0362","0000","상록아파트","전세","59.7200","202507","03","9,786","0","7","2004","동호로 47","202508~202708","갱신","-","13,160","0","아파트"
"23489","대구광역시 동구 동호동","362","0362","0000","상록아파트","전세","59.7200","202507","03","9,786","0","15","2004","동호로 47","202509~202709","갱신","-","13,160","0","아파트"
"23490","대구광역시 동구 동호동","362","0362","0000","상록아파트","전세","59.7200","202507","03","9,786","0","14","2004","동호로 47","202509~202709","갱신","-","13,160","0","아파트"
"23491","대구광역시 동구 동호동","362","0362","0000","상록아파트","전세","84.9800","202507","03","20,000","0","3","2004","동호로 47","202509~202709","신규","-","","","아파트"
"23492","대구광역시 동구 동호동","362","0362","0000","상록아파트","전세","59.7200","202507","03","9,786","0","7","2004","동호로 47","202509~202709","갱신","-","13,160","0","아파트"
"23493","대구광역시 동구 봉무동","1530","1530","0000","대구이시아폴리스더샵3차","월세","84.8500","202507","03","6,000","70","19","2013","팔공로51길 10","-","-","-","","","아파트"
"23494","대구광역시 동구 동호동","362","0362","0000","상록아파트","월세","59.7200","202507","03","1,957","24","13","2004","동호로 47","202508~202708","갱신","-","2,632","33","아파트"
"23495","대구광역시 중구 삼덕동2가","166","0166","0000","빌리브프리미어","전세","104.5014","202507","03","63,000","0","7","2023","공평로 6","-","-","-","","","아파트"
"23496","대구광역시 북구 칠성동2가","2-2","0002","0002","침산1차푸르지오(2-2)","전세","112.1100","202507","03","38,000","0","6","2005","침산로21길 23","202506~202706","갱신","사용","40,000","0","아파트"
"23497","대구광역시 중구 동인동1가","33-1","0033","0001","시티타운","월세","59.9100","202507","03","2,000","50","5","1997","국채보상로131길 55","202507~202707","신규","-","","","아파트"
"23498","대구광역시 중구 남산동","2466-1","2466","0001","보성황실타운","월세","59.9600","202507","03","1,000","65","2","1993","남산로13길 17","202507~202707","신규","-","","","아파트"
"23499","대구광역시 중구 남산동","3049","3049","0000","청라힐스자이","월세","84.8688","202507","03","3,000","120","17","2023","남산로 73","202308~202508","갱신","사용","3,000","120","아파트"
"23500","대구광역시 동구 신암동","373-1","0373","0001","진로2이스트","월세","84.9000","202507","03","2,000","60","7","1998","동북로 460","202508~202708","신규","-","","","아파트"
"23501","대구광역시 중구 동인동1가","420","0420","0000","힐스테이트동인더스카이","전세","84.9976","202507","03","27,000","0","34","2025","태평로 240","202508~202708","신규","-","","","아파트"
"23502","대구광역시 동구 신암동","1887","1887","0000","동대구해모로스퀘어이스트","월세","84.9402","202507","03","2,000","100","3","2024","동북로75길 13","202508~202708","신규","-","","","아파트"
"23503","대구광역시 서구 평리동","1703","1703","0000","서대구역반도유보라센텀","전세","59.6964","202507","03","23,000","0","12","2023","문화로 230","202508~202708","신규","-","","","아파트"
"23504","대구광역시 서구 내당동","202-1","0202","0001","내당시영","월세","55.3400","202507","03","500","40","3","1980","서대구로8길 15","202507~202707","신규","-","","","아파트"
"23505","대구광역시 서구 내당동","2346","2346","0000","e편한세상두류역","전세","59.9891","202507","03","25,000","0","25","2022","달구벌대로361길 41","202509~202709","신규","-","","","아파트"
"23506","대구광역시 동구 신서동","809-1","0809","0001","녹원","월세","69.5400","202507","02","500","37","3","1992","반야월북로 269","202508~202708","신규","-","","","아파트"
"23507","대구광역시 중구 동인동1가","409","0409","0000","힐스테이트동인센트럴","월세","84.6178","202507","02","2,000","100","6","2024","동덕로 181","202507~202707","신규","-","","","아파트"
"23508","대구광역시 동구 괴전동","125","0125","0000","안심역서원프레시빌","전세","49.5733","202507","02","14,000","0","12","2018","안심로 477","202507~202707","갱신","사용","14,000","0","아파트"
"23509","대구광역시 동구 용계동","492-1","0492","0001","용계역푸르지오아츠베르2단지","월세","59.9900","202507","02","2,000","80","4","2023","화랑로108길 46","202508~202604","신규","-","","","아파트"
"23510","대구광역시 동구 동호동","362","0362","0000","상록아파트","전세","59.7200","202507","02","9,786","0","11","2004","동호로 47","202508~202707","신규","-","","","아파트"
"23511","대구광역시 동구 효목동","337","0337","0000","태왕메트로시티","전세","59.8500","202507","02","13,000","0","8","2003","동북로 500","202507~202707","신규","-","","","아파트"
"23512","대구광역시 남구 대명동","3067","3067","0000","교대역하늘채뉴센트원","전세","84.6442","202507","02","30,000","0","7","2022","중앙대로 187","202509~202709","신규","-","","","아파트"
"23513","대구광역시 서구 평리동","1411-1","1411","0001","동서2차아파트","전세","60.6000","202507","02","8,800","0","4","1982","국채보상로42길 46","202507~202707","신규","-","","","아파트"
"23514","대구광역시 남구 봉덕동","1638","1638","0000","봉덕한라하우젠트퍼스트","전세","84.8569","202507","02","20,000","0","6","2018","봉덕로21길 53-16","202507~202707","신규","-","","","아파트"
"23515","대구광역시 남구 봉덕동","산89-3","0089","0003","미리내","월세","126.7800","202507","02","2,000","70","7","1983","효성로 13","202508~202708","신규","-","","","아파트"
"23516","대구광역시 중구 태평로3가","221-5","0221","0005","힐스테이트대구역퍼스트","월세","84.9979","202507","02","2,000","110","37","2025","태평로 100","202508~202708","신규","-","","","아파트"
"23517","대구광역시 동구 신암동","1860","1860","0000","동대구역화성파크드림","월세","84.9482","202507","02","3,000","100","7","2023","동대구로 590","202507~202707","갱신","-","23,000","0","아파트"
"23518","대구광역시 동구 신암동","1881","1881","0000","동대구더센트로데시앙","월세","84.9633","202507","02","2,000","120","22","2023","신암로20길 63","202507~202707","신규","-","","","아파트"
"23519","대구광역시 동구 신암동","1860","1860","0000","동대구역화성파크드림","월세","84.9276","202507","02","3,000","130","6","2023","동대구로 590","202508~202708","신규","-","","","아파트"
"23520","대구광역시 동구 신암동","1903","1903","0000","동대구역센텀화성파크드림","전세","84.9432","202507","02","32,000","0","7","2025","아양로 133","202508~202708","신규","-","","","아파트"
"23521","대구광역시 동구 각산동","1030","1030","0000","대구혁신도시서한이다음2차","전세","69.4546","202507","02","22,800","0","16","2015","이노밸리로29길 34","202507~202707","신규","-","","","아파트"
"23522","대구광역시 동구 신암동","1860","1860","0000","동대구역화성파크드림","전세","59.9936","202507","02","23,000","0","10","2023","동대구로 590","202507~202707","갱신","사용","23,000","0","아파트"
"23523","대구광역시 동구 신암동","20","0020","0000","동서1","월세","61.8200","202507","02","500","40","3","1984","아양로39길 16","202507~202707","신규","-","","","아파트"
"23524","대구광역시 동구 신암동","67","0067","0000","보성2차","월세","67.1900","202507","02","1,000","45","1","1988","아양로49길 77","202507~202707","신규","-","","","아파트"
"23525","대구광역시 중구 동인동3가","419","0419","0000","동인태왕아너스라플란드","월세","59.4918","202507","02","2,000","80","10","2023","국채보상로151길 55","202507~202707","신규","-","","","아파트"
"23526","대구광역시 중구 동인동3가","419","0419","0000","동인태왕아너스라플란드","월세","36.0661","202507","02","4,896","24","7","2023","국채보상로151길 55","202507~202708","신규","-","","","아파트"
"23527","대구광역시 동구 봉무동","1537","1537","0000","협성휴포레이시아폴리스","월세","84.9737","202507","02","3,000","100","11","2018","팔공로 260","202509~202709","신규","-","","","아파트"
"23528","대구광역시 중구 남산동","3020","3020","0000","남산롯데캐슬센트럴스카이","전세","59.8763","202507","02","28,350","0","29","2021","재마루길 77","202506~202706","갱신","사용","27,000","0","아파트"
"23529","대구광역시 동구 신천동","292-6","0292","0006","동대구유성푸르나임","월세","23.7400","202507","02","500","45","10","2014","동부로22길 48","202507~202607","신규","-","","","아파트"
"23530","대구광역시 동구 신천동","645-1","0645","0001","우방푸른타운","전세","84.2100","202507","02","16,500","0","5","1996","국채보상로159길 41","202509~202709","신규","-","","","아파트"
"23531","대구광역시 중구 대신동","2106","2106","0000","대신센트럴자이","전세","96.4815","202507","02","30,000","0","6","2015","달구벌대로 1955","202508~202708","신규","-","","","아파트"
"23532","대구광역시 달서구 용산동","414-4","0414","0004","성서6주공","전세","49.9500","202507","02","10,000","0","18","1998","성지로 35","202509~202708","신규","-","","","아파트"
"23533","대구광역시 달서구 신당동","1846","1846","0000","성서주공2","전세","42.9000","202507","02","8,000","0","3","1995","신당로 55","202508~202708","신규","-","","","아파트"
"23534","대구광역시 달성군 현풍읍 중리","480","0480","0000","대구테크노폴리스남해오네뜨1차","월세","59.9901","202507","02","1,000","60","2","2015","테크노북로4길 11","202507~202603","신규","-","","","아파트"
"23535","대구광역시 달서구 두류동","629-6","0629","0006","삼하","전세","42.4120","202507","02","5,000","0","3","1981","달구벌대로340길 30","202507~202707","신규","-","","","아파트"
"23536","대구광역시 달서구 진천동","15-1","0015","0001","월배역포스코더샵","월세","84.9624","202507","02","2,000","105","7","2006","월서로 51","202508~202708","신규","-","","","아파트"
"23537","대구광역시 달서구 유천동","612","0612","0000","대구월배2차아이파크","월세","59.7565","202507","02","2,000","95","24","2016","월배로5길 76","202507~202707","신규","-","","","아파트"
"23538","대구광역시 달성군 다사읍 매곡리","1575","1575","0000","다사역삼정그린코아더베스트","월세","59.8348","202507","02","2,000","80","21","2021","매곡로14길 8","202507~202607","신규","-","","","아파트"
"23539","대구광역시 달성군 화원읍 명곡리","112","0112","0000","명곡미래빌1","전세","84.3400","202507","02","16,000","0","1","2000","명곡로 11","202508~202708","신규","-","","","아파트"
"23540","대구광역시 달서구 감삼동","461","0461","0000","월드마크웨스트엔드","전세","175.5500","202507","02","52,500","0","16","2010","와룡로 169","202507~202707","신규","-","","","아파트"
"23541","대구광역시 달서구 월성동","1894","1894","0000","월성삼정그린코아에듀파크","월세","84.6758","202507","02","2,000","120","21","2022","월성로 100","202507~202707","갱신","-","2,000","120","아파트"
"23542","대구광역시 달서구 월성동","270","0270","0000","월성주공4단지","월세","41.3000","202507","02","400","30","12","1992","구마로14남길 55","202507~202707","신규","-","","","아파트"
"23543","대구광역시 달서구 월성동","270","0270","0000","월성주공4단지","월세","38.6400","202507","02","500","30","6","1992","구마로14남길 55","202508~202708","신규","-","","","아파트"
"23544","대구광역시 달서구 이곡동","1304-1","1304","0001","성서2동서화성","전세","59.9900","202507","02","14,500","0","8","1997","이곡공원로 33","202508~202708","신규","-","","","아파트"
"23545","대구광역시 달서구 성당동","839","0839","0000","성당래미안e-편한세상3단지","월세","84.8800","202507","02","2,000","79","19","2009","장기로 127","202507~202707","신규","-","","","아파트"
"23546","대구광역시 달서구 상인동","133","0133","0000","상인자이","전세","84.7250","202507","02","26,000","0","18","2007","상원로 142","202507~202801","신규","-","","","아파트"
"23547","대구광역시 달성군 다사읍 매곡리","1568","1568","0000","죽곡삼정그린코아더베스트","전세","74.8828","202507","02","24,000","0","26","2018","다사로 50","202507~202707","신규","-","","","아파트"
"23548","대구광역시 달성군 유가읍 봉리","604","0604","0000","남해오네뜨2차","전세","69.2570","202507","02","13,000","0","6","2016","테크노대로5길 57","202508~202708","신규","-","","","아파트"
"23549","대구광역시 달서구 본동","1207","1207","0000","빌리브라디체","월세","84.9905","202507","02","2,000","120","40","2025","구마로 100","202507~202707","신규","-","","","아파트"
"23550","대구광역시 수성구 노변동","742","0742","0000","수성알파시티청아람","전세","84.9520","202507","02","34,000","0","21","2021","알파시티2로 96","202508~202708","신규","-","","","아파트"
"23551","대구광역시 달성군 유가읍 봉리","622","0622","0000","힐데스하임아파트","전세","84.9809","202507","02","20,000","0","19","2015","테크노북로9길 42","202507~202707","신규","-","","","아파트"
"23552","대구광역시 달성군 구지면 응암리","1199","1199","0000","대구국가산단반도유보라아이비파크","월세","84.9598","202507","02","3,000","55","22","2017","과학마을로3길 14","202508~202708","신규","-","","","아파트"
"23553","대구광역시 달서구 성당동","208-2","0208","0002","성인","월세","30.6000","202507","02","300","30","1","1981","대명천로 16","202507~202607","신규","-","","","아파트"
"23554","대구광역시 달성군 구지면 응암리","1210","1210","0000","과학마을청아람","월세","59.8940","202507","02","500","65","14","2016","과학마을로 70","202507~202707","신규","-","","","아파트"
"23555","대구광역시 달서구 송현동","906","0906","0000","송현우방하이츠","월세","84.9300","202507","02","11,000","45","19","2002","학산남로 90","202507~202707","신규","-","","","아파트"
"23556","대구광역시 달서구 감삼동","337-14","0337","0014","클래식명가","월세","47.6068","202507","02","500","80","17","2021","장기로 206","202507~202607","신규","-","","","아파트"
"23557","대구광역시 달성군 구지면 응암리","1178","1178","0000","달성화성파크드림","월세","39.9595","202507","02","500","45","16","2011","과학마을로2길 6","202507~202707","신규","-","","","아파트"
"23558","대구광역시 달서구 장기동","845","0845","0000","코오롱하늘채","전세","84.9848","202507","02","30,000","0","9","2019","용산로12길 77","202508~202708","신규","-","","","아파트"
"23559","대구광역시 달서구 용산동","419-5","0419","0005","성서5주공","전세","59.9900","202507","02","12,500","0","10","1997","선원남로 181","202507~202707","신규","-","","","아파트"
"23560","대구광역시 북구 동변동","679","0679","0000","주공그린빌8","월세","46.2000","202507","02","1,000","50","7","2002","동변로 55","202508~202610","신규","-","","","아파트"
"23561","대구광역시 수성구 만촌동","816","0816","0000","만촌우방타운1단지","월세","59.7300","202507","02","6,000","27","1","1997","교학로11길 46","202508~202708","신규","-","","","아파트"
"23562","대구광역시 수성구 시지동","591","0591","0000","수성알파시티동화아이위시","전세","84.9478","202507","02","33,600","0","4","2019","알파시티2로 48","202507~202707","갱신","사용","32,000","0","아파트"
"23563","대구광역시 북구 고성동1가","265","0265","0000","힐스테이트대구역오페라","월세","84.8715","202507","02","1,000","110","33","2024","칠성남로 30","202507~202707","신규","-","","","아파트"
"23564","대구광역시 북구 복현동","694","0694","0000","복현푸르지오","월세","106.4079","202507","02","2,000","95","8","2013","동북로 345","202507~202707","신규","-","","","아파트"
"23565","대구광역시 수성구 매호동","750","0750","0000","매호효성백년가약","전세","117.5658","202507","02","28,000","0","17","2006","천을로23길 31","202509~202609","갱신","사용","33,000","0","아파트"
"23566","대구광역시 북구 국우동","1110-3","1110","0003","칠곡현대아파트","월세","77.0470","202507","02","1,000","63","18","2001","구리로 254","202508~202708","신규","-","","","아파트"
"23567","대구광역시 수성구 범어동","2291","2291","0000","수성범어W","월세","84.9974","202507","02","10,000","200","18","2023","달구벌대로 2436","202508~202708","신규","-","","","아파트"
"23568","대구광역시 수성구 범어동","2248","2248","0000","범어라온프라이빗","전세","84.9704","202507","02","38,000","0","5","2016","동대구로55길 11","202508~202708","신규","-","","","아파트"
"23569","대구광역시 수성구 범어동","614-100","0614","0100","범어청구푸른마을","월세","59.9900","202507","02","2,000","85","18","2000","동대구로 240","202507~202707","신규","-","","","아파트"
"23570","대구광역시 수성구 범어동","산103","0103","0000","장원맨션","월세","84.9800","202507","02","15,000","35","5","1988","청호로 370","202507~202707","갱신","-","15,000","50","아파트"
"23571","대구광역시 수성구 범어동","2248","2248","0000","범어라온프라이빗","월세","84.9704","202507","02","23,000","80","5","2016","동대구로55길 11","202508~202608","신규","-","","","아파트"
"23572","대구광역시 북구 복현동","198","0198","0000","장미","전세","69.2100","202507","02","9,450","0","4","1980","공항로 31","202508~202708","갱신","사용","9,000","0","아파트"
"23573","대구광역시 북구 복현동","241-1","0241","0001","복현블루밍브라운스톤명문세가","전세","76.0000","202507","02","15,080","0","7","2011","복현로 50","202508~202707","신규","-","","","아파트"
"23574","대구광역시 수성구 지산동","1200","1200","0000","목련","전세","42.6600","202507","02","5,000","0","2","1986","용학로42길 13","202508~202708","신규","-","","","아파트"
"23575","대구광역시 수성구 파동","153","0153","0000","대자연맨션1차","전세","79.8450","202507","02","8,000","0","5","1987","파동로 120","202508~202708","신규","-","","","아파트"
"23576","대구광역시 수성구 파동","53","0053","0000","수성못코오롱하늘채","전세","84.9520","202507","02","27,000","0","18","2013","파동로 222","202507~202603","신규","-","","","아파트"
"23577","대구광역시 북구 구암동","655-3","0655","0003","칠곡2동서타운","월세","39.8700","202507","02","500","36","7","1996","구암로32길 22","202507~202707","신규","-","","","아파트"
"23578","대구광역시 수성구 지산동","1766","1766","0000","더샵수성라크에르","전세","59.8476","202507","02","21,000","0","10","2024","지산로3길 33","202507~202707","갱신","사용","20,000","0","아파트"
"23579","대구광역시 수성구 만촌동","1500","1500","0000","힐스테이트만촌역","전세","136.6868","202507","02","75,000","0","7","2024","달구벌대로 2567","202509~202709","신규","-","","","아파트"
"23580","대구광역시 수성구 만촌동","1172-1","1172","0001","산장맨션","전세","84.7800","202507","02","18,800","0","4","1990","교학로 111","202508~202708","갱신","-","18,800","0","아파트"
"23581","대구광역시 북구 동천동","914","0914","0000","부영그린타운(2단지)","월세","59.8488","202507","02","1,000","68","10","2003","동천로24길 12","202507~202707","신규","-","","","아파트"
"23582","대구광역시 수성구 범물동","1397","1397","0000","수성하늘채르레브","전세","77.6522","202507","02","27,300","0","15","2020","지범로48길 21","202507~202707","갱신","사용","26,000","0","아파트"
"23583","대구광역시 수성구 지산동","1200","1200","0000","목련","전세","42.6600","202507","02","5,000","0","2","1986","용학로42길 13","202508~202707","신규","-","","","아파트"
"23584","대구광역시 수성구 지산동","1200","1200","0000","목련","전세","49.2300","202507","02","7,000","0","1","1986","용학로42길 13","202507~202707","신규","-","","","아파트"
"23585","대구광역시 수성구 황금동","365","0365","0000","캐슬골드파크1단지","월세","59.9800","202507","02","2,000","85","21","2006","청수로 213","202507~202707","신규","-","","","아파트"
"23586","대구광역시 북구 동천동","889","0889","0000","칠곡우방하이츠","월세","59.9600","202507","02","6,000","30","3","1999","구리로 26","202508~202708","신규","-","","","아파트"
"23587","대구광역시 수성구 매호동","1324","1324","0000","두레타운","월세","39.9000","202507","02","300","28","2","1995","천을로 131","202507~202607","신규","-","","","아파트"
"23588","대구광역시 북구 읍내동","1366-3","1366","0003","코스모스한양","월세","59.8200","202507","02","1,000","50","10","1993","구암로21길 6","202507~202902","신규","-","","","아파트"
"23589","대구광역시 북구 복현동","539-113","0539","0113","복현청구타운","전세","59.9700","202507","02","12,000","0","6","1996","검단로 34","202507~202707","신규","-","","","아파트"
"23590","대구광역시 북구 복현동","241-1","0241","0001","복현블루밍브라운스톤명문세가","전세","76.0000","202507","02","15,080","0","7","2011","복현로 50","202508~202707","신규","-","","","아파트"
"23591","대구광역시 수성구 수성동1가","93-1","0093","0001","태왕하이츠리버뷰","전세","84.9836","202507","02","29,000","0","12","2004","달구벌대로454길 9","202509~202709","신규","-","","","아파트"
"23592","대구광역시 수성구 수성동1가","93-1","0093","0001","태왕하이츠리버뷰","전세","84.9836","202507","02","29,000","0","12","2004","달구벌대로454길 9","202509~202709","신규","-","","","아파트"
"23593","대구광역시 수성구 수성동1가","73","0073","0000","삼우수성타운","월세","59.9700","202507","02","1,000","85","6","1997","달구벌대로456길 19","202508~202708","신규","-","","","아파트"
"23594","대구광역시 북구 팔달동","52","0052","0000","두산청구","월세","60.0000","202507","02","1,000","70","8","1999","매천로2길 19","202507~202706","신규","-","","","아파트"
"23595","대구광역시 수성구 만촌동","1500","1500","0000","힐스테이트만촌역","전세","136.6868","202507","02","75,000","0","7","2024","달구벌대로 2567","202509~202709","신규","-","","","아파트"
"23596","대구광역시 수성구 시지동","28","0028","0000","시지태왕아너스","전세","84.9234","202507","02","23,000","0","9","2007","천을로 91","202509~202709","신규","-","","","아파트"
"23597","대구광역시 수성구 만촌동","1500","1500","0000","힐스테이트만촌역","월세","84.8649","202507","01","5,000","190","4","2024","달구벌대로 2567","202508~202708","신규","-","","","아파트"
"23598","대구광역시 수성구 만촌동","1040-12","1040","0012","만촌역 서한포레스트","월세","84.9412","202507","01","5,000","150","8","2022","달구벌대로 2606","202510~202709","신규","-","","","아파트"
"23599","대구광역시 북구 침산동","105-1","0105","0001","코오롱하늘채2단지","월세","178.6726","202507","01","3,000","150","6","2006","중앙대로 591","202507~202707","신규","-","","","아파트"
"23600","대구광역시 북구 도남동","908","0908","0000","대구도남LH2단지","월세","46.2300","202507","01","3,085","30","7","2023","도남중앙로22길 10","202507~202706","갱신","-","2,723","26","아파트"
"23601","대구광역시 수성구 지산동","1270","1270","0000","청구타운","전세","134.7500","202507","01","30,000","0","17","1991","지산로 48","202508~202708","신규","-","","","아파트"
"23602","대구광역시 북구 침산동","227-1","0227","0001","한라스카이빌","전세","59.9034","202507","01","19,000","0","20","2002","침산로22길 5","202508~202708","신규","-","","","아파트"
"23603","대구광역시 북구 태전동","542-1","0542","0001","남영","전세","59.5600","202507","01","14,000","0","9","1998","칠곡중앙대로46길 15","202507~202706","갱신","-","17,000","0","아파트"
"23604","대구광역시 북구 관음동","1383-1","1383","0001","칠곡동화타운","월세","59.9037","202507","01","3,000","45","11","2000","칠곡중앙대로95길 12","202508~202708","신규","-","","","아파트"
"23605","대구광역시 북구 고성동1가","265","0265","0000","힐스테이트대구역오페라","월세","84.3571","202507","01","5,000","100","34","2024","칠성남로 30","202508~202707","신규","-","","","아파트"
"23606","대구광역시 북구 고성동1가","265","0265","0000","힐스테이트대구역오페라","월세","84.3571","202507","01","3,000","125","34","2024","칠성남로 30","202508~202707","신규","-","","","아파트"
"23607","대구광역시 북구 고성동1가","275","0275","0000","태왕THE아너스오페라","월세","121.8288","202507","01","5,000","140","20","2025","칠성남로 10","202508~202708","신규","-","","","아파트"
"23608","대구광역시 북구 구암동","789","0789","0000","부영5차","월세","59.8488","202507","01","1,000","60","2","2003","대천로 132","202508~202708","신규","-","","","아파트"
"23609","대구광역시 수성구 만촌동","1500","1500","0000","힐스테이트만촌역","월세","65.7254","202507","01","3,000","135","5","2024","달구벌대로 2567","202507~202707","신규","-","","","아파트"
"23610","대구광역시 북구 태전동","1186","1186","0000","협성휴포레강북","월세","84.9982","202507","01","15,000","40","7","2017","태암남로 60","202508~202708","신규","-","","","아파트"
"23611","대구광역시 수성구 범어동","2257","2257","0000","범어센트럴푸르지오","전세","84.9550","202507","01","45,000","0","7","2019","상록로 15","202507~202707","갱신","-","40,000","0","아파트"
"23612","대구광역시 수성구 만촌동","1040-12","1040","0012","만촌역 서한포레스트","전세","84.9412","202507","01","42,000","0","6","2022","달구벌대로 2606","202507~202707","신규","-","","","아파트"
"23613","대구광역시 북구 고성동3가","46","0046","0000","태평보성","월세","42.9000","202507","01","500","45","4","1981","옥산로 70","202507~202706","신규","-","","","아파트"
"23614","대구광역시 북구 구암동","695","0695","0000","칠곡한라타운2","전세","59.9400","202507","01","11,000","0","15","1995","구암로 170","202508~202708","신규","-","","","아파트"
"23615","대구광역시 수성구 범어동","177-1","0177","0001","범어서한포레스트","월세","84.9880","202507","01","5,000","150","39","2020","동대구로 346","202507~202707","신규","-","","","아파트"
"23616","대구광역시 수성구 범어동","2272","2272","0000","범어에일린의뜰","전세","102.4805","202507","01","68,000","0","5","2021","청솔로14길 15","202509~202708","신규","-","","","아파트"
"23617","대구광역시 수성구 매호동","1331","1331","0000","하나타운","월세","45.6900","202507","01","1,000","40","5","1995","고산로 123","202508~202708","신규","-","","","아파트"
"23618","대구광역시 수성구 신매동","570","0570","0000","시지삼주한라협화","월세","59.8800","202507","01","3,000","33","11","1994","신매로 91","202507~202706","갱신","-","3,000","33","아파트"
"23619","대구광역시 수성구 신매동","595","0595","0000","두성","전세","59.3700","202507","01","11,000","0","8","1994","고산로 30","202509~202709","신규","-","","","아파트"
"23620","대구광역시 북구 도남동","908","0908","0000","대구도남LH2단지","월세","37.4300","202507","01","1,887","22","14","2023","도남중앙로22길 10","202507~202706","갱신","-","1,832","21","아파트"
"23621","대구광역시 북구 도남동","908","0908","0000","대구도남LH2단지","월세","44.4000","202507","01","5,434","7","13","2023","도남중앙로22길 10","202507~202706","갱신","-","3,434","17","아파트"
"23622","대구광역시 수성구 지산동","1297-3","1297","0003","지산서한이다음아파트","월세","54.1200","202507","01","1,000","50","12","1991","용학로 313","202507~202607","신규","-","","","아파트"
"23623","대구광역시 북구 검단동","887-8","0887","0008","유성청구","월세","47.4900","202507","01","500","50","13","1992","검단로 115","202507~202707","갱신","사용","500","50","아파트"
"23624","대구광역시 수성구 범물동","1332","1332","0000","범물에덴,신화아파트","월세","83.4600","202507","01","2,000","80","7","1992","지범로40길 6","202509~202709","신규","-","","","아파트"
"23625","대구광역시 수성구 수성동3가","289","0289","0000","수성코오롱하늘채","전세","127.0598","202507","01","57,000","0","9","2009","들안로 300","202508~202708","신규","-","","","아파트"
"23626","대구광역시 수성구 지산동","1200","1200","0000","목련","월세","42.6600","202507","01","500","30","4","1986","용학로42길 13","202507~202707","신규","-","","","아파트"
"23627","대구광역시 북구 복현동","713","0713","0000","e편한세상복현","월세","74.9863","202507","01","1,000","125","13","2021","동북로 247","202507~202601","신규","-","","","아파트"
"23628","대구광역시 북구 동천동","914","0914","0000","부영그린타운(2단지)","월세","81.1718","202507","01","1,000","85","3","2003","동천로24길 12","202507~202707","신규","-","","","아파트"
"23629","대구광역시 수성구 사월동","500","0500","0000","시지대성유니드","전세","123.4542","202507","01","22,000","0","15","2007","달구벌대로669길 80","202508~202708","신규","-","","","아파트"
"23630","대구광역시 동구 지묘동","1337","1337","0000","대구연경아이파크","전세","104.0300","202507","01","28,000","0","16","2020","동화천로 369","202507~202902","신규","-","","","아파트"
"23631","대구광역시 남구 대명동","3062","3062","0000","앞산리슈빌앤리마크1단지","월세","84.9388","202507","01","5,000","80","1","2018","안지랑로 73","202508~202708","갱신","-","5,000","80","아파트"
"23632","대구광역시 남구 대명동","3072","3072","0000","대명역센트럴엘리프","전세","59.9788","202507","01","25,000","0","20","2022","대명로14길 60","202508~202708","신규","-","","","아파트"
"23633","대구광역시 동구 신서동","755","0755","0000","신서동롯데캐슬레전드","월세","84.9644","202507","01","1,000","75","20","2007","안심로73길 22","202507~202707","신규","-","","","아파트"
"23634","대구광역시 동구 지묘동","824","0824","0000","팔공보성타운3","월세","85.0000","202507","01","1,000","60","13","2001","파계로 71","202507~202707","신규","-","","","아파트"
"23635","대구광역시 동구 지묘동","327","0327","0000","팔공보성타운2","월세","59.8500","202507","01","1,000","55","17","1995","팔공로101길 55","202507~202707","신규","-","","","아파트"
"23636","대구광역시 동구 율하동","1621","1621","0000","율하휴먼시아10단지","월세","59.8800","202507","01","6,670","11","7","2010","율하동로8길 16","202508~202707","갱신","-","6,501","10","아파트"
"23637","대구광역시 남구 봉덕동","1650","1650","0000","앞산봉덕영무예다음","전세","84.8342","202507","01","30,000","0","16","2020","대봉로 12","202508~202708","신규","-","","","아파트"
"23638","대구광역시 남구 봉덕동","1329","1329","0000","앞산보성","월세","84.9600","202507","01","500","40","5","1984","삼정2길 99","202507~202706","신규","-","","","아파트"
"23639","대구광역시 동구 각산동","394","0394","0000","영도행복한마을","월세","59.9578","202507","01","700","45","5","2003","경안로 810","202507~202706","신규","-","","","아파트"
"23640","대구광역시 동구 각산동","1054","1054","0000","대구혁신엘에이치4단지","월세","59.7500","202507","01","2,000","63","7","2017","경안로 956","202508~202708","신규","-","","","아파트"
"23641","대구광역시 중구 동인동3가","419","0419","0000","동인태왕아너스라플란드","전세","29.8632","202507","01","9,500","0","2","2023","국채보상로151길 55","202507~202707","신규","-","","","아파트"
"23642","대구광역시 중구 남산동","3000","3000","0000","극동스타클래스남산","전세","78.4695","202507","01","23,000","0","3","2014","남산로 30","202507~202806","신규","-","","","아파트"
"23643","대구광역시 중구 남산동","3030","3030","0000","남산자이하늘채","전세","59.1983","202507","01","27,000","0","11","2022","명덕로 33","202508~202708","신규","-","","","아파트"
"23644","대구광역시 중구 남산동","2466-1","2466","0001","보성황실타운","전세","84.9850","202507","01","20,000","0","23","1993","남산로13길 17","202509~202708","신규","-","","","아파트"
"23645","대구광역시 동구 신천동","622","0622","0000","신천휴먼시아6단지","전세","59.9100","202507","01","18,000","0","2","2011","송라로11길 39","202510~202710","신규","-","","","아파트"
"23646","대구광역시 동구 신천동","622","0622","0000","신천휴먼시아6단지","전세","59.9100","202507","01","18,000","0","2","2011","송라로11길 39","202510~202710","신규","-","","","아파트"
"23647","대구광역시 동구 신천동","556-1","0556","0001","신천LH","전세","53.4600","202507","01","12,500","0","3","1989","동부로 1","202508~202708","갱신","-","15,000","0","아파트"
"23648","대구광역시 동구 신천동","622","0622","0000","신천휴먼시아6단지","전세","59.9100","202507","01","18,000","0","2","2011","송라로11길 39","202512~202712","신규","-","","","아파트"
"23649","대구광역시 동구 신천동","492","0492","0000","광명","전세","56.4200","202507","01","9,000","0","1","1980","화랑로11길 78","202507~202707","신규","-","","","아파트"
"23650","대구광역시 동구 괴전동","655","0655","0000","안심역삼정그린코아더베스트","월세","59.9698","202507","01","2,000","85","19","2021","반야월북로 355","202508~202708","신규","-","","","아파트"
"23651","대구광역시 동구 사복동","838","0838","0000","대구혁신엘에이치이노힐즈","전세","74.9900","202507","01","19,500","0","12","2015","메디밸리로 35","202511~202711","신규","-","","","아파트"
"23652","대구광역시 동구 동호동","362","0362","0000","상록아파트","월세","59.7200","202507","01","7,828","7","3","2004","동호로 47","202507~202707","신규","-","","","아파트"
"23653","대구광역시 동구 동호동","362","0362","0000","상록아파트","월세","59.7200","202507","01","7,828","7","4","2004","동호로 47","202507~202707","신규","-","","","아파트"
"23654","대구광역시 서구 내당동","340","0340","0000","광명","월세","52.2200","202507","01","500","35","1","1981","평리로 214","202509~202709","신규","-","","","아파트"
"23655","대구광역시 서구 내당동","463-5","0463","0005","광장타운1차","전세","72.4500","202507","01","16,500","0","2","1984","달구벌대로 1707","202507~202707","신규","-","","","아파트"
"23656","대구광역시 서구 내당동","308-11","0308","0011","삼익뉴타운","월세","46.2100","202507","01","500","35","2","1980","평리로 236","202507~202707","신규","-","","","아파트"
"23657","대구광역시 동구 불로동","1021","1021","0000","제림빌리지","월세","49.4700","202507","01","1,500","30","4","1995","해동로6길 37","202507~202707","신규","-","","","아파트"
"23658","대구광역시 동구 신암동","461-1","0461","0001","신암그린타운","월세","52.8146","202507","01","1,000","60","17","2003","신성로 30","202508~202708","신규","-","","","아파트"
"23659","대구광역시 동구 신암동","1860","1860","0000","동대구역화성파크드림","전세","84.9482","202507","01","28,350","0","11","2023","동대구로 590","202508~202708","갱신","사용","27,000","0","아파트"
"23660","대구광역시 동구 신암동","1887","1887","0000","동대구해모로스퀘어이스트","월세","84.9402","202507","01","2,000","105","7","2024","동북로75길 13","202509~202709","신규","-","","","아파트"
"23661","대구광역시 서구 평리동","632-9","0632","0009","서대구KTX영무예다음","전세","101.5321","202507","01","24,000","0","15","2023","당산로 446","202508~202708","신규","-","","","아파트"
"23662","대구광역시 서구 평리동","1703","1703","0000","서대구역반도유보라센텀","전세","46.7225","202507","01","15,500","0","14","2023","문화로 230","202509~202709","신규","-","","","아파트"
"23663","대구광역시 동구 신암동","1852","1852","0000","동대구해모로스퀘어웨스트","전세","84.9151","202507","01","23,000","0","4","2023","동북로 340","202508~202708","갱신","-","22,000","0","아파트"
"23664","대구광역시 중구 교동","8","0008","0000","노마즈하우스","월세","12.6520","202507","01","0","35","13","2014","공평로 105","202507~202607","신규","-","","","아파트"
"23665","대구광역시 북구 칠성동2가","302-197","0302","0197","대구역SD아이프라임","월세","84.5208","202507","01","5,000","70","12","2021","칠성남로30길 40","202507~202707","신규","-","","","아파트"
"23666","대구광역시 달서구 유천동","597","0597","0000","진천역AK그랑폴리스","전세","84.9663","202507","01","29,000","0","24","2013","월배로11길 33","202508~202708","신규","-","","","아파트"
"23667","대구광역시 달서구 장기동","845","0845","0000","코오롱하늘채","전세","84.9848","202507","01","26,250","0","13","2019","용산로12길 77","202507~202707","갱신","사용","25,000","0","아파트"
"23668","대구광역시 군위군 군위읍 서부리","494","0494","0000","서원","월세","59.6000","202507","01","1,000","45","2","1989","중앙6길 13-45","202507~202706","신규","-","","","아파트"
"23669","대구광역시 달성군 현풍읍 대리","1176","1176","0000","국가산단서한이다음아파트","월세","84.9500","202507","01","6,121","24","11","2019","국가산단대로70길 41","202509~202709","갱신","사용","6,019","23","아파트"
"23670","대구광역시 달서구 도원동","1457","1457","0000","산새마을","월세","59.7600","202507","01","1,000","38","3","1996","도원남로 40","202507~202707","신규","-","","","아파트"
"23671","대구광역시 달서구 감삼동","146-36","0146","0036","감삼그랜드뷰","월세","83.2714","202507","01","1,000","80","9","2003","감삼길 19","202508~202708","신규","-","","","아파트"
"23672","대구광역시 달성군 구지면 응암리","1252","1252","0000","대구국가산단ZOOM파크","월세","84.4828","202507","01","3,000","50","14","2020","국가산단대로64길 63","202507~202707","신규","-","","","아파트"
"23673","대구광역시 달성군 구지면 응암리","1199","1199","0000","대구국가산단반도유보라아이비파크","월세","75.1921","202507","01","8,000","20","3","2017","과학마을로3길 14","202508~202707","신규","-","","","아파트"
"23674","대구광역시 달성군 다사읍 매곡리","1568","1568","0000","죽곡삼정그린코아더베스트","월세","66.0524","202507","01","2,000","85","24","2018","다사로 50","202507~202702","신규","-","","","아파트"
"23675","대구광역시 달서구 진천동","72","0072","0000","월배역라온프라이빗","전세","80.9450","202507","01","26,000","0","6","2018","월배로33길 53","202508~202708","갱신","-","25,000","0","아파트"
"23676","대구광역시 달서구 진천동","561-5","0561","0005","진천이안","전세","84.9913","202507","01","20,000","0","22","2006","진천로18길 10","202507~202706","신규","-","","","아파트"
"23677","대구광역시 달성군 유가읍 봉리","602","0602","0000","대구테크노폴리스4단지","월세","59.9100","202507","01","8,200","18","15","2017","테크노상업로 111","202508~202707","갱신","-","3,000","43","아파트"
"23678","대구광역시 달성군 구지면 응암리","1252","1252","0000","대구국가산단ZOOM파크","전세","60.9157","202507","01","12,500","0","19","2020","국가산단대로64길 63","202509~202709","갱신","-","13,300","0","아파트"
"23679","대구광역시 달서구 호산동","350","0350","0000","삼성한국형","월세","59.9140","202507","01","1,000","45","18","1999","호산로 126","202507~202701","신규","-","","","아파트"
"23680","대구광역시 달성군 화원읍 설화리","1150","1150","0000","화원신일해피트리꿈의숲","전세","69.2948","202507","01","14,000","0","15","2022","명천로 383","202507~202707","신규","-","","","아파트"
"23681","대구광역시 달성군 구지면 응암리","1199","1199","0000","대구국가산단반도유보라아이비파크","월세","84.9598","202507","01","500","65","2","2017","과학마을로3길 14","202508~202708","신규","-","","","아파트"
"23682","대구광역시 달성군 구지면 응암리","1252","1252","0000","대구국가산단ZOOM파크","월세","84.3504","202507","01","1,000","60","9","2020","국가산단대로64길 63","202507~202707","신규","-","","","아파트"
"23683","대구광역시 달성군 옥포읍 교항리","2984","2984","0000","옥포지구서한이다음","월세","59.9900","202507","01","1,000","60","4","2020","돌미로6길 5","202508~202708","신규","-","","","아파트"
"23684","대구광역시 달서구 용산동","230-10","0230","0010","용산롯데캐슬","월세","84.7300","202507","01","1,000","108","23","2004","장산남로 33","202506~202606","갱신","-","2,000","108","아파트"
"23685","대구광역시 달서구 용산동","414-4","0414","0004","성서6주공","전세","49.9500","202507","01","10,000","0","18","1998","성지로 35","202509~202708","신규","-","","","아파트"
"23686","대구광역시 달성군 현풍읍 중리","487","0487","0000","대구테크노폴리스엘에이치천년나무1단지","월세","29.8000","202507","01","2,127","8","7","2016","테크노북로2길 10","202509~202708","갱신","사용","2,090","7","아파트"
"23687","대구광역시 달서구 두류동","2346","2346","0000","두류센트레빌더시티","전세","74.8209","202507","01","28,000","0","7","2022","당산로36길 11","202507~202611","신규","-","","","아파트"
"23688","대구광역시 달서구 대곡동","77","0077","0000","대곡청구","월세","116.9350","202507","01","500","40","20","1992","상화로8길 26","202507~202607","신규","-","","","아파트"
"23689","대구광역시 달서구 파호동","89","0089","0000","삼성명가타운","월세","59.9000","202507","01","1,000","63","11","2000","호산로 125","202507~202607","신규","-","","","아파트"
"23690","대구광역시 달성군 화원읍 천내리","118","0118","0000","화원창신맨션","월세","84.9900","202507","01","1,000","55","2","1990","화원로 36","202507~202707","신규","-","","","아파트"
"23691","대구광역시 달성군 옥포읍 교항리","2964","2964","0000","옥포대성베르힐4단지","전세","84.9591","202507","01","18,000","0","5","2016","돌미로 70","202509~202709","신규","-","","","아파트"
"23692","대구광역시 중구 대봉동","770","0770","0000","더샵리비테르1차","전세","59.8937","202507","01","25,000","0","18","2022","대봉로43길 21","202507~202707","신규","-","","","아파트"
"23693","대구광역시 달서구 월성동","1891","1891","0000","월성삼정그린코아카운티","전세","108.9953","202507","01","46,000","0","15","2022","월암로 8","202510~202709","신규","-","","","아파트"
"23694","대구광역시 달서구 월성동","1835","1835","0000","월배e-편한세상","전세","59.9694","202507","01","24,000","0","14","2014","월성로 132","202508~202708","갱신","-","20,000","0","아파트"
"23695","대구광역시 달서구 이곡동","1191","1191","0000","성서보성화성타운","전세","59.9500","202507","01","10,000","0","9","1994","계대동문로 99","202508~202708","갱신","-","1,000","50","아파트"
"23696","대구광역시 달서구 유천동","597","0597","0000","진천역AK그랑폴리스","전세","84.9663","202507","01","29,000","0","24","2013","월배로11길 33","202508~202708","신규","-","","","아파트"
"23697","대구광역시 달서구 본동","247","0247","0000","그린맨션2차","월세","58.4100","202507","01","1,000","50","8","1986","구마로36길 20","202506~202603","신규","-","","","아파트"
"23698","대구광역시 달성군 다사읍 죽곡리","876","0876","0000","협성휴포레 죽곡","전세","84.9613","202507","01","24,000","0","10","2018","달구벌대로174길 50","202507~202707","갱신","-","23,000","0","아파트"
