"NO","시군구","번지","본번","부번","단지명","전월세구분","전용면적(㎡)","계약년월","계약일","보증금(만원)","월세금(만원)","층","건축년도","도로명","계약기간","계약구분","갱신요구권 사용","종전계약 보증금(만원)","종전계약 월세(만원)","주택유형"
"23699","대구광역시 달성군 옥포읍 강림리","1099","1099","0000","LH허브시티","월세","59.9900","202506","30","1,000","55","4","2015","비슬로 1941","202507~202707","신규","-","","","아파트"
"23700","대구광역시 달서구 두류동","486-2","0486","0002","삼정그린빌","월세","59.9264","202506","30","1,000","67","22","2002","야외음악당로39길 54","202508~202708","신규","-","","","아파트"
"23701","대구광역시 달성군 구지면 창리","1354","1354","0000","대구국가산단영무예다음","월세","67.9413","202506","30","1,000","50","1","2020","국가산단서로84길 118","202507~202607","신규","-","","","아파트"
"23702","대구광역시 달성군 구지면 창리","1354","1354","0000","대구국가산단영무예다음","월세","84.9966","202506","30","1,000","65","15","2020","국가산단서로84길 118","202507~202706","신규","-","","","아파트"
"23703","대구광역시 달서구 상인동","1520","1520","0000","청구","전세","59.7600","202506","30","12,000","0","11","1993","상인로 105","202507~202707","신규","-","","","아파트"
"23704","대구광역시 달서구 상인동","1587","1587","0000","시영은행","월세","59.9600","202506","30","1,000","45","3","1993","월곡로 112","202507~202707","신규","-","","","아파트"
"23705","대구광역시 달성군 다사읍 세천리","1587","1587","0000","현대썬앤빌대구","전세","65.2584","202506","30","16,500","0","12","2017","세천로 182-10","202508~202708","신규","-","","","아파트"
"23706","대구광역시 달서구 용산동","414-4","0414","0004","성서6주공","월세","49.9500","202506","30","1,000","42","3","1998","성지로 35","202507~202707","신규","-","","","아파트"
"23707","대구광역시 달성군 다사읍 서재리","1118","1118","0000","에코폴리스 동화아이위시","월세","59.9943","202506","30","2,000","80","23","2015","서재로12길 38","202507~202605","신규","-","","","아파트"
"23708","대구광역시 달서구 신당동","1846","1846","0000","성서주공2","월세","49.4400","202506","30","500","45","10","1995","신당로 55","202507~202707","신규","-","","","아파트"
"23709","대구광역시 달서구 신당동","1846","1846","0000","성서주공2","월세","49.4400","202506","30","500","45","13","1995","신당로 55","202507~202707","신규","-","","","아파트"
"23710","대구광역시 달서구 대곡동","1126","1126","0000","수목원서한이다음","월세","101.8700","202506","30","2,000","120","7","2018","한실로6길 123","202508~202708","신규","-","","","아파트"
"23711","대구광역시 달서구 월성동","1894","1894","0000","월성삼정그린코아에듀파크","전세","84.6758","202506","30","31,000","0","4","2022","월성로 100","202507~202707","갱신","사용","30,000","0","아파트"
"23712","대구광역시 달서구 월성동","120","0120","0000","월성푸르지오","월세","101.8646","202506","30","2,800","120","21","2008","조암로6길 20","202506~202706","신규","-","","","아파트"
"23713","대구광역시 달서구 월성동","1835","1835","0000","월배e-편한세상","전세","59.9694","202506","30","23,500","0","28","2014","월성로 132","202509~202709","갱신","사용","22,800","0","아파트"
"23714","대구광역시 달서구 월성동","364","0364","0000","월성보성1","월세","84.9900","202506","30","1,000","70","12","1991","학산로 30","202508~202708","신규","-","","","아파트"
"23715","대구광역시 달서구 이곡동","1189-2","1189","0002","성서동서서한","월세","49.2600","202506","30","1,000","55","9","1994","선원로 100","202507~202707","신규","-","","","아파트"
"23716","대구광역시 달서구 이곡동","1189-2","1189","0002","성서동서서한","전세","56.3450","202506","30","10,500","0","9","1994","선원로 100","202507~202707","신규","-","","","아파트"
"23717","대구광역시 달서구 본동","1207","1207","0000","빌리브라디체","월세","84.9909","202506","30","2,000","120","46","2025","구마로 100","202507~202707","신규","-","","","아파트"
"23718","대구광역시 달서구 본동","276","0276","0000","그린맨션3차","전세","84.9900","202506","30","18,500","0","4","1988","구마로36길 33","202506~202706","신규","-","","","아파트"
"23719","대구광역시 달서구 상인동","1592","1592","0000","시영장미4","월세","49.8000","202506","30","500","45","11","1993","상화로 380","202507~202707","신규","-","","","아파트"
"23720","대구광역시 달서구 상인동","1596","1596","0000","상인화성파크드림1단지","월세","84.9800","202506","30","2,000","100","20","2010","송현로7길 10","202506~202606","신규","-","","","아파트"
"23721","대구광역시 달서구 상인동","1474","1474","0000","한양은하","전세","66.1600","202506","30","8,500","0","3","1989","상화북로 137","202507~202707","신규","-","","","아파트"
"23722","대구광역시 달서구 도원동","1464","1464","0000","서한이다음레이크뷰","전세","84.9213","202506","30","31,000","0","6","2015","상화로58길 35","202506~202706","갱신","-","35,000","0","아파트"
"23723","대구광역시 달서구 도원동","1442","1442","0000","별메마을","전세","59.7600","202506","30","10,000","0","16","1996","도원로 46","202507~202706","갱신","-","12,000","0","아파트"
"23724","대구광역시 달성군 화원읍 천내리","138-1","0138","0001","태왕리더스","전세","84.9476","202506","30","20,000","0","5","2005","화원로3길 66","202508~202708","신규","-","","","아파트"
"23725","대구광역시 달성군 화원읍 천내리","138-1","0138","0001","태왕리더스","전세","84.9476","202506","30","20,000","0","5","2005","화원로3길 66","202508~202708","신규","-","","","아파트"
"23726","대구광역시 달성군 화원읍 천내리","138-1","0138","0001","태왕리더스","전세","84.9476","202506","30","20,000","0","5","2005","화원로3길 66","202508~202708","신규","-","","","아파트"
"23727","대구광역시 달성군 화원읍 천내리","119","0119","0000","화원에덴타운","월세","84.7800","202506","30","1,000","42","1","1992","비슬로525길 48","202507~202606","신규","-","","","아파트"
"23728","대구광역시 달성군 구지면 응암리","1210","1210","0000","과학마을청아람","전세","59.8940","202506","30","10,000","0","9","2016","과학마을로 70","202507~202707","신규","-","","","아파트"
"23729","대구광역시 달성군 구지면 응암리","1210","1210","0000","과학마을청아람","월세","39.9160","202506","30","500","55","8","2016","과학마을로 70","202507~202606","신규","-","","","아파트"
"23730","대구광역시 달서구 본리동","210-1","0210","0001","성당우방","전세","84.9700","202506","30","11,000","0","2","1985","구마로 171","202507~202707","신규","-","","","아파트"
"23731","대구광역시 달서구 본리동","306-1","0306","0001","아카시아","월세","84.9950","202506","30","1,000","50","4","1987","대명천로 153","202507~202509","신규","-","","","아파트"
"23732","대구광역시 달서구 진천동","478-1","0478","0001","제림하나로","전세","59.9700","202506","30","11,000","0","19","1995","상화로21길 55","202508~202708","신규","-","","","아파트"
"23733","대구광역시 달서구 진천동","478-1","0478","0001","제림하나로","전세","59.9700","202506","30","11,000","0","19","1995","상화로21길 55","202508~202708","신규","-","","","아파트"
"23734","대구광역시 달성군 다사읍 세천리","1587","1587","0000","현대썬앤빌대구","전세","65.2584","202506","30","16,500","0","12","2017","세천로 182-10","202508~202708","신규","-","","","아파트"
"23735","대구광역시 달성군 유가읍 봉리","604","0604","0000","남해오네뜨2차","월세","69.3379","202506","30","1,000","75","12","2016","테크노대로5길 57","202508~202708","신규","-","","","아파트"
"23736","대구광역시 달서구 진천동","602","0602","0000","진천역계룡리슈빌","전세","124.5892","202506","30","33,000","0","20","2011","진천로 77","202506~202706","신규","-","","","아파트"
"23737","대구광역시 달서구 호산동","350","0350","0000","삼성한국형","월세","59.9140","202506","30","500","60","11","1999","호산로 126","202507~202707","신규","-","","","아파트"
"23738","대구광역시 달성군 구지면 응암리","1252","1252","0000","대구국가산단ZOOM파크","전세","84.3504","202506","30","20,000","0","12","2020","국가산단대로64길 63","202508~202509","갱신","-","20,000","0","아파트"
"23739","대구광역시 달성군 논공읍 북리","803-4","0803","0004","논공성원아파트","월세","59.3400","202506","30","200","45","21","1996","논공로23길 14","202507~202607","신규","-","","","아파트"
"23740","대구광역시 달성군 논공읍 남리","224","0224","0000","논공삼주","월세","45.4200","202506","30","200","35","3","1990","논공로7길 55","202507~202607","신규","-","","","아파트"
"23741","대구광역시 달서구 대천동","497-2","0497","0002","월배태영데시앙","월세","125.8647","202506","30","2,000","115","2","2009","조암남로 123","202506~202706","갱신","-","2,000","110","아파트"
"23742","대구광역시 북구 복현동","241-1","0241","0001","복현블루밍브라운스톤명문세가","전세","85.0000","202506","30","15,760","0","2","2011","복현로 50","202509~202709","갱신","-","16,438","13","아파트"
"23743","대구광역시 북구 복현동","241-1","0241","0001","복현블루밍브라운스톤명문세가","전세","85.0000","202506","30","19,000","0","5","2011","복현로 71","202507~202707","신규","-","","","아파트"
"23744","대구광역시 수성구 지산동","1270-1","1270","0001","보성맨션","월세","84.9900","202506","30","2,000","85","11","1991","지범로22길 10","202509~202709","신규","-","","","아파트"
"23745","대구광역시 수성구 지산동","1234-1","1234","0001","지산2단지","월세","59.5600","202506","30","1,000","50","1","1991","지산로 5","202507~202707","신규","-","","","아파트"
"23746","대구광역시 수성구 지산동","1269-1","1269","0001","서한청산맨션","월세","84.9000","202506","30","12,000","25","8","1991","지범로21길 15","202508~202708","신규","-","","","아파트"
"23747","대구광역시 수성구 만촌동","1172-1","1172","0001","산장맨션","월세","84.7800","202506","30","3,000","50","7","1990","교학로 111","202506~202906","신규","-","","","아파트"
"23748","대구광역시 수성구 매호동","1331","1331","0000","하나타운","월세","49.9200","202506","30","1,000","48","9","1995","고산로 123","202507~202707","신규","-","","","아파트"
"23749","대구광역시 수성구 만촌동","860","0860","0000","우방금탑","월세","67.1500","202506","30","1,000","50","12","1986","교학로 3","202506~202606","신규","-","","","아파트"
"23750","대구광역시 수성구 파동","486-1","0486","0001","화성파크뷰","전세","84.9848","202506","30","23,600","0","13","2004","파동로 19","202506~202706","갱신","-","24,000","0","아파트"
"23751","대구광역시 수성구 매호동","1075-1","1075","0001","태왕하이츠2","전세","84.9886","202506","30","9,000","0","14","2001","천을로 170","202508~202708","신규","-","","","아파트"
"23752","대구광역시 수성구 범물동","1281","1281","0000","청구타운","월세","84.9300","202506","30","2,000","73","7","1992","지범로39길 12","202508~202708","신규","-","","","아파트"
"23753","대구광역시 수성구 범물동","697-1","0697","0001","보성송정타운","전세","84.9900","202506","30","16,000","0","19","1995","지범로46길 43","202507~202707","갱신","사용","16,000","0","아파트"
"23754","대구광역시 수성구 매호동","1075-1","1075","0001","태왕하이츠2","전세","84.9886","202506","30","9,000","0","14","2001","천을로 170","202508~202708","신규","-","","","아파트"
"23755","대구광역시 북구 동변동","679","0679","0000","주공그린빌8","전세","59.8300","202506","30","12,000","0","5","2002","동변로 55","202508~202708","신규","-","","","아파트"
"23756","대구광역시 수성구 범어동","375-3","0375","0003","보성","월세","52.4575","202506","30","500","43","4","1982","달구벌대로488길 42","202506~202706","갱신","사용","500","50","아파트"
"23757","대구광역시 수성구 범어동","2280","2280","0000","빌리브범어120","전세","76.9720","202506","30","40,000","0","7","2022","범어로20길 120","202506~202706","갱신","사용","40,000","0","아파트"
"23758","대구광역시 북구 도남동","908","0908","0000","대구도남LH2단지","월세","46.2300","202506","30","3,904","22","9","2023","도남중앙로22길 10","-","-","-","","","아파트"
"23759","대구광역시 북구 도남동","908","0908","0000","대구도남LH2단지","월세","46.2300","202506","30","904","31","20","2023","도남중앙로22길 10","202507~202706","갱신","-","2,723","26","아파트"
"23760","대구광역시 북구 도남동","908","0908","0000","대구도남LH2단지","월세","29.0400","202506","30","2,698","7","4","2023","도남중앙로22길 10","202507~202706","갱신","-","969","15","아파트"
"23761","대구광역시 북구 도남동","908","0908","0000","대구도남LH2단지","월세","29.0400","202506","30","498","16","4","2023","도남중앙로22길 10","202507~202706","갱신","-","969","15","아파트"
"23762","대구광역시 수성구 범어동","177-3","0177","0003","마크팰리스범어","전세","42.6363","202506","30","14,500","0","15","2017","동대구로 336","202508~202708","신규","-","","","아파트"
"23763","대구광역시 수성구 범어동","614-100","0614","0100","범어청구푸른마을","월세","59.9900","202506","30","2,000","75","5","2000","동대구로 240","202508~202708","신규","-","","","아파트"
"23764","대구광역시 수성구 범어동","2272","2272","0000","범어에일린의뜰","전세","84.9603","202506","30","45,000","0","1","2021","청솔로14길 15","202507~202707","갱신","-","45,000","0","아파트"
"23765","대구광역시 수성구 범어동","2280","2280","0000","빌리브범어120","월세","134.6302","202506","30","8,000","350","13","2022","범어로20길 120","202508~202708","신규","-","","","아파트"
"23766","대구광역시 수성구 범어동","2240","2240","0000","e편한세상범어","전세","84.9557","202506","30","38,000","0","2","2015","들안로78길 45","202506~202706","신규","-","","","아파트"
"23767","대구광역시 수성구 범어동","2264","2264","0000","힐스테이트범어","전세","84.9218","202506","30","65,000","0","3","2020","범어로18길 22","202507~202712","갱신","-","60,000","0","아파트"
"23768","대구광역시 수성구 범어동","179","0179","0000","두산위브더제니스","전세","137.0619","202506","30","75,000","0","7","2009","달구벌대로 2435","202507~202707","신규","-","","","아파트"
"23769","대구광역시 수성구 중동","657","0657","0000","수성뷰웰리버파크","월세","84.7772","202506","30","3,000","126","10","2023","수성로41길 41","202507~202707","갱신","사용","3,000","120","아파트"
"23770","대구광역시 북구 국우동","1079","1079","0000","부영1차","월세","60.2153","202506","30","1,000","55","3","2002","학정동로 7","202508~202708","신규","-","","","아파트"
"23771","대구광역시 북구 국우동","1110-3","1110","0003","칠곡현대아파트","전세","84.9390","202506","30","15,000","0","16","1999","구리로 254","202508~202708","신규","-","","","아파트"
"23772","대구광역시 수성구 신매동","570","0570","0000","시지삼주한라협화","월세","84.8400","202506","30","0","30","6","1994","신매로 91","202506~204106","신규","-","","","아파트"
"23773","대구광역시 수성구 시지동","349","0349","0000","청구전원타운","전세","73.0200","202506","30","13,000","0","3","1990","시지로 45","202507~202707","신규","-","","","아파트"
"23774","대구광역시 수성구 수성동4가","1090-1","1090","0001","수성우방팔레스","월세","83.2696","202506","30","1,000","100","15","2002","수성로 400","202507~202707","신규","-","","","아파트"
"23775","대구광역시 수성구 황금동","986","0986","0000","힐스테이트황금엘포레","월세","75.8632","202506","30","3,200","140","11","2022","청솔로 16","202508~202508","신규","-","","","아파트"
"23776","대구광역시 수성구 황금동","254-1","0254","0001","신천지하이츠","월세","84.9400","202506","30","2,000","70","12","1992","청호로 229","202508~202708","신규","-","","","아파트"
"23777","대구광역시 수성구 황금동","365","0365","0000","캐슬골드파크5단지","전세","157.0600","202506","30","45,000","0","1","2006","청수로 214","202506~202706","갱신","사용","43,000","0","아파트"
"23778","대구광역시 북구 동천동","914","0914","0000","부영그린타운(2단지)","월세","59.8488","202506","30","1,000","70","1","2003","동천로24길 12","202507~202707","신규","-","","","아파트"
"23779","대구광역시 북구 복현동","160-7","0160","0007","복현서한2","월세","59.7500","202506","30","1,000","55","5","1998","공항로15길 8","202507~202707","신규","-","","","아파트"
"23780","대구광역시 동구 지묘동","215","0215","0000","팔공보성1차","전세","59.8500","202506","30","11,000","0","3","1994","팔공로 489","202506~202706","갱신","-","12,000","0","아파트"
"23781","대구광역시 서구 내당동","463-8","0463","0008","광장타운2차","전세","127.4000","202506","30","17,000","0","6","1987","달구벌대로337길 8","202508~202708","신규","-","","","아파트"
"23782","대구광역시 동구 효목동","337","0337","0000","태왕메트로시티","전세","59.8500","202506","30","14,000","0","13","2003","동북로 500","202507~202707","신규","-","","","아파트"
"23783","대구광역시 동구 용계동","422","0422","0000","백자","전세","70.7750","202506","30","10,000","0","3","1989","동촌로 346","202507~202707","신규","-","","","아파트"
"23784","대구광역시 동구 율암동","1295","1295","0000","대구안심뉴타운시티프라디움","전세","84.9833","202506","30","27,000","0","11","2022","안심뉴타운7로 31","202509~202709","신규","-","","","아파트"
"23785","대구광역시 중구 동인동1가","420","0420","0000","힐스테이트동인더스카이","월세","84.9389","202506","30","1,000","145","42","2025","태평로 240","202507~202607","신규","-","","","아파트"
"23786","대구광역시 동구 신기동","594","0594","0000","안심주공3단지","월세","30.4800","202506","30","303","6","6","1994","율하동로 76","202507~202706","신규","-","","","아파트"
"23787","대구광역시 동구 신기동","557","0557","0000","신기모란3차","전세","49.9800","202506","30","9,000","0","3","1988","율하동로20길 31","202507~202707","신규","-","","","아파트"
"23788","대구광역시 동구 방촌동","1152","1152","0000","방촌역세영리첼아파트","전세","84.9737","202506","30","30,000","0","1","2021","동촌로 260","202508~202708","신규","-","","","아파트"
"23789","대구광역시 동구 동호동","362","0362","0000","상록아파트","전세","59.7200","202506","30","9,786","0","7","2004","동호로 47","202507~202707","신규","-","","","아파트"
"23790","대구광역시 동구 동호동","362","0362","0000","상록아파트","전세","59.7200","202506","30","9,786","0","15","2004","동호로 47","202507~202707","신규","-","","","아파트"
"23791","대구광역시 동구 동호동","362","0362","0000","상록아파트","전세","59.7200","202506","30","9,786","0","7","2004","동호로 47","202507~202707","신규","-","","","아파트"
"23792","대구광역시 동구 괴전동","125","0125","0000","안심역서원프레시빌","월세","49.5733","202506","30","1,000","70","9","2018","안심로 477","202507~202607","신규","-","","","아파트"
"23793","대구광역시 동구 괴전동","655","0655","0000","안심역삼정그린코아더베스트","전세","59.9538","202506","30","21,000","0","4","2021","반야월북로 355","202508~202708","신규","-","","","아파트"
"23794","대구광역시 중구 태평로1가","11","0011","0000","대구역한라하우젠트센트로","월세","84.9446","202506","30","2,000","120","29","2024","태평로 190","202507~202707","신규","-","","","아파트"
"23795","대구광역시 중구 태평로1가","1-187","0001","0187","태평라이프","월세","54.6000","202506","30","800","25","8","1985","태평로 177","202507~202607","신규","-","","","아파트"
"23796","대구광역시 동구 신서동","538-2","0538","0002","대경넥스빌","전세","84.9900","202506","30","16,000","0","6","2003","안심로 400","202507~202707","신규","-","","","아파트"
"23797","대구광역시 서구 평리동","632-9","0632","0009","서대구KTX영무예다음","월세","84.5785","202506","30","2,000","86","20","2023","당산로 446","202506~202706","갱신","사용","2,000","80","아파트"
"23798","대구광역시 동구 신천동","645-1","0645","0001","우방푸른타운","월세","114.8100","202506","30","2,000","75","9","1996","국채보상로159길 41","202507~202707","신규","-","","","아파트"
"23799","대구광역시 동구 신천동","538-15","0538","0015","신천역까사밀라102동","월세","23.3700","202506","30","500","40","13","2015","동부로 33","202507~202607","신규","-","","","아파트"
"23800","대구광역시 중구 남산동","3049","3049","0000","청라힐스자이","월세","84.9892","202506","30","2,000","140","22","2023","남산로 73","202507~202707","신규","-","","","아파트"
"23801","대구광역시 중구 남산동","3020","3020","0000","남산롯데캐슬센트럴스카이","월세","59.8763","202506","30","2,000","110","17","2021","재마루길 77","202509~202709","신규","-","","","아파트"
"23802","대구광역시 중구 남산동","3020","3020","0000","남산롯데캐슬센트럴스카이","월세","59.8763","202506","30","2,000","110","17","2021","재마루길 77","202509~202709","신규","-","","","아파트"
"23803","대구광역시 남구 봉덕동","1329-2","1329","0002","대덕1차","전세","84.8700","202506","30","15,000","0","15","1990","앞산순환로 657","202506~202706","갱신","사용","18,000","0","아파트"
"23804","대구광역시 남구 봉덕동","1329","1329","0000","앞산보성","월세","49.9500","202506","30","500","40","2","1984","삼정2길 99","202508~202708","신규","-","","","아파트"
"23805","대구광역시 서구 평리동","1711","1711","0000","서대구역화성파크드림","전세","84.9735","202506","30","28,000","0","16","2023","서대구로29길 30","202507~202707","신규","-","","","아파트"
"23806","대구광역시 남구 봉덕동","985-17","0985","0017","대성맨션","월세","99.0200","202506","30","1,000","60","4","1980","봉덕로6길 16","202507~202607","신규","-","","","아파트"
"23807","대구광역시 남구 대명동","3044-8","3044","0008","비취맨션","월세","84.7875","202506","30","1,500","50","1","1983","두류공원로 88","202506~202706","신규","-","","","아파트"
"23808","대구광역시 중구 대신동","305-1","0305","0001","태왕아너스스카이","전세","75.9791","202506","30","26,000","0","17","2006","달구벌대로 1975","202507~202707","신규","-","","","아파트"
"23809","대구광역시 동구 율하동","1461","1461","0000","율하휴먼시아6단지","월세","46.9000","202506","30","4,301","8","8","2008","안심로16길 45","202507~202706","갱신","-","4,225","7","아파트"
"23810","대구광역시 서구 내당동","463-5","0463","0005","광장타운1차","전세","72.4500","202506","29","14,000","0","10","1984","달구벌대로 1707","202506~202606","갱신","-","16,000","0","아파트"
"23811","대구광역시 동구 동호동","362","0362","0000","상록아파트","월세","59.7200","202506","29","2,935","23","2","2004","동호로 47","202507~202707","신규","-","","","아파트"
"23812","대구광역시 서구 평리동","1711","1711","0000","서대구역화성파크드림","월세","84.9735","202506","29","2,000","95","4","2023","서대구로29길 30","202507~202707","신규","-","","","아파트"
"23813","대구광역시 중구 수창동","178","0178","0000","대구역제일풍경채위너스카이","월세","84.9774","202506","29","3,000","105","35","2023","달성로26길 70","202507~202607","신규","-","","","아파트"
"23814","대구광역시 동구 신천동","156-4","0156","0004","수명가","전세","84.8430","202506","29","23,000","0","4","2015","장등로 45","202509~202609","갱신","사용","23,000","0","아파트"
"23815","대구광역시 중구 태평로3가","221-5","0221","0005","힐스테이트대구역퍼스트","월세","84.6679","202506","29","2,000","110","15","2025","태평로 100","202507~202707","신규","-","","","아파트"
"23816","대구광역시 남구 대명동","3067","3067","0000","교대역하늘채뉴센트원","전세","84.6442","202506","29","30,000","0","12","2022","중앙대로 187","202508~202708","신규","-","","","아파트"
"23817","대구광역시 동구 지묘동","500","0500","0000","화성명산타운","월세","59.9100","202506","29","1,000","35","1","1994","파계로22길 7","202507~202707","신규","-","","","아파트"
"23818","대구광역시 동구 신천동","1525","1525","0000","더샵디어엘로","월세","59.9017","202506","29","2,000","100","24","2024","화랑로 33","202507~202707","신규","-","","","아파트"
"23819","대구광역시 동구 지저동","757-5","0757","0005","팔공","월세","51.0300","202506","29","300","33","1","1986","해동로 54","202507~202707","신규","-","","","아파트"
"23820","대구광역시 동구 각산동","1061","1061","0000","대구혁신에듀포레","월세","74.9700","202506","29","2,000","70","6","2013","과학로 45","202506~202706","신규","-","","","아파트"
"23821","대구광역시 동구 신암동","1860","1860","0000","동대구역화성파크드림","전세","84.8163","202506","29","25,200","0","13","2023","동대구로 590","202510~202710","갱신","사용","24,000","0","아파트"
"23822","대구광역시 동구 율하동","1020","1020","0000","율하뜨란채","월세","59.9900","202506","29","3,000","40","5","1997","율하동로 67","202508~202708","신규","-","","","아파트"
"23823","대구광역시 중구 동인동1가","420","0420","0000","힐스테이트동인더스카이","월세","84.9389","202506","29","4,000","100","45","2025","태평로 240","202507~202707","신규","-","","","아파트"
"23824","대구광역시 달성군 구지면 응암리","1178","1178","0000","달성화성파크드림","전세","39.9010","202506","29","8,000","0","8","2011","과학마을로2길 6","202507~202707","신규","-","","","아파트"
"23825","대구광역시 달성군 구지면 응암리","1178","1178","0000","달성화성파크드림","전세","39.9010","202506","29","8,000","0","8","2011","과학마을로2길 6","-","-","-","","","아파트"
"23826","대구광역시 달서구 파호동","89","0089","0000","삼성명가타운","월세","59.9585","202506","29","1,000","65","19","2000","호산로 125","202508~202708","신규","-","","","아파트"
"23827","대구광역시 달서구 용산동","221","0221","0000","우방죽전타운","전세","59.9100","202506","29","16,500","0","7","1997","용산로 160","202506~202706","갱신","-","16,000","0","아파트"
"23828","대구광역시 달서구 용산동","414-4","0414","0004","성서6주공","월세","59.9900","202506","29","2,500","45","8","1997","성지로 35","202506~202706","갱신","-","2,000","45","아파트"
"23829","대구광역시 달서구 본동","752","0752","0000","달서코아루더리브","월세","84.6624","202506","29","2,000","100","21","2023","와룡로 42","202508~202708","신규","-","","","아파트"
"23830","대구광역시 달서구 장기동","814-1","0814","0001","장기파랑새마을","월세","84.9822","202506","29","2,000","80","17","2001","한들로 70","202507~202707","신규","-","","","아파트"
"23831","대구광역시 달성군 구지면 화산리","1105","1105","0000","대구국가산단반도유보라아이비파크3","월세","74.2629","202506","29","500","65","24","2020","국가산단북로34길 10","202507~202707","신규","-","","","아파트"
"23832","대구광역시 달서구 성당동","87-1","0087","0001","성당에덴타운","월세","59.9700","202506","29","1,000","50","1","1995","성당로33길 16","202507~202707","신규","-","","","아파트"
"23833","대구광역시 달성군 다사읍 세천리","1703-1","1703","0001","제일풍경채 프라임","전세","59.9673","202506","29","17,000","0","24","2017","세천남로 35","202508~202708","신규","-","","","아파트"
"23834","대구광역시 달서구 감삼동","337-14","0337","0014","클래식명가","전세","47.6068","202506","29","23,000","0","17","2021","장기로 206","202506~202706","갱신","-","25,000","0","아파트"
"23835","대구광역시 달서구 두류동","2369","2369","0000","두류역서한포레스트","월세","84.5882","202506","29","2,000","105","12","2025","야외음악당로47길 76","202507~202707","신규","-","","","아파트"
"23836","대구광역시 달서구 감삼동","461","0461","0000","월드마크웨스트엔드","전세","99.4200","202506","29","36,500","0","9","2010","와룡로 169","-","-","-","","","아파트"
"23837","대구광역시 달서구 감삼동","337-14","0337","0014","클래식명가","전세","49.0640","202506","29","18,000","0","12","2021","장기로 206","202506~202706","갱신","사용","24,000","0","아파트"
"23838","대구광역시 달성군 화원읍 구라리","1650","1650","0000","대곡역래미안","전세","84.2858","202506","29","22,000","0","12","2007","비슬로539길 35","202509~202609","갱신","-","20,000","0","아파트"
"23839","대구광역시 달서구 진천동","710","0710","0000","진천대동","전세","85.0000","202506","29","15,500","0","7","2000","상화로7길 31","202508~202708","신규","-","","","아파트"
"23840","대구광역시 달서구 두류동","2363","2363","0000","두류센트레빌더파크","월세","78.3408","202506","29","2,000","95","3","2024","당산로36길 37","202507~202707","신규","-","","","아파트"
"23841","대구광역시 달서구 두류동","486-2","0486","0002","삼정그린빌","전세","59.9264","202506","29","23,000","0","7","2002","야외음악당로39길 54","202508~202708","신규","-","","","아파트"
"23842","대구광역시 북구 복현동","160-7","0160","0007","복현서한2","월세","59.7500","202506","29","1,000","50","1","1998","공항로15길 8","202506~202606","신규","-","","","아파트"
"23843","대구광역시 북구 동천동","880-1","0880","0001","칠곡2영남타운","월세","39.9600","202506","29","500","40","7","1996","팔거천동로24길 40","202507~202707","신규","-","","","아파트"
"23844","대구광역시 수성구 수성동1가","230","0230","0000","유성푸르나임","전세","84.9686","202506","29","32,000","0","14","2007","수성로75길 16","202508~202708","신규","-","","","아파트"
"23845","대구광역시 북구 고성동1가","260","0260","0000","대구역오페라W","월세","84.9339","202506","29","2,000","120","15","2023","칠성남로 50","202509~202709","신규","-","","","아파트"
"23846","대구광역시 수성구 지산동","1297-3","1297","0003","지산서한이다음아파트","월세","59.5600","202506","29","1,000","53","15","1991","용학로 313","202508~202708","신규","-","","","아파트"
"23847","대구광역시 북구 국우동","1080","1080","0000","그린빌6단지","전세","51.9500","202506","29","13,000","0","15","2002","학정동로 10","202508~202708","신규","-","","","아파트"
"23848","대구광역시 수성구 범어동","2264","2264","0000","힐스테이트범어","전세","84.9218","202506","29","65,000","0","4","2020","범어로18길 22","202510~202710","신규","-","","","아파트"
"23849","대구광역시 수성구 범물동","1328","1328","0000","서한화성타운","전세","65.9700","202506","29","13,000","0","4","1992","지범로40길 11","202507~202707","신규","-","","","아파트"
"23850","대구광역시 수성구 매호동","1331","1331","0000","하나타운","월세","45.6900","202506","28","1,000","43","12","1995","고산로 123","202506~202706","신규","-","","","아파트"
"23851","대구광역시 수성구 수성동1가","890","0890","0000","더샵수성오클레어","전세","84.9497","202506","28","31,000","0","2","2023","희망로19길 29","202507~202706","신규","-","","","아파트"
"23852","대구광역시 북구 고성동2가","112-3","0112","0003","고성","월세","59.9200","202506","28","1,000","50","5","1993","고성북로 3","202507~202707","신규","-","","","아파트"
"23853","대구광역시 수성구 만촌동","1500","1500","0000","힐스테이트만촌역","월세","65.7254","202506","28","3,000","140","22","2024","달구벌대로 2567","202507~202510","신규","-","","","아파트"
"23854","대구광역시 수성구 만촌동","1500","1500","0000","힐스테이트만촌역","전세","136.8394","202506","28","83,000","0","20","2024","달구벌대로 2567","202509~202709","신규","-","","","아파트"
"23855","대구광역시 수성구 만촌동","816","0816","0000","만촌우방타운1단지","월세","84.9200","202506","28","2,000","100","3","1997","교학로11길 46","202509~202709","신규","-","","","아파트"
"23856","대구광역시 수성구 만촌동","1046-10","1046","0010","수성2차e-편한세상","전세","84.6558","202506","28","34,300","0","13","2007","달구벌대로522길 33","202507~202707","신규","-","","","아파트"
"23857","대구광역시 수성구 만촌동","1046-10","1046","0010","수성2차e-편한세상","전세","84.6558","202506","28","37,000","0","13","2007","달구벌대로522길 33","202507~202707","신규","-","","","아파트"
"23858","대구광역시 수성구 파동","1034","1034","0000","수성더팰리스푸르지오더샵","전세","59.7760","202506","28","22,000","0","17","2023","파동로 188","202509~202709","신규","-","","","아파트"
"23859","대구광역시 수성구 파동","1034","1034","0000","수성더팰리스푸르지오더샵","전세","59.7760","202506","28","22,000","0","17","2023","파동로 188","202509~202709","신규","-","","","아파트"
"23860","대구광역시 북구 구암동","786","0786","0000","그린빌3차","전세","49.7100","202506","28","11,000","0","13","2000","구암서로 41","202507~202707","신규","-","","","아파트"
"23861","대구광역시 수성구 범어동","2236","2236","0000","범어풀비체","전세","81.8909","202506","28","43,000","0","2","2013","범어로 61","202507~202706","신규","-","","","아파트"
"23862","대구광역시 수성구 범어동","333","0333","0000","가든하이츠3","전세","84.9800","202506","28","30,000","0","11","1990","청호로 365","202508~202708","신규","-","","","아파트"
"23863","대구광역시 수성구 범물동","1279","1279","0000","범물보성타운","전세","84.9400","202506","28","17,000","0","15","1992","지범로39길 56","202509~202708","신규","-","","","아파트"
"23864","대구광역시 북구 고성동1가","260","0260","0000","대구역오페라W","전세","84.9506","202506","28","23,100","0","28","2023","칠성남로 50","202507~202707","갱신","사용","22,000","0","아파트"
"23865","대구광역시 북구 침산동","1755","1755","0000","강변일성트루엘","월세","84.7954","202506","28","500","120","29","2014","침산남로 215","202506~202706","신규","-","","","아파트"
"23866","대구광역시 북구 복현동","235-1","0235","0001","복현83시영","월세","42.5900","202506","28","500","30","4","1984","복현로 37","202506~202706","신규","-","","","아파트"
"23867","대구광역시 북구 복현동","709","0709","0000","복현아이파크","전세","84.9751","202506","28","28,350","0","10","2021","동북로 241","202508~202802","갱신","사용","27,000","0","아파트"
"23868","대구광역시 북구 복현동","709","0709","0000","복현아이파크","전세","84.9751","202506","28","28,350","0","10","2021","동북로 241","202508~202708","갱신","사용","27,000","0","아파트"
"23869","대구광역시 수성구 지산동","1297-3","1297","0003","지산서한이다음아파트","월세","54.1200","202506","28","1,000","55","13","1991","용학로 313","202507~202707","신규","-","","","아파트"
"23870","대구광역시 수성구 지산동","1234-1","1234","0001","지산2단지","전세","40.4400","202506","28","9,000","0","10","1991","지산로 5","202508~202708","신규","-","","","아파트"
"23871","대구광역시 수성구 지산동","1234-1","1234","0001","지산2단지","월세","54.1200","202506","28","1,000","25","1","1991","지산로 5","202506~202706","신규","-","","","아파트"
"23872","대구광역시 수성구 지산동","1275","1275","0000","지산한라타운","전세","52.2000","202506","28","12,000","0","11","1991","지범로22길 9","202507~202707","신규","-","","","아파트"
"23873","대구광역시 수성구 지산동","1200","1200","0000","목련","월세","42.6600","202506","28","500","28","2","1986","용학로42길 13","202506~202706","신규","-","","","아파트"
"23874","대구광역시 수성구 황금동","365","0365","0000","캐슬골드파크1단지","전세","84.9700","202506","28","32,000","0","13","2006","청수로 213","202508~202708","신규","-","","","아파트"
"23875","대구광역시 수성구 황금동","985","0985","0000","힐스테이트황금동","월세","59.9776","202506","28","2,000","115","17","2018","청수로 274","202507~202707","신규","-","","","아파트"
"23876","대구광역시 수성구 황금동","985","0985","0000","힐스테이트황금동","월세","84.9094","202506","28","5,000","120","8","2018","청수로 274","202507~202707","신규","-","","","아파트"
"23877","대구광역시 수성구 황금동","365","0365","0000","캐슬골드파크5단지","월세","84.9700","202506","28","2,000","130","14","2006","청수로 214","202507~202707","신규","-","","","아파트"
"23878","대구광역시 북구 산격동","493","0493","0000","산격보성","월세","40.0900","202506","28","300","35","3","1981","동북로37길 13-10","202506~202706","신규","-","","","아파트"
"23879","대구광역시 수성구 수성동4가","1090-6","1090","0006","수성보성","월세","59.9700","202506","28","1,000","70","1","1996","수성로 412","202508~202708","신규","-","","","아파트"
"23880","대구광역시 북구 태전동","1065-1","1065","0001","칠곡관음타운","월세","84.9600","202506","28","0","50","3","1995","영송로 63","202506~202606","신규","-","","","아파트"
"23881","대구광역시 수성구 범어동","792-19","0792","0019","코오롱하늘채수","전세","113.0053","202506","28","30,000","0","7","2005","범어천로 126","-","-","-","","","아파트"
"23882","대구광역시 수성구 범어동","산103","0103","0000","장원맨션","월세","84.9800","202506","28","3,000","130","13","1988","청호로 370","202508~202708","신규","-","","","아파트"
"23883","대구광역시 수성구 범어동","2234","2234","0000","범어에스케이뷰","전세","84.9816","202506","28","50,000","0","15","2009","범어로 73","202509~202709","신규","-","","","아파트"
"23884","대구광역시 수성구 범어동","333","0333","0000","가든하이츠3","전세","84.9800","202506","28","30,000","0","11","1990","청호로 365","202508~202708","신규","-","","","아파트"
"23885","대구광역시 수성구 매호동","1324","1324","0000","두레타운","월세","39.9000","202506","28","500","39","3","1995","천을로 131","202508~202708","신규","-","","","아파트"
"23886","대구광역시 수성구 매호동","1324","1324","0000","두레타운","월세","39.9000","202506","28","500","40","4","1995","천을로 131","202507~202707","신규","-","","","아파트"
"23887","대구광역시 수성구 범어동","77-7","0077","0007","범어삼성쉐르빌","월세","118.5173","202506","28","32,500","160","7","2010","청호로 426","202510~202710","신규","-","","","아파트"
"23888","대구광역시 수성구 범어동","475-6","0475","0006","범어태왕아너스","전세","84.9389","202506","28","33,000","0","18","2006","상록로 41","202509~202709","신규","-","","","아파트"
"23889","대구광역시 수성구 범어동","2272","2272","0000","범어에일린의뜰","전세","71.1875","202506","28","30,450","0","13","2021","청솔로14길 15","202507~202707","갱신","사용","29,000","0","아파트"
"23890","대구광역시 수성구 범어동","2272","2272","0000","범어에일린의뜰","전세","84.9608","202506","28","46,000","0","9","2021","청솔로14길 15","202508~202801","신규","-","","","아파트"
"23891","대구광역시 북구 관음동","1370","1370","0000","칠곡한양2","월세","41.2650","202506","28","4,000","25","7","1993","구암로 17","202507~202707","신규","-","","","아파트"
"23892","대구광역시 북구 동천동","915","0915","0000","칠곡3화성타운","월세","59.9100","202506","28","3,000","47","10","1999","대천로 101","202507~202707","신규","-","","","아파트"
"23893","대구광역시 수성구 범어동","2261","2261","0000","범어센트레빌","전세","84.9817","202506","28","61,000","0","6","2020","청호로 401","202508~202708","신규","-","","","아파트"
"23894","대구광역시 북구 팔달동","145","0145","0000","대백인터빌","월세","59.6700","202506","28","2,000","52","10","2002","작원길 25","202507~202707","신규","-","","","아파트"
"23895","대구광역시 동구 신암동","1860","1860","0000","동대구역화성파크드림","전세","84.8163","202506","28","36,000","0","8","2023","동대구로 590","-","-","-","","","아파트"
"23896","대구광역시 동구 신서동","828","0828","0000","신서화성파크드림","월세","99.1204","202506","28","1,000","85","17","2010","반야월북로 221","202508~202708","신규","-","","","아파트"
"23897","대구광역시 동구 신서동","543","0543","0000","아름다운나날1","월세","84.6688","202506","28","2,000","65","15","2003","안심로 402","202508~202708","신규","-","","","아파트"
"23898","대구광역시 동구 신서동","1013-2","1013","0002","각산역더뉴클래스3차","월세","49.4627","202506","28","1,000","54","6","2017","신서로 75","202507~202707","신규","-","","","아파트"
"23899","대구광역시 동구 율하동","1412","1412","0000","율하리버파크","월세","74.5300","202506","28","2,000","85","8","2009","율하동로 19","202508~202708","신규","-","","","아파트"
"23900","대구광역시 동구 괴전동","125","0125","0000","안심역서원프레시빌","전세","49.5733","202506","28","16,500","0","7","2018","안심로 477","202507~202707","신규","-","","","아파트"
"23901","대구광역시 동구 동호동","362","0362","0000","상록아파트","월세","59.7200","202506","28","1,957","26","13","2004","동호로 47","202507~202707","신규","-","","","아파트"
"23902","대구광역시 동구 숙천동","388","0388","0000","대구혁신도시서한이다음4차","전세","84.7703","202506","28","16,500","0","10","2016","초례로 50","202508~202708","갱신","사용","16,500","0","아파트"
"23903","대구광역시 동구 지묘동","360","0360","0000","태왕그린힐즈","월세","84.8600","202506","28","2,000","55","15","1997","파계로 46","202506~202706","신규","-","","","아파트"
"23904","대구광역시 동구 봉무동","1524","1524","0000","대구이시아폴리스더샵1차","월세","84.9790","202506","28","2,000","95","13","2012","팔공로53길 10","202508~202707","신규","-","","","아파트"
"23905","대구광역시 동구 효목동","1331","1331","0000","동대구푸르지오브리센트","월세","84.9941","202506","28","3,000","110","11","2024","효목로5길 55","202507~202707","신규","-","","","아파트"
"23906","대구광역시 동구 신천동","160-1","0160","0001","화성파크드림이스트밸리","전세","84.9874","202506","28","23,000","0","21","2008","송라로10길 34","202507~202707","신규","-","","","아파트"
"23907","대구광역시 동구 신암동","1860","1860","0000","동대구역화성파크드림","전세","84.8163","202506","28","34,000","0","12","2023","동대구로 590","202508~202708","신규","-","","","아파트"
"23908","대구광역시 동구 신암동","1870","1870","0000","해링턴플레이스동대구","전세","74.9583","202506","28","18,900","0","11","2024","경대로 126","202508~202708","갱신","사용","18,000","0","아파트"
"23909","대구광역시 동구 신암동","258-1","0258","0001","동원맨션","월세","135.9850","202506","28","1,000","80","9","1992","신암남로23길 17","202508~202708","신규","-","","","아파트"
"23910","대구광역시 동구 신암동","1860","1860","0000","동대구역화성파크드림","전세","84.8163","202506","28","36,000","0","8","2023","동대구로 590","202507~202707","신규","-","","","아파트"
"23911","대구광역시 동구 신암동","1860","1860","0000","동대구역화성파크드림","전세","84.8163","202506","28","34,000","0","12","2023","동대구로 590","-","-","-","","","아파트"
"23912","대구광역시 동구 신암동","1860","1860","0000","동대구역화성파크드림","전세","84.9276","202506","28","25,200","0","11","2023","동대구로 590","-","-","-","","","아파트"
"23913","대구광역시 동구 신암동","1860","1860","0000","동대구역화성파크드림","전세","84.9276","202506","28","25,200","0","11","2023","동대구로 590","-","-","-","","","아파트"
"23914","대구광역시 동구 신암동","1852","1852","0000","동대구해모로스퀘어웨스트","전세","76.7437","202506","28","25,000","0","9","2023","동북로 340","202511~202711","신규","-","","","아파트"
"23915","대구광역시 동구 신암동","1852","1852","0000","동대구해모로스퀘어웨스트","월세","76.7437","202506","28","2,000","85","2","2023","동북로 340","202507~202707","갱신","사용","2,000","80","아파트"
"23916","대구광역시 서구 평리동","632-9","0632","0009","서대구KTX영무예다음","전세","57.1488","202506","28","20,000","0","7","2023","당산로 446","202509~202709","신규","-","","","아파트"
"23917","대구광역시 서구 평리동","1497-44","1497","0044","서대구역서한이다음더퍼스트","월세","62.9986","202506","28","2,000","75","18","2023","국채보상로37길 38","202507~202707","신규","-","","","아파트"
"23918","대구광역시 서구 평리동","1711","1711","0000","서대구역화성파크드림","월세","99.4861","202506","28","3,000","100","15","2023","서대구로29길 30","202507~202707","신규","-","","","아파트"
"23919","대구광역시 중구 남산동","3030","3030","0000","남산자이하늘채","월세","59.1983","202506","28","2,000","100","21","2022","명덕로 33","202507~202706","신규","-","","","아파트"
"23920","대구광역시 중구 남산동","3020","3020","0000","남산롯데캐슬센트럴스카이","전세","84.9371","202506","28","37,000","0","13","2021","재마루길 77","202510~202710","갱신","-","35,000","0","아파트"
"23921","대구광역시 중구 남산동","437-1","0437","0001","인터불고코아시스","월세","26.9326","202506","28","500","45","2","2014","명륜로 19","202506~202606","신규","-","","","아파트"
"23922","대구광역시 남구 이천동","121-70","0121","0070","대구이천주공1","월세","59.9600","202506","28","1,000","60","6","1999","명덕로68길 77","202508~202708","신규","-","","","아파트"
"23923","대구광역시 남구 이천동","239-2","0239","0002","이천뜨란채4단지","월세","84.4500","202506","28","2,000","79","19","2006","대봉로26길 37","202507~202707","신규","-","","","아파트"
"23924","대구광역시 남구 이천동","243-1","0243","0001","이천뜨란채3단지","월세","59.8800","202506","28","2,000","70","7","2006","대봉로26길 38","202507~202707","신규","-","","","아파트"
"23925","대구광역시 남구 봉덕동","1141","1141","0000","효성타운2차","월세","108.3800","202506","28","2,000","75","5","1989","효성중앙길 38","202506~202706","갱신","-","3,000","100","아파트"
"23926","대구광역시 남구 봉덕동","1071","1071","0000","효성타운1차","전세","84.9000","202506","28","18,000","0","3","1988","효성중앙길 37","202507~202707","신규","-","","","아파트"
"23927","대구광역시 중구 달성동","352","0352","0000","달성파크푸르지오힐스테이트","월세","84.9713","202506","28","2,000","120","12","2023","달성로 123","202507~202707","신규","-","","","아파트"
"23928","대구광역시 중구 달성동","352","0352","0000","달성파크푸르지오힐스테이트","월세","84.9713","202506","28","2,000","120","14","2023","달성로 123","202508~202708","신규","-","","","아파트"
"23929","대구광역시 중구 달성동","352","0352","0000","달성파크푸르지오힐스테이트","전세","84.9713","202506","28","27,000","0","8","2023","달성로 123","202507~202707","신규","-","","","아파트"
"23930","대구광역시 중구 달성동","352","0352","0000","달성파크푸르지오힐스테이트","전세","84.9713","202506","28","26,250","0","23","2023","달성로 123","202507~202707","신규","-","","","아파트"
"23931","대구광역시 남구 대명동","3067","3067","0000","교대역하늘채뉴센트원","전세","84.6442","202506","28","30,000","0","2","2022","중앙대로 187","202507~202707","신규","-","","","아파트"
"23932","대구광역시 중구 대신동","2106","2106","0000","대신센트럴자이","월세","59.8582","202506","28","2,000","85","26","2015","달구벌대로 1955","202509~202709","신규","-","","","아파트"
"23933","대구광역시 중구 교동","8","0008","0000","노마즈하우스","월세","14.5980","202506","28","200","35","17","2014","공평로 105","202506~202606","신규","-","","","아파트"
"23934","대구광역시 북구 칠성동2가","723","0723","0000","칠성동코오롱하늘채","전세","84.9778","202506","28","25,000","0","16","2014","중앙대로 540","202508~202708","신규","-","","","아파트"
"23935","대구광역시 북구 칠성동2가","355-1","0355","0001","칠성우방","월세","84.8900","202506","28","4,000","60","7","1998","중앙대로105길 22","202507~202607","신규","-","","","아파트"
"23936","대구광역시 북구 칠성동2가","742","0742","0000","대구역자이더스타","전세","84.7313","202506","28","33,000","0","25","2025","칠성남로 150","202508~202708","신규","-","","","아파트"
"23937","대구광역시 중구 동인동3가","419","0419","0000","동인태왕아너스라플란드","월세","29.8632","202506","28","1,000","55","10","2023","국채보상로151길 55","202506~202606","신규","-","","","아파트"
"23938","대구광역시 중구 동인동1가","420","0420","0000","힐스테이트동인더스카이","전세","84.9976","202506","28","27,000","0","29","2025","태평로 240","202508~202708","신규","-","","","아파트"
"23939","대구광역시 중구 동인동1가","420","0420","0000","힐스테이트동인더스카이","월세","84.9962","202506","28","5,000","90","48","2025","태평로 240","202507~202707","신규","-","","","아파트"
"23940","대구광역시 중구 동인동1가","420","0420","0000","힐스테이트동인더스카이","전세","84.9389","202506","28","32,000","0","43","2025","태평로 240","202507~202707","신규","-","","","아파트"
"23941","대구광역시 중구 동인동1가","409","0409","0000","힐스테이트동인센트럴","월세","84.6178","202506","28","2,000","100","4","2024","동덕로 181","202507~202707","신규","-","","","아파트"
"23942","대구광역시 중구 동인동1가","420","0420","0000","힐스테이트동인더스카이","월세","84.9389","202506","28","2,000","105","36","2025","태평로 240","202507~202707","신규","-","","","아파트"
"23943","대구광역시 달서구 월성동","120","0120","0000","월성푸르지오","전세","101.8646","202506","28","39,000","0","6","2008","조암로6길 20","202508~202707","신규","-","","","아파트"
"23944","대구광역시 달성군 옥포읍 본리리","2590","2590","0000","미진이지비아","월세","59.9639","202506","28","1,000","48","26","2017","비슬로447길 56","202506~202706","신규","-","","","아파트"
"23945","대구광역시 달서구 유천동","605","0605","0000","현대아이파크","월세","59.9108","202506","28","21,000","5","22","2015","조암남로 182","202508~202708","갱신","사용","20,000","5","아파트"
"23946","대구광역시 달성군 화원읍 설화리","1157","1157","0000","설화명곡역우방아이유쉘","월세","59.9789","202506","28","2,000","65","19","2023","비슬로 2417","202508~202708","신규","-","","","아파트"
"23947","대구광역시 달성군 화원읍 설화리","1157","1157","0000","설화명곡역우방아이유쉘","월세","59.9789","202506","28","2,000","65","19","2023","비슬로 2417","202508~202708","신규","-","","","아파트"
"23948","대구광역시 달서구 진천동","72","0072","0000","월배역라온프라이빗","월세","83.2298","202506","28","1,000","105","3","2018","월배로33길 53","202507~202707","신규","-","","","아파트"
"23949","대구광역시 달성군 화원읍 천내리","42-1","0042","0001","동서동산","월세","69.7700","202506","28","1,000","40","2","1989","비슬로525길 21","202507~202707","신규","-","","","아파트"
"23950","대구광역시 달성군 유가읍 봉리","622","0622","0000","힐데스하임아파트","전세","84.9809","202506","28","18,900","0","11","2015","테크노북로9길 42","202508~202708","갱신","사용","18,000","0","아파트"
"23951","대구광역시 달성군 유가읍 봉리","603","0603","0000","진아리채","전세","70.8694","202506","28","17,000","0","8","2016","테크노대로5길 79","202507~202707","갱신","-","16,500","0","아파트"
"23952","대구광역시 수성구 노변동","742","0742","0000","수성알파시티청아람","전세","59.9460","202506","28","27,000","0","16","2021","알파시티2로 96","202509~202709","신규","-","","","아파트"
"23953","대구광역시 달서구 본동","616","0616","0000","월성주공5","월세","44.9400","202506","28","500","40","3","1992","구마로12길 89","202507~202707","신규","-","","","아파트"
"23954","대구광역시 달서구 상인동","87","0087","0000","상인e-편한세상2단지","전세","101.9741","202506","28","35,000","0","11","2008","월서로3길 15","202508~202708","신규","-","","","아파트"
"23955","대구광역시 달서구 상인동","42","0042","0000","보성은하","월세","134.9200","202506","28","7,000","80","12","1994","월곡로 320","202507~202707","신규","-","","","아파트"
"23956","대구광역시 달서구 상인동","1520","1520","0000","청구","전세","134.9250","202506","28","20,000","0","10","1993","상인로 105","202506~202706","갱신","사용","22,000","0","아파트"
"23957","대구광역시 달서구 상인동","150-11","0150","0011","상인역신일해피트리","전세","125.2600","202506","28","33,000","0","6","2007","월서로 31","202507~202707","신규","-","","","아파트"
"23958","대구광역시 달서구 장기동","845","0845","0000","코오롱하늘채","월세","59.9156","202506","28","2,000","85","23","2019","용산로12길 77","202507~202603","신규","-","","","아파트"
"23959","대구광역시 달서구 성당동","839","0839","0000","성당래미안e-편한세상3단지","월세","84.9600","202506","28","2,000","83","15","2009","장기로 127","202508~202708","신규","-","","","아파트"
"23960","대구광역시 중구 대봉동","777","0777","0000","대봉서한포레스트","월세","84.9646","202506","28","3,000","120","7","2022","대봉로 240","202509~202709","신규","-","","","아파트"
"23961","대구광역시 달서구 두류동","2346","2346","0000","두류센트레빌더시티","월세","59.7266","202506","28","2,000","90","5","2022","당산로36길 11","202507~202607","신규","-","","","아파트"
"23962","대구광역시 달서구 두류동","2363","2363","0000","두류센트레빌더파크","월세","59.9570","202506","28","3,000","85","14","2024","당산로36길 37","-","-","-","","","아파트"
"23963","대구광역시 달성군 다사읍 죽곡리","818","0818","0000","대실역리슈빌3단지","월세","84.9837","202506","28","2,000","100","7","2012","대실역남로 33","202508~202708","신규","-","","","아파트"
"23964","대구광역시 달성군 다사읍 죽곡리","818","0818","0000","대실역리슈빌3단지","전세","84.6695","202506","28","28,000","0","7","2012","대실역남로 33","202509~202709","신규","-","","","아파트"
"23965","대구광역시 달성군 다사읍 죽곡리","876","0876","0000","협성휴포레 죽곡","월세","84.9533","202506","28","2,000","110","3","2018","달구벌대로174길 50","202507~202702","신규","-","","","아파트"
"23966","대구광역시 달서구 감삼동","707","0707","0000","빌리브스카이주상복합","전세","84.6135","202506","28","39,000","0","22","2022","와룡로 186","202509~202709","신규","-","","","아파트"
"23967","대구광역시 달서구 감삼동","719","0719","0000","힐스테이트죽전역","월세","108.9759","202506","28","3,000","135","12","2024","달구벌대로308길 30","202509~202709","신규","-","","","아파트"
"23968","대구광역시 달서구 신당동","1846","1846","0000","성서주공2","월세","37.6700","202506","28","500","30","4","1995","신당로 55","202506~202706","신규","-","","","아파트"
"23969","대구광역시 달서구 월성동","536","0536","0000","월성e-편한세상","전세","128.7005","202506","28","49,000","0","4","2009","조암남로 10","202507~202707","갱신","-","57,000","0","아파트"
"23970","대구광역시 달서구 월성동","1863","1863","0000","월성협성휴포레","월세","84.9249","202506","28","3,000","110","11","2016","조암로10길 11","202508~202708","신규","-","","","아파트"
"23971","대구광역시 달서구 월성동","1863","1863","0000","월성협성휴포레","전세","84.9664","202506","28","29,700","0","21","2016","조암로10길 11","202507~202707","갱신","-","29,000","0","아파트"
"23972","대구광역시 달서구 월성동","1835","1835","0000","월배e-편한세상","월세","59.9694","202506","28","2,000","85","14","2014","월성로 132","202507~202707","신규","-","","","아파트"
"23973","대구광역시 달서구 본리동","644-2","0644","0002","대아(644-2)","전세","51.7450","202506","28","8,000","0","4","1981","구마로9길 30","202506~202706","신규","-","","","아파트"
"23974","대구광역시 달서구 본동","616","0616","0000","월성주공5","월세","38.6400","202506","27","2,000","10","4","1992","구마로12길 89","202507~202707","신규","-","","","아파트"
"23975","대구광역시 달서구 장기동","845","0845","0000","코오롱하늘채","월세","59.9156","202506","27","4,000","65","19","2019","용산로12길 77","202507~202707","신규","-","","","아파트"
"23976","대구광역시 달서구 상인동","1474-1","1474","0001","보성산호","전세","56.9300","202506","27","8,000","0","4","1989","상화북로 159","202507~202707","신규","-","","","아파트"
"23977","대구광역시 달성군 현풍읍 대리","1176","1176","0000","국가산단서한이다음아파트","월세","66.8000","202506","27","5,084","17","2","2019","국가산단대로70길 41","202508~202708","갱신","사용","4,999","17","아파트"
"23978","대구광역시 달성군 구지면 창리","1354","1354","0000","대구국가산단영무예다음","월세","67.9413","202506","27","1,000","55","11","2020","국가산단서로84길 118","202507~202707","신규","-","","","아파트"
"23979","대구광역시 달서구 도원동","677-1","0677","0001","롯데캐슬레이크","전세","84.9100","202506","27","21,000","0","11","2005","상화로58길 86","202508~202708","신규","-","","","아파트"
"23980","대구광역시 달서구 도원동","1428","1428","0000","나래마을","월세","84.7100","202506","27","1,000","59","18","1997","한실로 29","202507~202707","신규","-","","","아파트"
"23981","대구광역시 달성군 화원읍 성산리","501","0501","0000","화원태왕타운","전세","59.9700","202506","27","12,000","0","12","1995","성화로4길 13","202506~202706","갱신","-","14,000","0","아파트"
"23982","대구광역시 달성군 유가읍 봉리","603","0603","0000","진아리채","전세","84.9495","202506","27","22,000","0","2","2016","테크노대로5길 79","202508~202708","갱신","사용","22,000","0","아파트"
"23983","대구광역시 달서구 월성동","89","0089","0000","서한맨션","전세","127.4500","202506","27","20,000","0","5","1992","학산로 15","202506~202706","갱신","-","20,000","0","아파트"
"23984","대구광역시 달성군 화원읍 명곡리","230-8","0230","0008","화원동화아이위시","전세","84.1138","202506","27","35,000","0","40","2024","비슬로510길 20","202507~202707","신규","-","","","아파트"
"23985","대구광역시 달성군 화원읍 명곡리","112","0112","0000","명곡미래빌1","전세","84.3400","202506","27","14,000","0","12","2000","명곡로 11","202507~202707","신규","-","","","아파트"
"23986","대구광역시 달성군 화원읍 명곡리","112","0112","0000","명곡미래빌1","전세","84.3400","202506","27","18,600","0","1","2000","명곡로 11","202506~202706","갱신","사용","19,000","0","아파트"
"23987","대구광역시 달성군 구지면 응암리","1199","1199","0000","대구국가산단반도유보라아이비파크","월세","84.9598","202506","27","12,000","20","5","2017","과학마을로3길 14","202507~202707","신규","-","","","아파트"
"23988","대구광역시 달성군 구지면 응암리","1210","1210","0000","과학마을청아람","월세","59.8940","202506","27","10,000","10","17","2016","과학마을로 70","202507~202707","신규","-","","","아파트"
"23989","대구광역시 중구 대봉동","44-10","0044","0010","청운맨션","전세","84.9300","202506","27","17,000","0","9","1986","동덕로 33","202508~202708","신규","-","","","아파트"
"23990","대구광역시 달서구 진천동","490","0490","0000","청구타운","월세","84.9250","202506","27","1,000","60","1","1995","진천로 41","202507~202707","신규","-","","","아파트"
"23991","대구광역시 달서구 월성동","777-2","0777","0002","월성월드메르디앙","전세","84.3652","202506","27","28,000","0","5","2009","조암로6길 19","202507~202707","갱신","사용","28,000","0","아파트"
"23992","대구광역시 달성군 현풍읍 중리","486","0486","0000","대구테크노폴리스서한이다음","전세","84.8271","202506","27","19,500","0","5","2014","테크노상업로 33","202507~202707","신규","-","","","아파트"
"23993","대구광역시 달성군 다사읍 죽곡리","129-1","0129","0001","강창하이츠","월세","29.6400","202506","27","300","33","23","1999","달구벌대로 812","202506~202606","신규","-","","","아파트"
"23994","대구광역시 달성군 다사읍 죽곡리","814","0814","0000","대실역태왕아너스","전세","59.9880","202506","27","19,950","0","20","2017","대실역남로 11","202507~202707","갱신","-","19,000","0","아파트"
"23995","대구광역시 달성군 다사읍 매곡리","1568","1568","0000","죽곡삼정그린코아더베스트","월세","66.0524","202506","27","2,000","85","33","2018","다사로 50","202508~202708","신규","-","","","아파트"
"23996","대구광역시 달서구 월성동","1863","1863","0000","월성협성휴포레","전세","84.9664","202506","27","27,000","0","1","2016","조암로10길 11","202508~202708","신규","-","","","아파트"
"23997","대구광역시 달서구 유천동","605","0605","0000","현대아이파크","월세","84.9962","202506","27","2,000","115","19","2015","조암남로 182","202508~202708","신규","-","","","아파트"
"23998","대구광역시 달서구 유천동","298-1","0298","0001","대곡역화성파크드림","월세","84.8403","202506","27","2,000","80","13","2007","달서대로 41","202508~202708","신규","-","","","아파트"
"23999","대구광역시 달서구 월성동","1894","1894","0000","월성삼정그린코아에듀파크","전세","84.6758","202506","27","25,000","0","21","2022","월성로 100","202507~202707","신규","-","","","아파트"
"24000","대구광역시 달서구 대곡동","1123","1123","0000","수목원제일풍경채","전세","83.3100","202506","27","29,000","0","20","2018","갈밭남로 12","202508~202707","신규","-","","","아파트"
"24001","대구광역시 달서구 이곡동","1189-2","1189","0002","성서동서서한","월세","84.8600","202506","27","15,000","10","9","1994","선원로 100","202509~202709","신규","-","","","아파트"
"24002","대구광역시 달서구 이곡동","1306-1","1306","0001","한샘","월세","59.9500","202506","27","1,000","65","13","1997","선원남로 77","202507~202707","신규","-","","","아파트"
"24003","대구광역시 달서구 월성동","1863","1863","0000","월성협성휴포레","전세","69.9551","202506","27","25,000","0","9","2016","조암로10길 11","202508~202708","신규","-","","","아파트"
"24004","대구광역시 달성군 옥포읍 교항리","2998","2998","0000","옥포대성베르힐6단지","월세","84.9901","202506","27","2,000","70","10","2018","돌미로8길 19","202508~202708","신규","-","","","아파트"
"24005","대구광역시 달서구 월성동","1300","1300","0000","월성래미안","전세","84.9724","202506","27","22,000","0","22","2006","상원로 143","202508~202708","신규","-","","","아파트"
"24006","대구광역시 달성군 다사읍 매곡리","1578","1578","0000","힐스테이트다사역","전세","84.9996","202506","27","30,000","0","7","2022","매곡로12길 22","202508~202708","신규","-","","","아파트"
"24007","대구광역시 수성구 황금동","985","0985","0000","힐스테이트황금동","전세","84.9258","202506","27","36,000","0","5","2018","청수로 274","202509~202709","신규","-","","","아파트"
"24008","대구광역시 수성구 만촌동","1050-2","1050","0002","동진","전세","34.6000","202506","27","20,572","0","1","1984","청호로96길 12","202209~999912","신규","-","","","아파트"
"24009","대구광역시 수성구 중동","645","0645","0000","수성데시앙리버뷰","월세","84.9494","202506","27","3,000","130","5","2022","희망로20길 10","202507~202707","신규","-","","","아파트"
"24010","대구광역시 북구 고성동1가","260","0260","0000","대구역오페라W","전세","84.9114","202506","27","25,200","0","13","2023","칠성남로 50","202508~202707","갱신","사용","24,000","0","아파트"
"24011","대구광역시 북구 고성동1가","260","0260","0000","대구역오페라W","전세","84.9339","202506","27","24,000","0","6","2023","칠성남로 50","202507~202707","갱신","사용","23,000","0","아파트"
"24012","대구광역시 북구 고성동1가","260","0260","0000","대구역오페라W","월세","78.9091","202506","27","5,000","80","18","2023","칠성남로 50","202507~202707","신규","-","","","아파트"
"24013","대구광역시 수성구 매호동","1040","1040","0000","매호동서타운","월세","59.9000","202506","27","1,000","55","11","1995","천을로 180","202507~202707","신규","-","","","아파트"
"24014","대구광역시 수성구 매호동","1324","1324","0000","두레타운","월세","39.9000","202506","27","500","40","13","1995","천을로 131","202507~202707","신규","-","","","아파트"
"24015","대구광역시 북구 도남동","908","0908","0000","대구도남LH2단지","월세","46.2300","202506","27","904","31","9","2023","도남중앙로22길 10","202507~202706","갱신","-","2,723","26","아파트"
"24016","대구광역시 북구 구암동","695-2","0695","0002","칠곡건영","월세","59.8800","202506","27","1,000","55","12","2001","구암로32길 15","202507~202707","신규","-","","","아파트"
"24017","대구광역시 수성구 만촌동","1497","1497","0000","만촌역태왕디아너스","월세","118.3543","202506","27","10,000","200","27","2024","달구벌대로 2599","202507~202707","신규","-","","","아파트"
"24018","대구광역시 수성구 만촌동","1429-5","1429","0005","메트로팔레스5","월세","74.9100","202506","27","2,000","80","12","2003","동원로 100","202508~202707","신규","-","","","아파트"
"24019","대구광역시 수성구 만촌동","775","0775","0000","만촌우방팔레스","월세","119.0280","202506","27","5,000","130","12","2005","청수로 551","202508~202708","신규","-","","","아파트"
"24020","대구광역시 북구 읍내동","1171","1171","0000","칠곡목련","월세","43.0200","202506","27","200","25","5","1987","구암로15길 38","202507~202707","신규","-","","","아파트"
"24021","대구광역시 북구 읍내동","1366-3","1366","0003","코스모스한양","전세","59.8200","202506","27","5,900","0","14","1993","구암로21길 6","202506~202706","신규","-","","","아파트"
"24022","대구광역시 수성구 범물동","1328","1328","0000","서한화성타운","전세","65.9700","202506","27","13,500","0","14","1992","지범로40길 11","202510~202710","신규","-","","","아파트"
"24023","대구광역시 수성구 범물동","1328","1328","0000","서한화성타운","전세","65.9700","202506","27","13,500","0","14","1992","지범로40길 11","202510~202710","신규","-","","","아파트"
"24024","대구광역시 수성구 수성동1가","818","0818","0000","수성롯데캐슬THEFIRST","전세","99.9942","202506","27","70,000","0","11","2015","수성로69길 65","202506~202706","갱신","-","60,000","0","아파트"
"24025","대구광역시 북구 서변동","1724","1724","0000","서변청아람","월세","49.6832","202506","27","1,000","45","10","2003","호국로57길 20","202507~202607","신규","-","","","아파트"
"24026","대구광역시 수성구 범물동","1281","1281","0000","청구타운","전세","134.4900","202506","27","25,000","0","1","1992","지범로39길 12","202506~202706","신규","-","","","아파트"
"24027","대구광역시 북구 고성동3가","145","0145","0000","오페라트루엘시민의숲아파트","전세","84.6148","202506","27","38,800","0","10","2020","고성북로 34","202506~202802","신규","-","","","아파트"
"24028","대구광역시 수성구 파동","53","0053","0000","수성못코오롱하늘채","전세","84.9365","202506","27","23,000","0","17","2013","파동로 222","202508~202708","신규","-","","","아파트"
"24029","대구광역시 북구 관음동","1370-1","1370","0001","칠곡한신1","전세","117.0500","202506","27","17,500","0","9","1992","관음로 50","202506~202706","갱신","-","22,000","0","아파트"
"24030","대구광역시 북구 사수동","771","0771","0000","대구금호엘에이치천년나무8단지","월세","33.7400","202506","27","1,355","21","10","2016","내곡로 15","202507~202706","갱신","-","1,294","20","아파트"
"24031","대구광역시 수성구 지산동","1288","1288","0000","지산타운","전세","40.5800","202506","27","10,000","0","10","1991","용학로 303","202507~202707","신규","-","","","아파트"
"24032","대구광역시 수성구 황금동","985","0985","0000","힐스테이트황금동","전세","84.5905","202506","27","35,000","0","35","2018","청수로 274","202508~202708","신규","-","","","아파트"
"24033","대구광역시 수성구 황금동","365","0365","0000","캐슬골드파크5단지","전세","84.9700","202506","27","32,000","0","18","2006","청수로 214","202508~202708","신규","-","","","아파트"
"24034","대구광역시 수성구 황금동","365","0365","0000","캐슬골드파크1단지","월세","129.5300","202506","27","5,000","150","1","2006","청수로 213","202509~202709","신규","-","","","아파트"
"24035","대구광역시 수성구 황금동","985","0985","0000","힐스테이트황금동","전세","84.9258","202506","27","36,000","0","5","2018","청수로 274","202508~202708","신규","-","","","아파트"
"24036","대구광역시 수성구 황금동","985","0985","0000","힐스테이트황금동","전세","84.9258","202506","27","36,000","0","5","2018","청수로 274","-","-","-","","","아파트"
"24037","대구광역시 북구 태전동","1065-1","1065","0001","칠곡관음타운","월세","84.9600","202506","27","1,000","70","8","1995","영송로 63","202509~202709","신규","-","","","아파트"
"24038","대구광역시 북구 복현동","241-1","0241","0001","복현블루밍브라운스톤명문세가","전세","76.0000","202506","27","15,080","0","14","2011","복현로 50","202507~202707","신규","-","","","아파트"
"24039","대구광역시 북구 복현동","241-1","0241","0001","복현블루밍브라운스톤명문세가","전세","76.0000","202506","27","15,080","0","14","2011","복현로 50","202507~202707","신규","-","","","아파트"
"24040","대구광역시 북구 복현동","419-41","0419","0041","대웅(419-41)","월세","84.7650","202506","27","2,000","68","8","2002","경진로 31","202506~202706","신규","-","","","아파트"
"24041","대구광역시 북구 태전동","1244","1244","0000","대구태전역광신프로그레스","월세","84.9687","202506","27","2,000","90","1","2023","태전로7길 34","202507~202707","신규","-","","","아파트"
"24042","대구광역시 수성구 시지동","462-2","0462","0002","대백","월세","84.9850","202506","27","2,000","70","18","1992","달구벌대로625길 21","202509~202609","신규","-","","","아파트"
"24043","대구광역시 수성구 시지동","498","0498","0000","고산노변타운","월세","59.7500","202506","27","1,000","55","9","1996","시지로 55","202508~202708","신규","-","","","아파트"
"24044","대구광역시 수성구 범어동","375-3","0375","0003","보성","전세","52.4575","202506","27","10,000","0","2","1982","달구벌대로488길 42","202508~202708","신규","-","","","아파트"
"24045","대구광역시 수성구 신매동","580","0580","0000","시지청솔타운","전세","57.3900","202506","27","10,000","0","8","1995","고산로 70","202507~202707","신규","-","","","아파트"
"24046","대구광역시 수성구 중동","645","0645","0000","수성데시앙리버뷰","전세","110.9888","202506","27","41,000","0","1","2022","희망로20길 10","202507~202707","신규","-","","","아파트"
"24047","대구광역시 남구 이천동","214-456","0214","0456","강변타운","전세","59.8500","202506","27","14,000","0","10","1994","명덕로68길 19","202507~202707","신규","-","","","아파트"
"24048","대구광역시 동구 봉무동","1537","1537","0000","협성휴포레이시아폴리스","월세","84.9324","202506","27","2,000","110","15","2018","팔공로 260","202508~202708","신규","-","","","아파트"
"24049","대구광역시 중구 달성동","352","0352","0000","달성파크푸르지오힐스테이트","월세","59.7402","202506","27","3,000","80","5","2023","달성로 123","-","-","-","","","아파트"
"24050","대구광역시 남구 대명동","3066","3066","0000","앞산리슈빌앤리마크2단지","월세","84.9388","202506","27","5,000","80","7","2018","안지랑로 74","202508~202708","신규","-","","","아파트"
"24051","대구광역시 동구 사복동","852","0852","0000","혁신도시서한e스테이","월세","59.5100","202506","27","4,072","20","5","2020","혁신대로 504","202508~202708","갱신","-","4,072","20","아파트"
"24052","대구광역시 남구 대명동","3072","3072","0000","대명역센트럴엘리프","전세","84.6292","202506","27","33,000","0","25","2022","대명로14길 60","202509~202709","신규","-","","","아파트"
"24053","대구광역시 동구 신천동","101-4","0101","0004","오성파크2차","전세","84.2613","202506","27","20,000","0","18","2017","장등로 46","202508~202708","신규","-","","","아파트"
"24054","대구광역시 중구 남산동","2990","2990","0000","남산휴먼시아1단지","월세","51.8100","202506","27","6,019","10","17","2008","달구벌대로 1960","202507~202706","갱신","-","3,319","23","아파트"
"24055","대구광역시 동구 각산동","389-2","0389","0002","성지각산","월세","48.0700","202506","27","500","30","4","1989","반야월북로 155","202507~202707","갱신","-","500","40","아파트"
"24056","대구광역시 동구 각산동","1043","1043","0000","대구혁신엘에이치천년나무3단지","월세","84.1100","202506","27","1,000","80","8","2014","과학로13길 30","202506~202706","신규","-","","","아파트"
"24057","대구광역시 동구 율암동","1297","1297","0000","대구 파라곤 프레스티지","월세","84.9149","202506","27","3,000","90","6","2023","안심뉴타운7로 13","202506~202706","신규","-","","","아파트"
"24058","대구광역시 동구 봉무동","1537","1537","0000","협성휴포레이시아폴리스","전세","108.9831","202506","27","32,000","0","13","2018","팔공로 260","202507~202707","신규","-","","","아파트"
"24059","대구광역시 동구 봉무동","1529","1529","0000","대구이시아폴리스더샵4차","월세","84.9600","202506","27","2,000","95","14","2014","팔공로53길 40","202507~202707","신규","-","","","아파트"
"24060","대구광역시 중구 남산동","3030","3030","0000","남산자이하늘채","전세","59.1983","202506","27","27,000","0","1","2022","명덕로 33","202506~202706","신규","-","","","아파트"
"24061","대구광역시 중구 동인동1가","420","0420","0000","힐스테이트동인더스카이","전세","84.9389","202506","27","27,000","0","21","2025","태평로 240","202507~202707","신규","-","","","아파트"
"24062","대구광역시 중구 동인동1가","420","0420","0000","힐스테이트동인더스카이","전세","84.9389","202506","27","27,000","0","20","2025","태평로 240","202507~202707","신규","-","","","아파트"
"24063","대구광역시 중구 남산동","3030","3030","0000","남산자이하늘채","전세","84.8948","202506","27","34,500","0","31","2022","명덕로 33","202508~202708","신규","-","","","아파트"
"24064","대구광역시 서구 원대동3가","1649","1649","0000","서대구센트럴자이","월세","59.9497","202506","27","2,000","90","27","2023","고성로 33","202509~202708","신규","-","","","아파트"
"24065","대구광역시 서구 원대동3가","1649","1649","0000","서대구센트럴자이","월세","59.9497","202506","27","2,000","35","13","2023","고성로 33","202506~202706","신규","-","","","아파트"
"24066","대구광역시 동구 괴전동","655","0655","0000","안심역삼정그린코아더베스트","전세","84.6731","202506","27","25,000","0","6","2021","반야월북로 355","202509~202709","신규","-","","","아파트"
"24067","대구광역시 동구 신기동","160-91","0160","0091","율하아이리스","전세","81.8700","202506","27","11,000","0","10","2013","율하동로27길 16","202507~202707","신규","-","","","아파트"
"24068","대구광역시 동구 신천동","292-6","0292","0006","동대구유성푸르나임","월세","27.4700","202506","27","500","55","20","2014","동부로22길 48","202507~202607","신규","-","","","아파트"
"24069","대구광역시 동구 신암동","1833","1833","0000","이안동대구","전세","59.9210","202506","27","25,000","0","12","2018","송라로28길 14","202508~202708","신규","-","","","아파트"
"24070","대구광역시 동구 율하동","1093","1093","0000","우방아이유쉘","전세","84.9917","202506","27","19,000","0","11","2013","금호강변로3길 22","-","-","-","","","아파트"
"24071","대구광역시 북구 칠성동2가","738","0738","0000","대구역한라하우젠트센텀","전세","84.9482","202506","27","29,000","0","32","2021","칠성남로 100","202508~202708","신규","-","","","아파트"
"24072","대구광역시 동구 신천동","1507","1507","0000","동대구반도유보라","전세","84.6325","202506","27","28,000","0","17","2018","송라로16길 11","202507~202707","신규","-","","","아파트"
"24073","대구광역시 동구 신암동","622","0622","0000","보성1차","월세","68.3300","202506","27","1,000","30","2","1985","큰고개로 23","202506~202706","신규","-","","","아파트"
"24074","대구광역시 동구 신암동","1860","1860","0000","동대구역화성파크드림","전세","101.6708","202506","27","39,000","0","10","2023","동대구로 590","202508~202708","갱신","사용","39,000","0","아파트"
"24075","대구광역시 동구 신암동","1852","1852","0000","동대구해모로스퀘어웨스트","월세","59.8510","202506","27","2,000","90","5","2023","동북로 340","202507~202707","신규","-","","","아파트"
"24076","대구광역시 동구 신서동","755","0755","0000","신서동롯데캐슬레전드","전세","84.9644","202506","27","22,000","0","14","2007","안심로73길 22","202508~202708","신규","-","","","아파트"
"24077","대구광역시 중구 대신동","2106","2106","0000","대신센트럴자이","전세","84.8382","202506","27","27,300","0","16","2015","달구벌대로 1955","202507~202707","갱신","사용","26,000","0","아파트"
"24078","대구광역시 서구 평리동","632-9","0632","0009","서대구KTX영무예다음","월세","84.5785","202506","27","1,000","105","23","2023","당산로 446","202507~202607","신규","-","","","아파트"
"24079","대구광역시 중구 삼덕동2가","166","0166","0000","빌리브프리미어","전세","136.2159","202506","27","75,000","0","39","2023","공평로 6","202508~202708","신규","-","","","아파트"
"24080","대구광역시 서구 평리동","632-9","0632","0009","서대구KTX영무예다음","전세","84.4481","202506","27","21,000","0","7","2023","당산로 446","202507~202707","갱신","사용","20,000","0","아파트"
"24081","대구광역시 남구 봉덕동","1635","1635","0000","강변효성백년가약","월세","122.6031","202506","27","3,000","120","13","2012","봉덕로 135","202508~202708","신규","-","","","아파트"
"24082","대구광역시 남구 봉덕동","산89-3","0089","0003","미리내","월세","169.9400","202506","27","1,000","80","1","1982","효성로 13","202507~202707","신규","-","","","아파트"
"24083","대구광역시 남구 봉덕동","1639","1639","0000","봉덕화성파크드림","전세","72.6581","202506","27","23,000","0","3","2019","대봉로14길 30","202509~202708","신규","-","","","아파트"
"24084","대구광역시 중구 삼덕동2가","166","0166","0000","빌리브프리미어","전세","104.5014","202506","27","59,500","0","10","2023","공평로 6","202509~202709","신규","-","","","아파트"
"24085","대구광역시 남구 대명동","1824-1","1824","0001","이랜드PEER대명2단지","월세","59.5821","202506","27","12,080","31","7","2023","명덕로 148","202507~202707","신규","-","","","아파트"
"24086","대구광역시 남구 이천동","1181","1181","0000","대봉교역금호어울림에듀리버","전세","74.4741","202506","27","26,000","0","28","2024","대봉로30길 12","202508~202708","신규","-","","","아파트"
"24087","대구광역시 남구 이천동","1181","1181","0000","대봉교역금호어울림에듀리버","전세","74.4741","202506","27","26,000","0","28","2024","대봉로30길 12","202508~202708","신규","-","","","아파트"
"24088","대구광역시 남구 이천동","1181","1181","0000","대봉교역금호어울림에듀리버","전세","74.4741","202506","27","26,000","0","28","2024","대봉로30길 12","202509~202709","신규","-","","","아파트"
"24089","대구광역시 동구 숙천동","381","0381","0000","대구신서혁신엘에이치천년나무14단지","월세","26.9600","202506","27","2,712","7","4","2016","초례로16길 3","202506~202612","갱신","-","1,112","16","아파트"
"24090","대구광역시 서구 내당동","308-11","0308","0011","삼익뉴타운","전세","46.1350","202506","26","9,000","0","8","1981","평리로 236","202506~202706","신규","-","","","아파트"
"24091","대구광역시 동구 신천동","457","0457","0000","효신","월세","50.7800","202506","26","400","35","5","1981","동부로32길 99","202507~202606","신규","-","","","아파트"
"24092","대구광역시 동구 신천동","551-23","0551","0023","신천가람타운","전세","59.9100","202506","26","14,000","0","13","1997","신암로16길 33","202508~202708","갱신","사용","14,000","0","아파트"
"24093","대구광역시 동구 신암동","1887","1887","0000","동대구해모로스퀘어이스트","월세","84.9402","202506","26","2,000","105","9","2024","동북로75길 13","202507~202707","신규","-","","","아파트"
"24094","대구광역시 동구 신암동","1852","1852","0000","동대구해모로스퀘어웨스트","월세","59.8510","202506","26","2,000","80","5","2023","동북로 340","202506~202606","신규","-","","","아파트"
"24095","대구광역시 동구 신암동","1881","1881","0000","동대구더센트로데시앙","전세","59.9638","202506","26","20,000","0","18","2023","신암로20길 63","202509~202609","갱신","-","20,000","0","아파트"
"24096","대구광역시 중구 동산동","916","0916","0000","청라언덕역서한포레스트","월세","84.8493","202506","26","3,000","120","29","2022","달구벌대로 2021","202507~202707","신규","-","","","아파트"
"24097","대구광역시 동구 율하동","1448","1448","0000","율하센트럴파크9단지","전세","84.9400","202506","26","22,000","0","13","2009","안심로22길 76","202508~202711","신규","-","","","아파트"
"24098","대구광역시 남구 봉덕동","1292-216","1292","0216","반도C","월세","43.2900","202506","26","500","50","1","1981","효동길 58","202507~202706","신규","-","","","아파트"
"24099","대구광역시 남구 봉덕동","1361-1","1361","0001","태성맨션","월세","121.6800","202506","26","1,500","70","14","1995","효서2길 7","202507~202611","신규","-","","","아파트"
"24100","대구광역시 동구 각산동","1054","1054","0000","대구혁신엘에이치4단지","월세","59.7500","202506","26","2,000","60","2","2017","경안로 956","202507~202707","신규","-","","","아파트"
"24101","대구광역시 동구 각산동","1054","1054","0000","대구혁신엘에이치4단지","월세","59.7500","202506","26","14,600","5","4","2017","경안로 956","202507~202707","신규","-","","","아파트"
"24102","대구광역시 동구 각산동","1054","1054","0000","대구혁신엘에이치4단지","월세","59.7500","202506","26","2,000","60","2","2017","경안로 956","-","-","-","","","아파트"
"24103","대구광역시 동구 봉무동","1530","1530","0000","대구이시아폴리스더샵3차","전세","84.8500","202506","26","24,500","0","18","2013","팔공로51길 10","202508~202708","신규","-","","","아파트"
"24104","대구광역시 동구 봉무동","1529","1529","0000","대구이시아폴리스더샵4차","전세","84.9600","202506","26","20,000","0","3","2014","팔공로53길 40","202508~202708","신규","-","","","아파트"
"24105","대구광역시 동구 지저동","786-2","0786","0002","강산","전세","65.3500","202506","26","4,500","0","4","1991","해동로5길 23","202509~202709","신규","-","","","아파트"
"24106","대구광역시 서구 내당동","308-11","0308","0011","삼익뉴타운","전세","84.8800","202506","26","16,000","0","12","1983","평리로 236","202507~202707","신규","-","","","아파트"
"24107","대구광역시 동구 효목동","1322","1322","0000","동대구2차비스타동원","전세","84.9887","202506","26","18,900","0","12","2024","화랑로25길 60","202507~202707","갱신","사용","18,000","0","아파트"
"24108","대구광역시 서구 평리동","632-9","0632","0009","서대구KTX영무예다음","전세","84.4481","202506","26","24,000","0","22","2023","당산로 446","202507~202707","신규","-","","","아파트"
"24109","대구광역시 서구 평리동","632-9","0632","0009","서대구KTX영무예다음","전세","84.4481","202506","26","24,000","0","22","2023","당산로 446","202507~202707","신규","-","","","아파트"
"24110","대구광역시 동구 효목동","1322","1322","0000","동대구2차비스타동원","전세","84.9887","202506","26","18,900","0","12","2024","화랑로25길 60","202507~202707","갱신","사용","18,000","0","아파트"
"24111","대구광역시 동구 동호동","362","0362","0000","상록아파트","전세","59.7200","202506","26","9,786","0","13","2004","동호로 47","202506~202706","신규","-","","","아파트"
"24112","대구광역시 동구 동호동","362","0362","0000","상록아파트","전세","59.7200","202506","26","9,786","0","11","2004","동호로 47","202507~202707","신규","-","","","아파트"
"24113","대구광역시 동구 대림동","885","0885","0000","대구혁신도시서한이다음3차","월세","78.8497","202506","26","1,000","80","15","2016","혁신대로 443","202508~202802","신규","-","","","아파트"
"24114","대구광역시 동구 신서동","518-1","0518","0001","각산역더뉴클래스2차","월세","48.5988","202506","26","1,000","60","10","2015","반야월로 360","202506~202706","신규","-","","","아파트"
"24115","대구광역시 동구 지묘동","1386","1386","0000","LH뉴웰시티","전세","59.9900","202506","26","15,000","0","17","2021","동화천로77길 30","202507~202707","신규","-","","","아파트"
"24116","대구광역시 동구 지묘동","1386","1386","0000","LH뉴웰시티","월세","59.9900","202506","26","2,000","70","11","2021","동화천로77길 30","202507~202707","신규","-","","","아파트"
"24117","대구광역시 북구 칠성동2가","742","0742","0000","대구역자이더스타","월세","84.7313","202506","26","5,000","100","12","2025","칠성남로 150","202507~202607","신규","-","","","아파트"
"24118","대구광역시 북구 칠성동2가","715","0715","0000","대구역 서희스타힐스","전세","84.4900","202506","26","25,000","0","10","2012","칠성남로 101","202509~202709","신규","-","","","아파트"
"24119","대구광역시 중구 동인동1가","420","0420","0000","힐스테이트동인더스카이","월세","84.9389","202506","26","5,000","95","38","2025","태평로 240","202507~202707","신규","-","","","아파트"
"24120","대구광역시 중구 동인동1가","420","0420","0000","힐스테이트동인더스카이","월세","84.9389","202506","26","5,000","95","38","2025","태평로 240","202507~202707","신규","-","","","아파트"
"24121","대구광역시 달성군 논공읍 북리","803-3","0803","0003","평광현대","전세","35.7900","202506","26","3,200","0","5","1989","논공로21길 15","202508~202708","신규","-","","","아파트"
"24122","대구광역시 달성군 옥포읍 교항리","2998","2998","0000","옥포대성베르힐6단지","월세","84.9901","202506","26","2,000","70","10","2018","돌미로8길 19","202507~202707","신규","-","","","아파트"
"24123","대구광역시 달성군 구지면 응암리","1210","1210","0000","과학마을청아람","전세","59.8940","202506","26","12,000","0","8","2016","과학마을로 70","202508~202708","신규","-","","","아파트"
"24124","대구광역시 달서구 상인동","1587","1587","0000","시영은행","전세","59.9600","202506","26","10,000","0","7","1993","월곡로 112","202507~202707","갱신","사용","10,000","0","아파트"
"24125","대구광역시 달서구 상인동","1587","1587","0000","시영은행","전세","59.9600","202506","26","10,000","0","7","1993","월곡로 112","-","-","-","","","아파트"
"24126","대구광역시 달서구 감삼동","282-6","0282","0006","우인그레이스(102동)","월세","84.7550","202506","26","1,000","85","7","2016","감삼1길 104","202507~202706","신규","-","","","아파트"
"24127","대구광역시 달서구 상인동","1592","1592","0000","시영장미4","월세","49.8000","202506","26","200","30","6","1993","상화로 380","202507~202707","신규","-","","","아파트"
"24128","대구광역시 달성군 유가읍 봉리","604","0604","0000","남해오네뜨2차","전세","69.2570","202506","26","13,000","0","15","2016","테크노대로5길 57","202508~202708","신규","-","","","아파트"
"24129","대구광역시 달성군 유가읍 봉리","604","0604","0000","남해오네뜨2차","전세","69.2570","202506","26","11,500","0","5","2016","테크노대로5길 57","202508~202708","신규","-","","","아파트"
"24130","대구광역시 달서구 상인동","1591","1591","0000","시영장미3","월세","43.2000","202506","26","300","30","8","1993","상화로 370","202506~202706","신규","-","","","아파트"
"24131","대구광역시 중구 대봉동","60-10","0060","0010","센트로팰리스","전세","80.7060","202506","26","27,000","0","24","2007","대봉로 260","202509~202709","신규","-","","","아파트"
"24132","대구광역시 달서구 월성동","1835","1835","0000","월배e-편한세상","월세","84.9908","202506","26","2,000","120","28","2014","월성로 132","202508~202602","신규","-","","","아파트"
"24133","대구광역시 달서구 감삼동","521","0521","0000","우방드림시티","월세","105.1227","202506","26","10,000","50","15","2003","장기로 242","202506~202706","신규","-","","","아파트"
"24134","대구광역시 달서구 진천동","482-2","0482","0002","월송(다동)","월세","48.6150","202506","26","500","40","4","1982","상화로21길 64","202506~202706","신규","-","","","아파트"
"24135","대구광역시 달성군 다사읍 매곡리","719-3","0719","0003","강창한서꼼빠니아","전세","59.9600","202506","26","9,500","0","4","1996","달구벌대로 802-1","202507~202707","신규","-","","","아파트"
"24136","대구광역시 달성군 현풍읍 중리","486","0486","0000","대구테크노폴리스서한이다음","월세","66.8536","202506","26","2,000","70","3","2014","테크노상업로 33","202506~202706","신규","-","","","아파트"
"24137","대구광역시 달서구 진천동","508","0508","0000","진천역대성스카이렉스","월세","107.3136","202506","26","2,000","120","4","2008","월배로 80","202507~202707","신규","-","","","아파트"
"24138","대구광역시 달서구 진천동","508","0508","0000","진천역대성스카이렉스","월세","107.3136","202506","26","2,000","120","4","2008","월배로 80","202507~202707","신규","-","","","아파트"
"24139","대구광역시 수성구 사월동","464","0464","0000","사월보성","전세","84.9900","202506","26","18,000","0","5","1996","욱수천로 133","202507~202707","갱신","사용","22,000","0","아파트"
"24140","대구광역시 북구 매천동","753","0753","0000","한신더휴이스턴팰리스","전세","84.8281","202506","26","26,000","0","5","2019","매전로4길 31","202506~202706","갱신","사용","25,000","0","아파트"
"24141","대구광역시 수성구 매호동","1331","1331","0000","하나타운","전세","45.6900","202506","26","10,500","0","9","1995","고산로 123","202508~202708","신규","-","","","아파트"
"24142","대구광역시 북구 태전동","608-5","0608","0005","삼성","전세","84.9300","202506","26","17,550","0","20","1994","칠곡중앙대로52길 20","202507~202607","신규","-","","","아파트"
"24143","대구광역시 북구 읍내동","1449","1449","0000","학정역효성해링턴플레이스","전세","84.7997","202506","26","26,000","0","4","2018","관음로 295","202506~202706","신규","-","","","아파트"
"24144","대구광역시 북구 동천동","915","0915","0000","칠곡3화성타운","월세","59.9100","202506","26","1,000","60","4","1999","대천로 101","202508~202708","신규","-","","","아파트"
"24145","대구광역시 북구 대현동","531","0531","0000","대현한신휴플러스","월세","84.9700","202506","26","7,000","50","6","2010","대현남로 25","202506~202706","갱신","-","7,000","50","아파트"
"24146","대구광역시 수성구 만촌동","1040-1","1040","0001","해링턴플레이스만촌","전세","84.1492","202506","26","44,500","0","10","2023","청호로 490","202508~202708","신규","-","","","아파트"
"24147","대구광역시 수성구 시지동","28","0028","0000","시지태왕아너스","전세","84.8819","202506","26","23,000","0","3","2007","천을로 91","202508~202708","신규","-","","","아파트"
"24148","대구광역시 수성구 중동","650","0650","0000","수성골드클래스더센텀","전세","84.9740","202506","26","35,000","0","25","2021","수성로 185","202507~202707","신규","-","","","아파트"
"24149","대구광역시 수성구 중동","657","0657","0000","수성뷰웰리버파크","월세","84.7772","202506","26","3,000","120","21","2023","수성로41길 41","202507~202607","신규","-","","","아파트"
"24150","대구광역시 수성구 수성동1가","613","0613","0000","신세계타운","전세","84.9800","202506","26","20,000","0","10","1989","신천동로 320","202508~202708","신규","-","","","아파트"
"24151","대구광역시 수성구 범물동","1382","1382","0000","삼주타운","전세","59.9100","202506","26","13,000","0","14","1993","범안로8길 35","202507~202707","신규","-","","","아파트"
"24152","대구광역시 수성구 범물동","1328","1328","0000","서한화성타운","전세","133.9200","202506","26","24,000","0","7","1992","지범로40길 11","202509~202708","신규","-","","","아파트"
"24153","대구광역시 수성구 범어동","2257","2257","0000","범어센트럴푸르지오","전세","84.9930","202506","26","45,000","0","40","2019","상록로 15","202507~202802","갱신","-","40,000","0","아파트"
"24154","대구광역시 북구 구암동","786","0786","0000","그린빌3차","월세","49.7100","202506","26","1,000","60","6","2000","구암서로 41","202507~202607","신규","-","","","아파트"
"24155","대구광역시 수성구 범어동","2030","2030","0000","래미안수성","전세","134.5680","202506","26","33,000","0","3","2008","상록로 69","202508~202708","신규","-","","","아파트"
"24156","대구광역시 북구 국우동","1238","1238","0000","힐스테이트데시앙도남2단지","전세","84.8595","202506","26","30,000","0","12","2021","도남길 16","202508~202708","신규","-","","","아파트"
"24157","대구광역시 수성구 만촌동","1356-7","1356","0007","메트로팔레스2","전세","84.9300","202506","26","25,000","0","18","2003","동원로 123","202506~202706","갱신","-","29,000","0","아파트"
"24158","대구광역시 북구 고성동1가","260","0260","0000","대구역오페라W","전세","78.9091","202506","26","21,000","0","44","2023","칠성남로 50","202507~202707","갱신","사용","20,000","0","아파트"
"24159","대구광역시 수성구 매호동","1331","1331","0000","하나타운","전세","45.6900","202506","26","10,500","0","9","1995","고산로 123","202508~202708","신규","-","","","아파트"
"24160","대구광역시 수성구 중동","641","0641","0000","수성효성해링턴플레이스","월세","110.9713","202506","26","3,000","150","13","2020","희망로24길 24","202507~202607","신규","-","","","아파트"
"24161","대구광역시 수성구 범어동","2257","2257","0000","범어센트럴푸르지오","전세","84.9930","202506","26","45,000","0","40","2019","상록로 15","202507~202802","갱신","-","40,000","0","아파트"
"24162","대구광역시 북구 도남동","908","0908","0000","대구도남LH2단지","월세","29.0400","202506","26","2,698","7","2","2023","도남중앙로22길 10","202507~202706","갱신","-","969","15","아파트"
"24163","대구광역시 수성구 만촌동","1489","1489","0000","만촌자이르네","전세","84.9918","202506","26","47,250","0","5","2023","교학로19길 19","202510~202710","갱신","사용","45,000","0","아파트"
"24164","대구광역시 북구 국우동","1080","1080","0000","그린빌6단지","월세","51.4900","202506","26","1,000","50","3","2002","학정동로 10","202507~202707","신규","-","","","아파트"
"24165","대구광역시 북구 구암동","786","0786","0000","그린빌3차","전세","49.7100","202506","26","11,900","0","6","2000","구암서로 41","202507~202707","신규","-","","","아파트"
"24166","대구광역시 북구 복현동","368-1","0368","0001","광명","월세","46.6250","202506","26","500","40","3","1980","동북로65길 13","202508~202708","신규","-","","","아파트"
"24167","대구광역시 북구 복현동","368-1","0368","0001","광명","월세","46.6250","202506","26","500","40","3","1980","동북로65길 13","202508~202708","신규","-","","","아파트"
"24168","대구광역시 북구 사수동","837","0837","0000","대구금호엘에이치천년나무1단지","월세","36.9800","202506","26","3,160","8","19","2014","한강로 55","202507~202706","갱신","-","3,094","7","아파트"
"24169","대구광역시 북구 연경동","923","0923","0000","연경숲","월세","59.9300","202506","26","8,300","25","6","2020","연경중앙로 55","202408~202607","갱신","-","4,600","43","아파트"
"24170","대구광역시 수성구 수성동1가","894","0894","0000","수성자이르네","월세","84.6869","202506","26","5,000","130","17","2024","수성로 295","202506~202706","신규","-","","","아파트"
"24171","대구광역시 북구 읍내동","1351","1351","0000","산호한양","월세","59.8200","202506","26","1,000","47","9","1993","대천로7길 40","202507~202707","신규","-","","","아파트"
"24172","대구광역시 북구 침산동","1761","1761","0000","침산화성파크드림","전세","84.9638","202506","25","30,000","0","11","2017","성북로 70","202508~202708","갱신","사용","30,000","0","아파트"
"24173","대구광역시 북구 침산동","233-3","0233","0003","동아침산2무지개","전세","59.7600","202506","25","17,000","0","9","1999","침산로21길 10","202509~202709","신규","-","","","아파트"
"24174","대구광역시 북구 동천동","915","0915","0000","칠곡3화성타운","월세","59.9100","202506","25","1,000","50","14","1999","대천로 101","202508~202708","신규","-","","","아파트"
"24175","대구광역시 북구 사수동","789","0789","0000","브라운스톤강북","월세","84.9500","202506","25","2,000","75","10","2015","내곡로 89","202506~202707","신규","-","","","아파트"
"24176","대구광역시 북구 동천동","890","0890","0000","칠곡네스빌","전세","84.5826","202506","25","24,000","0","18","2004","동천로 155","202509~202709","신규","-","","","아파트"
"24177","대구광역시 수성구 수성동1가","272-11","0272","0011","우방한가람타운","전세","59.9300","202506","25","15,000","0","6","1995","명덕로 368","202506~202706","신규","-","","","아파트"
"24178","대구광역시 수성구 수성동1가","890","0890","0000","더샵수성오클레어","월세","84.9497","202506","25","2,000","120","5","2023","희망로19길 29","202507~202707","신규","-","","","아파트"
"24179","대구광역시 수성구 수성동1가","112-7","0112","0007","수성그린타운","월세","84.9287","202506","25","2,000","110","11","2005","달구벌대로458길 17","202508~202708","신규","-","","","아파트"
"24180","대구광역시 수성구 수성동1가","894","0894","0000","수성자이르네","전세","59.7462","202506","25","27,000","0","6","2024","수성로 295","202507~202707","신규","-","","","아파트"
"24181","대구광역시 수성구 범물동","1281","1281","0000","청구타운","월세","59.9100","202506","25","1,000","60","3","1992","지범로39길 12","202509~202709","신규","-","","","아파트"
"24182","대구광역시 수성구 신매동","569","0569","0000","시지대백신화창신맨션","월세","59.7500","202506","25","1,000","50","2","1994","고산로 90","202507~202707","신규","-","","","아파트"
"24183","대구광역시 수성구 지산동","1297-3","1297","0003","지산서한이다음아파트","전세","59.5600","202506","25","14,000","0","8","1991","용학로 313","202508~202708","신규","-","","","아파트"
"24184","대구광역시 수성구 지산동","1297-3","1297","0003","지산서한이다음아파트","전세","59.5600","202506","25","14,000","0","8","1991","용학로 313","202508~202708","신규","-","","","아파트"
"24185","대구광역시 수성구 지산동","1234-1","1234","0001","지산2단지","월세","59.9700","202506","25","1,000","52","2","1991","지산로 5","202507~202707","신규","-","","","아파트"
"24186","대구광역시 북구 대현동","527","0527","0000","대현뜨란채","월세","59.4400","202506","25","2,000","70","10","2006","대현남로 28","202507~202707","신규","-","","","아파트"
"24187","대구광역시 북구 태전동","936","0936","0000","롯데","전세","84.9900","202506","25","12,500","0","2","1993","구암로 12","202506~202706","신규","-","","","아파트"
"24188","대구광역시 북구 태전동","1066","1066","0000","칠곡대백맨션","전세","84.9200","202506","25","11,000","0","6","1993","관음로 24","202508~202708","신규","-","","","아파트"
"24189","대구광역시 수성구 범어동","2272","2272","0000","범어에일린의뜰","전세","84.9410","202506","25","45,000","0","8","2021","청솔로14길 15","202507~202707","신규","-","","","아파트"
"24190","대구광역시 북구 고성동1가","265","0265","0000","힐스테이트대구역오페라","월세","59.8790","202506","25","2,500","80","2","2024","칠성남로 30","202507~202707","신규","-","","","아파트"
"24191","대구광역시 북구 관음동","1370","1370","0000","칠곡한양2","월세","41.2650","202506","25","500","35","8","1993","구암로 17","202508~202708","신규","-","","","아파트"
"24192","대구광역시 수성구 만촌동","995-1","0995","0001","만촌태왕리더스","전세","84.9562","202506","25","24,000","0","14","2004","무열로 47","202508~202708","신규","-","","","아파트"
"24193","대구광역시 수성구 만촌동","995-1","0995","0001","만촌태왕리더스","전세","117.6290","202506","25","32,000","0","13","2004","무열로 47","202509~202709","신규","-","","","아파트"
"24194","대구광역시 수성구 만촌동","1497","1497","0000","만촌역태왕디아너스","월세","84.9541","202506","25","5,000","140","17","2024","달구벌대로 2599","202508~202708","신규","-","","","아파트"
"24195","대구광역시 수성구 상동","555","0555","0000","수성동일하이빌레이크시티","월세","118.7664","202506","25","3,000","150","5","2009","수성로 71","202507~202707","신규","-","","","아파트"
"24196","대구광역시 북구 구암동","786","0786","0000","그린빌3차","월세","49.7100","202506","25","500","60","13","2000","구암서로 41","202507~202707","신규","-","","","아파트"
"24197","대구광역시 수성구 중동","657","0657","0000","수성뷰웰리버파크","전세","75.7297","202506","25","40,000","0","9","2023","수성로41길 41","202507~202707","갱신","사용","40,000","0","아파트"
"24198","대구광역시 수성구 중동","657","0657","0000","수성뷰웰리버파크","전세","75.7297","202506","25","40,000","0","9","2023","수성로41길 41","202507~202707","갱신","사용","40,000","0","아파트"
"24199","대구광역시 북구 복현동","539-114","0539","0114","복현건영","월세","59.8800","202506","25","1,000","55","3","1998","검단로 28","202506~202706","신규","-","","","아파트"
"24200","대구광역시 북구 복현동","241-1","0241","0001","복현블루밍브라운스톤명문세가","월세","85.0000","202506","25","7,880","16","4","2011","복현로 50","202509~202709","갱신","-","8,753","18","아파트"
"24201","대구광역시 북구 팔달동","145","0145","0000","대백인터빌","전세","39.4900","202506","25","10,000","0","11","2002","작원길 25","202507~202707","신규","-","","","아파트"
"24202","대구광역시 동구 효목동","337","0337","0000","태왕메트로시티","월세","84.9200","202506","25","1,500","75","9","2003","동북로 500","202506~202706","신규","-","","","아파트"
"24203","대구광역시 남구 이천동","1177","1177","0000","대봉교역태왕아너스","월세","84.7801","202506","25","2,000","110","19","2023","대봉로30길 15","202507~202707","신규","-","","","아파트"
"24204","대구광역시 서구 중리동","26-1","0026","0001","중리롯데캐슬","전세","100.6960","202506","25","22,000","0","15","2009","국채보상로34길 12","202508~202708","신규","-","","","아파트"
"24205","대구광역시 북구 칠성동2가","740","0740","0000","빌리브루센트","전세","84.1014","202506","25","33,000","0","17","2025","칠성남로 130","202507~202707","신규","-","","","아파트"
"24206","대구광역시 남구 봉덕동","1638","1638","0000","봉덕한라하우젠트퍼스트","월세","84.8795","202506","25","2,000","85","1","2018","봉덕로21길 53-16","202506~202706","신규","-","","","아파트"
"24207","대구광역시 중구 교동","8","0008","0000","노마즈하우스","월세","14.5980","202506","25","300","35","16","2014","공평로 105","202506~202606","신규","-","","","아파트"
"24208","대구광역시 중구 남산동","3016","3016","0000","e편한세상남산","전세","59.9875","202506","25","27,000","0","8","2020","달구벌대로 2020","202506~202606","갱신","-","25,000","0","아파트"
"24209","대구광역시 동구 신서동","513-1","0513","0001","신서동신일해피트리","월세","84.4800","202506","25","1,000","75","4","2007","반야월로 370","202507~202707","신규","-","","","아파트"
"24210","대구광역시 동구 동호동","362","0362","0000","상록아파트","전세","59.7200","202506","25","8,807","0","1","2004","동호로 47","202509~202709","갱신","-","12,502","0","아파트"
"24211","대구광역시 동구 동호동","362","0362","0000","상록아파트","전세","59.7200","202506","25","9,786","0","13","2004","동호로 47","202508~202708","갱신","-","10,528","8","아파트"
"24212","대구광역시 남구 대명동","3046-1","3046","0001","골든뷰파크","전세","77.0369","202506","25","13,500","0","7","2016","성당로 138","202506~202706","신규","-","","","아파트"
"24213","대구광역시 동구 신암동","1860","1860","0000","동대구역화성파크드림","전세","84.8163","202506","25","33,000","0","10","2023","동대구로 590","202508~202708","신규","-","","","아파트"
"24214","대구광역시 동구 효목동","1322","1322","0000","동대구2차비스타동원","전세","84.9887","202506","25","22,300","0","5","2024","화랑로25길 60","202508~202708","갱신","-","20,500","0","아파트"
"24215","대구광역시 동구 효목동","1322","1322","0000","동대구2차비스타동원","월세","84.9887","202506","25","2,000","100","10","2024","화랑로25길 60","202508~202708","신규","-","","","아파트"
"24216","대구광역시 동구 신서동","543","0543","0000","아름다운나날1","전세","84.6688","202506","25","17,000","0","3","2003","안심로 402","202508~202708","신규","-","","","아파트"
"24217","대구광역시 중구 삼덕동2가","328","0328","0000","동성로SK리더스뷰","월세","84.9700","202506","25","3,000","150","30","2024","공평로 36","202507~202707","신규","-","","","아파트"
"24218","대구광역시 중구 태평로3가","211-1","0211","0001","힐스테이트대구역퍼스트2차","월세","84.7217","202506","25","3,000","105","36","2025","태평로 101","202507~202707","신규","-","","","아파트"
"24219","대구광역시 중구 남산동","3000","3000","0000","극동스타클래스남산","월세","78.8617","202506","25","2,000","105","7","2014","남산로 30","202507~202602","신규","-","","","아파트"
"24220","대구광역시 동구 신기동","576","0576","0000","신기모란2차","월세","49.5000","202506","25","500","40","4","1988","율하동로20길 30","202507~202707","신규","-","","","아파트"
"24221","대구광역시 남구 이천동","1177","1177","0000","대봉교역태왕아너스","월세","84.9180","202506","25","9,000","46","5","2023","대봉로30길 15","202506~202606","신규","-","","","아파트"
"24222","대구광역시 남구 이천동","1177","1177","0000","대봉교역태왕아너스","월세","84.9511","202506","25","2,000","100","12","2023","대봉로30길 15","202508~202707","갱신","-","2,000","100","아파트"
"24223","대구광역시 중구 수창동","173","0173","0000","대구역센트럴자이","전세","84.6421","202506","25","28,000","0","21","2017","서성로 99","202507~202707","신규","-","","","아파트"
"24224","대구광역시 중구 동인동3가","414","0414","0000","엑소디움센트럴동인","전세","84.9715","202506","25","30,000","0","7","2023","국채보상로139길 40","202506~202706","신규","-","","","아파트"
"24225","대구광역시 달서구 진천동","847","0847","0000","월배역디엘라온프라이빗","월세","99.8395","202506","25","3,000","145","20","2024","월배로 159","202508~202708","신규","-","","","아파트"
"24226","대구광역시 중구 대봉동","44-10","0044","0010","청운맨션","월세","105.1100","202506","25","10,000","40","5","1986","동덕로 33","202506~202706","신규","-","","","아파트"
"24227","대구광역시 달서구 월성동","1551","1551","0000","월성동코오롱하늘채2단지","전세","126.1993","202506","25","40,000","0","6","2007","조암남로16길 20","202506~202706","갱신","-","40,000","0","아파트"
"24228","대구광역시 달성군 다사읍 서재리","1134","1134","0000","메가시티태왕아너스","월세","114.0731","202506","25","3,000","115","18","2022","궁산2길 12","202507~202707","신규","-","","","아파트"
"24229","대구광역시 달서구 두류동","2346","2346","0000","두류센트레빌더시티","월세","59.4283","202506","25","2,000","80","3","2022","당산로36길 11","202506~202706","신규","-","","","아파트"
"24230","대구광역시 달성군 유가읍 봉리","601","0601","0000","하나리움퀸즈파크","전세","59.9814","202506","25","12,700","0","21","2015","테크노북로 164","202507~202707","신규","-","","","아파트"
"24231","대구광역시 달성군 유가읍 봉리","601","0601","0000","하나리움퀸즈파크","전세","59.9814","202506","25","12,700","0","21","2015","테크노북로 164","202507~202707","신규","-","","","아파트"
"24232","대구광역시 달성군 화원읍 본리리","1-2","0001","0002","(화원)청구청탑맨션","월세","84.9250","202506","25","1,000","53","15","1995","비슬로 2674","202506~202706","신규","-","","","아파트"
"24233","대구광역시 달서구 유천동","612","0612","0000","대구월배2차아이파크","월세","84.5402","202506","25","3,000","115","6","2016","월배로5길 76","202507~202707","신규","-","","","아파트"
"24234","대구광역시 수성구 욱수동","731","0731","0000","시지삼정그린코아포레스트","전세","84.8163","202506","25","33,750","0","8","2023","욱수천로2길 22","202506~202706","신규","-","","","아파트"
"24235","대구광역시 달서구 본동","616","0616","0000","월성주공5","월세","38.6400","202506","25","300","25","12","1992","구마로12길 89","202506~202706","신규","-","","","아파트"
"24236","대구광역시 달성군 화원읍 천내리","118","0118","0000","화원창신맨션","월세","80.7600","202506","25","1,000","50","1","1990","화원로 36","202405~202605","신규","-","","","아파트"
"24237","대구광역시 달서구 상인동","150-11","0150","0011","상인역신일해피트리","전세","84.4800","202506","25","30,000","0","21","2007","월서로 31","202506~202706","갱신","-","34,500","0","아파트"
"24238","대구광역시 달서구 두류동","2363","2363","0000","두류센트레빌더파크","전세","59.9570","202506","25","24,500","0","4","2024","당산로36길 37","202507~202707","신규","-","","","아파트"
"24239","대구광역시 수성구 노변동","440","0440","0000","노변대백","월세","134.8600","202506","25","1,000","70","17","1999","노변로 11","202507~202512","신규","-","","","아파트"
"24240","대구광역시 달서구 상인동","42","0042","0000","보성은하","전세","84.9600","202506","25","21,000","0","11","1994","월곡로 320","202508~202708","신규","-","","","아파트"
"24241","대구광역시 달성군 화원읍 명곡리","220","0220","0000","미래빌5단지","월세","59.4200","202506","25","4,000","35","6","2001","명천로 243","202506~202703","갱신","-","6,000","30","아파트"
"24242","대구광역시 달성군 화원읍 명곡리","130","0130","0000","명곡미래빌3","월세","59.3900","202506","25","1,000","65","17","2000","명곡로 30","202507~202601","신규","-","","","아파트"
"24243","대구광역시 달성군 화원읍 명곡리","130","0130","0000","명곡미래빌3","월세","59.3900","202506","25","1,000","50","14","2000","명곡로 30","202506~202706","갱신","-","1,000","37","아파트"
"24244","대구광역시 달서구 대곡동","1126","1126","0000","수목원서한이다음","월세","101.8700","202506","25","14,000","40","3","2018","한실로6길 123","202507~202707","신규","-","","","아파트"
"24245","대구광역시 달서구 감삼동","287-57","0287","0057","성당코오롱하늘채","전세","140.1546","202506","25","30,000","0","2","2007","장기로 160","202507~202707","신규","-","","","아파트"
"24246","대구광역시 달서구 월성동","1300","1300","0000","월성래미안","월세","84.9724","202506","25","2,000","100","13","2006","상원로 143","202507~202707","신규","-","","","아파트"
"24247","대구광역시 달서구 본리동","352-4","0352","0004","유림노르웨이아침","월세","134.2570","202506","25","2,000","100","7","2008","구마로 97","202507~202707","신규","-","","","아파트"
"24248","대구광역시 달서구 본리동","76-1","0076","0001","성당래미안e-편한세상2단지","월세","84.9600","202506","25","2,000","80","1","2009","장기로 145","202507~202707","신규","-","","","아파트"
"24249","대구광역시 수성구 욱수동","731","0731","0000","시지삼정그린코아포레스트","전세","84.8163","202506","25","37,500","0","8","2023","욱수천로2길 22","202506~202706","신규","-","","","아파트"
"24250","대구광역시 달성군 다사읍 죽곡리","129-1","0129","0001","강창하이츠","전세","59.9400","202506","25","10,000","0","15","1999","달구벌대로 812","202507~202707","신규","-","","","아파트"
"24251","대구광역시 달서구 상인동","42","0042","0000","보성은하","전세","59.8800","202506","25","12,300","0","1","1994","월곡로 320","202506~202706","갱신","-","12,000","0","아파트"
"24252","대구광역시 달서구 이곡동","1194-2","1194","0002","성서대백창신한라타운","월세","59.9600","202506","25","1,000","55","9","1994","성서서로 316","202507~202707","신규","-","","","아파트"
"24253","대구광역시 달서구 두류동","2348","2348","0000","두류파크KCC스위첸","월세","84.9700","202506","25","2,000","100","16","2023","파도고개로 70","202507~202605","신규","-","","","아파트"
"24254","대구광역시 달서구 송현동","1911","1911","0000","월성","전세","42.0800","202506","25","4,500","0","3","1981","송현로16길 43","202506~202806","갱신","-","7,000","0","아파트"
"24255","대구광역시 달성군 현풍읍 대리","1176","1176","0000","국가산단서한이다음아파트","월세","74.5500","202506","25","4,047","23","3","2019","국가산단대로70길 41","202509~202709","신규","-","","","아파트"
"24256","대구광역시 달성군 구지면 창리","1434","1434","0000","대구국가산단디에트르더센트럴","월세","84.9425","202506","25","2,000","75","19","2021","국가산단대로70길 17","202507~202707","신규","-","","","아파트"
"24257","대구광역시 달서구 감삼동","479","0479","0000","감삼에이원","월세","49.3980","202506","24","1,000","70","15","2019","와룡로 145","202506~202706","신규","-","","","아파트"
"24258","대구광역시 달서구 도원동","1442","1442","0000","별메마을","월세","37.6700","202506","24","1,000","40","5","1996","도원로 46","202506~202606","신규","-","","","아파트"
"24259","대구광역시 달성군 유가읍 봉리","605","0605","0000","호반베르디움","월세","64.6191","202506","24","2,000","67","12","2016","테크노대로5길 58","202506~202706","신규","-","","","아파트"
"24260","대구광역시 달성군 유가읍 봉리","627","0627","0000","반도유보라","전세","70.3895","202506","24","18,900","0","6","2016","테크노대로 195","202509~202709","신규","-","","","아파트"
"24261","대구광역시 달성군 유가읍 봉리","604","0604","0000","남해오네뜨2차","전세","75.5935","202506","24","12,000","0","5","2016","테크노대로5길 57","202508~202707","신규","-","","","아파트"
"24262","대구광역시 달서구 진천동","205-1","0205","0001","귀빈맨션","전세","79.0200","202506","24","12,000","0","5","1990","월배로32안길 61","202507~202707","신규","-","","","아파트"
"24263","대구광역시 달서구 월성동","536","0536","0000","월성e-편한세상","전세","155.8010","202506","24","60,000","0","24","2009","조암남로 10","202510~202710","신규","-","","","아파트"
"24264","대구광역시 달성군 논공읍 북리","824-178","0824","0178","평광현대3","월세","54.6900","202506","24","100","19","6","1990","용호로 6","202509~203009","신규","-","","","아파트"
"24265","대구광역시 달서구 월성동","1863","1863","0000","월성협성휴포레","전세","84.9664","202506","24","30,000","0","12","2016","조암로10길 11","202508~202708","신규","-","","","아파트"
"24266","대구광역시 달서구 상인동","1600","1600","0000","상인역모아엘가파크뷰","전세","59.9800","202506","24","21,500","0","2","2019","상화북로 162","202508~202708","신규","-","","","아파트"
"24267","대구광역시 달서구 상인동","1592","1592","0000","시영장미4","월세","49.8000","202506","24","500","48","15","1993","상화로 380","202507~202707","신규","-","","","아파트"
"24268","대구광역시 달성군 화원읍 명곡리","220","0220","0000","미래빌5단지","월세","49.5500","202506","24","1,000","47","6","2001","명천로 243","202506~202706","신규","-","","","아파트"
"24269","대구광역시 달성군 다사읍 매곡리","1582","1582","0000","다사역금호어울림센트럴","전세","84.9045","202506","24","30,000","0","13","2023","다사로 71","202508~202708","신규","-","","","아파트"
"24270","대구광역시 달성군 다사읍 매곡리","1582","1582","0000","다사역금호어울림센트럴","전세","84.9350","202506","24","26,700","0","12","2023","다사로 71","202507~202707","갱신","-","25,000","0","아파트"
"24271","대구광역시 달성군 현풍읍 대리","1176","1176","0000","국가산단서한이다음아파트","월세","74.8000","202506","24","5,603","22","14","2019","국가산단대로70길 41","202509~202709","갱신","-","5,400","21","아파트"
"24272","대구광역시 달서구 본리동","196-1","0196","0001","본리롯데캐슬2차","전세","84.9860","202506","24","21,000","0","14","2009","대명천로 119","202509~202709","신규","-","","","아파트"
"24273","대구광역시 달서구 진천동","843","0843","0000","진천역라온프라이빗센텀","월세","68.9202","202506","24","2,000","110","13","2022","진천로16길 26","202507~202707","신규","-","","","아파트"
"24274","대구광역시 달성군 현풍읍 중리","484","0484","0000","제일풍경채더퍼스트","전세","84.1955","202506","24","18,000","0","1","2016","테크노상업로 49","202507~202707","신규","-","","","아파트"
"24275","대구광역시 중구 대봉동","783","0783","0000","대봉서한이다음","전세","84.7772","202506","24","30,000","0","22","2024","명덕로 241","202507~202707","신규","-","","","아파트"
"24276","대구광역시 중구 대봉동","783","0783","0000","대봉서한이다음","전세","84.7772","202506","24","32,000","0","10","2024","명덕로 241","202508~202708","신규","-","","","아파트"
"24277","대구광역시 중구 대봉동","783","0783","0000","대봉서한이다음","전세","84.7772","202506","24","32,000","0","10","2024","명덕로 241","202508~202708","신규","-","","","아파트"
"24278","대구광역시 달서구 월성동","1863","1863","0000","월성협성휴포레","전세","84.9249","202506","24","29,000","0","3","2016","조암로10길 11","202508~202708","신규","-","","","아파트"
"24279","대구광역시 달성군 화원읍 설화리","1157","1157","0000","설화명곡역우방아이유쉘","월세","59.9789","202506","24","2,000","72","25","2023","비슬로 2417","202507~202707","신규","-","","","아파트"
"24280","대구광역시 북구 태전동","169-2","0169","0002","우방타운","월세","59.9850","202506","24","500","50","8","1992","매천로 220","202507~202707","신규","-","","","아파트"
"24281","대구광역시 북구 구암동","655-1","0655","0001","칠곡서한타운3","월세","70.2700","202506","24","1,000","65","13","1996","구암로32길 14","202506~202706","갱신","-","1,000","65","아파트"
"24282","대구광역시 북구 침산동","372-3","0372","0003","대한동아무지개","월세","59.7600","202506","24","3,000","50","7","1999","침산로21길 24","202507~202707","신규","-","","","아파트"
"24283","대구광역시 수성구 범물동","1382","1382","0000","삼주타운","전세","59.9100","202506","24","11,000","0","12","1993","범안로8길 35","202507~202707","신규","-","","","아파트"
"24284","대구광역시 수성구 범물동","1336","1336","0000","범물한라창신태성맨션","전세","122.1700","202506","24","25,000","0","6","1992","용학로 272","202507~202707","신규","-","","","아파트"
"24285","대구광역시 수성구 범물동","1382","1382","0000","삼주타운","전세","59.9100","202506","24","11,000","0","12","1993","범안로8길 35","202507~202707","신규","-","","","아파트"
"24286","대구광역시 북구 침산동","233-3","0233","0003","동아침산2무지개","전세","84.7400","202506","24","20,000","0","9","1999","침산로21길 10","202507~202707","신규","-","","","아파트"
"24287","대구광역시 수성구 중동","657","0657","0000","수성뷰웰리버파크","전세","84.7772","202506","24","31,000","0","6","2023","수성로41길 41","202508~202708","신규","-","","","아파트"
"24288","대구광역시 수성구 만촌동","1172-1","1172","0001","산장맨션","월세","84.7800","202506","24","2,000","70","9","1990","교학로 111","202506~202706","신규","-","","","아파트"
"24289","대구광역시 북구 고성동1가","275","0275","0000","태왕THE아너스오페라","전세","84.8822","202506","24","32,000","0","44","2025","칠성남로 10","202508~202708","신규","-","","","아파트"
"24290","대구광역시 북구 대현동","531","0531","0000","대현한신휴플러스","월세","59.8800","202506","24","2,000","70","21","2010","대현남로 25","202506~202706","신규","-","","","아파트"
"24291","대구광역시 북구 사수동","812","0812","0000","서희스타힐스테이","월세","84.9924","202506","24","15,000","26","13","2019","내곡로 90","202508~202708","신규","-","","","아파트"
"24292","대구광역시 북구 복현동","241-1","0241","0001","복현블루밍브라운스톤명문세가","월세","76.0000","202506","24","9,048","13","13","2011","복현로 50","202509~202709","갱신","-","17,026","0","아파트"
"24293","대구광역시 북구 고성동1가","275","0275","0000","태왕THE아너스오페라","월세","121.8288","202506","24","4,000","145","41","2025","칠성남로 10","202508~202708","신규","-","","","아파트"
"24294","대구광역시 북구 침산동","233-3","0233","0003","동아침산2무지개","전세","84.7400","202506","24","20,000","0","9","1999","침산로21길 10","202507~202707","신규","-","","","아파트"
"24295","대구광역시 수성구 수성동4가","1090-5","1090","0005","쌍용화성","월세","84.9000","202506","24","5,000","85","1","1996","수성로 411","202506~202706","신규","-","","","아파트"
"24296","대구광역시 북구 구암동","788","0788","0000","그린빌4차","전세","59.8300","202506","24","15,000","0","2","2001","구암서로 22","202509~202708","신규","-","","","아파트"
"24297","대구광역시 북구 동천동","950","0950","0000","화성센트럴파크","전세","84.9870","202506","24","26,000","0","9","2003","대천로 100","202508~202708","신규","-","","","아파트"
"24298","대구광역시 북구 동천동","872","0872","0000","보성서한타운","월세","42.6800","202506","24","500","38","9","1995","팔거천동로 104","202506~202706","신규","-","","","아파트"
"24299","대구광역시 북구 복현동","241-1","0241","0001","복현블루밍브라운스톤명문세가","전세","76.0000","202506","24","15,080","0","11","2011","복현로 50","202509~202709","갱신","-","18,217","0","아파트"
"24300","대구광역시 북구 복현동","241-1","0241","0001","복현블루밍브라운스톤명문세가","월세","76.0000","202506","24","3,016","25","9","2011","복현로 50","202509~202709","갱신","-","11,351","10","아파트"
"24301","대구광역시 북구 복현동","713","0713","0000","e편한세상복현","전세","74.9863","202506","24","23,000","0","10","2021","동북로 247","202507~202707","갱신","사용","23,000","0","아파트"
"24302","대구광역시 북구 복현동","241-1","0241","0001","복현블루밍브라운스톤명문세가","월세","85.0000","202506","24","12,608","7","13","2011","복현로 50","202509~202709","갱신","-","12,251","6","아파트"
"24303","대구광역시 북구 국우동","1137","1137","0000","대구도남엘에이치1단지","월세","44.2300","202506","24","6,035","5","7","2022","도남길 96","202508~202707","갱신","-","4,198","21","아파트"
"24304","대구광역시 북구 국우동","1079","1079","0000","부영1차","전세","81.1563","202506","24","21,000","0","16","2002","학정동로 7","202507~202707","신규","-","","","아파트"
"24305","대구광역시 수성구 범어동","88-6","0088","0006","범어청구하이츠","월세","134.9900","202506","24","20,000","150","17","2000","청호로84안길 2","202508~202708","신규","-","","","아파트"
"24306","대구광역시 수성구 범어동","320","0320","0000","경남타운","월세","84.5500","202506","24","2,000","50","4","1982","범어로 27","202507~202707","갱신","-","16,000","0","아파트"
"24307","대구광역시 수성구 범어동","2017","2017","0000","청구성조타운","월세","59.4550","202506","24","2,000","58","3","1996","국채보상로 846","202507~202707","신규","-","","","아파트"
"24308","대구광역시 수성구 황금동","365","0365","0000","캐슬골드파크4단지","월세","74.6200","202506","24","2,000","110","5","2006","청수로 261","202507~202707","신규","-","","","아파트"
"24309","대구광역시 북구 국우동","1080","1080","0000","그린빌6단지","전세","51.9500","202506","24","12,000","0","2","2002","학정동로 10","202507~202707","신규","-","","","아파트"
"24310","대구광역시 북구 검단동","887-8","0887","0008","유성청구","전세","47.8500","202506","24","7,000","0","1","1992","검단로 115","202507~202707","신규","-","","","아파트"
"24311","대구광역시 북구 복현동","241-1","0241","0001","복현블루밍브라운스톤명문세가","월세","59.9500","202506","24","9,693","9","5","2011","복현로 50","202509~202709","갱신","-","10,021","9","아파트"
"24312","대구광역시 수성구 두산동","999","0999","0000","수성레이크푸르지오","월세","84.9381","202506","24","2,500","150","11","2022","청수로24길 91","202507~202707","신규","-","","","아파트"
"24313","대구광역시 북구 검단동","887-8","0887","0008","유성청구","전세","47.8500","202506","24","8,000","0","8","1992","검단로 115","202507~202707","신규","-","","","아파트"
"24314","대구광역시 북구 구암동","785","0785","0000","화성그랜드파크","전세","110.4038","202506","24","36,000","0","2","2003","구암로65길 9","202507~202707","갱신","-","36,000","0","아파트"
"24315","대구광역시 북구 구암동","786","0786","0000","그린빌3차","전세","49.7100","202506","24","12,500","0","13","2000","구암서로 41","202508~202708","신규","-","","","아파트"
"24316","대구광역시 수성구 상동","555","0555","0000","수성동일하이빌레이크시티","월세","118.7664","202506","24","3,000","200","9","2009","수성로 71","202508~202708","갱신","-","3,000","220","아파트"
"24317","대구광역시 수성구 만촌동","1046-10","1046","0010","수성2차e-편한세상","전세","84.9874","202506","24","34,000","0","2","2007","달구벌대로522길 33","202509~202708","신규","-","","","아파트"
"24318","대구광역시 중구 교동","8","0008","0000","노마즈하우스","월세","16.2692","202506","24","300","35","12","2014","공평로 105","202507~202601","신규","-","","","아파트"
"24319","대구광역시 남구 봉덕동","1650","1650","0000","앞산봉덕영무예다음","월세","84.8390","202506","24","3,000","116","3","2020","대봉로 12","202506~202510","신규","-","","","아파트"
"24320","대구광역시 중구 달성동","352","0352","0000","달성파크푸르지오힐스테이트","전세","84.9713","202506","24","24,000","0","16","2023","달성로 123","202507~202707","신규","-","","","아파트"
"24321","대구광역시 서구 중리동","26-1","0026","0001","중리롯데캐슬","월세","84.9840","202506","24","10,000","45","1","2009","국채보상로34길 12","202507~202707","신규","-","","","아파트"
"24322","대구광역시 북구 칠성동2가","2-2","0002","0002","침산1차푸르지오(2-2)","월세","123.4000","202506","24","3,000","130","7","2005","침산로21길 23","202508~202708","신규","-","","","아파트"
"24323","대구광역시 동구 용계동","492-1","0492","0001","용계역푸르지오아츠베르2단지","전세","84.9900","202506","24","25,000","0","10","2023","화랑로108길 46","202507~202707","신규","-","","","아파트"
"24324","대구광역시 동구 사복동","852","0852","0000","혁신도시서한e스테이","월세","59.5100","202506","24","9,875","12","13","2020","혁신대로 504","202509~202708","신규","-","","","아파트"
"24325","대구광역시 동구 각산동","909","0909","0000","대구혁신도시서원프레시빌","월세","49.5201","202506","24","1,000","55","2","2016","반야월북로27길 21-8","202506~202706","신규","-","","","아파트"
"24326","대구광역시 서구 비산동","315","0315","0000","한신휴플러스","전세","84.9800","202506","24","17,000","0","3","2005","달서로17길 17","202509~202708","신규","-","","","아파트"
"24327","대구광역시 동구 지저동","757-5","0757","0005","팔공","전세","51.0300","202506","24","9,000","0","2","1986","해동로 54","202507~202707","신규","-","","","아파트"
"24328","대구광역시 동구 봉무동","1537","1537","0000","협성휴포레이시아폴리스","월세","84.9737","202506","24","2,000","100","14","2018","팔공로 260","202508~202708","신규","-","","","아파트"
"24329","대구광역시 동구 봉무동","1529","1529","0000","대구이시아폴리스더샵4차","월세","84.9600","202506","24","2,000","100","7","2014","팔공로53길 40","202506~202706","신규","-","","","아파트"
"24330","대구광역시 동구 봉무동","1537","1537","0000","협성휴포레이시아폴리스","월세","84.9324","202506","24","3,000","110","10","2018","팔공로 260","202507~202706","신규","-","","","아파트"
"24331","대구광역시 동구 신암동","1887","1887","0000","동대구해모로스퀘어이스트","월세","84.9402","202506","24","2,000","100","13","2024","동북로75길 13","202507~202602","신규","-","","","아파트"
"24332","대구광역시 동구 각산동","404-1","0404","0001","금강진우타운","전세","59.8000","202506","24","11,000","0","9","1996","반야월북로 175","202508~202708","신규","-","","","아파트"
"24333","대구광역시 서구 내당동","2346","2346","0000","e편한세상두류역","월세","74.8683","202506","24","3,000","90","8","2022","달구벌대로361길 41","202508~202707","신규","-","","","아파트"
"24334","대구광역시 서구 내당동","202-1","0202","0001","내당시영","전세","55.3400","202506","24","7,000","0","5","1980","서대구로8길 15","-","-","-","","","아파트"
"24335","대구광역시 서구 내당동","3333","3333","0000","두류역자이","전세","84.9723","202506","24","40,000","0","10","2025","달구벌대로 1769-7","202509~202709","신규","-","","","아파트"
"24336","대구광역시 중구 남산동","3030","3030","0000","남산자이하늘채","월세","59.1983","202506","24","2,000","90","6","2022","명덕로 33","202507~202605","신규","-","","","아파트"
"24337","대구광역시 남구 봉덕동","1631","1631","0000","래미안웰리스트","월세","109.2566","202506","24","30,000","28","21","2010","효성중앙길 82","202508~202708","신규","-","","","아파트"
"24338","대구광역시 동구 신암동","1833","1833","0000","이안동대구","전세","84.9221","202506","24","29,000","0","13","2018","송라로28길 14","202509~202709","신규","-","","","아파트"
"24339","대구광역시 남구 대명동","3066","3066","0000","앞산리슈빌앤리마크2단지","월세","84.9388","202506","24","5,000","83","5","2018","안지랑로 74","202507~202707","신규","-","","","아파트"
"24340","대구광역시 동구 율하동","1216","1216","0000","율하롯데캐슬TOPCLASS","월세","98.5953","202506","24","8,000","90","3","2015","율하서로 23","202507~202707","신규","-","","","아파트"
"24341","대구광역시 동구 불로동","1160","1160","0000","에덴공항1","월세","59.2100","202506","24","1,000","35","2","1988","팔공로29길 10","202507~202707","신규","-","","","아파트"
"24342","대구광역시 동구 동호동","362","0362","0000","상록아파트","월세","59.7200","202506","24","1,957","16","7","2004","동호로 47","202508~202708","갱신","-","2,506","21","아파트"
"24343","대구광역시 동구 동호동","362","0362","0000","상록아파트","전세","59.7200","202506","24","9,786","0","15","2004","동호로 47","202509~202708","갱신","-","13,160","0","아파트"
"24344","대구광역시 동구 동호동","362","0362","0000","상록아파트","전세","59.7200","202506","24","9,786","0","3","2004","동호로 47","202509~202709","갱신","-","13,160","0","아파트"
"24345","대구광역시 동구 동호동","362","0362","0000","상록아파트","월세","59.7200","202506","24","7,828","4","8","2004","동호로 47","202509~202709","갱신","-","7,520","10","아파트"
"24346","대구광역시 동구 동호동","362","0362","0000","상록아파트","월세","59.7200","202506","24","1,957","24","12","2004","동호로 47","202509~202709","갱신","-","2,632","33","아파트"
"24347","대구광역시 동구 동호동","362","0362","0000","상록아파트","월세","59.7200","202506","24","7,828","4","3","2004","동호로 47","202509~202709","갱신","-","8,773","8","아파트"
"24348","대구광역시 동구 동호동","362","0362","0000","상록아파트","월세","59.7200","202506","24","6,850","6","15","2004","동호로 47","202509~202709","갱신","-","8,773","8","아파트"
"24349","대구광역시 동구 동호동","362","0362","0000","상록아파트","전세","59.7200","202506","24","9,786","0","2","2004","동호로 47","202509~202709","갱신","-","13,160","0","아파트"
"24350","대구광역시 동구 동호동","362","0362","0000","상록아파트","월세","59.7200","202506","24","7,828","4","5","2004","동호로 47","202509~202709","갱신","-","8,773","8","아파트"
"24351","대구광역시 동구 동호동","362","0362","0000","상록아파트","전세","59.7200","202506","24","9,786","0","2","2004","동호로 47","202509~202709","갱신","-","11,938","0","아파트"
"24352","대구광역시 동구 동호동","362","0362","0000","상록아파트","전세","59.7200","202506","24","9,786","0","3","2004","동호로 47","202509~202709","갱신","-","13,160","0","아파트"
"24353","대구광역시 동구 신암동","194-1","0194","0001","신암건영캐스빌","전세","83.7180","202506","24","16,000","0","1","2005","신암남로 50","202507~202707","신규","-","","","아파트"
"24354","대구광역시 중구 달성동","352","0352","0000","달성파크푸르지오힐스테이트","전세","84.9713","202506","24","26,250","0","11","2023","달성로 123","202507~202707","신규","-","","","아파트"
"24355","대구광역시 중구 달성동","352","0352","0000","달성파크푸르지오힐스테이트","전세","84.7259","202506","24","25,200","0","16","2023","달성로 123","202507~202707","신규","-","","","아파트"
"24356","대구광역시 남구 이천동","121-70","0121","0070","대구이천주공1","월세","84.9800","202506","24","2,000","70","12","1999","명덕로68길 77","202507~202707","신규","-","","","아파트"
"24357","대구광역시 동구 괴전동","654","0654","0000","안심역코오롱하늘채","전세","84.7718","202506","24","25,000","0","11","2017","금강로21길 30","202506~202706","신규","-","","","아파트"
"24358","대구광역시 남구 이천동","1177","1177","0000","대봉교역태왕아너스","전세","84.9180","202506","24","24,000","0","3","2023","대봉로30길 15","202508~202708","신규","-","","","아파트"
"24359","대구광역시 중구 달성동","352","0352","0000","달성파크푸르지오힐스테이트","전세","59.7402","202506","23","18,900","0","16","2023","달성로 123","202507~202707","갱신","사용","18,000","0","아파트"
"24360","대구광역시 동구 신암동","1852","1852","0000","동대구해모로스퀘어웨스트","월세","84.9151","202506","23","1,000","105","11","2023","동북로 340","202507~202707","갱신","사용","1,000","105","아파트"
"24361","대구광역시 동구 신암동","194-1","0194","0001","신암건영캐스빌","전세","83.7180","202506","23","19,000","0","9","2005","신암남로 50","202507~202707","신규","-","","","아파트"
"24362","대구광역시 중구 동산동","357","0357","0000","동산맨션","월세","47.1700","202506","23","500","45","1","1986","달구벌대로 2035","202507~202707","신규","-","","","아파트"
"24363","대구광역시 동구 각산동","1061","1061","0000","대구혁신에듀포레","전세","84.7300","202506","23","20,000","0","8","2013","과학로 45","202507~202707","신규","-","","","아파트"
"24364","대구광역시 동구 검사동","1111","1111","0000","동촌역태왕아너스르네상스","월세","72.8933","202506","23","2,000","87","13","2017","동촌로 100","202507~202610","신규","-","","","아파트"
"24365","대구광역시 동구 동호동","362","0362","0000","상록아파트","월세","59.7200","202506","23","6,850","10","7","2004","동호로 47","202507~202707","신규","-","","","아파트"
"24366","대구광역시 동구 지묘동","1337","1337","0000","대구연경아이파크","전세","84.9600","202506","23","23,000","0","17","2020","동화천로 369","202507~202707","신규","-","","","아파트"
"24367","대구광역시 동구 검사동","1021","1021","0000","문화","전세","49.7700","202506","23","8,000","0","3","1985","동촌로14길 14","202508~202708","신규","-","","","아파트"
"24368","대구광역시 북구 칠성동2가","742","0742","0000","대구역자이더스타","월세","77.8107","202506","23","2,000","120","32","2025","칠성남로 150","202507~202707","신규","-","","","아파트"
"24369","대구광역시 동구 신천동","292-6","0292","0006","동대구유성푸르나임","월세","49.9600","202506","23","450","51","8","2014","동부로22길 48","202507~202607","갱신","-","450","51","아파트"
"24370","대구광역시 동구 신천동","538-15","0538","0015","신천역까사밀라102동","전세","23.3700","202506","23","6,500","0","9","2015","동부로 33","202507~202707","갱신","-","7,500","0","아파트"
"24371","대구광역시 동구 신서동","513-1","0513","0001","신서동신일해피트리","월세","84.4800","202506","23","1,500","70","17","2007","반야월로 370","202507~202707","신규","-","","","아파트"
"24372","대구광역시 중구 남산동","3049","3049","0000","청라힐스자이","전세","84.8688","202506","23","35,000","0","27","2023","남산로 73","202509~202709","신규","-","","","아파트"
"24373","대구광역시 중구 남산동","3049","3049","0000","청라힐스자이","월세","59.8861","202506","23","2,000","105","8","2023","남산로 73","202508~202708","신규","-","","","아파트"
"24374","대구광역시 남구 이천동","650","0650","0000","보성상아맨션","전세","84.7350","202506","23","18,000","0","7","1987","명덕로 236","202507~202707","신규","-","","","아파트"
"24375","대구광역시 동구 효목동","55","0055","0000","진로이스트타운","월세","84.9000","202506","23","1,000","80","5","1998","아양로 218","202507~202707","신규","-","","","아파트"
"24376","대구광역시 동구 효목동","1331","1331","0000","동대구푸르지오브리센트","월세","84.9712","202506","23","3,000","95","11","2024","효목로5길 55","202507~202707","신규","-","","","아파트"
"24377","대구광역시 중구 태평로3가","211-1","0211","0001","힐스테이트대구역퍼스트2차","월세","84.6679","202506","23","3,000","100","30","2025","태평로 101","202507~202707","신규","-","","","아파트"
"24378","대구광역시 서구 내당동","308-11","0308","0011","삼익뉴타운","전세","84.8800","202506","23","15,500","0","8","1983","평리로 236","202510~202710","신규","-","","","아파트"
"24379","대구광역시 서구 내당동","202-1","0202","0001","내당시영","월세","56.2300","202506","23","200","20","5","1979","서대구로8길 15","202506~202606","신규","-","","","아파트"
"24380","대구광역시 서구 내당동","463-5","0463","0005","광장타운1차","월세","54.0000","202506","23","500","54","8","1984","달구벌대로 1707","202506~202706","신규","-","","","아파트"
"24381","대구광역시 동구 봉무동","1539-6","1539","0006","로하스이시아","월세","56.9944","202506","23","2,000","80","8","2024","팔공로51길 15-15","202508~202708","신규","-","","","아파트"
"24382","대구광역시 남구 봉덕동","1639","1639","0000","봉덕화성파크드림","전세","84.8590","202506","23","25,000","0","18","2019","대봉로14길 30","202508~202708","신규","-","","","아파트"
"24383","대구광역시 남구 봉덕동","1657","1657","0000","봉덕2차화성파크드림","월세","84.9567","202506","23","2,000","120","5","2022","대덕로 161","202507~202706","신규","-","","","아파트"
"24384","대구광역시 남구 봉덕동","1657","1657","0000","봉덕2차화성파크드림","월세","84.9567","202506","23","3,000","110","11","2022","대덕로 161","202508~202708","신규","-","","","아파트"
"24385","대구광역시 동구 율하동","1410","1410","0000","율하리버파크뷰","전세","150.9000","202506","23","37,000","0","1","2010","금호강변로 315","202508~202708","신규","-","","","아파트"
"24386","대구광역시 동구 신서동","540","0540","0000","아름다운나날2","월세","84.6688","202506","23","1,500","72","1","2003","동호로 88","202507~202707","신규","-","","","아파트"
"24387","대구광역시 중구 달성동","352","0352","0000","달성파크푸르지오힐스테이트","전세","39.7662","202506","23","18,500","0","20","2023","달성로 123","202507~202707","신규","-","","","아파트"
"24388","대구광역시 달서구 감삼동","521","0521","0000","우방드림시티","전세","105.1227","202506","23","23,000","0","8","2003","장기로 242","202508~202708","신규","-","","","아파트"
"24389","대구광역시 달성군 다사읍 죽곡리","870","0870","0000","죽곡 한신 휴 플러스","월세","74.9900","202506","23","2,000","98","22","2016","대실역남로 50","202508~202707","신규","-","","","아파트"
"24390","대구광역시 달성군 다사읍 죽곡리","870","0870","0000","죽곡 한신 휴 플러스","월세","74.9900","202506","23","2,000","98","22","2016","대실역남로 50","202508~202707","신규","-","","","아파트"
"24391","대구광역시 달성군 유가읍 쌍계리","633","0633","0000","대구테크노폴리스중흥에스-클래스포디움","전세","99.9819","202506","23","26,000","0","3","2018","테크노순환로 423","202506~202706","신규","-","","","아파트"
"24392","대구광역시 달서구 장기동","551","0551","0000","장기영남네오빌비스타","전세","84.9955","202506","23","19,000","0","25","2005","대명천로 250","202508~202708","신규","-","","","아파트"
"24393","대구광역시 달서구 도원동","1464","1464","0000","서한이다음레이크뷰","전세","84.8806","202506","23","30,000","0","22","2015","상화로58길 35","202506~202606","갱신","-","37,000","0","아파트"
"24394","대구광역시 달서구 월성동","1835","1835","0000","월배e-편한세상","전세","59.9694","202506","23","23,000","0","11","2014","월성로 132","202508~202707","신규","-","","","아파트"
"24395","대구광역시 달성군 현풍읍 대리","1176","1176","0000","국가산단서한이다음아파트","월세","74.5400","202506","23","5,603","19","6","2019","국가산단대로70길 41","202508~202708","갱신","사용","5,509","19","아파트"
"24396","대구광역시 달서구 대천동","497-2","0497","0002","월배태영데시앙","월세","84.9195","202506","23","2,000","85","6","2009","조암남로 123","202508~202708","신규","-","","","아파트"
"24397","대구광역시 달성군 다사읍 매곡리","1582","1582","0000","다사역금호어울림센트럴","월세","84.9350","202506","23","2,000","120","21","2023","다사로 71","202509~202709","신규","-","","","아파트"
"24398","대구광역시 수성구 노변동","353","0353","0000","수성월드메르디앙","월세","84.8075","202506","23","2,000","93","11","2007","노변로 55","202507~202707","갱신","사용","2,000","89","아파트"
"24399","대구광역시 중구 대봉동","777","0777","0000","대봉서한포레스트","전세","84.9097","202506","23","35,000","0","3","2022","대봉로 240","202507~202707","신규","-","","","아파트"
"24400","대구광역시 달서구 감삼동","118-2","0118","0002","감삼맨션","월세","58.7100","202506","23","300","40","5","1981","달구벌대로332길 78","202507~202707","신규","-","","","아파트"
"24401","대구광역시 달서구 본동","752","0752","0000","달서코아루더리브","전세","84.4874","202506","23","25,200","0","22","2023","와룡로 42","202509~202709","갱신","사용","24,000","0","아파트"
"24402","대구광역시 달성군 유가읍 봉리","604","0604","0000","남해오네뜨2차","전세","69.2570","202506","23","11,500","0","2","2016","테크노대로5길 57","202507~202707","신규","-","","","아파트"
"24403","대구광역시 달성군 유가읍 봉리","627","0627","0000","반도유보라","월세","84.9592","202506","23","3,000","80","1","2016","테크노대로 195","202506~202706","신규","-","","","아파트"
"24404","대구광역시 달서구 도원동","1440","1440","0000","아람마을","전세","59.6300","202506","23","10,500","0","1","1997","한실로 30","202507~202707","신규","-","","","아파트"
"24405","대구광역시 달서구 진천동","595","0595","0000","트윈팰리스","월세","84.0900","202506","23","2,000","60","10","2006","월배로 71","202507~202706","신규","-","","","아파트"
"24406","대구광역시 달서구 진천동","847","0847","0000","월배역디엘라온프라이빗","월세","99.8395","202506","23","3,000","140","40","2024","월배로 159","202508~202708","신규","-","","","아파트"
"24407","대구광역시 달서구 용산동","230-10","0230","0010","용산롯데캐슬","월세","78.5800","202506","23","2,000","83","7","2004","장산남로 33","202507~202707","신규","-","","","아파트"
"24408","대구광역시 달서구 두류동","2369","2369","0000","두류역서한포레스트","월세","84.6984","202506","23","2,000","100","7","2025","야외음악당로47길 76","202507~202707","신규","-","","","아파트"
"24409","대구광역시 달성군 화원읍 설화리","1157","1157","0000","설화명곡역우방아이유쉘","월세","84.9767","202506","23","2,000","90","22","2023","비슬로 2417","202507~202707","신규","-","","","아파트"
"24410","대구광역시 달성군 현풍읍 중리","485","0485","0000","대구테크노폴리스일동미라주더파크","전세","72.9520","202506","23","20,000","0","10","2017","테크노북로2길 9","202506~202706","신규","-","","","아파트"
"24411","대구광역시 달서구 이곡동","1191","1191","0000","성서보성화성타운","월세","59.9500","202506","23","2,000","50","7","1994","계대동문로 99","202508~202708","신규","-","","","아파트"
"24412","대구광역시 달서구 신당동","1846","1846","0000","성서주공2","전세","42.9000","202506","23","8,000","0","14","1995","신당로 55","202506~202706","신규","-","","","아파트"
"24413","대구광역시 달서구 도원동","1439","1439","0000","대곡가람(임대)","월세","39.9900","202506","23","1,341","24","7","1997","한실로 135","202506~202707","신규","-","","","아파트"
"24414","대구광역시 달성군 구지면 화산리","1105","1105","0000","대구국가산단반도유보라아이비파크3","월세","74.9638","202506","23","500","60","23","2020","국가산단북로34길 10","202507~202707","신규","-","","","아파트"
"24415","대구광역시 달성군 다사읍 서재리","61","0061","0000","서재보성2","전세","59.9800","202506","23","8,000","0","2","1999","서재로30길 7","202508~202708","신규","-","","","아파트"
"24416","대구광역시 북구 동변동","697","0697","0000","유니버시아드선수촌1단지","전세","109.8776","202506","23","20,000","0","8","2003","동변로 50","202506~202706","신규","-","","","아파트"
"24417","대구광역시 수성구 중동","641","0641","0000","수성효성해링턴플레이스","전세","84.9971","202506","23","34,000","0","10","2020","희망로24길 24","202509~202709","신규","-","","","아파트"
"24418","대구광역시 북구 동천동","872","0872","0000","보성서한타운","월세","42.6800","202506","23","500","35","4","1995","팔거천동로 104","202506~202606","신규","-","","","아파트"
"24419","대구광역시 북구 동천동","880-3","0880","0003","칠곡화성타운2차","월세","59.9900","202506","23","500","55","14","1995","동천로 6","202507~202707","신규","-","","","아파트"
"24420","대구광역시 수성구 중동","657","0657","0000","수성뷰웰리버파크","전세","75.7297","202506","23","26,250","0","2","2023","수성로41길 41","202508~202708","갱신","사용","25,000","0","아파트"
"24421","대구광역시 북구 복현동","709","0709","0000","복현아이파크","전세","59.9499","202506","23","26,000","0","4","2021","동북로 241","202507~202707","신규","-","","","아파트"
"24422","대구광역시 수성구 범어동","2240","2240","0000","e편한세상범어","전세","84.9557","202506","23","30,000","0","21","2015","들안로78길 45","202509~202709","신규","-","","","아파트"
"24423","대구광역시 북구 대현동","270-9","0270","0009","신영푸른마을","전세","84.6980","202506","23","17,000","0","7","2003","대현로 106","202508~202708","신규","-","","","아파트"
"24424","대구광역시 수성구 범어동","371","0371","0000","궁전맨션","전세","84.9600","202506","23","22,500","0","14","1988","동대구로 274","202507~202707","신규","-","","","아파트"
"24425","대구광역시 수성구 범어동","2017","2017","0000","청구성조타운","전세","59.4550","202506","23","16,500","0","20","1996","국채보상로 846","202508~202708","신규","-","","","아파트"
"24426","대구광역시 수성구 범어동","2234","2234","0000","범어에스케이뷰","전세","84.9959","202506","23","45,000","0","4","2009","범어로 73","202507~202707","신규","-","","","아파트"
"24427","대구광역시 수성구 범어동","2240","2240","0000","e편한세상범어","전세","84.7910","202506","23","33,100","0","12","2015","들안로78길 45","202506~202706","갱신","사용","33,000","0","아파트"
"24428","대구광역시 수성구 범어동","2240","2240","0000","e편한세상범어","전세","84.9557","202506","23","30,000","0","21","2015","들안로78길 45","202508~202708","신규","-","","","아파트"
"24429","대구광역시 수성구 범어동","산103","0103","0000","장원맨션","전세","121.3400","202506","23","45,000","0","7","1988","청호로 370","202507~202707","신규","-","","","아파트"
"24430","대구광역시 수성구 범어동","2240","2240","0000","e편한세상범어","월세","59.9869","202506","23","3,000","105","2","2015","들안로78길 45","202507~202707","신규","-","","","아파트"
"24431","대구광역시 수성구 범어동","2234","2234","0000","범어에스케이뷰","전세","84.9283","202506","23","45,000","0","7","2009","범어로 73","202508~202708","신규","-","","","아파트"
"24432","대구광역시 수성구 범어동","2234","2234","0000","범어에스케이뷰","전세","84.9283","202506","23","45,000","0","7","2009","범어로 73","202508~202708","신규","-","","","아파트"
"24433","대구광역시 수성구 수성동1가","105-5","0105","0005","수성영남","월세","29.9950","202506","23","500","40","13","2000","달구벌대로456길 43","202506~202606","신규","-","","","아파트"
"24434","대구광역시 수성구 수성동1가","649-17","0649","0017","삼환","전세","82.6500","202506","23","15,000","0","9","1979","신천동로 288","202509~202709","신규","-","","","아파트"
"24435","대구광역시 북구 고성동1가","260","0260","0000","대구역오페라W","전세","84.9114","202506","23","23,100","0","18","2023","칠성남로 50","202507~202707","갱신","사용","22,000","0","아파트"
"24436","대구광역시 수성구 중동","641","0641","0000","수성효성해링턴플레이스","전세","84.9971","202506","23","30,000","0","9","2020","희망로24길 24","202507~202707","신규","-","","","아파트"
"24437","대구광역시 북구 읍내동","1366-3","1366","0003","코스모스한양","월세","59.8200","202506","23","1,000","50","10","1993","구암로21길 6","202507~202707","신규","-","","","아파트"
"24438","대구광역시 수성구 황금동","272","0272","0000","신천지타운","월세","84.9950","202506","23","2,000","80","9","1991","청호로46길 16","202508~202708","신규","-","","","아파트"
"24439","대구광역시 수성구 중동","657","0657","0000","수성뷰웰리버파크","전세","75.7297","202506","23","26,250","0","2","2023","수성로41길 41","202508~202708","갱신","사용","25,000","0","아파트"
"24440","대구광역시 수성구 중동","641","0641","0000","수성효성해링턴플레이스","전세","84.9971","202506","23","34,000","0","10","2020","희망로24길 24","202509~202709","신규","-","","","아파트"
"24441","대구광역시 수성구 지산동","1297-3","1297","0003","지산서한이다음아파트","월세","54.1200","202506","23","1,000","50","10","1991","용학로 313","202507~202707","신규","-","","","아파트"
"24442","대구광역시 수성구 만촌동","1483","1483","0000","만촌삼정그린코아에듀파크","월세","84.9967","202506","23","20,000","95","18","2019","교학로 65","202507~202707","갱신","사용","20,000","90","아파트"
"24443","대구광역시 수성구 만촌동","1481","1481","0000","만촌역태왕아너스","전세","84.9422","202506","23","31,500","0","2","2016","달구벌대로522길 17","202507~202707","갱신","사용","30,000","0","아파트"
"24444","대구광역시 수성구 파동","153","0153","0000","대자연맨션1차","월세","63.7900","202506","23","6,000","10","1","1987","파동로 120","202507~202707","신규","-","","","아파트"
"24445","대구광역시 수성구 지산동","1766","1766","0000","더샵수성라크에르","월세","84.9397","202506","23","3,000","120","26","2024","지산로3길 33","202508~202708","신규","-","","","아파트"
"24446","대구광역시 북구 구암동","785","0785","0000","화성그랜드파크","월세","84.9870","202506","23","2,000","95","3","2003","구암로65길 9","202508~202708","신규","-","","","아파트"
"24447","대구광역시 북구 구암동","695-1","0695","0001","칠곡동서영남","월세","59.8400","202506","23","3,000","40","5","1995","구암로 180","202507~202707","신규","-","","","아파트"
"24448","대구광역시 수성구 지산동","1275","1275","0000","지산한라타운","월세","59.8500","202506","23","2,000","63","6","1991","지범로22길 9","202507~202707","신규","-","","","아파트"
"24449","대구광역시 북구 복현동","709","0709","0000","복현아이파크","전세","59.9499","202506","23","26,000","0","4","2021","동북로 241","202507~202707","신규","-","","","아파트"
"24450","대구광역시 북구 복현동","368-1","0368","0001","광명","월세","46.6250","202506","23","500","40","3","1980","동북로65길 13","202507~202707","신규","-","","","아파트"
"24451","대구광역시 수성구 신매동","570","0570","0000","시지삼주한라협화","전세","59.8800","202506","23","9,000","0","1","1994","신매로 91","202507~202707","신규","-","","","아파트"
"24452","대구광역시 북구 침산동","286-1","0286","0001","옥석타운","전세","84.9600","202506","23","15,000","0","8","1996","침산남로31길 11","202508~202708","신규","-","","","아파트"
"24453","대구광역시 수성구 범어동","2240","2240","0000","e편한세상범어","전세","84.9557","202506","23","30,000","0","21","2015","들안로78길 45","202509~202709","신규","-","","","아파트"
"24454","대구광역시 수성구 범물동","1403","1403","0000","더트루엘수성","전세","71.9938","202506","23","25,000","0","12","2022","지범로52길 5-6","202507~202707","신규","-","","","아파트"
"24455","대구광역시 북구 복현동","60","0060","0000","동서성화","월세","60.5200","202506","23","500","40","2","1989","복현로 114-18","202507~202607","신규","-","","","아파트"
"24456","대구광역시 수성구 범물동","1336","1336","0000","범물한라창신태성맨션","월세","132.0100","202506","22","6,000","90","10","1992","용학로 272","202507~202707","신규","-","","","아파트"
"24457","대구광역시 북구 연경동","987","0987","0000","연경동화아이위시","전세","84.9452","202506","22","23,000","0","11","2020","동화천로 190","202508~202708","신규","-","","","아파트"
"24458","대구광역시 북구 태전동","205-14","0205","0014","한일","전세","59.7600","202506","22","10,000","0","2","1998","칠곡중앙대로53길 32","202507~202603","갱신","-","10,000","0","아파트"
"24459","대구광역시 북구 복현동","241-1","0241","0001","복현블루밍브라운스톤명문세가","전세","85.0000","202506","22","22,000","0","3","2011","복현로 71","202509~202709","신규","-","","","아파트"
"24460","대구광역시 북구 대현동","521","0521","0000","대현e-편한세상","전세","128.2637","202506","22","33,500","0","4","2008","대현로10길 82","202508~202708","신규","-","","","아파트"
"24461","대구광역시 수성구 범물동","1336","1336","0000","범물한라창신태성맨션","월세","132.0100","202506","22","6,000","90","10","1992","용학로 272","202507~202707","신규","-","","","아파트"
"24462","대구광역시 수성구 황금동","365","0365","0000","캐슬골드파크5단지","월세","84.9700","202506","22","2,000","110","18","2006","청수로 214","202508~202612","신규","-","","","아파트"
"24463","대구광역시 북구 동천동","872","0872","0000","보성서한타운","전세","59.9000","202506","22","10,000","0","1","1995","팔거천동로 104","202507~202707","신규","-","","","아파트"
"24464","대구광역시 수성구 범어동","1266","1266","0000","수성태왕아너스","전세","84.8438","202506","22","25,000","0","16","2007","들안로77길 30","202508~202708","신규","-","","","아파트"
"24465","대구광역시 북구 복현동","198","0198","0000","장미","전세","69.2100","202506","22","8,500","0","5","1980","공항로 31","202508~202708","신규","-","","","아파트"
"24466","대구광역시 수성구 범어동","2300","2300","0000","범어아이파크1차아파트","월세","84.9752","202506","22","10,000","140","3","2024","동대구로 230","202506~202706","신규","-","","","아파트"
"24467","대구광역시 수성구 지산동","1766","1766","0000","더샵수성라크에르","전세","84.9362","202506","22","24,000","0","2","2024","지산로3길 33","202506~202706","갱신","사용","24,000","0","아파트"
"24468","대구광역시 수성구 지산동","1766","1766","0000","더샵수성라크에르","월세","84.9397","202506","22","3,000","126","21","2024","지산로3길 33","202506~202612","갱신","-","3,000","110","아파트"
"24469","대구광역시 북구 침산동","269-10","0269","0010","명성푸르지오","전세","99.7300","202506","22","29,500","0","3","2006","침산로 153","202508~202708","신규","-","","","아파트"
"24470","대구광역시 북구 침산동","1761","1761","0000","침산화성파크드림","월세","84.9716","202506","22","1,500","110","38","2017","성북로 70","202506~202706","신규","-","","","아파트"
"24471","대구광역시 북구 태전동","936-1","0936","0001","한신중앙","전세","47.2500","202506","22","8,500","0","2","1993","영송로 85","202507~202707","신규","-","","","아파트"
"24472","대구광역시 남구 봉덕동","1657","1657","0000","봉덕2차화성파크드림","월세","59.9878","202506","22","5,000","65","11","2022","대덕로 161","202507~202707","신규","-","","","아파트"
"24473","대구광역시 서구 평리동","1703","1703","0000","서대구역반도유보라센텀","전세","84.9602","202506","22","23,000","0","13","2023","문화로 230","202601~202801","갱신","-","20,000","0","아파트"
"24474","대구광역시 동구 신암동","1852","1852","0000","동대구해모로스퀘어웨스트","전세","59.8510","202506","22","25,000","0","4","2023","동북로 340","202509~202708","신규","-","","","아파트"
"24475","대구광역시 중구 동인동3가","414","0414","0000","엑소디움센트럴동인","전세","27.2203","202506","22","16,900","0","7","2023","국채보상로139길 40","202507~202707","신규","-","","","아파트"
"24476","대구광역시 서구 중리동","26-1","0026","0001","중리롯데캐슬","전세","84.9840","202506","22","20,000","0","19","2009","국채보상로34길 12","202508~202708","신규","-","","","아파트"
"24477","대구광역시 동구 율암동","1307","1307","0000","호반써밋이스텔라","전세","84.9843","202506","22","26,000","0","3","2022","반야월북로 111-11","202509~202709","신규","-","","","아파트"
"24478","대구광역시 동구 율암동","1307","1307","0000","호반써밋이스텔라","전세","84.9843","202506","22","26,000","0","3","2022","반야월북로 111-11","202509~202709","신규","-","","","아파트"
"24479","대구광역시 서구 내당동","3326","3326","0000","두류스타힐스","전세","84.9530","202506","22","29,000","0","26","2025","서대구로 20","202508~202708","신규","-","","","아파트"
"24480","대구광역시 동구 효목동","1322","1322","0000","동대구2차비스타동원","전세","76.5403","202506","22","26,000","0","9","2024","화랑로25길 60","202507~202707","신규","-","","","아파트"
"24481","대구광역시 중구 대신동","2106","2106","0000","대신센트럴자이","월세","59.9566","202506","22","2,000","80","3","2015","달구벌대로 1955","202506~202706","신규","-","","","아파트"
"24482","대구광역시 남구 이천동","1181","1181","0000","대봉교역금호어울림에듀리버","전세","59.5251","202506","22","19,950","0","19","2024","대봉로30길 12","202509~202709","갱신","사용","19,000","0","아파트"
"24483","대구광역시 동구 신천동","1514","1514","0000","동대구역더샵센터시티","월세","84.9185","202506","22","3,000","125","23","2022","동부로19길 18","202508~202708","신규","-","","","아파트"
"24484","대구광역시 중구 달성동","352","0352","0000","달성파크푸르지오힐스테이트","전세","84.9713","202506","22","24,150","0","12","2023","달성로 123","202507~202707","신규","-","","","아파트"
"24485","대구광역시 달서구 유천동","597","0597","0000","진천역AK그랑폴리스","전세","101.7583","202506","22","32,000","0","4","2013","월배로11길 33","202508~202708","신규","-","","","아파트"
"24486","대구광역시 달서구 용산동","412-1","0412","0001","세븐하이츠","전세","59.9900","202506","22","12,000","0","13","1997","성지로 12","202508~202708","신규","-","","","아파트"
"24487","대구광역시 달서구 용산동","230-10","0230","0010","용산롯데캐슬","전세","84.7300","202506","22","25,000","0","10","2004","장산남로 33","202508~202708","신규","-","","","아파트"
"24488","대구광역시 달성군 구지면 화산리","1105","1105","0000","대구국가산단반도유보라아이비파크3","월세","74.9638","202506","22","3,200","38","11","2020","국가산단북로34길 10","202506~202706","신규","-","","","아파트"
"24489","대구광역시 달서구 진천동","478-1","0478","0001","제림하나로","월세","59.9550","202506","22","1,000","50","11","1995","상화로21길 55","202508~202708","신규","-","","","아파트"
"24490","대구광역시 달서구 감삼동","707","0707","0000","빌리브스카이주상복합","전세","84.6202","202506","22","38,000","0","44","2022","와룡로 186","202507~202612","신규","-","","","아파트"
"24491","대구광역시 달서구 감삼동","707","0707","0000","빌리브스카이주상복합","전세","84.6202","202506","22","38,000","0","44","2022","와룡로 186","202507~202612","신규","-","","","아파트"
"24492","대구광역시 달서구 감삼동","707","0707","0000","빌리브스카이주상복합","월세","84.8866","202506","22","3,000","135","30","2022","와룡로 186","202508~202602","신규","-","","","아파트"
"24493","대구광역시 달서구 감삼동","461","0461","0000","월드마크웨스트엔드","월세","124.5600","202506","22","4,000","180","4","2010","와룡로 169","202508~202708","신규","-","","","아파트"
"24494","대구광역시 달성군 논공읍 금포리","2506","2506","0000","우신미가뷰아파트","월세","75.9092","202506","22","1,000","50","17","2018","금포로 75-20","202508~202708","신규","-","","","아파트"
"24495","대구광역시 달서구 대천동","1042","1042","0000","월배삼정그린코아포레스트","월세","84.4550","202506","22","2,000","120","17","2021","조암남로32길 40","202505~202511","신규","-","","","아파트"
"24496","대구광역시 달서구 본리동","210-1","0210","0001","성당우방","월세","78.3000","202506","22","2,000","30","4","1985","구마로 171","202507~202707","신규","-","","","아파트"
"24497","대구광역시 달서구 도원동","1429","1429","0000","한실들마을","월세","59.7600","202506","22","1,000","42","20","1996","한실로 49","202507~202707","신규","-","","","아파트"
"24498","대구광역시 달성군 구지면 응암리","1199","1199","0000","대구국가산단반도유보라아이비파크","월세","84.9598","202506","22","1,000","60","10","2017","과학마을로3길 14","202507~202707","신규","-","","","아파트"
"24499","대구광역시 달서구 용산동","412-1","0412","0001","세븐하이츠","전세","59.9900","202506","22","12,000","0","13","1997","성지로 12","202508~202708","신규","-","","","아파트"
"24500","대구광역시 달서구 용산동","230-10","0230","0010","용산롯데캐슬","전세","84.7300","202506","22","25,000","0","10","2004","장산남로 33","202508~202708","신규","-","","","아파트"
"24501","대구광역시 달서구 신당동","1846","1846","0000","성서주공2","월세","37.6700","202506","21","500","42","10","1995","신당로 55","202507~202707","신규","-","","","아파트"
"24502","대구광역시 달서구 장기동","814-1","0814","0001","장기파랑새마을","전세","84.9822","202506","21","20,000","0","10","2000","한들로 70","202507~202707","신규","-","","","아파트"
"24503","대구광역시 달성군 다사읍 세천리","1588","1588","0000","북죽곡엠코타운더솔레뉴","전세","84.9927","202506","21","20,000","0","17","2016","세천로 160","202507~202707","신규","-","","","아파트"
"24504","대구광역시 달서구 본리동","1234","1234","0000","두산위브더제니스센트럴달서","월세","84.9874","202506","21","1,000","100","42","2024","와룡로 80","202508~202511","신규","-","","","아파트"
"24505","대구광역시 달서구 감삼동","709","0709","0000","힐스테이트죽전역더퍼스트","월세","84.9082","202506","21","2,000","120","24","2022","와룡로31길 26","202509~202708","신규","-","","","아파트"
"24506","대구광역시 달서구 진천동","847","0847","0000","월배역디엘라온프라이빗","월세","125.4901","202506","21","3,000","180","13","2024","월배로 159","202507~202707","신규","-","","","아파트"
"24507","대구광역시 달서구 진천동","847","0847","0000","월배역디엘라온프라이빗","월세","99.8395","202506","21","3,000","140","33","2024","월배로 159","202506~202706","신규","-","","","아파트"
"24508","대구광역시 달성군 구지면 응암리","1178","1178","0000","달성화성파크드림","월세","84.8978","202506","21","800","50","3","2011","과학마을로2길 6","202507~202707","신규","-","","","아파트"
"24509","대구광역시 달성군 구지면 응암리","1251","1251","0000","대구국가산단반도유보라아이비파크2","월세","74.9638","202506","21","500","65","8","2020","국가산단북로60길 59","202507~202707","신규","-","","","아파트"
"24510","대구광역시 달서구 두류동","2363","2363","0000","두류센트레빌더파크","전세","78.3408","202506","21","31,000","0","9","2024","당산로36길 37","202507~202707","신규","-","","","아파트"
"24511","대구광역시 달서구 월성동","1261","1261","0000","월성자이","전세","125.7931","202506","21","35,000","0","4","2006","조암남로10길 21","202509~202709","신규","-","","","아파트"
"24512","대구광역시 달성군 다사읍 서재리","1134","1134","0000","메가시티태왕아너스","월세","84.6997","202506","21","2,000","90","17","2022","궁산2길 12","202506~202607","신규","-","","","아파트"
"24513","대구광역시 달서구 장기동","814-1","0814","0001","장기파랑새마을","전세","59.9634","202506","21","15,000","0","1","2001","한들로 70","202508~202708","신규","-","","","아파트"
"24514","대구광역시 달서구 두류동","2348","2348","0000","두류파크KCC스위첸","전세","84.9700","202506","21","25,000","0","8","2023","파도고개로 70","202506~202706","신규","-","","","아파트"
"24515","대구광역시 달서구 감삼동","560-1","0560","0001","죽전역해링턴플레이스더원","전세","84.9500","202506","21","31,500","0","39","2023","와룡로31길 16","202506~202706","갱신","사용","30,000","0","아파트"
"24516","대구광역시 달서구 본동","747","0747","0000","빌리브클라쎄","월세","84.5900","202506","21","2,000","105","18","2023","와룡로 41","202507~202707","신규","-","","","아파트"
"24517","대구광역시 달서구 감삼동","287-57","0287","0057","성당코오롱하늘채","월세","84.9982","202506","21","5,000","58","3","2007","장기로 160","202506~202706","신규","-","","","아파트"
"24518","대구광역시 달성군 유가읍 쌍계리","633","0633","0000","대구테크노폴리스중흥에스-클래스포디움","전세","99.9819","202506","21","21,000","0","13","2018","테크노순환로 423","202506~202706","갱신","-","20,000","0","아파트"
"24519","대구광역시 달서구 월성동","364","0364","0000","월성보성1","월세","68.5400","202506","21","1,000","60","4","1991","학산로 30","202508~202708","신규","-","","","아파트"
"24520","대구광역시 달서구 감삼동","719","0719","0000","힐스테이트죽전역","월세","108.9759","202506","21","3,000","150","25","2024","달구벌대로308길 30","202508~202708","신규","-","","","아파트"
"24521","대구광역시 달성군 옥포읍 교항리","2984","2984","0000","옥포지구서한이다음","월세","59.9900","202506","21","1,000","60","9","2020","돌미로6길 5","202507~202707","신규","-","","","아파트"
"24522","대구광역시 달서구 대곡동","1123","1123","0000","수목원제일풍경채","전세","83.3100","202506","21","29,000","0","6","2018","갈밭남로 12","202507~202707","신규","-","","","아파트"
"24523","대구광역시 달서구 대곡동","1126","1126","0000","수목원서한이다음","전세","101.8700","202506","21","24,000","0","4","2018","한실로6길 123","202506~202706","갱신","사용","24,000","0","아파트"
"24524","대구광역시 중구 대봉동","758","0758","0000","대봉태왕아너스","전세","84.9870","202506","21","27,000","0","15","2015","동덕로 55","202506~202706","신규","-","","","아파트"
"24525","대구광역시 달성군 유가읍 봉리","621","0621","0000","우미린더포레스트","월세","75.7275","202506","21","2,000","73","6","2015","테크노북로9길 16","202508~202708","신규","-","","","아파트"
"24526","대구광역시 달서구 상인동","1598","1598","0000","상인푸르지오","전세","121.6980","202506","21","33,000","0","10","2010","상화로 235","202506~202810","신규","-","","","아파트"
"24527","대구광역시 달서구 이곡동","1256","1256","0000","성서와룡타운","전세","59.9800","202506","21","10,600","0","6","1994","이곡동로 32","202507~202707","신규","-","","","아파트"
"24528","대구광역시 달서구 용산동","419-5","0419","0005","성서5주공","월세","59.9900","202506","21","1,000","54","9","1997","선원남로 181","202507~202707","신규","-","","","아파트"
"24529","대구광역시 달성군 옥포읍 본리리","2590","2590","0000","미진이지비아","월세","59.9907","202506","21","1,000","50","23","2017","비슬로447길 56","202507~202707","신규","-","","","아파트"
"24530","대구광역시 달성군 화원읍 구라리","1650","1650","0000","대곡역래미안","월세","84.2858","202506","21","2,000","85","6","2007","비슬로539길 35","202507~202707","신규","-","","","아파트"
"24531","대구광역시 달성군 현풍읍 중리","485","0485","0000","대구테크노폴리스일동미라주더파크","전세","72.9749","202506","21","19,000","0","6","2017","테크노북로2길 9","202507~202707","신규","-","","","아파트"
"24532","대구광역시 달성군 다사읍 서재리","169","0169","0000","서재화진금봉타운","월세","59.9600","202506","21","1,000","45","11","1996","서재로 120","202507~202707","신규","-","","","아파트"
"24533","대구광역시 수성구 황금동","365","0365","0000","캐슬골드파크1단지","월세","129.5300","202506","21","2,800","170","1","2006","청수로 213","202507~202707","신규","-","","","아파트"
"24534","대구광역시 수성구 매호동","1324","1324","0000","두레타운","월세","39.9000","202506","21","500","40","11","1995","천을로 131","202506~202706","신규","-","","","아파트"
"24535","대구광역시 북구 연경동","987","0987","0000","연경동화아이위시","월세","84.9990","202506","21","5,000","70","6","2020","동화천로 190","202507~202707","신규","-","","","아파트"
"24536","대구광역시 수성구 매호동","1330","1330","0000","누리타운","월세","59.9700","202506","21","1,000","65","9","1995","달구벌대로637길 21","202507~202707","신규","-","","","아파트"
"24537","대구광역시 수성구 매호동","1324","1324","0000","두레타운","월세","39.9000","202506","21","500","38","7","1995","천을로 131","202507~202802","신규","-","","","아파트"
"24538","대구광역시 북구 동천동","950","0950","0000","화성센트럴파크","전세","59.9402","202506","21","18,000","0","3","2003","대천로 100","202508~202708","신규","-","","","아파트"
"24539","대구광역시 수성구 매호동","1330","1330","0000","누리타운","월세","59.9700","202506","21","1,000","65","9","1995","달구벌대로637길 21","202507~202707","신규","-","","","아파트"
"24540","대구광역시 북구 관음동","1370","1370","0000","칠곡한양2","전세","41.2650","202506","21","8,500","0","13","1993","구암로 17","202508~202708","신규","-","","","아파트"
"24541","대구광역시 수성구 사월동","464","0464","0000","사월보성","전세","59.9700","202506","21","12,000","0","12","1996","욱수천로 133","202507~202707","신규","-","","","아파트"
"24542","대구광역시 수성구 중동","657","0657","0000","수성뷰웰리버파크","월세","84.7772","202506","21","2,500","130","14","2023","수성로41길 41","202507~202707","신규","-","","","아파트"
"24543","대구광역시 수성구 중동","657","0657","0000","수성뷰웰리버파크","월세","84.7772","202506","21","2,500","130","14","2023","수성로41길 41","202507~202707","신규","-","","","아파트"
"24544","대구광역시 수성구 중동","657","0657","0000","수성뷰웰리버파크","월세","84.7772","202506","21","2,500","130","14","2023","수성로41길 41","202507~202707","신규","-","","","아파트"
"24545","대구광역시 수성구 만촌동","1500","1500","0000","힐스테이트만촌역","월세","84.7518","202506","21","5,000","160","4","2024","달구벌대로 2567","202508~202707","신규","-","","","아파트"
"24546","대구광역시 수성구 만촌동","1489","1489","0000","만촌자이르네","전세","84.9918","202506","21","48,300","0","14","2023","교학로19길 19","202510~202710","갱신","사용","46,000","0","아파트"
"24547","대구광역시 북구 고성동3가","145","0145","0000","오페라트루엘시민의숲아파트","월세","84.7222","202506","21","3,000","105","20","2020","고성북로 34","202506~202706","갱신","사용","4,500","100","아파트"
"24548","대구광역시 북구 동천동","914","0914","0000","부영그린타운(2단지)","월세","59.8488","202506","21","1,000","70","12","2003","동천로24길 12","202507~202706","신규","-","","","아파트"
"24549","대구광역시 수성구 만촌동","1497","1497","0000","만촌역태왕디아너스","월세","84.9541","202506","21","4,000","150","4","2024","달구벌대로 2599","202507~202707","신규","-","","","아파트"
"24550","대구광역시 수성구 만촌동","1479","1479","0000","만촌3차화성파크드림","전세","84.9558","202506","21","45,000","0","8","2016","교학로 13","202508~202708","신규","-","","","아파트"
"24551","대구광역시 수성구 수성동1가","649-17","0649","0017","삼환","월세","88.2300","202506","21","1,500","50","7","1979","신천동로 288","202506~202706","신규","-","","","아파트"
"24552","대구광역시 북구 태전동","1244","1244","0000","대구태전역광신프로그레스","전세","75.0162","202506","21","24,000","0","8","2023","태전로7길 34","202509~202708","신규","-","","","아파트"
"24553","대구광역시 수성구 범어동","314-2","0314","0002","을지맨션","전세","113.8200","202506","21","26,000","0","4","1987","달구벌대로496길 88","202507~202707","신규","-","","","아파트"
"24554","대구광역시 수성구 범어동","2030","2030","0000","래미안수성","전세","101.8075","202506","21","37,000","0","1","2008","상록로 69","202507~202707","신규","-","","","아파트"
"24555","대구광역시 수성구 범어동","2238","2238","0000","범어 화산샬레","월세","74.6997","202506","21","5,000","140","3","2014","청호로 411-3","202507~202707","신규","-","","","아파트"
"24556","대구광역시 수성구 범어동","2252","2252","0000","범어라온프라이빗2차","월세","74.8219","202506","21","2,000","170","4","2018","청호로 438","202507~202706","신규","-","","","아파트"
"24557","대구광역시 수성구 범어동","산103","0103","0000","장원맨션","전세","84.9800","202506","21","23,500","0","1","1988","청호로 370","202507~202707","신규","-","","","아파트"
"24558","대구광역시 북구 태전동","1066","1066","0000","칠곡대백맨션","전세","84.9200","202506","21","13,000","0","12","1993","관음로 24","202507~202707","신규","-","","","아파트"
"24559","대구광역시 수성구 황금동","365","0365","0000","캐슬골드파크1단지","월세","50.4500","202506","21","5,000","60","8","2006","청수로 213","202506~202706","신규","-","","","아파트"
"24560","대구광역시 수성구 황금동","843-1","0843","0001","KOASIS","월세","131.5890","202506","21","2,000","90","19","2004","동대구로 149","202507~202707","신규","-","","","아파트"
"24561","대구광역시 수성구 황금동","365","0365","0000","캐슬골드파크1단지","월세","84.9700","202506","21","2,000","120","14","2006","청수로 213","202508~202708","신규","-","","","아파트"
"24562","대구광역시 수성구 황금동","365","0365","0000","캐슬골드파크4단지","월세","84.9700","202506","21","2,000","110","1","2006","청수로 261","202508~202708","신규","-","","","아파트"
"24563","대구광역시 북구 학정동","925","0925","0000","학정청아람","전세","84.6600","202506","21","23,000","0","22","2007","학정로110길 29","202508~202708","신규","-","","","아파트"
"24564","대구광역시 북구 태전동","936","0936","0000","롯데","월세","84.9900","202506","21","500","60","9","1993","구암로 12","202507~202707","신규","-","","","아파트"
"24565","대구광역시 수성구 두산동","85","0085","0000","호반써밋수성","월세","84.2003","202506","21","3,000","120","28","2024","청수로24길 71","202506~202706","신규","-","","","아파트"
"24566","대구광역시 북구 대현동","531","0531","0000","대현한신휴플러스","전세","84.9700","202506","21","22,000","0","13","2010","대현남로 25","202508~202708","신규","-","","","아파트"
"24567","대구광역시 수성구 파동","1034","1034","0000","수성더팰리스푸르지오더샵","월세","59.7760","202506","21","2,000","85","11","2023","파동로 188","202507~202707","신규","-","","","아파트"
"24568","대구광역시 수성구 파동","53","0053","0000","수성못코오롱하늘채","월세","84.8355","202506","21","2,000","100","20","2013","파동로 222","202507~202707","신규","-","","","아파트"
"24569","대구광역시 수성구 황금동","365","0365","0000","캐슬골드파크1단지","전세","59.9800","202506","21","22,000","0","17","2006","청수로 213","202507~202707","갱신","-","20,000","0","아파트"
"24570","대구광역시 수성구 황금동","365","0365","0000","캐슬골드파크1단지","월세","84.9700","202506","21","5,000","90","18","2006","청수로 213","202508~202708","신규","-","","","아파트"
"24571","대구광역시 수성구 신매동","580","0580","0000","시지청솔타운","전세","57.3900","202506","21","13,000","0","14","1995","고산로 70","202508~202707","신규","-","","","아파트"
"24572","대구광역시 북구 국우동","1079","1079","0000","부영1차","전세","81.1563","202506","21","18,000","0","8","2002","학정동로 7","202510~202710","신규","-","","","아파트"
"24573","대구광역시 북구 태전동","936","0936","0000","롯데","월세","84.9900","202506","21","500","60","9","1993","구암로 12","202507~202707","신규","-","","","아파트"
"24574","대구광역시 북구 대현동","521","0521","0000","대현e-편한세상","전세","84.7511","202506","21","23,000","0","20","2008","대현로10길 82","202507~202707","신규","-","","","아파트"
"24575","대구광역시 북구 대현동","527","0527","0000","대현뜨란채","전세","59.4400","202506","21","18,000","0","15","2006","대현남로 28","202507~202707","신규","-","","","아파트"
"24576","대구광역시 북구 태전동","1244","1244","0000","대구태전역광신프로그레스","월세","84.9687","202506","21","2,000","90","4","2023","태전로7길 34","202508~202708","신규","-","","","아파트"
"24577","대구광역시 수성구 수성동4가","1090-6","1090","0006","수성보성","월세","49.2100","202506","21","1,000","70","9","1996","수성로 412","202508~202708","신규","-","","","아파트"
"24578","대구광역시 수성구 수성동4가","1090-8","1090","0008","수성하이츠","월세","22.6180","202506","21","300","35","21","2000","수성로 393","202507~202602","신규","-","","","아파트"
"24579","대구광역시 수성구 시지동","499","0499","0000","노변다숲","전세","59.7300","202506","21","12,500","0","11","1996","노변공원로 34","202508~202708","신규","-","","","아파트"
"24580","대구광역시 수성구 시지동","498","0498","0000","고산노변타운","전세","59.7500","202506","21","16,000","0","4","1996","시지로 55","202508~202708","신규","-","","","아파트"
"24581","대구광역시 수성구 시지동","509","0509","0000","노변동서우방","전세","134.7900","202506","21","25,000","0","8","1996","노변공원로 22","202509~202709","신규","-","","","아파트"
"24582","대구광역시 북구 산격동","435-2","0435","0002","산격에덴3","전세","56.1575","202506","21","7,000","0","4","1986","동북로37길 58-17","202508~202708","신규","-","","","아파트"
"24583","대구광역시 수성구 매호동","1331","1331","0000","하나타운","월세","49.9200","202506","21","1,000","45","11","1995","고산로 123","202507~202707","신규","-","","","아파트"
"24584","대구광역시 수성구 지산동","1271","1271","0000","우방타운","전세","84.9950","202506","21","18,000","0","12","1991","지산로 32","202508~202708","신규","-","","","아파트"
"24585","대구광역시 수성구 지산동","1272-2","1272","0002","에덴타운","전세","71.6800","202506","21","15,000","0","15","1991","용학로 223","202507~202707","신규","-","","","아파트"
"24586","대구광역시 수성구 매호동","1324","1324","0000","두레타운","월세","39.9000","202506","21","500","40","4","1995","천을로 131","202507~202707","신규","-","","","아파트"
"24587","대구광역시 수성구 매호동","1033","1033","0000","시지우방하이츠","전세","42.6715","202506","21","10,000","0","6","1999","달구벌대로645길 22","202507~202707","신규","-","","","아파트"
"24588","대구광역시 수성구 범물동","1372","1372","0000","청아타운","월세","84.9950","202506","21","3,000","60","3","1992","범안로 40","202508~202708","신규","-","","","아파트"
"24589","대구광역시 수성구 지산동","1273","1273","0000","협화맨션","전세","84.7600","202506","21","20,000","0","3","1991","지범로22길 23","202507~202707","신규","-","","","아파트"
"24590","대구광역시 수성구 지산동","1272-2","1272","0002","에덴타운","전세","71.6800","202506","21","15,000","0","15","1991","용학로 223","202507~202707","신규","-","","","아파트"
"24591","대구광역시 수성구 지산동","1766","1766","0000","더샵수성라크에르","월세","59.8476","202506","21","3,500","90","2","2024","지산로3길 33","202507~202706","신규","-","","","아파트"
"24592","대구광역시 수성구 지산동","1200","1200","0000","목련","월세","49.2300","202506","21","1,000","50","3","1986","용학로42길 13","202509~202709","신규","-","","","아파트"
"24593","대구광역시 수성구 지산동","1288","1288","0000","지산타운","월세","39.6800","202506","21","1,000","40","1","1991","용학로 303","202507~202707","신규","-","","","아파트"
"24594","대구광역시 중구 태평로3가","211-1","0211","0001","힐스테이트대구역퍼스트2차","월세","84.6679","202506","21","190","190","35","2025","태평로 101","202506~202508","신규","-","","","아파트"
"24595","대구광역시 남구 대명동","780-3","0780","0003","동신점보","월세","84.8000","202506","21","2,000","60","8","1979","대명로 177","202508~202708","신규","-","","","아파트"
"24596","대구광역시 중구 태평로3가","221-5","0221","0005","힐스테이트대구역퍼스트","전세","84.7934","202506","21","27,000","0","22","2025","태평로 100","202507~202707","신규","-","","","아파트"
"24597","대구광역시 동구 괴전동","655","0655","0000","안심역삼정그린코아더베스트","전세","59.9698","202506","21","21,000","0","11","2021","반야월북로 355","202508~202707","신규","-","","","아파트"
"24598","대구광역시 중구 동인동1가","420","0420","0000","힐스테이트동인더스카이","월세","84.9389","202506","21","2,000","120","43","2025","태평로 240","202506~202606","신규","-","","","아파트"
"24599","대구광역시 북구 칠성동2가","742","0742","0000","대구역자이더스타","월세","77.8107","202506","21","2,000","120","23","2025","칠성남로 150","202508~202612","신규","-","","","아파트"
"24600","대구광역시 북구 칠성동2가","733","0733","0000","오페라삼정그린코아더베스트","전세","84.9746","202506","21","30,000","0","16","2017","침산로 100","202506~202706","갱신","-","25,000","0","아파트"
"24601","대구광역시 중구 남산동","3012","3012","0000","남산역화성파크드림","전세","59.1950","202506","21","25,000","0","6","2018","남산로7길 7","202509~202709","신규","-","","","아파트"
"24602","대구광역시 중구 남산동","3049","3049","0000","청라힐스자이","월세","84.8688","202506","21","2,000","125","17","2023","남산로 73","202507~202707","갱신","사용","2,000","120","아파트"
"24603","대구광역시 중구 남산동","3012","3012","0000","남산역화성파크드림","전세","84.2108","202506","21","26,000","0","12","2018","남산로7길 7","202507~202707","신규","-","","","아파트"
"24604","대구광역시 중구 남산동","3049","3049","0000","청라힐스자이","전세","75.3303","202506","21","32,000","0","17","2023","남산로 73","202509~202709","신규","-","","","아파트"
"24605","대구광역시 동구 각산동","1054","1054","0000","대구혁신엘에이치4단지","전세","59.7500","202506","21","16,000","0","7","2017","경안로 956","202508~202708","신규","-","","","아파트"
"24606","대구광역시 남구 대명동","1635","1635","0000","개나리맨션","월세","59.8000","202506","21","1,000","48","5","1980","대명로 117","202507~202707","신규","-","","","아파트"
"24607","대구광역시 동구 신암동","1860","1860","0000","동대구역화성파크드림","월세","84.8163","202506","21","3,000","125","14","2023","동대구로 590","202508~202708","신규","-","","","아파트"
"24608","대구광역시 중구 대신동","2106","2106","0000","대신센트럴자이","전세","84.8382","202506","21","28,000","0","26","2015","달구벌대로 1955","202507~202707","신규","-","","","아파트"
"24609","대구광역시 중구 태평로3가","318","0318","0000","힐스테이트달성공원역","전세","84.9786","202506","21","26,500","0","48","2024","태평로 41","202508~202708","신규","-","","","아파트"
"24610","대구광역시 중구 태평로3가","221-5","0221","0005","힐스테이트대구역퍼스트","월세","84.9979","202506","21","4,000","90","33","2025","태평로 100","202507~202707","신규","-","","","아파트"
"24611","대구광역시 동구 효목동","551","0551","0000","용림","월세","59.3400","202506","21","1,000","40","2","1979","화랑로25길 17","202508~202708","신규","-","","","아파트"
"24612","대구광역시 동구 효목동","55","0055","0000","진로이스트타운","월세","84.9000","202506","21","2,000","60","3","1998","아양로 218","202509~202709","신규","-","","","아파트"
"24613","대구광역시 동구 신암동","1846","1846","0000","동대구에일린의뜰","월세","84.9574","202506","21","3,000","100","13","2021","아양로9길 35","202507~202707","신규","-","","","아파트"
"24614","대구광역시 중구 대신동","2110","2110","0000","e편한세상대신","월세","84.9760","202506","21","2,000","105","18","2018","달구벌대로 1943","202508~202707","신규","-","","","아파트"
"24615","대구광역시 중구 대신동","2110","2110","0000","e편한세상대신","전세","59.9840","202506","21","25,000","0","5","2018","달구벌대로 1943","202507~202707","갱신","사용","24,500","0","아파트"
"24616","대구광역시 중구 대신동","2106","2106","0000","대신센트럴자이","월세","59.8582","202506","21","2,000","85","19","2015","달구벌대로 1955","202508~202708","신규","-","","","아파트"
"24617","대구광역시 동구 신암동","1833","1833","0000","이안동대구","전세","59.9210","202506","21","20,500","0","7","2018","송라로28길 14","202508~202708","갱신","-","19,500","0","아파트"
"24618","대구광역시 남구 봉덕동","1652","1652","0000","앞산비스타동원","전세","84.9734","202506","21","27,300","0","18","2021","신촌길 57","202507~202707","갱신","-","26,000","0","아파트"
"24619","대구광역시 남구 봉덕동","1657","1657","0000","봉덕2차화성파크드림","전세","84.9762","202506","21","25,000","0","1","2022","대덕로 161","202507~202707","갱신","사용","25,000","0","아파트"
"24620","대구광역시 남구 봉덕동","1650","1650","0000","앞산봉덕영무예다음","전세","84.8390","202506","21","30,000","0","17","2020","대봉로 12","202507~202707","신규","-","","","아파트"
"24621","대구광역시 남구 봉덕동","1650","1650","0000","앞산봉덕영무예다음","월세","84.8342","202506","21","3,000","110","12","2020","대봉로 12","202508~202708","신규","-","","","아파트"
"24622","대구광역시 동구 신암동","1839","1839","0000","동대구우방아이유쉘","전세","84.9907","202506","21","25,000","0","15","2020","송라로32길 32","202507~202707","갱신","사용","25,000","0","아파트"
"24623","대구광역시 동구 신암동","330-4","0330","0004","부림팰리스","월세","84.7951","202506","21","2,000","75","9","2015","아양로34길 25","202507~202707","신규","-","","","아파트"
"24624","대구광역시 서구 내당동","308-11","0308","0011","삼익뉴타운","월세","46.1350","202506","21","500","40","12","1981","평리로 236","202506~202606","신규","-","","","아파트"
"24625","대구광역시 서구 내당동","2346","2346","0000","e편한세상두류역","전세","74.9916","202506","21","27,000","0","7","2022","달구벌대로361길 41","202507~202707","신규","-","","","아파트"
"24626","대구광역시 서구 내당동","463-5","0463","0005","광장타운1차","월세","54.0000","202506","21","1,000","46","9","1984","달구벌대로 1707","202507~202707","신규","-","","","아파트"
"24627","대구광역시 서구 내당동","3326","3326","0000","두류스타힐스","월세","84.8601","202506","21","2,000","100","36","2025","서대구로 20","202508~202708","신규","-","","","아파트"
"24628","대구광역시 동구 신암동","67","0067","0000","보성2차","월세","56.4400","202506","21","1,000","40","5","1988","아양로49길 77","202506~202606","신규","-","","","아파트"
"24629","대구광역시 동구 신암동","1870","1870","0000","해링턴플레이스동대구","전세","84.9716","202506","21","23,100","0","10","2024","경대로 126","202508~202708","갱신","-","22,000","0","아파트"
"24630","대구광역시 동구 신암동","1887","1887","0000","동대구해모로스퀘어이스트","전세","84.9402","202506","21","26,000","0","7","2024","동북로75길 13","202507~202707","신규","-","","","아파트"
"24631","대구광역시 서구 평리동","1680","1680","0000","평리푸르지오","전세","84.9203","202506","21","21,000","0","4","2011","국채보상로50길 20","202507~202707","신규","-","","","아파트"
"24632","대구광역시 서구 평리동","632-9","0632","0009","서대구KTX영무예다음","월세","84.4481","202506","21","2,000","95","34","2023","당산로 446","202507~202707","신규","-","","","아파트"
"24633","대구광역시 서구 평리동","1680","1680","0000","평리푸르지오","전세","84.9203","202506","21","24,000","0","20","2011","국채보상로50길 20","202509~202709","신규","-","","","아파트"
"24634","대구광역시 서구 평리동","632-9","0632","0009","서대구KTX영무예다음","전세","84.4481","202506","21","23,000","0","14","2023","당산로 446","202509~202709","신규","-","","","아파트"
"24635","대구광역시 동구 각산동","1054","1054","0000","대구혁신엘에이치4단지","전세","59.7500","202506","21","16,000","0","7","2017","경안로 956","202508~202708","신규","-","","","아파트"
"24636","대구광역시 중구 동인동3가","414","0414","0000","엑소디움센트럴동인","전세","27.2203","202506","21","16,300","0","3","2023","국채보상로139길 40","202507~202707","신규","-","","","아파트"
"24637","대구광역시 중구 동인동3가","414","0414","0000","엑소디움센트럴동인","전세","27.2203","202506","21","17,200","0","17","2023","국채보상로139길 40","202506~202706","신규","-","","","아파트"
"24638","대구광역시 중구 동인동3가","414","0414","0000","엑소디움센트럴동인","전세","27.2203","202506","21","16,900","0","7","2023","국채보상로139길 40","202508~202708","신규","-","","","아파트"
"24639","대구광역시 중구 동인동3가","414","0414","0000","엑소디움센트럴동인","전세","27.2203","202506","21","16,300","0","3","2023","국채보상로139길 40","202507~202707","신규","-","","","아파트"
"24640","대구광역시 동구 율하동","1216","1216","0000","율하롯데캐슬TOPCLASS","전세","98.5953","202506","21","30,000","0","3","2015","율하서로 23","202509~202709","신규","-","","","아파트"
"24641","대구광역시 동구 율하동","1412","1412","0000","율하리버파크","전세","84.6400","202506","21","25,000","0","3","2009","율하동로 19","202508~202708","신규","-","","","아파트"
"24642","대구광역시 중구 달성동","352","0352","0000","달성파크푸르지오힐스테이트","전세","59.7402","202506","21","19,000","0","12","2023","달성로 123","202508~202509","신규","-","","","아파트"
"24643","대구광역시 중구 도원동","9","0009","0000","힐스테이트도원센트럴","월세","99.9700","202506","21","5,000","130","14","2024","태평로 50","202508~202708","신규","-","","","아파트"
"24644","대구광역시 중구 동인동3가","414","0414","0000","엑소디움센트럴동인","전세","27.2203","202506","21","16,300","0","3","2023","국채보상로139길 40","202507~202707","신규","-","","","아파트"
"24645","대구광역시 동구 신천동","1508","1508","0000","동대구역우방아이유쉘","전세","84.9895","202506","21","30,500","0","17","2022","동부로 115","202509~202709","신규","-","","","아파트"
"24646","대구광역시 동구 신천동","538-15","0538","0015","신천역까사밀라102동","월세","23.3700","202506","21","500","40","8","2015","동부로 33","202506~202606","신규","-","","","아파트"
"24647","대구광역시 동구 신천동","1525","1525","0000","더샵디어엘로","전세","72.7794","202506","21","34,000","0","4","2024","화랑로 33","202509~202709","신규","-","","","아파트"
"24648","대구광역시 동구 신서동","828","0828","0000","신서화성파크드림","전세","130.1916","202506","21","28,000","0","17","2010","반야월북로 221","202510~202710","신규","-","","","아파트"
"24649","대구광역시 중구 태평로2가","41","0041","0000","힐스테이트대구역","월세","112.0073","202506","21","11,000","115","9","2023","태평로28길 13","202508~202708","신규","-","","","아파트"
"24650","대구광역시 동구 신천동","1518","1518","0000","동대구역센트럴시티자이","전세","84.9866","202506","21","35,000","0","6","2022","송라로10길 33","202509~202709","신규","-","","","아파트"
"24651","대구광역시 동구 신천동","1525","1525","0000","더샵디어엘로","전세","72.7794","202506","21","32,000","0","4","2024","화랑로 33","202509~202709","신규","-","","","아파트"
"24652","대구광역시 동구 신천동","1518","1518","0000","동대구역센트럴시티자이","전세","84.9866","202506","21","35,000","0","6","2022","송라로10길 33","202509~202709","신규","-","","","아파트"
"24653","대구광역시 동구 신천동","1525","1525","0000","더샵디어엘로","전세","72.7794","202506","21","32,000","0","4","2024","화랑로 33","202509~202709","신규","-","","","아파트"
"24654","대구광역시 동구 신천동","551-23","0551","0023","신천가람타운","전세","84.8400","202506","20","19,000","0","4","1997","신암로16길 16","202506~202706","신규","-","","","아파트"
"24655","대구광역시 동구 율암동","1297","1297","0000","대구 파라곤 프레스티지","월세","84.8406","202506","20","2,000","100","16","2023","안심뉴타운7로 13","202507~202707","신규","-","","","아파트"
"24656","대구광역시 동구 율암동","1295","1295","0000","대구안심뉴타운시티프라디움","월세","84.9833","202506","20","2,000","75","2","2022","안심뉴타운7로 31","202506~202603","신규","-","","","아파트"
"24657","대구광역시 중구 남산동","3049","3049","0000","청라힐스자이","전세","84.9892","202506","20","35,000","0","17","2023","남산로 73","202508~202708","신규","-","","","아파트"
"24658","대구광역시 동구 신암동","1860","1860","0000","동대구역화성파크드림","전세","59.9936","202506","20","29,000","0","9","2023","동대구로 590","202508~202708","신규","-","","","아파트"
"24659","대구광역시 동구 신기동","576","0576","0000","신기모란2차","전세","38.9700","202506","20","6,000","0","5","1988","율하동로20길 30","202507~202707","신규","-","","","아파트"
"24660","대구광역시 중구 달성동","352","0352","0000","달성파크푸르지오힐스테이트","전세","74.9933","202506","20","23,100","0","8","2023","달성로 123","202507~202707","갱신","사용","22,000","0","아파트"
"24661","대구광역시 동구 신기동","557","0557","0000","신기모란3차","월세","49.9800","202506","20","500","45","2","1988","율하동로20길 31","202507~202707","신규","-","","","아파트"
"24662","대구광역시 동구 동호동","362","0362","0000","상록아파트","전세","59.7200","202506","20","9,786","0","3","2004","동호로 47","202507~202707","신규","-","","","아파트"
"24663","대구광역시 중구 남산동","2466-1","2466","0001","보성황실타운","월세","84.9850","202506","20","2,000","85","18","1993","남산로13길 17","202509~202709","신규","-","","","아파트"
"24664","대구광역시 서구 중리동","26-1","0026","0001","중리롯데캐슬","전세","115.6870","202506","20","24,500","0","16","2009","국채보상로34길 12","202506~202706","갱신","-","23,000","0","아파트"
"24665","대구광역시 서구 평리동","1680","1680","0000","평리푸르지오","월세","84.9305","202506","20","2,000","75","2","2011","국채보상로50길 20","202506~202612","신규","-","","","아파트"
"24666","대구광역시 동구 봉무동","1537","1537","0000","협성휴포레이시아폴리스","전세","84.9737","202506","20","27,000","0","6","2018","팔공로 260","202507~202707","신규","-","","","아파트"
"24667","대구광역시 서구 평리동","1497-44","1497","0044","서대구역서한이다음더퍼스트","전세","84.9917","202506","20","21,000","0","7","2023","국채보상로37길 38","202507~202707","갱신","사용","20,000","0","아파트"
"24668","대구광역시 북구 칠성동2가","127","0127","0000","성광우방타운","월세","84.9300","202506","20","12,000","20","9","1996","호암로 20","202507~202707","신규","-","","","아파트"
"24669","대구광역시 중구 남산동","3030","3030","0000","남산자이하늘채","전세","59.1983","202506","20","27,000","0","10","2022","명덕로 33","-","-","-","","","아파트"
"24670","대구광역시 동구 율하동","1020","1020","0000","율하뜨란채","월세","59.9900","202506","20","1,000","48","4","1997","율하동로 67","202507~202707","신규","-","","","아파트"
"24671","대구광역시 동구 율하동","1410","1410","0000","율하리버파크뷰","월세","150.8000","202506","20","5,000","130","13","2010","금호강변로 315","202507~202607","신규","-","","","아파트"
"24672","대구광역시 중구 대신동","305-1","0305","0001","태왕아너스스카이","월세","84.9293","202506","20","2,000","90","20","2006","달구벌대로 1975","202508~202608","갱신","사용","2,000","100","아파트"
"24673","대구광역시 동구 신서동","828","0828","0000","신서화성파크드림","전세","99.1204","202506","20","22,000","0","10","2010","반야월북로 221","202508~202708","신규","-","","","아파트"
"24674","대구광역시 달성군 다사읍 서재리","169","0169","0000","서재화진금봉타운","전세","84.8500","202506","20","14,000","0","20","1996","서재로 120","202506~202706","갱신","-","2,800","45","아파트"
"24675","대구광역시 달성군 옥포읍 강림리","1099","1099","0000","LH허브시티","월세","59.9900","202506","20","1,000","55","6","2015","비슬로 1941","202507~202707","신규","-","","","아파트"
"24676","대구광역시 달성군 다사읍 세천리","1703-1","1703","0001","제일풍경채 프라임","월세","59.9687","202506","20","2,000","70","11","2017","세천남로 35","202507~202707","신규","-","","","아파트"
"24677","대구광역시 달성군 논공읍 북리","803-4","0803","0004","논공성원아파트","월세","52.0800","202506","20","200","38","1","1996","논공로23길 14","202506~202706","신규","-","","","아파트"
"24678","대구광역시 달서구 용산동","410-2","0410","0002","성서보람타운","월세","59.6700","202506","20","1,000","50","9","1997","새동네로 34","202507~202707","신규","-","","","아파트"
"24679","대구광역시 달서구 상인동","1598","1598","0000","상인푸르지오","월세","59.6990","202506","20","3,000","65","7","2010","상화로 235","202507~202707","신규","-","","","아파트"
"24680","대구광역시 달서구 상인동","1596","1596","0000","상인화성파크드림1단지","전세","119.2200","202506","20","27,000","0","10","2010","송현로7길 10","202507~202806","신규","-","","","아파트"
"24681","대구광역시 달서구 상인동","1600","1600","0000","상인역모아엘가파크뷰","전세","59.9900","202506","20","24,000","0","5","2019","상화북로 162","202509~202708","신규","-","","","아파트"
"24682","대구광역시 달서구 상인동","1598","1598","0000","상인푸르지오","월세","84.2754","202506","20","12,000","50","23","2010","상화로 235","202507~202707","신규","-","","","아파트"
"24683","대구광역시 달서구 상인동","1551","1551","0000","제림","월세","84.9700","202506","20","500","75","4","1993","상화북로 196","202506~202706","신규","-","","","아파트"
"24684","대구광역시 달서구 성당동","221-7","0221","0007","에코프랜들리","전세","49.4900","202506","20","15,000","0","11","2019","구마로53길 22","202507~202707","신규","-","","","아파트"
"24685","대구광역시 달서구 장기동","515","0515","0000","장기국민임대","월세","46.1900","202506","20","5,091","10","15","2005","용산로 88","202509~202708","신규","-","","","아파트"
"24686","대구광역시 달서구 장기동","814-1","0814","0001","장기파랑새마을","전세","84.9822","202506","20","19,000","0","7","2001","한들로 70","202507~202707","갱신","사용","19,000","0","아파트"
"24687","대구광역시 중구 대봉동","60-10","0060","0010","센트로팰리스","월세","80.7060","202506","20","2,000","115","26","2007","대봉로 260","202507~202707","신규","-","","","아파트"
"24688","대구광역시 달서구 두류동","629-6","0629","0006","삼하","월세","55.6125","202506","20","500","30","4","1981","달구벌대로340길 30","202507~202707","신규","-","","","아파트"
"24689","대구광역시 달서구 두류동","2363","2363","0000","두류센트레빌더파크","월세","78.3408","202506","20","2,000","100","5","2024","당산로36길 37","202507~202707","신규","-","","","아파트"
"24690","대구광역시 달서구 두류동","629-6","0629","0006","삼하","월세","55.2700","202506","20","500","45","3","1981","달구벌대로340길 30","202506~202706","신규","-","","","아파트"
"24691","대구광역시 달성군 구지면 창리","1434","1434","0000","대구국가산단디에트르더센트럴","전세","76.4927","202506","20","16,000","0","5","2021","국가산단대로70길 17","202507~202707","갱신","-","16,000","0","아파트"
"24692","대구광역시 달성군 현풍읍 중리","488","0488","0000","대구테크노폴리스엘에이치천년나무2단지","월세","29.8000","202506","20","2,350","7","19","2016","테크노북로2길 30","202503~202705","갱신","-","850","16","아파트"
"24693","대구광역시 달서구 도원동","1439","1439","0000","대곡가람(임대)","월세","49.9600","202506","20","1,803","29","6","1997","한실로 135","202506~202707","신규","-","","","아파트"
"24694","대구광역시 달서구 도원동","677-1","0677","0001","롯데캐슬레이크","전세","84.9100","202506","20","19,000","0","17","2005","상화로58길 86","202506~202706","신규","-","","","아파트"
"24695","대구광역시 달서구 도원동","1439","1439","0000","가람마을","월세","59.9900","202506","20","1,000","50","6","1997","한실로 135","202506~202706","신규","-","","","아파트"
"24696","대구광역시 달서구 도원동","1442","1442","0000","별메마을","월세","59.7600","202506","20","8,500","8","7","1996","도원로 46","202507~202707","신규","-","","","아파트"
"24697","대구광역시 달성군 유가읍 봉리","621","0621","0000","우미린더포레스트","월세","75.5790","202506","20","2,000","69","3","2015","테크노북로9길 16","202506~202706","갱신","사용","2,000","67","아파트"
"24698","대구광역시 달성군 다사읍 죽곡리","129-1","0129","0001","강창하이츠","월세","59.9400","202506","20","1,000","70","17","1999","달구벌대로 812","202506~202706","신규","-","","","아파트"
"24699","대구광역시 달성군 다사읍 죽곡리","129-1","0129","0001","강창하이츠","월세","29.6400","202506","20","300","35","15","1999","달구벌대로 812","202506~202706","신규","-","","","아파트"
"24700","대구광역시 달성군 다사읍 매곡리","1582","1582","0000","다사역금호어울림센트럴","전세","59.9935","202506","20","19,950","0","13","2023","다사로 71","202507~202707","갱신","-","19,000","0","아파트"
"24701","대구광역시 달서구 월성동","1891","1891","0000","월성삼정그린코아카운티","전세","121.9631","202506","20","53,000","0","14","2022","월암로 8","202509~202709","신규","-","","","아파트"
"24702","대구광역시 달서구 월성동","1863","1863","0000","월성협성휴포레","전세","84.9664","202506","20","28,000","0","2","2016","조암로10길 11","202509~202709","신규","-","","","아파트"
"24703","대구광역시 달서구 월성동","1891","1891","0000","월성삼정그린코아카운티","전세","121.9631","202506","20","53,000","0","14","2022","월암로 8","202509~202709","신규","-","","","아파트"
"24704","대구광역시 달성군 유가읍 봉리","660","0660","0000","예미지더센트럴","월세","115.8207","202506","20","3,000","140","34","2023","테크노북로 260","202506~202512","신규","-","","","아파트"
"24705","대구광역시 달성군 유가읍 봉리","595","0595","0000","대구테크노폴리스화성파크드림","월세","77.4304","202506","20","1,000","80","1","2016","테크노북로 165","202506~202706","신규","-","","","아파트"
"24706","대구광역시 달성군 유가읍 봉리","627","0627","0000","반도유보라","월세","70.0935","202506","20","1,000","75","15","2016","테크노대로 195","202508~202707","신규","-","","","아파트"
"24707","대구광역시 달성군 다사읍 서재리","1131","1131","0000","에코폴리스동화아이위시3차","전세","62.4630","202506","20","15,000","0","23","2017","서재로7길 25","202507~202707","갱신","-","15,000","0","아파트"
"24708","대구광역시 수성구 신매동","579","0579","0000","천마타운","전세","84.9900","202506","20","24,000","0","5","1994","신매로 71","-","-","-","","","아파트"
"24709","대구광역시 수성구 매호동","1324","1324","0000","두레타운","월세","39.9000","202506","20","500","50","7","1995","천을로 131","202507~202609","신규","-","","","아파트"
"24710","대구광역시 수성구 매호동","611-6","0611","0006","매호미래하이츠102","월세","84.8700","202506","20","11,000","10","6","2002","천을로 203","202507~202707","신규","-","","","아파트"
"24711","대구광역시 북구 검단동","887-8","0887","0008","유성청구","전세","47.4900","202506","20","8,000","0","6","1992","검단로 115","202506~202706","신규","-","","","아파트"
"24712","대구광역시 수성구 범어동","2264","2264","0000","힐스테이트범어","전세","84.9218","202506","20","62,000","0","9","2020","범어로18길 22","202509~202709","신규","-","","","아파트"
"24713","대구광역시 수성구 범어동","906-1","0906","0001","유림노르웨이숲","전세","147.4278","202506","20","50,000","0","4","2006","동대구로50길 37","202510~202710","신규","-","","","아파트"
"24714","대구광역시 수성구 범어동","2291","2291","0000","수성범어W","전세","102.9949","202506","20","95,000","0","16","2023","달구벌대로 2436","202508~202708","신규","-","","","아파트"
"24715","대구광역시 수성구 범어동","2291","2291","0000","수성범어W","전세","102.9949","202506","20","95,000","0","16","2023","달구벌대로 2436","202508~202708","신규","-","","","아파트"
"24716","대구광역시 수성구 범어동","800-11","0800","0011","우방크로바","전세","74.5175","202506","20","16,000","0","4","1982","청솔로 126","202508~202708","신규","-","","","아파트"
"24717","대구광역시 수성구 범어동","2291","2291","0000","수성범어W","월세","84.9911","202506","20","2,000","195","24","2023","달구벌대로 2436","202507~202707","신규","-","","","아파트"
"24718","대구광역시 수성구 범어동","808","0808","0000","범어쌍용예가","월세","115.2158","202506","20","5,000","210","4","2009","명덕로 477","202507~202707","신규","-","","","아파트"
"24719","대구광역시 수성구 범어동","175-1","0175","0001","브라운스톤범어","월세","84.8465","202506","20","3,000","120","26","2017","동대구로 354","202509~202708","신규","-","","","아파트"
"24720","대구광역시 북구 매천동","595-2","0595","0002","삼우그린","전세","59.9600","202506","20","9,000","0","7","1996","매천로8길 35","202507~202707","신규","-","","","아파트"
"24721","대구광역시 수성구 두산동","113","0113","0000","수성SK리더스뷰","전세","110.9656","202506","20","55,000","0","32","2010","동대구로 95","202508~202602","신규","-","","","아파트"
"24722","대구광역시 북구 읍내동","1448","1448","0000","SD아이프라임강북","월세","84.9606","202506","20","1,500","80","12","2010","칠곡중앙대로125길 7","202507~202707","신규","-","","","아파트"
"24723","대구광역시 수성구 황금동","365","0365","0000","캐슬골드파크5단지","전세","129.5300","202506","20","50,000","0","18","2006","청수로 214","202508~202708","신규","-","","","아파트"
"24724","대구광역시 북구 매천동","753","0753","0000","한신더휴이스턴팰리스","전세","84.9670","202506","20","26,000","0","27","2019","매전로4길 31","202507~202707","신규","-","","","아파트"
"24725","대구광역시 북구 사수동","812","0812","0000","서희스타힐스테이","월세","99.9751","202506","20","18,000","27","3","2019","내곡로 90","202508~202708","신규","-","","","아파트"
"24726","대구광역시 수성구 수성동4가","1090-8","1090","0008","수성하이츠","월세","28.7250","202506","20","500","40","19","2000","수성로 393","202509~202708","신규","-","","","아파트"
"24727","대구광역시 수성구 지산동","1272-2","1272","0002","에덴타운","전세","84.8600","202506","20","17,500","0","6","1991","용학로 223","202507~202707","갱신","-","18,500","0","아파트"
"24728","대구광역시 수성구 지산동","1257","1257","0000","화성맨션","전세","84.9700","202506","20","18,000","0","14","1991","용학로35길 62","202507~202707","신규","-","","","아파트"
"24729","대구광역시 수성구 지산동","1270-1","1270","0001","보성맨션","전세","84.9900","202506","20","18,000","0","4","1991","지범로22길 10","202508~202708","신규","-","","","아파트"
"24730","대구광역시 북구 태전동","166","0166","0000","태전한라","전세","59.9700","202506","20","14,500","0","2","1997","태전로7길 13","202507~202707","신규","-","","","아파트"
"24731","대구광역시 북구 태전동","997-1","0997","0001","칠곡에덴타운","전세","60.0000","202506","20","12,000","0","2","1993","구암로22길 14","202506~202706","갱신","-","12,000","0","아파트"
"24732","대구광역시 수성구 신매동","570","0570","0000","시지삼주한라협화","월세","59.8800","202506","20","1,000","50","11","1994","신매로 91","202506~202706","신규","-","","","아파트"
"24733","대구광역시 수성구 신매동","579","0579","0000","천마타운","전세","84.9900","202506","20","24,000","0","5","1994","신매로 71","202508~202708","신규","-","","","아파트"
"24734","대구광역시 수성구 신매동","581","0581","0000","시지태성맨션","전세","59.9600","202506","20","11,000","0","5","1994","고산로 50","202507~202707","신규","-","","","아파트"
"24735","대구광역시 북구 고성동1가","270","0270","0000","대구오페라스위첸","월세","84.9704","202506","20","2,000","130","47","2024","칠성남로 70","202507~202606","신규","-","","","아파트"
"24736","대구광역시 북구 고성동1가","270","0270","0000","대구오페라스위첸","월세","84.9704","202506","20","2,000","130","47","2024","칠성남로 70","202507~202607","신규","-","","","아파트"
"24737","대구광역시 북구 고성동1가","260","0260","0000","대구역오페라W","전세","84.9339","202506","20","22,000","0","19","2023","칠성남로 50","202506~202706","갱신","사용","21,000","0","아파트"
"24738","대구광역시 북구 복현동","694","0694","0000","복현푸르지오","월세","59.9967","202506","20","1,500","85","9","2013","동북로 345","202507~202707","신규","-","","","아파트"
"24739","대구광역시 북구 복현동","368-1","0368","0001","광명","월세","43.6100","202506","20","500","32","4","1980","동북로65길 13","202507~202707","신규","-","","","아파트"
"24740","대구광역시 수성구 중동","641","0641","0000","수성효성해링턴플레이스","월세","110.9713","202506","20","3,000","150","13","2020","희망로24길 24","202507~202607","신규","-","","","아파트"
"24741","대구광역시 수성구 범물동","1332","1332","0000","범물에덴,신화아파트","전세","83.4600","202506","20","16,000","0","12","1992","지범로40길 6","202506~202706","갱신","사용","16,000","0","아파트"
"24742","대구광역시 수성구 만촌동","1429","1429","0000","메트로팔레스3","월세","84.9300","202506","20","3,000","120","7","2003","동원로 110","202508~202708","신규","-","","","아파트"
"24743","대구광역시 수성구 만촌동","816","0816","0000","만촌우방타운1단지","전세","212.2580","202506","20","50,000","0","7","1997","교학로11길 46","202510~202710","신규","-","","","아파트"
"24744","대구광역시 수성구 만촌동","1479","1479","0000","만촌3차화성파크드림","월세","84.9800","202506","20","5,000","150","14","2016","교학로 13","202508~202708","신규","-","","","아파트"
"24745","대구광역시 수성구 만촌동","1497","1497","0000","만촌역태왕디아너스","월세","152.4936","202506","20","70,000","80","14","2024","달구벌대로 2599","202506~202706","신규","-","","","아파트"
"24746","대구광역시 수성구 만촌동","1479","1479","0000","만촌3차화성파크드림","월세","84.9800","202506","20","5,000","150","14","2016","교학로 13","202508~202708","신규","-","","","아파트"
"24747","대구광역시 북구 고성동3가","71-1","0071","0001","신흥","전세","69.0800","202506","20","10,000","0","1","1980","고성북로 35-20","202506~202706","신규","-","","","아파트"
"24748","대구광역시 수성구 신매동","49","0049","0000","사월화성파크드림(3단지)","월세","93.7350","202506","19","3,000","105","2","2006","달구벌대로 3304-2","202508~202708","신규","-","","","아파트"
"24749","대구광역시 북구 태전동","608-5","0608","0005","삼성","전세","59.7600","202506","19","11,500","0","7","1994","칠곡중앙대로52길 20","202507~202707","신규","-","","","아파트"
"24750","대구광역시 수성구 지산동","1200","1200","0000","목련","전세","42.6600","202506","19","5,000","0","2","1986","용학로42길 13","202507~202707","신규","-","","","아파트"
"24751","대구광역시 북구 사수동","833","0833","0000","금호서한이다음","전세","99.8700","202506","19","22,000","0","5","2016","한강로 17","202508~202708","신규","-","","","아파트"
"24752","대구광역시 북구 학정동","982","0982","0000","칠곡2차한라하우젠트","월세","84.9803","202506","19","2,000","90","4","2007","학정동로 40","202508~202707","신규","-","","","아파트"
"24753","대구광역시 북구 침산동","1761","1761","0000","침산화성파크드림","전세","59.9902","202506","19","22,000","0","34","2017","성북로 70","202509~202709","신규","-","","","아파트"
"24754","대구광역시 북구 침산동","213-1","0213","0001","롯데캐슬오페라","전세","84.9100","202506","19","24,500","0","2","2005","침산남로 160","202508~202708","신규","-","","","아파트"
"24755","대구광역시 북구 침산동","1761","1761","0000","침산화성파크드림","전세","84.9716","202506","19","28,000","0","11","2017","성북로 70","202509~202709","신규","-","","","아파트"
"24756","대구광역시 수성구 황금동","408-5","0408","0005","성창파크빌1동","전세","84.8300","202506","19","22,000","0","9","2002","청호로57길 95","202507~202707","신규","-","","","아파트"
"24757","대구광역시 북구 읍내동","1351","1351","0000","산호한양","전세","36.1800","202506","19","7,500","0","9","1993","대천로7길 40","202507~202707","신규","-","","","아파트"
"24758","대구광역시 수성구 범어동","1266","1266","0000","수성태왕아너스","전세","84.6238","202506","19","25,000","0","12","2007","들안로77길 30","202511~202711","신규","-","","","아파트"
"24759","대구광역시 수성구 범어동","179","0179","0000","두산위브더제니스","전세","204.0727","202506","19","150,000","0","10","2009","달구벌대로 2435","202506~202707","신규","-","","","아파트"
"24760","대구광역시 수성구 만촌동","1429","1429","0000","메트로팔레스3","전세","134.9800","202506","19","40,000","0","15","2003","동원로 110","202506~202706","갱신","-","47,000","0","아파트"
"24761","대구광역시 수성구 만촌동","816","0816","0000","만촌우방타운1단지","월세","59.7300","202506","19","1,500","60","17","1997","교학로11길 46","202508~202708","신규","-","","","아파트"
"24762","대구광역시 수성구 만촌동","860","0860","0000","우방금탑","월세","67.1500","202506","19","2,000","65","7","1986","교학로 3","202507~202707","신규","-","","","아파트"
"24763","대구광역시 수성구 수성동1가","818","0818","0000","수성롯데캐슬THEFIRST","전세","84.9746","202506","19","38,000","0","14","2015","수성로69길 65","202508~202708","신규","-","","","아파트"
"24764","대구광역시 수성구 수성동1가","613","0613","0000","신세계타운","월세","84.9800","202506","19","1,000","80","13","1989","신천동로 320","202506~202706","신규","-","","","아파트"
"24765","대구광역시 수성구 수성동1가","818","0818","0000","수성롯데캐슬THEFIRST","전세","84.9746","202506","19","38,000","0","14","2015","수성로69길 65","202508~202708","신규","-","","","아파트"
"24766","대구광역시 북구 국우동","1080","1080","0000","그린빌5단지","월세","36.4400","202506","19","2,415","7","8","2002","학남로 100","202507~202706","갱신","-","2,347","6","아파트"
"24767","대구광역시 수성구 범어동","2236","2236","0000","범어풀비체","월세","81.8909","202506","19","40,000","45","11","2013","범어로 61","202508~202708","신규","-","","","아파트"
"24768","대구광역시 수성구 범어동","2236","2236","0000","범어풀비체","월세","81.8909","202506","19","40,000","45","11","2013","범어로 61","202508~202708","신규","-","","","아파트"
"24769","대구광역시 수성구 범어동","808","0808","0000","범어쌍용예가","월세","115.2158","202506","19","20,000","110","3","2009","명덕로 477","202507~202707","신규","-","","","아파트"
"24770","대구광역시 북구 연경동","994","0994","0000","연경대광로제비앙더퍼스트","월세","84.9345","202506","19","500","83","1","2020","동화천로 220","202508~202708","신규","-","","","아파트"
"24771","대구광역시 수성구 매호동","1324","1324","0000","두레타운","월세","39.9000","202506","19","500","40","15","1995","천을로 131","202507~202707","신규","-","","","아파트"
"24772","대구광역시 수성구 사월동","500","0500","0000","시지대성유니드","전세","97.1859","202506","19","18,000","0","11","2007","달구벌대로669길 80","202507~202707","신규","-","","","아파트"
"24773","대구광역시 수성구 수성동3가","289","0289","0000","수성코오롱하늘채","전세","126.3312","202506","19","57,000","0","2","2009","들안로 300","202507~202907","신규","-","","","아파트"
"24774","대구광역시 수성구 신매동","569","0569","0000","시지대백신화창신맨션","전세","59.7500","202506","19","13,500","0","4","1994","고산로 90","202507~202707","갱신","-","16,275","0","아파트"
"24775","대구광역시 수성구 수성동1가","259-40","0259","0040","수성대백인터빌","전세","74.1134","202506","19","24,500","0","7","2003","수성로69길 14","202509~202807","신규","-","","","아파트"
"24776","대구광역시 동구 신암동","1839","1839","0000","동대구우방아이유쉘","전세","84.9907","202506","19","26,000","0","2","2020","송라로32길 32","202509~202709","갱신","사용","25,000","0","아파트"
"24777","대구광역시 동구 방촌동","1084-13","1084","0013","방촌청구타운","월세","59.1000","202506","19","500","40","4","1992","화랑로73길 36","202506~202706","신규","-","","","아파트"
"24778","대구광역시 서구 원대동1가","39","0039","0000","제네스빌(39-0)","전세","84.3300","202506","19","15,000","0","8","2003","원대로 25","202507~202707","신규","-","","","아파트"
"24779","대구광역시 남구 봉덕동","1650","1650","0000","앞산봉덕영무예다음","전세","84.8390","202506","19","26,500","0","12","2020","대봉로 12","202508~202708","신규","-","","","아파트"
"24780","대구광역시 남구 봉덕동","1652","1652","0000","앞산비스타동원","전세","39.6787","202506","19","18,000","0","9","2021","신촌길 57","202507~202707","갱신","-","18,000","0","아파트"
"24781","대구광역시 중구 달성동","352","0352","0000","달성파크푸르지오힐스테이트","전세","39.7662","202506","19","17,500","0","4","2023","달성로 123","202508~202708","신규","-","","","아파트"
"24782","대구광역시 중구 수창동","178","0178","0000","대구역제일풍경채위너스카이","월세","84.8871","202506","19","3,000","100","9","2023","달성로26길 70","202508~202708","신규","-","","","아파트"
"24783","대구광역시 북구 칠성동2가","738","0738","0000","대구역한라하우젠트센텀","전세","84.9482","202506","19","28,500","0","13","2021","칠성남로 100","202508~202708","신규","-","","","아파트"
"24784","대구광역시 동구 신서동","625-4","0625","0004","더뉴클래스","월세","18.6384","202506","19","500","45","4","2012","안심로73길 12-4","202506~202512","신규","-","","","아파트"
"24785","대구광역시 중구 동인동3가","414","0414","0000","엑소디움센트럴동인","전세","27.2203","202506","19","15,500","0","1","2023","국채보상로139길 40","202507~202707","신규","-","","","아파트"
"24786","대구광역시 중구 동인동3가","414","0414","0000","엑소디움센트럴동인","전세","27.2203","202506","19","16,900","0","13","2023","국채보상로139길 40","202508~202707","신규","-","","","아파트"
"24787","대구광역시 중구 동인동3가","414","0414","0000","엑소디움센트럴동인","전세","27.2203","202506","19","16,600","0","5","2023","국채보상로139길 40","202507~202707","신규","-","","","아파트"
"24788","대구광역시 중구 동인동3가","414","0414","0000","엑소디움센트럴동인","전세","27.2203","202506","19","16,600","0","4","2023","국채보상로139길 40","202508~202707","신규","-","","","아파트"
"24789","대구광역시 북구 칠성동2가","715","0715","0000","대구역 서희스타힐스","월세","59.9300","202506","19","2,000","75","18","2012","칠성남로 101","202507~202707","신규","-","","","아파트"
"24790","대구광역시 중구 동산동","916","0916","0000","청라언덕역서한포레스트","월세","84.9708","202506","19","3,000","120","24","2022","달구벌대로 2021","202507~202707","신규","-","","","아파트"
"24791","대구광역시 중구 동인동3가","419","0419","0000","동인태왕아너스라플란드","월세","29.8632","202506","19","2,000","55","6","2023","국채보상로151길 55","202507~202706","신규","-","","","아파트"
"24792","대구광역시 동구 신서동","540","0540","0000","아름다운나날2","월세","84.6688","202506","19","9,000","40","14","2003","동호로 88","202507~202707","신규","-","","","아파트"
"24793","대구광역시 동구 검사동","1021","1021","0000","문화","전세","49.7700","202506","19","4,500","0","3","1985","동촌로14길 14","202507~202706","신규","-","","","아파트"
"24794","대구광역시 중구 남산동","437-1","0437","0001","인터불고코아시스","월세","26.9326","202506","19","1,000","45","8","2014","명륜로 19","202506~202606","신규","-","","","아파트"
"24795","대구광역시 중구 남산동","3012","3012","0000","남산역화성파크드림","월세","84.6725","202506","19","2,000","110","22","2018","남산로7길 7","202508~202908","신규","-","","","아파트"
"24796","대구광역시 중구 남산동","3020","3020","0000","남산롯데캐슬센트럴스카이","전세","59.8763","202506","19","28,350","0","29","2021","재마루길 77","202506~202706","갱신","사용","27,000","0","아파트"
"24797","대구광역시 중구 남산동","3012","3012","0000","남산역화성파크드림","월세","84.6725","202506","19","2,000","110","22","2018","남산로7길 7","202508~202908","신규","-","","","아파트"
"24798","대구광역시 동구 각산동","905","0905","0000","각산태영데시앙","전세","84.9808","202506","19","15,000","0","2","2009","반야월북로 123","202507~202509","갱신","-","15,000","0","아파트"
"24799","대구광역시 중구 남산동","3049","3049","0000","청라힐스자이","전세","101.4727","202506","19","36,750","0","18","2023","남산로 73","202506~202706","갱신","사용","35,000","0","아파트"
"24800","대구광역시 중구 달성동","352","0352","0000","달성파크푸르지오힐스테이트","전세","84.9713","202506","19","24,000","0","7","2023","달성로 123","202507~202707","신규","-","","","아파트"
"24801","대구광역시 동구 신암동","483-3","0483","0003","강남","월세","59.7450","202506","19","6,500","15","4","1992","신성로 60","202506~202706","신규","-","","","아파트"
"24802","대구광역시 서구 평리동","1497-44","1497","0044","서대구역서한이다음더퍼스트","월세","76.9170","202506","19","3,000","73","18","2023","국채보상로37길 38","202508~202708","신규","-","","","아파트"
"24803","대구광역시 서구 평리동","1497-44","1497","0044","서대구역서한이다음더퍼스트","전세","62.9986","202506","19","21,000","0","5","2023","국채보상로37길 38","202509~202709","신규","-","","","아파트"
"24804","대구광역시 중구 상서동","17","0017","0000","중앙시티라이프","전세","26.4500","202506","19","7,000","0","9","1990","국채보상로 543","202507~202707","신규","-","","","아파트"
"24805","대구광역시 동구 불로동","1156-1","1156","0001","그린아파트","월세","58.9800","202506","19","300","40","4","1991","팔공로31길 20","202506~202706","신규","-","","","아파트"
"24806","대구광역시 동구 동호동","362","0362","0000","상록아파트","월세","59.7200","202506","19","2,642","21","1","2004","동호로 47","202507~202707","신규","-","","","아파트"
"24807","대구광역시 동구 동호동","362","0362","0000","상록아파트","월세","59.7200","202506","19","1,957","26","14","2004","동호로 47","202507~202707","신규","-","","","아파트"
"24808","대구광역시 중구 동인동1가","420","0420","0000","힐스테이트동인더스카이","월세","84.9389","202506","19","1,000","130","36","2025","태평로 240","202506~202706","신규","-","","","아파트"
"24809","대구광역시 동구 신서동","561","0561","0000","아름다운나날3","월세","84.6139","202506","19","2,000","60","7","2003","동호로 132","202506~202706","신규","-","","","아파트"
"24810","대구광역시 달성군 구지면 응암리","1251","1251","0000","대구국가산단반도유보라아이비파크2","전세","74.9638","202506","19","13,000","0","20","2020","국가산단북로60길 59","202507~202707","신규","-","","","아파트"
"24811","대구광역시 달서구 상인동","1587","1587","0000","시영은행","월세","59.9600","202506","19","10,000","20","12","1993","월곡로 112","202507~202607","신규","-","","","아파트"
"24812","대구광역시 달서구 대곡동","1123","1123","0000","수목원제일풍경채","월세","99.9400","202506","19","2,000","105","2","2018","갈밭남로 12","202508~202708","신규","-","","","아파트"
"24813","대구광역시 달성군 구지면 응암리","1251","1251","0000","대구국가산단반도유보라아이비파크2","전세","74.9638","202506","19","13,000","0","20","2020","국가산단북로60길 59","202507~202707","신규","-","","","아파트"
"24814","대구광역시 달서구 성당동","834","0834","0000","성당동더샵","전세","142.7062","202506","19","30,000","0","12","2008","장기로 115","202506~202606","갱신","-","45,000","0","아파트"
"24815","대구광역시 달서구 신당동","1846","1846","0000","성서주공2","전세","37.6700","202506","19","8,000","0","11","1995","신당로 55","202506~202606","신규","-","","","아파트"
"24816","대구광역시 달성군 유가읍 봉리","604","0604","0000","남해오네뜨2차","전세","75.5935","202506","19","14,000","0","4","2016","테크노대로5길 57","202507~202707","갱신","-","14,000","0","아파트"
"24817","대구광역시 달서구 성당동","839","0839","0000","성당래미안e-편한세상3단지","전세","84.9600","202506","19","20,000","0","4","2009","장기로 127","202507~202707","신규","-","","","아파트"
"24818","대구광역시 달서구 월성동","270","0270","0000","월성주공4단지","전세","58.4600","202506","19","9,000","0","5","1992","구마로14남길 55","202507~202707","신규","-","","","아파트"
"24819","대구광역시 중구 대봉동","60-10","0060","0010","센트로팰리스","월세","129.1850","202506","19","3,000","170","14","2007","대봉로 260","202506~202706","신규","-","","","아파트"
"24820","대구광역시 달서구 장기동","845","0845","0000","코오롱하늘채","전세","59.9156","202506","19","20,000","0","19","2019","용산로12길 77","202507~202707","갱신","-","20,000","0","아파트"
"24821","대구광역시 달서구 이곡동","1332","1332","0000","성서무지개타운","월세","84.9900","202506","19","2,000","75","12","1997","선원로 171","202507~202707","신규","-","","","아파트"
"24822","대구광역시 달성군 현풍읍 대리","1176","1176","0000","국가산단서한이다음아파트","월세","84.9500","202506","19","6,121","19","4","2019","국가산단대로70길 41","202508~202708","신규","-","","","아파트"
"24823","대구광역시 달서구 장기동","809","0809","0000","영남네오빌","월세","59.9262","202506","19","1,000","71","18","2004","한들로 36","202508~202708","신규","-","","","아파트"
"24824","대구광역시 달성군 다사읍 죽곡리","814","0814","0000","대실역태왕아너스","월세","49.9638","202506","19","2,000","76","4","2017","대실역남로 11","202508~202609","신규","-","","","아파트"
"24825","대구광역시 달성군 다사읍 서재리","321-1","0321","0001","신성서진흥더블파크","전세","84.7660","202506","19","12,000","0","3","2007","서재로24길 29","202508~202707","신규","-","","","아파트"
"24826","대구광역시 달서구 상인동","1587","1587","0000","시영은행","전세","59.9600","202506","19","12,500","0","12","1993","월곡로 112","202507~202607","신규","-","","","아파트"
"24827","대구광역시 달서구 성당동","726-3","0726","0003","남도","전세","46.9400","202506","19","3,000","0","5","1981","장기로22길 9","202508~202708","신규","-","","","아파트"
"24828","대구광역시 달성군 다사읍 서재리","1118","1118","0000","에코폴리스 동화아이위시","월세","59.9943","202506","19","1,000","65","13","2015","서재로12길 38","202507~202707","신규","-","","","아파트"
"24829","대구광역시 달서구 대천동","1042","1042","0000","월배삼정그린코아포레스트","월세","112.6645","202506","19","15,000","115","11","2021","조암남로32길 40","202508~202708","신규","-","","","아파트"
"24830","대구광역시 달서구 이곡동","1192","1192","0000","성서우방타운","월세","85.0000","202506","18","1,000","63","2","1994","계대동문로 123","202507~202707","신규","-","","","아파트"
"24831","대구광역시 달서구 상인동","133","0133","0000","상인자이","전세","84.7250","202506","18","27,000","0","12","2007","상원로 142","202507~202707","신규","-","","","아파트"
"24832","대구광역시 달서구 상인동","1524","1524","0000","동서","전세","59.8500","202506","18","10,000","0","15","1993","상인서로 39","202507~202707","신규","-","","","아파트"
"24833","대구광역시 달서구 상인동","1501","1501","0000","상인동화,태왕,한양타운","월세","84.9900","202506","18","1,000","65","9","1993","상인서로 94","202508~202708","신규","-","","","아파트"
"24834","대구광역시 달서구 감삼동","479","0479","0000","감삼에이원","전세","49.3980","202506","18","17,500","0","10","2019","와룡로 145","202508~202707","신규","-","","","아파트"
"24835","대구광역시 달서구 이곡동","1194-2","1194","0002","성서대백창신한라타운","전세","59.9600","202506","18","11,000","0","3","1994","성서서로 316","202507~202707","신규","-","","","아파트"
"24836","대구광역시 달서구 죽전동","645","0645","0000","죽전역에일린의뜰","월세","84.7573","202506","18","2,000","130","9","2024","와룡로 254","202509~202709","신규","-","","","아파트"
"24837","대구광역시 달서구 도원동","1440","1440","0000","아람마을","전세","59.6300","202506","18","10,000","0","16","1997","한실로 30","202507~202707","신규","-","","","아파트"
"24838","대구광역시 달서구 월성동","120","0120","0000","월성푸르지오","월세","132.8070","202506","18","4,000","140","18","2008","조암로6길 20","202510~202710","신규","-","","","아파트"
"24839","대구광역시 달서구 월성동","89","0089","0000","서한맨션","월세","84.8100","202506","18","1,000","75","13","1992","학산로 15","202507~202707","신규","-","","","아파트"
"24840","대구광역시 달성군 다사읍 서재리","1131","1131","0000","에코폴리스동화아이위시3차","전세","62.4630","202506","18","15,750","0","12","2017","서재로7길 25","202507~202707","갱신","사용","15,000","0","아파트"
"24841","대구광역시 달성군 다사읍 서재리","146-7","0146","0007","서재우방타운","월세","84.9800","202506","18","1,000","55","1","2002","서재로28길 39","202506~202706","신규","-","","","아파트"
"24842","대구광역시 달성군 다사읍 서재리","1118","1118","0000","에코폴리스 동화아이위시","전세","59.9943","202506","18","14,000","0","16","2015","서재로12길 38","202509~202708","갱신","사용","13,500","0","아파트"
"24843","대구광역시 중구 대봉동","770","0770","0000","더샵리비테르1차","전세","74.2249","202506","18","28,000","0","22","2022","대봉로43길 21","202507~202707","신규","-","","","아파트"
"24844","대구광역시 달성군 다사읍 서재리","1118","1118","0000","에코폴리스 동화아이위시","전세","50.9816","202506","18","14,000","0","7","2015","서재로12길 38","202508~202708","신규","-","","","아파트"
"24845","대구광역시 달서구 본리동","193-3","0193","0003","본리롯데캐슬","월세","74.2448","202506","18","2,000","73","17","2008","대명천로 101","202507~202707","신규","-","","","아파트"
"24846","대구광역시 중구 대봉동","60-10","0060","0010","센트로팰리스","전세","129.1850","202506","18","42,000","0","32","2007","대봉로 260","202509~202709","갱신","사용","40,000","0","아파트"
"24847","대구광역시 달성군 유가읍 봉리","604","0604","0000","남해오네뜨2차","전세","69.2570","202506","18","13,000","0","5","2016","테크노대로5길 57","202507~202707","갱신","-","13,000","0","아파트"
"24848","대구광역시 달서구 두류동","2369","2369","0000","두류역서한포레스트","월세","84.6984","202506","18","2,000","100","15","2025","야외음악당로47길 76","202507~202707","신규","-","","","아파트"
"24849","대구광역시 달서구 진천동","843","0843","0000","진천역라온프라이빗센텀","전세","68.9202","202506","18","26,000","0","6","2022","진천로16길 26","202508~202708","신규","-","","","아파트"
"24850","대구광역시 달서구 진천동","602","0602","0000","진천역계룡리슈빌","전세","124.5892","202506","18","40,000","0","16","2011","진천로 77","202506~202706","신규","-","","","아파트"
"24851","대구광역시 달성군 다사읍 세천리","1703-1","1703","0001","제일풍경채 프라임","전세","59.9673","202506","18","17,000","0","21","2017","세천남로 35","202508~202708","신규","-","","","아파트"
"24852","대구광역시 달성군 논공읍 북리","803","0803","0000","논공청구타운","월세","59.9100","202506","18","500","35","12","1992","논공로7길 73","202507~202707","신규","-","","","아파트"
"24853","대구광역시 달성군 현풍읍 대리","1176","1176","0000","국가산단서한이다음아파트","월세","66.8000","202506","18","4,565","18","3","2019","국가산단대로70길 41","202508~202708","갱신","사용","4,489","18","아파트"
"24854","대구광역시 달서구 상인동","133","0133","0000","상인자이","월세","84.7250","202506","18","2,000","120","15","2007","상원로 142","202508~202708","신규","-","","","아파트"
"24855","대구광역시 달서구 이곡동","1332","1332","0000","성서무지개타운","전세","84.9900","202506","18","15,000","0","13","1997","선원로 171","202507~202707","신규","-","","","아파트"
"24856","대구광역시 수성구 만촌동","775","0775","0000","만촌우방팔레스","월세","81.2832","202506","18","12,000","85","3","2005","청수로 551","202507~202707","신규","-","","","아파트"
"24857","대구광역시 수성구 범어동","238-46","0238","0046","우방3차범어타운","월세","84.9350","202506","18","2,000","63","2","1984","달구벌대로492길 12","202508~202702","신규","-","","","아파트"
"24858","대구광역시 수성구 범어동","2237","2237","0000","범어숲화성파크드림S","전세","94.7968","202506","18","33,000","0","21","2013","동대구로 376","202508~202708","신규","-","","","아파트"
"24859","대구광역시 북구 태전동","997","0997","0000","현대","월세","84.9500","202506","18","13,000","15","4","1993","구암로16길 7","202507~202707","신규","-","","","아파트"
"24860","대구광역시 수성구 범어동","2017","2017","0000","청구성조타운","월세","134.9600","202506","18","6,000","145","13","1996","국채보상로 846","202402~202601","신규","-","","","아파트"
"24861","대구광역시 수성구 범어동","2272","2272","0000","범어에일린의뜰","전세","72.9621","202506","18","36,000","0","1","2021","청솔로14길 15","202506~202606","갱신","-","38,500","0","아파트"
"24862","대구광역시 수성구 지산동","1234-1","1234","0001","지산2단지","월세","54.1200","202506","18","1,000","50","6","1991","지산로 5","202506~202706","신규","-","","","아파트"
"24863","대구광역시 수성구 지산동","1234-1","1234","0001","지산2단지","전세","54.1200","202506","18","10,000","0","5","1991","지산로 5","202506~202706","갱신","-","10,000","0","아파트"
"24864","대구광역시 수성구 지산동","1766","1766","0000","더샵수성라크에르","월세","84.9397","202506","18","3,000","130","10","2024","지산로3길 33","202507~202707","신규","-","","","아파트"
"24865","대구광역시 수성구 범어동","177-3","0177","0003","마크팰리스범어","월세","42.6363","202506","18","500","70","19","2017","동대구로 336","202506~202606","갱신","사용","500","70","아파트"
"24866","대구광역시 북구 도남동","908","0908","0000","대구도남LH2단지","월세","44.4000","202506","18","1,076","22","13","2023","도남중앙로22길 10","202507~202706","갱신","-","3,876","19","아파트"
"24867","대구광역시 수성구 만촌동","775","0775","0000","만촌우방팔레스","월세","81.2832","202506","18","12,000","85","3","2005","청수로 551","202507~202707","신규","-","","","아파트"
"24868","대구광역시 북구 사수동","787","0787","0000","대구금호엘에이치천년나무5단지","월세","33.9200","202506","18","3,423","9","11","2016","내곡로 69","202508~202707","신규","-","","","아파트"
"24869","대구광역시 수성구 수성동1가","818","0818","0000","수성롯데캐슬THEFIRST","전세","84.9746","202506","18","38,000","0","12","2015","수성로69길 65","202508~202708","신규","-","","","아파트"
"24870","대구광역시 북구 고성동1가","260","0260","0000","대구역오페라W","월세","84.9114","202506","18","2,000","105","43","2023","칠성남로 50","202506~202706","갱신","사용","2,000","100","아파트"
"24871","대구광역시 수성구 신매동","570","0570","0000","시지삼주한라협화","월세","59.8800","202506","18","1,000","50","5","1994","신매로 91","202506~202706","신규","-","","","아파트"
"24872","대구광역시 수성구 시지동","499","0499","0000","노변다숲","월세","59.7300","202506","18","1,000","55","11","1996","노변공원로 34","202508~202708","신규","-","","","아파트"
"24873","대구광역시 북구 침산동","101-3","0101","0003","삼주","전세","47.0100","202506","18","8,000","0","6","1979","중앙대로118길 46","202509~202709","신규","-","","","아파트"
"24874","대구광역시 북구 침산동","341-3","0341","0003","선학맨션","전세","84.8200","202506","18","14,000","0","15","1992","성북로 50","202507~202707","신규","-","","","아파트"
"24875","대구광역시 북구 침산동","341-1","0341","0001","현대","월세","59.5575","202506","18","2,000","55","11","1996","침산로 163","202507~202706","신규","-","","","아파트"
"24876","대구광역시 북구 침산동","1761","1761","0000","침산화성파크드림","전세","59.9902","202506","18","24,000","0","7","2017","성북로 70","202507~202707","신규","-","","","아파트"
"24877","대구광역시 수성구 황금동","365","0365","0000","캐슬골드파크5단지","전세","84.9700","202506","18","30,000","0","12","2006","청수로 214","202506~202706","신규","-","","","아파트"
"24878","대구광역시 수성구 신매동","30-5","0030","0005","시지효성백년가약1단지","전세","84.9320","202506","18","34,000","0","15","2008","달구벌대로 3280","202508~202708","갱신","사용","34,000","0","아파트"
"24879","대구광역시 북구 읍내동","1366-2","1366","0002","칠곡보성","전세","84.9800","202506","18","17,000","0","2","1992","구암로21길 26","202507~202509","신규","-","","","아파트"
"24880","대구광역시 북구 읍내동","1171","1171","0000","칠곡목련","전세","43.0200","202506","18","5,000","0","3","1987","구암로15길 38","202507~202707","갱신","-","5,000","0","아파트"
"24881","대구광역시 북구 읍내동","1457","1457","0000","화성파크드림구수산공원","전세","84.9693","202506","18","35,000","0","17","2025","구암로21길 37","202508~202708","신규","-","","","아파트"
"24882","대구광역시 북구 고성동1가","270","0270","0000","대구오페라스위첸","전세","84.9227","202506","18","30,000","0","23","2024","칠성남로 70","202508~202708","신규","-","","","아파트"
"24883","대구광역시 수성구 범어동","300","0300","0000","가든하이츠1","월세","84.9450","202506","18","3,000","110","5","1985","범어로 45","202508~202708","신규","-","","","아파트"
"24884","대구광역시 수성구 사월동","433-3","0433","0003","사월역파인누리2차201동","월세","84.3700","202506","18","2,000","70","4","2017","달구벌대로659길 2-23","202506~202706","신규","-","","","아파트"
"24885","대구광역시 수성구 범어동","2291","2291","0000","수성범어W","전세","84.9974","202506","18","63,000","0","17","2023","달구벌대로 2436","202509~202709","신규","-","","","아파트"
"24886","대구광역시 서구 평리동","1497-44","1497","0044","서대구역서한이다음더퍼스트","전세","62.9986","202506","18","21,000","0","5","2023","국채보상로37길 38","-","-","-","","","아파트"
"24887","대구광역시 중구 대신동","2106","2106","0000","대신센트럴자이","월세","59.9566","202506","18","2,000","85","19","2015","달구벌대로 1955","202506~202606","신규","-","","","아파트"
"24888","대구광역시 동구 불로동","1021","1021","0000","제림빌리지","월세","59.7800","202506","18","1,000","38","12","1995","해동로6길 37","202506~202706","신규","-","","","아파트"
"24889","대구광역시 중구 동인동1가","420","0420","0000","힐스테이트동인더스카이","월세","84.9389","202506","18","3,000","120","23","2025","태평로 240","202507~202707","신규","-","","","아파트"
"24890","대구광역시 서구 내당동","308-11","0308","0011","삼익뉴타운","월세","65.7900","202506","18","3,000","40","8","1980","평리로 236","202507~202707","신규","-","","","아파트"
"24891","대구광역시 서구 내당동","350-1","0350","0001","삼익주택","전세","65.0200","202506","18","13,000","0","8","1979","서대구로 25","202508~202708","신규","-","","","아파트"
"24892","대구광역시 중구 삼덕동3가","383","0383","0000","삼덕청아람","전세","84.7978","202506","18","31,500","0","21","2013","달구벌대로447길 77","202508~202708","신규","-","","","아파트"
"24893","대구광역시 동구 율하동","1302","1302","0000","율하휴먼시아5단지","월세","39.8500","202506","18","1,963","13","15","2008","율하서로 59","202508~202707","갱신","-","1,875","13","아파트"
"24894","대구광역시 동구 숙천동","388","0388","0000","대구혁신도시서한이다음4차","월세","84.7703","202506","18","2,000","70","10","2016","초례로 50","202508~202708","신규","-","","","아파트"
"24895","대구광역시 동구 봉무동","1529","1529","0000","대구이시아폴리스더샵4차","전세","70.9300","202506","18","21,000","0","10","2014","팔공로53길 40","202506~202509","갱신","사용","26,000","0","아파트"
"24896","대구광역시 동구 효목동","1322","1322","0000","동대구2차비스타동원","전세","76.5403","202506","18","26,000","0","1","2024","화랑로25길 60","202507~202707","신규","-","","","아파트"
"24897","대구광역시 남구 이천동","214-456","0214","0456","강변타운","월세","52.2300","202506","18","1,000","60","11","1994","명덕로68길 19","202506~202706","신규","-","","","아파트"
"24898","대구광역시 동구 각산동","1030","1030","0000","대구혁신도시서한이다음2차","전세","74.8328","202506","18","20,000","0","1","2015","이노밸리로29길 34","202507~202707","신규","-","","","아파트"
"24899","대구광역시 동구 각산동","1030","1030","0000","대구혁신도시서한이다음2차","전세","84.5281","202506","18","25,500","0","5","2015","이노밸리로29길 34","202507~202707","갱신","-","25,500","0","아파트"
"24900","대구광역시 동구 각산동","1061","1061","0000","대구혁신에듀포레","전세","84.7300","202506","18","22,000","0","11","2013","과학로 45","202507~202707","갱신","-","22,000","0","아파트"
"24901","대구광역시 동구 각산동","1029","1029","0000","대구혁신도시서한이다음","전세","74.5560","202506","18","20,000","0","8","2015","이노밸리로29길 56","202507~202707","갱신","-","20,000","0","아파트"
"24902","대구광역시 중구 남산동","3020","3020","0000","남산롯데캐슬센트럴스카이","전세","39.8452","202506","18","19,000","0","1","2021","재마루길 77","202507~202707","신규","-","","","아파트"
"24903","대구광역시 동구 괴전동","654","0654","0000","안심역코오롱하늘채","전세","84.7718","202506","18","29,000","0","6","2017","금강로21길 30","202507~202707","갱신","-","26,000","0","아파트"
"24904","대구광역시 서구 중리동","72","0072","0000","시영2","월세","59.1000","202506","18","300","25","5","1985","국채보상로38길 32","202507~202707","신규","-","","","아파트"
"24905","대구광역시 북구 칠성동2가","715","0715","0000","대구역 서희스타힐스","전세","84.8400","202506","18","21,000","0","10","2012","칠성남로 101","202508~202708","갱신","사용","20,000","0","아파트"
"24906","대구광역시 북구 칠성동2가","723","0723","0000","칠성동코오롱하늘채","전세","84.9778","202506","18","26,000","0","17","2014","중앙대로 540","202508~202707","신규","-","","","아파트"
"24907","대구광역시 북구 칠성동2가","715","0715","0000","대구역 서희스타힐스","월세","84.4900","202506","18","11,000","50","1","2012","칠성남로 101","202508~202608","신규","-","","","아파트"
"24908","대구광역시 북구 칠성동2가","715","0715","0000","대구역 서희스타힐스","월세","84.4900","202506","18","11,000","50","1","2012","칠성남로 101","202508~202608","신규","-","","","아파트"
"24909","대구광역시 동구 신기동","576-1","0576","0001","화성","월세","59.7700","202506","18","700","32","4","1990","율하동로20길 20","202507~202707","신규","-","","","아파트"
"24910","대구광역시 동구 동호동","362","0362","0000","상록아파트","전세","59.7200","202506","18","9,786","0","9","2004","동호로 47","202507~202707","신규","-","","","아파트"
"24911","대구광역시 동구 사복동","838","0838","0000","대구혁신엘에이치이노힐즈","전세","84.9800","202506","18","21,000","0","13","2015","메디밸리로 35","202507~202607","신규","-","","","아파트"
"24912","대구광역시 중구 태평로3가","211-1","0211","0001","힐스테이트대구역퍼스트2차","월세","84.6679","202506","18","2,000","110","24","2025","태평로 101","202506~202606","신규","-","","","아파트"
"24913","대구광역시 중구 동인동3가","414","0414","0000","엑소디움센트럴동인","전세","27.2203","202506","18","16,900","0","10","2023","국채보상로139길 40","202508~202708","신규","-","","","아파트"
"24914","대구광역시 중구 동인동3가","414","0414","0000","엑소디움센트럴동인","전세","27.2203","202506","18","16,600","0","4","2023","국채보상로139길 40","202508~202707","신규","-","","","아파트"
"24915","대구광역시 중구 동인동3가","414","0414","0000","엑소디움센트럴동인","전세","27.2203","202506","18","16,900","0","8","2023","국채보상로139길 40","202507~202707","신규","-","","","아파트"
"24916","대구광역시 중구 동인동3가","414","0414","0000","엑소디움센트럴동인","전세","27.2203","202506","18","16,600","0","5","2023","국채보상로139길 40","202508~202708","신규","-","","","아파트"
"24917","대구광역시 중구 동인동3가","414","0414","0000","엑소디움센트럴동인","전세","27.2203","202506","18","16,000","0","2","2023","국채보상로139길 40","202507~202707","신규","-","","","아파트"
"24918","대구광역시 동구 신암동","1870","1870","0000","해링턴플레이스동대구","전세","84.9712","202506","18","24,150","0","9","2024","경대로 126","202508~202708","갱신","사용","23,000","0","아파트"
"24919","대구광역시 동구 효목동","337","0337","0000","태왕메트로시티","월세","59.8500","202506","17","1,000","56","10","2003","동북로 500","202507~202707","신규","-","","","아파트"
"24920","대구광역시 동구 지묘동","1386","1386","0000","LH뉴웰시티","전세","59.9900","202506","17","16,500","0","1","2021","동화천로77길 30","202507~202707","신규","-","","","아파트"
"24921","대구광역시 동구 신기동","557","0557","0000","신기모란3차","월세","49.9800","202506","17","300","38","4","1988","율하동로20길 31","202506~202706","갱신","-","300","38","아파트"
"24922","대구광역시 동구 효목동","1322","1322","0000","동대구2차비스타동원","월세","59.9746","202506","17","2,000","85","15","2024","화랑로25길 60","202507~202607","신규","-","","","아파트"
"24923","대구광역시 동구 각산동","425","0425","0000","각산푸르지오1단지","월세","84.9290","202506","17","2,000","70","16","2009","경안로 824","202508~202708","신규","-","","","아파트"
"24924","대구광역시 동구 효목동","337","0337","0000","태왕메트로시티","월세","59.8500","202506","17","1,000","56","10","2003","동북로 500","202507~202707","신규","-","","","아파트"
"24925","대구광역시 서구 내당동","2346","2346","0000","e편한세상두류역","전세","74.8683","202506","17","26,250","0","15","2022","달구벌대로361길 41","202407~202607","신규","-","","","아파트"
"24926","대구광역시 동구 효목동","591","0591","0000","럭키3","월세","41.2700","202506","17","500","39","2","1981","효목로 70","202508~202708","신규","-","","","아파트"
"24927","대구광역시 서구 내당동","11-8","0011","0008","황제맨션","전세","84.9900","202506","17","16,500","0","2","1988","통학로 46","202507~202707","신규","-","","","아파트"
"24928","대구광역시 동구 방촌동","1102-2","1102","0002","강변1","월세","65.5500","202506","17","1,000","45","1","1989","동촌로54길 13","202508~202708","신규","-","","","아파트"
"24929","대구광역시 동구 신암동","1881","1881","0000","동대구더센트로데시앙","전세","84.9633","202506","17","35,000","0","2","2023","신암로20길 63","202508~202708","신규","-","","","아파트"
"24930","대구광역시 중구 동인동3가","414","0414","0000","엑소디움센트럴동인","전세","27.2203","202506","17","16,900","0","13","2023","국채보상로139길 40","202507~202707","신규","-","","","아파트"
"24931","대구광역시 동구 신암동","1860","1860","0000","동대구역화성파크드림","전세","84.8163","202506","17","24,150","0","15","2023","동대구로 590","202507~202707","갱신","사용","23,000","0","아파트"
"24932","대구광역시 동구 봉무동","1530","1530","0000","대구이시아폴리스더샵3차","전세","65.9200","202506","17","21,000","0","11","2013","팔공로51길 10","202507~202707","갱신","사용","20,000","0","아파트"
"24933","대구광역시 동구 봉무동","1524","1524","0000","대구이시아폴리스더샵1차","월세","84.9910","202506","17","2,000","85","3","2012","팔공로53길 10","202506~202606","신규","-","","","아파트"
"24934","대구광역시 중구 달성동","352","0352","0000","달성파크푸르지오힐스테이트","전세","84.7259","202506","17","29,000","0","6","2023","달성로 123","202509~202709","신규","-","","","아파트"
"24935","대구광역시 중구 달성동","352","0352","0000","달성파크푸르지오힐스테이트","전세","39.7662","202506","17","18,500","0","20","2023","달성로 123","202507~202709","신규","-","","","아파트"
"24936","대구광역시 동구 신암동","1894","1894","0000","동대구역골드클래스","월세","84.9740","202506","17","2,000","100","8","2024","신암남로 72","202506~202706","신규","-","","","아파트"
"24937","대구광역시 동구 괴전동","654","0654","0000","안심역코오롱하늘채","전세","63.3713","202506","17","20,000","0","8","2017","금강로21길 30","202507~202706","신규","-","","","아파트"
"24938","대구광역시 남구 봉덕동","1329-2","1329","0002","대덕1차","월세","114.7700","202506","17","1,000","90","15","1990","앞산순환로 657","202506~202706","신규","-","","","아파트"
"24939","대구광역시 동구 동호동","362","0362","0000","상록아파트","전세","59.7200","202506","17","9,786","0","11","2004","동호로 47","202507~202707","신규","-","","","아파트"
"24940","대구광역시 동구 신암동","1881","1881","0000","동대구더센트로데시앙","전세","84.9633","202506","17","35,000","0","2","2023","신암로20길 63","202508~202708","신규","-","","","아파트"
"24941","대구광역시 동구 신암동","1860","1860","0000","동대구역화성파크드림","전세","84.8163","202506","17","24,150","0","15","2023","동대구로 590","202507~202707","갱신","사용","23,000","0","아파트"
"24942","대구광역시 남구 대명동","629-1","0629","0001","정우맨션","전세","81.8180","202506","17","12,000","0","5","1979","현충로25길 71","202508~202707","신규","-","","","아파트"
"24943","대구광역시 동구 신암동","1881","1881","0000","동대구더센트로데시앙","전세","84.9633","202506","17","35,000","0","2","2023","신암로20길 63","202508~202708","신규","-","","","아파트"
"24944","대구광역시 남구 대명동","3066","3066","0000","앞산리슈빌앤리마크2단지","월세","59.8231","202506","17","3,000","72","4","2018","안지랑로 74","202508~202707","신규","-","","","아파트"
"24945","대구광역시 동구 괴전동","654","0654","0000","안심역코오롱하늘채","월세","84.7718","202506","17","2,000","90","5","2017","금강로21길 30","202507~202607","신규","-","","","아파트"
"24946","대구광역시 달성군 유가읍 봉리","659","0659","0000","호반베르디움2차","전세","111.0137","202506","17","28,000","0","2","2016","테크노대로5길 80","202508~202708","신규","-","","","아파트"
"24947","대구광역시 달성군 현풍읍 대리","1176","1176","0000","국가산단서한이다음아파트","월세","66.7600","202506","17","5,084","20","16","2019","국가산단대로70길 41","202508~202708","신규","-","","","아파트"
"24948","대구광역시 달서구 신당동","1844","1844","0000","성서주공1단지","월세","26.3700","202506","17","969","17","9","1995","신당로 56","202507~202706","신규","-","","","아파트"
"24949","대구광역시 달서구 유천동","612","0612","0000","대구월배2차아이파크","전세","84.2245","202506","17","28,000","0","1","2016","월배로5길 76","202506~202706","갱신","사용","28,000","0","아파트"
"24950","대구광역시 달서구 유천동","612","0612","0000","대구월배2차아이파크","전세","84.2245","202506","17","28,000","0","1","2016","월배로5길 76","202507~202706","갱신","사용","28,000","0","아파트"
"24951","대구광역시 달서구 도원동","1439","1439","0000","가람마을","월세","59.9900","202506","17","300","50","20","1997","한실로 135","202506~202706","신규","-","","","아파트"
"24952","대구광역시 달서구 상인동","150-11","0150","0011","상인역신일해피트리","전세","84.4800","202506","17","27,000","0","5","2007","월서로 31","202506~202608","신규","-","","","아파트"
"24953","대구광역시 달성군 옥포읍 본리리","2590","2590","0000","미진이지비아","월세","74.4507","202506","17","2,000","58","31","2017","비슬로447길 56","202506~202706","신규","-","","","아파트"
"24954","대구광역시 달성군 화원읍 명곡리","101","0101","0000","미래빌2단지","월세","49.2600","202506","17","4,955","13","7","2000","명천로 231","202507~202606","갱신","-","4,872","13","아파트"
"24955","대구광역시 달서구 죽전동","645","0645","0000","죽전역에일린의뜰","월세","84.7573","202506","17","30,000","20","24","2024","와룡로 254","202508~202708","신규","-","","","아파트"
"24956","대구광역시 달서구 월성동","120","0120","0000","월성푸르지오","전세","84.9232","202506","17","24,000","0","1","2008","조암로6길 20","202506~202706","신규","-","","","아파트"
"24957","대구광역시 달서구 월성동","1261","1261","0000","월성자이","전세","165.2350","202506","17","37,000","0","3","2006","조암남로10길 21","202507~202707","신규","-","","","아파트"
"24958","대구광역시 달서구 월성동","1261","1261","0000","월성자이","전세","165.2350","202506","17","37,000","0","3","2006","조암남로10길 21","202507~202707","신규","-","","","아파트"
"24959","대구광역시 달서구 월성동","84","0084","0000","월성주공1(고층)","월세","58.4600","202506","17","2,000","30","5","1991","월곡로94길 30","202506~202706","신규","-","","","아파트"
"24960","대구광역시 달성군 옥포읍 교항리","2964","2964","0000","옥포대성베르힐4단지","월세","84.8561","202506","17","2,000","70","2","2016","돌미로 70","202507~202707","신규","-","","","아파트"
"24961","대구광역시 달서구 용산동","419-5","0419","0005","성서5주공","전세","59.9900","202506","17","12,000","0","11","1997","선원남로 181","202507~202707","신규","-","","","아파트"
"24962","대구광역시 달성군 다사읍 서재리","486","0486","0000","서재휴먼시아","월세","36.6200","202506","17","1,640","13","2","2010","서재로14길 2","202506~202708","신규","-","","","아파트"
"24963","대구광역시 달성군 다사읍 서재리","486","0486","0000","서재휴먼시아","월세","39.6800","202506","17","1,918","15","6","2010","서재로14길 2","202506~202708","신규","-","","","아파트"
"24964","대구광역시 달서구 이곡동","1194-2","1194","0002","성서대백창신한라타운","월세","59.9600","202506","17","200","40","12","1994","성서서로 316","202506~202509","신규","-","","","아파트"
"24965","대구광역시 달성군 유가읍 봉리","604","0604","0000","남해오네뜨2차","전세","84.9968","202506","17","14,000","0","8","2016","테크노대로5길 57","202507~202707","신규","-","","","아파트"
"24966","대구광역시 달성군 다사읍 매곡리","229-7","0229","0007","대실역블루핀34","월세","84.5703","202506","17","3,000","70","10","2022","왕선로1길 20","202507~202707","신규","-","","","아파트"
"24967","대구광역시 달성군 유가읍 봉리","625","0625","0000","제일풍경채센트럴","전세","84.9845","202506","17","25,500","0","16","2016","테크노대로 165","202507~202707","신규","-","","","아파트"
"24968","대구광역시 달서구 장기동","813-1","0813","0001","장기초록나라","월세","84.9802","202506","17","4,000","25","2","2000","한들로 55","202506~202706","신규","-","","","아파트"
"24969","대구광역시 중구 대봉동","760","0760","0000","더샵리비테르2차","월세","74.5353","202506","17","3,000","110","16","2022","대봉로43길 22","202506~202706","신규","-","","","아파트"
"24970","대구광역시 달성군 유가읍 봉리","604","0604","0000","남해오네뜨2차","전세","69.3379","202506","17","13,000","0","4","2016","테크노대로5길 57","202508~202708","갱신","-","13,000","0","아파트"
"24971","대구광역시 달성군 화원읍 성산리","55","0055","0000","화원삼주타운","전세","84.9400","202506","17","10,400","0","3","2000","사문진로 349","202507~202707","신규","-","","","아파트"
"24972","대구광역시 북구 복현동","368-1","0368","0001","광명","전세","46.6250","202506","17","8,300","0","1","1980","동북로65길 13","202507~202707","신규","-","","","아파트"
"24973","대구광역시 북구 매천동","753","0753","0000","한신더휴이스턴팰리스","전세","84.9670","202506","17","35,000","0","23","2019","매전로4길 31","202506~202706","신규","-","","","아파트"
"24974","대구광역시 수성구 두산동","85","0085","0000","호반써밋수성","월세","47.0720","202506","17","2,000","85","6","2024","청수로24길 71","202508~202612","신규","-","","","아파트"
"24975","대구광역시 수성구 지산동","1270","1270","0000","청구타운","전세","84.9000","202506","17","16,000","0","2","1991","지산로 48","202507~202707","신규","-","","","아파트"
"24976","대구광역시 수성구 지산동","1272-3","1272","0003","현대맨션","전세","84.8700","202506","17","18,000","0","11","1991","지범로22길 20","202507~202707","갱신","-","18,000","0","아파트"
"24977","대구광역시 수성구 지산동","1766","1766","0000","더샵수성라크에르","월세","59.8476","202506","17","2,000","100","16","2024","지산로3길 33","202506~202706","신규","-","","","아파트"
"24978","대구광역시 수성구 지산동","1270","1270","0000","청구타운","월세","84.9000","202506","17","16,000","23","2","1991","지산로 48","202507~202707","신규","-","","","아파트"
"24979","대구광역시 수성구 지산동","1270","1270","0000","청구타운","월세","116.9800","202506","17","2,000","105","11","1991","지산로 48","202506~202706","신규","-","","","아파트"
"24980","대구광역시 수성구 신매동","580","0580","0000","시지청솔타운","월세","59.9100","202506","17","1,000","42","11","1995","고산로 70","202506~202706","신규","-","","","아파트"
"24981","대구광역시 수성구 만촌동","1489","1489","0000","만촌자이르네","전세","84.8723","202506","17","51,000","0","11","2023","교학로19길 19","202509~202709","신규","-","","","아파트"
"24982","대구광역시 수성구 만촌동","816","0816","0000","만촌우방타운1단지","월세","59.7300","202506","17","1,000","65","2","1997","교학로11길 46","202507~202707","신규","-","","","아파트"
"24983","대구광역시 북구 국우동","1080","1080","0000","그린빌6단지","월세","51.4900","202506","17","2,000","50","6","2002","학정동로 10","202507~202707","신규","-","","","아파트"
"24984","대구광역시 북구 고성동3가","145","0145","0000","오페라트루엘시민의숲아파트","전세","84.6148","202506","17","30,000","0","3","2020","고성북로 34","202509~202709","신규","-","","","아파트"
"24985","대구광역시 북구 구암동","789-2","0789","0002","부영7차","전세","81.1718","202506","17","19,000","0","9","2003","구암로49길 10","202508~202701","신규","-","","","아파트"
"24986","대구광역시 북구 구암동","695-1","0695","0001","칠곡동서영남","월세","59.8400","202506","17","1,000","50","10","1995","구암로 180","202508~202703","신규","-","","","아파트"
"24987","대구광역시 북구 구암동","789-2","0789","0002","부영7차","전세","81.1718","202506","17","19,000","0","9","2003","구암로49길 10","202508~202701","신규","-","","","아파트"
"24988","대구광역시 북구 구암동","786","0786","0000","그린빌3차","월세","39.6300","202506","17","500","42","4","2000","구암서로 41","202507~202707","신규","-","","","아파트"
"24989","대구광역시 수성구 시지동","349","0349","0000","청구전원타운","전세","84.9800","202506","17","18,000","0","1","1990","시지로 45","202507~202707","신규","-","","","아파트"
"24990","대구광역시 수성구 사월동","464","0464","0000","사월보성","전세","84.9900","202506","17","19,000","0","6","1996","욱수천로 133","202507~202707","신규","-","","","아파트"
"24991","대구광역시 수성구 중동","645","0645","0000","수성데시앙리버뷰","전세","84.9814","202506","17","32,500","0","10","2022","희망로20길 10","202507~202707","신규","-","","","아파트"
"24992","대구광역시 수성구 중동","645","0645","0000","수성데시앙리버뷰","전세","84.9814","202506","17","32,500","0","10","2022","희망로20길 10","202507~202707","신규","-","","","아파트"
"24993","대구광역시 수성구 중동","411-1","0411","0001","광명프레지던트","월세","76.4100","202506","17","11,000","23","11","1980","수성로 165","202507~202707","신규","-","","","아파트"
"24994","대구광역시 북구 동천동","914","0914","0000","부영그린타운(2단지)","전세","59.8488","202506","17","17,500","0","18","2003","동천로24길 12","202507~202707","신규","-","","","아파트"
"24995","대구광역시 수성구 황금동","365","0365","0000","캐슬골드파크1단지","월세","84.9700","202506","17","2,000","115","9","2006","청수로 213","202508~202708","신규","-","","","아파트"
"24996","대구광역시 북구 동변동","679","0679","0000","주공그린빌8","월세","59.8300","202506","17","2,000","55","10","2002","동변로 55","202508~202708","신규","-","","","아파트"
"24997","대구광역시 북구 동변동","679","0679","0000","주공그린빌8","월세","46.2000","202506","17","1,000","50","3","2002","동변로 55","202507~202707","신규","-","","","아파트"
"24998","대구광역시 수성구 만촌동","1500","1500","0000","힐스테이트만촌역","전세","136.6868","202506","16","73,000","0","26","2024","달구벌대로 2567","202507~202711","신규","-","","","아파트"
"24999","대구광역시 수성구 신매동","594","0594","0000","시지동서타운","전세","134.7900","202506","16","23,000","0","7","1995","신매로 41","202508~202708","신규","-","","","아파트"
"25000","대구광역시 수성구 만촌동","1489","1489","0000","만촌자이르네","전세","84.9918","202506","16","50,700","0","12","2023","교학로19길 19","202507~202707","갱신","사용","49,000","0","아파트"
"25001","대구광역시 수성구 범물동","630","0630","0000","현대청림","월세","33.6000","202506","16","500","40","7","1999","지범로54길 15","202507~202707","신규","-","","","아파트"
"25002","대구광역시 북구 동변동","682","0682","0000","유니버시아드선수촌2단지","월세","83.4706","202506","16","1,000","75","13","2003","동변로 24","202508~202708","신규","-","","","아파트"
"25003","대구광역시 수성구 지산동","1275","1275","0000","지산한라타운","전세","59.8500","202506","16","14,270","0","13","1991","지범로22길 9","202506~202606","갱신","-","16,270","0","아파트"
"25004","대구광역시 수성구 두산동","105","0105","0000","대우트럼프월드수성","월세","125.0000","202506","16","5,000","175","31","2007","동대구로 59","202507~202707","신규","-","","","아파트"
"25005","대구광역시 수성구 범물동","1328","1328","0000","서한화성타운","전세","84.5750","202506","16","16,000","0","1","1992","지범로40길 11","202509~202709","신규","-","","","아파트"
"25006","대구광역시 수성구 범물동","1328","1328","0000","서한화성타운","전세","84.5750","202506","16","16,000","0","1","1992","지범로40길 11","202508~202708","신규","-","","","아파트"
"25007","대구광역시 북구 읍내동","1351-1","1351","0001","현대2","전세","84.9500","202506","16","14,500","0","9","1993","대천로7길 26","202507~202707","신규","-","","","아파트"
"25008","대구광역시 수성구 지산동","1269","1269","0000","동서맨션","전세","84.9800","202506","16","18,000","0","2","1991","지산로 56","202509~202709","신규","-","","","아파트"
"25009","대구광역시 북구 국우동","1079","1079","0000","부영1차","월세","81.1563","202506","16","1,000","83","11","2002","학정동로 7","202506~202706","신규","-","","","아파트"
"25010","대구광역시 수성구 지산동","1273","1273","0000","협화맨션","전세","84.7600","202506","16","20,000","0","9","1991","지범로22길 23","202507~202707","신규","-","","","아파트"
"25011","대구광역시 북구 침산동","341-3","0341","0003","선학맨션","전세","84.8200","202506","16","14,000","0","14","1992","성북로 50","202507~202707","신규","-","","","아파트"
"25012","대구광역시 수성구 신매동","595","0595","0000","두성","전세","59.3700","202506","16","11,600","0","5","1994","고산로 30","202507~202707","신규","-","","","아파트"
"25013","대구광역시 수성구 지산동","1269","1269","0000","동서맨션","전세","84.9800","202506","16","18,000","0","2","1991","지산로 56","202509~202709","신규","-","","","아파트"
"25014","대구광역시 수성구 시지동","28","0028","0000","시지태왕아너스","전세","110.8339","202506","16","35,000","0","7","2007","천을로 91","202506~202603","갱신","-","41,000","0","아파트"
"25015","대구광역시 수성구 두산동","999","0999","0000","수성레이크푸르지오","전세","109.5844","202506","16","56,000","0","25","2022","청수로24길 91","202511~202711","신규","-","","","아파트"
"25016","대구광역시 수성구 두산동","999","0999","0000","수성레이크푸르지오","전세","109.5844","202506","16","56,000","0","25","2022","청수로24길 91","202511~202711","신규","-","","","아파트"
"25017","대구광역시 수성구 지산동","1271","1271","0000","우방타운","월세","84.9950","202506","16","2,000","65","1","1991","지산로 32","202508~202708","신규","-","","","아파트"
"25018","대구광역시 북구 사수동","789","0789","0000","브라운스톤강북","월세","84.9500","202506","16","2,000","70","10","2015","내곡로 89","202508~202708","신규","-","","","아파트"
"25019","대구광역시 북구 서변동","1795","1795","0000","동서변월드메르디앙","월세","59.9600","202506","16","1,000","70","8","2005","서변로 26","202509~202709","신규","-","","","아파트"
"25020","대구광역시 수성구 신매동","595","0595","0000","두성","전세","59.3700","202506","16","11,600","0","5","1994","고산로 30","202507~202707","신규","-","","","아파트"
"25021","대구광역시 수성구 신매동","46","0046","0000","사월화성파크드림(2단지)","전세","84.9999","202506","16","28,000","0","12","2006","달구벌대로 3304-1","202507~202707","갱신","-","30,000","0","아파트"
"25022","대구광역시 북구 복현동","368-1","0368","0001","광명","월세","45.9750","202506","16","500","35","3","1980","동북로65길 13","202508~202708","신규","-","","","아파트"
"25023","대구광역시 북구 복현동","60","0060","0000","동서성화","전세","82.4800","202506","16","10,000","0","5","1989","복현로 114-18","202507~202707","신규","-","","","아파트"
"25024","대구광역시 북구 복현동","241-1","0241","0001","복현블루밍브라운스톤명문세가","월세","85.0000","202506","16","2,836","38","1","2011","복현로 50","202507~202707","신규","-","","","아파트"
"25025","대구광역시 북구 학정동","925","0925","0000","학정청아람","월세","59.9858","202506","16","1,000","73","11","2007","학정로110길 29","202506~202702","신규","-","","","아파트"
"25026","대구광역시 수성구 매호동","1324","1324","0000","두레타운","월세","39.9000","202506","16","500","38","4","1995","천을로 131","202507~202707","신규","-","","","아파트"
"25027","대구광역시 수성구 매호동","1330","1330","0000","누리타운","월세","55.3200","202506","16","1,000","50","11","1995","달구벌대로637길 21","202508~202708","신규","-","","","아파트"
"25028","대구광역시 수성구 수성동1가","112-7","0112","0007","수성그린타운","전세","84.9287","202506","16","28,000","0","12","2005","달구벌대로458길 17","202507~202707","신규","-","","","아파트"
"25029","대구광역시 북구 대현동","521","0521","0000","대현e-편한세상","전세","112.4197","202506","16","29,000","0","4","2008","대현로10길 82","202507~202707","신규","-","","","아파트"
"25030","대구광역시 북구 사수동","812","0812","0000","서희스타힐스테이","월세","99.9451","202506","16","18,000","27","20","2019","내곡로 90","202509~202709","신규","-","","","아파트"
"25031","대구광역시 수성구 범어동","2291","2291","0000","수성범어W","전세","84.9911","202506","16","61,000","0","56","2023","달구벌대로 2436","202508~202708","신규","-","","","아파트"
"25032","대구광역시 수성구 만촌동","1500","1500","0000","힐스테이트만촌역","전세","136.6868","202506","16","73,000","0","26","2024","달구벌대로 2567","202507~202711","신규","-","","","아파트"
"25033","대구광역시 동구 율하동","1302","1302","0000","율하휴먼시아5단지","월세","59.8800","202506","16","3,899","26","9","2008","율하서로 59","202508~202707","갱신","-","3,624","25","아파트"
"25034","대구광역시 서구 평리동","1703","1703","0000","서대구역반도유보라센텀","월세","84.9602","202506","16","2,000","100","2","2023","문화로 230","202507~202707","신규","-","","","아파트"
"25035","대구광역시 남구 대명동","3062","3062","0000","앞산리슈빌앤리마크1단지","월세","59.8231","202506","16","3,000","61","6","2018","안지랑로 73","202507~202707","신규","-","","","아파트"
"25036","대구광역시 중구 동인동3가","414","0414","0000","엑소디움센트럴동인","전세","27.2203","202506","16","16,900","0","8","2023","국채보상로139길 40","202507~202707","신규","-","","","아파트"
"25037","대구광역시 북구 칠성동2가","733","0733","0000","오페라삼정그린코아더베스트","전세","84.9746","202506","16","37,800","0","31","2017","침산로 100","202507~202707","갱신","사용","36,000","0","아파트"
"25038","대구광역시 북구 칠성동2가","742","0742","0000","대구역자이더스타","월세","84.7270","202506","16","2,500","100","29","2025","칠성남로 150","202512~202712","신규","-","","","아파트"
"25039","대구광역시 남구 봉덕동","1642","1642","0000","앞산태왕아너스","월세","59.9620","202506","16","2,000","90","12","2019","효서길 53","202507~202707","신규","-","","","아파트"
"25040","대구광역시 동구 방촌동","1102-2","1102","0002","강변1","전세","58.2300","202506","16","9,500","0","1","1989","동촌로54길 13","202507~202707","신규","-","","","아파트"
"25041","대구광역시 동구 방촌동","1102-2","1102","0002","강변1","전세","58.2300","202506","16","9,500","0","1","1989","동촌로54길 13","202507~202707","신규","-","","","아파트"
"25042","대구광역시 동구 신천동","103","0103","0000","대구콘텐츠비즈니스센터LH창업지원주택","월세","44.8100","202506","16","8,192","11","8","2021","동대구로 469","202504~202706","갱신","-","5,292","28","아파트"
"25043","대구광역시 동구 신천동","200-1","0200","0001","신천청아람","전세","59.7456","202506","16","24,000","0","7","2010","송라로14길 132","202506~202706","신규","-","","","아파트"
"25044","대구광역시 중구 태평로3가","221-5","0221","0005","힐스테이트대구역퍼스트","월세","84.6679","202506","16","3,000","100","35","2025","태평로 100","202507~202707","신규","-","","","아파트"
"25045","대구광역시 동구 사복동","851","0851","0000","대구신서혁신엘에이치천년나무10단지","월세","36.7400","202506","16","5,572","8","6","2017","메디밸리로 18","202508~202707","갱신","-","5,492","8","아파트"
"25046","대구광역시 북구 칠성동2가","740","0740","0000","빌리브루센트","월세","108.4749","202506","16","4,000","150","14","2025","칠성남로 130","202508~202704","신규","-","","","아파트"
"25047","대구광역시 동구 신암동","259-5","0259","0005","동대구역엘크루더센트럴","전세","84.9744","202506","16","24,000","0","8","2024","신암남로 111","202507~202707","신규","-","","","아파트"
"25048","대구광역시 동구 신암동","1887","1887","0000","동대구해모로스퀘어이스트","월세","75.7285","202506","16","1,000","100","11","2024","동북로75길 13","202503~202703","갱신","-","2,000","90","아파트"
"25049","대구광역시 동구 신암동","1860","1860","0000","동대구역화성파크드림","월세","84.8163","202506","16","3,000","125","10","2023","동대구로 590","202507~202707","신규","-","","","아파트"
"25050","대구광역시 동구 신기동","557","0557","0000","신기모란3차","전세","49.9800","202506","16","9,000","0","5","1988","율하동로20길 31","202507~202707","갱신","-","12,000","0","아파트"
"25051","대구광역시 동구 각산동","389-12","0389","0012","성지비둘기","월세","79.6300","202506","16","1,000","45","6","1992","반야월북로 153","202506~202706","신규","-","","","아파트"
"25052","대구광역시 동구 각산동","909","0909","0000","대구혁신도시서원프레시빌","월세","49.5201","202506","16","1,000","50","2","2016","반야월북로27길 21-8","202506~202706","신규","-","","","아파트"
"25053","대구광역시 동구 효목동","1322","1322","0000","동대구2차비스타동원","월세","76.5403","202506","16","1,000","95","12","2024","화랑로25길 60","202506~202706","갱신","-","1,000","90","아파트"
"25054","대구광역시 동구 효목동","55","0055","0000","진로이스트타운","전세","59.7900","202506","16","15,000","0","3","1998","아양로 218","202507~202707","신규","-","","","아파트"
"25055","대구광역시 동구 신천동","1508","1508","0000","동대구역우방아이유쉘","전세","84.9895","202506","16","34,000","0","12","2022","동부로 115","202506~202706","갱신","사용","34,000","0","아파트"
"25056","대구광역시 동구 신천동","1503","1503","0000","신천자이","전세","76.5100","202506","16","24,000","0","2","2013","신암로16길 25","202509~202709","신규","-","","","아파트"
"25057","대구광역시 중구 상서동","17","0017","0000","중앙시티라이프","월세","20.3100","202506","16","200","46","9","1990","국채보상로 543","202506~202509","신규","-","","","아파트"
"25058","대구광역시 중구 달성동","352","0352","0000","달성파크푸르지오힐스테이트","전세","59.7402","202506","16","20,500","0","13","2023","달성로 123","202507~202707","신규","-","","","아파트"
"25059","대구광역시 중구 남산동","3049","3049","0000","청라힐스자이","전세","84.8688","202506","16","36,000","0","18","2023","남산로 73","202508~202708","신규","-","","","아파트"
"25060","대구광역시 동구 불로동","1000-40","1000","0040","남경공항타운","월세","79.5800","202506","16","1,000","35","4","1996","방천로3길 1","202507~202707","신규","-","","","아파트"
"25061","대구광역시 서구 평리동","1680","1680","0000","평리푸르지오","전세","59.8925","202506","16","21,000","0","10","2011","국채보상로50길 20","202507~202707","신규","-","","","아파트"
"25062","대구광역시 달서구 용산동","221","0221","0000","우방죽전타운","월세","84.9700","202506","16","2,000","79","12","1997","용산로 160","202506~202706","신규","-","","","아파트"
"25063","대구광역시 수성구 노변동","742","0742","0000","수성알파시티청아람","월세","59.9460","202506","16","2,000","90","17","2021","알파시티2로 96","202507~202706","신규","-","","","아파트"
"25064","대구광역시 달성군 유가읍 봉리","604","0604","0000","남해오네뜨2차","월세","69.3379","202506","16","12,423","6","8","2016","테크노대로5길 57","202507~202707","신규","-","","","아파트"
"25065","대구광역시 달서구 본동","616","0616","0000","월성주공5","월세","44.9400","202506","16","500","40","7","1992","구마로12길 89","202506~202706","갱신","-","1,000","40","아파트"
"25066","대구광역시 달성군 구지면 창리","1447","1447","0000","모아미래도에듀퍼스트","월세","77.7752","202506","16","1,000","60","20","2021","국가산단대로70길 42","202507~202707","신규","-","","","아파트"
"25067","대구광역시 달서구 이곡동","1332","1332","0000","성서무지개타운","월세","134.9800","202506","16","1,000","67","2","1997","선원로 171","202507~202607","신규","-","","","아파트"
"25068","대구광역시 달서구 이곡동","1300-1","1300","0001","성서2화성타운","전세","134.9500","202506","16","20,000","0","3","1997","성서동로 355-20","202506~202802","신규","-","","","아파트"
"25069","대구광역시 달서구 상인동","42","0042","0000","보성은하","월세","59.8800","202506","16","1,000","60","20","1994","월곡로 320","202507~202707","신규","-","","","아파트"
"25070","대구광역시 달성군 논공읍 금포리","2506","2506","0000","우신미가뷰아파트","월세","59.8829","202506","16","1,000","45","14","2018","금포로 75-20","202506~202706","신규","-","","","아파트"
"25071","대구광역시 달서구 상인동","1474","1474","0000","한양은하","월세","66.1600","202506","16","1,000","54","2","1989","상화북로 137","202506~202706","신규","-","","","아파트"
"25072","대구광역시 달성군 유가읍 봉리","601","0601","0000","하나리움퀸즈파크","월세","59.8767","202506","16","10,000","10","22","2015","테크노북로 164","202506~202606","갱신","-","10,000","10","아파트"
"25073","대구광역시 달성군 유가읍 봉리","605","0605","0000","호반베르디움","월세","73.6611","202506","16","2,000","75","6","2016","테크노대로5길 58","202508~202803","신규","-","","","아파트"
"25074","대구광역시 달성군 구지면 창리","1354","1354","0000","대구국가산단영무예다음","월세","84.9966","202506","16","1,000","65","7","2020","국가산단서로84길 118","202506~202706","신규","-","","","아파트"
"25075","대구광역시 달성군 구지면 응암리","1251","1251","0000","대구국가산단반도유보라아이비파크2","전세","74.9638","202506","16","14,000","0","16","2020","국가산단북로60길 59","202508~202708","신규","-","","","아파트"
"25076","대구광역시 달성군 구지면 응암리","1210","1210","0000","과학마을청아람","월세","59.8940","202506","16","500","55","1","2016","과학마을로 70","202506~202706","신규","-","","","아파트"
"25077","대구광역시 달성군 현풍읍 중리","486","0486","0000","대구테크노폴리스서한이다음","전세","84.8271","202506","16","22,000","0","7","2014","테크노상업로 33","202506~202706","갱신","사용","24,000","0","아파트"
"25078","대구광역시 달서구 상인동","1474","1474","0000","한양은하","월세","66.1600","202506","16","1,000","54","2","1989","상화북로 137","-","-","-","","","아파트"
"25079","대구광역시 달서구 진천동","482-4","0482","0004","월송(가동)","월세","55.9850","202506","16","300","40","5","1982","상화로21길 56","202507~202707","신규","-","","","아파트"
"25080","대구광역시 달서구 도원동","1438","1438","0000","대곡사계절타운","전세","134.9200","202506","16","25,000","0","2","1997","한실로 117","202506~202706","신규","-","","","아파트"
"25081","대구광역시 달성군 화원읍 천내리","122-1","0122","0001","화원평광2","월세","59.9900","202506","16","1,700","40","1","1992","비슬로525길 37","202507~202707","신규","-","","","아파트"
"25082","대구광역시 달성군 화원읍 천내리","122-1","0122","0001","화원평광2","월세","84.9700","202506","16","12,000","20","4","1992","비슬로525길 37","202507~202707","신규","-","","","아파트"
"25083","대구광역시 달서구 진천동","472","0472","0000","세광그린타운","전세","84.8600","202506","16","16,000","0","10","1996","진천로7길 47","202506~202706","신규","-","","","아파트"
"25084","대구광역시 달성군 다사읍 죽곡리","870","0870","0000","죽곡 한신 휴 플러스","전세","74.9700","202506","16","25,200","0","20","2016","대실역남로 50","202506~202606","갱신","사용","24,000","0","아파트"
"25085","대구광역시 달서구 두류동","2369","2369","0000","두류역서한포레스트","전세","84.6984","202506","16","28,000","0","11","2025","야외음악당로47길 76","202507~202707","신규","-","","","아파트"
"25086","대구광역시 달서구 장기동","548-2","0548","0002","죽전역동서PRIME","월세","84.9895","202506","16","2,000","100","15","2024","대명천로 234","202506~202706","신규","-","","","아파트"
"25087","대구광역시 달서구 유천동","612","0612","0000","대구월배2차아이파크","월세","84.5402","202506","16","2,000","120","10","2016","월배로5길 76","202508~202708","신규","-","","","아파트"
"25088","대구광역시 달성군 옥포읍 교항리","2998","2998","0000","옥포대성베르힐6단지","전세","84.9901","202506","16","17,000","0","9","2018","돌미로8길 19","202507~202707","신규","-","","","아파트"
"25089","대구광역시 달성군 다사읍 죽곡리","152","0152","0000","강창태성그린시티","월세","44.0600","202506","16","1,000","47","4","1996","죽곡2길 6","202506~202606","갱신","사용","1,000","50","아파트"
"25090","대구광역시 달서구 용산동","956","0956","0000","용산동서우방","월세","134.9500","202506","16","3,000","90","6","1998","장산로 20","202509~202709","신규","-","","","아파트"
"25091","대구광역시 달서구 월성동","1835","1835","0000","월배e-편한세상","전세","59.9694","202506","16","23,000","0","5","2014","월성로 132","202506~202606","신규","-","","","아파트"
"25092","대구광역시 달서구 용산동","416-1","0416","0001","성서2영남우방타운","월세","134.8400","202506","16","2,000","92","8","1997","이곡공원로 83","202507~202707","신규","-","","","아파트"
"25093","대구광역시 달성군 현풍읍 중리","480","0480","0000","대구테크노폴리스남해오네뜨1차","월세","59.9573","202506","16","2,000","70","2","2015","테크노북로4길 11","202506~202606","신규","-","","","아파트"
"25094","대구광역시 달서구 월성동","1863","1863","0000","월성협성휴포레","전세","102.9285","202506","16","37,800","0","5","2016","조암로10길 11","202506~202706","갱신","-","36,000","0","아파트"
"25095","대구광역시 달서구 월성동","270","0270","0000","월성주공4단지","월세","58.4600","202506","16","500","60","4","1992","구마로14남길 55","202509~202708","신규","-","","","아파트"
"25096","대구광역시 달성군 유가읍 봉리","601","0601","0000","하나리움퀸즈파크","월세","59.9814","202506","16","9,450","7","6","2015","테크노북로 164","202506~202605","갱신","-","9,450","7","아파트"
"25097","대구광역시 달서구 성당동","834","0834","0000","성당동더샵","월세","84.9996","202506","16","2,000","80","16","2008","장기로 115","202508~202708","신규","-","","","아파트"
"25098","대구광역시 달서구 월성동","120","0120","0000","월성푸르지오","전세","84.9232","202506","16","25,000","0","26","2008","조암로6길 20","202510~202710","신규","-","","","아파트"
"25099","대구광역시 달서구 월성동","120","0120","0000","월성푸르지오","전세","84.9232","202506","16","25,000","0","26","2008","조암로6길 20","202510~202710","신규","-","","","아파트"
"25100","대구광역시 달성군 다사읍 죽곡리","814","0814","0000","대실역태왕아너스","전세","59.9880","202506","15","26,000","0","8","2017","대실역남로 11","202508~202708","신규","-","","","아파트"
"25101","대구광역시 수성구 노변동","742","0742","0000","수성알파시티청아람","전세","59.9949","202506","15","24,000","0","11","2021","알파시티2로 96","202506~202706","신규","-","","","아파트"
"25102","대구광역시 수성구 노변동","742","0742","0000","수성알파시티청아람","전세","59.9949","202506","15","24,000","0","11","2021","알파시티2로 96","202506~202706","신규","-","","","아파트"
"25103","대구광역시 달서구 용산동","997","0997","0000","용산자이","월세","84.9956","202506","15","3,000","110","11","2024","달구벌대로 1515","202508~202708","신규","-","","","아파트"
"25104","대구광역시 중구 대봉동","760","0760","0000","더샵리비테르2차","전세","84.5820","202506","15","32,000","0","19","2022","대봉로43길 22","202507~202707","신규","-","","","아파트"
"25105","대구광역시 달서구 두류동","2369","2369","0000","두류역서한포레스트","월세","84.6984","202506","15","2,000","110","25","2025","야외음악당로47길 76","202508~202708","신규","-","","","아파트"
"25106","대구광역시 달성군 구지면 창리","1354","1354","0000","대구국가산단영무예다음","월세","67.7820","202506","15","1,000","53","13","2020","국가산단서로84길 118","202506~202706","신규","-","","","아파트"
"25107","대구광역시 달성군 다사읍 죽곡리","870","0870","0000","죽곡 한신 휴 플러스","전세","74.9900","202506","15","28,000","0","3","2016","대실역남로 50","202509~202709","신규","-","","","아파트"
"25108","대구광역시 달성군 다사읍 죽곡리","870","0870","0000","죽곡 한신 휴 플러스","월세","74.9700","202506","15","2,000","88","8","2016","대실역남로 50","202508~202708","신규","-","","","아파트"
"25109","대구광역시 달서구 월성동","1835","1835","0000","월배e-편한세상","전세","59.9694","202506","15","22,000","0","20","2014","월성로 132","202506~202606","갱신","사용","21,000","0","아파트"
"25110","대구광역시 달서구 감삼동","714","0714","0000","죽전역해링턴플레이스더베스트","월세","103.7645","202506","15","5,000","130","34","2024","와룡로33길 20","202507~202707","신규","-","","","아파트"
"25111","대구광역시 달서구 유천동","612","0612","0000","대구월배2차아이파크","전세","84.2245","202506","15","32,000","0","10","2016","월배로5길 76","202507~202707","신규","-","","","아파트"
"25112","대구광역시 달서구 유천동","42","0042","0000","월배쌍용예가","월세","146.6572","202506","15","2,000","120","15","2008","조암남로32길 13","202506~202606","갱신","-","5,000","140","아파트"
"25113","대구광역시 달서구 유천동","612","0612","0000","대구월배2차아이파크","전세","84.2245","202506","15","32,000","0","10","2016","월배로5길 76","202507~202707","신규","-","","","아파트"
"25114","대구광역시 달성군 다사읍 서재리","145","0145","0000","서재보성1","전세","59.9800","202506","15","8,000","0","9","1997","서재로30길 17","202509~202709","신규","-","","","아파트"
"25115","대구광역시 달서구 장기동","809","0809","0000","영남네오빌","월세","122.9918","202506","15","2,000","101","12","2004","한들로 36","202508~202708","신규","-","","","아파트"
"25116","대구광역시 달성군 옥포읍 본리리","2590","2590","0000","미진이지비아","월세","59.9639","202506","15","1,000","50","6","2017","비슬로447길 56","202506~202706","신규","-","","","아파트"
"25117","대구광역시 달성군 다사읍 세천리","1588","1588","0000","북죽곡엠코타운더솔레뉴","전세","84.9927","202506","15","19,000","0","14","2016","세천로 160","202507~202707","신규","-","","","아파트"
"25118","대구광역시 달성군 유가읍 봉리","627","0627","0000","반도유보라","월세","70.0935","202506","15","1,000","60","7","2016","테크노대로 195","202506~202706","갱신","사용","1,000","58","아파트"
"25119","대구광역시 북구 침산동","1755","1755","0000","강변일성트루엘","월세","66.2244","202506","15","2,000","80","8","2014","침산남로 215","202508~202708","신규","-","","","아파트"
"25120","대구광역시 북구 국우동","1110-3","1110","0003","칠곡현대아파트","전세","84.9390","202506","15","18,000","0","19","1999","구리로 254","202507~202707","신규","-","","","아파트"
"25121","대구광역시 북구 산격동","615-22","0615","0022","산격거평","월세","59.9750","202506","15","1,000","50","15","1998","유통단지로3길 7","202506~202706","신규","-","","","아파트"
"25122","대구광역시 북구 구암동","786","0786","0000","그린빌3차","월세","49.7100","202506","15","1,000","50","7","2000","구암서로 41","202506~202706","신규","-","","","아파트"
"25123","대구광역시 북구 구암동","787-3","0787","0003","부영3차","전세","81.1563","202506","15","20,000","0","6","2002","구암서로 7","202510~202710","신규","-","","","아파트"
"25124","대구광역시 수성구 범어동","2277","2277","0000","힐스테이트범어센트럴","전세","84.9100","202506","15","36,000","0","8","2022","상록로 80","202508~202707","신규","-","","","아파트"
"25125","대구광역시 수성구 수성동1가","112-7","0112","0007","수성그린타운","전세","109.9041","202506","15","30,000","0","2","2005","달구벌대로458길 17","202507~202707","신규","-","","","아파트"
"25126","대구광역시 수성구 상동","178-1","0178","0001","청구중동","월세","50.8200","202506","15","500","45","4","1981","신천동로 150","202506~202706","신규","-","","","아파트"
"25127","대구광역시 수성구 시지동","600","0600","0000","고산역화성파크드림","전세","84.8338","202506","15","28,000","0","2","2019","달구벌대로 3122","202507~202707","신규","-","","","아파트"
"25128","대구광역시 북구 복현동","241-1","0241","0001","복현블루밍브라운스톤명문세가","전세","85.0000","202506","15","15,760","0","11","2011","복현로 50","202507~202707","신규","-","","","아파트"
"25129","대구광역시 수성구 범어동","179","0179","0000","두산위브더제니스","전세","137.0619","202506","15","95,000","0","39","2009","달구벌대로 2435","202506~202706","신규","-","","","아파트"
"25130","대구광역시 수성구 범어동","800-11","0800","0011","우방크로바","월세","74.5175","202506","15","2,000","60","2","1982","청솔로 126","202507~202707","신규","-","","","아파트"
"25131","대구광역시 수성구 사월동","645","0645","0000","시지한신휴플러스","월세","84.7139","202506","15","2,000","91","10","2013","달구벌대로669길 50","202507~202707","신규","-","","","아파트"
"25132","대구광역시 북구 국우동","1110-3","1110","0003","칠곡현대아파트","전세","84.9390","202506","15","18,000","0","19","1999","구리로 254","202507~202707","갱신","-","18,000","0","아파트"
"25133","대구광역시 수성구 매호동","750","0750","0000","매호효성백년가약","전세","117.5658","202506","15","37,000","0","19","2006","천을로23길 31","202511~202711","갱신","사용","39,000","0","아파트"
"25134","대구광역시 북구 침산동","269-10","0269","0010","명성푸르지오","월세","140.7100","202506","15","3,000","140","34","2006","침산로 153","202508~202708","신규","-","","","아파트"
"25135","대구광역시 북구 국우동","1079","1079","0000","부영1차","전세","81.1563","202506","15","17,000","0","5","2002","학정동로 7","202508~202708","신규","-","","","아파트"
"25136","대구광역시 북구 침산동","1755","1755","0000","강변일성트루엘","월세","66.2244","202506","15","2,000","80","8","2014","침산남로 215","202508~202708","신규","-","","","아파트"
"25137","대구광역시 북구 동변동","679","0679","0000","주공그린빌8","월세","59.8300","202506","15","2,000","60","10","2002","동변로 55","202506~202706","신규","-","","","아파트"
"25138","대구광역시 수성구 만촌동","1489","1489","0000","만촌자이르네","전세","77.6825","202506","15","42,000","0","9","2023","교학로19길 19","202509~202709","갱신","사용","40,000","0","아파트"
"25139","대구광역시 북구 침산동","269-10","0269","0010","명성푸르지오","월세","140.7100","202506","15","3,000","140","34","2006","침산로 153","202508~202708","신규","-","","","아파트"
"25140","대구광역시 중구 삼덕동2가","29-57","0029","0057","홍길","월세","90.6600","202506","15","1,000","75","6","2001","공평로10길 30-74","202507~202512","신규","-","","","아파트"
"25141","대구광역시 중구 동인동1가","420","0420","0000","힐스테이트동인더스카이","월세","84.9389","202506","15","5,000","90","19","2025","태평로 240","202506~202706","신규","-","","","아파트"
"25142","대구광역시 동구 신암동","194-1","0194","0001","신암건영캐스빌","전세","58.6100","202506","15","15,000","0","4","2005","신암남로 50","202506~202706","신규","-","","","아파트"
"25143","대구광역시 중구 수창동","173","0173","0000","대구역센트럴자이","월세","59.6032","202506","15","2,000","85","17","2017","서성로 99","202506~202611","신규","-","","","아파트"
"25144","대구광역시 중구 동인동3가","414","0414","0000","엑소디움센트럴동인","전세","27.2203","202506","15","16,600","0","6","2023","국채보상로139길 40","202507~202707","신규","-","","","아파트"
"25145","대구광역시 동구 지묘동","337","0337","0000","왕산우방타운","월세","59.9800","202506","15","1,000","50","3","1997","파계로6길 30","202507~202707","신규","-","","","아파트"
"25146","대구광역시 중구 동인동3가","414","0414","0000","엑소디움센트럴동인","전세","27.2203","202506","15","16,600","0","6","2023","국채보상로139길 40","202507~202707","신규","-","","","아파트"
"25147","대구광역시 동구 지묘동","1386","1386","0000","LH뉴웰시티","전세","59.9900","202506","15","17,000","0","9","2021","동화천로77길 30","202506~202606","갱신","사용","17,000","0","아파트"
"25148","대구광역시 동구 지묘동","360","0360","0000","태왕그린힐즈","월세","59.8800","202506","15","500","50","3","1997","파계로 46","202506~202706","신규","-","","","아파트"
"25149","대구광역시 동구 신암동","1852","1852","0000","동대구해모로스퀘어웨스트","전세","76.7437","202506","15","21,000","0","10","2023","동북로 340","202506~202706","갱신","-","21,000","0","아파트"
"25150","대구광역시 동구 신기동","160-14","0160","0014","신기역극동스타클래스","월세","84.8664","202506","15","3,000","100","8","2023","반야월로26길 17","202506~202706","신규","-","","","아파트"
"25151","대구광역시 동구 신천동","292-6","0292","0006","동대구유성푸르나임","월세","27.4700","202506","15","500","55","21","2014","동부로22길 48","202506~202606","신규","-","","","아파트"
"25152","대구광역시 동구 신천동","1508","1508","0000","동대구역우방아이유쉘","전세","84.9819","202506","15","28,000","0","5","2022","동부로 115","202507~202707","신규","-","","","아파트"
"25153","대구광역시 서구 내당동","11-8","0011","0008","황제맨션","전세","84.9900","202506","15","15,000","0","8","1988","통학로 46","202507~202707","신규","-","","","아파트"
"25154","대구광역시 서구 내당동","3333","3333","0000","두류역자이","전세","59.9708","202506","15","23,000","0","18","2025","달구벌대로 1769-7","202509~202709","신규","-","","","아파트"
"25155","대구광역시 남구 봉덕동","1639","1639","0000","봉덕화성파크드림","월세","84.8590","202506","15","2,000","110","19","2019","대봉로14길 30","202508~202707","신규","-","","","아파트"
"25156","대구광역시 남구 봉덕동","1639","1639","0000","봉덕화성파크드림","전세","72.6581","202506","15","22,500","0","11","2019","대봉로14길 30","202508~202708","갱신","-","22,000","0","아파트"
"25157","대구광역시 중구 수창동","178","0178","0000","대구역제일풍경채위너스카이","전세","84.8871","202506","15","30,000","0","22","2023","달성로26길 70","202507~202707","신규","-","","","아파트"
"25158","대구광역시 중구 수창동","173","0173","0000","대구역센트럴자이","월세","84.6421","202506","14","2,000","120","15","2017","서성로 99","202506~202706","신규","-","","","아파트"
"25159","대구광역시 동구 신암동","1860","1860","0000","동대구역화성파크드림","월세","125.2931","202506","14","3,000","168","2","2023","동대구로 590","202509~202709","갱신","사용","3,000","160","아파트"
"25160","대구광역시 동구 신서동","538-2","0538","0002","대경넥스빌","월세","84.9900","202506","14","2,000","70","14","2003","안심로 400","202507~202707","신규","-","","","아파트"
"25161","대구광역시 남구 대명동","3079","3079","0000","힐스테이트대명센트럴(101,102동)","월세","84.5272","202506","14","1,000","130","41","2024","대명로 256","202507~202707","신규","-","","","아파트"
"25162","대구광역시 동구 신암동","1894","1894","0000","동대구역골드클래스","월세","84.8824","202506","14","1,000","95","5","2024","신암남로 72","202507~202707","갱신","-","1,000","85","아파트"
"25163","대구광역시 동구 용계동","575-12","0575","0012","용계역푸르지오아츠베르1단지","전세","84.9900","202506","14","25,000","0","9","2023","화랑로108길 42","202507~202707","신규","-","","","아파트"
"25164","대구광역시 동구 신암동","766","0766","0000","신암뜨란채","월세","59.4400","202506","14","2,000","70","14","2005","아양로7길 12","202507~202707","신규","-","","","아파트"
"25165","대구광역시 중구 동인동3가","414","0414","0000","엑소디움센트럴동인","전세","27.2203","202506","14","16,900","0","14","2023","국채보상로139길 40","202507~202707","신규","-","","","아파트"
"25166","대구광역시 서구 평리동","1680","1680","0000","평리푸르지오","전세","84.9305","202506","14","20,000","0","12","2011","국채보상로50길 20","202506~202706","갱신","-","19,000","0","아파트"
"25167","대구광역시 동구 봉무동","1530","1530","0000","대구이시아폴리스더샵3차","전세","96.8600","202506","14","30,000","0","6","2013","팔공로51길 10","202508~202708","신규","-","","","아파트"
"25168","대구광역시 중구 남산동","2466-1","2466","0001","보성황실타운","전세","59.9600","202506","14","16,000","0","6","1993","남산로13길 17","202507~202706","신규","-","","","아파트"
"25169","대구광역시 중구 남산동","3060","3060","0000","해링턴플레이스더반월당","월세","84.4300","202506","14","2,000","105","5","2024","중앙대로61길 30","202508~202608","신규","-","","","아파트"
"25170","대구광역시 중구 삼덕동2가","166","0166","0000","빌리브프리미어","월세","104.4573","202506","14","5,000","230","19","2023","공평로 6","202506~202706","신규","-","","","아파트"
"25171","대구광역시 중구 동인동1가","413","0413","0000","대구역센트럴대원칸타빌","전세","84.7824","202506","14","27,000","0","34","2024","태평로 224","202507~202707","신규","-","","","아파트"
"25172","대구광역시 남구 대명동","3067","3067","0000","교대역하늘채뉴센트원","월세","39.6022","202506","14","19,200","2","13","2022","중앙대로 187","202508~202708","신규","-","","","아파트"
"25173","대구광역시 북구 칠성동2가","127","0127","0000","성광우방타운","전세","59.9000","202506","14","15,000","0","6","1996","호암로 20","202506~202706","신규","-","","","아파트"
"25174","대구광역시 남구 대명동","780-3","0780","0003","동신점보","전세","63.3500","202506","14","11,000","0","6","1979","대명로 177","202507~202707","신규","-","","","아파트"
"25175","대구광역시 중구 동인동3가","414","0414","0000","엑소디움센트럴동인","전세","27.2203","202506","14","16,900","0","9","2023","국채보상로139길 40","202507~202707","신규","-","","","아파트"
"25176","대구광역시 중구 동인동3가","414","0414","0000","엑소디움센트럴동인","전세","27.2203","202506","14","16,900","0","10","2023","국채보상로139길 40","202507~202707","신규","-","","","아파트"
"25177","대구광역시 중구 태평로3가","221-5","0221","0005","힐스테이트대구역퍼스트","월세","84.6679","202506","14","4,000","90","17","2025","태평로 100","202506~202706","신규","-","","","아파트"
"25178","대구광역시 중구 수창동","178","0178","0000","대구역제일풍경채위너스카이","월세","84.9774","202506","14","3,000","120","37","2023","달성로26길 70","202507~202707","신규","-","","","아파트"
"25179","대구광역시 동구 검사동","1111","1111","0000","동촌역태왕아너스르네상스","월세","59.9883","202506","14","1,000","75","5","2017","동촌로 100","202508~202708","신규","-","","","아파트"
"25180","대구광역시 북구 칠성동2가","127","0127","0000","성광우방타운","전세","59.9000","202506","14","15,000","0","6","1996","호암로 20","-","-","-","","","아파트"
"25181","대구광역시 동구 신천동","56-1","0056","0001","동대구동화아이위시","월세","84.7980","202506","14","1,000","120","3","2023","동부로 107","202506~202606","신규","-","","","아파트"
"25182","대구광역시 동구 신암동","1860","1860","0000","동대구역화성파크드림","전세","84.9482","202506","14","25,000","0","5","2023","동대구로 590","202507~202707","갱신","사용","24,000","0","아파트"
"25183","대구광역시 동구 신암동","1881","1881","0000","동대구더센트로데시앙","전세","59.9638","202506","14","25,000","0","20","2023","신암로20길 63","202507~202707","신규","-","","","아파트"
"25184","대구광역시 서구 비산동","3446","3446","0000","힐스테이트서대구역센트럴","월세","84.8617","202506","14","5,000","50","22","2025","달서천로53길 6","202508~202707","신규","-","","","아파트"
"25185","대구광역시 동구 율암동","1297","1297","0000","대구 파라곤 프레스티지","월세","84.8406","202506","14","2,000","95","2","2023","안심뉴타운7로 13","202507~202707","신규","-","","","아파트"
"25186","대구광역시 동구 신암동","373-1","0373","0001","진로2이스트","월세","29.6400","202506","14","4,000","8","5","1998","동북로 460","202506~202706","신규","-","","","아파트"
"25187","대구광역시 중구 동인동3가","414","0414","0000","엑소디움센트럴동인","전세","27.2203","202506","14","16,900","0","12","2023","국채보상로139길 40","202508~202707","신규","-","","","아파트"
"25188","대구광역시 동구 괴전동","654","0654","0000","안심역코오롱하늘채","전세","84.7718","202506","14","27,000","0","10","2017","금강로21길 30","202506~202706","갱신","-","26,000","0","아파트"
"25189","대구광역시 북구 칠성동2가","723","0723","0000","칠성동코오롱하늘채","전세","84.8129","202506","14","27,000","0","30","2014","중앙대로 540","202508~202708","신규","-","","","아파트"
"25190","대구광역시 동구 각산동","1177","1177","0000","각산서한이다음","월세","84.6393","202506","14","2,000","80","3","2018","반야월북로 167","202509~202709","신규","-","","","아파트"
"25191","대구광역시 동구 각산동","425","0425","0000","각산푸르지오1단지","전세","84.9290","202506","14","15,000","0","4","2009","경안로 824","202510~202710","갱신","-","15,000","0","아파트"
"25192","대구광역시 동구 율하동","1412","1412","0000","율하리버파크","월세","84.7700","202506","14","2,000","80","1","2009","율하동로 19","202508~202708","갱신","사용","2,000","800","아파트"
"25193","대구광역시 남구 대명동","3067","3067","0000","교대역하늘채뉴센트원","전세","49.7491","202506","14","24,000","0","10","2022","중앙대로 187","202509~202709","신규","-","","","아파트"
"25194","대구광역시 동구 신서동","755","0755","0000","신서동롯데캐슬레전드","월세","84.9140","202506","14","2,000","75","1","2007","안심로73길 22","202508~202708","신규","-","","","아파트"
"25195","대구광역시 서구 중리동","112-2","0112","0002","양지","월세","49.1600","202506","14","300","30","5","1981","서대구로15길 31","202507~202707","신규","-","","","아파트"
"25196","대구광역시 동구 신암동","1860","1860","0000","동대구역화성파크드림","전세","84.9482","202506","14","36,000","0","11","2023","동대구로 590","202508~202708","신규","-","","","아파트"
"25197","대구광역시 동구 지묘동","360","0360","0000","태왕그린힐즈","월세","84.8600","202506","14","1,500","65","8","1997","파계로 46","202507~202707","신규","-","","","아파트"
"25198","대구광역시 동구 지묘동","1386","1386","0000","LH뉴웰시티","월세","59.9900","202506","14","2,000","70","13","2021","동화천로77길 30","202508~202607","갱신","-","2,000","70","아파트"
"25199","대구광역시 동구 율암동","1307","1307","0000","호반써밋이스텔라","전세","84.9762","202506","14","26,000","0","14","2022","반야월북로 111-11","202508~202708","신규","-","","","아파트"
"25200","대구광역시 중구 동인동3가","414","0414","0000","엑소디움센트럴동인","전세","27.2203","202506","14","16,900","0","14","2023","국채보상로139길 40","202507~202707","신규","-","","","아파트"
"25201","대구광역시 달성군 구지면 창리","1434","1434","0000","대구국가산단디에트르더센트럴","월세","76.4927","202506","14","1,000","65","8","2021","국가산단대로70길 17","202511~202711","신규","-","","","아파트"
"25202","대구광역시 달성군 구지면 창리","1447","1447","0000","모아미래도에듀퍼스트","월세","77.7752","202506","14","2,000","50","14","2021","국가산단대로70길 42","202506~202706","신규","-","","","아파트"
"25203","대구광역시 달성군 구지면 창리","1434","1434","0000","대구국가산단디에트르더센트럴","전세","76.4927","202506","14","15,000","0","16","2021","국가산단대로70길 17","202507~202707","신규","-","","","아파트"
"25204","대구광역시 달서구 유천동","612","0612","0000","대구월배2차아이파크","전세","84.2245","202506","14","33,000","0","21","2016","월배로5길 76","202508~202707","신규","-","","","아파트"
"25205","대구광역시 달성군 유가읍 봉리","659","0659","0000","호반베르디움2차","월세","98.8946","202506","14","2,000","105","16","2016","테크노대로5길 80","202507~202707","신규","-","","","아파트"
"25206","대구광역시 수성구 노변동","742","0742","0000","수성알파시티청아람","전세","59.9949","202506","14","26,500","0","15","2021","알파시티2로 96","-","-","-","","","아파트"
"25207","대구광역시 달성군 옥포읍 교항리","2964","2964","0000","옥포대성베르힐4단지","월세","84.8561","202506","14","1,000","70","2","2016","돌미로 70","202508~202708","신규","-","","","아파트"
"25208","대구광역시 달서구 본리동","76-1","0076","0001","성당래미안e-편한세상2단지","월세","84.8800","202506","14","2,000","80","6","2009","장기로 145","202506~202706","신규","-","","","아파트"
"25209","대구광역시 달서구 두류동","486-2","0486","0002","삼정그린빌","월세","75.8795","202506","14","2,000","75","16","2002","야외음악당로39길 54","202507~202706","신규","-","","","아파트"
"25210","대구광역시 달성군 유가읍 봉리","605","0605","0000","호반베르디움","전세","73.6611","202506","14","18,500","0","1","2016","테크노대로5길 58","202508~202709","신규","-","","","아파트"
"25211","대구광역시 달서구 신당동","1846","1846","0000","성서주공2","월세","42.9000","202506","14","500","40","7","1995","신당로 55","202506~202706","신규","-","","","아파트"
"25212","대구광역시 달서구 대곡동","1123","1123","0000","수목원제일풍경채","월세","83.3100","202506","14","2,000","100","12","2018","갈밭남로 12","202508~202608","신규","-","","","아파트"
"25213","대구광역시 달성군 유가읍 봉리","627","0627","0000","반도유보라","월세","84.9592","202506","14","2,000","82","2","2016","테크노대로 195","202506~202706","신규","-","","","아파트"
"25214","대구광역시 달서구 용산동","997","0997","0000","용산자이","전세","84.9917","202506","14","32,000","0","5","2024","달구벌대로 1515","-","-","-","","","아파트"
"25215","대구광역시 달서구 죽전동","269-17","0269","0017","태영팰리스(101동)","월세","84.8950","202506","14","4,000","70","6","2016","달구벌대로309길 5","202506~202608","신규","-","","","아파트"
"25216","대구광역시 달성군 구지면 응암리","1210","1210","0000","과학마을청아람","월세","59.8940","202506","14","500","60","20","2016","과학마을로 70","202506~202706","신규","-","","","아파트"
"25217","대구광역시 달성군 유가읍 봉리","595","0595","0000","대구테크노폴리스화성파크드림","전세","84.9398","202506","14","20,000","0","10","2016","테크노북로 165","202507~202707","신규","-","","","아파트"
"25218","대구광역시 달서구 본동","247","0247","0000","그린맨션2차","월세","84.8700","202506","14","2,000","55","1","1986","구마로36길 20","202506~202706","신규","-","","","아파트"
"25219","대구광역시 달서구 본동","247","0247","0000","그린맨션2차","월세","84.8700","202506","14","2,000","55","1","1986","구마로36길 20","202506~202706","신규","-","","","아파트"
"25220","대구광역시 달서구 상인동","1514","1514","0000","상인현대동방타운","월세","59.9600","202506","14","1,000","50","1","1993","상인서로 85","202506~202706","신규","-","","","아파트"
"25221","대구광역시 달서구 상인동","1516","1516","0000","우방타운","월세","84.9600","202506","14","2,000","80","13","1993","상인서로 65","202506~202706","신규","-","","","아파트"
"25222","대구광역시 달서구 유천동","605","0605","0000","현대아이파크","전세","59.9294","202506","14","24,000","0","6","2015","조암남로 182","202508~202708","갱신","사용","23,000","0","아파트"
"25223","대구광역시 달서구 용산동","410-2","0410","0002","성서보람타운","월세","84.8200","202506","14","2,000","67","7","1997","새동네로 34","202507~202706","신규","-","","","아파트"
"25224","대구광역시 달서구 용산동","997","0997","0000","용산자이","전세","84.9917","202506","14","32,000","0","5","2024","달구벌대로 1515","202507~202707","신규","-","","","아파트"
"25225","대구광역시 달성군 옥포읍 교항리","2892","2892","0000","옥포이진캐스빌8단지","월세","84.9962","202506","14","2,000","60","13","2017","비슬로 2001","202506~202706","신규","-","","","아파트"
"25226","대구광역시 달서구 유천동","597","0597","0000","진천역AK그랑폴리스","전세","114.5513","202506","14","32,000","0","16","2013","월배로11길 33","202508~202708","신규","-","","","아파트"
"25227","대구광역시 달성군 다사읍 매곡리","1582","1582","0000","다사역금호어울림센트럴","전세","84.9045","202506","14","28,000","0","33","2023","다사로 71","202506~202706","갱신","-","24,000","0","아파트"
"25228","대구광역시 달서구 상인동","1517","1517","0000","상인영남화성타운","전세","59.9400","202506","14","14,000","0","11","1993","상인서로 76","202507~202707","갱신","-","15,000","0","아파트"
"25229","대구광역시 달서구 상인동","87","0087","0000","상인e-편한세상2단지","전세","132.6215","202506","14","40,000","0","20","2008","월서로3길 15","202507~202702","신규","-","","","아파트"
"25230","대구광역시 달성군 구지면 응암리","1210","1210","0000","과학마을청아람","월세","59.8940","202506","14","1,000","50","10","2016","과학마을로 70","202506~202706","신규","-","","","아파트"
"25231","대구광역시 달성군 구지면 응암리","1210","1210","0000","과학마을청아람","월세","59.8940","202506","14","1,000","47","18","2016","과학마을로 70","202506~202706","신규","-","","","아파트"
"25232","대구광역시 달성군 구지면 응암리","1178","1178","0000","달성화성파크드림","전세","84.6422","202506","14","10,000","0","14","2011","과학마을로2길 6","202507~202707","신규","-","","","아파트"
"25233","대구광역시 달성군 유가읍 봉리","595","0595","0000","대구테크노폴리스화성파크드림","전세","84.9398","202506","14","20,000","0","10","2016","테크노북로 165","202507~202707","신규","-","","","아파트"
"25234","대구광역시 달성군 유가읍 봉리","595","0595","0000","대구테크노폴리스화성파크드림","전세","84.9398","202506","14","20,000","0","10","2016","테크노북로 165","202507~202707","신규","-","","","아파트"
"25235","대구광역시 달서구 월성동","84","0084","0000","월성주공1(고층)","전세","58.4600","202506","14","10,000","0","8","1991","월곡로94길 30","202502~202702","신규","-","","","아파트"
"25236","대구광역시 달서구 도원동","677-1","0677","0001","롯데캐슬레이크","월세","84.9100","202506","14","2,000","70","1","2005","상화로58길 86","202506~202606","갱신","-","2,000","67","아파트"
"25237","대구광역시 달성군 화원읍 명곡리","139","0139","0000","명곡미래빌4","월세","59.6300","202506","14","1,000","45","4","2000","화암로 120","202507~202607","신규","-","","","아파트"
"25238","대구광역시 달성군 화원읍 명곡리","220","0220","0000","미래빌5단지","월세","59.4200","202506","14","1,000","52","10","2001","명천로 243","202506~202706","갱신","사용","1,000","55","아파트"
"25239","대구광역시 달성군 화원읍 명곡리","139","0139","0000","명곡미래빌4","월세","59.6300","202506","14","1,000","45","4","2000","화암로 120","202507~202607","신규","-","","","아파트"
"25240","대구광역시 달성군 다사읍 매곡리","1575","1575","0000","다사역삼정그린코아더베스트","월세","84.8272","202506","14","1,000","100","5","2021","매곡로14길 8","202506~202706","갱신","-","1,000","90","아파트"
"25241","대구광역시 달성군 다사읍 매곡리","1578","1578","0000","힐스테이트다사역","전세","84.9996","202506","14","30,000","0","7","2022","매곡로12길 22","202508~202708","신규","-","","","아파트"
"25242","대구광역시 달성군 다사읍 매곡리","1582","1582","0000","다사역금호어울림센트럴","전세","84.9322","202506","14","26,300","0","7","2023","다사로 71","202507~202707","갱신","-","25,000","0","아파트"
"25243","대구광역시 달서구 유천동","605","0605","0000","현대아이파크","전세","59.9294","202506","14","25,000","0","5","2015","조암남로 182","202507~202707","신규","-","","","아파트"
"25244","대구광역시 달성군 다사읍 세천리","1566-1","1566","0001","다사세천한라비발디","전세","74.0400","202506","14","18,500","0","18","2016","세천로 187","202508~202708","신규","-","","","아파트"
"25245","대구광역시 달성군 다사읍 세천리","1566-1","1566","0001","다사세천한라비발디","전세","74.0400","202506","14","18,500","0","18","2016","세천로 187","202508~202708","신규","-","","","아파트"
"25246","대구광역시 달서구 이곡동","1304-1","1304","0001","성서2동서화성","월세","59.9900","202506","14","1,000","57","4","1997","이곡공원로 33","202506~202706","신규","-","","","아파트"
"25247","대구광역시 달성군 현풍읍 중리","484","0484","0000","제일풍경채더퍼스트","월세","67.7425","202506","14","1,000","75","8","2016","테크노상업로 49","202507~202707","신규","-","","","아파트"
"25248","대구광역시 달성군 현풍읍 중리","484","0484","0000","제일풍경채더퍼스트","월세","67.7425","202506","14","1,000","75","8","2016","테크노상업로 49","202507~202707","신규","-","","","아파트"
"25249","대구광역시 수성구 사월동","464","0464","0000","사월보성","전세","59.9700","202506","14","11,500","0","11","1996","욱수천로 133","202506~202706","신규","-","","","아파트"
"25250","대구광역시 북구 동천동","872","0872","0000","보성서한타운","전세","59.9000","202506","14","12,500","0","9","1995","팔거천동로 104","202509~202709","신규","-","","","아파트"
"25251","대구광역시 북구 침산동","105-73","0105","0073","코오롱하늘채1단지","전세","84.9749","202506","14","31,000","0","16","2006","침산로22길 31","202509~202709","신규","-","","","아파트"
"25252","대구광역시 북구 침산동","369-2","0369","0002","제일","전세","59.8800","202506","14","12,000","0","4","1993","옥산로17길 50","202508~202708","신규","-","","","아파트"
"25253","대구광역시 북구 침산동","233-3","0233","0003","동아침산2무지개","전세","59.7600","202506","14","18,000","0","18","1999","침산로21길 10","202506~202706","신규","-","","","아파트"
"25254","대구광역시 수성구 범어동","2252","2252","0000","범어라온프라이빗2차","월세","84.9728","202506","14","5,000","200","9","2018","청호로 438","202508~202708","신규","-","","","아파트"
"25255","대구광역시 북구 사수동","784","0784","0000","이편한세상대구금호","전세","84.9100","202506","14","21,000","0","11","2017","내곡로 49","202507~202707","신규","-","","","아파트"
"25256","대구광역시 수성구 지산동","1234-1","1234","0001","지산2단지","전세","70.2500","202506","14","14,500","0","10","1991","지산로 5","202506~202706","신규","-","","","아파트"
"25257","대구광역시 수성구 지산동","1766","1766","0000","더샵수성라크에르","전세","84.9397","202506","14","25,000","0","26","2024","지산로3길 33","202507~202707","갱신","사용","25,000","0","아파트"
"25258","대구광역시 수성구 지산동","1766","1766","0000","더샵수성라크에르","전세","59.8476","202506","14","19,950","0","21","2024","지산로3길 33","202506~202708","갱신","사용","19,000","0","아파트"
"25259","대구광역시 수성구 신매동","610","0610","0000","시지라온프라이빗","전세","84.9845","202506","14","37,000","0","20","2023","달구벌대로656길 32","202511~202711","신규","-","","","아파트"
"25260","대구광역시 수성구 황금동","365","0365","0000","캐슬골드파크3단지","전세","157.0600","202506","14","43,000","0","10","2006","청수로 257","202508~202708","신규","-","","","아파트"
"25261","대구광역시 수성구 황금동","891-1","0891","0001","힐스테이트황금역리저브1단지","전세","82.3725","202506","14","42,000","0","29","2024","청수로 127","202507~202707","신규","-","","","아파트"
"25262","대구광역시 수성구 황금동","254-1","0254","0001","신천지하이츠","월세","84.9400","202506","14","2,000","70","2","1992","청호로 229","202508~202708","신규","-","","","아파트"
"25263","대구광역시 수성구 황금동","254-1","0254","0001","신천지하이츠","월세","84.9400","202506","14","2,000","70","2","1992","청호로 229","-","-","-","","","아파트"
"25264","대구광역시 수성구 황금동","272","0272","0000","신천지타운","전세","134.7900","202506","14","31,500","0","10","1991","청호로46길 16","202508~202708","신규","-","","","아파트"
"25265","대구광역시 수성구 파동","581-28","0581","0028","송원맨션","월세","84.9900","202506","14","1,000","75","6","1989","파동로 223","202508~202708","신규","-","","","아파트"
"25266","대구광역시 수성구 파동","1009","1009","0000","수성해모로하이엔","전세","59.2388","202506","14","20,000","0","4","2024","파동로 47","202507~202707","신규","-","","","아파트"
"25267","대구광역시 수성구 파동","1009","1009","0000","수성해모로하이엔","전세","59.2388","202506","14","20,000","0","4","2024","파동로 47","202506~202706","신규","-","","","아파트"
"25268","대구광역시 수성구 파동","240","0240","0000","대자연맨션2차","월세","63.6700","202506","14","1,000","30","4","1988","파동로 84","202506~202706","신규","-","","","아파트"
"25269","대구광역시 수성구 신매동","610","0610","0000","시지라온프라이빗","월세","84.9845","202506","14","5,000","100","13","2023","달구벌대로656길 32","202506~202706","신규","-","","","아파트"
"25270","대구광역시 수성구 신매동","610","0610","0000","시지라온프라이빗","월세","84.9845","202506","14","5,000","100","13","2023","달구벌대로656길 32","-","-","-","","","아파트"
"25271","대구광역시 수성구 신매동","580","0580","0000","시지청솔타운","월세","59.9100","202506","14","1,000","60","5","1995","고산로 70","202506~202706","신규","-","","","아파트"
"25272","대구광역시 북구 산격동","435-2","0435","0002","산격에덴3","월세","48.4375","202506","14","500","25","1","1986","동북로37길 58-17","202506~202706","신규","-","","","아파트"
"25273","대구광역시 북구 산격동","1404-19","1404","0019","산격청구2","월세","31.6000","202506","14","500","40","6","1999","대구체육관로4길 2","-","-","-","","","아파트"
"25274","대구광역시 북구 산격동","1404-19","1404","0019","산격청구2","월세","31.6000","202506","14","500","40","6","1999","대구체육관로4길 2","202506~202706","신규","-","","","아파트"
"25275","대구광역시 북구 구암동","695","0695","0000","칠곡한라타운2","전세","59.7000","202506","14","11,550","0","1","1995","구암로 170","202506~202507","신규","-","","","아파트"
"25276","대구광역시 수성구 신매동","100","0100","0000","시지3태왕하이츠","전세","73.4440","202506","14","19,000","0","4","2001","욱수천로 77","202508~202708","신규","-","","","아파트"
"25277","대구광역시 북구 매천동","750","0750","0000","한신더휴웨스턴팰리스","월세","69.9802","202506","14","2,000","85","31","2019","매전로4길 32","202507~202707","신규","-","","","아파트"
"25278","대구광역시 북구 매천동","741","0741","0000","매천센트럴파크","전세","74.8700","202506","14","18,500","0","1","2008","매전로4길 9","202509~202709","신규","-","","","아파트"
"25279","대구광역시 수성구 시지동","486","0486","0000","노변청구","전세","59.9900","202506","14","12,500","0","5","1996","시지로 21","202507~202707","신규","-","","","아파트"
"25280","대구광역시 수성구 시지동","28","0028","0000","시지태왕아너스","전세","84.8819","202506","14","23,000","0","14","2007","천을로 91","202508~202708","신규","-","","","아파트"
"25281","대구광역시 수성구 시지동","41","0041","0000","시지월드메르디앙","월세","84.9996","202506","14","3,000","90","6","2009","천을로 70","202508~202908","신규","-","","","아파트"
"25282","대구광역시 수성구 범물동","1372","1372","0000","청아타운","전세","84.9950","202506","14","16,000","0","14","1992","범안로 40","202509~202608","신규","-","","","아파트"
"25283","대구광역시 수성구 수성동1가","272-11","0272","0011","우방한가람타운","전세","59.9300","202506","14","20,000","0","18","1995","명덕로 368","202508~202707","신규","-","","","아파트"
"25284","대구광역시 수성구 만촌동","1500","1500","0000","힐스테이트만촌역","월세","136.6868","202506","14","10,000","275","25","2024","달구벌대로 2567","202509~202709","신규","-","","","아파트"
"25285","대구광역시 수성구 만촌동","1479","1479","0000","만촌3차화성파크드림","전세","59.9994","202506","14","32,000","0","9","2016","교학로 13","202507~202707","신규","-","","","아파트"
"25286","대구광역시 수성구 범어동","177-3","0177","0003","마크팰리스범어","월세","42.6363","202506","14","1,000","67","11","2017","동대구로 336","202506~202606","신규","-","","","아파트"
"25287","대구광역시 수성구 범어동","2250","2250","0000","범어효성해링턴플레이스","전세","59.9940","202506","14","35,000","0","1","2018","청호로 433","202507~202707","신규","-","","","아파트"
"25288","대구광역시 수성구 수성동1가","894","0894","0000","수성자이르네","월세","59.7462","202506","14","3,000","115","14","2024","수성로 295","202508~202708","신규","-","","","아파트"
"25289","대구광역시 수성구 범어동","2252","2252","0000","범어라온프라이빗2차","전세","84.9728","202506","14","49,000","0","8","2018","청호로 438","202507~202707","신규","-","","","아파트"
"25290","대구광역시 수성구 범어동","2272","2272","0000","범어에일린의뜰","전세","84.9603","202506","14","40,000","0","5","2021","청솔로14길 15","202507~202707","신규","-","","","아파트"
"25291","대구광역시 수성구 범어동","산103","0103","0000","장원맨션","월세","84.9800","202506","14","2,000","50","4","1988","청호로 370","202507~202707","신규","-","","","아파트"
"25292","대구광역시 수성구 범어동","2234","2234","0000","범어에스케이뷰","월세","84.9816","202506","14","5,000","180","11","2009","범어로 73","202508~202708","신규","-","","","아파트"
"25293","대구광역시 수성구 범어동","2280","2280","0000","빌리브범어120","전세","84.5729","202506","14","64,000","0","9","2022","범어로20길 120","202509~202709","신규","-","","","아파트"
"25294","대구광역시 수성구 범어동","2272","2272","0000","범어에일린의뜰","월세","102.4805","202506","14","32,000","120","10","2021","청솔로14길 15","202508~202708","신규","-","","","아파트"
"25295","대구광역시 수성구 범어동","2237","2237","0000","범어숲화성파크드림S","전세","84.8336","202506","14","33,000","0","33","2013","동대구로 376","202508~202708","신규","-","","","아파트"
"25296","대구광역시 수성구 신매동","570","0570","0000","시지삼주한라협화","전세","84.8400","202506","14","21,000","0","6","1994","신매로 91","202506~202706","갱신","-","24,100","0","아파트"
"25297","대구광역시 북구 고성동3가","145","0145","0000","오페라트루엘시민의숲아파트","전세","84.6148","202506","14","30,400","0","9","2020","고성북로 34","202507~202707","갱신","사용","29,000","0","아파트"
"25298","대구광역시 북구 복현동","539-111","0539","0111","복현대백맨션","전세","84.9900","202506","14","21,000","0","8","1996","복현로 137","202506~202604","신규","-","","","아파트"
"25299","대구광역시 북구 복현동","701","0701","0000","복현3차서한이다음","전세","84.9105","202506","14","27,000","0","3","2016","복현로 130","202507~202707","신규","-","","","아파트"
"25300","대구광역시 북구 복현동","241-1","0241","0001","복현블루밍브라운스톤명문세가","전세","85.0000","202506","14","15,760","0","14","2011","복현로 50","202507~202707","신규","-","","","아파트"
"25301","대구광역시 북구 복현동","709","0709","0000","복현아이파크","전세","75.9708","202506","14","26,500","0","17","2021","동북로 241","202509~202709","갱신","-","25,000","0","아파트"
"25302","대구광역시 북구 복현동","160-7","0160","0007","복현서한2","전세","74.3300","202506","14","14,000","0","1","1998","공항로15길 8","202507~202707","신규","-","","","아파트"
"25303","대구광역시 북구 노원동1가","530","0530","0000","북구청역푸르지오에듀포레","월세","84.9541","202506","14","2,000","95","23","2024","침산남로 30","202508~202608","갱신","-","2,000","85","아파트"
"25304","대구광역시 북구 노원동1가","530","0530","0000","북구청역푸르지오에듀포레","월세","84.9591","202506","14","1,000","120","4","2024","침산남로 30","202507~202707","신규","-","","","아파트"
"25305","대구광역시 수성구 신매동","30-6","0030","0006","시지효성백년가약2단지","전세","123.2250","202506","14","42,000","0","11","2008","달구벌대로 3280-1","202510~202710","신규","-","","","아파트"
"25306","대구광역시 수성구 신매동","610","0610","0000","시지라온프라이빗","월세","84.9845","202506","14","5,000","100","13","2023","달구벌대로656길 32","202506~202706","신규","-","","","아파트"
"25307","대구광역시 북구 태전동","442","0442","0000","태전3우방타운","월세","84.9700","202506","14","500","75","10","1999","학정로 126","202506~202706","신규","-","","","아파트"
"25308","대구광역시 북구 태전동","1244","1244","0000","대구태전역광신프로그레스","월세","59.7340","202506","14","2,000","72","12","2023","태전로7길 34","202507~202707","신규","-","","","아파트"
"25309","대구광역시 수성구 사월동","464","0464","0000","사월보성","전세","59.9700","202506","14","11,500","0","11","1996","욱수천로 133","202506~202706","신규","-","","","아파트"
"25310","대구광역시 수성구 사월동","500","0500","0000","시지대성유니드","전세","123.4542","202506","13","21,000","0","3","2007","달구벌대로669길 80","202507~202707","신규","-","","","아파트"
"25311","대구광역시 수성구 신매동","263","0263","0000","태왕하이츠1","전세","84.9798","202506","13","22,000","0","7","2000","달구벌대로647길 16","202507~202707","신규","-","","","아파트"
"25312","대구광역시 북구 고성동3가","145","0145","0000","오페라트루엘시민의숲아파트","전세","59.6911","202506","13","25,000","0","8","2020","고성북로 34","202507~202707","신규","-","","","아파트"
"25313","대구광역시 북구 고성동3가","145","0145","0000","오페라트루엘시민의숲아파트","전세","59.6911","202506","13","25,000","0","8","2020","고성북로 34","202508~202707","신규","-","","","아파트"
"25314","대구광역시 북구 국우동","1080","1080","0000","그린빌6단지","전세","51.4900","202506","13","14,000","0","9","2002","학정동로 10","202506~202706","신규","-","","","아파트"
"25315","대구광역시 수성구 파동","581-28","0581","0028","송원맨션","월세","84.9900","202506","13","1,000","63","10","1989","파동로 223","202508~202708","신규","-","","","아파트"
"25316","대구광역시 북구 구암동","786","0786","0000","그린빌3차","월세","49.7100","202506","13","1,000","57","8","2000","구암서로 41","202506~202706","신규","-","","","아파트"
"25317","대구광역시 수성구 범어동","2272","2272","0000","범어에일린의뜰","전세","84.9410","202506","13","44,000","0","23","2021","청솔로14길 15","202507~202707","갱신","사용","42,000","0","아파트"
"25318","대구광역시 수성구 범물동","1261","1261","0000","범물하이츠","전세","49.9350","202506","13","11,000","0","8","1992","용학로 336","202506~202706","신규","-","","","아파트"
"25319","대구광역시 수성구 수성동3가","289","0289","0000","수성코오롱하늘채","전세","149.8084","202506","13","78,000","0","5","2009","들안로 300","202507~202710","신규","-","","","아파트"
"25320","대구광역시 북구 복현동","241-1","0241","0001","복현블루밍브라운스톤명문세가","전세","85.0000","202506","13","15,760","0","10","2011","복현로 50","202507~202707","신규","-","","","아파트"
"25321","대구광역시 북구 복현동","241-1","0241","0001","복현블루밍브라운스톤명문세가","월세","76.0000","202506","13","10,556","15","6","2011","복현로 50","202507~202707","신규","-","","","아파트"
"25322","대구광역시 북구 복현동","241-1","0241","0001","복현블루밍브라운스톤명문세가","월세","85.0000","202506","13","4,728","34","12","2011","복현로 50","202508~202708","갱신","-","4,109","51","아파트"
"25323","대구광역시 북구 복현동","241-1","0241","0001","복현블루밍브라운스톤명문세가","월세","76.0000","202506","13","7,540","24","13","2011","복현로 50","202508~202708","갱신","-","5,465","40","아파트"
"25324","대구광역시 북구 관음동","1374","1374","0000","칠곡서한맨션","월세","84.8100","202506","13","2,000","60","9","1992","관음중앙로 6","202506~202706","신규","-","","","아파트"
"25325","대구광역시 북구 태전동","1244","1244","0000","대구태전역광신프로그레스","전세","84.9687","202506","13","26,000","0","10","2023","태전로7길 34","202508~202708","신규","-","","","아파트"
"25326","대구광역시 북구 태전동","206-10","0206","0010","태전역더뉴클래스","월세","49.3211","202506","13","1,000","62","4","2016","태전로 1","202508~202708","신규","-","","","아파트"
"25327","대구광역시 수성구 수성동4가","1017-1","1017","0001","수성태영데시앙","전세","114.2660","202506","13","42,000","0","23","2008","들안로 360","202506~202706","신규","-","","","아파트"
"25328","대구광역시 북구 동천동","913","0913","0000","영남네오빌아트","월세","84.8526","202506","13","2,000","100","3","2004","동천로 97","202507~202602","신규","-","","","아파트"
"25329","대구광역시 북구 동천동","913","0913","0000","영남네오빌아트","월세","84.8526","202506","13","2,000","100","3","2004","동천로 97","202507~202602","신규","-","","","아파트"
"25330","대구광역시 북구 사수동","812","0812","0000","서희스타힐스테이","월세","84.9924","202506","13","10,000","46","12","2019","내곡로 90","202509~202709","신규","-","","","아파트"
"25331","대구광역시 수성구 지산동","1766","1766","0000","더샵수성라크에르","월세","59.8476","202506","13","3,000","90","6","2024","지산로3길 33","202507~202707","신규","-","","","아파트"
"25332","대구광역시 수성구 황금동","862-5","0862","0005","힐스테이트황금역리저브2단지","월세","82.1252","202506","13","25,000","50","33","2024","청수로25길 24","202507~202707","신규","-","","","아파트"
"25333","대구광역시 수성구 황금동","365","0365","0000","캐슬골드파크4단지","월세","84.9700","202506","13","2,000","130","13","2006","청수로 261","202507~202707","신규","-","","","아파트"
"25334","대구광역시 수성구 두산동","789","0789","0000","수성화성파크드림","전세","84.8227","202506","13","25,000","0","12","2009","용학로28길 8","202507~202707","신규","-","","","아파트"
"25335","대구광역시 수성구 두산동","105","0105","0000","대우트럼프월드수성","월세","125.0000","202506","13","5,000","200","28","2007","동대구로 59","202508~202708","신규","-","","","아파트"
"25336","대구광역시 수성구 두산동","789","0789","0000","수성화성파크드림","전세","84.8227","202506","13","25,000","0","12","2009","용학로28길 8","202507~202707","신규","-","","","아파트"
"25337","대구광역시 수성구 매호동","1331","1331","0000","하나타운","전세","45.6900","202506","13","12,000","0","14","1995","고산로 123","202507~202707","신규","-","","","아파트"
"25338","대구광역시 수성구 매호동","1331","1331","0000","하나타운","월세","49.9200","202506","13","500","45","11","1995","고산로 123","202507~202706","신규","-","","","아파트"
"25339","대구광역시 수성구 범어동","2283","2283","0000","쌍용더플래티넘범어","월세","84.4614","202506","13","4,000","155","31","2023","상록로 25","202506~202511","갱신","-","4,000","155","아파트"
"25340","대구광역시 수성구 수성동1가","894","0894","0000","수성자이르네","월세","59.7462","202506","13","3,000","110","4","2024","수성로 295","202507~202607","신규","-","","","아파트"
"25341","대구광역시 수성구 신매동","49","0049","0000","사월화성파크드림(3단지)","전세","84.9999","202506","13","30,000","0","14","2006","달구벌대로 3304-2","202508~202708","신규","-","","","아파트"
"25342","대구광역시 수성구 신매동","580","0580","0000","시지청솔타운","전세","54.9900","202506","13","11,000","0","14","1995","고산로 70","202507~202706","신규","-","","","아파트"
"25343","대구광역시 수성구 신매동","601","0601","0000","시지보성서한아파트","전세","84.9900","202506","13","15,000","0","9","1995","신매로 21","202508~202708","신규","-","","","아파트"
"25344","대구광역시 동구 입석동","931-66","0931","0066","송백파크","전세","84.3072","202506","13","17,000","0","3","2016","입석로 26","202506~202706","신규","-","","","아파트"
"25345","대구광역시 북구 칠성동2가","742","0742","0000","대구역자이더스타","전세","84.7313","202506","13","28,500","0","8","2025","칠성남로 150","202506~202706","신규","-","","","아파트"
"25346","대구광역시 동구 불로동","962","0962","0000","불로서한이다음","월세","75.1200","202506","13","16,000","20","4","2016","공항로 148","202507~202707","신규","-","","","아파트"
"25347","대구광역시 중구 달성동","352","0352","0000","달성파크푸르지오힐스테이트","전세","74.9933","202506","13","21,000","0","2","2023","달성로 123","202507~202707","갱신","사용","20,000","0","아파트"
"25348","대구광역시 동구 율하동","1461","1461","0000","율하휴먼시아6단지","월세","46.9000","202506","13","4,627","8","10","2008","안심로16길 45","202508~202707","갱신","-","0","17","아파트"
"25349","대구광역시 동구 용계동","492-1","0492","0001","용계역푸르지오아츠베르2단지","월세","99.9900","202506","13","2,000","120","11","2023","화랑로108길 46","202508~202708","신규","-","","","아파트"
"25350","대구광역시 동구 괴전동","655","0655","0000","안심역삼정그린코아더베스트","월세","84.6731","202506","13","3,000","90","5","2021","반야월북로 355","202507~202706","신규","-","","","아파트"
"25351","대구광역시 서구 중리동","26-1","0026","0001","중리롯데캐슬","월세","84.9900","202506","13","17,500","30","17","2009","국채보상로34길 12","202506~202706","신규","-","","","아파트"
"25352","대구광역시 서구 중리동","76-1","0076","0001","진달래","월세","69.6975","202506","13","9,000","10","3","1983","국채보상로36길 39","202507~202707","신규","-","","","아파트"
"25353","대구광역시 중구 상서동","17","0017","0000","중앙시티라이프","월세","20.3100","202506","13","300","44","8","1990","국채보상로 543","202506~202512","신규","-","","","아파트"
"25354","대구광역시 동구 지묘동","215","0215","0000","팔공보성1차","월세","59.8500","202506","13","500","50","12","1994","팔공로 489","202506~202706","신규","-","","","아파트"
"25355","대구광역시 중구 대신동","2106","2106","0000","대신센트럴자이","월세","84.8382","202506","13","2,000","110","14","2015","달구벌대로 1955","202509~202709","신규","-","","","아파트"
"25356","대구광역시 동구 신암동","1860","1860","0000","동대구역화성파크드림","전세","84.8163","202506","13","27,300","0","3","2023","동대구로 590","202508~202708","갱신","사용","26,000","0","아파트"
"25357","대구광역시 동구 동호동","362","0362","0000","상록아파트","전세","59.7200","202506","13","9,786","0","2","2004","동호로 47","202508~202708","갱신","-","13,160","0","아파트"
"25358","대구광역시 중구 동인동1가","420","0420","0000","힐스테이트동인더스카이","전세","84.9389","202506","13","30,000","0","25","2025","태평로 240","202507~202707","신규","-","","","아파트"
"25359","대구광역시 동구 신천동","1525","1525","0000","더샵디어엘로","월세","84.9535","202506","13","2,000","130","4","2024","화랑로 33","202506~202606","신규","-","","","아파트"
"25360","대구광역시 동구 신천동","622","0622","0000","신천휴먼시아6단지","월세","59.9100","202506","13","2,000","70","12","2011","송라로11길 39","202507~202707","신규","-","","","아파트"
"25361","대구광역시 동구 신암동","1870","1870","0000","해링턴플레이스동대구","전세","84.9712","202506","13","23,000","0","11","2024","경대로 126","202508~202708","갱신","사용","23,000","0","아파트"
"25362","대구광역시 동구 신암동","1860","1860","0000","동대구역화성파크드림","전세","84.9482","202506","13","27,300","0","16","2023","동대구로 590","202508~202708","갱신","사용","26,000","0","아파트"
"25363","대구광역시 남구 대명동","3062","3062","0000","앞산리슈빌앤리마크1단지","월세","59.8231","202506","13","7,000","60","2","2018","안지랑로 73","202507~202707","신규","-","","","아파트"
"25364","대구광역시 중구 동인동1가","420","0420","0000","힐스테이트동인더스카이","월세","84.9389","202506","13","3,000","120","18","2025","태평로 240","202506~202706","신규","-","","","아파트"
"25365","대구광역시 동구 신암동","1833","1833","0000","이안동대구","월세","84.9221","202506","13","2,000","100","10","2018","송라로28길 14","202509~202709","신규","-","","","아파트"
"25366","대구광역시 동구 신암동","31","0031","0000","동서2차","월세","65.0600","202506","13","1,000","45","1","1985","아양로39길 20","202506~202706","신규","-","","","아파트"
"25367","대구광역시 중구 태평로3가","221-5","0221","0005","힐스테이트대구역퍼스트","전세","84.6679","202506","13","30,000","0","35","2025","태평로 100","202506~202706","신규","-","","","아파트"
"25368","대구광역시 동구 방촌동","1084-30","1084","0030","우방강촌마을1","월세","30.0000","202506","13","500","37","10","1996","화랑로80길 8","202506~202706","신규","-","","","아파트"
"25369","대구광역시 서구 평리동","632-9","0632","0009","서대구KTX영무예다음","월세","59.7832","202506","13","2,000","85","28","2023","당산로 446","202506~202706","신규","-","","","아파트"
"25370","대구광역시 동구 방촌동","1050-71","1050","0071","영남네오빌","전세","84.9913","202506","13","22,000","0","4","2000","동촌로 190","202508~202708","신규","-","","","아파트"
"25371","대구광역시 동구 봉무동","245","0245","0000","봉무청구새들마을","전세","84.9950","202506","13","13,500","0","15","2001","팔공로 322-5","202507~202707","신규","-","","","아파트"
"25372","대구광역시 서구 평리동","1497-44","1497","0044","서대구역서한이다음더퍼스트","월세","76.9170","202506","13","2,000","80","2","2023","국채보상로37길 38","202506~202706","갱신","사용","2,000","75","아파트"
"25373","대구광역시 동구 신암동","1840","1840","0000","동대구이안센트럴D","월세","84.9886","202506","13","2,000","125","20","2021","동대구로 577","202509~202709","신규","-","","","아파트"
"25374","대구광역시 중구 대신동","2106","2106","0000","대신센트럴자이","월세","59.8582","202506","13","2,000","90","19","2015","달구벌대로 1955","202507~202707","갱신","사용","2,000","95","아파트"
"25375","대구광역시 달성군 현풍읍 중리","484","0484","0000","제일풍경채더퍼스트","전세","84.1955","202506","13","16,500","0","4","2016","테크노상업로 49","202506~202706","갱신","사용","16,500","0","아파트"
"25376","대구광역시 달서구 감삼동","599-51","0599","0051","이안엑소디움에이펙스","전세","84.8856","202506","13","32,000","0","12","2025","달구벌대로 1514","202508~202908","신규","-","","","아파트"
"25377","대구광역시 달서구 감삼동","707","0707","0000","빌리브스카이주상복합","월세","84.2622","202506","13","3,000","145","21","2022","와룡로 186","202507~202707","신규","-","","","아파트"
"25378","대구광역시 달서구 감삼동","599-51","0599","0051","이안엑소디움에이펙스","전세","84.8856","202506","13","31,000","0","37","2025","달구벌대로 1514","202506~202706","신규","-","","","아파트"
"25379","대구광역시 달서구 대곡동","4","0004","0000","대구금강맨션2차","전세","84.9800","202506","13","10,000","0","7","1991","비슬로540길 14","202507~202707","신규","-","","","아파트"
"25380","대구광역시 달성군 유가읍 봉리","601","0601","0000","하나리움퀸즈파크","전세","59.8767","202506","13","11,000","0","24","2015","테크노북로 164","202502~202702","갱신","-","11,000","0","아파트"
"25381","대구광역시 달성군 다사읍 죽곡리","814","0814","0000","대실역태왕아너스","월세","59.9880","202506","13","2,000","85","8","2017","대실역남로 11","202507~202707","신규","-","","","아파트"
"25382","대구광역시 달성군 다사읍 서재리","169","0169","0000","서재화진금봉타운","월세","134.3300","202506","13","2,000","70","11","1996","서재로 120","202507~202706","신규","-","","","아파트"
"25383","대구광역시 달성군 다사읍 서재리","1131","1131","0000","에코폴리스동화아이위시3차","전세","84.9766","202506","13","20,000","0","15","2017","서재로7길 25","202507~202707","신규","-","","","아파트"
"25384","대구광역시 달서구 유천동","597","0597","0000","진천역AK그랑폴리스","전세","59.9702","202506","13","22,000","0","23","2013","월배로11길 33","202506~202706","갱신","사용","21,000","0","아파트"
"25385","대구광역시 달서구 도원동","1464","1464","0000","서한이다음레이크뷰","월세","59.8924","202506","13","14,245","22","4","2015","상화로58길 35","202506~202709","신규","-","","","아파트"
"25386","대구광역시 달서구 도원동","1464","1464","0000","서한이다음레이크뷰","월세","59.8924","202506","13","14,245","22","4","2015","상화로58길 35","202506~202709","신규","-","","","아파트"
"25387","대구광역시 달서구 월성동","270","0270","0000","월성주공4단지","전세","41.3000","202506","13","7,500","0","15","1992","구마로14남길 55","202507~202707","신규","-","","","아파트"
"25388","대구광역시 달서구 월성동","1894","1894","0000","월성삼정그린코아에듀파크","전세","84.6758","202506","13","32,000","0","22","2022","월성로 100","202508~202708","신규","-","","","아파트"
"25389","대구광역시 달서구 월성동","585","0585","0000","태왕아너스월성","전세","84.7136","202506","13","22,100","0","29","2007","조암남로 24","202506~202706","갱신","-","21,000","0","아파트"
"25390","대구광역시 달서구 월성동","364","0364","0000","월성보성1","전세","68.5400","202506","13","14,000","0","13","1991","학산로 30","202507~202707","신규","-","","","아파트"
"25391","대구광역시 달서구 월성동","84","0084","0000","월성주공1(고층)","전세","59.3900","202506","13","8,000","0","10","1991","월곡로94길 30","202507~202707","신규","-","","","아파트"
"25392","대구광역시 달서구 월성동","1557-6","1557","0006","월성동코오롱하늘채1단지","전세","84.9170","202506","13","21,000","0","4","2007","조암남로16길 19","202507~202707","신규","-","","","아파트"
"25393","대구광역시 달서구 월성동","120","0120","0000","월성푸르지오","월세","84.9232","202506","13","2,000","100","30","2008","조암로6길 20","202506~202706","갱신","사용","2,000","95","아파트"
"25394","대구광역시 달성군 화원읍 설화리","1157","1157","0000","설화명곡역우방아이유쉘","월세","84.9767","202506","13","2,000","80","6","2023","비슬로 2417","-","-","-","","","아파트"
"25395","대구광역시 달성군 화원읍 설화리","1157","1157","0000","설화명곡역우방아이유쉘","월세","84.9767","202506","13","2,000","80","6","2023","비슬로 2417","202507~202707","신규","-","","","아파트"
"25396","대구광역시 달서구 두류동","2369","2369","0000","두류역서한포레스트","전세","84.6984","202506","13","29,000","0","6","2025","야외음악당로47길 76","202506~202706","신규","-","","","아파트"
"25397","대구광역시 달서구 장기동","809","0809","0000","영남네오빌","월세","59.9262","202506","13","1,000","69","8","2004","한들로 36","202508~202708","신규","-","","","아파트"
"25398","대구광역시 달서구 장기동","814-1","0814","0001","장기파랑새마을","월세","59.9634","202506","13","10,000","30","9","2000","한들로 70","202510~202710","신규","-","","","아파트"
"25399","대구광역시 중구 대봉동","760","0760","0000","더샵리비테르2차","전세","84.9836","202506","13","30,000","0","25","2022","대봉로43길 22","202508~202708","신규","-","","","아파트"
"25400","대구광역시 달성군 옥포읍 교항리","2892","2892","0000","옥포이진캐스빌8단지","전세","84.9962","202506","13","11,400","0","11","2017","비슬로 2001","202506~202706","신규","-","","","아파트"
"25401","대구광역시 달서구 상인동","821","0821","0000","월촌화성타운","월세","85.0000","202506","13","1,000","70","6","2000","송현로7길 41","202506~202706","신규","-","","","아파트"
"25402","대구광역시 달서구 상인동","42","0042","0000","보성은하","월세","59.8800","202506","13","1,000","53","7","1994","월곡로 320","202506~202706","갱신","사용","1,000","50","아파트"
"25403","대구광역시 달서구 상인동","1600","1600","0000","상인역모아엘가파크뷰","전세","72.9100","202506","13","25,000","0","13","2019","상화북로 162","202509~202709","신규","-","","","아파트"
"25404","대구광역시 달성군 구지면 화산리","1105","1105","0000","대구국가산단반도유보라아이비파크3","월세","74.9638","202506","13","500","65","18","2020","국가산단북로34길 10","202507~202707","신규","-","","","아파트"
"25405","대구광역시 달성군 구지면 응암리","1210","1210","0000","과학마을청아람","월세","59.8940","202506","13","1,000","47","8","2016","과학마을로 70","202506~202706","신규","-","","","아파트"
"25406","대구광역시 달성군 구지면 응암리","1210","1210","0000","과학마을청아람","전세","59.8940","202506","13","11,000","0","15","2016","과학마을로 70","202507~202707","신규","-","","","아파트"
"25407","대구광역시 달서구 이곡동","1304-1","1304","0001","성서2동서화성","전세","84.9800","202506","13","18,690","0","14","1997","이곡공원로 33","202507~202707","갱신","-","17,800","0","아파트"
"25408","대구광역시 달서구 호산동","350","0350","0000","삼성한국형","월세","59.6700","202506","13","1,000","60","16","1999","호산로 126","202502~202701","신규","-","","","아파트"
"25409","대구광역시 달성군 유가읍 봉리","625","0625","0000","제일풍경채센트럴","전세","84.9348","202506","13","23,500","0","6","2016","테크노대로 165","202508~202708","신규","-","","","아파트"
"25410","대구광역시 달성군 현풍읍 중리","484","0484","0000","제일풍경채더퍼스트","전세","84.1955","202506","13","16,500","0","4","2016","테크노상업로 49","202506~202706","갱신","사용","16,500","0","아파트"
"25411","대구광역시 달서구 본동","616","0616","0000","월성주공5","전세","38.6400","202506","12","6,400","0","5","1992","구마로12길 89","202507~202707","신규","-","","","아파트"
"25412","대구광역시 달서구 본동","616","0616","0000","월성주공5","전세","38.6400","202506","12","6,000","0","13","1992","구마로12길 89","202507~202707","신규","-","","","아파트"
"25413","대구광역시 달서구 상인동","150-11","0150","0011","상인역신일해피트리","전세","84.4800","202506","12","20,000","0","4","2007","월서로 31","202506~202706","갱신","사용","20,000","0","아파트"
"25414","대구광역시 달서구 상인동","87","0087","0000","상인e-편한세상2단지","전세","133.0621","202506","12","40,000","0","1","2008","월서로3길 15","202509~202708","신규","-","","","아파트"
"25415","대구광역시 달서구 상인동","42","0042","0000","보성은하","전세","134.9200","202506","12","30,000","0","7","1994","월곡로 320","202506~202706","갱신","-","30,000","0","아파트"
"25416","대구광역시 중구 대봉동","44-10","0044","0010","청운맨션","월세","105.1100","202506","12","2,000","95","2","1986","동덕로 33","202507~202707","신규","-","","","아파트"
"25417","대구광역시 달성군 다사읍 죽곡리","870","0870","0000","죽곡 한신 휴 플러스","전세","84.9800","202506","12","27,300","0","11","2016","대실역남로 50","202507~202707","갱신","사용","26,000","0","아파트"
"25418","대구광역시 달성군 다사읍 매곡리","1537","1537","0000","대실역청아람1단지","월세","59.9748","202506","12","12,147","15","21","2008","대실역북로 38","202506~202709","신규","-","","","아파트"
"25419","대구광역시 달성군 다사읍 매곡리","1537","1537","0000","대실역청아람1단지","월세","59.9748","202506","12","12,147","15","21","2008","대실역북로 38","-","-","-","","","아파트"
"25420","대구광역시 달성군 화원읍 설화리","536-2","0536","0002","화원한빛타운","월세","59.5350","202506","12","1,000","40","6","1995","비슬로491길 13","202506~202706","신규","-","","","아파트"
"25421","대구광역시 달서구 월성동","1557-6","1557","0006","월성동코오롱하늘채1단지","월세","126.1993","202506","12","2,000","125","2","2007","조암남로16길 19","202507~202707","신규","-","","","아파트"
"25422","대구광역시 달성군 구지면 응암리","1199","1199","0000","대구국가산단반도유보라아이비파크","전세","84.9598","202506","12","15,000","0","7","2017","과학마을로3길 14","202507~202707","신규","-","","","아파트"
"25423","대구광역시 달성군 구지면 응암리","1210","1210","0000","과학마을청아람","전세","59.8940","202506","12","10,500","0","7","2016","과학마을로 70","202507~202707","신규","-","","","아파트"
"25424","대구광역시 달성군 구지면 응암리","1199","1199","0000","대구국가산단반도유보라아이비파크","월세","84.9598","202506","12","1,000","59","11","2017","과학마을로3길 14","202506~202706","신규","-","","","아파트"
"25425","대구광역시 달성군 구지면 응암리","1210","1210","0000","과학마을청아람","월세","59.8940","202506","12","500","53","16","2016","과학마을로 70","202506~202706","신규","-","","","아파트"
"25426","대구광역시 달성군 구지면 응암리","1199","1199","0000","대구국가산단반도유보라아이비파크","월세","84.9598","202506","12","1,000","50","1","2017","과학마을로3길 14","202506~202706","신규","-","","","아파트"
"25427","대구광역시 달성군 다사읍 매곡리","1539","1539","0000","죽곡휴먼시아1단지","월세","39.4800","202506","12","2,698","12","12","2008","대실역북로1길 6","202508~202707","갱신","-","1,798","7","아파트"
"25428","대구광역시 달서구 월성동","84","0084","0000","월성주공1(저층)","월세","59.2800","202506","12","500","35","2","1991","월곡로94길 30","202506~202706","신규","-","","","아파트"
"25429","대구광역시 달서구 월성동","84","0084","0000","월성주공1(고층)","월세","45.7700","202506","12","500","35","8","1991","월곡로94길 30","202506~202706","신규","-","","","아파트"
"25430","대구광역시 달서구 도원동","1464","1464","0000","서한이다음레이크뷰","월세","59.8924","202506","12","14,245","22","5","2015","상화로58길 35","-","-","-","","","아파트"
"25431","대구광역시 달서구 대곡동","1123","1123","0000","수목원제일풍경채","전세","78.9400","202506","12","26,000","0","5","2018","갈밭남로 12","202507~202707","신규","-","","","아파트"
"25432","대구광역시 달서구 감삼동","599-51","0599","0051","이안엑소디움에이펙스","전세","84.8856","202506","12","30,000","0","16","2025","달구벌대로 1514","202508~202708","신규","-","","","아파트"
"25433","대구광역시 달서구 도원동","1464","1464","0000","서한이다음레이크뷰","월세","84.9437","202506","12","2,000","95","18","2015","상화로58길 35","202506~202706","신규","-","","","아파트"
"25434","대구광역시 달서구 유천동","396","0396","0000","화성맨션","전세","59.9800","202506","12","11,000","0","4","1996","비슬로 2731","202507~202707","신규","-","","","아파트"
"25435","대구광역시 달서구 유천동","605","0605","0000","현대아이파크","월세","59.9294","202506","12","2,000","85","11","2015","조암남로 182","202506~202706","신규","-","","","아파트"
"25436","대구광역시 달성군 논공읍 금포리","2506","2506","0000","우신미가뷰아파트","월세","59.8829","202506","12","1,000","50","2","2018","금포로 75-20","202506~202706","신규","-","","","아파트"
"25437","대구광역시 달서구 감삼동","560-1","0560","0001","죽전역해링턴플레이스더원","전세","84.9500","202506","12","27,825","0","42","2023","와룡로31길 16","202506~202706","신규","-","","","아파트"
"25438","대구광역시 달서구 감삼동","461","0461","0000","월드마크웨스트엔드","월세","175.5500","202506","12","3,000","230","27","2010","와룡로 169","202509~202609","신규","-","","","아파트"
"25439","대구광역시 달서구 호산동","350","0350","0000","삼성한국형","월세","84.9700","202506","12","1,000","78","14","1999","호산로 126","202507~202707","신규","-","","","아파트"
"25440","대구광역시 달성군 다사읍 서재리","486","0486","0000","서재휴먼시아","월세","46.9000","202506","12","661","21","15","2010","서재로14길 2","202507~202706","갱신","-","2,064","17","아파트"
"25441","대구광역시 달성군 유가읍 봉리","601","0601","0000","하나리움퀸즈파크","월세","59.9814","202506","12","9,293","11","7","2015","테크노북로 164","202506~202605","갱신","-","9,293","11","아파트"
"25442","대구광역시 달서구 감삼동","50-4","0050","0004","성창","전세","57.8800","202506","12","6,000","0","5","1980","당산로41서길 13","202507~202707","신규","-","","","아파트"
"25443","대구광역시 달서구 진천동","740-1","0740","0001","진천태왕아너스1단지","전세","115.7724","202506","12","28,000","0","5","2008","상화로5길 23","202507~202707","갱신","-","28,000","0","아파트"
"25444","대구광역시 달서구 진천동","740-1","0740","0001","진천태왕아너스1단지","전세","115.7724","202506","12","28,000","0","5","2008","상화로5길 23","202507~202707","갱신","사용","28,000","0","아파트"
"25445","대구광역시 달서구 진천동","740-1","0740","0001","진천태왕아너스1단지","전세","115.7724","202506","12","28,100","0","5","2008","상화로5길 23","202507~202707","갱신","-","28,000","0","아파트"
"25446","대구광역시 달서구 상인동","1501","1501","0000","상인동화,태왕,한양타운","월세","59.9100","202506","12","1,000","46","3","1993","상인서로 94","202507~202707","신규","-","","","아파트"
"25447","대구광역시 달서구 상인동","1501","1501","0000","상인동화,태왕,한양타운","월세","59.9100","202506","12","1,000","46","3","1993","상인서로 94","202507~202707","신규","-","","","아파트"
"25448","대구광역시 달서구 본동","616","0616","0000","월성주공5","전세","44.9400","202506","12","7,800","0","8","1992","구마로12길 89","202506~202706","갱신","-","10,000","0","아파트"
"25449","대구광역시 달서구 본동","616","0616","0000","월성주공5","전세","38.6400","202506","12","5,000","0","11","1992","구마로12길 89","202506~202706","신규","-","","","아파트"
"25450","대구광역시 수성구 매호동","1331","1331","0000","하나타운","월세","49.9200","202506","12","1,000","40","8","1995","고산로 123","202506~202706","신규","-","","","아파트"
"25451","대구광역시 수성구 범어동","2252","2252","0000","범어라온프라이빗2차","전세","84.9728","202506","12","48,000","0","14","2018","청호로 438","202508~202708","신규","-","","","아파트"
"25452","대구광역시 수성구 범어동","2234","2234","0000","범어에스케이뷰","월세","68.4526","202506","12","5,000","140","16","2009","범어로 73","202508~202707","신규","-","","","아파트"
"25453","대구광역시 수성구 만촌동","605","0605","0000","만촌보성타운","월세","59.8700","202506","12","1,000","70","3","2002","공경로 70","202506~202706","신규","-","","","아파트"
"25454","대구광역시 수성구 만촌동","1039-4","1039","0004","수성아크로타워","전세","138.5205","202506","12","72,000","0","6","2008","달구벌대로 2570","202507~202707","신규","-","","","아파트"
"25455","대구광역시 수성구 수성동1가","613","0613","0000","신세계타운","월세","134.7900","202506","12","2,000","115","10","1989","신천동로 320","202508~202708","신규","-","","","아파트"
"25456","대구광역시 수성구 범어동","2252","2252","0000","범어라온프라이빗2차","전세","84.9728","202506","12","48,000","0","14","2018","청호로 438","202508~202707","신규","-","","","아파트"
"25457","대구광역시 수성구 시지동","28","0028","0000","시지태왕아너스","월세","84.8819","202506","12","3,000","75","5","2007","천을로 91","202507~202707","신규","-","","","아파트"
"25458","대구광역시 수성구 수성동1가","259-40","0259","0040","수성대백인터빌","전세","59.9388","202506","12","20,000","0","6","2003","수성로69길 14","202507~202707","신규","-","","","아파트"
"25459","대구광역시 수성구 신매동","570","0570","0000","시지삼주한라협화","월세","59.8800","202506","12","1,000","50","13","1994","신매로 91","202506~202706","신규","-","","","아파트"
"25460","대구광역시 북구 매천동","750","0750","0000","한신더휴웨스턴팰리스","월세","69.9802","202506","12","2,000","83","16","2019","매전로4길 32","202508~202708","신규","-","","","아파트"
"25461","대구광역시 북구 구암동","786","0786","0000","그린빌3차","전세","49.7100","202506","12","11,500","0","3","2000","구암서로 41","202508~202708","신규","-","","","아파트"
"25462","대구광역시 북구 구암동","786","0786","0000","그린빌3차","월세","39.6300","202506","12","500","50","10","2000","구암서로 41","202506~202706","신규","-","","","아파트"
"25463","대구광역시 북구 사수동","784","0784","0000","이편한세상대구금호","전세","84.9100","202506","12","20,000","0","16","2017","내곡로 49","202509~202708","신규","-","","","아파트"
"25464","대구광역시 북구 검단동","887-8","0887","0008","유성청구","전세","47.4900","202506","12","8,000","0","11","1992","검단로 115","202506~202706","신규","-","","","아파트"
"25465","대구광역시 북구 고성동3가","46","0046","0000","태평보성","월세","55.0800","202506","12","500","50","5","1981","옥산로 70","202506~202606","갱신","사용","500","50","아파트"
"25466","대구광역시 수성구 수성동4가","1090-5","1090","0005","쌍용화성","월세","60.0000","202506","12","1,000","76","16","1996","수성로 411","-","-","-","","","아파트"
"25467","대구광역시 수성구 범물동","1336","1336","0000","범물한라창신태성맨션","월세","84.8500","202506","12","2,000","75","1","1992","용학로 272","202507~202707","신규","-","","","아파트"
"25468","대구광역시 수성구 황금동","986","0986","0000","힐스테이트황금엘포레","전세","84.9828","202506","12","50,000","0","20","2022","청솔로 16","202506~202704","신규","-","","","아파트"
"25469","대구광역시 수성구 수성동4가","1090-5","1090","0005","쌍용화성","월세","60.0000","202506","12","1,000","76","16","1996","수성로 411","202508~202608","신규","-","","","아파트"
"25470","대구광역시 수성구 지산동","1275","1275","0000","지산한라타운","전세","59.8500","202506","12","12,000","0","6","1991","지범로22길 9","202506~202706","갱신","-","15,000","0","아파트"
"25471","대구광역시 수성구 지산동","1766","1766","0000","더샵수성라크에르","전세","84.9397","202506","12","25,000","0","17","2024","지산로3길 33","202506~202707","갱신","사용","25,000","0","아파트"
"25472","대구광역시 수성구 지산동","1766","1766","0000","더샵수성라크에르","전세","84.9397","202506","12","37,000","0","20","2024","지산로3길 33","202508~202708","신규","-","","","아파트"
"25473","대구광역시 북구 동천동","880-1","0880","0001","칠곡2영남타운","전세","60.0000","202506","12","13,700","0","2","1996","팔거천동로24길 40","202307~202509","신규","-","","","아파트"
"25474","대구광역시 수성구 지산동","1234-1","1234","0001","지산2단지","전세","54.1200","202506","12","12,000","0","3","1991","지산로 5","202506~202706","갱신","-","12,000","0","아파트"
"25475","대구광역시 수성구 만촌동","777","0777","0000","만촌우방타운2단지","월세","59.7300","202506","12","1,000","60","3","1996","교학로11길 91","202506~202702","신규","-","","","아파트"
"25476","대구광역시 북구 복현동","60","0060","0000","동서성화","전세","49.1700","202506","12","9,000","0","1","1989","복현로 114-18","202507~202707","신규","-","","","아파트"
"25477","대구광역시 북구 복현동","694","0694","0000","복현푸르지오","전세","84.9966","202506","12","18,375","0","9","2013","동북로 345","202507~202707","갱신","사용","17,500","0","아파트"
"25478","대구광역시 북구 동천동","914","0914","0000","부영그린타운(2단지)","월세","81.1718","202506","12","1,000","100","14","2003","동천로24길 12","202506~202706","신규","-","","","아파트"
"25479","대구광역시 북구 사수동","803","0803","0000","대구금호스타힐스엔에이치에프6단지","월세","74.9000","202506","12","9,600","34","21","2018","내곡로 70","202411~202610","갱신","-","5,300","55","아파트"
"25480","대구광역시 수성구 수성동1가","894","0894","0000","수성자이르네","월세","59.7462","202506","12","3,000","110","5","2024","수성로 295","202506~202706","신규","-","","","아파트"
"25481","대구광역시 수성구 매호동","1040","1040","0000","매호동서타운","전세","59.9000","202506","12","15,000","0","13","1995","천을로 180","202507~202706","신규","-","","","아파트"
"25482","대구광역시 동구 사복동","851","0851","0000","대구신서혁신엘에이치천년나무10단지","월세","21.5600","202506","12","1,908","10","10","2017","메디밸리로 18","202506~202708","신규","-","","","아파트"
"25483","대구광역시 중구 남산동","665","0665","0000","반월당삼정그린코아","월세","84.9700","202506","12","5,000","100","7","2007","중앙대로67길 10","202411~202611","신규","-","","","아파트"
"25484","대구광역시 동구 신암동","1870","1870","0000","해링턴플레이스동대구","전세","84.9712","202506","12","22,000","0","4","2024","경대로 126","202508~202708","갱신","사용","21,000","0","아파트"
"25485","대구광역시 동구 신암동","1860","1860","0000","동대구역화성파크드림","전세","59.9936","202506","12","21,000","0","7","2023","동대구로 590","202507~202707","갱신","사용","20,000","0","아파트"
"25486","대구광역시 중구 동인동3가","414","0414","0000","엑소디움센트럴동인","전세","27.2203","202506","12","17,200","0","16","2023","국채보상로139길 40","202507~202707","신규","-","","","아파트"
"25487","대구광역시 중구 상서동","17","0017","0000","중앙시티라이프","월세","17.0400","202506","12","200","36","9","1990","국채보상로 543","202506~202606","신규","-","","","아파트"
"25488","대구광역시 서구 평리동","1497-44","1497","0044","서대구역서한이다음더퍼스트","전세","76.9170","202506","12","22,000","0","10","2023","국채보상로37길 38","202507~202707","신규","-","","","아파트"
"25489","대구광역시 서구 평리동","632-9","0632","0009","서대구KTX영무예다음","월세","84.4481","202506","12","2,000","90","7","2023","당산로 446","202508~202708","신규","-","","","아파트"
"25490","대구광역시 서구 평리동","632-9","0632","0009","서대구KTX영무예다음","월세","84.4481","202506","12","2,000","90","15","2023","당산로 446","202506~202605","신규","-","","","아파트"
"25491","대구광역시 서구 평리동","632-9","0632","0009","서대구KTX영무예다음","전세","57.1488","202506","12","21,000","0","5","2023","당산로 446","202507~202707","신규","-","","","아파트"
"25492","대구광역시 서구 평리동","1680","1680","0000","평리푸르지오","월세","59.8925","202506","12","2,000","70","4","2011","국채보상로50길 20","202508~202708","신규","-","","","아파트"
"25493","대구광역시 동구 율하동","1412","1412","0000","율하리버파크","월세","74.9000","202506","12","2,000","75","2","2009","율하동로 19","202507~202707","신규","-","","","아파트"
"25494","대구광역시 동구 율하동","1621","1621","0000","율하휴먼시아10단지","월세","39.7200","202506","12","1,905","13","7","2010","율하동로8길 16","202506~202708","신규","-","","","아파트"
"25495","대구광역시 동구 율하동","1621","1621","0000","율하휴먼시아10단지","월세","39.7200","202506","12","3,005","7","14","2010","율하동로8길 16","202506~202707","갱신","-","1,905","13","아파트"
"25496","대구광역시 중구 대신동","2106","2106","0000","대신센트럴자이","전세","84.9235","202506","12","26,000","0","31","2015","달구벌대로 1955","-","-","-","","","아파트"
"25497","대구광역시 동구 지묘동","1316","1316","0000","대구연경엘에이치천년나무2단지","월세","29.1700","202506","12","1,158","15","7","2020","연경지묘로 153","202506~202708","신규","-","","","아파트"
"25498","대구광역시 동구 불로동","1154","1154","0000","평광현대1","월세","39.6200","202506","12","400","35","1","1988","팔공로37길 33","202506~202706","신규","-","","","아파트"
"25499","대구광역시 동구 대림동","885","0885","0000","대구혁신도시서한이다음3차","전세","78.8497","202506","12","18,000","0","7","2016","혁신대로 443","202507~202707","갱신","-","16,000","0","아파트"
"25500","대구광역시 동구 대림동","885","0885","0000","대구혁신도시서한이다음3차","월세","78.8497","202506","12","1,000","75","3","2016","혁신대로 443","202506~202706","신규","-","","","아파트"
"25501","대구광역시 동구 봉무동","1537","1537","0000","협성휴포레이시아폴리스","월세","108.9956","202506","12","3,000","130","1","2018","팔공로 260","202508~202707","신규","-","","","아파트"
"25502","대구광역시 동구 신기동","573","0573","0000","신기모란1차","월세","49.5000","202506","12","2,000","30","3","1987","율하동로20길 40","202507~202707","신규","-","","","아파트"
"25503","대구광역시 동구 신기동","573","0573","0000","신기모란1차","전세","39.5100","202506","12","5,000","0","3","1987","율하동로20길 40","202508~202707","신규","-","","","아파트"
"25504","대구광역시 서구 내당동","340","0340","0000","광명","전세","52.2200","202506","12","8,000","0","4","1981","평리로 214","202507~202707","신규","-","","","아파트"
"25505","대구광역시 서구 내당동","340","0340","0000","광명","전세","52.2200","202506","12","8,000","0","4","1981","평리로 214","-","-","-","","","아파트"
"25506","대구광역시 중구 동인동1가","420","0420","0000","힐스테이트동인더스카이","월세","84.9976","202506","12","8,000","60","46","2025","태평로 240","202507~202707","신규","-","","","아파트"
"25507","대구광역시 중구 동인동1가","420","0420","0000","힐스테이트동인더스카이","전세","84.9389","202506","12","29,000","0","47","2025","태평로 240","202507~202707","신규","-","","","아파트"
"25508","대구광역시 중구 동인동1가","420","0420","0000","힐스테이트동인더스카이","전세","84.9389","202506","12","29,000","0","47","2025","태평로 240","202507~202707","신규","-","","","아파트"
"25509","대구광역시 북구 칠성동2가","715","0715","0000","대구역 서희스타힐스","전세","84.8400","202506","12","28,000","0","13","2012","칠성남로 101","202506~202706","갱신","-","28,000","0","아파트"
"25510","대구광역시 북구 칠성동2가","742","0742","0000","대구역자이더스타","월세","84.7270","202506","12","190","190","29","2025","칠성남로 150","202506~202509","신규","-","","","아파트"
"25511","대구광역시 동구 사복동","852","0852","0000","혁신도시서한e스테이","월세","59.5100","202506","12","8,042","9","4","2020","혁신대로 504","202508~202708","신규","-","","","아파트"
"25512","대구광역시 동구 사복동","851","0851","0000","대구신서혁신엘에이치천년나무10단지","월세","21.5600","202506","12","1,908","10","9","2017","메디밸리로 18","202506~202708","신규","-","","","아파트"
"25513","대구광역시 동구 사복동","851","0851","0000","대구신서혁신엘에이치천년나무10단지","월세","21.5600","202506","12","1,908","10","13","2017","메디밸리로 18","202506~202708","신규","-","","","아파트"
"25514","대구광역시 동구 방촌동","1084-30","1084","0030","우방강촌마을1","월세","29.2500","202506","12","500","35","13","1996","화랑로80길 8","202506~202706","신규","-","","","아파트"
"25515","대구광역시 동구 신천동","621","0621","0000","신천역센트럴리버파크","월세","84.8700","202506","12","2,000","85","15","2011","동부로 26","202507~202707","신규","-","","","아파트"
"25516","대구광역시 동구 신천동","1503","1503","0000","신천자이","전세","84.9061","202506","12","26,000","0","26","2013","신암로16길 25","202507~202707","신규","-","","","아파트"
"25517","대구광역시 동구 신천동","1514","1514","0000","동대구역더샵센터시티","월세","84.7758","202506","12","2,500","110","22","2022","동부로19길 18","202506~202706","신규","-","","","아파트"
"25518","대구광역시 중구 대신동","2106","2106","0000","대신센트럴자이","전세","84.9235","202506","12","26,000","0","31","2015","달구벌대로 1955","202506~202706","갱신","사용","25,000","0","아파트"
"25519","대구광역시 동구 사복동","851","0851","0000","대구신서혁신엘에이치천년나무10단지","월세","21.5600","202506","12","1,890","10","17","2017","메디밸리로 18","202502~202703","신규","-","","","아파트"
"25520","대구광역시 중구 남산동","3006","3006","0000","반월당효성해링턴플레이스","월세","84.9343","202506","12","2,000","105","20","2014","중앙대로66길 20","202508~202608","신규","-","","","아파트"
"25521","대구광역시 동구 신서동","625-4","0625","0004","더뉴클래스","월세","18.6384","202506","12","300","35","3","2012","안심로73길 12-4","202506~202512","신규","-","","","아파트"
"25522","대구광역시 남구 이천동","452","0452","0000","교대역월드메르디앙","월세","84.6116","202506","12","2,000","75","5","2006","이천로19길 68","202507~202707","신규","-","","","아파트"
"25523","대구광역시 남구 대명동","3079","3079","0000","힐스테이트대명센트럴(103,104동)","월세","84.5272","202506","12","2,000","120","17","2025","대명로 256","202506~202706","신규","-","","","아파트"
"25524","대구광역시 남구 대명동","3072","3072","0000","대명역센트럴엘리프","전세","114.7188","202506","12","40,000","0","1","2022","대명로14길 60","202506~202706","신규","-","","","아파트"
"25525","대구광역시 남구 대명동","1210-8","1210","0008","우방뉴-코스모스","전세","84.7450","202506","11","7,000","0","2","1983","대명로 50","202507~202707","신규","-","","","아파트"
"25526","대구광역시 북구 칠성동2가","742","0742","0000","대구역자이더스타","월세","84.9245","202506","11","15,000","65","43","2025","칠성남로 150","202507~202707","신규","-","","","아파트"
"25527","대구광역시 동구 사복동","851","0851","0000","대구신서혁신엘에이치천년나무10단지","월세","21.5600","202506","11","1,802","9","8","2017","메디밸리로 18","202506~202708","신규","-","","","아파트"
"25528","대구광역시 동구 사복동","851","0851","0000","대구신서혁신엘에이치천년나무10단지","월세","21.5600","202506","11","1,908","10","15","2017","메디밸리로 18","202506~202708","신규","-","","","아파트"
"25529","대구광역시 중구 동인동1가","420","0420","0000","힐스테이트동인더스카이","전세","84.9389","202506","11","28,000","0","36","2025","태평로 240","202507~202707","신규","-","","","아파트"
"25530","대구광역시 서구 내당동","308-11","0308","0011","삼익뉴타운","전세","65.7900","202506","11","10,500","0","11","1980","평리로 236","202507~202707","신규","-","","","아파트"
"25531","대구광역시 동구 검사동","963-4","0963","0004","금사리하이빌","전세","75.4349","202506","11","17,000","0","15","2003","해동로 254","202507~202707","신규","-","","","아파트"
"25532","대구광역시 동구 신서동","625-4","0625","0004","더뉴클래스","월세","32.3033","202506","11","500","50","7","2012","안심로73길 12-4","202506~202606","신규","-","","","아파트"
"25533","대구광역시 동구 사복동","851","0851","0000","대구신서혁신엘에이치천년나무10단지","월세","21.5600","202506","11","1,802","9","8","2017","메디밸리로 18","202506~202708","신규","-","","","아파트"
"25534","대구광역시 중구 달성동","352","0352","0000","달성파크푸르지오힐스테이트","월세","84.9221","202506","11","2,000","110","14","2023","달성로 123","202509~202709","신규","-","","","아파트"
"25535","대구광역시 동구 동호동","362","0362","0000","상록아파트","월세","59.7200","202506","11","1,957","16","9","2004","동호로 47","202508~202708","갱신","-","7,162","10","아파트"
"25536","대구광역시 동구 동호동","362","0362","0000","상록아파트","전세","59.7200","202506","11","9,786","0","3","2004","동호로 47","202508~202708","갱신","-","13,160","0","아파트"
"25537","대구광역시 중구 달성동","352","0352","0000","달성파크푸르지오힐스테이트","월세","84.9221","202506","11","2,000","110","14","2023","달성로 123","202509~202709","신규","-","","","아파트"
"25538","대구광역시 동구 지저동","757-5","0757","0005","팔공","월세","51.0300","202506","11","500","35","1","1986","해동로 54","202507~202707","신규","-","","","아파트"
"25539","대구광역시 동구 율하동","1464","1464","0000","율하휴먼시아7단지","월세","46.9000","202506","11","4,527","8","14","2008","안심로22길 55","202507~202706","갱신","-","4,450","8","아파트"
"25540","대구광역시 동구 율하동","1302","1302","0000","율하휴먼시아5단지","월세","39.7200","202506","11","1,963","13","8","2008","율하서로 59","202506~202708","신규","-","","","아파트"
"25541","대구광역시 동구 사복동","851","0851","0000","대구신서혁신엘에이치천년나무10단지","월세","21.5600","202506","11","1,908","10","2","2017","메디밸리로 18","202506~202708","신규","-","","","아파트"
"25542","대구광역시 동구 사복동","851","0851","0000","대구신서혁신엘에이치천년나무10단지","월세","21.5600","202506","11","1,908","10","14","2017","메디밸리로 18","202506~202708","신규","-","","","아파트"
"25543","대구광역시 중구 달성동","352","0352","0000","달성파크푸르지오힐스테이트","전세","74.9933","202506","11","23,000","0","18","2023","달성로 123","202508~202708","갱신","-","21,000","0","아파트"
"25544","대구광역시 중구 달성동","352","0352","0000","달성파크푸르지오힐스테이트","월세","59.7402","202506","11","10,000","53","12","2023","달성로 123","202509~202709","신규","-","","","아파트"
"25545","대구광역시 동구 사복동","851","0851","0000","대구신서혁신엘에이치천년나무10단지","월세","21.5600","202506","11","1,785","10","7","2017","메디밸리로 18","202502~202703","신규","-","","","아파트"
"25546","대구광역시 동구 사복동","851","0851","0000","대구신서혁신엘에이치천년나무10단지","월세","21.5600","202506","11","1,908","10","12","2017","메디밸리로 18","202506~202708","신규","-","","","아파트"
"25547","대구광역시 동구 사복동","851","0851","0000","대구신서혁신엘에이치천년나무10단지","월세","21.5600","202506","11","1,908","10","6","2017","메디밸리로 18","202506~202708","신규","-","","","아파트"
"25548","대구광역시 동구 지묘동","1316","1316","0000","대구연경엘에이치천년나무2단지","월세","29.1700","202506","11","1,158","15","13","2020","연경지묘로 153","202506~202708","신규","-","","","아파트"
"25549","대구광역시 동구 지묘동","1316","1316","0000","대구연경엘에이치천년나무2단지","월세","26.3700","202506","11","263","5","12","2020","연경지묘로 153","202506~202708","신규","-","","","아파트"
"25550","대구광역시 동구 신암동","1881","1881","0000","동대구더센트로데시앙","전세","84.9353","202506","11","33,000","0","12","2023","신암로20길 63","202508~202708","신규","-","","","아파트"
"25551","대구광역시 중구 동인동3가","414","0414","0000","엑소디움센트럴동인","전세","27.2203","202506","11","16,900","0","11","2023","국채보상로139길 40","202507~202706","신규","-","","","아파트"
"25552","대구광역시 동구 사복동","851","0851","0000","대구신서혁신엘에이치천년나무10단지","월세","21.5600","202506","11","1,908","10","6","2017","메디밸리로 18","202506~202708","신규","-","","","아파트"
"25553","대구광역시 동구 사복동","851","0851","0000","대구신서혁신엘에이치천년나무10단지","월세","21.5600","202506","11","1,908","10","11","2017","메디밸리로 18","202506~202708","신규","-","","","아파트"
"25554","대구광역시 동구 사복동","851","0851","0000","대구신서혁신엘에이치천년나무10단지","월세","21.5600","202506","11","1,802","9","12","2017","메디밸리로 18","202506~202708","신규","-","","","아파트"
"25555","대구광역시 동구 사복동","851","0851","0000","대구신서혁신엘에이치천년나무10단지","월세","21.5600","202506","11","1,908","10","15","2017","메디밸리로 18","202506~202708","신규","-","","","아파트"
"25556","대구광역시 동구 사복동","851","0851","0000","대구신서혁신엘에이치천년나무10단지","월세","21.5600","202506","11","1,908","10","2","2017","메디밸리로 18","202506~202708","신규","-","","","아파트"
"25557","대구광역시 동구 율암동","1297","1297","0000","대구 파라곤 프레스티지","월세","84.8406","202506","11","3,000","85","5","2023","안심뉴타운7로 13","202506~202706","신규","-","","","아파트"
"25558","대구광역시 중구 동인동3가","414","0414","0000","엑소디움센트럴동인","전세","27.2203","202506","11","16,900","0","9","2023","국채보상로139길 40","202508~202708","신규","-","","","아파트"
"25559","대구광역시 중구 동인동3가","414","0414","0000","엑소디움센트럴동인","전세","27.2203","202506","11","16,900","0","9","2023","국채보상로139길 40","202508~202707","신규","-","","","아파트"
"25560","대구광역시 중구 남산동","3030","3030","0000","남산자이하늘채","전세","59.1983","202506","11","30,000","0","21","2022","명덕로 33","202509~202709","신규","-","","","아파트"
"25561","대구광역시 동구 사복동","851","0851","0000","대구신서혁신엘에이치천년나무10단지","월세","21.5600","202506","11","1,908","10","3","2017","메디밸리로 18","202506~202708","신규","-","","","아파트"
"25562","대구광역시 동구 사복동","851","0851","0000","대구신서혁신엘에이치천년나무10단지","월세","21.5600","202506","11","1,908","10","6","2017","메디밸리로 18","202506~202708","신규","-","","","아파트"
"25563","대구광역시 동구 지묘동","1316","1316","0000","대구연경엘에이치천년나무2단지","월세","29.1700","202506","11","1,158","15","10","2020","연경지묘로 153","202506~202708","신규","-","","","아파트"
"25564","대구광역시 서구 내당동","3326","3326","0000","두류스타힐스","전세","84.9530","202506","11","29,990","0","16","2025","서대구로 20","202508~202708","신규","-","","","아파트"
"25565","대구광역시 남구 대명동","1210-8","1210","0008","우방뉴-코스모스","전세","84.7450","202506","11","7,000","0","2","1983","대명로 50","202507~202707","신규","-","","","아파트"
"25566","대구광역시 남구 대명동","1220-24","1220","0024","동아대덕","월세","84.9600","202506","11","3,000","30","12","1992","현충서길 29","202507~202707","신규","-","","","아파트"
"25567","대구광역시 남구 대명동","1111","1111","0000","우방코스모스","월세","63.1475","202506","11","500","40","4","1981","대명로 42","202506~202706","신규","-","","","아파트"
"25568","대구광역시 동구 방촌동","1084-30","1084","0030","우방강촌마을1","월세","84.9800","202506","11","2,000","70","12","1996","화랑로80길 8","202506~202706","갱신","사용","2,000","80","아파트"
"25569","대구광역시 남구 봉덕동","1329","1329","0000","앞산보성","월세","49.9500","202506","11","500","35","1","1984","삼정2길 99","202507~202707","신규","-","","","아파트"
"25570","대구광역시 동구 신천동","622","0622","0000","신천휴먼시아6단지","전세","59.9100","202506","11","20,000","0","11","2011","송라로11길 39","202508~202708","갱신","-","20,000","0","아파트"
"25571","대구광역시 남구 봉덕동","1329","1329","0000","앞산보성","월세","76.4400","202506","11","1,000","25","3","1984","삼정2길 99","202506~202706","신규","-","","","아파트"
"25572","대구광역시 남구 봉덕동","1639","1639","0000","봉덕화성파크드림","전세","72.6581","202506","11","23,000","0","9","2019","대봉로14길 30","202508~202708","신규","-","","","아파트"
"25573","대구광역시 동구 사복동","851","0851","0000","대구신서혁신엘에이치천년나무10단지","월세","21.5600","202506","11","1,908","10","15","2017","메디밸리로 18","202506~202708","신규","-","","","아파트"
"25574","대구광역시 동구 사복동","851","0851","0000","대구신서혁신엘에이치천년나무10단지","월세","21.5600","202506","11","1,908","10","6","2017","메디밸리로 18","202506~202708","신규","-","","","아파트"
"25575","대구광역시 중구 동인동1가","420","0420","0000","힐스테이트동인더스카이","전세","84.9389","202506","11","26,000","0","10","2025","태평로 240","202507~202707","신규","-","","","아파트"
"25576","대구광역시 동구 사복동","851","0851","0000","대구신서혁신엘에이치천년나무10단지","월세","21.5600","202506","11","1,908","10","1","2017","메디밸리로 18","202506~202708","신규","-","","","아파트"
"25577","대구광역시 동구 사복동","851","0851","0000","대구신서혁신엘에이치천년나무10단지","월세","21.5600","202506","11","1,802","9","10","2017","메디밸리로 18","202506~202708","신규","-","","","아파트"
"25578","대구광역시 중구 동산동","357","0357","0000","동산맨션","월세","47.1700","202506","11","1,000","40","12","1986","달구벌대로 2035","202506~202706","신규","-","","","아파트"
"25579","대구광역시 동구 동호동","362","0362","0000","상록아파트","월세","59.7200","202506","11","7,828","4","11","2004","동호로 47","202508~202707","갱신","-","8,773","8","아파트"
"25580","대구광역시 동구 신기동","576-1","0576","0001","화성","월세","59.7700","202506","11","500","30","3","1990","율하동로20길 20","202507~202706","신규","-","","","아파트"
"25581","대구광역시 동구 신기동","573","0573","0000","신기모란1차","월세","49.5000","202506","11","500","40","1","1987","율하동로20길 40","202507~202707","신규","-","","","아파트"
"25582","대구광역시 동구 효목동","337","0337","0000","태왕메트로시티","전세","84.9200","202506","11","15,750","0","7","2003","동북로 500","202507~202707","갱신","사용","15,000","0","아파트"
"25583","대구광역시 동구 동호동","362","0362","0000","상록아파트","전세","59.7200","202506","11","9,786","0","13","2004","동호로 47","202508~202708","갱신","-","10,528","8","아파트"
"25584","대구광역시 동구 봉무동","1522","1522","0000","대구이시아폴리스더샵2차","월세","109.1900","202506","11","3,000","115","1","2013","팔공로 274","202506~202706","신규","-","","","아파트"
"25585","대구광역시 동구 사복동","851","0851","0000","대구신서혁신엘에이치천년나무10단지","월세","21.5600","202506","11","1,908","10","12","2017","메디밸리로 18","202506~202708","신규","-","","","아파트"
"25586","대구광역시 동구 사복동","851","0851","0000","대구신서혁신엘에이치천년나무10단지","월세","21.5600","202506","11","1,908","10","14","2017","메디밸리로 18","202506~202708","신규","-","","","아파트"
"25587","대구광역시 동구 사복동","851","0851","0000","대구신서혁신엘에이치천년나무10단지","월세","21.5600","202506","11","1,908","10","1","2017","메디밸리로 18","202506~202708","신규","-","","","아파트"
"25588","대구광역시 동구 사복동","851","0851","0000","대구신서혁신엘에이치천년나무10단지","월세","21.5600","202506","11","1,802","9","10","2017","메디밸리로 18","202506~202708","신규","-","","","아파트"
"25589","대구광역시 동구 동호동","362","0362","0000","상록아파트","전세","59.7200","202506","11","9,786","0","10","2004","동호로 47","202508~202708","갱신","-","10,027","5","아파트"
"25590","대구광역시 동구 사복동","851","0851","0000","대구신서혁신엘에이치천년나무10단지","월세","21.5600","202506","11","1,908","10","6","2017","메디밸리로 18","202506~202708","신규","-","","","아파트"
"25591","대구광역시 동구 숙천동","386","0386","0000","대구신서혁신엘에이치천년나무13단지","월세","26.9200","202506","11","1,146","16","7","2016","초례로 66","202506~202708","신규","-","","","아파트"
"25592","대구광역시 동구 사복동","851","0851","0000","대구신서혁신엘에이치천년나무10단지","월세","21.5600","202506","11","1,785","10","11","2017","메디밸리로 18","202502~202703","신규","-","","","아파트"
"25593","대구광역시 동구 숙천동","386","0386","0000","대구신서혁신엘에이치천년나무13단지","월세","33.9700","202506","11","1,446","19","2","2016","초례로 66","202506~202708","신규","-","","","아파트"
"25594","대구광역시 동구 숙천동","386","0386","0000","대구신서혁신엘에이치천년나무13단지","월세","26.9200","202506","11","1,146","16","8","2016","초례로 66","202506~202708","신규","-","","","아파트"
"25595","대구광역시 동구 동호동","362","0362","0000","상록아파트","전세","59.7200","202506","11","8,807","0","1","2004","동호로 47","202506~202706","신규","-","","","아파트"
"25596","대구광역시 동구 사복동","851","0851","0000","대구신서혁신엘에이치천년나무10단지","월세","21.5600","202506","11","1,908","10","11","2017","메디밸리로 18","202506~202708","신규","-","","","아파트"
"25597","대구광역시 동구 사복동","851","0851","0000","대구신서혁신엘에이치천년나무10단지","월세","21.5600","202506","11","1,908","10","3","2017","메디밸리로 18","202506~202708","신규","-","","","아파트"
"25598","대구광역시 동구 사복동","851","0851","0000","대구신서혁신엘에이치천년나무10단지","월세","21.5600","202506","11","1,802","9","12","2017","메디밸리로 18","202506~202708","신규","-","","","아파트"
"25599","대구광역시 동구 사복동","851","0851","0000","대구신서혁신엘에이치천년나무10단지","월세","21.5600","202506","11","1,785","10","7","2017","메디밸리로 18","202502~202703","신규","-","","","아파트"
"25600","대구광역시 동구 동호동","362","0362","0000","상록아파트","전세","59.7200","202506","11","9,786","0","13","2004","동호로 47","202508~202708","갱신","-","13,160","0","아파트"
"25601","대구광역시 달서구 상인동","821","0821","0000","월촌화성타운","전세","85.0000","202506","11","15,000","0","1","2000","송현로7길 41","202507~202707","신규","-","","","아파트"
"25602","대구광역시 달성군 화원읍 본리리","113-1","0113","0001","대구본리그린빌","전세","59.8800","202506","11","15,000","0","11","2003","명천로 57","202506~202508","신규","-","","","아파트"
"25603","대구광역시 달성군 현풍읍 중리","480","0480","0000","대구테크노폴리스남해오네뜨1차","전세","59.8911","202506","11","12,000","0","3","2015","테크노북로4길 11","202508~202708","신규","-","","","아파트"
"25604","대구광역시 달서구 용산동","956","0956","0000","용산동서우방","월세","37.0100","202506","11","0","60","12","1998","장산로 20","202507~202606","갱신","-","0","60","아파트"
"25605","대구광역시 달성군 화원읍 천내리","118","0118","0000","화원창신맨션","월세","80.7600","202506","11","500","42","5","1990","화원로 36","202506~202906","신규","-","","","아파트"
"25606","대구광역시 달성군 옥포읍 강림리","1133","1133","0000","대구옥포엘에이치천년나무3단지","월세","74.9300","202506","11","7,700","34","9","2016","돌미로2길 15","202510~202605","갱신","-","7,700","34","아파트"
"25607","대구광역시 달성군 구지면 화산리","1105","1105","0000","대구국가산단반도유보라아이비파크3","월세","74.9638","202506","11","500","60","13","2020","국가산단북로34길 10","202506~202706","신규","-","","","아파트"
"25608","대구광역시 달성군 구지면 화산리","1105","1105","0000","대구국가산단반도유보라아이비파크3","월세","74.9638","202506","11","500","60","21","2020","국가산단북로34길 10","202506~202706","신규","-","","","아파트"
"25609","대구광역시 달서구 감삼동","707","0707","0000","빌리브스카이주상복합","전세","84.8866","202506","11","37,000","0","17","2022","와룡로 186","202508~202708","신규","-","","","아파트"
"25610","대구광역시 달서구 대곡동","1034","1034","0000","대곡역화성파크드림위드","월세","59.8213","202506","11","2,000","75","17","2012","비슬로 2734","202506~202706","신규","-","","","아파트"
"25611","대구광역시 달서구 파호동","89","0089","0000","삼성명가타운","전세","84.9400","202506","11","17,500","0","2","2000","호산로 125","202506~202706","신규","-","","","아파트"
"25612","대구광역시 달서구 본리동","1224","1224","0000","달서SKVIEW","전세","84.9446","202506","11","32,000","0","19","2024","용산로 40","202508~202708","신규","-","","","아파트"
"25613","대구광역시 달성군 다사읍 매곡리","1538","1538","0000","대실역청아람2단지","전세","59.9748","202506","11","17,000","0","5","2008","대실역북로 26","202507~202707","갱신","사용","17,000","0","아파트"
"25614","대구광역시 달성군 다사읍 매곡리","1543","1543","0000","죽곡하우젠트아너스빌","전세","59.9925","202506","11","20,000","0","10","2008","왕선로 26","202506~202706","갱신","-","18,000","0","아파트"
"25615","대구광역시 달서구 본리동","196-1","0196","0001","본리롯데캐슬2차","전세","76.0120","202506","11","19,000","0","3","2009","대명천로 119","202509~202709","신규","-","","","아파트"
"25616","대구광역시 달서구 본리동","196-1","0196","0001","본리롯데캐슬2차","전세","76.0120","202506","11","19,000","0","3","2009","대명천로 119","202509~202709","신규","-","","","아파트"
"25617","대구광역시 달서구 월성동","120","0120","0000","월성푸르지오","월세","84.9232","202506","11","2,000","105","24","2008","조암로6길 20","202506~202706","갱신","사용","2,000","100","아파트"
"25618","대구광역시 달서구 월성동","1835","1835","0000","월배e-편한세상","월세","59.9694","202506","11","2,000","90","14","2014","월성로 132","202507~202707","신규","-","","","아파트"
"25619","대구광역시 달서구 월성동","120","0120","0000","월성푸르지오","월세","101.8646","202506","11","2,000","135","18","2008","조암로6길 20","202508~202708","신규","-","","","아파트"
"25620","대구광역시 달성군 구지면 창리","1354","1354","0000","대구국가산단영무예다음","월세","67.9413","202506","11","500","60","14","2020","국가산단서로84길 118","202506~202706","신규","-","","","아파트"
"25621","대구광역시 달서구 두류동","2369","2369","0000","두류역서한포레스트","월세","84.5882","202506","11","2,000","100","12","2025","야외음악당로47길 76","202506~202706","신규","-","","","아파트"
"25622","대구광역시 달서구 두류동","629-6","0629","0006","삼하","월세","55.6125","202506","11","2,000","40","4","1981","달구벌대로340길 30","202507~202707","신규","-","","","아파트"
"25623","대구광역시 달서구 두류동","2369","2369","0000","두류역서한포레스트","월세","59.7456","202506","11","1,000","100","26","2025","야외음악당로47길 76","202506~202706","신규","-","","","아파트"
"25624","대구광역시 중구 대봉동","44-10","0044","0010","청운맨션","월세","84.9300","202506","11","1,000","85","7","1986","동덕로 33","202507~202707","신규","-","","","아파트"
"25625","대구광역시 중구 대봉동","60-10","0060","0010","센트로팰리스","월세","80.7360","202506","11","3,000","100","4","2007","대봉로 260","202508~202708","신규","-","","","아파트"
"25626","대구광역시 달서구 상인동","1474","1474","0000","한양은하","전세","55.8000","202506","11","8,000","0","3","1989","상화북로 137","202507~202707","신규","-","","","아파트"
"25627","대구광역시 달서구 상인동","1473","1473","0000","동방낙원","월세","46.3500","202506","11","1,000","35","2","1988","월곡로45길 49","202506~202706","신규","-","","","아파트"
"25628","대구광역시 수성구 노변동","742","0742","0000","수성알파시티청아람","전세","59.9949","202506","11","29,000","0","21","2021","알파시티2로 96","202508~202708","신규","-","","","아파트"
"25629","대구광역시 달서구 유천동","605","0605","0000","현대아이파크","전세","84.9701","202506","11","29,000","0","17","2015","조암남로 182","202508~202708","신규","-","","","아파트"
"25630","대구광역시 달서구 유천동","488","0488","0000","유천포스코더샵","월세","127.9649","202506","11","2,000","120","4","2006","달서대로 67","202506~202706","신규","-","","","아파트"
"25631","대구광역시 달서구 유천동","605","0605","0000","현대아이파크","전세","84.9701","202506","11","27,000","0","1","2015","조암남로 182","202508~202708","신규","-","","","아파트"
"25632","대구광역시 북구 읍내동","430","0430","0000","칠곡3차보성","전세","84.9900","202506","11","17,000","0","4","1997","칠곡중앙대로126길 7-12","202506~202507","신규","-","","","아파트"
"25633","대구광역시 수성구 수성동4가","1090-8","1090","0008","수성하이츠","월세","26.8750","202506","11","500","35","22","2000","수성로 393","202506~202606","신규","-","","","아파트"
"25634","대구광역시 북구 산격동","500-1","0500","0001","산격대우","전세","114.7900","202506","11","25,600","0","5","1999","동북로 163","202507~202707","신규","-","","","아파트"
"25635","대구광역시 북구 대현동","531","0531","0000","대현한신휴플러스","월세","84.9700","202506","11","500","80","15","2010","대현남로 25","202506~202606","신규","-","","","아파트"
"25636","대구광역시 북구 동천동","891","0891","0000","동화골든빌","월세","24.8957","202506","11","1,000","40","6","2002","동천로 156","202506~202706","신규","-","","","아파트"
"25637","대구광역시 북구 침산동","341-3","0341","0003","선학맨션","전세","84.8200","202506","11","16,000","0","9","1992","성북로 50","202508~202708","신규","-","","","아파트"
"25638","대구광역시 수성구 매호동","1331","1331","0000","하나타운","전세","45.6900","202506","11","11,000","0","14","1995","고산로 123","202506~202706","갱신","-","14,000","0","아파트"
"25639","대구광역시 수성구 신매동","46","0046","0000","사월화성파크드림(2단지)","월세","84.9999","202506","11","3,000","110","11","2006","달구벌대로 3304-1","202507~202707","갱신","사용","3,000","110","아파트"
"25640","대구광역시 수성구 범어동","2261","2261","0000","범어센트레빌","전세","84.9817","202506","11","62,000","0","7","2020","청호로 401","202507~202707","신규","-","","","아파트"
"25641","대구광역시 수성구 범물동","1397","1397","0000","수성하늘채르레브","전세","84.9978","202506","11","29,000","0","2","2020","지범로48길 21","202507~202707","신규","-","","","아파트"
"25642","대구광역시 북구 고성동1가","260","0260","0000","대구역오페라W","월세","84.9897","202506","11","3,000","110","6","2023","칠성남로 50","202507~202707","신규","-","","","아파트"
"25643","대구광역시 수성구 만촌동","1480","1480","0000","만촌신동아파밀리에","월세","84.9438","202506","11","1,000","80","11","2016","화랑로34길 173","202506~202706","신규","-","","","아파트"
"25644","대구광역시 북구 복현동","241-1","0241","0001","복현블루밍브라운스톤명문세가","전세","85.0000","202506","11","15,760","0","5","2011","복현로 50","202507~202707","신규","-","","","아파트"
"25645","대구광역시 북구 복현동","241-1","0241","0001","복현블루밍브라운스톤명문세가","월세","85.0000","202506","11","4,728","23","10","2011","복현로 50","202508~202708","갱신","-","8,753","18","아파트"
"25646","대구광역시 북구 복현동","241-1","0241","0001","복현블루밍브라운스톤명문세가","전세","85.0000","202506","11","15,760","0","2","2011","복현로 50","202507~202707","신규","-","","","아파트"
"25647","대구광역시 북구 복현동","241-1","0241","0001","복현블루밍브라운스톤명문세가","전세","85.0000","202506","11","15,760","0","5","2011","복현로 50","202507~202707","신규","-","","","아파트"
"25648","대구광역시 북구 복현동","241-1","0241","0001","복현블루밍브라운스톤명문세가","전세","76.0000","202506","11","15,080","0","3","2011","복현로 50","202507~202707","신규","-","","","아파트"
"25649","대구광역시 북구 도남동","908","0908","0000","대구도남LH2단지","월세","26.3000","202506","11","1,921","10","11","2023","도남중앙로22길 10","202508~202707","갱신","-","2,244","11","아파트"
"25650","대구광역시 북구 학정동","980","0980","0000","칠곡1차한라하우젠트","전세","84.9692","202506","11","23,000","0","12","2007","학남로 10","202507~202707","신규","-","","","아파트"
"25651","대구광역시 수성구 신매동","594","0594","0000","시지동서타운","전세","84.9200","202506","11","4,000","0","15","1995","신매로 41","202506~202706","신규","-","","","아파트"
"25652","대구광역시 북구 산격동","503-1","0503","0001","산격에덴1","전세","54.3600","202506","11","6,000","0","3","1985","대불로5길 22","202506~202706","신규","-","","","아파트"
"25653","대구광역시 북구 서변동","1769","1769","0000","동서변리벤빌","전세","84.9286","202506","11","15,000","0","3","2005","서변로 106","202507~202707","신규","-","","","아파트"
"25654","대구광역시 북구 서변동","1766","1766","0000","영남네오빌블루","월세","84.7804","202506","11","2,500","65","4","2003","서변로 120","202507~202707","신규","-","","","아파트"
"25655","대구광역시 수성구 황금동","365","0365","0000","캐슬골드파크4단지","월세","59.9800","202506","11","2,000","80","4","2006","청수로 261","202506~202706","신규","-","","","아파트"
"25656","대구광역시 수성구 범어동","2272","2272","0000","범어에일린의뜰","전세","72.9621","202506","11","38,000","0","21","2021","청솔로14길 15","202507~202707","신규","-","","","아파트"
"25657","대구광역시 수성구 지산동","1766","1766","0000","더샵수성라크에르","월세","75.9022","202506","11","3,000","115","29","2024","지산로3길 33","202507~202707","갱신","-","3,000","110","아파트"
"25658","대구광역시 수성구 지산동","1270-1","1270","0001","보성맨션","전세","84.9900","202506","11","16,000","0","3","1991","지범로22길 10","202507~202707","신규","-","","","아파트"
"25659","대구광역시 북구 읍내동","1448","1448","0000","SD아이프라임강북","월세","84.9696","202506","11","1,000","75","1","2010","칠곡중앙대로125길 7","202507~202707","신규","-","","","아파트"
"25660","대구광역시 수성구 황금동","365","0365","0000","캐슬골드파크4단지","전세","84.9700","202506","10","30,975","0","9","2006","청수로 261","202507~202707","갱신","사용","29,500","0","아파트"
"25661","대구광역시 수성구 만촌동","1046-10","1046","0010","수성2차e-편한세상","전세","125.2874","202506","10","53,000","0","1","2007","달구벌대로522길 33","202507~202707","신규","-","","","아파트"
"25662","대구광역시 수성구 만촌동","777","0777","0000","만촌우방타운2단지","월세","84.9800","202506","10","3,000","100","9","1996","교학로11길 91","202508~202708","신규","-","","","아파트"
"25663","대구광역시 북구 동변동","679","0679","0000","주공그린빌8","월세","59.8300","202506","10","1,000","65","13","2002","동변로 55","202506~202706","신규","-","","","아파트"
"25664","대구광역시 북구 동변동","682","0682","0000","유니버시아드선수촌2단지","전세","73.2815","202506","10","14,000","0","9","2003","동변로 24","202507~202707","신규","-","","","아파트"
"25665","대구광역시 북구 동변동","682","0682","0000","유니버시아드선수촌2단지","전세","73.2815","202506","10","14,000","0","9","2003","동변로 24","202507~202707","신규","-","","","아파트"
"25666","대구광역시 수성구 수성동3가","57","0057","0000","수성3가롯데캐슬","월세","121.1685","202506","10","20,000","140","9","2008","명덕로 455","202507~202707","신규","-","","","아파트"
"25667","대구광역시 수성구 수성동4가","1090-6","1090","0006","수성보성","전세","59.9700","202506","10","21,000","0","13","1996","수성로 412","202507~202707","신규","-","","","아파트"
"25668","대구광역시 북구 국우동","1080","1080","0000","그린빌6단지","전세","51.9500","202506","10","13,000","0","5","2002","학정동로 10","202507~202707","신규","-","","","아파트"
"25669","대구광역시 북구 복현동","241-1","0241","0001","복현블루밍브라운스톤명문세가","전세","59.9500","202506","10","13,848","0","7","2011","복현로 50","202509~202709","갱신","-","15,319","0","아파트"
"25670","대구광역시 북구 복현동","241-1","0241","0001","복현블루밍브라운스톤명문세가","전세","85.0000","202506","10","15,760","0","10","2011","복현로 50","202508~202708","갱신","-","14,383","19","아파트"
"25671","대구광역시 북구 복현동","241-1","0241","0001","복현블루밍브라운스톤명문세가","전세","85.0000","202506","10","15,760","0","12","2011","복현로 50","202508~202708","갱신","-","20,548","0","아파트"
"25672","대구광역시 북구 복현동","241-1","0241","0001","복현블루밍브라운스톤명문세가","전세","85.0000","202506","10","15,760","0","8","2011","복현로 50","202508~202708","갱신","-","20,548","0","아파트"
"25673","대구광역시 북구 구암동","786","0786","0000","그린빌3차","월세","49.7100","202506","10","1,000","55","12","2000","구암서로 41","202506~202706","신규","-","","","아파트"
"25674","대구광역시 수성구 파동","1009","1009","0000","수성해모로하이엔","월세","59.2388","202506","10","2,000","85","3","2024","파동로 47","202506~202706","신규","-","","","아파트"
"25675","대구광역시 수성구 파동","1034","1034","0000","수성더팰리스푸르지오더샵","월세","59.7760","202506","10","2,000","85","2","2023","파동로 188","202507~202707","신규","-","","","아파트"
"25676","대구광역시 수성구 범어동","2264","2264","0000","힐스테이트범어","전세","84.9218","202506","10","65,000","0","18","2020","범어로18길 22","202508~202708","신규","-","","","아파트"
"25677","대구광역시 수성구 범어동","333","0333","0000","가든하이츠3","월세","192.3500","202506","10","15,000","250","7","1990","청호로 365","202508~202712","신규","-","","","아파트"
"25678","대구광역시 수성구 지산동","1200","1200","0000","목련","전세","49.2300","202506","10","7,000","0","1","1986","용학로42길 13","202507~202707","신규","-","","","아파트"
"25679","대구광역시 수성구 지산동","1766","1766","0000","더샵수성라크에르","전세","84.9397","202506","10","30,000","0","4","2024","지산로3길 33","202506~202710","갱신","-","25,000","0","아파트"
"25680","대구광역시 북구 노원동3가","1227","1227","0000","대구노원한신더휴","전세","74.9600","202506","10","26,000","0","2","2017","노원로10길 40","202506~202706","신규","-","","","아파트"
"25681","대구광역시 북구 노원동1가","530","0530","0000","북구청역푸르지오에듀포레","월세","84.9541","202506","10","1,050","105","20","2024","침산남로 30","202507~202607","갱신","사용","1,000","100","아파트"
"25682","대구광역시 수성구 범물동","670","0670","0000","우방미진하이츠","월세","84.9000","202506","10","1,000","70","14","2000","지범로 290","202507~202707","신규","-","","","아파트"
"25683","대구광역시 수성구 범물동","1397","1397","0000","수성하늘채르레브","월세","84.9978","202506","10","3,000","110","8","2020","지범로48길 21","202506~202706","갱신","-","3,000","110","아파트"
"25684","대구광역시 수성구 시지동","602","0602","0000","시지센트레빌","전세","72.6650","202506","10","25,000","0","14","2024","달구벌대로622길 9","202507~202707","신규","-","","","아파트"
"25685","대구광역시 북구 침산동","341-1","0341","0001","현대","월세","59.5575","202506","10","1,000","55","7","1996","침산로 163","202508~202708","신규","-","","","아파트"
"25686","대구광역시 북구 침산동","1761","1761","0000","침산화성파크드림","월세","59.9902","202506","10","2,000","85","3","2017","성북로 70","202507~202707","신규","-","","","아파트"
"25687","대구광역시 북구 침산동","341-1","0341","0001","현대","월세","59.5575","202506","10","1,000","55","7","1996","침산로 163","202508~202708","신규","-","","","아파트"
"25688","대구광역시 북구 동천동","915","0915","0000","칠곡3화성타운","월세","84.8000","202506","10","1,000","75","1","1999","대천로 101","202506~203006","신규","-","","","아파트"
"25689","대구광역시 북구 동천동","872","0872","0000","보성서한타운","월세","59.9000","202506","10","1,000","45","10","1995","팔거천동로 104","202506~202706","신규","-","","","아파트"
"25690","대구광역시 북구 고성동1가","260","0260","0000","대구역오페라W","전세","84.9114","202506","10","26,250","0","22","2023","칠성남로 50","202508~202708","갱신","사용","25,000","0","아파트"
"25691","대구광역시 북구 고성동1가","260","0260","0000","대구역오페라W","전세","84.9897","202506","10","25,000","0","12","2023","칠성남로 50","202508~202708","갱신","사용","25,000","0","아파트"
"25692","대구광역시 서구 내당동","2346","2346","0000","e편한세상두류역","전세","59.9891","202506","10","26,000","0","17","2022","달구벌대로361길 41","202509~202709","신규","-","","","아파트"
"25693","대구광역시 서구 내당동","202-1","0202","0001","내당시영","전세","56.2300","202506","10","5,000","0","1","1979","서대구로8길 15","202507~202707","신규","-","","","아파트"
"25694","대구광역시 서구 내당동","308-11","0308","0011","삼익뉴타운","전세","65.6750","202506","10","12,800","0","2","1981","평리로 236","202507~202707","신규","-","","","아파트"
"25695","대구광역시 동구 신암동","1852","1852","0000","동대구해모로스퀘어웨스트","전세","76.7437","202506","10","23,000","0","8","2023","동북로 340","202506~202706","갱신","-","20,000","0","아파트"
"25696","대구광역시 동구 신천동","1507","1507","0000","동대구반도유보라","월세","39.7596","202506","10","1,000","73","13","2018","송라로16길 11","202506~202706","신규","-","","","아파트"
"25697","대구광역시 동구 신암동","20","0020","0000","동서1","월세","61.8200","202506","10","1,000","35","4","1984","아양로39길 16","202507~202707","신규","-","","","아파트"
"25698","대구광역시 남구 대명동","1210-8","1210","0008","우방뉴-코스모스","월세","69.1200","202506","10","5,000","20","3","1983","대명로 50","202506~202706","신규","-","","","아파트"
"25699","대구광역시 동구 동호동","362","0362","0000","상록아파트","월세","59.7200","202506","10","1,957","16","8","2004","동호로 47","202508~202708","갱신","-","3,209","16","아파트"
"25700","대구광역시 동구 동호동","362","0362","0000","상록아파트","월세","59.7200","202506","10","7,828","6","13","2004","동호로 47","202507~202707","갱신","-","10,528","8","아파트"
"25701","대구광역시 북구 칠성동2가","742","0742","0000","대구역자이더스타","월세","77.8107","202506","10","1,500","120","17","2025","칠성남로 150","202506~202706","신규","-","","","아파트"
"25702","대구광역시 중구 동인동3가","414","0414","0000","엑소디움센트럴동인","전세","27.2203","202506","10","16,900","0","11","2023","국채보상로139길 40","202507~202707","신규","-","","","아파트"
"25703","대구광역시 동구 방촌동","1102-2","1102","0002","강변1","전세","65.5500","202506","10","12,000","0","1","1989","동촌로54길 13","202507~202707","신규","-","","","아파트"
"25704","대구광역시 동구 동호동","362","0362","0000","상록아파트","월세","59.7200","202506","10","7,828","6","15","2004","동호로 47","202508~202708","갱신","-","10,528","8","아파트"
"25705","대구광역시 중구 남산동","3020","3020","0000","남산롯데캐슬센트럴스카이","월세","84.9371","202506","10","0","130","20","2021","재마루길 77","202506~202508","신규","-","","","아파트"
"25706","대구광역시 동구 동호동","362","0362","0000","상록아파트","월세","59.7200","202506","10","1,957","26","8","2004","동호로 47","202507~202707","신규","-","","","아파트"
"25707","대구광역시 동구 동호동","362","0362","0000","상록아파트","전세","59.7200","202506","10","9,786","0","6","2004","동호로 47","202508~202708","갱신","-","13,160","0","아파트"
"25708","대구광역시 중구 동인동1가","409","0409","0000","힐스테이트동인센트럴","월세","84.0812","202506","10","10,000","70","33","2024","동덕로 181","202507~202707","신규","-","","","아파트"
"25709","대구광역시 동구 동호동","362","0362","0000","상록아파트","월세","59.7200","202506","10","7,828","4","4","2004","동호로 47","202508~202708","갱신","-","9,550","5","아파트"
"25710","대구광역시 중구 달성동","352","0352","0000","달성파크푸르지오힐스테이트","전세","39.7662","202506","10","14,700","0","16","2023","달성로 123","202507~202707","갱신","사용","14,000","0","아파트"
"25711","대구광역시 중구 동인동3가","414","0414","0000","엑소디움센트럴동인","전세","27.2203","202506","10","17,200","0","15","2023","국채보상로139길 40","202506~202706","신규","-","","","아파트"
"25712","대구광역시 중구 동인동3가","414","0414","0000","엑소디움센트럴동인","전세","27.2203","202506","10","17,200","0","15","2023","국채보상로139길 40","202507~202707","신규","-","","","아파트"
"25713","대구광역시 동구 신기동","557","0557","0000","신기모란3차","월세","49.9800","202506","10","1,000","40","3","1988","율하동로20길 31","202506~202706","신규","-","","","아파트"
"25714","대구광역시 중구 동인동3가","414","0414","0000","엑소디움센트럴동인","월세","84.9715","202506","10","2,800","120","7","2023","국채보상로139길 40","202506~202706","신규","-","","","아파트"
"25715","대구광역시 동구 동호동","362","0362","0000","상록아파트","전세","59.7200","202506","10","9,786","0","2","2004","동호로 47","202508~202707","갱신","-","12,534","0","아파트"
"25716","대구광역시 동구 동호동","362","0362","0000","상록아파트","월세","59.7200","202506","10","1,957","24","12","2004","동호로 47","202508~202708","갱신","-","2,632","33","아파트"
"25717","대구광역시 동구 동호동","362","0362","0000","상록아파트","월세","59.7200","202506","10","7,828","4","8","2004","동호로 47","202507~202707","갱신","-","9,550","5","아파트"
"25718","대구광역시 동구 신서동","625-4","0625","0004","더뉴클래스","월세","18.6384","202506","10","500","35","3","2012","안심로73길 12-4","202507~202607","갱신","-","500","33","아파트"
"25719","대구광역시 동구 신서동","828","0828","0000","신서화성파크드림","전세","84.9205","202506","10","18,000","0","11","2010","반야월북로 221","202506~202706","신규","-","","","아파트"
"25720","대구광역시 동구 방촌동","1119-5","1119","0005","보성강남타운","월세","84.9500","202506","10","1,000","60","1","1997","화랑로88길 30","202506~202706","신규","-","","","아파트"
"25721","대구광역시 동구 방촌동","1102-2","1102","0002","강변1","월세","84.9600","202506","10","1,200","50","5","1989","동촌로54길 13","202507~202707","신규","-","","","아파트"
"25722","대구광역시 동구 괴전동","655","0655","0000","안심역삼정그린코아더베스트","전세","84.6731","202506","10","27,500","0","2","2021","반야월북로 355","-","-","-","","","아파트"
"25723","대구광역시 동구 괴전동","655","0655","0000","안심역삼정그린코아더베스트","전세","84.6731","202506","10","27,500","0","2","2021","반야월북로 355","202507~202707","신규","-","","","아파트"
"25724","대구광역시 중구 동인동3가","414","0414","0000","엑소디움센트럴동인","전세","27.2203","202506","10","17,200","0","15","2023","국채보상로139길 40","202507~202707","신규","-","","","아파트"
"25725","대구광역시 동구 사복동","852","0852","0000","혁신도시서한e스테이","월세","59.6800","202506","10","9,875","13","9","2020","혁신대로 504","202507~202707","신규","-","","","아파트"
"25726","대구광역시 중구 남산동","2466-1","2466","0001","보성황실타운","전세","59.9600","202506","10","16,500","0","1","1993","남산로13길 17","202507~202707","신규","-","","","아파트"
"25727","대구광역시 남구 이천동","1177","1177","0000","대봉교역태왕아너스","월세","84.9511","202506","10","3,000","100","2","2023","대봉로30길 15","202506~202706","신규","-","","","아파트"
"25728","대구광역시 남구 이천동","121-70","0121","0070","대구이천주공1","전세","49.6100","202506","10","14,700","0","17","1999","명덕로68길 77","202508~202708","신규","-","","","아파트"
"25729","대구광역시 달성군 다사읍 매곡리","1568","1568","0000","죽곡삼정그린코아더베스트","전세","66.0524","202506","10","22,000","0","7","2018","다사로 50","202507~202707","신규","-","","","아파트"
"25730","대구광역시 달성군 다사읍 매곡리","1582","1582","0000","다사역금호어울림센트럴","월세","59.9935","202506","10","2,000","83","21","2023","다사로 71","202506~202706","갱신","사용","2,000","79","아파트"
"25731","대구광역시 달성군 다사읍 매곡리","1575","1575","0000","다사역삼정그린코아더베스트","전세","59.8348","202506","10","22,000","0","6","2021","매곡로14길 8","202507~202707","신규","-","","","아파트"
"25732","대구광역시 달성군 다사읍 매곡리","1582","1582","0000","다사역금호어울림센트럴","월세","59.9935","202506","10","2,000","83","21","2023","다사로 71","202506~202706","갱신","-","2,000","79","아파트"
"25733","대구광역시 달성군 다사읍 매곡리","1568","1568","0000","죽곡삼정그린코아더베스트","전세","84.9650","202506","10","25,200","0","6","2018","다사로 50","202506~202709","갱신","-","24,000","0","아파트"
"25734","대구광역시 달서구 감삼동","479","0479","0000","감삼에이원","월세","49.3980","202506","10","2,000","60","11","2019","와룡로 145","202506~202606","신규","-","","","아파트"
"25735","대구광역시 달서구 장기동","813-1","0813","0001","장기초록나라","전세","59.9897","202506","10","16,000","0","8","2000","한들로 55","202509~202709","신규","-","","","아파트"
"25736","대구광역시 달서구 상인동","42","0042","0000","보성은하","월세","84.9600","202506","10","2,000","80","3","1994","월곡로 320","202507~202707","신규","-","","","아파트"
"25737","대구광역시 달서구 상인동","351-2","0351","0002","삼미타운","전세","84.9000","202506","10","13,000","0","13","1994","월배로34길 27","202507~202907","신규","-","","","아파트"
"25738","대구광역시 달성군 현풍읍 대리","1176","1176","0000","국가산단서한이다음아파트","월세","74.5500","202506","10","5,603","22","6","2019","국가산단대로70길 41","202508~202708","갱신","사용","5,509","21","아파트"
"25739","대구광역시 달서구 상인동","1592","1592","0000","시영장미4","월세","49.8000","202506","10","1,000","45","8","1993","상화로 380","202506~202706","신규","-","","","아파트"
"25740","대구광역시 달서구 본리동","1234","1234","0000","두산위브더제니스센트럴달서","월세","84.9939","202506","10","2,000","100","15","2024","와룡로 80","202507~202707","신규","-","","","아파트"
"25741","대구광역시 달성군 유가읍 봉리","622","0622","0000","힐데스하임아파트","월세","71.9030","202506","10","5,000","35","16","2015","테크노북로9길 42","202507~202701","갱신","사용","15,000","0","아파트"
"25742","대구광역시 달성군 다사읍 세천리","1566-1","1566","0001","다사세천한라비발디","월세","62.6830","202506","10","2,000","65","30","2016","세천로 187","202506~202706","신규","-","","","아파트"
"25743","대구광역시 달서구 유천동","488","0488","0000","유천포스코더샵","전세","84.9258","202506","10","20,000","0","1","2006","달서대로 67","202508~202708","신규","-","","","아파트"
"25744","대구광역시 달서구 도원동","1439","1439","0000","대곡가람(임대)","월세","49.9700","202506","10","1,683","27","5","1997","한실로 135","202506~202707","신규","-","","","아파트"
"25745","대구광역시 달성군 논공읍 북리","803-4","0803","0004","논공성원아파트","월세","59.4000","202506","10","300","35","19","1996","논공로23길 14","202506~202706","신규","-","","","아파트"
"25746","대구광역시 달서구 감삼동","709","0709","0000","힐스테이트죽전역더퍼스트","전세","114.9844","202506","10","40,000","0","31","2022","와룡로31길 26","202508~202707","신규","-","","","아파트"
"25747","대구광역시 달서구 감삼동","287-57","0287","0057","성당코오롱하늘채","월세","84.9982","202506","10","3,000","68","15","2007","장기로 160","202507~202707","신규","-","","","아파트"
"25748","대구광역시 달서구 상인동","1596","1596","0000","상인화성파크드림2단지","전세","84.9800","202506","10","28,000","0","4","2010","송현로7길 9","202506~202806","갱신","-","26,500","0","아파트"
"25749","대구광역시 달성군 구지면 창리","1354","1354","0000","대구국가산단영무예다음","월세","84.9966","202506","10","1,000","60","16","2020","국가산단서로84길 118","202506~202706","신규","-","","","아파트"
"25750","대구광역시 달성군 다사읍 서재리","100","0100","0000","신성서화성파크드림","월세","84.8884","202506","10","1,000","63","18","2007","서재로27길 42","202507~202607","신규","-","","","아파트"
"25751","대구광역시 달서구 이곡동","1191","1191","0000","성서보성화성타운","월세","59.9500","202506","10","1,000","50","10","1994","계대동문로 99","202507~202707","신규","-","","","아파트"
"25752","대구광역시 달성군 유가읍 쌍계리","633","0633","0000","대구테크노폴리스중흥에스-클래스포디움","월세","99.9819","202506","10","1,500","85","15","2018","테크노순환로 423","202506~202709","갱신","-","1,500","80","아파트"
"25753","대구광역시 달서구 상인동","1474-1","1474","0001","보성산호","전세","56.9300","202506","10","8,000","0","1","1989","상화북로 159","202507~202706","신규","-","","","아파트"
"25754","대구광역시 달서구 상인동","1596","1596","0000","상인화성파크드림1단지","전세","119.2200","202506","10","32,000","0","2","2010","송현로7길 10","202508~202708","신규","-","","","아파트"
"25755","대구광역시 달서구 상인동","42","0042","0000","보성은하","월세","84.9600","202506","10","2,000","80","3","1994","월곡로 320","-","-","-","","","아파트"
"25756","대구광역시 달성군 화원읍 구라리","1734-2","1734","0002","화원한우","월세","33.4700","202506","10","500","20","2","1984","비슬로 2679","202506~202706","갱신","-","500","25","아파트"
"25757","대구광역시 달서구 월성동","84","0084","0000","월성주공1(고층)","월세","58.4600","202506","10","500","45","8","1991","월곡로94길 30","202506~202706","신규","-","","","아파트"
"25758","대구광역시 달서구 상인동","1596","1596","0000","상인화성파크드림1단지","전세","119.2200","202506","10","32,000","0","2","2010","송현로7길 10","202508~202708","신규","-","","","아파트"
"25759","대구광역시 달서구 이곡동","1300-1","1300","0001","성서2화성타운","전세","134.9500","202506","09","20,000","0","13","1997","성서동로 355-20","202507~202706","신규","-","","","아파트"
"25760","대구광역시 달서구 용산동","911","0911","0000","용산파크타운","월세","59.9200","202506","09","2,000","50","10","2000","용산로 259","202506~202706","갱신","-","2,000","50","아파트"
"25761","대구광역시 달서구 월성동","1557-6","1557","0006","월성동코오롱하늘채1단지","전세","84.9170","202506","09","27,500","0","17","2007","조암남로16길 19","202507~202707","신규","-","","","아파트"
"25762","대구광역시 달서구 상인동","1515","1515","0000","보성","전세","84.9800","202506","09","5,000","0","16","1993","상인서로 75","202506~202706","신규","-","","","아파트"
"25763","대구광역시 달서구 진천동","843","0843","0000","진천역라온프라이빗센텀","전세","84.9080","202506","09","33,000","0","19","2022","진천로16길 26","202507~202707","신규","-","","","아파트"
"25764","대구광역시 달서구 진천동","843","0843","0000","진천역라온프라이빗센텀","전세","84.9080","202506","09","37,000","0","37","2022","진천로16길 26","202508~202708","신규","-","","","아파트"
"25765","대구광역시 달서구 진천동","561-5","0561","0005","진천이안","전세","84.9913","202506","09","23,000","0","13","2006","진천로18길 10","202507~202707","신규","-","","","아파트"
"25766","대구광역시 달성군 다사읍 죽곡리","152","0152","0000","강창태성그린시티","월세","44.0600","202506","09","500","43","12","1996","죽곡2길 6","202506~202706","갱신","-","500","43","아파트"
"25767","대구광역시 달서구 파호동","24","0024","0000","성서우방유쉘","월세","127.9973","202506","09","2,000","100","5","2007","달구벌대로 995","202507~202707","신규","-","","","아파트"
"25768","대구광역시 달서구 본리동","341-3","0341","0003","한신","월세","41.0200","202506","09","1,000","25","5","1985","와룡로14길 53","202507~202606","신규","-","","","아파트"
"25769","대구광역시 달서구 감삼동","287-57","0287","0057","성당코오롱하늘채","전세","84.9982","202506","09","22,000","0","18","2007","장기로 160","202508~202708","신규","-","","","아파트"
"25770","대구광역시 달서구 감삼동","702","0702","0000","삼정브리티시용산","월세","48.2873","202506","09","1,000","69","9","2013","달구벌대로 1530","202507~202607","신규","-","","","아파트"
"25771","대구광역시 달성군 가창면 용계리","465","0465","0000","가창중석타운","전세","59.9800","202506","09","10,000","0","14","1997","가창로 1008","202508~202708","신규","-","","","아파트"
"25772","대구광역시 달서구 본리동","352-4","0352","0004","유림노르웨이아침","월세","150.0150","202506","09","3,000","110","24","2008","구마로 97","202507~202707","신규","-","","","아파트"
"25773","대구광역시 달서구 성당동","834","0834","0000","성당동더샵","전세","59.8950","202506","09","24,750","0","10","2008","장기로 115","202505~202705","갱신","-","26,000","0","아파트"
"25774","대구광역시 달서구 성당동","725","0725","0000","라일락","월세","84.9950","202506","09","9,000","15","1","1987","장기로26길 30","202506~202706","신규","-","","","아파트"
"25775","대구광역시 달성군 다사읍 서재리","100","0100","0000","신성서화성파크드림","월세","84.8884","202506","09","1,000","60","17","2007","서재로27길 42","202507~202607","신규","-","","","아파트"
"25776","대구광역시 달성군 다사읍 서재리","1131","1131","0000","에코폴리스동화아이위시3차","월세","84.9766","202506","09","2,000","70","3","2017","서재로7길 25","202506~202606","갱신","사용","2,000","67","아파트"
"25777","대구광역시 달성군 화원읍 본리리","113-1","0113","0001","대구본리그린빌","전세","59.9800","202506","09","13,000","0","4","2003","명천로 57","202507~202707","신규","-","","","아파트"
"25778","대구광역시 달성군 구지면 창리","1434","1434","0000","대구국가산단디에트르더센트럴","월세","76.4927","202506","09","2,000","60","3","2021","국가산단대로70길 17","202507~202707","신규","-","","","아파트"
"25779","대구광역시 달성군 구지면 창리","1354","1354","0000","대구국가산단영무예다음","월세","67.9413","202506","09","1,000","55","8","2020","국가산단서로84길 118","202506~202706","신규","-","","","아파트"
"25780","대구광역시 달성군 다사읍 매곡리","1539","1539","0000","죽곡휴먼시아1단지","월세","59.8800","202506","09","6,516","13","6","2008","대실역북로1길 6","202508~202707","신규","-","","","아파트"
"25781","대구광역시 달성군 옥포읍 교항리","2892","2892","0000","옥포이진캐스빌8단지","월세","84.9962","202506","09","2,000","60","13","2017","비슬로 2001","202506~202706","신규","-","","","아파트"
"25782","대구광역시 달서구 장기동","845","0845","0000","코오롱하늘채","전세","84.9848","202506","09","27,000","0","32","2019","용산로12길 77","202506~202706","신규","-","","","아파트"
"25783","대구광역시 달서구 상인동","1473-1","1473","0001","우방청자","전세","66.1300","202506","09","9,000","0","1","1989","상화북로 117","202506~202706","신규","-","","","아파트"
"25784","대구광역시 달성군 유가읍 봉리","605","0605","0000","호반베르디움","전세","64.9746","202506","09","18,000","0","6","2016","테크노대로5길 58","202508~202708","신규","-","","","아파트"
"25785","대구광역시 달성군 유가읍 봉리","605","0605","0000","호반베르디움","전세","64.9746","202506","09","18,000","0","6","2016","테크노대로5길 58","202508~202708","신규","-","","","아파트"
"25786","대구광역시 달성군 유가읍 봉리","601","0601","0000","하나리움퀸즈파크","월세","59.8767","202506","09","1,000","60","12","2015","테크노북로 164","202507~202707","신규","-","","","아파트"
"25787","대구광역시 달성군 다사읍 세천리","1703-1","1703","0001","제일풍경채 프라임","월세","59.9687","202506","09","3,000","60","14","2017","세천남로 35","202407~202607","갱신","-","3,000","60","아파트"
"25788","대구광역시 달서구 상인동","1596","1596","0000","상인화성파크드림1단지","월세","134.0000","202506","09","3,000","120","23","2010","송현로7길 10","202507~202707","신규","-","","","아파트"
"25789","대구광역시 중구 대봉동","44-10","0044","0010","청운맨션","월세","84.9300","202506","09","5,000","60","8","1986","동덕로 33","202507~202707","신규","-","","","아파트"
"25790","대구광역시 달서구 상인동","1473","1473","0000","동방낙원","월세","46.3500","202506","09","500","37","5","1988","월곡로45길 49","202506~202706","신규","-","","","아파트"
"25791","대구광역시 달서구 이곡동","1194-2","1194","0002","성서대백창신한라타운","전세","59.9600","202506","09","11,000","0","15","1994","성서서로 316","202507~202706","신규","-","","","아파트"
"25792","대구광역시 수성구 파동","1034","1034","0000","수성더팰리스푸르지오더샵","전세","75.6439","202506","09","30,000","0","13","2023","파동로 188","202507~202706","신규","-","","","아파트"
"25793","대구광역시 수성구 신매동","10-31","0010","0031","한라하우젠트","전세","84.9639","202506","09","27,000","0","9","2006","달구벌대로 3310","202506~202612","갱신","-","40,000","0","아파트"
"25794","대구광역시 수성구 신매동","139-1","0139","0001","신화빌라트","전세","59.9800","202506","09","18,400","0","9","1996","달구벌대로650길 29","202505~202705","갱신","사용","20,000","0","아파트"
"25795","대구광역시 북구 침산동","372-3","0372","0003","대한동아무지개","월세","84.7400","202506","09","1,000","75","8","1999","침산로21길 24","202507~202707","신규","-","","","아파트"
"25796","대구광역시 북구 태전동","936-1","0936","0001","한신중앙","전세","36.8700","202506","09","7,500","0","14","1993","영송로 85","202506~202706","신규","-","","","아파트"
"25797","대구광역시 수성구 시지동","498","0498","0000","고산노변타운","전세","59.7500","202506","09","11,500","0","2","1996","시지로 55","202506~202706","신규","-","","","아파트"
"25798","대구광역시 수성구 범물동","1403","1403","0000","더트루엘수성","전세","84.8334","202506","09","25,200","0","8","2022","지범로52길 5-6","202507~202707","갱신","사용","24,000","0","아파트"
"25799","대구광역시 북구 고성동1가","260","0260","0000","대구역오페라W","전세","84.9897","202506","09","24,000","0","16","2023","칠성남로 50","202507~202707","갱신","사용","24,000","0","아파트"
"25800","대구광역시 수성구 중동","650","0650","0000","수성골드클래스더센텀","전세","84.9740","202506","09","39,000","0","12","2021","수성로 185","202507~202707","갱신","-","26,000","0","아파트"
"25801","대구광역시 수성구 신매동","263","0263","0000","태왕하이츠1","전세","84.9798","202506","09","23,000","0","2","2000","달구벌대로647길 16","202506~202706","신규","-","","","아파트"
"25802","대구광역시 수성구 지산동","1272-2","1272","0002","에덴타운","월세","84.8600","202506","09","2,000","60","15","1991","용학로 223","202506~202706","신규","-","","","아파트"
"25803","대구광역시 북구 복현동","241-1","0241","0001","복현블루밍브라운스톤명문세가","월세","85.0000","202506","09","7,880","26","4","2011","복현로 50","202507~202707","신규","-","","","아파트"
"25804","대구광역시 북구 복현동","694","0694","0000","복현푸르지오","월세","84.9966","202506","09","2,000","80","2","2013","동북로 345","202506~202606","갱신","사용","2,000","80","아파트"
"25805","대구광역시 북구 복현동","539-111","0539","0111","복현대백맨션","전세","59.9400","202506","09","12,000","0","12","1996","복현로 137","202508~202708","신규","-","","","아파트"
"25806","대구광역시 수성구 황금동","891-1","0891","0001","힐스테이트황금역리저브1단지","전세","83.3299","202506","09","42,000","0","30","2024","청수로 127","202507~202707","신규","-","","","아파트"
"25807","대구광역시 북구 도남동","908","0908","0000","대구도남LH2단지","월세","37.4300","202506","09","3,787","12","24","2023","도남중앙로22길 10","202507~202706","갱신","-","1,832","21","아파트"
"25808","대구광역시 수성구 황금동","891-1","0891","0001","힐스테이트황금역리저브1단지","전세","83.3299","202506","09","42,000","0","30","2024","청수로 127","202507~202707","신규","-","","","아파트"
"25809","대구광역시 수성구 수성동4가","1090-5","1090","0005","쌍용화성","전세","60.0000","202506","09","18,000","0","3","1996","수성로 411","202507~202707","신규","-","","","아파트"
"25810","대구광역시 수성구 수성동4가","1090-6","1090","0006","수성보성","월세","59.9700","202506","09","2,000","70","10","1996","수성로 412","202507~202607","신규","-","","","아파트"
"25811","대구광역시 수성구 황금동","986","0986","0000","힐스테이트황금엘포레","전세","84.9652","202506","09","39,500","0","19","2022","청솔로 16","202508~202708","신규","-","","","아파트"
"25812","대구광역시 북구 태전동","489","0489","0000","두성파크2","월세","59.4500","202506","09","500","45","17","1993","학정로13길 16","202506~202606","신규","-","","","아파트"
"25813","대구광역시 북구 매천동","673","0673","0000","매천화성파크드림","전세","98.1350","202506","09","30,000","0","23","2010","매전로 17","202509~202709","신규","-","","","아파트"
"25814","대구광역시 수성구 중동","657","0657","0000","수성뷰웰리버파크","월세","84.7772","202506","09","5,000","120","26","2023","수성로41길 41","202506~202706","신규","-","","","아파트"
"25815","대구광역시 북구 동변동","679","0679","0000","주공그린빌8","월세","59.8300","202506","09","2,000","55","10","2002","동변로 55","202506~202706","신규","-","","","아파트"
"25816","대구광역시 수성구 범어동","341","0341","0000","범어목련","월세","52.8600","202506","09","200","20","4","1987","청호로 340","202506~202606","신규","-","","","아파트"
"25817","대구광역시 수성구 범어동","2283","2283","0000","쌍용더플래티넘범어","전세","84.5390","202506","09","41,000","0","23","2023","상록로 25","202508~202708","갱신","사용","41,000","0","아파트"
"25818","대구광역시 북구 산격동","435-2","0435","0002","산격에덴3","전세","57.4000","202506","09","8,500","0","1","1986","동북로37길 58-17","202506~202706","신규","-","","","아파트"
"25819","대구광역시 북구 침산동","372-3","0372","0003","대한동아무지개","월세","84.7400","202506","09","1,000","75","8","1999","침산로21길 24","202507~202707","신규","-","","","아파트"
"25820","대구광역시 북구 읍내동","1343","1343","0000","대구읍내행복주택","월세","16.9800","202506","09","1,913","6","6","2021","칠곡중앙대로 434","202505~202707","갱신","-","1,613","8","아파트"
"25821","대구광역시 동구 신천동","622","0622","0000","신천휴먼시아6단지","월세","51.8500","202506","09","2,000","65","3","2011","송라로11길 39","202507~202707","신규","-","","","아파트"
"25822","대구광역시 중구 삼덕동3가","383","0383","0000","삼덕청아람","월세","59.9890","202506","09","500","94","5","2013","달구벌대로447길 77","202509~202609","신규","-","","","아파트"
"25823","대구광역시 중구 삼덕동3가","383","0383","0000","삼덕청아람","월세","59.9890","202506","09","2,000","90","5","2013","달구벌대로447길 77","202509~202609","신규","-","","","아파트"
"25824","대구광역시 동구 율하동","1461","1461","0000","율하휴먼시아6단지","월세","46.9000","202506","09","3,425","11","6","2008","안심로16길 45","202408~202607","신규","-","","","아파트"
"25825","대구광역시 동구 율하동","1461","1461","0000","율하휴먼시아6단지","월세","39.7200","202506","09","1,927","13","9","2008","안심로16길 45","202505~202704","신규","-","","","아파트"
"25826","대구광역시 동구 율암동","1295","1295","0000","대구안심뉴타운시티프라디움","월세","84.9833","202506","09","1,500","95","11","2022","안심뉴타운7로 31","202506~202706","신규","-","","","아파트"
"25827","대구광역시 중구 달성동","352","0352","0000","달성파크푸르지오힐스테이트","전세","84.9713","202506","09","25,000","0","16","2023","달성로 123","202507~202707","갱신","-","24,000","0","아파트"
"25828","대구광역시 동구 사복동","852","0852","0000","혁신도시서한e스테이","월세","59.5100","202506","09","7,330","19","9","2020","혁신대로 504","202508~202708","신규","-","","","아파트"
"25829","대구광역시 남구 봉덕동","산89-3","0089","0003","미리내","월세","107.3700","202506","09","1,300","60","9","1983","효성로 13","202506~202706","신규","-","","","아파트"
"25830","대구광역시 동구 율암동","1295","1295","0000","대구안심뉴타운시티프라디움","월세","84.9833","202506","09","1,500","95","11","2022","안심뉴타운7로 31","-","-","-","","","아파트"
"25831","대구광역시 서구 내당동","463-5","0463","0005","광장타운1차","월세","54.0000","202506","09","1,000","53","3","1984","달구벌대로 1707","202507~202707","신규","-","","","아파트"
"25832","대구광역시 남구 이천동","1177","1177","0000","대봉교역태왕아너스","월세","84.9511","202506","09","2,000","95","10","2023","대봉로30길 15","202507~202707","신규","-","","","아파트"
"25833","대구광역시 동구 신암동","1860","1860","0000","동대구역화성파크드림","전세","84.9482","202506","09","27,300","0","9","2023","동대구로 590","202507~202707","갱신","사용","26,000","0","아파트"
"25834","대구광역시 동구 신암동","1860","1860","0000","동대구역화성파크드림","전세","84.9482","202506","09","25,200","0","1","2023","동대구로 590","202507~202707","갱신","사용","24,000","0","아파트"
"25835","대구광역시 동구 신암동","1840","1840","0000","동대구이안센트럴D","전세","84.9886","202506","09","38,000","0","19","2021","동대구로 577","202510~202710","신규","-","","","아파트"
"25836","대구광역시 동구 신암동","1833","1833","0000","이안동대구","전세","84.8717","202506","09","26,250","0","10","2018","송라로28길 14","202507~202707","갱신","-","25,000","0","아파트"
"25837","대구광역시 동구 각산동","909","0909","0000","대구혁신도시서원프레시빌","전세","49.5201","202506","09","11,000","0","15","2016","반야월북로27길 21-8","202508~202708","신규","-","","","아파트"
"25838","대구광역시 동구 각산동","1054","1054","0000","대구혁신엘에이치4단지","월세","59.7500","202506","09","2,000","65","16","2017","경안로 956","202508~202708","신규","-","","","아파트"
"25839","대구광역시 중구 남산동","3030","3030","0000","남산자이하늘채","전세","39.8267","202506","09","18,500","0","11","2022","명덕로 33","202507~202707","신규","-","","","아파트"
"25840","대구광역시 중구 남산동","2991","2991","0000","청라센트럴파크","월세","76.9900","202506","09","24,000","6","2","2008","달구벌대로 1970","202507~202707","갱신","사용","24,000","0","아파트"
"25841","대구광역시 중구 남산동","3020","3020","0000","남산롯데캐슬센트럴스카이","전세","59.8763","202506","09","30,000","0","11","2021","재마루길 77","202507~202707","신규","-","","","아파트"
"25842","대구광역시 중구 대신동","2106","2106","0000","대신센트럴자이","전세","84.8382","202506","09","27,500","0","29","2015","달구벌대로 1955","202506~202706","갱신","-","26,000","0","아파트"
"25843","대구광역시 동구 신천동","739-1","0739","0001","현대","월세","63.7000","202506","09","1,000","30","4","1979","송라로 59","202506~202606","신규","-","","","아파트"
"25844","대구광역시 동구 동호동","362","0362","0000","상록아파트","월세","59.7200","202506","09","1,957","26","7","2004","동호로 47","202507~202707","신규","-","","","아파트"
"25845","대구광역시 북구 칠성동2가","736","0736","0000","대구역유림노르웨이숲","월세","84.9220","202506","09","2,000","90","32","2017","칠성남로26길 11","202507~202707","신규","-","","","아파트"
"25846","대구광역시 북구 칠성동2가","715","0715","0000","대구역 서희스타힐스","전세","84.4900","202506","09","21,000","0","8","2012","칠성남로 101","202509~202709","갱신","사용","20,000","0","아파트"
"25847","대구광역시 동구 동호동","362","0362","0000","상록아파트","월세","59.7200","202506","09","1,957","26","9","2004","동호로 47","202507~202707","신규","-","","","아파트"
"25848","대구광역시 중구 태평로2가","41","0041","0000","힐스테이트대구역","월세","84.9929","202506","09","4,000","110","23","2023","태평로28길 13","202506~202706","신규","-","","","아파트"
"25849","대구광역시 중구 동인동1가","420","0420","0000","힐스테이트동인더스카이","월세","84.9389","202506","09","2,000","120","28","2025","태평로 240","202506~202706","신규","-","","","아파트"
"25850","대구광역시 동구 동호동","362","0362","0000","상록아파트","전세","59.7200","202506","09","9,786","0","6","2004","동호로 47","202507~202707","신규","-","","","아파트"
"25851","대구광역시 서구 비산동","1336-1","1336","0001","만평역헤리티지","전세","84.8800","202506","09","18,600","0","7","2020","서대구로 345","202507~202707","신규","-","","","아파트"
"25852","대구광역시 서구 내당동","3333","3333","0000","두류역자이","전세","84.9723","202506","08","30,000","0","23","2025","달구벌대로 1769-7","202509~202709","신규","-","","","아파트"
"25853","대구광역시 남구 봉덕동","1652","1652","0000","앞산비스타동원","전세","84.9734","202506","08","27,000","0","11","2021","신촌길 57","202509~202709","신규","-","","","아파트"
"25854","대구광역시 남구 봉덕동","산89-3","0089","0003","미리내","월세","126.7800","202506","08","2,000","65","9","1983","효성로 13","202506~202610","신규","-","","","아파트"
"25855","대구광역시 서구 내당동","3333","3333","0000","두류역자이","전세","84.9723","202506","08","30,000","0","46","2025","달구벌대로 1769-7","202509~202708","신규","-","","","아파트"
"25856","대구광역시 서구 내당동","3333","3333","0000","두류역자이","전세","84.9396","202506","08","35,000","0","23","2025","달구벌대로 1769-7","202510~202710","신규","-","","","아파트"
"25857","대구광역시 서구 내당동","3333","3333","0000","두류역자이","전세","84.9723","202506","08","30,000","0","23","2025","달구벌대로 1769-7","202510~202710","신규","-","","","아파트"
"25858","대구광역시 동구 효목동","1331","1331","0000","동대구푸르지오브리센트","월세","84.9712","202506","08","3,000","100","11","2024","효목로5길 55","202506~202606","신규","-","","","아파트"
"25859","대구광역시 중구 달성동","352","0352","0000","달성파크푸르지오힐스테이트","월세","59.7402","202506","08","4,000","65","19","2023","달성로 123","202508~202708","신규","-","","","아파트"
"25860","대구광역시 서구 평리동","1497-44","1497","0044","서대구역서한이다음더퍼스트","월세","62.9986","202506","08","2,000","68","7","2023","국채보상로37길 38","202506~202706","갱신","사용","2,000","65","아파트"
"25861","대구광역시 동구 신암동","1881","1881","0000","동대구더센트로데시앙","월세","74.9463","202506","08","2,000","105","14","2023","신암로20길 63","-","-","-","","","아파트"
"25862","대구광역시 동구 신암동","1881","1881","0000","동대구더센트로데시앙","월세","74.9463","202506","08","2,000","105","14","2023","신암로20길 63","202507~202707","신규","-","","","아파트"
"25863","대구광역시 동구 신암동","1860","1860","0000","동대구역화성파크드림","월세","84.8163","202506","08","2,000","110","4","2023","동대구로 590","202508~202708","갱신","사용","2,000","105","아파트"
"25864","대구광역시 중구 남산동","2466-1","2466","0001","보성황실타운","전세","59.9600","202506","08","17,000","0","13","1993","남산로13길 17","202507~202707","신규","-","","","아파트"
"25865","대구광역시 동구 각산동","1029","1029","0000","대구혁신도시서한이다음","전세","65.3060","202506","08","21,700","0","7","2015","이노밸리로29길 56","202506~202706","신규","-","","","아파트"
"25866","대구광역시 서구 내당동","3333","3333","0000","두류역자이","전세","84.9396","202506","08","35,000","0","23","2025","달구벌대로 1769-7","202510~202710","신규","-","","","아파트"
"25867","대구광역시 달서구 감삼동","521","0521","0000","우방드림시티","월세","59.8919","202506","08","3,000","70","6","2003","장기로 242","202507~202707","신규","-","","","아파트"
"25868","대구광역시 달서구 두류동","2363","2363","0000","두류센트레빌더파크","월세","78.3408","202506","08","2,000","95","26","2024","당산로36길 37","202507~202707","신규","-","","","아파트"
"25869","대구광역시 달서구 두류동","2348","2348","0000","두류파크KCC스위첸","월세","84.9600","202506","08","3,000","100","11","2023","파도고개로 70","202506~202706","신규","-","","","아파트"
"25870","대구광역시 달성군 구지면 응암리","1210","1210","0000","과학마을청아람","월세","59.8940","202506","08","500","55","13","2016","과학마을로 70","202506~202706","신규","-","","","아파트"
"25871","대구광역시 달성군 유가읍 봉리","601","0601","0000","하나리움퀸즈파크","전세","59.8767","202506","08","12,000","0","14","2015","테크노북로 164","202506~202706","신규","-","","","아파트"
"25872","대구광역시 달성군 유가읍 봉리","601","0601","0000","하나리움퀸즈파크","월세","59.9814","202506","08","1,000","60","25","2015","테크노북로 164","202506~202706","신규","-","","","아파트"
"25873","대구광역시 달성군 유가읍 봉리","601","0601","0000","하나리움퀸즈파크","전세","59.8767","202506","08","12,500","0","22","2015","테크노북로 164","202508~202708","신규","-","","","아파트"
"25874","대구광역시 달서구 도원동","1442","1442","0000","별메마을","전세","59.7600","202506","08","7,600","0","1","1996","도원로 46","202506~202606","신규","-","","","아파트"
"25875","대구광역시 달성군 옥포읍 강림리","1099","1099","0000","LH허브시티","월세","51.4600","202506","08","500","40","1","2015","비슬로 1941","202507~202707","신규","-","","","아파트"
"25876","대구광역시 달서구 이곡동","1306-1","1306","0001","한샘","월세","84.9800","202506","08","1,000","80","5","1997","선원남로 77","202506~202706","신규","-","","","아파트"
"25877","대구광역시 달서구 월성동","1894","1894","0000","월성삼정그린코아에듀파크","전세","84.6349","202506","08","29,500","0","6","2022","월성로 100","202508~202707","신규","-","","","아파트"
"25878","대구광역시 달서구 월성동","1894","1894","0000","월성삼정그린코아에듀파크","전세","84.6349","202506","08","29,000","0","3","2022","월성로 100","202508~202708","신규","-","","","아파트"
"25879","대구광역시 달서구 월성동","1894","1894","0000","월성삼정그린코아에듀파크","전세","84.6349","202506","08","29,500","0","6","2022","월성로 100","202507~202707","신규","-","","","아파트"
"25880","대구광역시 달성군 논공읍 남리","224","0224","0000","논공삼주","전세","45.4200","202506","08","3,000","0","2","1990","논공로7길 55","202506~202706","신규","-","","","아파트"
"25881","대구광역시 달서구 감삼동","707","0707","0000","빌리브스카이주상복합","전세","84.8906","202506","08","38,000","0","24","2022","와룡로 186","202509~202709","신규","-","","","아파트"
"25882","대구광역시 달서구 감삼동","521","0521","0000","우방드림시티","월세","59.8919","202506","08","3,000","70","6","2003","장기로 242","202507~202707","신규","-","","","아파트"
"25883","대구광역시 달서구 감삼동","707","0707","0000","빌리브스카이주상복합","전세","84.8906","202506","08","38,000","0","24","2022","와룡로 186","202508~202708","신규","-","","","아파트"
"25884","대구광역시 달서구 감삼동","707","0707","0000","빌리브스카이주상복합","전세","84.8906","202506","08","38,000","0","24","2022","와룡로 186","202508~202708","신규","-","","","아파트"
"25885","대구광역시 달서구 유천동","612","0612","0000","대구월배2차아이파크","전세","84.5402","202506","08","31,000","0","6","2016","월배로5길 76","202507~202707","신규","-","","","아파트"
"25886","대구광역시 달서구 상인동","87","0087","0000","상인e-편한세상2단지","전세","134.4230","202506","08","38,000","0","13","2008","월서로3길 15","202507~202707","신규","-","","","아파트"
"25887","대구광역시 북구 복현동","60","0060","0000","동서성화","월세","60.5200","202506","08","500","35","4","1989","복현로 114-18","202507~202707","신규","-","","","아파트"
"25888","대구광역시 수성구 범어동","177-1","0177","0001","범어서한포레스트","월세","84.9961","202506","08","10,000","120","17","2020","동대구로 346","202507~202707","신규","-","","","아파트"
"25889","대구광역시 수성구 범어동","2264","2264","0000","힐스테이트범어","전세","84.9218","202506","08","57,500","0","7","2020","범어로18길 22","202506~202706","갱신","사용","55,000","0","아파트"
"25890","대구광역시 북구 서변동","1724","1724","0000","서변청아람","전세","59.9476","202506","08","14,000","0","14","2003","호국로57길 20","202506~202706","신규","-","","","아파트"
"25891","대구광역시 수성구 매호동","721-1","0721","0001","매호청구하이츠빌","전세","84.9950","202506","08","17,000","0","3","2000","천을로23길 26","202507~202707","신규","-","","","아파트"
"25892","대구광역시 수성구 중동","650","0650","0000","수성골드클래스더센텀","월세","84.9740","202506","08","3,000","140","7","2021","수성로 185","202506~202706","신규","-","","","아파트"
"25893","대구광역시 북구 관음동","1386","1386","0000","동화훼밀리타운","월세","84.7044","202506","07","2,000","70","6","2003","칠곡중앙대로95길 11","202507~202707","신규","-","","","아파트"
"25894","대구광역시 북구 매천동","750","0750","0000","한신더휴웨스턴팰리스","전세","84.9670","202506","07","26,000","0","14","2019","매전로4길 32","202508~202708","신규","-","","","아파트"
"25895","대구광역시 수성구 범어동","179","0179","0000","두산위브더제니스","전세","204.0727","202506","07","135,000","0","19","2009","달구벌대로 2435","202509~202709","신규","-","","","아파트"
"25896","대구광역시 북구 침산동","341-3","0341","0003","선학맨션","월세","84.8200","202506","07","1,000","60","12","1992","성북로 50","202506~202606","신규","-","","","아파트"
"25897","대구광역시 수성구 만촌동","1489","1489","0000","만촌자이르네","전세","77.6825","202506","07","49,000","0","9","2023","교학로19길 19","202507~202707","신규","-","","","아파트"
"25898","대구광역시 수성구 만촌동","1489","1489","0000","만촌자이르네","전세","84.8723","202506","07","45,000","0","21","2023","교학로19길 19","202506~202706","갱신","-","42,000","0","아파트"
"25899","대구광역시 수성구 범어동","2291","2291","0000","수성범어W","전세","102.9949","202506","07","95,000","0","13","2023","달구벌대로 2436","202509~202709","신규","-","","","아파트"
"25900","대구광역시 수성구 범어동","2264","2264","0000","힐스테이트범어","전세","84.9218","202506","07","70,000","0","7","2020","범어로18길 22","202508~202708","신규","-","","","아파트"
"25901","대구광역시 수성구 범어동","2236","2236","0000","범어풀비체","월세","81.8909","202506","07","4,000","170","2","2013","범어로 61","202507~202707","신규","-","","","아파트"
"25902","대구광역시 북구 서변동","1766","1766","0000","영남네오빌블루","전세","128.6263","202506","07","23,000","0","3","2003","서변로 120","202509~202709","신규","-","","","아파트"
"25903","대구광역시 수성구 범어동","2291","2291","0000","수성범어W","월세","84.9911","202506","07","30,000","120","17","2023","달구벌대로 2436","202507~202707","신규","-","","","아파트"
"25904","대구광역시 수성구 범어동","804-46","0804","0046","공작맨션","전세","53.9800","202506","07","12,500","0","9","1980","청솔로 132","202508~202708","신규","-","","","아파트"
"25905","대구광역시 수성구 범어동","2291","2291","0000","수성범어W","월세","84.9911","202506","07","30,000","120","17","2023","달구벌대로 2436","-","-","-","","","아파트"
"25906","대구광역시 북구 읍내동","1171","1171","0000","칠곡목련","월세","43.0200","202506","07","300","30","3","1987","구암로15길 38","202506~202606","신규","-","","","아파트"
"25907","대구광역시 수성구 범어동","산103","0103","0000","장원맨션","전세","84.9800","202506","07","28,000","0","5","1988","청호로 370","202508~202707","신규","-","","","아파트"
"25908","대구광역시 수성구 범어동","2238","2238","0000","범어 화산샬레","월세","74.6997","202506","07","4,000","140","11","2014","청호로 411-3","202508~202708","신규","-","","","아파트"
"25909","대구광역시 수성구 범어동","333","0333","0000","가든하이츠3","월세","84.9800","202506","07","2,000","90","7","1990","청호로 365","202508~202708","신규","-","","","아파트"
"25910","대구광역시 수성구 범물동","1261","1261","0000","범물하이츠","전세","41.8500","202506","07","8,500","0","15","1992","용학로 336","202506~202706","신규","-","","","아파트"
"25911","대구광역시 수성구 범어동","88-6","0088","0006","범어청구하이츠","전세","59.9700","202506","07","17,000","0","16","2000","청호로84안길 2","202507~202807","신규","-","","","아파트"
"25912","대구광역시 북구 고성동1가","265","0265","0000","힐스테이트대구역오페라","전세","84.3571","202506","07","30,000","0","33","2024","칠성남로 30","202509~202708","신규","-","","","아파트"
"25913","대구광역시 북구 고성동1가","260","0260","0000","대구역오페라W","월세","78.9091","202506","07","2,000","110","6","2023","칠성남로 50","202507~202707","갱신","-","2,000","90","아파트"
"25914","대구광역시 북구 침산동","431-2","0431","0002","청구타운","전세","84.9250","202506","07","15,600","0","21","1995","침산남로19길 9","202506~202706","신규","-","","","아파트"
"25915","대구광역시 수성구 중동","556","0556","0000","수성푸르지오리버센트","전세","110.9955","202506","07","60,000","0","28","2024","수성로35길 50","202508~202708","신규","-","","","아파트"
"25916","대구광역시 북구 국우동","1228","1228","0000","힐스테이트데시앙도남4단지","월세","84.9628","202506","07","1,000","120","13","2021","도남중앙로8길 8","202506~202606","신규","-","","","아파트"
"25917","대구광역시 북구 태전동","1212","1212","0000","매천역더뉴클래스","월세","49.4627","202506","07","1,000","65","13","2017","학정로 17-26","202507~202707","신규","-","","","아파트"
"25918","대구광역시 수성구 상동","555","0555","0000","수성동일하이빌레이크시티","전세","118.7664","202506","07","50,000","0","1","2009","수성로 71","-","-","-","","","아파트"
"25919","대구광역시 북구 사수동","789","0789","0000","브라운스톤강북","월세","59.9500","202506","07","2,000","60","5","2015","내곡로 89","202506~202706","신규","-","","","아파트"
"25920","대구광역시 수성구 사월동","510-2","0510","0002","태왕리더스","월세","84.9300","202506","07","2,000","70","1","2004","달구벌대로669길 70","202506~202706","갱신","-","2,000","75","아파트"
"25921","대구광역시 수성구 사월동","464","0464","0000","사월보성","월세","59.9700","202506","07","1,000","50","17","1996","욱수천로 133","202507~202707","신규","-","","","아파트"
"25922","대구광역시 수성구 상동","555","0555","0000","수성동일하이빌레이크시티","전세","118.7664","202506","07","50,000","0","1","2009","수성로 71","202507~202707","신규","-","","","아파트"
"25923","대구광역시 북구 대현동","527","0527","0000","대현뜨란채","전세","59.4400","202506","07","17,000","0","6","2006","대현남로 28","202507~202706","갱신","-","19,000","0","아파트"
"25924","대구광역시 수성구 황금동","365","0365","0000","캐슬골드파크1단지","월세","84.9700","202506","07","2,000","105","3","2006","청수로 213","202507~202707","신규","-","","","아파트"
"25925","대구광역시 수성구 신매동","263","0263","0000","태왕하이츠1","전세","84.9798","202506","07","20,000","0","11","2000","달구벌대로647길 16","202506~202706","신규","-","","","아파트"
"25926","대구광역시 수성구 신매동","46","0046","0000","사월화성파크드림(2단지)","월세","93.7350","202506","07","3,000","110","11","2006","달구벌대로 3304-1","202507~202603","신규","-","","","아파트"
"25927","대구광역시 수성구 매호동","1055","1055","0000","시지협화타운2","전세","84.8400","202506","07","22,000","0","14","1996","천을로 181","202507~202707","신규","-","","","아파트"
"25928","대구광역시 수성구 매호동","1331","1331","0000","하나타운","월세","49.9200","202506","07","5,000","25","6","1995","고산로 123","202508~202708","신규","-","","","아파트"
"25929","대구광역시 수성구 파동","1034","1034","0000","수성더팰리스푸르지오더샵","월세","59.7760","202506","07","3,000","80","12","2023","파동로 188","202506~202706","신규","-","","","아파트"
"25930","대구광역시 수성구 파동","1021","1021","0000","수성레이크우방아이유쉘","월세","59.9204","202506","07","5,000","55","14","2024","파동로32길 100","202506~202706","신규","-","","","아파트"
"25931","대구광역시 수성구 파동","1034","1034","0000","수성더팰리스푸르지오더샵","월세","59.7760","202506","07","3,000","80","15","2023","파동로 188","202506~202706","신규","-","","","아파트"
"25932","대구광역시 수성구 지산동","1270","1270","0000","청구타운","월세","84.9000","202506","07","2,000","71","7","1991","지산로 48","202507~202707","신규","-","","","아파트"
"25933","대구광역시 수성구 수성동1가","613","0613","0000","신세계타운","월세","116.9100","202506","07","2,000","104","12","1989","신천동로 320","202506~202706","신규","-","","","아파트"
"25934","대구광역시 북구 복현동","241-1","0241","0001","복현블루밍브라운스톤명문세가","전세","59.9500","202506","07","13,848","0","6","2011","복현로 50","202507~202707","신규","-","","","아파트"
"25935","대구광역시 북구 복현동","709","0709","0000","복현아이파크","전세","84.9751","202506","07","30,500","0","2","2021","동북로 241","202509~202709","신규","-","","","아파트"
"25936","대구광역시 수성구 지산동","1297-3","1297","0003","지산서한이다음아파트","월세","59.5600","202506","07","1,000","50","12","1991","용학로 313","202508~202708","신규","-","","","아파트"
"25937","대구광역시 북구 도남동","908","0908","0000","대구도남LH2단지","월세","29.0400","202506","07","498","16","3","2023","도남중앙로22길 10","202507~202706","갱신","-","969","15","아파트"
"25938","대구광역시 수성구 수성동4가","1090-6","1090","0006","수성보성","전세","59.9700","202506","07","19,000","0","7","1996","수성로 412","202508~202708","신규","-","","","아파트"
"25939","대구광역시 동구 신천동","630","0630","0000","신천주공2","월세","84.9100","202506","07","2,000","65","12","1998","국채보상로155길 54","202508~202708","신규","-","","","아파트"
"25940","대구광역시 동구 방촌동","1152","1152","0000","방촌역세영리첼아파트","전세","84.9737","202506","07","23,000","0","14","2021","동촌로 260","202508~202708","갱신","-","23,000","0","아파트"
"25941","대구광역시 동구 지저동","784-5","0784","0005","공항2월성","월세","84.7758","202506","07","1,900","70","13","2002","해동로7길 66","202507~202707","신규","-","","","아파트"
"25942","대구광역시 동구 지저동","784-5","0784","0005","공항2월성","월세","84.7758","202506","07","1,900","70","13","2002","해동로7길 66","202507~202707","신규","-","","","아파트"
"25943","대구광역시 동구 효목동","1331","1331","0000","동대구푸르지오브리센트","월세","84.9941","202506","07","5,000","90","5","2024","효목로5길 55","202507~202707","신규","-","","","아파트"
"25944","대구광역시 중구 수창동","173","0173","0000","대구역센트럴자이","전세","72.8353","202506","07","26,000","0","20","2017","서성로 99","202508~202708","신규","-","","","아파트"
"25945","대구광역시 중구 수창동","173","0173","0000","대구역센트럴자이","전세","72.8353","202506","07","26,000","0","20","2017","서성로 99","-","-","-","","","아파트"
"25946","대구광역시 남구 대명동","3067","3067","0000","교대역하늘채뉴센트원","전세","75.3276","202506","07","29,000","0","18","2022","중앙대로 187","202507~202707","신규","-","","","아파트"
"25947","대구광역시 동구 신천동","630","0630","0000","신천주공2","월세","84.9100","202506","07","2,000","65","12","1998","국채보상로155길 54","202508~202708","신규","-","","","아파트"
"25948","대구광역시 동구 지묘동","1386","1386","0000","LH뉴웰시티","월세","59.9900","202506","07","2,000","75","16","2021","동화천로77길 30","202507~202707","신규","-","","","아파트"
"25949","대구광역시 동구 동호동","362","0362","0000","상록아파트","전세","59.7200","202506","07","9,786","0","2","2004","동호로 47","202507~202707","신규","-","","","아파트"
"25950","대구광역시 서구 평리동","1676","1676","0000","평리롯데캐슬","월세","139.4864","202506","07","2,000","115","2","2009","국채보상로 316","202507~202707","신규","-","","","아파트"
"25951","대구광역시 중구 남산동","3049","3049","0000","청라힐스자이","전세","84.9892","202506","07","34,650","0","7","2023","남산로 73","202507~202707","갱신","사용","33,000","0","아파트"
"25952","대구광역시 중구 남산동","3012","3012","0000","남산역화성파크드림","전세","59.1950","202506","07","24,000","0","13","2018","남산로7길 7","202507~202707","신규","-","","","아파트"
"25953","대구광역시 동구 신암동","1860","1860","0000","동대구역화성파크드림","전세","84.8163","202506","07","27,000","0","8","2023","동대구로 590","202507~202707","갱신","사용","26,000","0","아파트"
"25954","대구광역시 동구 신서동","625-4","0625","0004","더뉴클래스","월세","18.6384","202506","07","500","40","9","2012","안심로73길 12-4","202506~202606","신규","-","","","아파트"
"25955","대구광역시 서구 평리동","1497-44","1497","0044","서대구역서한이다음더퍼스트","전세","76.9170","202506","07","23,000","0","21","2023","국채보상로37길 38","202508~202708","신규","-","","","아파트"
"25956","대구광역시 중구 달성동","352","0352","0000","달성파크푸르지오힐스테이트","월세","74.9933","202506","07","2,000","89","1","2023","달성로 123","202508~202708","갱신","사용","2,000","85","아파트"
"25957","대구광역시 중구 달성동","352","0352","0000","달성파크푸르지오힐스테이트","월세","84.9221","202506","07","2,000","110","8","2023","달성로 123","202507~202707","신규","-","","","아파트"
"25958","대구광역시 동구 봉무동","1530","1530","0000","대구이시아폴리스더샵3차","월세","84.8900","202506","07","2,000","105","2","2013","팔공로51길 10","202507~202707","신규","-","","","아파트"
"25959","대구광역시 동구 신암동","1852","1852","0000","동대구해모로스퀘어웨스트","월세","59.8510","202506","07","2,000","75","14","2023","동북로 340","202506~202706","갱신","-","2,000","75","아파트"
"25960","대구광역시 동구 신서동","543","0543","0000","아름다운나날1","월세","58.6430","202506","07","2,000","60","11","2003","안심로 402","202507~202707","신규","-","","","아파트"
"25961","대구광역시 동구 신서동","518-1","0518","0001","각산역더뉴클래스2차","월세","48.5988","202506","07","1,000","60","14","2015","반야월로 360","202507~202606","신규","-","","","아파트"
"25962","대구광역시 동구 봉무동","1539-17","1539","0017","이시아팰리스","월세","84.4057","202506","07","1,000","90","10","2020","팔공로51길 5","202506~202706","신규","-","","","아파트"
"25963","대구광역시 남구 이천동","1177","1177","0000","대봉교역태왕아너스","전세","84.7801","202506","07","30,000","0","19","2023","대봉로30길 15","202507~202707","신규","-","","","아파트"
"25964","대구광역시 동구 용계동","977-4","0977","0004","해오름타운105동","전세","84.8364","202506","07","17,500","0","7","2016","동촌로 391-14","202507~202707","신규","-","","","아파트"
"25965","대구광역시 동구 신암동","1887","1887","0000","동대구해모로스퀘어이스트","월세","84.9402","202506","07","2,000","100","3","2024","동북로75길 13","202507~202707","신규","-","","","아파트"
"25966","대구광역시 북구 칠성동2가","723","0723","0000","칠성동코오롱하늘채","월세","84.9778","202506","07","3,000","140","18","2014","중앙대로 540","202507~202707","신규","-","","","아파트"
"25967","대구광역시 동구 검사동","1111","1111","0000","동촌역태왕아너스르네상스","전세","72.8933","202506","07","21,000","0","5","2017","동촌로 100","202509~202709","신규","-","","","아파트"
"25968","대구광역시 중구 남산동","3020","3020","0000","남산롯데캐슬센트럴스카이","전세","59.8763","202506","07","31,000","0","15","2021","재마루길 77","202509~202709","신규","-","","","아파트"
"25969","대구광역시 동구 신암동","1860","1860","0000","동대구역화성파크드림","월세","84.8163","202506","07","2,000","135","15","2023","동대구로 590","202506~202706","신규","-","","","아파트"
"25970","대구광역시 동구 신암동","1860","1860","0000","동대구역화성파크드림","전세","84.9482","202506","07","23,000","0","10","2023","동대구로 590","-","-","-","","","아파트"
"25971","대구광역시 동구 신암동","1860","1860","0000","동대구역화성파크드림","월세","84.8163","202506","07","2,000","135","15","2023","동대구로 590","202506~202706","신규","-","","","아파트"
"25972","대구광역시 중구 동산동","916","0916","0000","청라언덕역서한포레스트","전세","84.8493","202506","07","34,000","0","23","2022","달구벌대로 2021","202507~202707","신규","-","","","아파트"
"25973","대구광역시 동구 봉무동","1524","1524","0000","대구이시아폴리스더샵1차","전세","84.9910","202506","07","21,000","0","7","2012","팔공로53길 10","202506~202706","신규","-","","","아파트"
"25974","대구광역시 중구 남산동","3030","3030","0000","남산자이하늘채","전세","84.8948","202506","07","35,000","0","26","2022","명덕로 33","202509~202708","신규","-","","","아파트"
"25975","대구광역시 남구 대명동","1118-1","1118","0001","앞산삼정그린코아트라이시티","전세","84.0744","202506","07","27,000","0","16","2021","대명역2길 70","202506~202706","신규","-","","","아파트"
"25976","대구광역시 동구 신암동","1887","1887","0000","동대구해모로스퀘어이스트","월세","59.8787","202506","07","1,000","85","3","2024","동북로75길 13","202506~202706","신규","-","","","아파트"
"25977","대구광역시 동구 봉무동","1530","1530","0000","대구이시아폴리스더샵3차","전세","84.8500","202506","07","23,000","0","17","2013","팔공로51길 10","202508~202708","신규","-","","","아파트"
"25978","대구광역시 동구 지묘동","1386","1386","0000","LH뉴웰시티","월세","59.9900","202506","07","2,000","70","7","2021","동화천로77길 30","202507~202707","신규","-","","","아파트"
"25979","대구광역시 달성군 다사읍 서재리","1125","1125","0000","에코폴리스동화아이위시2차","월세","51.5729","202506","07","1,000","54","15","2016","서재로7길 23","202506~202706","신규","-","","","아파트"
"25980","대구광역시 달성군 다사읍 매곡리","1582","1582","0000","다사역금호어울림센트럴","전세","84.9350","202506","07","26,000","0","27","2023","다사로 71","202506~202706","신규","-","","","아파트"
"25981","대구광역시 달서구 도원동","1429","1429","0000","한실들마을","월세","59.7600","202506","07","1,000","42","12","1996","한실로 49","202506~202706","신규","-","","","아파트"
"25982","대구광역시 달서구 진천동","15-1","0015","0001","월배역포스코더샵","전세","110.6771","202506","07","30,000","0","10","2006","월서로 51","202508~202708","신규","-","","","아파트"
"25983","대구광역시 달성군 다사읍 서재리","1118","1118","0000","에코폴리스 동화아이위시","월세","59.9943","202506","07","1,000","65","13","2015","서재로12길 38","202507~202707","갱신","-","1,000","55","아파트"
"25984","대구광역시 달서구 대곡동","1034","1034","0000","대곡역화성파크드림위드","월세","59.8213","202506","07","2,000","75","19","2012","비슬로 2734","202508~202708","신규","-","","","아파트"
"25985","대구광역시 달서구 감삼동","337-14","0337","0014","클래식명가","월세","47.6068","202506","07","1,500","65","18","2021","장기로 206","202507~202707","신규","-","","","아파트"
"25986","대구광역시 달성군 다사읍 죽곡리","876","0876","0000","협성휴포레 죽곡","전세","64.9787","202506","07","24,000","0","20","2018","달구벌대로174길 50","202508~202808","신규","-","","","아파트"
"25987","대구광역시 달성군 다사읍 죽곡리","876","0876","0000","협성휴포레 죽곡","전세","64.9787","202506","07","24,000","0","20","2018","달구벌대로174길 50","202507~202807","신규","-","","","아파트"
"25988","대구광역시 달서구 월성동","1557-6","1557","0006","월성동코오롱하늘채1단지","월세","84.9170","202506","07","10,000","50","3","2007","조암남로16길 19","202507~202707","신규","-","","","아파트"
"25989","대구광역시 달서구 용산동","997","0997","0000","용산자이","전세","100.4292","202506","07","45,000","0","35","2024","달구벌대로 1515","-","-","-","","","아파트"
"25990","대구광역시 달서구 용산동","410-2","0410","0002","성서보람타운","전세","59.6700","202506","07","11,000","0","16","1997","새동네로 34","202507~202707","신규","-","","","아파트"
"25991","대구광역시 달서구 용산동","997","0997","0000","용산자이","전세","100.4292","202506","07","45,000","0","35","2024","달구벌대로 1515","202510~202710","신규","-","","","아파트"
"25992","대구광역시 달서구 이곡동","1189-2","1189","0002","성서동서서한","전세","56.3450","202506","07","11,000","0","4","1994","선원로 100","202506~202706","신규","-","","","아파트"
"25993","대구광역시 달서구 이곡동","1306-4","1306","0004","한빛마을(성서주공3차)","전세","59.9900","202506","07","11,000","0","9","1998","선원남로 99","202506~202706","신규","-","","","아파트"
"25994","대구광역시 달성군 논공읍 북리","803-4","0803","0004","논공성원아파트","월세","52.0800","202506","07","200","33","7","1996","논공로23길 14","202506~202706","신규","-","","","아파트"
"25995","대구광역시 달성군 논공읍 북리","803-4","0803","0004","논공성원아파트","월세","59.3400","202506","07","300","35","24","1996","논공로23길 14","202506~202706","신규","-","","","아파트"
"25996","대구광역시 달성군 구지면 응암리","1251","1251","0000","대구국가산단반도유보라아이비파크2","월세","74.9638","202506","07","4,000","35","18","2020","국가산단북로60길 59","202506~202706","신규","-","","","아파트"
"25997","대구광역시 달서구 두류동","2369","2369","0000","두류역서한포레스트","월세","84.5882","202506","07","1,500","100","3","2025","야외음악당로47길 76","202506~202606","신규","-","","","아파트"
"25998","대구광역시 달서구 두류동","2369","2369","0000","두류역서한포레스트","월세","84.5882","202506","07","1,500","100","3","2025","야외음악당로47길 76","202506~202606","신규","-","","","아파트"
"25999","대구광역시 달성군 옥포읍 본리리","2590","2590","0000","미진이지비아","월세","59.9639","202506","07","2,500","30","30","2017","비슬로447길 56","202506~202706","신규","-","","","아파트"
"26000","대구광역시 달서구 본동","747","0747","0000","빌리브클라쎄","월세","84.5900","202506","07","2,000","100","5","2023","와룡로 41","202508~202708","신규","-","","","아파트"
"26001","대구광역시 달서구 본동","616","0616","0000","월성주공5","월세","38.6400","202506","07","2,000","15","12","1992","구마로12길 89","202506~202706","갱신","-","0","20","아파트"
"26002","대구광역시 중구 대봉동","770","0770","0000","더샵리비테르1차","전세","84.9836","202506","07","32,000","0","22","2022","대봉로43길 21","202508~202708","신규","-","","","아파트"
"26003","대구광역시 달성군 구지면 응암리","1210","1210","0000","과학마을청아람","월세","59.8940","202506","06","500","50","16","2016","과학마을로 70","202506~202706","신규","-","","","아파트"
"26004","대구광역시 달성군 다사읍 세천리","1703-1","1703","0001","제일풍경채 프라임","전세","84.9291","202506","06","17,850","0","25","2017","세천남로 35","202507~202707","갱신","사용","17,000","0","아파트"
"26005","대구광역시 달서구 대곡동","58","0058","0000","대곡이오스","전세","59.9938","202506","06","15,000","0","20","2003","비슬로550길 38","202507~202707","신규","-","","","아파트"
"26006","대구광역시 달서구 본동","747","0747","0000","빌리브클라쎄","전세","84.5900","202506","06","27,500","0","28","2023","와룡로 41","202508~202708","신규","-","","","아파트"
"26007","대구광역시 달성군 다사읍 세천리","1703-1","1703","0001","제일풍경채 프라임","전세","84.9291","202506","06","17,850","0","25","2017","세천남로 35","202507~202707","갱신","사용","17,000","0","아파트"
"26008","대구광역시 달성군 다사읍 세천리","1587","1587","0000","현대썬앤빌대구","월세","65.2584","202506","06","2,000","60","14","2017","세천로 182-10","202507~202707","갱신","-","2,000","60","아파트"
"26009","대구광역시 달서구 본동","747","0747","0000","빌리브클라쎄","전세","84.9454","202506","06","27,000","0","34","2023","와룡로 41","202507~202707","신규","-","","","아파트"
"26010","대구광역시 달서구 두류동","2369","2369","0000","두류역서한포레스트","월세","84.5882","202506","06","5,000","100","26","2025","야외음악당로47길 76","202507~202707","신규","-","","","아파트"
"26011","대구광역시 달서구 감삼동","709","0709","0000","힐스테이트죽전역더퍼스트","월세","114.9844","202506","06","4,000","145","16","2022","와룡로31길 26","202506~202706","신규","-","","","아파트"
"26012","대구광역시 달성군 구지면 창리","1447","1447","0000","모아미래도에듀퍼스트","월세","77.7752","202506","06","1,000","65","21","2021","국가산단대로70길 42","202506~202706","신규","-","","","아파트"
"26013","대구광역시 중구 대봉동","758","0758","0000","대봉태왕아너스","전세","84.9870","202506","06","30,000","0","12","2015","동덕로 55","202507~202707","신규","-","","","아파트"
"26014","대구광역시 달서구 유천동","488","0488","0000","유천포스코더샵","월세","59.8653","202506","06","2,000","70","11","2006","달서대로 67","202506~202706","신규","-","","","아파트"
"26015","대구광역시 달성군 다사읍 서재리","1134","1134","0000","메가시티태왕아너스","월세","84.6997","202506","06","2,000","90","4","2022","궁산2길 12","202506~202706","신규","-","","","아파트"
"26016","대구광역시 달성군 옥포읍 교항리","2984","2984","0000","옥포지구서한이다음","월세","59.9900","202506","06","1,000","60","12","2020","돌미로6길 5","202506~202706","신규","-","","","아파트"
"26017","대구광역시 달서구 상인동","42","0042","0000","보성은하","전세","134.9200","202506","06","33,000","0","11","1994","월곡로 320","202507~202707","갱신","사용","35,000","0","아파트"
"26018","대구광역시 달서구 이곡동","1306-4","1306","0004","한빛마을(성서주공3차)","월세","59.9400","202506","06","1,000","50","5","1998","선원남로 99","202506~202706","신규","-","","","아파트"
"26019","대구광역시 달성군 구지면 응암리","1210","1210","0000","과학마을청아람","월세","39.9160","202506","06","500","55","7","2016","과학마을로 70","202506~202606","신규","-","","","아파트"
"26020","대구광역시 달성군 현풍읍 중리","485","0485","0000","대구테크노폴리스일동미라주더파크","월세","84.7935","202506","06","2,000","80","11","2017","테크노북로2길 9","202506~202706","신규","-","","","아파트"
"26021","대구광역시 달서구 월성동","84","0084","0000","월성주공1(고층)","월세","58.4600","202506","06","500","40","5","1991","월곡로94길 30","202506~202706","신규","-","","","아파트"
"26022","대구광역시 달서구 월성동","1557-6","1557","0006","월성동코오롱하늘채1단지","월세","84.9170","202506","06","2,000","100","15","2007","조암남로16길 19","202507~202707","신규","-","","","아파트"
"26023","대구광역시 달서구 월성동","1835","1835","0000","월배e-편한세상","전세","59.9694","202506","06","22,000","0","16","2014","월성로 132","202506~202706","갱신","-","19,000","0","아파트"
"26024","대구광역시 달서구 월성동","1835","1835","0000","월배e-편한세상","전세","59.9694","202506","06","22,000","0","16","2014","월성로 132","202506~202706","갱신","-","19,000","0","아파트"
"26025","대구광역시 달서구 월성동","500-9","0500","0009","월성우방타운","월세","84.9950","202506","06","1,000","71","11","1991","학산로2길 10","202506~202606","신규","-","","","아파트"
"26026","대구광역시 달성군 구지면 응암리","1251","1251","0000","대구국가산단반도유보라아이비파크2","월세","74.9638","202506","06","2,000","50","18","2020","국가산단북로60길 59","202506~202606","신규","-","","","아파트"
"26027","대구광역시 달성군 구지면 응암리","1210","1210","0000","과학마을청아람","월세","39.9160","202506","06","500","50","13","2016","과학마을로 70","202506~202606","신규","-","","","아파트"
"26028","대구광역시 달성군 다사읍 매곡리","1543","1543","0000","죽곡하우젠트아너스빌","전세","112.6195","202506","06","29,000","0","2","2008","왕선로 26","202508~202708","신규","-","","","아파트"
"26029","대구광역시 달성군 화원읍 천내리","918","0918","0000","화원이진캐스빌","월세","84.5734","202506","06","2,000","100","13","2017","비슬로 2545","202507~202707","신규","-","","","아파트"
"26030","대구광역시 달성군 유가읍 봉리","603","0603","0000","진아리채","월세","70.8694","202506","06","2,000","75","11","2016","테크노대로5길 79","202506~202706","신규","-","","","아파트"
"26031","대구광역시 달성군 다사읍 매곡리","229-7","0229","0007","대실역블루핀34","월세","84.5703","202506","06","3,000","70","9","2022","왕선로1길 20","202506~202706","신규","-","","","아파트"
"26032","대구광역시 달서구 도원동","677-1","0677","0001","롯데캐슬레이크","월세","84.9100","202506","06","2,500","70","4","2005","상화로58길 86","202507~202707","신규","-","","","아파트"
"26033","대구광역시 달서구 진천동","472","0472","0000","세광그린타운","월세","59.7900","202506","06","1,000","50","5","1996","진천로7길 47","202508~202708","신규","-","","","아파트"
"26034","대구광역시 북구 학정동","980","0980","0000","칠곡1차한라하우젠트","전세","84.9692","202506","06","23,000","0","8","2007","학남로 10","202507~202707","신규","-","","","아파트"
"26035","대구광역시 수성구 사월동","464","0464","0000","사월보성","월세","59.9700","202506","06","1,000","50","12","1996","욱수천로 133","202507~202707","신규","-","","","아파트"
"26036","대구광역시 수성구 사월동","645","0645","0000","시지한신휴플러스","전세","134.2789","202506","06","29,000","0","9","2013","달구벌대로669길 50","202506~202706","갱신","사용","28,000","0","아파트"
"26037","대구광역시 북구 대현동","535","0535","0000","센트럴파크대현","전세","74.5000","202506","06","20,000","0","17","2016","대현남로6길 20","202506~202706","신규","-","","","아파트"
"26038","대구광역시 북구 동천동","950","0950","0000","화성센트럴파크","월세","84.9870","202506","06","10,000","50","14","2003","대천로 100","202508~202708","신규","-","","","아파트"
"26039","대구광역시 북구 동천동","872","0872","0000","보성서한타운","전세","42.6800","202506","06","8,500","0","8","1995","팔거천동로 104","202507~202707","신규","-","","","아파트"
"26040","대구광역시 북구 동천동","914","0914","0000","부영그린타운(2단지)","월세","59.8488","202506","06","1,000","70","10","2003","동천로24길 12","202506~202706","신규","-","","","아파트"
"26041","대구광역시 수성구 만촌동","1489","1489","0000","만촌자이르네","전세","84.8723","202506","06","45,000","0","4","2023","교학로19길 19","202507~202707","갱신","사용","45,000","0","아파트"
"26042","대구광역시 수성구 만촌동","1341-1","1341","0001","심비움","월세","82.8100","202506","06","1,500","60","1","2008","화랑로2길 113","202506~202706","신규","-","","","아파트"
"26043","대구광역시 수성구 범물동","630","0630","0000","현대청림","전세","59.9900","202506","06","13,500","0","17","1999","지범로54길 15","202507~202707","신규","-","","","아파트"
"26044","대구광역시 수성구 두산동","999","0999","0000","수성레이크푸르지오","월세","84.9381","202506","06","5,000","160","45","2022","청수로24길 91","202507~202706","신규","-","","","아파트"
"26045","대구광역시 수성구 황금동","365","0365","0000","캐슬골드파크5단지","월세","129.5300","202506","06","5,000","150","4","2006","청수로 214","202508~202708","신규","-","","","아파트"
"26046","대구광역시 수성구 범어동","1266","1266","0000","수성태왕아너스","전세","84.8438","202506","06","25,000","0","13","2007","들안로77길 30","202506~202706","신규","-","","","아파트"
"26047","대구광역시 수성구 범어동","175-1","0175","0001","브라운스톤범어","월세","84.9966","202506","06","3,000","140","18","2017","동대구로 354","202506~202706","신규","-","","","아파트"
"26048","대구광역시 수성구 범어동","1266","1266","0000","수성태왕아너스","전세","84.8438","202506","06","25,000","0","13","2007","들안로77길 30","202506~202706","신규","-","","","아파트"
"26049","대구광역시 수성구 범어동","2250","2250","0000","범어효성해링턴플레이스","월세","59.9940","202506","06","5,000","140","16","2018","청호로 433","202510~202710","갱신","사용","5,000","140","아파트"
"26050","대구광역시 북구 매천동","741","0741","0000","매천센트럴파크","전세","84.5800","202506","06","20,000","0","4","2008","매전로4길 9","202507~202707","신규","-","","","아파트"
"26051","대구광역시 수성구 수성동4가","1090-5","1090","0005","쌍용화성","월세","60.0000","202506","06","1,000","75","16","1996","수성로 411","202509~202709","신규","-","","","아파트"
"26052","대구광역시 수성구 사월동","645","0645","0000","시지한신휴플러스","전세","113.6673","202506","06","32,000","0","5","2013","달구벌대로669길 50","202507~202707","신규","-","","","아파트"
"26053","대구광역시 북구 도남동","908","0908","0000","대구도남LH2단지","월세","37.4300","202506","06","687","24","4","2023","도남중앙로22길 10","202507~202706","갱신","-","1,832","21","아파트"
"26054","대구광역시 수성구 두산동","85","0085","0000","호반써밋수성","전세","84.2003","202506","06","45,000","0","32","2024","청수로24길 71","202507~202706","신규","-","","","아파트"
"26055","대구광역시 수성구 지산동","1273","1273","0000","협화맨션","월세","84.7600","202506","06","1,000","60","1","1991","지범로22길 23","202506~202707","신규","-","","","아파트"
"26056","대구광역시 북구 복현동","241-1","0241","0001","복현블루밍브라운스톤명문세가","전세","125.1000","202506","06","29,000","0","7","2011","복현로 71","202507~202707","신규","-","","","아파트"
"26057","대구광역시 북구 복현동","368-1","0368","0001","광명","월세","46.6250","202506","06","500","35","1","1980","동북로65길 13","202506~202706","신규","-","","","아파트"
"26058","대구광역시 수성구 매호동","1331","1331","0000","하나타운","월세","49.9200","202506","06","0","40","2","1995","고산로 123","202506~202706","신규","-","","","아파트"
"26059","대구광역시 수성구 매호동","1331","1331","0000","하나타운","월세","49.9200","202506","06","0","40","2","1995","고산로 123","202506~202706","신규","-","","","아파트"
"26060","대구광역시 수성구 신매동","569","0569","0000","시지대백신화창신맨션","월세","59.8800","202506","06","1,000","51","12","1994","고산로 90","202506~202707","신규","-","","","아파트"
"26061","대구광역시 북구 침산동","1755","1755","0000","강변일성트루엘","전세","84.7954","202506","06","25,000","0","15","2014","침산남로 215","202507~202707","신규","-","","","아파트"
"26062","대구광역시 북구 침산동","341-1","0341","0001","현대","전세","59.5575","202506","06","12,000","0","12","1996","침산로 163","202507~202707","신규","-","","","아파트"
"26063","대구광역시 북구 고성동1가","265","0265","0000","힐스테이트대구역오페라","월세","59.8790","202506","06","1,000","100","17","2024","칠성남로 30","202506~202706","신규","-","","","아파트"
"26064","대구광역시 북구 고성동1가","270","0270","0000","대구오페라스위첸","월세","84.9227","202506","06","2,000","120","26","2024","칠성남로 70","202506~202706","신규","-","","","아파트"
"26065","대구광역시 수성구 만촌동","1040-1","1040","0001","해링턴플레이스만촌","전세","84.1492","202506","06","43,000","0","14","2023","청호로 490","202507~202707","신규","-","","","아파트"
"26066","대구광역시 수성구 만촌동","816","0816","0000","만촌우방타운1단지","전세","84.9200","202506","06","26,700","0","17","1997","교학로11길 46","202507~202607","갱신","-","26,700","0","아파트"
"26067","대구광역시 북구 구암동","788","0788","0000","그린빌4차","월세","59.8300","202506","06","1,000","60","2","2001","구암서로 22","202507~202707","신규","-","","","아파트"
"26068","대구광역시 수성구 시지동","499","0499","0000","노변다숲","월세","59.7300","202506","06","1,000","50","5","1996","노변공원로 34","202507~202607","신규","-","","","아파트"
"26069","대구광역시 북구 사수동","833","0833","0000","금호서한이다음","월세","74.9100","202506","06","1,000","70","6","2016","한강로 17","202507~202707","신규","-","","","아파트"
"26070","대구광역시 중구 삼덕동3가","383","0383","0000","삼덕청아람","월세","84.7528","202506","06","2,000","110","31","2013","달구벌대로447길 77","202506~202706","신규","-","","","아파트"
"26071","대구광역시 동구 동호동","362","0362","0000","상록아파트","전세","59.7200","202506","06","9,786","0","2","2004","동호로 47","202506~202706","신규","-","","","아파트"
"26072","대구광역시 중구 수창동","173","0173","0000","대구역센트럴자이","월세","84.4712","202506","06","3,000","100","27","2017","서성로 99","202506~202701","신규","-","","","아파트"
"26073","대구광역시 동구 불로동","1154","1154","0000","평광현대1","전세","39.6200","202506","06","4,500","0","5","1988","팔공로37길 33","202506~202607","갱신","사용","4,500","0","아파트"
"26074","대구광역시 중구 달성동","352","0352","0000","달성파크푸르지오힐스테이트","전세","84.9713","202506","06","31,000","0","8","2023","달성로 123","202508~202708","신규","-","","","아파트"
"26075","대구광역시 중구 동인동1가","420","0420","0000","힐스테이트동인더스카이","월세","84.9389","202506","06","5,000","85","20","2025","태평로 240","202506~202706","신규","-","","","아파트"
"26076","대구광역시 남구 대명동","3067","3067","0000","교대역하늘채뉴센트원","월세","59.8437","202506","06","3,000","100","17","2022","중앙대로 187","202506~202706","신규","-","","","아파트"
"26077","대구광역시 동구 괴전동","654","0654","0000","안심역코오롱하늘채","월세","73.0687","202506","06","1,000","90","16","2017","금강로21길 30","202506~202706","신규","-","","","아파트"
"26078","대구광역시 중구 동인동3가","414","0414","0000","엑소디움센트럴동인","전세","27.2203","202506","06","16,900","0","12","2023","국채보상로139길 40","202507~202707","신규","-","","","아파트"
"26079","대구광역시 동구 각산동","389-2","0389","0002","성지각산","월세","53.3700","202506","06","500","35","4","1989","반야월북로 155","202506~202706","신규","-","","","아파트"
"26080","대구광역시 북구 칠성동2가","302-105","0302","0105","대구역서원프레시빌","월세","49.5131","202506","06","2,000","60","7","2017","칠성남로 176","202506~202706","신규","-","","","아파트"
"26081","대구광역시 북구 칠성동2가","742","0742","0000","대구역자이더스타","전세","84.7270","202506","06","30,000","0","19","2025","칠성남로 150","202506~202706","신규","-","","","아파트"
"26082","대구광역시 동구 사복동","838","0838","0000","대구혁신엘에이치이노힐즈","전세","84.9800","202506","06","21,000","0","3","2015","메디밸리로 35","202505~202705","신규","-","","","아파트"
"26083","대구광역시 동구 신암동","361-1","0361","0001","로얄이스트2차","전세","82.6593","202506","06","15,000","0","9","2003","신암남로30길 46-3","202507~202707","신규","-","","","아파트"
"26084","대구광역시 동구 신암동","1839","1839","0000","동대구우방아이유쉘","전세","84.9907","202506","06","30,000","0","20","2020","송라로32길 32","202507~202607","신규","-","","","아파트"
"26085","대구광역시 동구 효목동","1322","1322","0000","동대구2차비스타동원","전세","84.9887","202506","06","21,000","0","9","2024","화랑로25길 60","202507~202707","갱신","사용","20,000","0","아파트"
"26086","대구광역시 동구 신암동","259-5","0259","0005","동대구역엘크루더센트럴","전세","84.9744","202506","06","25,000","0","17","2024","신암남로 111","-","-","-","","","아파트"
"26087","대구광역시 동구 신암동","259-5","0259","0005","동대구역엘크루더센트럴","전세","84.9744","202506","06","25,000","0","7","2024","신암남로 111","202507~202707","신규","-","","","아파트"
"26088","대구광역시 서구 내당동","308-11","0308","0011","삼익뉴타운","전세","65.7900","202506","06","13,600","0","9","1980","평리로 236","202507~202707","신규","-","","","아파트"
"26089","대구광역시 서구 내당동","11-1","0011","0001","보성2차홍실타운","월세","59.8200","202506","06","1,000","45","2","1988","통학로 39","202507~202707","신규","-","","","아파트"
"26090","대구광역시 서구 내당동","308-11","0308","0011","삼익뉴타운","월세","46.2100","202506","06","3,000","25","3","1980","평리로 236","202506~202706","신규","-","","","아파트"
"26091","대구광역시 동구 신천동","1518","1518","0000","동대구역센트럴시티자이","월세","84.7615","202506","06","2,000","110","11","2022","송라로10길 33","202506~202706","신규","-","","","아파트"
"26092","대구광역시 동구 신암동","259-5","0259","0005","동대구역엘크루더센트럴","전세","84.9744","202506","06","25,000","0","17","2024","신암남로 111","202507~202707","신규","-","","","아파트"
"26093","대구광역시 동구 신암동","259-5","0259","0005","동대구역엘크루더센트럴","전세","84.9744","202506","06","25,000","0","17","2024","신암남로 111","202507~202707","신규","-","","","아파트"
"26094","대구광역시 남구 이천동","1177","1177","0000","대봉교역태왕아너스","월세","59.9981","202506","05","2,000","85","18","2023","대봉로30길 15","202507~202707","신규","-","","","아파트"
"26095","대구광역시 중구 동인동1가","420","0420","0000","힐스테이트동인더스카이","월세","84.9389","202506","05","5,000","85","37","2025","태평로 240","202506~202706","신규","-","","","아파트"
"26096","대구광역시 동구 효목동","1322","1322","0000","동대구2차비스타동원","전세","84.9887","202506","05","23,000","0","14","2024","화랑로25길 60","202506~202706","갱신","-","20,000","0","아파트"
"26097","대구광역시 동구 효목동","581","0581","0000","럭키2","월세","54.2800","202506","05","500","40","4","1980","화랑로25길 43","202506~202706","신규","-","","","아파트"
"26098","대구광역시 동구 신기동","576","0576","0000","신기모란2차","전세","38.9700","202506","05","8,000","0","4","1988","율하동로20길 30","202506~202706","신규","-","","","아파트"
"26099","대구광역시 동구 신천동","551-23","0551","0023","신천가람타운","월세","59.9100","202506","05","1,000","55","6","1997","신암로16길 17","202507~202707","신규","-","","","아파트"
"26100","대구광역시 동구 신천동","487","0487","0000","신천보성","월세","57.5525","202506","05","500","35","5","1982","효신로 17","202506~202706","신규","-","","","아파트"
"26101","대구광역시 중구 수창동","173","0173","0000","대구역센트럴자이","월세","84.6421","202506","05","2,000","100","5","2017","서성로 99","202506~202706","신규","-","","","아파트"
"26102","대구광역시 동구 신천동","499-1","0499","0001","코스모스","전세","46.9850","202506","05","6,500","0","4","1981","화랑로11길 26","202506~202706","신규","-","","","아파트"
"26103","대구광역시 서구 평리동","1703","1703","0000","서대구역반도유보라센텀","전세","59.6964","202506","05","22,000","0","12","2023","문화로 230","202507~202707","신규","-","","","아파트"
"26104","대구광역시 중구 남산동","3049","3049","0000","청라힐스자이","월세","84.8688","202506","05","10,000","90","10","2023","남산로 73","202507~202608","신규","-","","","아파트"
"26105","대구광역시 중구 남산동","3043","3043","0000","반월당역서한포레스트","전세","69.9124","202506","05","26,000","0","30","2022","중앙대로67길 11","202509~202709","신규","-","","","아파트"
"26106","대구광역시 중구 남산동","437-1","0437","0001","인터불고코아시스","월세","26.9326","202506","05","500","55","15","2014","명륜로 19","202506~202606","신규","-","","","아파트"
"26107","대구광역시 중구 태평로3가","221-5","0221","0005","힐스테이트대구역퍼스트","전세","84.6679","202506","05","27,000","0","39","2025","태평로 100","202507~202707","신규","-","","","아파트"
"26108","대구광역시 중구 동인동1가","409","0409","0000","힐스테이트동인센트럴","전세","84.5630","202506","05","30,000","0","4","2024","동덕로 181","202507~202707","신규","-","","","아파트"
"26109","대구광역시 서구 비산동","1825-4","1825","0004","엘리시안","전세","84.5136","202506","05","15,750","0","2","2016","서대구로63안길 19","202507~202707","갱신","-","15,750","0","아파트"
"26110","대구광역시 동구 신암동","1852","1852","0000","동대구해모로스퀘어웨스트","전세","76.7437","202506","05","23,000","0","11","2023","동북로 340","202506~202706","갱신","사용","22,000","0","아파트"
"26111","대구광역시 달성군 다사읍 서재리","61","0061","0000","서재보성2","전세","47.0300","202506","05","7,000","0","11","1999","서재로30길 7","202507~202707","신규","-","","","아파트"
"26112","대구광역시 달성군 다사읍 서재리","61","0061","0000","서재보성2","전세","47.0300","202506","05","7,000","0","11","1999","서재로30길 7","202507~202707","신규","-","","","아파트"
"26113","대구광역시 달성군 논공읍 북리","803-4","0803","0004","논공성원아파트","월세","59.4000","202506","05","300","35","2","1996","논공로23길 14","202506~202706","신규","-","","","아파트"
"26114","대구광역시 달서구 대곡동","1123","1123","0000","수목원제일풍경채","전세","99.9400","202506","05","27,500","0","6","2018","갈밭남로 12","202507~202707","신규","-","","","아파트"
"26115","대구광역시 달서구 도원동","1464","1464","0000","서한이다음레이크뷰","전세","84.9437","202506","05","30,500","0","1","2015","상화로58길 35","202506~202706","갱신","-","40,000","0","아파트"
"26116","대구광역시 달서구 이곡동","1189-2","1189","0002","성서동서서한","월세","49.2600","202506","05","1,000","45","2","1994","선원로 100","202506~202606","신규","-","","","아파트"
"26117","대구광역시 달서구 이곡동","1308-1","1308","0001","성서2서한타운","월세","84.9100","202506","05","2,000","70","14","1997","선원로 122","202506~202706","신규","-","","","아파트"
"26118","대구광역시 달성군 현풍읍 중리","487","0487","0000","대구테크노폴리스엘에이치천년나무1단지","월세","46.8900","202506","05","1,273","29","4","2016","테크노북로2길 10","202509~202708","갱신","사용","1,273","27","아파트"
"26119","대구광역시 달성군 유가읍 쌍계리","633","0633","0000","대구테크노폴리스중흥에스-클래스포디움","월세","99.9819","202506","05","2,000","103","16","2018","테크노순환로 423","202506~202706","신규","-","","","아파트"
"26120","대구광역시 달서구 두류동","2369","2369","0000","두류역서한포레스트","전세","84.5882","202506","05","28,000","0","6","2025","야외음악당로47길 76","202507~202707","신규","-","","","아파트"
"26121","대구광역시 달서구 진천동","472","0472","0000","세광그린타운","전세","59.7900","202506","05","11,000","0","6","1996","진천로7길 47","202507~202707","신규","-","","","아파트"
"26122","대구광역시 달서구 감삼동","702","0702","0000","삼정브리티시용산","월세","84.3064","202506","05","2,000","88","28","2013","달구벌대로 1530","202506~202706","신규","-","","","아파트"
"26123","대구광역시 달서구 용산동","414-4","0414","0004","성서6주공","전세","49.9500","202506","05","11,500","0","12","1998","성지로 35","202507~202707","신규","-","","","아파트"
"26124","대구광역시 달서구 이곡동","1189-2","1189","0002","성서동서서한","월세","56.3450","202506","05","1,000","50","5","1994","선원로 100","202506~202706","신규","-","","","아파트"
"26125","대구광역시 달서구 진천동","602","0602","0000","진천역계룡리슈빌","전세","121.1541","202506","05","29,000","0","11","2011","진천로 77","202507~202707","신규","-","","","아파트"
"26126","대구광역시 달서구 용산동","419-1","0419","0001","한마음","전세","84.9800","202506","05","18,000","0","6","1997","선원남로 151","202507~202707","신규","-","","","아파트"
"26127","대구광역시 달서구 상인동","1591","1591","0000","시영장미3","월세","49.8000","202506","05","500","45","10","1993","상화로 370","202506~202706","신규","-","","","아파트"
"26128","대구광역시 달성군 다사읍 죽곡리","152","0152","0000","강창태성그린시티","월세","59.9700","202506","05","1,000","55","15","1996","죽곡2길 6","202507~202607","신규","-","","","아파트"
"26129","대구광역시 달성군 다사읍 죽곡리","822","0822","0000","죽곡푸르지오2단지","전세","84.8617","202506","05","30,000","0","1","2012","대실역남로 93","202508~202708","신규","-","","","아파트"
"26130","대구광역시 달성군 다사읍 죽곡리","814","0814","0000","대실역태왕아너스","전세","59.8870","202506","05","19,900","0","7","2017","대실역남로 11","202508~202708","신규","-","","","아파트"
"26131","대구광역시 달서구 상인동","1501","1501","0000","상인동화,태왕,한양타운","전세","59.9100","202506","05","14,000","0","14","1993","상인서로 94","202508~202708","신규","-","","","아파트"
"26132","대구광역시 달성군 다사읍 매곡리","1537","1537","0000","대실역청아람1단지","전세","84.9851","202506","05","20,470","0","4","2008","대실역북로 38","202506~202706","갱신","사용","19,500","0","아파트"
"26133","대구광역시 달성군 다사읍 매곡리","719-3","0719","0003","강창한서꼼빠니아","전세","59.9600","202506","05","9,000","0","15","1996","달구벌대로 802-1","202508~202708","신규","-","","","아파트"
"26134","대구광역시 달성군 다사읍 매곡리","1537","1537","0000","대실역청아람1단지","전세","59.9748","202506","05","14,000","0","19","2008","대실역북로 38","202506~203006","신규","-","","","아파트"
"26135","대구광역시 달서구 용산동","997","0997","0000","용산자이","월세","84.9956","202506","05","2,000","130","28","2024","달구벌대로 1515","202507~202707","신규","-","","","아파트"
"26136","대구광역시 달성군 다사읍 매곡리","719-3","0719","0003","강창한서꼼빠니아","월세","59.9600","202506","05","1,000","50","4","1996","달구벌대로 802-1","202506~202606","신규","-","","","아파트"
"26137","대구광역시 달성군 가창면 용계리","465","0465","0000","가창중석타운","월세","84.9800","202506","05","1,000","60","12","1997","가창로 1008","202506~202606","신규","-","","","아파트"
"26138","대구광역시 달성군 다사읍 매곡리","1543","1543","0000","죽곡하우젠트아너스빌","월세","59.9925","202506","05","2,000","75","3","2008","왕선로 26","202507~202607","신규","-","","","아파트"
"26139","대구광역시 달서구 월성동","1891","1891","0000","월성삼정그린코아카운티","전세","121.9631","202506","05","45,000","0","3","2022","월암로 8","202508~202708","신규","-","","","아파트"
"26140","대구광역시 달서구 월성동","120","0120","0000","월성푸르지오","전세","84.9232","202506","05","26,000","0","12","2008","조암로6길 20","202506~202706","갱신","-","22,000","0","아파트"
"26141","대구광역시 달성군 유가읍 봉리","601","0601","0000","하나리움퀸즈파크","월세","59.9814","202506","05","1,000","65","21","2015","테크노북로 164","202506~202706","신규","-","","","아파트"
"26142","대구광역시 달서구 장기동","813-1","0813","0001","장기초록나라","전세","59.9897","202506","05","15,500","0","16","2000","한들로 55","202506~202706","신규","-","","","아파트"
"26143","대구광역시 북구 사수동","771","0771","0000","대구금호엘에이치천년나무8단지","월세","46.6700","202506","05","6,308","13","7","2016","내곡로 15","202509~202708","신규","-","","","아파트"
"26144","대구광역시 수성구 범어동","2291","2291","0000","수성범어W","전세","102.9949","202506","05","85,000","0","57","2023","달구벌대로 2436","202508~202708","신규","-","","","아파트"
"26145","대구광역시 북구 구암동","695-3","0695","0003","칠곡청구타운","월세","59.3400","202506","05","1,000","50","13","1995","학정로 271","202506~202706","신규","-","","","아파트"
"26146","대구광역시 수성구 지산동","1234-1","1234","0001","지산2단지","월세","54.1200","202506","05","1,000","50","7","1991","지산로 5","202506~202706","신규","-","","","아파트"
"26147","대구광역시 수성구 범어동","2291","2291","0000","수성범어W","전세","84.9911","202506","05","58,000","0","12","2023","달구벌대로 2436","202508~202708","신규","-","","","아파트"
"26148","대구광역시 수성구 지산동","1297-3","1297","0003","지산서한이다음아파트","전세","54.1200","202506","05","11,250","0","5","1991","용학로 313","202507~202707","갱신","-","12,500","0","아파트"
"26149","대구광역시 수성구 지산동","1273","1273","0000","협화맨션","전세","84.7600","202506","05","20,000","0","6","1991","지범로22길 23","202507~202707","신규","-","","","아파트"
"26150","대구광역시 북구 구암동","695-2","0695","0002","칠곡건영","월세","59.7150","202506","05","3,000","35","7","2001","구암로32길 15","202507~202707","신규","-","","","아파트"
"26151","대구광역시 수성구 황금동","99-1","0099","0001","태왕아너스","전세","244.7163","202506","05","170,000","0","16","2004","청호로 345","202507~203007","신규","-","","","아파트"
"26152","대구광역시 북구 고성동1가","265","0265","0000","힐스테이트대구역오페라","월세","101.8094","202506","05","3,000","140","8","2024","칠성남로 30","202506~202706","신규","-","","","아파트"
"26153","대구광역시 수성구 범어동","614-3","0614","0003","태왕유성하이빌","월세","84.9686","202506","05","3,000","90","8","2003","동대구로 250","202508~202612","신규","-","","","아파트"
"26154","대구광역시 북구 사수동","789","0789","0000","브라운스톤강북","월세","84.9500","202506","05","1,000","80","6","2015","내곡로 89","202506~202706","신규","-","","","아파트"
"26155","대구광역시 북구 읍내동","491","0491","0000","칠곡이편한세상","월세","124.8292","202506","05","2,000","120","4","2009","칠곡중앙대로 598","202507~202807","신규","-","","","아파트"
"26156","대구광역시 수성구 범물동","1261","1261","0000","범물하이츠","월세","41.8500","202506","05","3,000","28","6","1992","용학로 336","202506~202704","신규","-","","","아파트"
"26157","대구광역시 북구 동천동","889","0889","0000","칠곡우방하이츠","월세","59.9600","202506","05","1,000","60","10","1999","구리로 26","202506~202706","갱신","-","1,000","60","아파트"
"26158","대구광역시 수성구 만촌동","1341-1","1341","0001","심비움","전세","82.8100","202506","05","17,500","0","5","2008","화랑로2길 113","202507~202707","신규","-","","","아파트"
"26159","대구광역시 수성구 범물동","1336","1336","0000","범물한라창신태성맨션","전세","71.8800","202506","05","17,500","0","5","1992","용학로 272","202506~202706","갱신","사용","18,000","0","아파트"
"26160","대구광역시 수성구 범물동","1336","1336","0000","범물한라창신태성맨션","전세","71.8800","202506","05","18,100","0","5","1992","용학로 272","202506~202706","갱신","사용","18,000","0","아파트"
"26161","대구광역시 북구 사수동","771","0771","0000","대구금호엘에이치천년나무8단지","월세","39.8600","202506","05","4,978","10","20","2016","내곡로 15","202509~202708","갱신","-","2,178","24","아파트"
"26162","대구광역시 북구 침산동","233-3","0233","0003","동아침산2무지개","전세","59.7600","202506","05","19,500","0","13","1999","침산로21길 10","202509~202709","신규","-","","","아파트"
"26163","대구광역시 수성구 중동","556","0556","0000","수성푸르지오리버센트","월세","84.9976","202506","05","3,000","130","13","2024","수성로35길 50","202506~202606","신규","-","","","아파트"
"26164","대구광역시 수성구 중동","645","0645","0000","수성데시앙리버뷰","전세","110.9941","202506","05","43,000","0","6","2022","희망로20길 10","202508~202708","신규","-","","","아파트"
"26165","대구광역시 북구 연경동","994","0994","0000","연경대광로제비앙더퍼스트","전세","84.9809","202506","05","23,000","0","7","2020","동화천로 220","202507~202707","신규","-","","","아파트"
"26166","대구광역시 수성구 매호동","1324","1324","0000","두레타운","전세","39.9000","202506","05","8,500","0","15","1995","천을로 131","202506~202706","신규","-","","","아파트"
"26167","대구광역시 북구 대현동","535","0535","0000","센트럴파크대현","전세","51.4200","202506","05","16,800","0","2","2016","대현남로6길 20","202506~202606","갱신","사용","16,000","0","아파트"
"26168","대구광역시 수성구 신매동","580","0580","0000","시지청솔타운","전세","57.3900","202506","05","11,500","0","8","1995","고산로 70","-","-","-","","","아파트"
"26169","대구광역시 수성구 신매동","595","0595","0000","두성","월세","59.3700","202506","05","500","45","10","1994","고산로 30","202506~202706","신규","-","","","아파트"
"26170","대구광역시 수성구 신매동","601","0601","0000","시지보성서한아파트","월세","116.6500","202506","05","2,000","80","14","1995","신매로 21","202507~202707","신규","-","","","아파트"
"26171","대구광역시 북구 사수동","771","0771","0000","대구금호엘에이치천년나무8단지","월세","39.8600","202506","05","2,478","22","1","2016","내곡로 15","202509~202708","신규","-","","","아파트"
"26172","대구광역시 북구 복현동","60","0060","0000","동서성화","월세","60.5200","202506","05","500","35","4","1989","복현로 114-18","202506~202706","신규","-","","","아파트"
"26173","대구광역시 수성구 범어동","2291","2291","0000","수성범어W","전세","84.9911","202506","05","58,000","0","12","2023","달구벌대로 2436","202508~202708","신규","-","","","아파트"
"26174","대구광역시 북구 사수동","837","0837","0000","대구금호엘에이치천년나무1단지","월세","59.6000","202506","04","4,055","40","3","2014","한강로 55","202509~202708","신규","-","","","아파트"
"26175","대구광역시 수성구 만촌동","811-49","0811","0049","만촌한화꿈에그린","월세","84.8920","202506","04","3,000","120","14","2006","교학로7길 77","202507~202707","신규","-","","","아파트"
"26176","대구광역시 북구 서변동","1766","1766","0000","영남네오빌블루","월세","84.7804","202506","04","2,500","65","4","2003","서변로 120","202507~202707","신규","-","","","아파트"
"26177","대구광역시 북구 동천동","880-1","0880","0001","칠곡2영남타운","전세","39.9600","202506","04","7,500","0","1","1996","팔거천동로24길 40","202506~202706","신규","-","","","아파트"
"26178","대구광역시 북구 동천동","880-1","0880","0001","칠곡2영남타운","전세","39.9600","202506","04","7,500","0","1","1996","팔거천동로24길 40","-","-","-","","","아파트"
"26179","대구광역시 수성구 수성동4가","1090-7","1090","0007","우방사랑마을","월세","34.4400","202506","04","500","50","9","1996","달구벌대로 2317","202508~202607","갱신","-","500","48","아파트"
"26180","대구광역시 수성구 만촌동","1479","1479","0000","만촌3차화성파크드림","월세","84.9882","202506","04","5,000","140","5","2016","교학로 13","202508~202708","신규","-","","","아파트"
"26181","대구광역시 수성구 수성동1가","818","0818","0000","수성롯데캐슬THEFIRST","월세","84.9746","202506","04","3,000","125","2","2015","수성로69길 70","202506~202706","신규","-","","","아파트"
"26182","대구광역시 북구 도남동","908","0908","0000","대구도남LH2단지","월세","46.2300","202506","04","3,904","22","18","2023","도남중앙로22길 10","202507~202706","신규","-","","","아파트"
"26183","대구광역시 북구 구암동","655-1","0655","0001","칠곡서한타운3","월세","59.8700","202506","04","3,000","35","3","1996","구암로32길 14","202507~202707","신규","-","","","아파트"
"26184","대구광역시 수성구 지산동","761","0761","0000","녹원맨션","월세","84.9600","202506","04","15,000","10","13","1989","무학로 189","202506~202706","신규","-","","","아파트"
"26185","대구광역시 북구 복현동","709","0709","0000","복현아이파크","전세","75.9708","202506","04","25,000","0","11","2021","동북로 241","202508~202708","갱신","-","23,000","0","아파트"
"26186","대구광역시 북구 복현동","241-1","0241","0001","복현블루밍브라운스톤명문세가","월세","85.0000","202506","04","11,032","16","3","2011","복현로 50","202507~202707","신규","-","","","아파트"
"26187","대구광역시 북구 복현동","241-1","0241","0001","복현블루밍브라운스톤명문세가","월세","85.0000","202506","04","12,608","11","10","2011","복현로 50","202506~202706","신규","-","","","아파트"
"26188","대구광역시 북구 복현동","79","0079","0000","한라","월세","70.4000","202506","04","2,000","40","5","1980","공항로5길 6","202506~202604","신규","-","","","아파트"
"26189","대구광역시 수성구 파동","1034","1034","0000","수성더팰리스푸르지오더샵","전세","75.9914","202506","04","30,000","0","2","2023","파동로 188","202508~202708","신규","-","","","아파트"
"26190","대구광역시 수성구 신매동","595","0595","0000","두성","전세","59.3700","202506","04","11,000","0","8","1994","고산로 30","202512~202712","신규","-","","","아파트"
"26191","대구광역시 수성구 신매동","570","0570","0000","시지삼주한라협화","월세","59.8800","202506","04","1,000","45","5","1994","신매로 91","202506~202706","신규","-","","","아파트"
"26192","대구광역시 수성구 신매동","570","0570","0000","시지삼주한라협화","월세","84.8400","202506","04","6,500","60","5","1994","신매로 91","202506~202706","신규","-","","","아파트"
"26193","대구광역시 북구 학정동","925","0925","0000","학정청아람","월세","84.6736","202506","04","2,000","80","9","2007","학정로110길 29","202506~202706","신규","-","","","아파트"
"26194","대구광역시 수성구 매호동","1077-1","1077","0001","시지매호2동서","전세","84.9000","202506","04","20,000","0","14","1999","달구벌대로641길 8","202507~202707","신규","-","","","아파트"
"26195","대구광역시 수성구 상동","555","0555","0000","수성동일하이빌레이크시티","전세","118.7664","202506","04","50,000","0","7","2009","수성로 71","202508~202708","신규","-","","","아파트"
"26196","대구광역시 수성구 중동","411-1","0411","0001","광명프레지던트","월세","76.3750","202506","04","1,000","55","6","1980","수성로 165","202506~202706","신규","-","","","아파트"
"26197","대구광역시 북구 연경동","1081","1081","0000","대구연경엘에이치천년나무1단지","월세","16.6600","202506","04","1,122","6","10","2019","동화천로 280","202508~202707","신규","-","","","아파트"
"26198","대구광역시 북구 태전동","1103","1103","0000","휴먼시아1단지","월세","51.8900","202506","04","3,226","22","20","2008","매전로 73","202506~202707","신규","-","","","아파트"
"26199","대구광역시 북구 태전동","489","0489","0000","두성파크2","월세","84.7900","202506","04","1,000","55","2","1993","학정로13길 16","202507~202707","신규","-","","","아파트"
"26200","대구광역시 북구 국우동","1080","1080","0000","그린빌6단지","전세","51.4900","202506","04","13,000","0","12","2002","학정동로 10","202506~202706","신규","-","","","아파트"
"26201","대구광역시 북구 국우동","1238","1238","0000","힐스테이트데시앙도남2단지","월세","84.9628","202506","04","5,000","70","17","2021","도남길 16","202506~202706","신규","-","","","아파트"
"26202","대구광역시 북구 침산동","105-1","0105","0001","코오롱하늘채2단지","월세","134.1855","202506","04","23,000","55","9","2006","중앙대로 591","202506~202511","갱신","-","23,000","65","아파트"
"26203","대구광역시 북구 침산동","431-2","0431","0002","청구타운","월세","59.9900","202506","04","1,000","60","8","1995","침산남로19길 9","202506~202706","신규","-","","","아파트"
"26204","대구광역시 수성구 시지동","498","0498","0000","고산노변타운","전세","59.7500","202506","04","14,000","0","14","1996","시지로 55","202507~202707","신규","-","","","아파트"
"26205","대구광역시 북구 관음동","1370","1370","0000","칠곡한양2","월세","59.8200","202506","04","1,000","40","6","1993","구암로 17","202506~202706","신규","-","","","아파트"
"26206","대구광역시 수성구 범어동","320","0320","0000","경남타운","전세","115.6350","202506","04","28,000","0","11","1982","범어로 27","202508~202708","신규","-","","","아파트"
"26207","대구광역시 북구 사수동","812","0812","0000","서희스타힐스테이","월세","84.8183","202506","04","15,000","27","16","2019","내곡로 90","202506~202706","신규","-","","","아파트"
"26208","대구광역시 동구 방촌동","1152","1152","0000","방촌역세영리첼아파트","전세","84.9737","202506","04","30,000","0","9","2021","동촌로 260","202507~202707","신규","-","","","아파트"
"26209","대구광역시 중구 동산동","916","0916","0000","청라언덕역서한포레스트","월세","84.8493","202506","04","3,000","118","16","2022","달구벌대로 2021","202506~202706","신규","-","","","아파트"
"26210","대구광역시 동구 신암동","1860","1860","0000","동대구역화성파크드림","전세","84.8163","202506","04","26,250","0","11","2023","동대구로 590","202507~202707","갱신","사용","25,000","0","아파트"
"26211","대구광역시 중구 동인동3가","414","0414","0000","엑소디움센트럴동인","전세","27.2203","202506","04","17,200","0","17","2023","국채보상로139길 40","202506~202706","신규","-","","","아파트"
"26212","대구광역시 동구 율하동","1461","1461","0000","율하휴먼시아6단지","월세","46.9000","202506","04","4,501","8","11","2008","안심로16길 45","202507~202706","갱신","-","2,409","16","아파트"
"26213","대구광역시 동구 괴전동","654","0654","0000","안심역코오롱하늘채","월세","84.7718","202506","04","2,000","100","8","2017","금강로21길 30","202507~202707","신규","-","","","아파트"
"26214","대구광역시 중구 달성동","352","0352","0000","달성파크푸르지오힐스테이트","월세","84.9713","202506","04","10,000","60","3","2023","달성로 123","202507~202707","신규","-","","","아파트"
"26215","대구광역시 중구 동인동1가","420","0420","0000","힐스테이트동인더스카이","전세","84.9389","202506","04","35,000","0","49","2025","태평로 240","202507~202707","신규","-","","","아파트"
"26216","대구광역시 서구 내당동","308-11","0308","0011","삼익뉴타운","전세","65.7900","202506","04","11,000","0","7","1980","평리로 236","202506~202706","신규","-","","","아파트"
"26217","대구광역시 동구 신천동","538-3","0538","0003","신천역까사밀라101동","월세","22.5900","202506","04","0","40","11","2015","동부로 29","202506~202606","갱신","-","0","40","아파트"
"26218","대구광역시 중구 남산동","2466-1","2466","0001","보성황실타운","월세","59.9600","202506","04","1,000","70","19","1993","남산로13길 17","202506~202706","신규","-","","","아파트"
"26219","대구광역시 중구 남산동","3016","3016","0000","e편한세상남산","월세","59.9875","202506","04","2,000","100","18","2020","달구벌대로 2020","202508~202802","신규","-","","","아파트"
"26220","대구광역시 동구 지묘동","1386","1386","0000","LH뉴웰시티","월세","84.9600","202506","04","6,369","56","4","2021","동화천로77길 30","202508~202707","신규","-","","","아파트"
"26221","대구광역시 서구 평리동","1497-44","1497","0044","서대구역서한이다음더퍼스트","전세","39.8388","202506","04","13,650","0","16","2023","국채보상로37길 38","202508~202708","신규","-","","","아파트"
"26222","대구광역시 서구 평리동","632-9","0632","0009","서대구KTX영무예다음","전세","84.5785","202506","04","21,500","0","17","2023","당산로 446","202506~202706","갱신","-","20,000","0","아파트"
"26223","대구광역시 중구 동인동1가","420","0420","0000","힐스테이트동인더스카이","월세","84.9389","202506","04","2,000","120","24","2025","태평로 240","202506~202706","신규","-","","","아파트"
"26224","대구광역시 동구 봉무동","1530","1530","0000","대구이시아폴리스더샵3차","월세","65.9200","202506","04","1,000","90","1","2013","팔공로51길 10","202506~202706","신규","-","","","아파트"
"26225","대구광역시 동구 효목동","1331","1331","0000","동대구푸르지오브리센트","월세","84.9941","202506","04","3,000","110","5","2024","효목로5길 55","202507~202607","신규","-","","","아파트"
"26226","대구광역시 동구 효목동","589","0589","0000","삼일","월세","59.4000","202506","04","1,000","40","5","1980","효목로 66","202507~202707","신규","-","","","아파트"
"26227","대구광역시 남구 대명동","3062","3062","0000","앞산리슈빌앤리마크1단지","월세","84.9388","202506","04","5,000","81","6","2018","안지랑로 73","202508~202708","갱신","-","5,000","81","아파트"
"26228","대구광역시 동구 신암동","1860","1860","0000","동대구역화성파크드림","전세","84.9482","202506","04","35,000","0","10","2023","동대구로 590","202510~202710","신규","-","","","아파트"
"26229","대구광역시 동구 신암동","1860","1860","0000","동대구역화성파크드림","전세","59.9936","202506","04","20,000","0","3","2023","동대구로 590","202507~202607","갱신","-","20,000","0","아파트"
"26230","대구광역시 동구 신암동","250-6","0250","0006","청산드림뷰1","전세","93.4400","202506","04","13,000","0","3","2003","신암남로23길 51","202509~202709","신규","-","","","아파트"
"26231","대구광역시 남구 대명동","3067","3067","0000","교대역하늘채뉴센트원","월세","39.6022","202506","04","19,200","2","12","2022","중앙대로 187","202506~202706","갱신","-","17,600","13","아파트"
"26232","대구광역시 남구 대명동","3072","3072","0000","대명역센트럴엘리프","월세","114.7188","202506","04","200","200","4","2022","대명로14길 60","202506~202705","신규","-","","","아파트"
"26233","대구광역시 남구 대명동","619-1","0619","0001","유성맨션","월세","73.2800","202506","04","500","43","4","1981","현충로25길 55","202506~202706","신규","-","","","아파트"
"26234","대구광역시 동구 지묘동","1316","1316","0000","대구연경엘에이치천년나무2단지","월세","46.5100","202506","04","5,620","12","17","2020","연경지묘로 153","202408~202607","갱신","사용","5,498","10","아파트"
"26235","대구광역시 중구 교동","8","0008","0000","노마즈하우스","월세","14.5980","202506","04","200","35","13","2014","공평로 105","202506~202606","신규","-","","","아파트"
"26236","대구광역시 서구 평리동","1497-44","1497","0044","서대구역서한이다음더퍼스트","전세","39.8388","202506","04","13,650","0","16","2023","국채보상로37길 38","202508~202708","신규","-","","","아파트"
"26237","대구광역시 동구 동호동","362","0362","0000","상록아파트","월세","59.7200","202506","04","1,957","26","3","2004","동호로 47","202507~202707","신규","-","","","아파트"
"26238","대구광역시 동구 방촌동","1084-30","1084","0030","우방강촌마을1","월세","29.2500","202506","04","500","35","8","1996","화랑로80길 8","202506~202706","신규","-","","","아파트"
"26239","대구광역시 동구 방촌동","1152","1152","0000","방촌역세영리첼아파트","전세","84.9737","202506","04","30,000","0","9","2021","동촌로 260","202507~202707","신규","-","","","아파트"
"26240","대구광역시 달서구 본동","752","0752","0000","달서코아루더리브","전세","84.6624","202506","04","21,500","0","42","2023","와룡로 42","202506~202706","갱신","-","21,000","0","아파트"
"26241","대구광역시 달서구 용산동","414-4","0414","0004","성서6주공","전세","49.9500","202506","04","11,000","0","15","1998","성지로 35","202506~202606","신규","-","","","아파트"
"26242","대구광역시 달서구 신당동","1846","1846","0000","성서주공2","전세","37.6700","202506","04","7,600","0","7","1995","신당로 55","202506~202706","신규","-","","","아파트"
"26243","대구광역시 달서구 송현동","1911","1911","0000","월성","월세","42.0800","202506","04","1,000","20","3","1981","송현로16길 43","202506~202706","신규","-","","","아파트"
"26244","대구광역시 달서구 유천동","612","0612","0000","대구월배2차아이파크","전세","74.3578","202506","04","28,000","0","19","2016","월배로5길 76","202507~202706","신규","-","","","아파트"
"26245","대구광역시 달서구 유천동","298-1","0298","0001","대곡역화성파크드림","월세","84.8403","202506","04","2,000","72","27","2007","달서대로 41","202506~202706","신규","-","","","아파트"
"26246","대구광역시 달서구 감삼동","280-2","0280","0002","죽전역인터불고라비다","전세","68.9155","202506","04","21,000","0","20","2020","와룡로 148","202507~202707","갱신","사용","20,000","0","아파트"
"26247","대구광역시 달성군 다사읍 죽곡리","822","0822","0000","죽곡푸르지오2단지","전세","84.6141","202506","04","26,000","0","1","2012","대실역남로 93","202508~202708","갱신","-","24,000","0","아파트"
"26248","대구광역시 달성군 논공읍 남리","635","0635","0000","논공주공","월세","59.9900","202506","04","400","30","7","1997","남리길 48","202508~202708","신규","-","","","아파트"
"26249","대구광역시 달성군 옥포읍 교항리","2984","2984","0000","옥포지구서한이다음","월세","59.9900","202506","04","1,500","55","14","2020","돌미로6길 5","202508~202708","신규","-","","","아파트"
"26250","대구광역시 달성군 옥포읍 교항리","2984","2984","0000","옥포지구서한이다음","월세","59.9900","202506","04","1,000","60","14","2020","돌미로6길 5","202508~202708","신규","-","","","아파트"
"26251","대구광역시 달서구 상인동","42","0042","0000","보성은하","전세","84.9600","202506","04","18,375","0","7","1994","월곡로 320","202507~202707","갱신","사용","17,500","0","아파트"
"26252","대구광역시 달서구 상인동","1591","1591","0000","시영장미3","전세","43.2000","202506","04","6,000","0","4","1993","상화로 370","202506~202706","신규","-","","","아파트"
"26253","대구광역시 달서구 상인동","1517","1517","0000","상인영남화성타운","월세","84.9900","202506","04","2,000","67","7","1993","상인서로 76","202507~202707","신규","-","","","아파트"
"26254","대구광역시 달서구 상인동","1475-1","1475","0001","세경백조3차(임대)","전세","39.7800","202506","04","5,000","0","2","1994","상화북로 160","202507~202707","신규","-","","","아파트"
"26255","대구광역시 달성군 유가읍 봉리","627","0627","0000","반도유보라","전세","70.3895","202506","04","18,000","0","5","2016","테크노대로 195","202506~202706","신규","-","","","아파트"
"26256","대구광역시 달성군 유가읍 봉리","604","0604","0000","남해오네뜨2차","전세","69.2570","202506","04","13,000","0","9","2016","테크노대로5길 57","202507~202707","신규","-","","","아파트"
"26257","대구광역시 달성군 유가읍 봉리","601","0601","0000","하나리움퀸즈파크","전세","59.9814","202506","04","12,000","0","24","2015","테크노북로 164","202507~202707","신규","-","","","아파트"
"26258","대구광역시 달성군 유가읍 봉리","627","0627","0000","반도유보라","전세","70.0935","202506","04","16,500","0","12","2016","테크노대로 195","202506~202706","갱신","-","14,000","0","아파트"
"26259","대구광역시 달서구 죽전동","645","0645","0000","죽전역에일린의뜰","월세","84.7573","202506","04","2,000","110","10","2024","와룡로 254","202506~202606","신규","-","","","아파트"
"26260","대구광역시 수성구 노변동","353","0353","0000","수성월드메르디앙","전세","84.8075","202506","04","28,000","0","8","2007","노변로 55","202506~202706","갱신","사용","27,000","0","아파트"
"26261","대구광역시 달성군 구지면 응암리","1199","1199","0000","대구국가산단반도유보라아이비파크","월세","68.7539","202506","04","1,000","55","22","2017","과학마을로3길 14","202507~202707","신규","-","","","아파트"
"26262","대구광역시 달성군 다사읍 매곡리","229-7","0229","0007","대실역블루핀34","월세","84.5703","202506","04","2,000","80","6","2022","왕선로1길 20","202506~202706","신규","-","","","아파트"
"26263","대구광역시 달성군 다사읍 매곡리","302","0302","0000","강창동서","월세","59.6400","202506","04","1,000","45","6","1993","왕선로 49","202506~202706","신규","-","","","아파트"
"26264","대구광역시 달성군 화원읍 본리리","113-1","0113","0001","대구본리그린빌","월세","59.9800","202506","04","1,000","58","14","2003","명천로 57","202507~202707","신규","-","","","아파트"
"26265","대구광역시 달서구 이곡동","1189-2","1189","0002","성서동서서한","월세","49.2600","202506","04","300","60","5","1994","선원로 100","202506~202706","신규","-","","","아파트"
"26266","대구광역시 달서구 이곡동","1191","1191","0000","성서보성화성타운","전세","59.9500","202506","04","12,500","0","3","1994","계대동문로 99","202506~202706","신규","-","","","아파트"
"26267","대구광역시 달서구 성당동","840","0840","0000","두산위브","전세","84.9760","202506","04","18,900","0","15","2009","당산로 82","202506~202706","갱신","-","18,000","0","아파트"
"26268","대구광역시 달서구 성당동","834","0834","0000","성당동더샵","전세","84.9660","202506","04","20,000","0","3","2008","장기로 115","202506~202706","신규","-","","","아파트"
"26269","대구광역시 달서구 본리동","1224","1224","0000","달서SKVIEW","월세","59.9336","202506","04","3,000","80","23","2024","용산로 40","202506~202706","신규","-","","","아파트"
"26270","대구광역시 달성군 구지면 창리","1447","1447","0000","모아미래도에듀퍼스트","월세","77.7752","202506","04","3,000","50","4","2021","국가산단대로70길 42","202507~202707","신규","-","","","아파트"
"26271","대구광역시 달성군 구지면 창리","1354","1354","0000","대구국가산단영무예다음","월세","84.9966","202506","04","500","60","6","2020","국가산단서로84길 118","202506~202706","신규","-","","","아파트"
"26272","대구광역시 달서구 본리동","210-1","0210","0001","성당우방","전세","84.9700","202506","04","10,000","0","2","1985","구마로 171","202506~202706","신규","-","","","아파트"
"26273","대구광역시 달서구 송현동","50","0050","0000","그린맨션","월세","73.1700","202506","04","1,000","50","5","1984","구마로40길 21","202507~202707","신규","-","","","아파트"
"26274","대구광역시 달서구 대곡동","1098","1098","0000","대구대곡엘에이치천년나무1단지","월세","28.2300","202506","04","1,218","16","2","2019","갈밭로 33","202508~202707","갱신","사용","1,183","16","아파트"
"26275","대구광역시 달성군 옥포읍 본리리","2590","2590","0000","미진이지비아","전세","59.9639","202506","03","12,000","0","26","2017","비슬로447길 56","202506~202706","신규","-","","","아파트"
"26276","대구광역시 달서구 본리동","648-5","0648","0005","드림시티","월세","29.9000","202506","03","1,000","46","2","2014","대명천로51길 59","202506~202706","신규","-","","","아파트"
"26277","대구광역시 달성군 구지면 응암리","1178","1178","0000","달성화성파크드림","월세","84.8978","202506","03","500","50","12","2011","과학마을로2길 6","202506~202606","신규","-","","","아파트"
"26278","대구광역시 달성군 구지면 응암리","1210","1210","0000","과학마을청아람","월세","59.8940","202506","03","1,000","50","10","2016","과학마을로 70","202506~202706","신규","-","","","아파트"
"26279","대구광역시 달서구 감삼동","521","0521","0000","우방드림시티","전세","59.8919","202506","03","15,750","0","21","2003","장기로 242","202506~202706","갱신","사용","15,000","0","아파트"
"26280","대구광역시 수성구 노변동","742","0742","0000","수성알파시티청아람","전세","84.9520","202506","03","33,000","0","6","2021","알파시티2로 96","202508~202708","신규","-","","","아파트"
"26281","대구광역시 수성구 노변동","742","0742","0000","수성알파시티청아람","전세","59.9949","202506","03","26,500","0","15","2021","알파시티2로 96","202508~202708","신규","-","","","아파트"
"26282","대구광역시 달서구 감삼동","709","0709","0000","힐스테이트죽전역더퍼스트","전세","84.9414","202506","03","29,000","0","35","2022","와룡로31길 26","202507~202707","갱신","사용","28,000","0","아파트"
"26283","대구광역시 달성군 구지면 창리","1434","1434","0000","대구국가산단디에트르더센트럴","전세","84.9425","202506","03","20,000","0","1","2021","국가산단대로70길 17","202508~202708","신규","-","","","아파트"
"26284","대구광역시 달성군 유가읍 봉리","625","0625","0000","제일풍경채센트럴","월세","84.9828","202506","03","2,000","90","17","2016","테크노대로 165","202506~202706","갱신","-","2,000","90","아파트"
"26285","대구광역시 달서구 월성동","1300","1300","0000","월성래미안","전세","84.9724","202506","03","25,000","0","20","2006","상원로 143","202508~202708","신규","-","","","아파트"
"26286","대구광역시 달서구 본리동","74-1","0074","0001","성당래미안e-편한세상1단지","월세","127.3100","202506","03","2,000","117","6","2009","장기로 189","202506~202706","신규","-","","","아파트"
"26287","대구광역시 달서구 대천동","1042","1042","0000","월배삼정그린코아포레스트","월세","113.7430","202506","03","3,000","145","1","2021","조암남로32길 40","202508~202708","신규","-","","","아파트"
"26288","대구광역시 달성군 다사읍 매곡리","302","0302","0000","강창동서","월세","59.6400","202506","03","1,000","40","1","1993","왕선로 49","202506~202606","신규","-","","","아파트"
"26289","대구광역시 중구 대봉동","758","0758","0000","대봉태왕아너스","월세","77.9800","202506","03","2,000","110","18","2015","동덕로 55","202507~202707","신규","-","","","아파트"
"26290","대구광역시 달서구 본동","752","0752","0000","달서코아루더리브","월세","84.4874","202506","03","2,000","100","38","2023","와룡로 42","202507~202707","신규","-","","","아파트"
"26291","대구광역시 달서구 유천동","612","0612","0000","대구월배2차아이파크","전세","84.5402","202506","03","30,000","0","7","2016","월배로5길 76","202507~202707","신규","-","","","아파트"
"26292","대구광역시 달성군 현풍읍 중리","486","0486","0000","대구테크노폴리스서한이다음","전세","77.1897","202506","03","17,000","0","4","2014","테크노상업로 33","202506~202706","신규","-","","","아파트"
"26293","대구광역시 달서구 상인동","1501","1501","0000","상인동화,태왕,한양타운","전세","59.9100","202506","03","11,000","0","1","1993","상인서로 94","202507~202707","신규","-","","","아파트"
"26294","대구광역시 달성군 화원읍 천내리","918","0918","0000","화원이진캐스빌","전세","84.5734","202506","03","25,000","0","10","2017","비슬로 2545","202509~202709","신규","-","","","아파트"
"26295","대구광역시 달서구 유천동","605","0605","0000","현대아이파크","월세","59.9294","202506","03","2,000","85","5","2015","조암남로 182","202506~202706","신규","-","","","아파트"
"26296","대구광역시 달서구 파호동","89","0089","0000","삼성명가타운","전세","84.9400","202506","03","17,000","0","6","2000","호산로 125","202508~202708","신규","-","","","아파트"
"26297","대구광역시 달서구 월성동","270","0270","0000","월성주공4단지","전세","52.0900","202506","03","9,500","0","15","1992","구마로14남길 55","202507~202707","신규","-","","","아파트"
"26298","대구광역시 달서구 감삼동","599-51","0599","0051","이안엑소디움에이펙스","전세","84.8856","202506","03","30,000","0","35","2025","달구벌대로 1514","202507~202707","신규","-","","","아파트"
"26299","대구광역시 중구 대봉동","758","0758","0000","대봉태왕아너스","월세","77.9800","202506","03","2,000","110","18","2015","동덕로 55","202507~202707","신규","-","","","아파트"
"26300","대구광역시 북구 대현동","535","0535","0000","센트럴파크대현","전세","84.6400","202506","03","27,000","0","21","2016","대현남로6길 20","202507~202707","신규","-","","","아파트"
"26301","대구광역시 수성구 범어동","804-46","0804","0046","공작맨션","월세","65.4200","202506","03","1,000","35","9","1980","청솔로 132","202506~202706","신규","-","","","아파트"
"26302","대구광역시 수성구 범어동","177-3","0177","0003","마크팰리스범어","월세","42.6363","202506","03","2,800","60","10","2017","동대구로 336","202508~202608","갱신","사용","2,800","60","아파트"
"26303","대구광역시 수성구 신매동","100","0100","0000","시지3태왕하이츠","전세","85.0000","202506","03","20,000","0","7","2001","욱수천로 77","202508~202708","신규","-","","","아파트"
"26304","대구광역시 수성구 신매동","570","0570","0000","시지삼주한라협화","전세","59.8800","202506","03","14,000","0","12","1994","신매로 91","202507~202707","신규","-","","","아파트"
"26305","대구광역시 수성구 범어동","88","0088","0000","우방청솔맨션","월세","59.9400","202506","03","1,000","65","17","1994","청호로 422","202507~202707","신규","-","","","아파트"
"26306","대구광역시 수성구 범어동","800-11","0800","0011","우방크로바","월세","83.5000","202506","03","1,000","70","3","1982","청솔로 126","202507~202602","신규","-","","","아파트"
"26307","대구광역시 북구 구암동","789-2","0789","0002","부영7차","월세","81.1718","202506","03","2,000","60","5","2003","구암로49길 10","202506~202706","신규","-","","","아파트"
"26308","대구광역시 북구 동천동","914","0914","0000","부영그린타운(2단지)","전세","59.8488","202506","03","17,000","0","14","2003","동천로24길 12","202508~202708","신규","-","","","아파트"
"26309","대구광역시 수성구 만촌동","1500","1500","0000","힐스테이트만촌역","월세","84.7518","202506","03","8,000","150","2","2024","달구벌대로 2567","202507~202707","신규","-","","","아파트"
"26310","대구광역시 수성구 만촌동","1489","1489","0000","만촌자이르네","전세","84.9918","202506","03","50,000","0","21","2023","교학로19길 19","202507~202707","갱신","사용","48,000","0","아파트"
"26311","대구광역시 수성구 만촌동","816","0816","0000","만촌우방타운1단지","전세","84.9200","202506","03","24,000","0","17","1997","교학로11길 46","202507~202707","신규","-","","","아파트"
"26312","대구광역시 북구 동천동","914","0914","0000","부영그린타운(2단지)","전세","59.8488","202506","03","17,000","0","14","2003","동천로24길 12","202508~202708","신규","-","","","아파트"
"26313","대구광역시 수성구 수성동2가","1-3","0001","0003","롬바드","전세","84.9950","202506","03","35,000","0","4","2011","들안로 325","202507~202707","신규","-","","","아파트"
"26314","대구광역시 수성구 시지동","462-2","0462","0002","대백","월세","84.9850","202506","03","1,900","50","4","1992","달구벌대로625길 21","202508~202708","신규","-","","","아파트"
"26315","대구광역시 북구 동천동","872","0872","0000","보성서한타운","월세","42.6800","202506","03","500","39","13","1995","팔거천동로 104","202506~202706","신규","-","","","아파트"
"26316","대구광역시 수성구 사월동","650","0650","0000","시지3차서한이다음","전세","98.1700","202506","03","35,000","0","4","2018","달구벌대로669길 20-20","202507~202710","신규","-","","","아파트"
"26317","대구광역시 수성구 사월동","325","0325","0000","대구시지푸르지오","월세","104.0219","202506","03","2,000","95","12","2006","달구벌대로661길 7","202507~202707","신규","-","","","아파트"
"26318","대구광역시 북구 관음동","1370-1","1370","0001","칠곡한신1","월세","95.3400","202506","03","2,000","55","1","1992","관음로 50","202508~202707","신규","-","","","아파트"
"26319","대구광역시 북구 태전동","1075-10","1075","0010","미진타운","월세","59.9800","202506","03","3,000","40","7","1993","칠곡중앙대로52길 46","202507~202707","신규","-","","","아파트"
"26320","대구광역시 수성구 황금동","365","0365","0000","캐슬골드파크2단지","월세","129.5300","202506","03","4,000","140","18","2006","청수로 235","202508~202708","신규","-","","","아파트"
"26321","대구광역시 수성구 황금동","365","0365","0000","캐슬골드파크4단지","전세","138.8200","202506","03","48,000","0","1","2006","청수로 261","202509~202708","신규","-","","","아파트"
"26322","대구광역시 북구 동천동","891","0891","0000","동화골든빌","전세","57.6183","202506","03","16,500","0","14","2002","동천로 156","202507~202706","신규","-","","","아파트"
"26323","대구광역시 북구 동천동","914","0914","0000","부영그린타운(2단지)","전세","59.8488","202506","03","17,000","0","14","2003","동천로24길 12","202508~202708","신규","-","","","아파트"
"26324","대구광역시 수성구 황금동","365","0365","0000","캐슬골드파크1단지","전세","172.3700","202506","03","55,000","0","14","2006","청수로 213","202508~202708","신규","-","","","아파트"
"26325","대구광역시 수성구 범어동","88","0088","0000","우방청솔맨션","월세","59.9400","202506","03","1,000","65","17","1994","청호로 422","-","-","-","","","아파트"
"26326","대구광역시 수성구 범어동","2291","2291","0000","수성범어W","월세","84.9974","202506","03","10,000","200","32","2023","달구벌대로 2436","202507~202707","신규","-","","","아파트"
"26327","대구광역시 북구 대현동","535","0535","0000","센트럴파크대현","월세","51.4200","202506","03","1,000","70","15","2016","대현남로6길 20","202506~202701","신규","-","","","아파트"
"26328","대구광역시 수성구 매호동","1331","1331","0000","하나타운","월세","49.9200","202506","03","1,000","47","3","1995","고산로 123","202507~202707","신규","-","","","아파트"
"26329","대구광역시 수성구 범어동","177-1","0177","0001","범어서한포레스트","월세","84.9877","202506","03","2,000","150","33","2020","동대구로 346","202508~202601","신규","-","","","아파트"
"26330","대구광역시 수성구 매호동","1331","1331","0000","하나타운","월세","49.9200","202506","03","1,000","47","3","1995","고산로 123","202507~202707","신규","-","","","아파트"
"26331","대구광역시 북구 노원동3가","1227","1227","0000","대구노원한신더휴","월세","39.9300","202506","03","1,000","50","6","2017","노원로10길 40","202507~202707","신규","-","","","아파트"
"26332","대구광역시 수성구 범어동","314-2","0314","0002","을지맨션","월세","113.8200","202506","03","3,000","100","8","1987","달구벌대로496길 88","202508~202708","신규","-","","","아파트"
"26333","대구광역시 북구 대현동","535","0535","0000","센트럴파크대현","전세","84.6400","202506","03","27,000","0","21","2016","대현남로6길 20","202507~202707","신규","-","","","아파트"
"26334","대구광역시 동구 신기동","576","0576","0000","신기모란2차","월세","38.9700","202506","03","600","30","3","1988","율하동로20길 30","202506~202706","신규","-","","","아파트"
"26335","대구광역시 중구 삼덕동2가","328","0328","0000","동성로SK리더스뷰","전세","84.9700","202506","03","35,000","0","44","2024","공평로 36","202508~202709","신규","-","","","아파트"
"26336","대구광역시 중구 수창동","173","0173","0000","대구역센트럴자이","월세","94.8407","202506","03","3,000","120","7","2017","서성로 99","202507~202511","신규","-","","","아파트"
"26337","대구광역시 동구 신암동","1860","1860","0000","동대구역화성파크드림","월세","59.9936","202506","03","3,000","100","12","2023","동대구로 590","202508~202603","신규","-","","","아파트"
"26338","대구광역시 동구 용계동","1064","1064","0000","율하시티프라디움","월세","84.9828","202506","03","1,000","85","6","2020","반야월로 35","202507~202707","신규","-","","","아파트"
"26339","대구광역시 서구 내당동","2346","2346","0000","e편한세상두류역","월세","84.9286","202506","03","2,000","115","28","2022","달구벌대로361길 41","202506~202612","신규","-","","","아파트"
"26340","대구광역시 동구 효목동","1322","1322","0000","동대구2차비스타동원","월세","50.9838","202506","03","2,000","70","8","2024","화랑로25길 60","202507~202707","신규","-","","","아파트"
"26341","대구광역시 동구 효목동","9","0009","0000","동촌강나루타운","월세","84.9548","202506","03","2,000","65","4","2000","효동로 108","202507~202607","신규","-","","","아파트"
"26342","대구광역시 동구 신서동","538-1","0538","0001","동화해오름타운","전세","58.2340","202506","03","15,000","0","8","2003","동호로 89","202509~202708","신규","-","","","아파트"
"26343","대구광역시 동구 동호동","362","0362","0000","상록아파트","월세","59.7200","202506","03","1,957","26","14","2004","동호로 47","202506~202706","신규","-","","","아파트"
"26344","대구광역시 서구 내당동","308-11","0308","0011","삼익뉴타운","전세","85.0200","202506","03","11,000","0","12","1980","평리로 236","202506~202706","신규","-","","","아파트"
"26345","대구광역시 서구 평리동","1680","1680","0000","평리푸르지오","월세","84.9203","202506","03","2,000","79","5","2011","국채보상로50길 20","202508~202708","신규","-","","","아파트"
"26346","대구광역시 중구 대신동","305-1","0305","0001","태왕아너스스카이","전세","131.3415","202506","03","34,000","0","3","2006","달구벌대로 1975","202508~202708","신규","-","","","아파트"
"26347","대구광역시 동구 신암동","67","0067","0000","보성2차","전세","67.1900","202506","03","10,000","0","2","1988","아양로49길 77","202506~202706","신규","-","","","아파트"
"26348","대구광역시 동구 율암동","1297","1297","0000","대구 파라곤 프레스티지","월세","84.8406","202506","03","2,000","100","8","2023","안심뉴타운7로 13","202506~202706","갱신","사용","3,000","80","아파트"
"26349","대구광역시 중구 남산동","3049","3049","0000","청라힐스자이","월세","84.9892","202506","03","3,000","130","7","2023","남산로 73","202508~202708","신규","-","","","아파트"
"26350","대구광역시 중구 남산동","437-1","0437","0001","인터불고코아시스","월세","26.9326","202506","03","500","50","6","2014","명륜로 19","202506~202606","신규","-","","","아파트"
"26351","대구광역시 중구 태평로3가","221-5","0221","0005","힐스테이트대구역퍼스트","전세","84.6679","202506","03","27,000","0","18","2025","태평로 100","202507~202707","신규","-","","","아파트"
"26352","대구광역시 중구 태평로3가","221-5","0221","0005","힐스테이트대구역퍼스트","전세","84.6679","202506","03","27,000","0","18","2025","태평로 100","202507~202707","신규","-","","","아파트"
"26353","대구광역시 남구 봉덕동","1071","1071","0000","효성타운1차","전세","130.1700","202506","03","22,000","0","13","1988","효성중앙길 37","202507~202707","신규","-","","","아파트"
"26354","대구광역시 남구 봉덕동","1071","1071","0000","효성타운1차","전세","130.1700","202506","03","22,000","0","13","1988","효성중앙길 37","202507~202707","신규","-","","","아파트"
"26355","대구광역시 남구 봉덕동","1071","1071","0000","효성타운1차","전세","130.1700","202506","03","22,000","0","13","1988","효성중앙길 37","202507~202707","신규","-","","","아파트"
"26356","대구광역시 동구 신암동","1870","1870","0000","해링턴플레이스동대구","월세","74.9583","202506","03","2,000","100","13","2024","경대로 126","202507~202707","신규","-","","","아파트"
"26357","대구광역시 동구 신기동","576","0576","0000","신기모란2차","월세","38.9700","202506","03","500","30","4","1988","율하동로20길 30","202506~202706","신규","-","","","아파트"
"26358","대구광역시 동구 신기동","576","0576","0000","신기모란2차","전세","58.9800","202506","03","10,000","0","2","1988","율하동로20길 30","202507~202707","신규","-","","","아파트"
"26359","대구광역시 동구 신암동","1839","1839","0000","동대구우방아이유쉘","전세","84.9865","202506","03","30,000","0","16","2020","송라로32길 32","202508~202708","신규","-","","","아파트"
"26360","대구광역시 동구 숙천동","388","0388","0000","대구혁신도시서한이다음4차","월세","84.7703","202506","03","2,000","80","6","2016","초례로 50","202506~202706","갱신","사용","2,000","80","아파트"
"26361","대구광역시 서구 원대동3가","1649","1649","0000","서대구센트럴자이","월세","84.9710","202506","02","2,000","120","28","2023","고성로 33","202506~202706","신규","-","","","아파트"
"26362","대구광역시 서구 내당동","308-11","0308","0011","삼익뉴타운","전세","46.1350","202506","02","10,000","0","7","1981","평리로 236","202506~202706","갱신","-","12,000","0","아파트"
"26363","대구광역시 남구 대명동","1638-5","1638","0005","용마맨션","월세","104.5900","202506","02","1,000","55","8","1979","대명로 145","202506~202706","신규","-","","","아파트"
"26364","대구광역시 중구 남산동","437-1","0437","0001","인터불고코아시스","월세","26.9326","202506","02","500","50","13","2014","명륜로 19","202506~202606","신규","-","","","아파트"
"26365","대구광역시 중구 대신동","305-1","0305","0001","태왕아너스스카이","전세","75.9791","202506","02","20,000","0","1","2006","달구벌대로 1975","202507~202707","신규","-","","","아파트"
"26366","대구광역시 동구 신기동","160-91","0160","0091","율하아이리스","월세","81.8700","202506","02","1,000","75","4","2013","율하동로27길 16","202506~202706","신규","-","","","아파트"
"26367","대구광역시 남구 봉덕동","산89-3","0089","0003","미리내","월세","126.7800","202506","02","2,000","60","4","1983","효성로 13","202507~202707","신규","-","","","아파트"
"26368","대구광역시 동구 불로동","1155","1155","0000","에덴공항2","월세","39.4200","202506","02","500","30","5","1988","팔공로33길 10","202506~202706","신규","-","","","아파트"
"26369","대구광역시 동구 효목동","551","0551","0000","용림","월세","59.3400","202506","02","500","40","3","1979","화랑로25길 17","202506~202706","신규","-","","","아파트"
"26370","대구광역시 동구 신천동","499-1","0499","0001","코스모스","전세","46.9850","202506","02","7,500","0","2","1981","화랑로11길 26","202506~202706","갱신","-","6,000","0","아파트"
"26371","대구광역시 동구 용계동","1060","1060","0000","율하역엘크루","전세","84.9142","202506","02","20,000","0","7","2015","안심로7길 7","202508~202708","신규","-","","","아파트"
"26372","대구광역시 동구 봉무동","1522","1522","0000","대구이시아폴리스더샵2차","전세","96.5900","202506","02","24,300","0","13","2013","팔공로 274","202510~202710","신규","-","","","아파트"
"26373","대구광역시 동구 신암동","622","0622","0000","보성1차","월세","50.8500","202506","02","1,000","29","2","1985","큰고개로 23","202506~202706","신규","-","","","아파트"
"26374","대구광역시 서구 평리동","632-9","0632","0009","서대구KTX영무예다음","월세","84.5785","202506","02","2,000","89","3","2023","당산로 446","202506~202706","신규","-","","","아파트"
"26375","대구광역시 북구 칠성동2가","738","0738","0000","대구역한라하우젠트센텀","전세","84.3074","202506","02","28,000","0","36","2021","칠성남로 100","202507~202707","신규","-","","","아파트"
"26376","대구광역시 북구 칠성동2가","733","0733","0000","오페라삼정그린코아더베스트","전세","66.6347","202506","02","26,000","0","29","2017","침산로 100","202507~202707","신규","-","","","아파트"
"26377","대구광역시 북구 칠성동2가","740","0740","0000","빌리브루센트","월세","84.1014","202506","02","20,000","45","42","2025","칠성남로 130","202506~202706","신규","-","","","아파트"
"26378","대구광역시 동구 봉무동","1537","1537","0000","협성휴포레이시아폴리스","전세","84.9737","202506","02","25,000","0","5","2018","팔공로 260","202508~202708","신규","-","","","아파트"
"26379","대구광역시 중구 달성동","352","0352","0000","달성파크푸르지오힐스테이트","전세","84.9713","202506","02","30,000","0","7","2023","달성로 123","202509~202709","신규","-","","","아파트"
"26380","대구광역시 동구 신암동","1833","1833","0000","이안동대구","월세","84.7459","202506","02","6,000","80","11","2018","송라로28길 14","202507~202907","신규","-","","","아파트"
"26381","대구광역시 동구 봉무동","1537","1537","0000","협성휴포레이시아폴리스","전세","84.9737","202506","02","25,000","0","5","2018","팔공로 260","-","-","-","","","아파트"
"26382","대구광역시 중구 동인동1가","420","0420","0000","힐스테이트동인더스카이","월세","84.9389","202506","02","12,000","80","34","2025","태평로 240","202506~202806","신규","-","","","아파트"
"26383","대구광역시 서구 내당동","11-1","0011","0001","보성2차홍실타운","월세","84.7200","202506","02","3,000","55","5","1988","통학로 39","202506~202706","신규","-","","","아파트"
"26384","대구광역시 동구 대림동","885","0885","0000","대구혁신도시서한이다음3차","월세","78.8497","202506","02","2,000","68","11","2016","혁신대로 443","202507~202707","갱신","사용","2,000","65","아파트"
"26385","대구광역시 동구 신암동","1839","1839","0000","동대구우방아이유쉘","월세","84.9907","202506","02","7,000","90","3","2020","송라로32길 32","202506~202706","신규","-","","","아파트"
"26386","대구광역시 중구 태평로2가","41","0041","0000","힐스테이트대구역","전세","84.9929","202506","02","32,000","0","15","2023","태평로28길 13","202506~202706","신규","-","","","아파트"
"26387","대구광역시 서구 내당동","308-11","0308","0011","삼익뉴타운","전세","46.1350","202506","02","10,000","0","4","1981","평리로 236","202506~202706","신규","-","","","아파트"
"26388","대구광역시 중구 삼덕동2가","149-59","0149","0059","나누리","월세","83.8000","202506","02","1,000","70","2","2002","공평로4길 23-10","202506~202706","신규","-","","","아파트"
"26389","대구광역시 달서구 상인동","1473-1","1473","0001","우방청자","전세","66.1300","202506","02","9,000","0","5","1989","상화북로 117","202507~202707","신규","-","","","아파트"
"26390","대구광역시 달서구 상인동","1592","1592","0000","시영장미4","월세","43.2000","202506","02","500","40","15","1993","상화로 380","202507~202707","신규","-","","","아파트"
"26391","대구광역시 달성군 유가읍 봉리","603","0603","0000","진아리채","월세","70.8694","202506","02","2,000","75","13","2016","테크노대로5길 79","202506~202706","신규","-","","","아파트"
"26392","대구광역시 달성군 유가읍 봉리","604","0604","0000","남해오네뜨2차","전세","69.3379","202506","02","11,500","0","3","2016","테크노대로5길 57","202507~202707","신규","-","","","아파트"
"26393","대구광역시 달성군 유가읍 봉리","660","0660","0000","예미지더센트럴","전세","99.9052","202506","02","36,000","0","3","2023","테크노북로 260","202507~202707","신규","-","","","아파트"
"26394","대구광역시 달성군 화원읍 명곡리","101","0101","0000","미래빌2단지","월세","49.2600","202506","02","4,737","14","9","2000","명천로 231","202507~202706","갱신","-","4,655","13","아파트"
"26395","대구광역시 달성군 다사읍 죽곡리","818","0818","0000","대실역리슈빌3단지","전세","84.9837","202506","02","30,000","0","1","2012","대실역남로 33","202506~202706","신규","-","","","아파트"
"26396","대구광역시 달서구 상인동","1557","1557","0000","상인평광맨션","월세","84.8500","202506","02","2,000","35","9","1993","상인서로 3","202506~202706","신규","-","","","아파트"
"26397","대구광역시 달성군 구지면 응암리","1178","1178","0000","달성화성파크드림","전세","39.9010","202506","02","7,500","0","9","2011","과학마을로2길 6","202506~202706","신규","-","","","아파트"
"26398","대구광역시 달성군 구지면 응암리","1252","1252","0000","대구국가산단ZOOM파크","월세","60.9157","202506","02","1,000","55","23","2020","국가산단대로64길 63","202506~202706","신규","-","","","아파트"
"26399","대구광역시 달성군 구지면 응암리","1251","1251","0000","대구국가산단반도유보라아이비파크2","월세","74.9638","202506","02","500","60","7","2020","국가산단북로60길 59","202506~202706","신규","-","","","아파트"
"26400","대구광역시 달서구 상인동","1522","1522","0000","상인성지한서타운","전세","84.9800","202506","02","16,000","0","13","1994","상화북로 195","202506~202706","신규","-","","","아파트"
"26401","대구광역시 달서구 상인동","1474","1474","0000","한양은하","전세","66.1600","202506","02","9,000","0","5","1989","상화북로 137","202506~202706","신규","-","","","아파트"
"26402","대구광역시 달서구 이곡동","1304-1","1304","0001","성서2동서화성","월세","59.9900","202506","02","1,000","63","7","1997","이곡공원로 33","202507~202706","신규","-","","","아파트"
"26403","대구광역시 달서구 본동","741","0741","0000","미소시티","월세","29.9400","202506","02","500","49","9","2013","와룡로9길 37","202506~202606","신규","-","","","아파트"
"26404","대구광역시 달서구 대곡동","2-1","0002","0001","대곡우방타운","전세","59.7300","202506","02","7,000","0","3","1994","비슬로538길 22","202506~202706","신규","-","","","아파트"
"26405","대구광역시 달서구 대천동","1042","1042","0000","월배삼정그린코아포레스트","전세","84.5453","202506","02","32,000","0","25","2021","조암남로32길 40","202506~202706","신규","-","","","아파트"
"26406","대구광역시 달성군 구지면 창리","1434","1434","0000","대구국가산단디에트르더센트럴","월세","76.4927","202506","02","1,000","70","9","2021","국가산단대로70길 17","202506~202706","신규","-","","","아파트"
"26407","대구광역시 달성군 가창면 용계리","34-2","0034","0002","용계주공","월세","51.8600","202506","02","3,005","26","2","2005","가창로216길 25","202508~202707","갱신","-","2,431","21","아파트"
"26408","대구광역시 중구 대봉동","783","0783","0000","대봉서한이다음","월세","99.7273","202506","02","3,000","140","6","2024","명덕로 241","202508~202708","신규","-","","","아파트"
"26409","대구광역시 달서구 상인동","1592","1592","0000","시영장미4","월세","43.2000","202506","02","500","40","15","1993","상화로 380","202507~202707","신규","-","","","아파트"
"26410","대구광역시 달서구 도원동","1457","1457","0000","산새마을","월세","58.1400","202506","02","1,000","50","6","1996","도원남로 40","202506~202706","신규","-","","","아파트"
"26411","대구광역시 달서구 상인동","1522","1522","0000","상인성지한서타운","전세","84.9800","202506","02","16,000","0","13","1994","상화북로 195","202506~202706","신규","-","","","아파트"
"26412","대구광역시 달성군 다사읍 서재리","61","0061","0000","서재보성2","전세","59.9800","202506","02","10,500","0","18","1999","서재로30길 7","202507~202707","갱신","-","10,500","0","아파트"
"26413","대구광역시 북구 서변동","1795","1795","0000","동서변월드메르디앙","전세","129.7900","202506","02","29,000","0","4","2005","서변로 26","202506~202706","신규","-","","","아파트"
"26414","대구광역시 북구 복현동","368-1","0368","0001","광명","월세","45.9750","202506","02","500","37","2","1980","동북로65길 13","202506~202706","신규","-","","","아파트"
"26415","대구광역시 북구 복현동","701","0701","0000","복현3차서한이다음","전세","84.9105","202506","02","29,000","0","8","2016","복현로 130","202506~202706","신규","-","","","아파트"
"26416","대구광역시 북구 복현동","241-1","0241","0001","복현블루밍브라운스톤명문세가","전세","85.0000","202506","02","15,760","0","8","2011","복현로 50","202506~202706","신규","-","","","아파트"
"26417","대구광역시 북구 복현동","241-1","0241","0001","복현블루밍브라운스톤명문세가","전세","59.9500","202506","02","13,848","0","3","2011","복현로 50","202506~202706","신규","-","","","아파트"
"26418","대구광역시 수성구 수성동4가","1090-6","1090","0006","수성보성","전세","134.9600","202506","02","20,000","0","11","1996","수성로 412","202509~202708","신규","-","","","아파트"
"26419","대구광역시 수성구 수성동4가","1090-6","1090","0006","수성보성","전세","84.9800","202506","02","20,000","0","2","1996","수성로 412","202509~202708","신규","-","","","아파트"
"26420","대구광역시 수성구 상동","555","0555","0000","수성동일하이빌레이크시티","전세","84.9967","202506","02","12,000","0","12","2009","수성로 71","202507~202707","신규","-","","","아파트"
"26421","대구광역시 수성구 상동","247","0247","0000","청구타운","월세","59.9900","202506","02","5,000","30","1","1994","수성로19길 41","202507~202706","신규","-","","","아파트"
"26422","대구광역시 수성구 중동","657","0657","0000","수성뷰웰리버파크","월세","75.7297","202506","02","2,000","120","6","2023","수성로41길 41","202506~202706","신규","-","","","아파트"
"26423","대구광역시 수성구 황금동","687-1","0687","0001","칸타빌황금아파트","전세","82.0091","202506","02","20,000","0","12","2017","희망로 215","202506~202706","신규","-","","","아파트"
"26424","대구광역시 북구 침산동","293-12","0293","0012","메트로캐슬","월세","84.9386","202506","02","2,000","70","4","2004","침산로32길 2","202507~202707","신규","-","","","아파트"
"26425","대구광역시 북구 침산동","252-2","0252","0002","침산3차푸르지오","전세","84.9704","202506","02","21,000","0","8","2004","침산남로 130","202508~202708","신규","-","","","아파트"
"26426","대구광역시 북구 침산동","101-3","0101","0003","삼주","월세","61.9800","202506","02","1,000","45","5","1979","중앙대로118길 46","202507~202707","신규","-","","","아파트"
"26427","대구광역시 북구 침산동","213-1","0213","0001","롯데캐슬오페라","월세","84.9100","202506","02","1,500","110","11","2005","침산남로 160","202506~202606","신규","-","","","아파트"
"26428","대구광역시 북구 노원동1가","530","0530","0000","북구청역푸르지오에듀포레","월세","84.9591","202506","02","2,000","90","18","2024","침산남로 30","202507~202707","신규","-","","","아파트"
"26429","대구광역시 북구 노원동2가","85-4","0085","0004","윤송제네스빌","전세","78.9000","202506","02","13,000","0","4","2002","노원로10길 141","202508~202708","신규","-","","","아파트"
"26430","대구광역시 북구 사수동","784","0784","0000","이편한세상대구금호","월세","74.8600","202506","02","1,000","75","4","2017","내곡로 49","202508~202708","신규","-","","","아파트"
"26431","대구광역시 수성구 만촌동","272","0272","0000","만촌화성파크스위트","월세","84.8923","202506","02","2,000","65","4","2005","화랑로34길 141","202506~202706","신규","-","","","아파트"
"26432","대구광역시 수성구 만촌동","816","0816","0000","만촌우방타운1단지","전세","59.7300","202506","02","18,000","0","18","1997","교학로11길 46","202506~202706","신규","-","","","아파트"
"26433","대구광역시 수성구 만촌동","272","0272","0000","만촌화성파크스위트","월세","84.8923","202506","02","2,000","65","4","2005","화랑로34길 141","202506~202705","신규","-","","","아파트"
"26434","대구광역시 북구 사수동","837","0837","0000","대구금호엘에이치천년나무1단지","월세","46.7500","202506","02","6,401","13","17","2014","한강로 55","202509~202708","신규","-","","","아파트"
"26435","대구광역시 북구 도남동","908","0908","0000","대구도남LH2단지","월세","46.2300","202506","02","2,804","27","15","2023","도남중앙로22길 10","202507~202706","갱신","-","2,723","26","아파트"
"26436","대구광역시 북구 도남동","908","0908","0000","대구도남LH2단지","월세","44.4000","202506","02","634","23","16","2023","도남중앙로22길 10","202507~202706","갱신","-","3,876","19","아파트"
"26437","대구광역시 수성구 범어동","2240","2240","0000","e편한세상범어","전세","84.7910","202506","02","33,500","0","20","2015","들안로78길 45","202508~202708","신규","-","","","아파트"
"26438","대구광역시 수성구 범어동","2234","2234","0000","범어에스케이뷰","월세","68.4526","202506","02","3,000","140","17","2009","범어로 73","202507~202707","신규","-","","","아파트"
"26439","대구광역시 북구 서변동","1795","1795","0000","동서변월드메르디앙","전세","129.7900","202506","02","29,000","0","4","2005","서변로 26","-","-","-","","","아파트"
"26440","대구광역시 수성구 지산동","1766","1766","0000","더샵수성라크에르","월세","84.9397","202506","02","4,000","130","24","2024","지산로3길 33","202509~202709","신규","-","","","아파트"
"26441","대구광역시 수성구 지산동","1273","1273","0000","협화맨션","월세","84.7600","202506","02","2,000","85","4","1991","지범로22길 23","202507~202707","신규","-","","","아파트"
"26442","대구광역시 수성구 지산동","1275","1275","0000","지산한라타운","전세","59.8500","202506","02","12,000","0","8","1991","지범로22길 9","202506~202606","갱신","사용","12,000","0","아파트"
"26443","대구광역시 수성구 범어동","2291","2291","0000","수성범어W","전세","84.9911","202506","02","60,000","0","38","2023","달구벌대로 2436","202508~202708","신규","-","","","아파트"
"26444","대구광역시 수성구 범어동","2238","2238","0000","범어 화산샬레","월세","89.8652","202506","02","5,000","190","2","2014","청호로 411-3","202508~202708","신규","-","","","아파트"
"26445","대구광역시 수성구 수성동1가","269-1","0269","0001","수성서한이다음","전세","84.7450","202506","02","21,000","0","2","2005","수성로69길 15","202506~202706","신규","-","","","아파트"
"26446","대구광역시 수성구 범어동","2240","2240","0000","e편한세상범어","월세","84.7910","202506","02","1,000","130","20","2015","들안로78길 45","202506~202602","신규","-","","","아파트"
"26447","대구광역시 북구 구암동","655-4","0655","0004","칠곡미래타운","월세","84.9900","202506","02","1,000","65","6","1995","팔거천동로 52","202507~202707","신규","-","","","아파트"
"26448","대구광역시 북구 구암동","786","0786","0000","그린빌3차","월세","49.7100","202506","02","2,000","50","12","2000","구암서로 41","202505~202605","신규","-","","","아파트"
"26449","대구광역시 수성구 수성동4가","1090-6","1090","0006","수성보성","전세","84.9800","202506","02","20,000","0","2","1996","수성로 412","202509~202708","신규","-","","","아파트"
"26450","대구광역시 북구 사수동","837","0837","0000","대구금호엘에이치천년나무1단지","월세","46.5000","202506","02","6,401","13","14","2014","한강로 55","202509~202708","신규","-","","","아파트"
"26451","대구광역시 수성구 신매동","569","0569","0000","시지대백신화창신맨션","전세","60.0000","202506","01","14,000","0","6","1994","고산로 90","202507~202707","신규","-","","","아파트"
"26452","대구광역시 북구 복현동","241-1","0241","0001","복현블루밍브라운스톤명문세가","월세","85.0000","202506","01","3,152","42","12","2011","복현로 50","202506~202706","신규","-","","","아파트"
"26453","대구광역시 수성구 파동","1000","1000","0000","수성아이파크","월세","84.9700","202506","01","4,000","70","12","2016","파동로22길 15","202506~202705","신규","-","","","아파트"
"26454","대구광역시 수성구 범어동","2252","2252","0000","범어라온프라이빗2차","전세","84.9728","202506","01","46,000","0","8","2018","청호로 438","202506~202706","신규","-","","","아파트"
"26455","대구광역시 수성구 범어동","2300","2300","0000","범어아이파크1차아파트","월세","84.9111","202506","01","20,000","100","12","2024","동대구로 230","202506~202706","신규","-","","","아파트"
"26456","대구광역시 수성구 만촌동","1429-5","1429","0005","메트로팔레스5","월세","74.9100","202506","01","2,000","70","7","2003","동원로 100","202502~202702","신규","-","","","아파트"
"26457","대구광역시 북구 복현동","241-1","0241","0001","복현블루밍브라운스톤명문세가","전세","85.0000","202506","01","15,760","0","6","2011","복현로 50","202506~202706","신규","-","","","아파트"
"26458","대구광역시 수성구 신매동","594-1","0594","0001","시지에덴타운","전세","134.9000","202506","01","21,000","0","6","1994","고산로12길 34","202507~202707","신규","-","","","아파트"
"26459","대구광역시 수성구 시지동","486","0486","0000","노변청구","월세","59.9900","202506","01","1,000","55","5","1996","시지로 21","202506~202706","신규","-","","","아파트"
"26460","대구광역시 수성구 범어동","2283","2283","0000","쌍용더플래티넘범어","월세","84.5390","202506","01","10,000","120","20","2023","상록로 25","202507~202702","신규","-","","","아파트"
"26461","대구광역시 북구 태전동","1244","1244","0000","대구태전역광신프로그레스","월세","75.0162","202506","01","6,000","50","9","2023","태전로7길 34","202508~202708","신규","-","","","아파트"
"26462","대구광역시 수성구 신매동","569","0569","0000","시지대백신화창신맨션","전세","60.0000","202506","01","14,000","0","6","1994","고산로 90","202507~202707","신규","-","","","아파트"
"26463","대구광역시 중구 남산동","2466-1","2466","0001","보성황실타운","전세","84.9850","202506","01","19,000","0","3","1993","남산로13길 17","202506~202706","신규","-","","","아파트"
"26464","대구광역시 남구 봉덕동","1652","1652","0000","앞산비스타동원","전세","59.9951","202506","01","24,500","0","14","2021","신촌길 57","202507~202707","신규","-","","","아파트"
"26465","대구광역시 동구 신암동","1887","1887","0000","동대구해모로스퀘어이스트","전세","84.9402","202506","01","29,000","0","14","2024","동북로75길 13","202507~202707","신규","-","","","아파트"
"26466","대구광역시 동구 용계동","575-12","0575","0012","용계역푸르지오아츠베르1단지","전세","84.9900","202506","01","25,000","0","2","2023","화랑로108길 42","202507~202707","신규","-","","","아파트"
"26467","대구광역시 서구 평리동","632-9","0632","0009","서대구KTX영무예다음","전세","84.4481","202506","01","25,000","0","27","2023","당산로 446","202507~202707","신규","-","","","아파트"
"26468","대구광역시 동구 숙천동","388","0388","0000","대구혁신도시서한이다음4차","월세","84.7703","202506","01","2,000","70","4","2016","초례로 50","202507~202707","신규","-","","","아파트"
"26469","대구광역시 중구 태평로3가","221-5","0221","0005","힐스테이트대구역퍼스트","전세","84.7934","202506","01","28,000","0","32","2025","태평로 100","-","-","-","","","아파트"
"26470","대구광역시 동구 용계동","422","0422","0000","백자","전세","70.7750","202506","01","10,000","0","3","1989","동촌로 346","202507~202707","신규","-","","","아파트"
"26471","대구광역시 서구 내당동","3333","3333","0000","두류역자이","전세","84.9723","202506","01","45,000","0","46","2025","달구벌대로 1769-7","202509~202708","신규","-","","","아파트"
"26472","대구광역시 북구 칠성동2가","736","0736","0000","대구역유림노르웨이숲","월세","59.8650","202506","01","1,000","85","18","2017","칠성남로26길 11","202507~202707","신규","-","","","아파트"
"26473","대구광역시 중구 동인동3가","414","0414","0000","엑소디움센트럴동인","전세","27.2203","202506","01","16,600","0","6","2023","국채보상로139길 40","-","-","-","","","아파트"
"26474","대구광역시 동구 신암동","1894","1894","0000","동대구역골드클래스","월세","84.9740","202506","01","2,000","100","5","2024","신암남로 72","202506~202606","신규","-","","","아파트"
"26475","대구광역시 중구 태평로3가","221-5","0221","0005","힐스테이트대구역퍼스트","전세","84.7934","202506","01","28,000","0","32","2025","태평로 100","202507~202707","신규","-","","","아파트"
"26476","대구광역시 동구 효목동","1331","1331","0000","동대구푸르지오브리센트","전세","84.9712","202506","01","34,000","0","14","2024","효목로5길 55","202508~202708","신규","-","","","아파트"
"26477","대구광역시 동구 신암동","1852","1852","0000","동대구해모로스퀘어웨스트","월세","76.7437","202506","01","2,000","90","7","2023","동북로 340","202506~202706","갱신","사용","2,000","80","아파트"
"26478","대구광역시 동구 신암동","1860","1860","0000","동대구역화성파크드림","월세","84.9276","202506","01","3,000","125","13","2023","동대구로 590","202507~202707","신규","-","","","아파트"
"26479","대구광역시 달서구 상인동","171-1","0171","0001","상인대성스카이렉스","월세","96.5400","202506","01","2,000","95","26","2007","월배로 183","202506~202706","신규","-","","","아파트"
"26480","대구광역시 달서구 감삼동","521","0521","0000","우방드림시티","전세","127.7715","202506","01","27,000","0","25","2003","장기로 242","202508~202708","신규","-","","","아파트"
"26481","대구광역시 달성군 유가읍 봉리","601","0601","0000","하나리움퀸즈파크","전세","59.8767","202506","01","15,000","0","5","2015","테크노북로 164","202507~202607","갱신","-","15,000","0","아파트"
"26482","대구광역시 달성군 구지면 응암리","1199","1199","0000","대구국가산단반도유보라아이비파크","전세","84.9598","202506","01","14,000","0","3","2017","과학마을로3길 14","202507~202707","신규","-","","","아파트"
"26483","대구광역시 달성군 유가읍 봉리","601","0601","0000","하나리움퀸즈파크","월세","59.8767","202506","01","9,190","12","8","2015","테크노북로 164","-","-","-","","","아파트"
"26484","대구광역시 달서구 두류동","629-6","0629","0006","삼하","전세","55.6125","202506","01","8,000","0","1","1981","달구벌대로340길 30","202507~202707","신규","-","","","아파트"
"26485","대구광역시 달성군 구지면 응암리","1252","1252","0000","대구국가산단ZOOM파크","전세","84.4828","202506","01","12,600","0","19","2020","국가산단대로64길 63","202506~202706","갱신","-","12,000","0","아파트"
"26486","대구광역시 달서구 본리동","1224","1224","0000","달서SKVIEW","월세","59.9336","202506","01","2,000","90","18","2024","용산로 40","202508~202707","신규","-","","","아파트"
"26487","대구광역시 달성군 화원읍 천내리","122","0122","0000","화원천내우방맨션","월세","70.0300","202506","01","1,000","50","3","1991","화원로 26","202504~202704","갱신","-","1,000","50","아파트"
"26488","대구광역시 달서구 상인동","1517","1517","0000","상인영남화성타운","전세","134.9600","202506","01","24,000","0","16","1993","상인서로 76","202507~202707","신규","-","","","아파트"
"26489","대구광역시 달성군 구지면 화산리","1105","1105","0000","대구국가산단반도유보라아이비파크3","전세","74.9638","202506","01","13,000","0","11","2020","국가산단북로34길 10","202508~202708","신규","-","","","아파트"
"26490","대구광역시 달성군 구지면 응암리","1252","1252","0000","대구국가산단ZOOM파크","전세","84.4828","202506","01","12,600","0","19","2020","국가산단대로64길 63","202506~202706","갱신","사용","12,000","0","아파트"
"26491","대구광역시 달성군 구지면 창리","1434","1434","0000","대구국가산단디에트르더센트럴","월세","76.4927","202506","01","1,000","65","18","2021","국가산단대로70길 17","202506~202806","신규","-","","","아파트"
"26492","대구광역시 달서구 유천동","605","0605","0000","현대아이파크","전세","59.9294","202506","01","25,000","0","10","2015","조암남로 182","202509~202709","신규","-","","","아파트"
"26493","대구광역시 달서구 두류동","629-6","0629","0006","삼하","전세","55.6125","202506","01","8,000","0","1","1981","달구벌대로340길 30","202507~202707","신규","-","","","아파트"
