"NO","시군구","번지","본번","부번","단지명","전월세구분","전용면적(㎡)","계약년월","계약일","보증금(만원)","월세금(만원)","층","건축년도","도로명","계약기간","계약구분","갱신요구권 사용","종전계약 보증금(만원)","종전계약 월세(만원)","주택유형"
"1","세종특별자치시  조치원읍 상리","79-3","0079","0003","세종파인시티","월세","18.4640","202602","23","300","33","3","2014","새내10길 95","202602~202702","신규","-","","","아파트"
"2","세종특별자치시  도담동","653","0653","0000","도램마을11단지(반도유보라)","전세","84.9891","202602","23","28,000","0","5","2017","보듬4로 9","202604~202804","신규","-","","","아파트"
"3","세종특별자치시  아름동","1339","1339","0000","범지기마을1단지(한양수자인에듀센텀)","월세","84.9039","202602","23","3,000","100","18","2015","절재로 13","202602~202702","갱신","-","3,000","100","아파트"
"4","세종특별자치시  도담동","653","0653","0000","도램마을11단지(반도유보라)","월세","84.9891","202602","23","1,000","105","28","2017","보듬4로 9","202602~202608","신규","-","","","아파트"
"5","세종특별자치시  한솔동","947","0947","0000","첫마을3단지(퍼스트프라임)","전세","119.9800","202602","23","32,000","0","4","2011","나리1로 15","202603~202803","신규","-","","","아파트"
"6","세종특별자치시  고운동","2111","2111","0000","가락마을19단지","전세","84.6972","202602","23","40,950","0","5","2019","밝은뜰로 15","202603~202803","갱신","사용","39,000","0","아파트"
"7","세종특별자치시  산울동","가-","0000","0000","산울마을5단지","전세","59.9700","202602","23","24,000","0","10","2023","산울2로 40","202602~202802","신규","-","","","아파트"
"8","세종특별자치시  나성동","759","0759","0000","블루지움(2-4)","월세","26.6000","202602","23","500","60","5","2015","한누리대로 306","202602~202608","신규","-","","","아파트"
"9","세종특별자치시  어진동","554","0554","0000","한뜰마을1단지(상록데시앙)","전세","70.0550","202602","23","17,315","0","3","2013","갈매로 479","202603~202803","신규","-","","","아파트"
"10","세종특별자치시  다정동","964","0964","0000","가온마을4단지","전세","59.9900","202602","23","24,400","0","6","2019","다정중앙로 19","202603~202805","신규","-","","","아파트"
"11","세종특별자치시  새롬동","607","0607","0000","새뜸마을8단지","월세","36.6800","202602","23","3,993","11","9","2018","새롬중앙로 20","202605~202804","신규","-","","","아파트"
"12","세종특별자치시  다정동","918","0918","0000","가온마을6단지","전세","59.9780","202602","22","26,000","0","12","2018","다정중앙로 77","202604~202804","신규","-","","","아파트"
"13","세종특별자치시  보람동","779","0779","0000","호려울마을6단지(모아엘가)","전세","101.6500","202602","22","38,000","0","10","2017","보람동로 13","202602~202802","갱신","-","35,000","0","아파트"
"14","세종특별자치시  보람동","779","0779","0000","호려울마을6단지(모아엘가)","전세","101.6500","202602","22","38,000","0","10","2017","보람동로 13","202602~202802","갱신","-","35,000","0","아파트"
"15","세종특별자치시  보람동","786","0786","0000","호려울마을1단지(대방노블랜드)","전세","59.9883","202602","22","23,500","0","8","2017","남세종로 503","202604~202804","갱신","사용","22,500","0","아파트"
"16","세종특별자치시  대평동","668","0668","0000","해들마을6단지","전세","99.0725","202602","22","34,000","0","25","2018","대평로 80","202603~202803","신규","-","","","아파트"
"17","세종특별자치시  소담동","586","0586","0000","새샘마을6단지(한신더휴펜타힐스)","전세","75.9000","202602","21","27,000","0","8","2017","남세종로 302","202604~202804","신규","-","","","아파트"
"18","세종특별자치시  소담동","586","0586","0000","새샘마을6단지(한신더휴펜타힐스)","전세","59.9200","202602","21","21,000","0","17","2017","남세종로 302","202603~202803","갱신","사용","20,000","0","아파트"
"19","세종특별자치시  소담동","586","0586","0000","새샘마을6단지(한신더휴펜타힐스)","전세","59.5000","202602","21","24,000","0","5","2017","남세종로 302","202603~202703","신규","-","","","아파트"
"20","세종특별자치시  소담동","594","0594","0000","새샘마을2단지(한양수자인)","전세","84.8974","202602","21","26,000","0","15","2016","남세종로 358","202602~202802","갱신","사용","25,000","0","아파트"
"21","세종특별자치시  소담동","598","0598","0000","새샘마을5단지(한양수자인엘시티)","전세","59.4544","202602","21","19,500","0","5","2017","남세종로 301","202603~202803","갱신","사용","19,000","0","아파트"
"22","세종특별자치시  보람동","713","0713","0000","호려울마을10단지(중흥S클래스)","전세","98.0608","202602","21","30,000","0","5","2016","시청대로 210","202604~202804","신규","-","","","아파트"
"23","세종특별자치시  소담동","539","0539","0000","새샘마을7단지","전세","84.8645","202602","21","31,000","0","27","2020","소담8로 6","202604~202804","신규","-","","","아파트"
"24","세종특별자치시  소담동","550","0550","0000","새샘마을3단지(모아미래도리버시티)","전세","110.9950","202602","21","39,000","0","8","2016","시청대로 236","202603~202803","신규","-","","","아파트"
"25","세종특별자치시  한솔동","947","0947","0000","첫마을3단지(퍼스트프라임)","전세","84.9600","202602","21","23,100","0","2","2011","나리1로 15","202602~202802","갱신","사용","22,000","0","아파트"
"26","세종특별자치시  대평동","707","0707","0000","해들마을1단지","전세","84.9429","202602","21","27,300","0","15","2018","대평1길 27","202603~202803","갱신","사용","26,000","0","아파트"
"27","세종특별자치시  고운동","1401","1401","0000","가락마을13단지(대광로제비앙)","전세","59.6550","202602","21","21,000","0","2","2015","마음로 182","202603~202803","신규","-","","","아파트"
"28","세종특별자치시  고운동","1403","1403","0000","가락마을14단지(우남퍼스트빌)","전세","117.8982","202602","21","31,000","0","5","2020","마음안로 131","202603~202803","신규","-","","","아파트"
"29","세종특별자치시  고운동","2111","2111","0000","가락마을19단지","전세","59.6506","202602","21","22,000","0","9","2019","밝은뜰로 15","202603~202803","신규","-","","","아파트"
"30","세종특별자치시  도담동","632","0632","0000","중흥 그린카운티(13단지)","월세","59.1132","202602","21","10,000","45","20","2014","보람로 95","202603~202803","갱신","-","2,000","70","아파트"
"31","세종특별자치시  아름동","1353","1353","0000","범지기마을5단지(세종상록어울림)","월세","36.7080","202602","21","4,584","9","1","2014","달빛1로 122","202602~202802","신규","-","","","아파트"
"32","세종특별자치시  종촌동","654","0654","0000","가재마을11단지","전세","84.8154","202602","21","22,000","0","5","2013","도움3로 75","202605~202905","신규","-","","","아파트"
"33","세종특별자치시  나성동","775","0775","0000","더리치세종의아침(CB4-1BL-2BL)","월세","20.5238","202602","21","300","54","6","2015","한누리대로 194","202602~202702","신규","-","","","아파트"
"34","세종특별자치시  나성동","833","0833","0000","나릿재마을3단지","전세","98.8226","202602","21","41,500","0","33","2021","국세청로 45","202602~202802","신규","-","","","아파트"
"35","세종특별자치시  집현동","1201","1201","0000","새나루마을1단지세종자이e편한세상","전세","124.8600","202602","21","38,000","0","12","2021","남세종로 160","202603~202803","갱신","사용","37,000","0","아파트"
"36","세종특별자치시  종촌동","683","0683","0000","가재마을2단지","전세","84.9893","202602","21","25,000","0","1","2014","달빛1로 39","202603~202803","신규","-","","","아파트"
"37","세종특별자치시  종촌동","690","0690","0000","가재마을5단지","전세","59.9474","202602","21","25,000","0","18","2014","도움1로 105","202603~202803","신규","-","","","아파트"
"38","세종특별자치시  다정동","916","0916","0000","가온마을3단지","전세","59.8969","202602","21","17,850","0","12","2018","다정북로 109","202604~202804","갱신","사용","17,000","0","아파트"
"39","세종특별자치시  다정동","960","0960","0000","가온마을1단지(힐스테이트)","전세","59.9843","202602","21","23,000","0","11","2018","다정남로 22","202604~202804","신규","-","","","아파트"
"40","세종특별자치시  새롬동","597","0597","0000","새뜸마을3단지(롯데캐슬)","전세","84.9875","202602","21","26,801","0","14","2017","새롬북로 14","202603~202703","신규","-","","","아파트"
"41","세종특별자치시  해밀동","649","0649","0000","해밀마을1단지","전세","84.6700","202602","21","33,000","0","9","2020","해밀3로 32","202604~202804","신규","-","","","아파트"
"42","세종특별자치시  다정동","960","0960","0000","가온마을1단지(힐스테이트)","전세","59.9843","202602","21","25,000","0","6","2018","다정남로 22","202604~202804","신규","-","","","아파트"
"43","세종특별자치시  다정동","953","0953","0000","가온마을2단지","전세","84.9687","202602","21","32,000","0","13","2018","다정북로 110","202602~202802","신규","-","","","아파트"
"44","세종특별자치시  산울동","가-","0000","0000","산울마을5단지","전세","84.9700","202602","21","26,650","0","10","2023","산울2로 40","202603~202803","갱신","사용","26,000","0","아파트"
"45","세종특별자치시  나성동","712","0712","0000","세종퍼스트타워","월세","26.4870","202602","20","500","53","6","2013","한누리대로 211","202602~202702","신규","-","","","아파트"
"46","세종특별자치시  산울동","가-","0000","0000","산울마을5단지","전세","84.9700","202602","20","27,300","0","13","2023","산울2로 40","202602~202802","갱신","사용","26,000","0","아파트"
"47","세종특별자치시  어진동","649","0649","0000","호수의 아침","월세","17.4250","202602","20","300","47","3","2014","가름로 253","202602~202702","신규","-","","","아파트"
"48","세종특별자치시  어진동","548","0548","0000","세종리슈빌S","월세","19.3525","202602","20","500","46","4","2014","한누리대로 496","202602~202702","신규","-","","","아파트"
"49","세종특별자치시  해밀동","635","0635","0000","해밀마을2단지","전세","84.5400","202602","20","33,000","0","9","2020","해밀3로 90","202603~202803","신규","-","","","아파트"
"50","세종특별자치시  다정동","964","0964","0000","가온마을4단지","월세","84.9900","202602","20","3,000","130","12","2019","다정중앙로 19","202604~202804","신규","-","","","아파트"
"51","세종특별자치시  다정동","916","0916","0000","가온마을3단지","전세","75.5531","202602","20","25,000","0","4","2018","다정북로 109","202603~202803","신규","-","","","아파트"
"52","세종특별자치시  다정동","960","0960","0000","가온마을1단지(힐스테이트)","전세","59.9843","202602","20","24,000","0","12","2018","다정남로 22","202602~202802","신규","-","","","아파트"
"53","세종특별자치시  다정동","918","0918","0000","가온마을6단지","월세","108.9808","202602","20","5,000","140","2","2018","다정중앙로 77","202602~202802","신규","-","","","아파트"
"54","세종특별자치시  집현동","1191","1191","0000","새나루마을2단지세종하늘채센트레빌","월세","64.5800","202602","20","3,000","90","4","2021","집현서로 15","202603~202803","신규","-","","","아파트"
"55","세종특별자치시  집현동","1201","1201","0000","새나루마을1단지세종자이e편한세상","전세","84.8700","202602","20","28,350","0","2","2021","남세종로 160","202602~202802","갱신","사용","27,000","0","아파트"
"56","세종특별자치시  나성동","853","0853","0000","나릿재마을2단지","전세","99.2433","202602","20","36,500","0","3","2021","중앙공원서로 10","202604~202804","갱신","사용","35,000","0","아파트"
"57","세종특별자치시  나성동","748","0748","0000","한스웰시티(CB5-1BL)","전세","24.1200","202602","20","8,900","0","6","2015","한누리대로 237","202603~202803","신규","-","","","아파트"
"58","세종특별자치시  나성동","835","0835","0000","나릿재마을1단지","전세","84.7595","202602","20","35,000","0","9","2021","국세청로 46","202604~202804","신규","-","","","아파트"
"59","세종특별자치시  종촌동","640","0640","0000","가재마을4단지(센트레빌)","전세","84.9500","202602","20","24,000","0","26","2015","도움3로 160","202603~202803","신규","-","","","아파트"
"60","세종특별자치시  종촌동","690","0690","0000","가재마을5단지","전세","59.9383","202602","20","20,664","0","14","2014","도움1로 105","202604~202804","갱신","사용","19,680","0","아파트"
"61","세종특별자치시  종촌동","679","0679","0000","가재마을3단지","전세","108.8099","202602","20","25,200","0","5","2015","도움3로 159","202604~202804","갱신","사용","24,000","0","아파트"
"62","세종특별자치시  소담동","539","0539","0000","새샘마을7단지","전세","105.2975","202602","20","38,000","0","25","2020","소담8로 6","202604~202804","신규","-","","","아파트"
"63","세종특별자치시  소담동","586","0586","0000","새샘마을6단지(한신더휴펜타힐스)","전세","59.9200","202602","20","23,000","0","27","2017","남세종로 302","202605~202808","갱신","-","21,500","0","아파트"
"64","세종특별자치시  소담동","594","0594","0000","새샘마을2단지(한양수자인)","전세","59.9991","202602","20","21,000","0","11","2016","남세종로 358","202603~202803","갱신","사용","20,000","0","아파트"
"65","세종특별자치시  도담동","632","0632","0000","중흥 그린카운티(13단지)","전세","59.1132","202602","20","23,000","0","14","2014","보람로 95","202604~202804","신규","-","","","아파트"
"66","세종특별자치시  도담동","638","0638","0000","도램마을 19단지(모아미래도)","전세","84.9448","202602","20","27,000","0","3","2015","보듬4로 111","202606~202806","신규","-","","","아파트"
"67","세종특별자치시  도담동","685","0685","0000","도램마을2단지(웅진스타클래스)","전세","44.9900","202602","20","19,500","0","7","2014","다솜1로 164","202603~202803","신규","-","","","아파트"
"68","세종특별자치시  고운동","1386","1386","0000","가락마을17단지(골드클래스)","월세","59.9159","202602","20","8,000","45","1","2015","마음안1로 167","202603~202803","신규","-","","","아파트"
"69","세종특별자치시  고운동","1708","1708","0000","가락마을3단지(호반베르디움)","월세","59.8652","202602","20","1,000","80","14","2014","마음안로 47","202603~202803","신규","-","","","아파트"
"70","세종특별자치시  아름동","1276","1276","0000","범지기마을12단지(중흥S-에코타운)","전세","96.2520","202602","20","31,500","0","7","2015","보듬3로 74","202602~202802","갱신","-","30,000","0","아파트"
"71","세종특별자치시  아름동","1276","1276","0000","범지기마을12단지(중흥S-에코타운)","전세","84.6958","202602","20","24,200","0","8","2015","보듬3로 74","202604~202804","신규","-","","","아파트"
"72","세종특별자치시  한솔동","976","0976","0000","첫마을7단지(래미안)","전세","114.8400","202602","20","38,000","0","20","2012","나리로 38","202604~202804","신규","-","","","아파트"
"73","세종특별자치시  한솔동","971","0971","0000","첫마을5단지(푸르지오)","월세","84.6200","202602","20","12,000","45","15","2012","누리로 59","202604~202804","신규","-","","","아파트"
"74","세종특별자치시  조치원읍 신흥리","398","0398","0000","신흥대우푸르지오","전세","144.2557","202602","20","28,000","0","11","2006","도원1로 16","202602~202802","갱신","-","25,000","0","아파트"
"75","세종특별자치시  조치원읍 상리","79-3","0079","0003","세종파인시티","전세","18.4640","202602","20","3,500","0","7","2014","새내10길 95","202602~202802","신규","-","","","아파트"
"76","세종특별자치시  보람동","786","0786","0000","호려울마을1단지(대방노블랜드)","전세","59.9883","202602","20","29,000","0","5","2017","남세종로 503","202603~202803","신규","-","","","아파트"
"77","세종특별자치시  보람동","783","0783","0000","호려울마을5단지(제일풍경채)","전세","84.9383","202602","20","32,000","0","3","2017","남세종로 441","202603~202803","신규","-","","","아파트"
"78","세종특별자치시  조치원읍 신안리","542","0542","0000","세종e편한세상","전세","125.7081","202602","20","22,000","0","19","2013","섭골길 59","202604~202804","신규","-","","","아파트"
"79","세종특별자치시  소담동","550","0550","0000","새샘마을3단지(모아미래도리버시티)","전세","97.9940","202602","20","34,000","0","29","2016","시청대로 236","202603~202803","신규","-","","","아파트"
"80","세종특별자치시  소담동","550","0550","0000","새샘마을3단지(모아미래도리버시티)","전세","84.9989","202602","20","26,000","0","24","2016","시청대로 236","202602~202802","갱신","사용","25,000","0","아파트"
"81","세종특별자치시  소담동","586","0586","0000","새샘마을6단지(한신더휴펜타힐스)","전세","59.9200","202602","20","21,000","0","7","2017","남세종로 302","202602~202802","갱신","사용","20,000","0","아파트"
"82","세종특별자치시  소담동","594","0594","0000","새샘마을2단지(한양수자인)","전세","59.9734","202602","20","21,500","0","12","2016","남세종로 358","202603~202803","신규","-","","","아파트"
"83","세종특별자치시  소담동","598","0598","0000","새샘마을5단지(한양수자인엘시티)","전세","59.4544","202602","20","21,000","0","2","2017","남세종로 301","202602~202802","갱신","-","20,000","0","아파트"
"84","세종특별자치시  소담동","539","0539","0000","새샘마을7단지","전세","105.2975","202602","20","38,000","0","25","2020","소담8로 6","202604~202804","신규","-","","","아파트"
"85","세종특별자치시  소담동","594","0594","0000","새샘마을2단지(한양수자인)","전세","59.9734","202602","20","21,500","0","12","2016","남세종로 358","202603~202803","갱신","-","20,000","0","아파트"
"86","세종특별자치시  고운동","1728","1728","0000","가락마을6단지(중흥S클래스프라디움)","전세","59.6866","202602","19","22,000","0","12","2015","마음로 14","202602~202802","신규","-","","","아파트"
"87","세종특별자치시  보람동","730","0730","0000","호려울마을3단지","월세","59.9690","202602","19","2,000","100","21","2019","시청대로 78","202604~202804","신규","-","","","아파트"
"88","세종특별자치시  반곡동","851","0851","0000","수루배마을1단지","전세","112.3280","202602","19","42,000","0","6","2019","반곡로 14","202602~202802","신규","-","","","아파트"
"89","세종특별자치시  반곡동","1035","1035","0000","수루배마을6단지","전세","59.9000","202602","19","21,000","0","8","2019","시청대로 598","202603~202803","신규","-","","","아파트"
"90","세종특별자치시  아름동","1353","1353","0000","범지기마을5단지(세종상록어울림)","월세","36.7080","202602","19","4,584","9","1","2014","달빛1로 122","202603~202802","신규","-","","","아파트"
"91","세종특별자치시  아름동","1353","1353","0000","범지기마을5단지(세종상록어울림)","전세","46.3840","202602","19","10,850","0","12","2014","달빛1로 122","202603~202803","신규","-","","","아파트"
"92","세종특별자치시  대평동","700","0700","0000","해들마을5단지","전세","59.9100","202602","19","18,000","0","1","2019","대평로 56","202603~202803","신규","-","","","아파트"
"93","세종특별자치시  대평동","700","0700","0000","해들마을5단지","월세","59.9700","202602","19","8,000","70","3","2019","대평로 56","202603~202711","신규","-","","","아파트"
"94","세종특별자치시  도담동","656","0656","0000","까사리움","월세","20.1700","202602","19","500","50","5","2015","한누리대로 587","202602~202702","신규","-","","","아파트"
"95","세종특별자치시  아름동","1357","1357","0000","범지기마을6단지(세종상록어울림)","월세","84.8300","202602","19","3,417","40","8","2014","달빛로 135","202602~202802","신규","-","","","아파트"
"96","세종특별자치시  도담동","638","0638","0000","도램마을 19단지(모아미래도)","전세","99.9847","202602","19","31,000","0","10","2015","보듬4로 111","202604~202804","신규","-","","","아파트"
"97","세종특별자치시  아름동","1282","1282","0000","한신엘리트파크(범지기9단지)","전세","84.9899","202602","19","25,000","0","6","2015","달빛1로 206","202602~202802","신규","-","","","아파트"
"98","세종특별자치시  고운동","1703","1703","0000","이지더원(가락마을4단지)","월세","79.5988","202602","19","3,000","90","10","2014","마음안로 48","202603~202803","신규","-","","","아파트"
"99","세종특별자치시  고운동","1728","1728","0000","가락마을6단지(중흥S클래스프라디움)","월세","59.6866","202602","19","1,500","82","9","2015","마음로 14","202603~202803","신규","-","","","아파트"
"100","세종특별자치시  도담동","685","0685","0000","도램마을2단지(웅진스타클래스)","월세","59.9900","202602","19","1,000","64","17","2014","다솜1로 164","202604~202704","갱신","-","1,000","61","아파트"
"101","세종특별자치시  보람동","732","0732","0000","호려울마을2단지","월세","21.9900","202602","19","2,146","7","6","2018","보람1길 12","202605~202804","갱신","-","903","13","아파트"
"102","세종특별자치시  소담동","598","0598","0000","새샘마을5단지(한양수자인엘시티)","월세","59.4410","202602","19","2,000","75","13","2017","남세종로 301","202603~202803","신규","-","","","아파트"
"103","세종특별자치시  새롬동","601","0601","0000","새뜸마을1단지(메이저시티)","전세","84.9645","202602","19","37,000","0","18","2017","새롬남로 18","202603~202803","신규","-","","","아파트"
"104","세종특별자치시  산울동","259","0259","0000","산울마을2단지(세종자이더시티)","전세","108.1895","202602","19","37,000","0","19","2024","산울3로 45","202604~202804","신규","-","","","아파트"
"105","세종특별자치시  어진동","554","0554","0000","한뜰마을1단지(상록데시앙)","월세","70.0550","202602","19","3,463","40","18","2013","갈매로 479","202603~202803","신규","-","","","아파트"
"106","세종특별자치시  어진동","554","0554","0000","한뜰마을1단지(상록데시앙)","월세","70.0660","202602","19","10,389","20","12","2013","갈매로 479","202603~202803","신규","-","","","아파트"
"107","세종특별자치시  새롬동","605","0605","0000","새뜸마을5단지(메이저시티)","전세","101.8063","202602","19","33,600","0","7","2017","새롬중앙로 19","202602~202802","갱신","-","33,600","0","아파트"
"108","세종특별자치시  다정동","918","0918","0000","가온마을6단지","전세","84.9837","202602","19","29,000","0","14","2018","다정중앙로 77","202604~202804","신규","-","","","아파트"
"109","세종특별자치시  다정동","918","0918","0000","가온마을6단지","전세","84.9837","202602","19","31,500","0","6","2018","다정중앙로 77","202602~202802","갱신","-","29,000","0","아파트"
"110","세종특별자치시  나성동","833","0833","0000","나릿재마을3단지","전세","98.8226","202602","19","39,900","0","22","2021","국세청로 45","202602~202802","신규","-","","","아파트"
"111","세종특별자치시  나성동","827","0827","0000","나릿재마을5단지","전세","99.9109","202602","19","45,000","0","21","2021","나성북1로 23","202602~202802","신규","-","","","아파트"
"112","세종특별자치시  소담동","586","0586","0000","새샘마을6단지(한신더휴펜타힐스)","전세","59.9200","202602","18","22,000","0","13","2017","남세종로 302","202603~202803","갱신","사용","22,000","0","아파트"
"113","세종특별자치시  아름동","1357","1357","0000","범지기마을6단지(세종상록어울림)","월세","84.8300","202602","18","10,251","20","4","2014","달빛로 135","202603~202803","신규","-","","","아파트"
"114","세종특별자치시  아름동","1357","1357","0000","범지기마을6단지(세종상록어울림)","전세","84.9830","202602","18","17,085","0","24","2014","달빛로 135","202603~202803","신규","-","","","아파트"
"115","세종특별자치시  다정동","964","0964","0000","가온마을4단지","월세","84.9800","202602","16","10,000","80","2","2019","다정중앙로 19","202602~202802","갱신","사용","10,000","75","아파트"
"116","세종특별자치시  나성동","853","0853","0000","나릿재마을2단지","전세","84.9676","202602","15","32,000","0","27","2021","중앙공원서로 10","202608~202808","신규","-","","","아파트"
"117","세종특별자치시  다정동","953","0953","0000","가온마을2단지","월세","97.5713","202602","15","8,000","70","9","2018","다정북로 110","202602~202802","신규","-","","","아파트"
"118","세종특별자치시  아름동","1297","1297","0000","범지기마을3단지(중흥에듀하이)","전세","84.9968","202602","15","21,000","0","5","2015","달빛1로 201","202602~202802","갱신","사용","20,000","0","아파트"
"119","세종특별자치시  도담동","859","0859","0000","현대힐스테이트(도램마을15단지)","월세","84.9463","202602","15","3,000","50","8","2014","보듬2로 43","202602~202802","신규","-","","","아파트"
"120","세종특별자치시  도담동","653","0653","0000","도램마을11단지(반도유보라)","월세","84.9891","202602","15","3,000","100","20","2017","보듬4로 9","202603~202802","갱신","-","3,000","95","아파트"
"121","세종특별자치시  도담동","656","0656","0000","까사리움","월세","20.1700","202602","15","300","48","8","2015","한누리대로 587","202602~202702","신규","-","","","아파트"
"122","세종특별자치시  조치원읍 신안리","35-3","0035","0003","유니빌","월세","28.1680","202602","15","500","42","3","2002","신안새동네길 26-10","202602~202802","신규","-","","","아파트"
"123","세종특별자치시  소담동","598","0598","0000","새샘마을5단지(한양수자인엘시티)","전세","59.4544","202602","14","22,000","0","9","2017","남세종로 301","202602~202802","갱신","-","19,000","0","아파트"
"124","세종특별자치시  보람동","738","0738","0000","호려울마을 7단지","월세","102.9145","202602","14","5,000","150","17","2019","남세종로 480","202604~202804","갱신","사용","5,000","145","아파트"
"125","세종특별자치시  고운동","1396","1396","0000","가락마을 20단지(호반베르디움5차)","전세","59.8338","202602","14","21,000","0","4","2015","만남로 190","202604~202804","신규","-","","","아파트"
"126","세종특별자치시  보람동","783","0783","0000","호려울마을5단지(제일풍경채)","전세","84.9383","202602","14","31,500","0","2","2017","남세종로 441","202605~202805","갱신","사용","30,000","0","아파트"
"127","세종특별자치시  보람동","786","0786","0000","호려울마을1단지(대방노블랜드)","월세","59.9883","202602","14","20,000","20","19","2017","남세종로 503","202602~202802","신규","-","","","아파트"
"128","세종특별자치시  보람동","738","0738","0000","호려울마을 7단지","월세","102.9385","202602","14","6,000","140","11","2019","남세종로 480","202602~202802","신규","-","","","아파트"
"129","세종특별자치시  반곡동","857","0857","0000","수루배마을4단지(세종더샵예미지)","월세","59.9000","202602","14","3,000","90","4","2019","시청대로 500","202602~202802","신규","-","","","아파트"
"130","세종특별자치시  반곡동","852","0852","0000","수루배마을3단지","전세","84.7971","202602","14","31,000","0","7","2019","반곡로 15","202602~202802","신규","-","","","아파트"
"131","세종특별자치시  고운동","1403","1403","0000","가락마을14단지(우남퍼스트빌)","전세","117.8982","202602","14","30,000","0","16","2020","마음안로 131","202603~202803","신규","-","","","아파트"
"132","세종특별자치시  한솔동","974","0974","0000","첫마을6단지(힐스테이트)","전세","84.1100","202602","14","25,000","0","9","2012","누리로 28","202605~202805","신규","-","","","아파트"
"133","세종특별자치시  금남면 용포리","320","0320","0000","두진리버빌","월세","43.0080","202602","14","1,500","55","13","2000","용포2길 70","202602~202702","신규","-","","","아파트"
"134","세종특별자치시  금남면 용포리","263","0263","0000","신성연기미소지움","전세","84.8768","202602","14","19,000","0","1","2007","용포2길 57-15","202603~202803","신규","-","","","아파트"
"135","세종특별자치시  한솔동","974","0974","0000","첫마을6단지(힐스테이트)","전세","59.1500","202602","14","18,000","0","5","2012","누리로 28","202604~202804","신규","-","","","아파트"
"136","세종특별자치시  도담동","858","0858","0000","도램마을 14단지(한림풀에버)","전세","111.9960","202602","14","45,000","0","17","2015","보듬2로 42","202603~202803","신규","-","","","아파트"
"137","세종특별자치시  도담동","845","0845","0000","도램마을1단지(웅진스타클래스)","전세","59.9700","202602","14","20,000","0","14","2014","다솜1로 140","202602~202802","갱신","-","20,000","0","아파트"
"138","세종특별자치시  도담동","845","0845","0000","도램마을1단지(웅진스타클래스)","전세","59.9700","202602","14","21,000","0","18","2014","다솜1로 140","202605~202805","신규","-","","","아파트"
"139","세종특별자치시  조치원읍 신흥리","398","0398","0000","신흥대우푸르지오","월세","84.9228","202602","14","2,000","80","14","2006","도원1로 16","202604~202804","신규","-","","","아파트"
"140","세종특별자치시  조치원읍 원리","2-11","0002","0011","세종스카이뷰","월세","15.1898","202602","14","150","35","4","2015","조치원5길 12-9","202602~202606","신규","-","","","아파트"
"141","세종특별자치시  대평동","705","0705","0000","해들마을3단지","월세","50.3413","202602","14","2,000","80","6","2017","대평1길 38","202603~202803","신규","-","","","아파트"
"142","세종특별자치시  대평동","704","0704","0000","해들마을4단지","월세","84.9916","202602","14","3,000","110","9","2018","대평로 34","202604~202804","신규","-","","","아파트"
"143","세종특별자치시  나성동","712","0712","0000","세종퍼스트타워","월세","28.0070","202602","14","300","54","3","2013","한누리대로 211","202602~202702","신규","-","","","아파트"
"144","세종특별자치시  다정동","946","0946","0000","가온마을5단지(중흥에스클래스센텀시티)","전세","84.9837","202602","14","27,000","0","5","2018","다정서로 60","202603~202803","신규","-","","","아파트"
"145","세종특별자치시  다정동","931","0931","0000","가온마을8단지(더하이스트)","전세","59.8817","202602","14","25,000","0","4","2018","다정북로 180","202603~202803","신규","-","","","아파트"
"146","세종특별자치시  다정동","964","0964","0000","가온마을4단지","전세","84.9800","202602","14","34,000","0","19","2019","다정중앙로 19","202602~202802","신규","-","","","아파트"
"147","세종특별자치시  다정동","960","0960","0000","가온마을1단지(힐스테이트)","전세","101.7203","202602","14","32,000","0","6","2018","다정남로 22","202603~202803","신규","-","","","아파트"
"148","세종특별자치시  집현동","1189","1189","0000","새나루마을3단지","전세","84.9100","202602","14","28,000","0","3","2021","집현서로 45","202602~202802","신규","-","","","아파트"
"149","세종특별자치시  종촌동","690","0690","0000","가재마을5단지","전세","84.9424","202602","14","26,000","0","4","2014","도움1로 105","202605~202805","신규","-","","","아파트"
"150","세종특별자치시  종촌동","697","0697","0000","가재마을9단지","전세","84.8140","202602","14","25,460","0","3","2014","도움1로 55","202604~202804","갱신","-","24,255","0","아파트"
"151","세종특별자치시  어진동","673","0673","0000","한뜰마을6단지(중흥S클래스센텀뷰)","전세","101.5170","202602","14","43,050","0","18","2021","다솜로 50","202603~202803","갱신","사용","41,000","0","아파트"
"152","세종특별자치시  어진동","664","0664","0000","모닝시티","전세","23.4552","202602","14","9,000","0","5","2015","가름로 170-14","202602~202802","신규","-","","","아파트"
"153","세종특별자치시  종촌동","690","0690","0000","가재마을5단지","월세","84.9424","202602","14","1,000","75","4","2014","도움1로 105","202602~202702","갱신","사용","1,000","71","아파트"
"154","세종특별자치시  종촌동","652","0652","0000","가재마을12단지","전세","84.9911","202602","14","21,000","0","23","2015","달빛로 80","202604~202804","갱신","사용","20,000","0","아파트"
"155","세종특별자치시  종촌동","654","0654","0000","가재마을11단지","전세","59.6144","202602","14","17,850","0","5","2013","도움3로 75","202604~202804","갱신","-","17,000","0","아파트"
"156","세종특별자치시  종촌동","656","0656","0000","가재마을10단지","월세","84.9365","202602","14","2,000","110","12","2014","도움1로 74","202602~202802","신규","-","","","아파트"
"157","세종특별자치시  나성동","853","0853","0000","나릿재마을2단지","전세","84.9676","202602","14","37,000","0","29","2021","중앙공원서로 10","202603~202803","신규","-","","","아파트"
"158","세종특별자치시  나성동","737","0737","0000","포레뷰투도시형생활주택","월세","28.3925","202602","14","500","63","3","2017","한누리대로 291","202603~202702","신규","-","","","아파트"
"159","세종특별자치시  새롬동","605","0605","0000","새뜸마을5단지(메이저시티)","전세","59.9602","202602","13","27,000","0","28","2017","새롬중앙로 19","202604~202804","신규","-","","","아파트"
"160","세종특별자치시  새롬동","556","0556","0000","새뜸마을7단지(투머로우시티)","월세","84.9200","202602","13","3,000","110","5","2017","새롬중앙로 89","202602~202802","신규","-","","","아파트"
"161","세종특별자치시  해밀동","649","0649","0000","해밀마을1단지","월세","59.4000","202602","13","2,000","85","3","2020","해밀3로 32","202603~202803","갱신","-","2,000","85","아파트"
"162","세종특별자치시  종촌동","640","0640","0000","가재마을4단지(센트레빌)","전세","74.9800","202602","13","23,000","0","11","2015","도움3로 160","202603~202803","신규","-","","","아파트"
"163","세종특별자치시  종촌동","640","0640","0000","가재마을4단지(센트레빌)","전세","84.9500","202602","13","24,000","0","23","2015","도움3로 160","202604~202804","신규","-","","","아파트"
"164","세종특별자치시  나성동","835","0835","0000","나릿재마을1단지","전세","84.9630","202602","13","30,000","0","14","2021","국세청로 46","202603~202803","갱신","사용","30,000","0","아파트"
"165","세종특별자치시  나성동","835","0835","0000","나릿재마을1단지","월세","84.9649","202602","13","5,000","140","28","2021","국세청로 46","202602~202802","신규","-","","","아파트"
"166","세종특별자치시  나성동","764","0764","0000","세종갤러리밸류시티","월세","25.4551","202602","13","500","55","7","2015","한누리대로 288","202602~202702","신규","-","","","아파트"
"167","세종특별자치시  나성동","730","0730","0000","에스알파크시티","월세","22.0900","202602","13","500","58","8","2017","한누리대로 321","202602~202702","신규","-","","","아파트"
"168","세종특별자치시  나성동","764","0764","0000","세종갤러리밸류시티","월세","24.4951","202602","13","8,000","5","6","2015","한누리대로 288","202602~202702","신규","-","","","아파트"
"169","세종특별자치시  나성동","730","0730","0000","에스알파크시티","월세","22.0900","202602","13","500","60","7","2017","한누리대로 321","202602~202702","신규","-","","","아파트"
"170","세종특별자치시  집현동","1189","1189","0000","새나루마을3단지","전세","84.9100","202602","13","30,000","0","10","2021","집현서로 45","202604~202804","신규","-","","","아파트"
"171","세종특별자치시  다정동","960","0960","0000","가온마을1단지(힐스테이트)","전세","84.9576","202602","13","26,000","0","13","2018","다정남로 22","202605~202805","갱신","사용","25,000","0","아파트"
"172","세종특별자치시  어진동","603","0603","0000","더샵센트럴시티","전세","84.7300","202602","13","25,200","0","13","2013","갈매로 480","-","-","-","","","아파트"
"173","세종특별자치시  어진동","603","0603","0000","더샵센트럴시티","전세","84.7300","202602","13","25,200","0","13","2013","갈매로 480","202602~202802","갱신","사용","24,000","0","아파트"
"174","세종특별자치시  어진동","613","0613","0000","더샵레이크파크","전세","110.5900","202602","13","35,000","0","4","2013","다솜로 290","202603~202803","신규","-","","","아파트"
"175","세종특별자치시  새롬동","554","0554","0000","새뜸마을4단지(캐슬파밀리에)","전세","100.9134","202602","13","26,000","0","12","2017","새롬북로 13","202602~202802","갱신","-","23,000","0","아파트"
"176","세종특별자치시  조치원읍 죽림리","396","0396","0000","조치원죽림자이","전세","128.9491","202602","13","25,000","0","8","2008","도원로 16","202604~202804","갱신","사용","25,000","0","아파트"
"177","세종특별자치시  보람동","730","0730","0000","호려울마을3단지","전세","59.9690","202602","13","18,480","0","8","2019","시청대로 78","202603~202803","신규","-","","","아파트"
"178","세종특별자치시  보람동","784","0784","0000","호려울마을 4단지 센트럴파크","전세","111.9846","202602","13","38,000","0","17","2017","남세종로 469","202602~202802","신규","-","","","아파트"
"179","세종특별자치시  보람동","730","0730","0000","호려울마을3단지","전세","59.9690","202602","13","18,480","0","8","2019","시청대로 78","202603~202803","신규","-","","","아파트"
"180","세종특별자치시  조치원읍 죽림리","21-2","0021","0002","삼일","전세","59.7600","202602","13","8,000","0","13","1994","충현로 72","202603~202803","신규","-","","","아파트"
"181","세종특별자치시  도담동","859","0859","0000","현대힐스테이트(도램마을15단지)","전세","84.9408","202602","13","26,000","0","23","2014","보듬2로 43","202603~202803","신규","-","","","아파트"
"182","세종특별자치시  도담동","845","0845","0000","도램마을1단지(웅진스타클래스)","월세","59.9800","202602","13","2,000","85","16","2014","다솜1로 140","202605~202805","신규","-","","","아파트"
"183","세종특별자치시  연동면 명학리","255","0255","0000","세종청정아파트","월세","31.7580","202602","13","500","35","6","2001","태산로 58","202602~202802","신규","-","","","아파트"
"184","세종특별자치시  조치원읍 신흥리","399","0399","0000","조치원신흥e편한세상(아)","월세","84.9740","202602","13","2,000","60","16","2008","이화1로 15","202603~202803","갱신","사용","2,000","60","아파트"
"185","세종특별자치시  도담동","855","0855","0000","도램마을9단지(제일풍경채)","전세","106.6345","202602","13","40,950","0","12","2015","보람로 15","202602~202802","갱신","사용","39,000","0","아파트"
"186","세종특별자치시  도담동","858","0858","0000","도램마을 14단지(한림풀에버)","월세","99.9860","202602","13","3,000","140","2","2015","보듬2로 42","202604~202804","신규","-","","","아파트"
"187","세종특별자치시  아름동","1339","1339","0000","범지기마을1단지(한양수자인에듀센텀)","전세","59.9789","202602","13","21,000","0","1","2015","절재로 13","202603~202803","신규","-","","","아파트"
"188","세종특별자치시  소담동","550","0550","0000","새샘마을3단지(모아미래도리버시티)","전세","97.9940","202602","13","35,000","0","23","2016","시청대로 236","202604~202804","신규","-","","","아파트"
"189","세종특별자치시  소담동","550","0550","0000","새샘마을3단지(모아미래도리버시티)","전세","97.9940","202602","13","35,000","0","19","2016","시청대로 236","202604~202804","신규","-","","","아파트"
"190","세종특별자치시  고운동","1396","1396","0000","가락마을 20단지(호반베르디움5차)","월세","84.9895","202602","13","2,000","90","13","2015","만남로 190","202602~202802","신규","-","","","아파트"
"191","세종특별자치시  고운동","1705","1705","0000","가락마을5단지(유승한내들)","전세","59.9058","202602","13","18,000","0","5","2015","마음안로 34","202603~202803","갱신","-","20,000","0","아파트"
"192","세종특별자치시  고운동","1396","1396","0000","가락마을 20단지(호반베르디움5차)","월세","84.9895","202602","13","2,000","90","13","2015","만남로 190","202602~202802","신규","-","","","아파트"
"193","세종특별자치시  고운동","1393","1393","0000","가락마을15단지(중흥파크뷰)","전세","59.9917","202602","13","20,000","0","12","2015","마음안로 190","202602~202802","신규","-","","","아파트"
"194","세종특별자치시  아름동","1353","1353","0000","범지기마을5단지(세종상록어울림)","전세","36.7080","202602","13","8,491","0","2","2014","달빛1로 122","202603~202803","신규","-","","","아파트"
"195","세종특별자치시  소담동","586","0586","0000","새샘마을6단지(한신더휴펜타힐스)","월세","59.5000","202602","13","2,000","85","5","2017","남세종로 302","202603~202803","신규","-","","","아파트"
"196","세종특별자치시  소담동","586","0586","0000","새샘마을6단지(한신더휴펜타힐스)","전세","59.9200","202602","13","22,000","0","19","2017","남세종로 302","202603~202802","신규","-","","","아파트"
"197","세종특별자치시  소담동","521","0521","0000","새샘마을9단지(중흥S클래스리버뷰)","전세","109.9244","202602","13","40,000","0","22","2016","국책연구원1로 15","202604~202804","신규","-","","","아파트"
"198","세종특별자치시  소담동","545","0545","0000","새샘마을4단지","월세","26.5600","202602","13","2,758","10","12","2022","소담3로 21","202606~202805","갱신","-","1,099","16","아파트"
"199","세종특별자치시  소담동","545","0545","0000","새샘마을4단지","월세","37.4200","202602","13","4,221","10","10","2022","소담3로 21","202605~202804","갱신","-","1,924","20","아파트"
"200","세종특별자치시  소담동","594","0594","0000","새샘마을2단지(한양수자인)","전세","59.9734","202602","13","22,000","0","8","2016","남세종로 358","202602~202802","신규","-","","","아파트"
"201","세종특별자치시  한솔동","939","0939","0000","첫마을1단지(퍼스트프라임)","월세","84.9600","202602","13","2,000","100","3","2011","노을3로 14","202603~202803","신규","-","","","아파트"
"202","세종특별자치시  대평동","668","0668","0000","해들마을6단지","전세","99.0725","202602","12","35,000","0","7","2018","대평로 80","202604~202804","신규","-","","","아파트"
"203","세종특별자치시  아름동","1282","1282","0000","한신엘리트파크(범지기9단지)","전세","99.9834","202602","12","30,000","0","16","2015","달빛1로 206","202603~202803","신규","-","","","아파트"
"204","세종특별자치시  소담동","545","0545","0000","새샘마을4단지","월세","37.5600","202602","12","4,221","10","12","2022","소담3로 21","-","-","-","","","아파트"
"205","세종특별자치시  고운동","1395","1395","0000","가락마을16단지(에듀그린)","전세","59.8399","202602","12","15,000","0","12","2015","만남로 187","202602~202802","갱신","-","13,230","0","아파트"
"206","세종특별자치시  고운동","1400","1400","0000","이지더원(가락마을10단지)","월세","72.4971","202602","12","2,000","85","9","2015","마음로 181","202603~202803","신규","-","","","아파트"
"207","세종특별자치시  고운동","1728","1728","0000","가락마을6단지(중흥S클래스프라디움)","전세","59.6866","202602","12","21,000","0","12","2015","마음로 14","202602~202802","갱신","-","21,000","0","아파트"
"208","세종특별자치시  고운동","1401","1401","0000","가락마을13단지(대광로제비앙)","전세","59.6550","202602","12","19,000","0","7","2015","마음로 182","202603~202803","신규","-","","","아파트"
"209","세종특별자치시  고운동","1386","1386","0000","가락마을17단지(골드클래스)","전세","59.9159","202602","12","15,600","0","14","2015","마음안1로 167","202603~202803","신규","-","","","아파트"
"210","세종특별자치시  도담동","664","0664","0000","라온프라이빗시티 Ⅰ","월세","19.1676","202602","12","500","50","3","2014","보듬3로 8-12","202602~202702","신규","-","","","아파트"
"211","세종특별자치시  대평동","700","0700","0000","해들마을5단지","월세","57.5300","202602","12","10,010","24","1","2019","대평로 56","202602~202802","갱신","-","4,710","46","아파트"
"212","세종특별자치시  금남면 용포리","320","0320","0000","두진리버빌","전세","43.0080","202602","12","12,000","0","4","2000","용포2길 70","202603~202803","신규","-","","","아파트"
"213","세종특별자치시  보람동","777","0777","0000","호려울마을8단지(중흥에코시티)","전세","84.9901","202602","12","30,000","0","14","2017","보람동로 14","202604~202804","신규","-","","","아파트"
"214","세종특별자치시  도담동","855","0855","0000","도램마을9단지(제일풍경채)","월세","95.8044","202602","12","6,000","125","17","2015","보람로 15","202602~202802","신규","-","","","아파트"
"215","세종특별자치시  조치원읍 침산리","89","0089","0000","욱일아파트","월세","59.9990","202602","12","1,000","65","11","1996","충현로 159","202604~202804","신규","-","","","아파트"
"216","세종특별자치시  도담동","845","0845","0000","도램마을1단지(웅진스타클래스)","전세","84.9800","202602","12","26,000","0","18","2014","다솜1로 140","202603~202803","신규","-","","","아파트"
"217","세종특별자치시  도담동","845","0845","0000","도램마을1단지(웅진스타클래스)","전세","84.9800","202602","12","25,000","0","18","2014","다솜1로 140","202602~202802","갱신","-","24,000","0","아파트"
"218","세종특별자치시  도담동","855","0855","0000","도램마을9단지(제일풍경채)","월세","95.6231","202602","12","3,000","114","13","2015","보람로 15","202603~202803","신규","-","","","아파트"
"219","세종특별자치시  산울동","산7","0007","0000","산울마을8단지엘리프세종6-3","월세","84.7100","202602","12","2,000","90","17","2025","산울7로 10","202602~202702","갱신","-","2,000","90","아파트"
"220","세종특별자치시  새롬동","599","0599","0000","새뜸마을2단지(메이저시티)","전세","59.9602","202602","12","25,000","0","3","2017","새롬남로 17","202603~202803","신규","-","","","아파트"
"221","세종특별자치시  새롬동","605","0605","0000","새뜸마을5단지(메이저시티)","전세","59.9602","202602","12","22,000","0","12","2017","새롬중앙로 19","202602~202802","갱신","사용","21,000","0","아파트"
"222","세종특별자치시  집현동","1181","1181","0000","새나루마을11단지세종어울림파밀리에센트럴","전세","59.9800","202602","12","25,000","0","13","2021","집현서2로 84","202603~202803","신규","-","","","아파트"
"223","세종특별자치시  나성동","730","0730","0000","에스알파크시티","전세","21.5900","202602","12","8,000","0","8","2017","한누리대로 321","202603~202703","신규","-","","","아파트"
"224","세종특별자치시  나성동","738","0738","0000","세종포레뷰원","월세","26.1900","202602","12","500","65","7","2016","한누리대로 287","202603~202703","갱신","사용","500","65","아파트"
"225","세종특별자치시  나성동","833","0833","0000","나릿재마을3단지","월세","98.8226","202602","12","5,000","165","17","2021","국세청로 45","202602~202802","갱신","-","10,000","130","아파트"
"226","세종특별자치시  나성동","738","0738","0000","세종포레뷰원","월세","28.4300","202602","12","500","65","4","2016","한누리대로 287","202602~202702","신규","-","","","아파트"
"227","세종특별자치시  종촌동","683","0683","0000","가재마을2단지","월세","84.9893","202602","12","1,000","80","5","2014","달빛1로 39","202602~202802","신규","-","","","아파트"
"228","세종특별자치시  다정동","965","0965","0000","가온마을7단지","월세","26.3300","202602","12","2,644","7","14","2020","다정중앙로 20","202605~202804","갱신","-","1,013","15","아파트"
"229","세종특별자치시  종촌동","640","0640","0000","가재마을4단지(센트레빌)","월세","84.9900","202602","12","20,000","20","1","2015","도움3로 160","202603~202803","신규","-","","","아파트"
"230","세종특별자치시  종촌동","656","0656","0000","가재마을10단지","전세","108.3993","202602","12","30,000","0","10","2014","도움1로 74","202604~202802","신규","-","","","아파트"
"231","세종특별자치시  새롬동","554","0554","0000","새뜸마을4단지(캐슬파밀리에)","전세","84.9875","202602","12","30,000","0","2","2017","새롬북로 13","202603~202802","신규","-","","","아파트"
"232","세종특별자치시  어진동","520","0520","0000","한뜰마을4단지(한신더휴리저브2)","전세","84.8486","202602","12","38,000","0","24","2022","다솜1로 9","202603~202803","신규","-","","","아파트"
"233","세종특별자치시  어진동","554","0554","0000","한뜰마을1단지(상록데시앙)","월세","34.0010","202602","12","1,872","22","22","2013","갈매로 479","202603~202803","신규","-","","","아파트"
"234","세종특별자치시  다정동","960","0960","0000","가온마을1단지(힐스테이트)","전세","59.9843","202602","11","25,000","0","7","2018","다정남로 22","202605~202805","신규","-","","","아파트"
"235","세종특별자치시  나성동","738","0738","0000","세종포레뷰원","월세","26.1900","202602","11","500","63","5","2016","한누리대로 287","202602~202702","신규","-","","","아파트"
"236","세종특별자치시  나성동","732","0732","0000","세종모닝시티2차","월세","18.6513","202602","11","300","48","8","2016","한누리대로 311","202602~202702","신규","-","","","아파트"
"237","세종특별자치시  새롬동","556","0556","0000","새뜸마을7단지(투머로우시티)","전세","65.3900","202602","11","22,000","0","5","2017","새롬중앙로 89","202604~202804","신규","-","","","아파트"
"238","세종특별자치시  새롬동","607","0607","0000","새뜸마을8단지","월세","46.7000","202602","11","6,603","15","6","2018","새롬중앙로 20","202605~202804","갱신","-","3,337","29","아파트"
"239","세종특별자치시  다정동","916","0916","0000","가온마을3단지","전세","59.8969","202602","11","20,000","0","11","2018","다정북로 109","202603~202703","갱신","-","20,000","0","아파트"
"240","세종특별자치시  새롬동","563","0563","0000","새뜸마을14단지(더샵힐스테이트)","월세","107.6708","202602","11","5,000","130","3","2017","새롬로 56","202602~202802","신규","-","","","아파트"
"241","세종특별자치시  어진동","548","0548","0000","세종리슈빌S","전세","19.3525","202602","11","10,500","0","15","2014","한누리대로 496","202603~202703","갱신","-","10,500","0","아파트"
"242","세종특별자치시  다정동","953","0953","0000","가온마을2단지","전세","75.5847","202602","11","28,000","0","18","2018","다정북로 110","202602~202802","신규","-","","","아파트"
"243","세종특별자치시  해밀동","635","0635","0000","해밀마을2단지","전세","102.5300","202602","11","38,000","0","17","2020","해밀3로 90","202602~202802","신규","-","","","아파트"
"244","세종특별자치시  종촌동","654","0654","0000","가재마을11단지","월세","59.6144","202602","11","2,000","75","2","2013","도움3로 75","202602~202802","신규","-","","","아파트"
"245","세종특별자치시  산울동","산7","0007","0000","산울마을8단지엘리프세종6-3","월세","74.9800","202602","11","3,000","120","20","2025","산울7로 10","202604~202803","신규","-","","","아파트"
"246","세종특별자치시  종촌동","652","0652","0000","가재마을12단지","전세","84.9941","202602","11","27,000","0","4","2015","달빛로 80","202603~202803","신규","-","","","아파트"
"247","세종특별자치시  종촌동","652","0652","0000","가재마을12단지","월세","84.9941","202602","11","4,000","90","11","2015","달빛로 80","202604~202804","신규","-","","","아파트"
"248","세종특별자치시  종촌동","690","0690","0000","가재마을5단지","전세","84.9424","202602","11","25,000","0","9","2014","도움1로 105","202604~202804","신규","-","","","아파트"
"249","세종특별자치시  종촌동","654","0654","0000","가재마을11단지","월세","59.6144","202602","11","2,000","75","2","2013","도움3로 75","202602~202802","신규","-","","","아파트"
"250","세종특별자치시  새롬동","558","0558","0000","새뜸마을10단지(더샵힐스테이트)","전세","59.9331","202602","11","26,500","0","9","2017","새롬중앙로 90","202604~202804","신규","-","","","아파트"
"251","세종특별자치시  집현동","1201","1201","0000","새나루마을1단지세종자이e편한세상","전세","101.8600","202602","11","32,500","0","10","2021","남세종로 160","202603~202803","갱신","사용","32,000","0","아파트"
"252","세종특별자치시  집현동","1191","1191","0000","새나루마을2단지세종하늘채센트레빌","전세","59.8600","202602","11","25,000","0","17","2021","집현서로 15","202604~202704","신규","-","","","아파트"
"253","세종특별자치시  다정동","931","0931","0000","가온마을8단지(더하이스트)","전세","59.8817","202602","11","25,000","0","11","2018","다정북로 180","202604~202804","신규","-","","","아파트"
"254","세종특별자치시  산울동","산7","0007","0000","산울마을8단지엘리프세종6-3","월세","84.7100","202602","11","3,000","120","4","2025","산울7로 10","202603~202804","신규","-","","","아파트"
"255","세종특별자치시  소담동","598","0598","0000","새샘마을5단지(한양수자인엘시티)","전세","59.4544","202602","11","19,950","0","1","2017","남세종로 301","202602~202802","신규","-","","","아파트"
"256","세종특별자치시  한솔동","974","0974","0000","첫마을6단지(힐스테이트)","월세","101.4600","202602","11","2,000","90","8","2012","누리로 27","202602~202802","신규","-","","","아파트"
"257","세종특별자치시  한솔동","971","0971","0000","첫마을5단지(푸르지오)","전세","84.7000","202602","11","23,000","0","9","2012","누리로 59","202603~202803","신규","-","","","아파트"
"258","세종특별자치시  한솔동","974","0974","0000","첫마을6단지(힐스테이트)","전세","84.1800","202602","11","21,000","0","19","2012","누리로 27","202602~202802","갱신","-","13,000","0","아파트"
"259","세종특별자치시  한솔동","971","0971","0000","첫마을5단지(푸르지오)","전세","84.7000","202602","11","23,000","0","9","2012","누리로 59","-","-","-","","","아파트"
"260","세종특별자치시  대평동","704","0704","0000","해들마을4단지","전세","98.1108","202602","11","30,000","0","9","2018","대평로 34","202603~202801","신규","-","","","아파트"
"261","세종특별자치시  대평동","706","0706","0000","해들마을2단지","전세","84.6600","202602","11","25,000","0","10","2018","대평1길 37","202603~202803","갱신","사용","24,000","0","아파트"
"262","세종특별자치시  대평동","707","0707","0000","해들마을1단지","월세","95.8377","202602","11","22,000","45","18","2018","대평1길 27","202602~202802","갱신","-","22,000","30","아파트"
"263","세종특별자치시  조치원읍 교리","12-1","0012","0001","목화","월세","59.9000","202602","11","10,500","5","8","1994","새내17길 7","202603~202803","신규","-","","","아파트"
"264","세종특별자치시  조치원읍 교리","12-1","0012","0001","목화","월세","59.9000","202602","11","10,500","5","8","1994","새내17길 7","-","-","-","","","아파트"
"265","세종특별자치시  고운동","1400","1400","0000","이지더원(가락마을10단지)","전세","72.4971","202602","11","22,000","0","11","2015","마음로 181","202603~202803","신규","-","","","아파트"
"266","세종특별자치시  고운동","1708","1708","0000","가락마을3단지(호반베르디움)","월세","59.9349","202602","11","2,000","75","3","2014","마음안로 47","202602~202802","신규","-","","","아파트"
"267","세종특별자치시  고운동","1706","1706","0000","가락마을8단지(고운뜰아파트)","월세","74.7700","202602","11","2,000","85","19","2015","만남로 92","202605~202805","신규","-","","","아파트"
"268","세종특별자치시  조치원읍 상리","114-1","0114","0001","굿애플허브","월세","16.1000","202602","11","200","30","5","2013","새내12길 78","202602~202702","신규","-","","","아파트"
"269","세종특별자치시  소담동","598","0598","0000","새샘마을5단지(한양수자인엘시티)","전세","59.4544","202602","11","23,500","0","13","2017","남세종로 301","202603~202803","신규","-","","","아파트"
"270","세종특별자치시  소담동","545","0545","0000","새샘마을4단지","월세","46.6900","202602","10","5,156","16","15","2022","소담3로 21","202605~202804","갱신","-","5,006","15","아파트"
"271","세종특별자치시  소담동","597","0597","0000","새샘마을1단지","전세","84.9917","202602","10","29,400","0","7","2018","남세종로 357","202602~202802","갱신","사용","28,000","0","아파트"
"272","세종특별자치시  소담동","598","0598","0000","새샘마을5단지(한양수자인엘시티)","월세","84.6347","202602","10","2,000","105","5","2017","남세종로 301","202604~202804","신규","-","","","아파트"
"273","세종특별자치시  고운동","1386","1386","0000","가락마을17단지(골드클래스)","전세","59.9881","202602","10","20,000","0","14","2015","마음안1로 167","202603~202803","신규","-","","","아파트"
"274","세종특별자치시  소담동","586","0586","0000","새샘마을6단지(한신더휴펜타힐스)","전세","59.9200","202602","10","13,650","0","19","2017","남세종로 302","202602~202802","갱신","사용","13,000","0","아파트"
"275","세종특별자치시  고운동","1706","1706","0000","가락마을8단지(고운뜰아파트)","월세","84.8900","202602","10","3,000","90","5","2015","만남로 92","202602~202802","신규","-","","","아파트"
"276","세종특별자치시  고운동","1401","1401","0000","가락마을13단지(대광로제비앙)","전세","84.6060","202602","10","24,000","0","12","2015","마음로 182","202604~202804","신규","-","","","아파트"
"277","세종특별자치시  고운동","2111","2111","0000","가락마을19단지","전세","84.9544","202602","10","25,000","0","15","2019","밝은뜰로 15","202603~202803","신규","-","","","아파트"
"278","세종특별자치시  도담동","855","0855","0000","도램마을9단지(제일풍경채)","전세","95.8044","202602","10","37,000","0","21","2015","보람로 15","202603~202803","신규","-","","","아파트"
"279","세종특별자치시  대평동","668","0668","0000","해들마을6단지","월세","99.0725","202602","10","3,000","120","1","2018","대평로 80","202602~202802","신규","-","","","아파트"
"280","세종특별자치시  대평동","706","0706","0000","해들마을2단지","월세","84.6600","202602","10","4,000","100","3","2018","대평1길 37","202606~202806","신규","-","","","아파트"
"281","세종특별자치시  소담동","531","0531","0000","새샘마을8단지","전세","84.9421","202602","10","32,000","0","24","2020","소담8로 22","202603~202803","신규","-","","","아파트"
"282","세종특별자치시  반곡동","857","0857","0000","수루배마을4단지(세종더샵예미지)","월세","84.8900","202602","10","4,000","110","7","2019","시청대로 500","202603~202803","신규","-","","","아파트"
"283","세종특별자치시  조치원읍 죽림리","393","0393","0000","조치원신동아파밀리에","전세","84.8676","202602","10","15,000","0","12","2008","도장말길 30","202602~202802","신규","-","","","아파트"
"284","세종특별자치시  아름동","1279","1279","0000","푸르지오(8단지)","전세","84.9238","202602","10","25,000","0","18","2013","달빛로 165","202602~202702","신규","-","","","아파트"
"285","세종특별자치시  아름동","1357","1357","0000","범지기마을6단지(세종상록어울림)","전세","84.8300","202602","10","17,085","0","21","2014","달빛로 135","202604~202804","갱신","-","16,863","0","아파트"
"286","세종특별자치시  한솔동","976","0976","0000","첫마을7단지(래미안)","전세","59.1000","202602","10","20,000","0","6","2012","나리로 38","202603~202803","신규","-","","","아파트"
"287","세종특별자치시  한솔동","974","0974","0000","첫마을6단지(힐스테이트)","전세","59.0300","202602","10","22,000","0","6","2012","누리로 28","202603~202803","신규","-","","","아파트"
"288","세종특별자치시  부강면 부강리","401-173","0401","0173","삼호","월세","45.2400","202602","10","500","40","5","1990","부강신대길 53","202602~202702","신규","-","","","아파트"
"289","세종특별자치시  고운동","1706","1706","0000","가락마을8단지(고운뜰아파트)","전세","84.9800","202602","10","22,000","0","2","2015","만남로 92","202602~202802","갱신","-","21,000","0","아파트"
"290","세종특별자치시  연서면 봉암리","622","0622","0000","대원네스트빌","전세","59.8580","202602","10","12,500","0","4","2002","당산로 290","202603~202803","신규","-","","","아파트"
"291","세종특별자치시  보람동","783","0783","0000","호려울마을5단지(제일풍경채)","전세","84.9383","202602","10","35,000","0","14","2017","남세종로 441","202603~202803","신규","-","","","아파트"
"292","세종특별자치시  대평동","700","0700","0000","해들마을5단지","월세","59.9200","202602","10","3,000","90","15","2019","대평로 56","202602~202802","신규","-","","","아파트"
"293","세종특별자치시  고운동","1706","1706","0000","가락마을8단지(고운뜰아파트)","전세","74.7700","202602","10","20,800","0","4","2015","만남로 92","202603~202802","갱신","-","20,800","0","아파트"
"294","세종특별자치시  집현동","1201","1201","0000","새나루마을1단지세종자이e편한세상","전세","84.6700","202602","10","30,000","0","18","2021","남세종로 160","202602~202802","신규","-","","","아파트"
"295","세종특별자치시  산울동","259","0259","0000","산울마을2단지(세종자이더시티)","전세","84.9369","202602","10","28,000","0","13","2024","산울3로 45","202604~202804","신규","-","","","아파트"
"296","세종특별자치시  어진동","673","0673","0000","한뜰마을6단지(중흥S클래스센텀뷰)","전세","140.8571","202602","10","60,000","0","23","2021","다솜로 50","202603~202803","신규","-","","","아파트"
"297","세종특별자치시  어진동","554","0554","0000","한뜰마을1단지(상록데시앙)","월세","70.0660","202602","10","3,089","28","13","2013","갈매로 479","202604~202804","갱신","-","2,942","27","아파트"
"298","세종특별자치시  어진동","673","0673","0000","한뜰마을6단지(중흥S클래스센텀뷰)","전세","140.8571","202602","10","60,000","0","23","2021","다솜로 50","202603~202803","신규","-","","","아파트"
"299","세종특별자치시  다정동","960","0960","0000","가온마을1단지(힐스테이트)","월세","84.9750","202602","10","5,000","45","4","2018","다정남로 22","202602~202702","신규","-","","","아파트"
"300","세종특별자치시  다정동","926","0926","0000","가온마을12단지","월세","84.9190","202602","10","10,000","79","4","2018","다정남로 123","202603~202809","갱신","사용","10,000","75","아파트"
"301","세종특별자치시  나성동","827","0827","0000","나릿재마을5단지","전세","99.9109","202602","10","43,000","0","25","2021","나성북1로 23","202603~202803","신규","-","","","아파트"
"302","세종특별자치시  나성동","827","0827","0000","나릿재마을5단지","전세","84.7990","202602","10","38,000","0","34","2021","나성북1로 23","202604~202804","신규","-","","","아파트"
"303","세종특별자치시  나성동","853","0853","0000","나릿재마을2단지","전세","84.8237","202602","10","38,000","0","31","2021","중앙공원서로 10","202603~202803","신규","-","","","아파트"
"304","세종특별자치시  나성동","764","0764","0000","세종갤러리밸류시티","월세","24.4951","202602","10","3,000","27","8","2015","한누리대로 288","202602~202702","갱신","-","3,000","25","아파트"
"305","세종특별자치시  다정동","931","0931","0000","가온마을8단지(더하이스트)","월세","59.8817","202602","10","2,000","95","4","2018","다정북로 180","202603~202803","신규","-","","","아파트"
"306","세종특별자치시  다정동","953","0953","0000","가온마을2단지","월세","98.7065","202602","10","3,150","116","10","2018","다정북로 110","202602~202802","갱신","사용","3,000","110","아파트"
"307","세종특별자치시  새롬동","554","0554","0000","새뜸마을4단지(캐슬파밀리에)","전세","84.9434","202602","10","30,000","0","13","2017","새롬북로 13","202602~202802","신규","-","","","아파트"
"308","세종특별자치시  새롬동","605","0605","0000","새뜸마을5단지(메이저시티)","전세","59.9602","202602","10","23,000","0","10","2017","새롬중앙로 19","202602~202802","갱신","사용","23,000","0","아파트"
"309","세종특별자치시  다정동","964","0964","0000","가온마을4단지","전세","59.9900","202602","10","23,100","0","24","2019","다정중앙로 19","202602~202802","갱신","사용","22,000","0","아파트"
"310","세종특별자치시  해밀동","637","0637","0000","해밀마을행복주택","월세","26.8100","202602","10","2,525","11","5","2023","해밀3로 85","202603~202802","갱신","-","2,461","10","아파트"
"311","세종특별자치시  해밀동","649","0649","0000","해밀마을1단지","전세","59.4000","202602","10","26,000","0","5","2020","해밀3로 32","202603~202803","신규","-","","","아파트"
"312","세종특별자치시  해밀동","649","0649","0000","해밀마을1단지","전세","84.8500","202602","10","35,000","0","5","2020","해밀3로 32","202602~202802","갱신","사용","35,000","0","아파트"
"313","세종특별자치시  종촌동","644","0644","0000","가재마을6단지","전세","84.6799","202602","10","20,000","0","21","2016","달빛1로 74","202603~202803","신규","-","","","아파트"
"314","세종특별자치시  종촌동","654","0654","0000","가재마을11단지","전세","59.6144","202602","10","19,700","0","2","2013","도움3로 75","202602~202802","갱신","-","16,500","0","아파트"
"315","세종특별자치시  다정동","920","0920","0000","가온마을9단지","월세","59.8700","202602","09","2,000","90","1","2019","다정북로 183","202602~202802","신규","-","","","아파트"
"316","세종특별자치시  다정동","918","0918","0000","가온마을6단지","월세","84.9837","202602","09","3,000","125","9","2018","다정중앙로 77","202603~202803","신규","-","","","아파트"
"317","세종특별자치시  나성동","712","0712","0000","세종퍼스트타워","월세","28.0070","202602","09","300","50","7","2013","한누리대로 211","202602~202702","신규","-","","","아파트"
"318","세종특별자치시  나성동","730","0730","0000","에스알파크시티","월세","22.0900","202602","09","500","55","4","2017","한누리대로 321","202602~202702","신규","-","","","아파트"
"319","세종특별자치시  새롬동","611","0611","0000","새뜸마을9단지(금성백조예미지)","전세","95.8937","202602","09","38,000","0","5","2017","새롬남로 98","-","-","-","","","아파트"
"320","세종특별자치시  새롬동","593","0593","0000","새뜸마을6단지(메이저시티)","전세","101.8063","202602","09","42,000","0","10","2017","새롬중앙1로 13","-","-","-","","","아파트"
"321","세종특별자치시  다정동","916","0916","0000","가온마을3단지","전세","59.8969","202602","09","18,900","0","6","2018","다정북로 109","202602~202803","갱신","사용","18,000","0","아파트"
"322","세종특별자치시  다정동","916","0916","0000","가온마을3단지","전세","59.8969","202602","09","22,000","0","15","2018","다정북로 109","202604~202804","갱신","-","19,000","0","아파트"
"323","세종특별자치시  집현동","1168","1168","0000","새나루마을12단지","월세","21.5000","202602","09","2,533","7","5","2021","집현북로 52","202602~202802","갱신","-","2,033","9","아파트"
"324","세종특별자치시  종촌동","654","0654","0000","가재마을11단지","전세","84.8154","202602","09","30,000","0","14","2013","도움3로 75","202602~202802","신규","-","","","아파트"
"325","세종특별자치시  종촌동","652","0652","0000","가재마을12단지","전세","84.9941","202602","09","25,000","0","27","2015","달빛로 80","-","-","-","","","아파트"
"326","세종특별자치시  종촌동","640","0640","0000","가재마을4단지(센트레빌)","전세","84.9900","202602","09","24,000","0","17","2015","도움3로 160","202603~202803","신규","-","","","아파트"
"327","세종특별자치시  종촌동","654","0654","0000","가재마을11단지","월세","84.8154","202602","09","5,000","65","7","2013","도움3로 75","202603~202803","신규","-","","","아파트"
"328","세종특별자치시  해밀동","637","0637","0000","해밀마을행복주택","월세","36.2900","202602","09","4,684","7","3","2023","해밀3로 85","202605~202804","갱신","-","3,397","14","아파트"
"329","세종특별자치시  종촌동","679","0679","0000","가재마을3단지","전세","108.8099","202602","09","25,000","0","7","2015","도움3로 159","202603~202803","갱신","-","25,000","0","아파트"
"330","세종특별자치시  어진동","554","0554","0000","한뜰마을1단지(상록데시앙)","월세","70.0550","202602","09","4,413","24","21","2013","갈매로 479","202605~202805","갱신","-","4,203","22","아파트"
"331","세종특별자치시  새롬동","597","0597","0000","새뜸마을3단지(롯데캐슬)","월세","84.9434","202602","09","27,000","40","4","2017","새롬북로 14","202602~202802","신규","-","","","아파트"
"332","세종특별자치시  새롬동","611","0611","0000","새뜸마을9단지(금성백조예미지)","전세","95.8937","202602","09","38,000","0","5","2017","새롬남로 98","202603~202803","신규","-","","","아파트"
"333","세종특별자치시  새롬동","556","0556","0000","새뜸마을7단지(투머로우시티)","월세","84.9100","202602","09","4,500","90","7","2017","새롬중앙로 89","202602~202802","신규","-","","","아파트"
"334","세종특별자치시  새롬동","599","0599","0000","새뜸마을2단지(메이저시티)","전세","84.9645","202602","09","28,000","0","21","2017","새롬남로 17","202602~202802","갱신","-","22,000","0","아파트"
"335","세종특별자치시  새롬동","564","0564","0000","새뜸마을13단지(트리쉐이드)","전세","69.9610","202602","09","26,000","0","10","2019","새롬로 32","202602~202802","갱신","-","25,000","0","아파트"
"336","세종특별자치시  다정동","920","0920","0000","가온마을9단지","월세","59.8700","202602","09","2,000","90","16","2019","다정북로 183","202604~202804","신규","-","","","아파트"
"337","세종특별자치시  대평동","704","0704","0000","해들마을4단지","전세","98.1108","202602","09","27,000","0","2","2018","대평로 34","202603~202803","신규","-","","","아파트"
"338","세종특별자치시  보람동","713","0713","0000","호려울마을10단지(중흥S클래스)","전세","98.0608","202602","09","31,000","0","14","2016","시청대로 210","202602~202802","갱신","-","31,000","0","아파트"
"339","세종특별자치시  조치원읍 침산리","89","0089","0000","욱일아파트","월세","59.9990","202602","09","2,000","60","14","1996","충현로 159","202603~202803","신규","-","","","아파트"
"340","세종특별자치시  아름동","1357","1357","0000","범지기마을6단지(세종상록어울림)","월세","84.9830","202602","09","3,041","28","16","2014","달빛로 135","202604~202804","갱신","-","2,896","27","아파트"
"341","세종특별자치시  아름동","1277","1277","0000","대우푸르지오(10단지)","월세","74.5191","202602","09","10,000","60","3","2014","달빛로 211","-","-","-","","","아파트"
"342","세종특별자치시  아름동","1353","1353","0000","범지기마을5단지(세종상록어울림)","전세","46.3840","202602","09","10,850","0","16","2014","달빛1로 122","-","-","-","","","아파트"
"343","세종특별자치시  아름동","1284","1284","0000","범지기마을7단지 호반에코시티","전세","84.7572","202602","09","23,100","0","3","2014","달빛1로 158","202603~202803","-","-","","","아파트"
"344","세종특별자치시  아름동","1353","1353","0000","범지기마을5단지(세종상록어울림)","전세","46.3840","202602","09","10,850","0","16","2014","달빛1로 122","202603~202803","신규","-","","","아파트"
"345","세종특별자치시  아름동","1353","1353","0000","범지기마을5단지(세종상록어울림)","전세","46.3840","202602","09","10,850","0","14","2014","달빛1로 122","202603~202803","신규","-","","","아파트"
"346","세종특별자치시  아름동","1353","1353","0000","범지기마을5단지(세종상록어울림)","월세","46.3840","202602","09","8,558","5","5","2014","달빛1로 122","202605~202805","갱신","-","8,151","5","아파트"
"347","세종특별자치시  아름동","1353","1353","0000","범지기마을5단지(세종상록어울림)","전세","46.3840","202602","09","10,850","0","16","2014","달빛1로 122","-","-","-","","","아파트"
"348","세종특별자치시  조치원읍 신안리","542","0542","0000","세종e편한세상","월세","84.7067","202602","09","2,000","87","7","2013","섭골길 59","202602~202608","갱신","사용","2,000","83","아파트"
"349","세종특별자치시  아름동","1357","1357","0000","범지기마을6단지(세종상록어울림)","전세","84.8300","202602","09","17,085","0","9","2014","달빛로 135","202605~202805","갱신","-","16,863","0","아파트"
"350","세종특별자치시  아름동","1277","1277","0000","대우푸르지오(10단지)","월세","74.5191","202602","09","10,000","60","3","2014","달빛로 211","202603~202803","신규","-","","","아파트"
"351","세종특별자치시  아름동","1277","1277","0000","대우푸르지오(10단지)","전세","84.9539","202602","09","26,000","0","3","2014","달빛로 211","202604~202804","신규","-","","","아파트"
"352","세종특별자치시  아름동","1357","1357","0000","범지기마을6단지(세종상록어울림)","월세","84.8300","202602","09","3,066","28","4","2014","달빛로 135","202604~202804","갱신","-","2,920","27","아파트"
"353","세종특별자치시  아름동","1353","1353","0000","범지기마을5단지(세종상록어울림)","월세","59.8210","202602","09","6,230","14","1","2014","달빛1로 122","202605~202805","갱신","-","5,934","14","아파트"
"354","세종특별자치시  아름동","1353","1353","0000","범지기마을5단지(세종상록어울림)","월세","46.3840","202602","09","8,558","5","2","2014","달빛1로 122","202605~202805","갱신","-","7,132","7","아파트"
"355","세종특별자치시  아름동","1353","1353","0000","범지기마을5단지(세종상록어울림)","전세","46.3840","202602","09","10,850","0","16","2014","달빛1로 122","202603~202803","신규","-","","","아파트"
"356","세종특별자치시  아름동","1357","1357","0000","범지기마을6단지(세종상록어울림)","전세","84.8300","202602","09","17,085","0","21","2014","달빛로 135","202604~202804","갱신","-","13,490","11","아파트"
"357","세종특별자치시  아름동","1353","1353","0000","범지기마을5단지(세종상록어울림)","전세","46.3840","202602","09","10,698","0","5","2014","달빛1로 122","202605~202805","갱신","-","10,189","0","아파트"
"358","세종특별자치시  고운동","1390","1390","0000","가락마을21단지(에듀포레)","전세","84.9757","202602","09","20,475","0","7","2015","마음안로 221","-","-","-","","","아파트"
"359","세종특별자치시  고운동","2112","2112","0000","가락마을18단지","월세","100.7296","202602","09","500","57","6","2018","마음안1로 139","202602~202702","신규","-","","","아파트"
"360","세종특별자치시  고운동","1728","1728","0000","가락마을6단지(중흥S클래스프라디움)","월세","59.6866","202602","09","8,000","50","17","2015","마음로 14","202605~202805","신규","-","","","아파트"
"361","세종특별자치시  고운동","1408","1408","0000","가락마을9단지(신동아 파밀리에)","전세","84.9863","202602","09","24,000","0","5","2015","마음로 151","202602~202802","신규","-","","","아파트"
"362","세종특별자치시  고운동","1728","1728","0000","가락마을6단지(중흥S클래스프라디움)","전세","59.6866","202602","09","19,000","0","6","2015","마음로 14","202604~202804","신규","-","","","아파트"
"363","세종특별자치시  고운동","1390","1390","0000","가락마을21단지(에듀포레)","전세","84.9757","202602","09","20,475","0","7","2015","마음안로 221","202604~202804","갱신","사용","19,500","0","아파트"
"364","세종특별자치시  소담동","594","0594","0000","새샘마을2단지(한양수자인)","전세","84.8974","202602","09","28,000","0","18","2016","남세종로 358","202603~202803","갱신","사용","28,000","0","아파트"
"365","세종특별자치시  소담동","539","0539","0000","새샘마을7단지","전세","105.2975","202602","09","31,500","0","16","2020","소담8로 6","202603~202803","갱신","-","30,000","0","아파트"
"366","세종특별자치시  소담동","586","0586","0000","새샘마을6단지(한신더휴펜타힐스)","전세","84.7500","202602","09","27,300","0","9","2017","남세종로 302","202603~202803","갱신","사용","26,000","0","아파트"
"367","세종특별자치시  소담동","594","0594","0000","새샘마을2단지(한양수자인)","월세","59.9734","202602","09","7,000","63","5","2016","남세종로 358","202602~202802","신규","-","","","아파트"
"368","세종특별자치시  소담동","597","0597","0000","새샘마을1단지","전세","84.9917","202602","09","27,300","0","2","2018","남세종로 357","-","-","-","","","아파트"
"369","세종특별자치시  한솔동","974","0974","0000","첫마을6단지(힐스테이트)","전세","59.1500","202602","09","19,000","0","5","2012","누리로 28","202603~202803","신규","-","","","아파트"
"370","세종특별자치시  한솔동","1226","1226","0000","첫마을4단지(대우푸르지오)","전세","84.7000","202602","09","20,000","0","20","2012","누리로 119","202602~202702","갱신","사용","20,000","0","아파트"
"371","세종특별자치시  대평동","704","0704","0000","해들마을4단지","전세","98.1108","202602","09","27,000","0","2","2018","대평로 34","-","-","-","","","아파트"
"372","세종특별자치시  대평동","706","0706","0000","해들마을2단지","전세","72.5127","202602","09","28,000","0","3","2018","대평1길 37","202602~202709","갱신","사용","28,000","0","아파트"
"373","세종특별자치시  반곡동","861","0861","0000","세종4-1리슈빌디어반H1","월세","59.6472","202602","09","6,400","10","6","2022","반곡로 72","202603~202803","신규","-","","","아파트"
"374","세종특별자치시  도담동","656","0656","0000","까사리움","월세","20.1700","202602","09","500","45","7","2015","한누리대로 587","202602~202702","신규","-","","","아파트"
"375","세종특별자치시  도담동","632","0632","0000","중흥 그린카운티(13단지)","전세","59.1132","202602","09","24,000","0","5","2014","보람로 95","202603~202803","신규","-","","","아파트"
"376","세종특별자치시  도담동","656","0656","0000","까사리움","월세","25.3500","202602","09","300","50","3","2015","한누리대로 587","202602~202702","신규","-","","","아파트"
"377","세종특별자치시  도담동","681","0681","0000","도램마을4단지(이지더원)","전세","59.9853","202602","09","25,000","0","11","2014","다솜1로 200","202604~202804","신규","-","","","아파트"
"378","세종특별자치시  조치원읍 신안리","542","0542","0000","세종e편한세상","월세","84.3869","202602","08","2,000","85","12","2013","섭골길 59","202602~202802","신규","-","","","아파트"
"379","세종특별자치시  반곡동","857","0857","0000","수루배마을4단지(세종더샵예미지)","전세","59.9000","202602","08","24,000","0","10","2019","시청대로 500","202604~202804","신규","-","","","아파트"
"380","세종특별자치시  조치원읍 번암리","75-2","0075","0002","번암주공","월세","46.6800","202602","08","500","40","1","1989","군청로 23","202602~202802","신규","-","","","아파트"
"381","세종특별자치시  소담동","594","0594","0000","새샘마을2단지(한양수자인)","전세","84.9787","202602","08","24,000","0","7","2016","남세종로 358","202604~202804","갱신","사용","23,000","0","아파트"
"382","세종특별자치시  새롬동","561","0561","0000","새뜸마을11단지(더샵힐스테이트)","전세","84.9032","202602","08","35,000","0","7","2017","새롬로 55","202602~202802","신규","-","","","아파트"
"383","세종특별자치시  집현동","1185","1185","0000","새나루마을10단지","전세","55.8800","202602","08","21,500","0","9","2022","시청대로 643","202604~202804","신규","-","","","아파트"
"384","세종특별자치시  새롬동","611","0611","0000","새뜸마을9단지(금성백조예미지)","전세","101.9653","202602","08","40,000","0","20","2017","새롬남로 98","202604~202804","신규","-","","","아파트"
"385","세종특별자치시  새롬동","605","0605","0000","새뜸마을5단지(메이저시티)","전세","59.9602","202602","08","19,600","0","4","2017","새롬중앙로 19","202602~202802","신규","-","","","아파트"
"386","세종특별자치시  어진동","673","0673","0000","한뜰마을6단지(중흥S클래스센텀뷰)","전세","84.7442","202602","08","40,000","0","32","2021","다솜로 50","202603~202803","신규","-","","","아파트"
"387","세종특별자치시  어진동","649","0649","0000","호수의 아침","월세","17.8340","202602","08","500","50","4","2014","가름로 253","202602~202702","신규","-","","","아파트"
"388","세종특별자치시  다정동","960","0960","0000","가온마을1단지(힐스테이트)","전세","101.7203","202602","08","33,000","0","17","2018","다정남로 22","202603~202803","신규","-","","","아파트"
"389","세종특별자치시  해밀동","646","0646","0000","세종하늘채펜트라움Ⅰ","월세","43.0066","202602","07","1,500","70","6","2024","해밀3로 27","202603~202703","신규","-","","","아파트"
"390","세종특별자치시  해밀동","649","0649","0000","해밀마을1단지","전세","59.4000","202602","07","23,000","0","4","2020","해밀3로 32","202602~202802","갱신","사용","22,000","0","아파트"
"391","세종특별자치시  다정동","916","0916","0000","가온마을3단지","전세","97.5713","202602","07","30,000","0","10","2018","다정북로 109","202602~202802","신규","-","","","아파트"
"392","세종특별자치시  다정동","953","0953","0000","가온마을2단지","월세","75.4773","202602","07","18,000","25","2","2018","다정북로 110","202602~202802","신규","-","","","아파트"
"393","세종특별자치시  다정동","953","0953","0000","가온마을2단지","전세","97.5713","202602","07","28,000","0","5","2018","다정북로 110","202603~202803","신규","-","","","아파트"
"394","세종특별자치시  다정동","953","0953","0000","가온마을2단지","월세","84.9020","202602","07","3,000","110","2","2018","다정북로 110","202603~202803","신규","-","","","아파트"
"395","세종특별자치시  다정동","964","0964","0000","가온마을4단지","월세","59.9900","202602","07","2,000","85","18","2019","다정중앙로 19","202602~202802","갱신","-","2,000","80","아파트"
"396","세종특별자치시  다정동","926","0926","0000","가온마을12단지","전세","101.8347","202602","07","40,000","0","6","2018","다정남로 123","202604~202804","신규","-","","","아파트"
"397","세종특별자치시  다정동","916","0916","0000","가온마을3단지","월세","59.8969","202602","07","3,000","85","6","2018","다정북로 109","202603~202803","신규","-","","","아파트"
"398","세종특별자치시  다정동","916","0916","0000","가온마을3단지","전세","97.5713","202602","07","30,000","0","13","2018","다정북로 109","202602~202802","갱신","사용","30,000","0","아파트"
"399","세종특별자치시  다정동","964","0964","0000","가온마을4단지","전세","84.9900","202602","07","30,000","0","8","2019","다정중앙로 19","202604~202804","갱신","사용","30,000","0","아파트"
"400","세종특별자치시  다정동","964","0964","0000","가온마을4단지","월세","59.9900","202602","07","2,000","98","9","2019","다정중앙로 19","202604~202804","신규","-","","","아파트"
"401","세종특별자치시  나성동","730","0730","0000","에스알파크시티","월세","22.0900","202602","07","300","75","7","2017","한누리대로 321","202602~202702","신규","-","","","아파트"
"402","세종특별자치시  나성동","853","0853","0000","나릿재마을2단지","월세","114.7408","202602","07","21,000","126","9","2021","중앙공원서로 10","202602~202802","갱신","사용","20,000","120","아파트"
"403","세종특별자치시  나성동","730","0730","0000","에스알파크시티","월세","27.1200","202602","07","500","65","7","2017","한누리대로 321","202602~202702","갱신","-","300","59","아파트"
"404","세종특별자치시  어진동","613","0613","0000","더샵레이크파크","전세","84.7300","202602","07","24,500","0","1","2013","다솜로 290","202602~202802","갱신","-","22,500","0","아파트"
"405","세종특별자치시  새롬동","597","0597","0000","새뜸마을3단지(롯데캐슬)","전세","74.9980","202602","07","29,000","0","10","2017","새롬북로 14","202602~202802","갱신","사용","29,000","0","아파트"
"406","세종특별자치시  새롬동","599","0599","0000","새뜸마을2단지(메이저시티)","월세","59.9602","202602","07","8,000","60","13","2017","새롬남로 17","202603~202803","신규","-","","","아파트"
"407","세종특별자치시  새롬동","605","0605","0000","새뜸마을5단지(메이저시티)","전세","101.8063","202602","07","44,000","0","13","2017","새롬중앙로 19","202604~202804","갱신","-","36,000","0","아파트"
"408","세종특별자치시  새롬동","593","0593","0000","새뜸마을6단지(메이저시티)","전세","120.5051","202602","07","55,000","0","9","2017","새롬중앙1로 13","202604~203004","신규","-","","","아파트"
"409","세종특별자치시  새롬동","597","0597","0000","새뜸마을3단지(롯데캐슬)","전세","100.9214","202602","07","38,000","0","3","2017","새롬북로 14","202602~202802","갱신","-","31,500","0","아파트"
"410","세종특별자치시  새롬동","601","0601","0000","새뜸마을1단지(메이저시티)","전세","120.5051","202602","07","49,000","0","12","2017","새롬남로 18","202602~202802","갱신","-","42,000","0","아파트"
"411","세종특별자치시  산울동","가-","0000","0000","산울마을5단지","전세","59.9700","202602","07","25,000","0","11","2023","산울2로 40","202603~202803","신규","-","","","아파트"
"412","세종특별자치시  어진동","603","0603","0000","더샵센트럴시티","전세","84.7300","202602","07","31,000","0","1","2013","갈매로 480","202602~202802","갱신","-","30,000","0","아파트"
"413","세종특별자치시  산울동","313-14","0313","0014","세종리첸시아파밀리에H3블록(산울마을6단지)","월세","59.8304","202602","07","2,000","63","4","2024","산울2로 10","202605~202805","신규","-","","","아파트"
"414","세종특별자치시  집현동","1192","1192","0000","새나루마을9단지세종어울림파밀리에센트럴","전세","59.9300","202602","07","20,000","0","2","2021","시청대로 642","202604~202802","신규","-","","","아파트"
"415","세종특별자치시  소담동","521","0521","0000","새샘마을9단지(중흥S클래스리버뷰)","전세","98.2270","202602","07","33,000","0","12","2016","국책연구원1로 15","202603~202803","신규","-","","","아파트"
"416","세종특별자치시  도담동","685","0685","0000","도램마을2단지(웅진스타클래스)","전세","59.9700","202602","07","19,950","0","10","2014","다솜1로 164","202602~202802","갱신","사용","19,000","0","아파트"
"417","세종특별자치시  도담동","845","0845","0000","도램마을1단지(웅진스타클래스)","전세","59.9900","202602","07","23,200","0","17","2014","다솜1로 140","202603~202803","신규","-","","","아파트"
"418","세종특별자치시  도담동","853","0853","0000","도램마을10단지 호반 어반시티","전세","84.7572","202602","07","33,000","0","21","2014","보듬4로 20","202602~202802","신규","-","","","아파트"
"419","세종특별자치시  도담동","859","0859","0000","현대힐스테이트(도램마을15단지)","월세","84.8152","202602","07","2,000","100","26","2014","보듬2로 43","202602~202702","갱신","-","2,000","93","아파트"
"420","세종특별자치시  고운동","2112","2112","0000","가락마을18단지","전세","100.8986","202602","07","28,000","0","8","2018","마음안1로 139","202604~202804","신규","-","","","아파트"
"421","세종특별자치시  고운동","2111","2111","0000","가락마을19단지","전세","84.8860","202602","07","22,000","0","4","2019","밝은뜰로 15","202602~202802","신규","-","","","아파트"
"422","세종특별자치시  고운동","2112","2112","0000","가락마을18단지","월세","100.3699","202602","07","3,000","120","10","2018","마음안1로 139","202603~202803","신규","-","","","아파트"
"423","세종특별자치시  고운동","1728","1728","0000","가락마을6단지(중흥S클래스프라디움)","전세","59.6866","202602","07","22,000","0","10","2015","마음로 14","202603~202803","신규","-","","","아파트"
"424","세종특별자치시  고운동","1729","1729","0000","가락마을1단지(힐데스하임)","전세","107.1454","202602","07","30,000","0","6","2018","마음로 67","202605~202805","신규","-","","","아파트"
"425","세종특별자치시  보람동","786","0786","0000","호려울마을1단지(대방노블랜드)","월세","59.9883","202602","07","1,000","64","17","2017","남세종로 503","202603~202803","신규","-","","","아파트"
"426","세종특별자치시  보람동","774","0774","0000","호려울마을9단지(한양수자인와이즈시티)","전세","84.8974","202602","07","20,000","0","1","2016","남세종로 384","202602~202802","갱신","사용","20,000","0","아파트"
"427","세종특별자치시  대평동","668","0668","0000","해들마을6단지","전세","99.2501","202602","07","30,000","0","2","2018","대평로 80","202603~202803","신규","-","","","아파트"
"428","세종특별자치시  대평동","668","0668","0000","해들마을6단지","전세","99.2501","202602","07","30,000","0","2","2018","대평로 80","202603~202803","신규","-","","","아파트"
"429","세종특별자치시  조치원읍 죽림리","92","0092","0000","신동아","월세","59.7600","202602","07","2,000","45","6","1996","도장말길 52","202602~202802","신규","-","","","아파트"
"430","세종특별자치시  아름동","1363","1363","0000","범지기마을11단지(영무예다음)","전세","84.9816","202602","07","21,994","0","27","2014","보듬3로 73","202602~202802","갱신","-","20,947","0","아파트"
"431","세종특별자치시  아름동","1284","1284","0000","범지기마을7단지 호반에코시티","월세","84.7572","202602","07","5,000","75","1","2014","달빛1로 158","202604~202804","신규","-","","","아파트"
"432","세종특별자치시  보람동","777","0777","0000","호려울마을8단지(중흥에코시티)","전세","84.9895","202602","07","28,000","0","4","2017","보람동로 14","202604~202804","신규","-","","","아파트"
"433","세종특별자치시  도담동","685","0685","0000","도램마을2단지(웅진스타클래스)","전세","59.9900","202602","07","23,000","0","8","2014","다솜1로 164","202602~202802","신규","-","","","아파트"
"434","세종특별자치시  도담동","656","0656","0000","까사리움","월세","20.1700","202602","07","500","46","3","2015","한누리대로 587","202602~202702","신규","-","","","아파트"
"435","세종특별자치시  한솔동","971","0971","0000","첫마을5단지(푸르지오)","월세","84.6200","202602","07","10,000","50","9","2012","누리로 59","202602~202802","신규","-","","","아파트"
"436","세종특별자치시  한솔동","976","0976","0000","첫마을7단지(래미안)","전세","114.8400","202602","07","38,000","0","5","2012","나리로 38","202603~202803","신규","-","","","아파트"
"437","세종특별자치시  한솔동","976","0976","0000","첫마을7단지(래미안)","전세","59.1000","202602","07","20,000","0","3","2012","나리로 57","202603~202803","신규","-","","","아파트"
"438","세종특별자치시  한솔동","939","0939","0000","첫마을1단지(퍼스트프라임)","월세","84.8700","202602","07","3,000","100","9","2011","노을3로 14","202603~202803","신규","-","","","아파트"
"439","세종특별자치시  보람동","777","0777","0000","호려울마을8단지(중흥에코시티)","전세","84.9901","202602","07","26,200","0","8","2017","보람동로 14","202602~202802","갱신","사용","25,000","0","아파트"
"440","세종특별자치시  조치원읍 죽림리","396","0396","0000","조치원죽림자이","전세","84.6682","202602","07","20,000","0","10","2008","도원로 16","202604~202804","신규","-","","","아파트"
"441","세종특별자치시  보람동","713","0713","0000","호려울마을10단지(중흥S클래스)","전세","109.5334","202602","07","38,000","0","7","2016","시청대로 210","202605~202805","신규","-","","","아파트"
"442","세종특별자치시  반곡동","852","0852","0000","수루배마을3단지","전세","102.6287","202602","07","33,000","0","10","2019","반곡로 15","202602~202802","신규","-","","","아파트"
"443","세종특별자치시  소담동","586","0586","0000","새샘마을6단지(한신더휴펜타힐스)","월세","84.7500","202602","07","10,000","50","19","2017","남세종로 302","202602~202802","갱신","-","26,000","0","아파트"
"444","세종특별자치시  소담동","550","0550","0000","새샘마을3단지(모아미래도리버시티)","월세","97.9940","202602","07","5,000","46","7","2016","시청대로 236","202603~202803","갱신","-","5,000","43","아파트"
"445","세종특별자치시  소담동","598","0598","0000","새샘마을5단지(한양수자인엘시티)","전세","84.6347","202602","07","27,000","0","14","2017","남세종로 301","202602~202702","갱신","-","25,000","0","아파트"
"446","세종특별자치시  소담동","586","0586","0000","새샘마을6단지(한신더휴펜타힐스)","전세","59.9200","202602","07","18,900","0","5","2017","남세종로 302","202602~202802","갱신","사용","18,000","0","아파트"
"447","세종특별자치시  고운동","1729","1729","0000","가락마을1단지(힐데스하임)","월세","107.1454","202602","07","2,000","120","11","2018","마음로 67","202602~202802","신규","-","","","아파트"
"448","세종특별자치시  조치원읍 교리","140","0140","0000","현대","월세","84.9900","202602","07","2,000","66","8","1992","새내로 165","202602~202802","갱신","-","2,000","64","아파트"
"449","세종특별자치시  고운동","1706","1706","0000","가락마을8단지(고운뜰아파트)","월세","74.7700","202602","07","1,000","90","9","2015","만남로 92","202603~202803","신규","-","","","아파트"
"450","세종특별자치시  조치원읍 침산리","89","0089","0000","욱일아파트","전세","59.9990","202602","07","13,000","0","14","1999","충현로 159","202602~202802","신규","-","","","아파트"
"451","세종특별자치시  소담동","521","0521","0000","새샘마을9단지(중흥S클래스리버뷰)","전세","98.2270","202602","07","35,000","0","11","2016","국책연구원1로 15","202603~202803","신규","-","","","아파트"
"452","세종특별자치시  한솔동","940","0940","0000","첫마을2단지(퍼스트프라임)","전세","49.6200","202602","06","20,000","0","5","2011","노을3로 19","202602~202802","신규","-","","","아파트"
"453","세종특별자치시  아름동","1339","1339","0000","범지기마을1단지(한양수자인에듀센텀)","전세","84.9140","202602","06","29,000","0","20","2015","절재로 13","202602~202802","신규","-","","","아파트"
"454","세종특별자치시  부강면 부강리","976-2","0976","0002","대광","월세","59.4000","202602","06","500","45","3","1988","부강신대길 56-17","202602~202702","신규","-","","","아파트"
"455","세종특별자치시  대평동","704","0704","0000","해들마을4단지","전세","98.1108","202602","06","32,000","0","5","2018","대평로 34","202603~202803","신규","-","","","아파트"
"456","세종특별자치시  대평동","705","0705","0000","해들마을3단지","전세","50.3413","202602","06","22,000","0","4","2017","대평1길 38","202603~202803","신규","-","","","아파트"
"457","세종특별자치시  대평동","704","0704","0000","해들마을4단지","전세","98.1108","202602","06","32,000","0","5","2018","대평로 34","202603~202803","신규","-","","","아파트"
"458","세종특별자치시  대평동","705","0705","0000","해들마을3단지","전세","50.3413","202602","06","22,000","0","3","2017","대평1길 38","202602~202802","신규","-","","","아파트"
"459","세종특별자치시  소담동","586","0586","0000","새샘마을6단지(한신더휴펜타힐스)","전세","59.9200","202602","06","21,000","0","13","2017","남세종로 302","202602~202612","갱신","사용","20,000","0","아파트"
"460","세종특별자치시  소담동","586","0586","0000","새샘마을6단지(한신더휴펜타힐스)","월세","59.9200","202602","06","3,000","67","15","2017","남세종로 302","202603~202703","신규","-","","","아파트"
"461","세종특별자치시  소담동","550","0550","0000","새샘마을3단지(모아미래도리버시티)","월세","97.9940","202602","06","3,000","110","12","2016","시청대로 236","202603~202803","신규","-","","","아파트"
"462","세종특별자치시  도담동","681","0681","0000","도램마을4단지(이지더원)","월세","59.9853","202602","06","3,000","80","8","2014","다솜1로 200","202603~202803","신규","-","","","아파트"
"463","세종특별자치시  조치원읍 침산리","89","0089","0000","욱일아파트","전세","59.9990","202602","06","13,000","0","9","1999","충현로 159","-","-","-","","","아파트"
"464","세종특별자치시  조치원읍 침산리","89","0089","0000","욱일아파트","전세","134.4500","202602","06","17,000","0","11","1999","충현로 159","202602~202802","신규","-","","","아파트"
"465","세종특별자치시  조치원읍 침산리","89","0089","0000","욱일아파트","전세","59.9990","202602","06","13,000","0","9","1999","충현로 159","202603~202803","신규","-","","","아파트"
"466","세종특별자치시  고운동","1706","1706","0000","가락마을8단지(고운뜰아파트)","전세","74.7700","202602","06","20,000","0","7","2015","만남로 92","202603~202803","갱신","사용","23,000","0","아파트"
"467","세종특별자치시  고운동","1390","1390","0000","가락마을21단지(에듀포레)","월세","99.9434","202602","06","3,000","110","17","2015","마음안로 221","202603~202803","신규","-","","","아파트"
"468","세종특별자치시  고운동","1396","1396","0000","가락마을 20단지(호반베르디움5차)","월세","59.8338","202602","06","2,000","80","20","2015","만남로 190","202604~202804","신규","-","","","아파트"
"469","세종특별자치시  고운동","1728","1728","0000","가락마을6단지(중흥S클래스프라디움)","전세","59.9942","202602","06","17,000","0","13","2015","마음로 14","202606~202806","신규","-","","","아파트"
"470","세종특별자치시  반곡동","1035","1035","0000","수루배마을6단지","월세","59.9000","202602","06","3,000","77","7","2019","시청대로 598","202602~202802","신규","-","","","아파트"
"471","세종특별자치시  금남면 용포리","320","0320","0000","두진리버빌","월세","43.0080","202602","06","500","55","13","2000","용포2길 70","202602~202802","신규","-","","","아파트"
"472","세종특별자치시  금남면 용포리","320","0320","0000","두진리버빌","전세","43.0080","202602","06","12,000","0","10","2000","용포2길 70","202602~202802","신규","-","","","아파트"
"473","세종특별자치시  금남면 용포리","320","0320","0000","두진리버빌","전세","43.0080","202602","06","11,000","0","6","2000","용포2길 70","202602~202802","신규","-","","","아파트"
"474","세종특별자치시  집현동","1181","1181","0000","새나루마을11단지세종어울림파밀리에센트럴","전세","59.9500","202602","06","24,500","0","11","2021","집현서2로 84","202603~202803","신규","-","","","아파트"
"475","세종특별자치시  새롬동","554","0554","0000","새뜸마을4단지(캐슬파밀리에)","전세","100.5454","202602","06","31,000","0","22","2017","새롬북로 13","202602~202801","갱신","사용","30,000","0","아파트"
"476","세종특별자치시  나성동","831","0831","0000","나릿재마을4단지","전세","95.5620","202602","06","40,000","0","14","2021","나성북로 47","202602~202802","신규","-","","","아파트"
"477","세종특별자치시  나성동","757","0757","0000","세종마루투","월세","28.1270","202602","06","300","60","8","2018","한누리대로 316","202606~202702","갱신","-","300","55","아파트"
"478","세종특별자치시  나성동","757","0757","0000","세종마루투","월세","28.1270","202602","06","300","55","8","2018","한누리대로 316","202602~202606","신규","-","","","아파트"
"479","세종특별자치시  어진동","554","0554","0000","한뜰마을1단지(상록데시앙)","전세","70.0660","202602","06","17,315","0","14","2013","갈매로 479","202603~202803","신규","-","","","아파트"
"480","세종특별자치시  종촌동","652","0652","0000","가재마을12단지","월세","84.9941","202602","06","3,000","100","13","2015","달빛로 80","202602~202709","신규","-","","","아파트"
"481","세종특별자치시  어진동","649","0649","0000","호수의 아침","월세","17.4250","202602","06","500","45","8","2014","가름로 253","202602~202702","신규","-","","","아파트"
"482","세종특별자치시  새롬동","558","0558","0000","새뜸마을10단지(더샵힐스테이트)","전세","59.9331","202602","06","26,500","0","20","2017","새롬중앙로 90","202602~202802","갱신","-","25,000","0","아파트"
"483","세종특별자치시  다정동","964","0964","0000","가온마을4단지","월세","59.9900","202602","06","2,000","85","7","2019","다정중앙로 19","202602~202802","갱신","-","1,500","80","아파트"
"484","세종특별자치시  나성동","831","0831","0000","나릿재마을4단지","전세","95.5620","202602","06","40,000","0","14","2021","나성북로 47","202602~202802","신규","-","","","아파트"
"485","세종특별자치시  나성동","763","0763","0000","행복의아침","월세","42.4914","202602","06","11,000","25","5","2016","한누리대로 292","202603~202803","신규","-","","","아파트"
"486","세종특별자치시  새롬동","605","0605","0000","새뜸마을5단지(메이저시티)","월세","59.9602","202602","06","3,000","90","12","2017","새롬중앙로 19","202604~202804","갱신","사용","3,000","85","아파트"
"487","세종특별자치시  나성동","831","0831","0000","나릿재마을4단지","전세","95.5620","202602","06","40,000","0","14","2021","나성북로 47","202602~202802","신규","-","","","아파트"
"488","세종특별자치시  종촌동","652","0652","0000","가재마을12단지","전세","106.7600","202602","06","35,000","0","11","2015","달빛로 80","202603~202803","신규","-","","","아파트"
"489","세종특별자치시  해밀동","649","0649","0000","해밀마을1단지","월세","59.4000","202602","06","23,000","1","4","2020","해밀3로 32","202603~202803","신규","-","","","아파트"
"490","세종특별자치시  새롬동","605","0605","0000","새뜸마을5단지(메이저시티)","전세","59.9602","202602","06","24,000","0","8","2017","새롬중앙로 19","202602~202802","갱신","-","24,000","0","아파트"
"491","세종특별자치시  새롬동","558","0558","0000","새뜸마을10단지(더샵힐스테이트)","전세","59.9079","202602","06","28,000","0","7","2017","새롬중앙로 90","202602~202802","신규","-","","","아파트"
"492","세종특별자치시  종촌동","697","0697","0000","가재마을9단지","전세","96.3100","202602","06","28,000","0","22","2014","도움1로 55","202604~202804","신규","-","","","아파트"
"493","세종특별자치시  다정동","964","0964","0000","가온마을4단지","월세","84.9900","202602","06","30,000","6","8","2019","다정중앙로 19","202604~202804","갱신","사용","30,000","0","아파트"
"494","세종특별자치시  다정동","969","0969","0000","가온마을10단지","월세","84.7524","202602","06","26,000","5","26","2018","가온로 9","202605~202805","갱신","사용","26,000","0","아파트"
"495","세종특별자치시  다정동","916","0916","0000","가온마을3단지","월세","98.7065","202602","06","3,000","100","4","2018","다정북로 109","202603~202803","신규","-","","","아파트"
"496","세종특별자치시  산울동","313-14","0313","0014","세종리첸시아파밀리에H3블록(산울마을6단지)","월세","59.7180","202602","05","3,000","90","1","2024","산울2로 10","202603~202803","신규","-","","","아파트"
"497","세종특별자치시  해밀동","649","0649","0000","해밀마을1단지","월세","59.4000","202602","05","200","70","9","2020","해밀3로 32","202602~202701","신규","-","","","아파트"
"498","세종특별자치시  새롬동","558","0558","0000","새뜸마을10단지(더샵힐스테이트)","월세","59.9331","202602","05","2,000","95","9","2017","새롬중앙로 90","202603~202803","신규","-","","","아파트"
"499","세종특별자치시  새롬동","614","0614","0000","새뜸마을12단지(금성백조예미지)","전세","59.9283","202602","05","24,100","0","2","2017","새롬남로 102","202602~202802","갱신","사용","23,000","0","아파트"
"500","세종특별자치시  새롬동","601","0601","0000","새뜸마을1단지(메이저시티)","월세","120.5051","202602","05","2,000","120","13","2017","새롬남로 18","202602~202802","신규","-","","","아파트"
"501","세종특별자치시  나성동","853","0853","0000","나릿재마을2단지","전세","84.6868","202602","05","34,000","0","8","2021","중앙공원서로 10","202603~202803","신규","-","","","아파트"
"502","세종특별자치시  나성동","751","0751","0000","리베라아이누리(2-2)","월세","29.8957","202602","05","500","60","5","2015","한누리대로 223","202602~202702","신규","-","","","아파트"
"503","세종특별자치시  집현동","1189","1189","0000","새나루마을3단지","전세","97.2300","202602","05","30,000","0","19","2021","집현서로 45","202602~202802","갱신","-","28,000","0","아파트"
"504","세종특별자치시  집현동","1192","1192","0000","새나루마을9단지세종어울림파밀리에센트럴","전세","59.9300","202602","05","23,000","0","6","2021","시청대로 642","202602~202804","갱신","-","21,000","0","아파트"
"505","세종특별자치시  다정동","916","0916","0000","가온마을3단지","전세","59.8969","202602","05","18,900","0","1","2018","다정북로 109","202603~202803","갱신","사용","18,000","0","아파트"
"506","세종특별자치시  다정동","960","0960","0000","가온마을1단지(힐스테이트)","전세","59.9843","202602","05","19,800","0","7","2018","다정남로 22","202602~202702","갱신","-","19,800","0","아파트"
"507","세종특별자치시  어진동","554","0554","0000","한뜰마을1단지(상록데시앙)","월세","70.0550","202602","05","9,247","18","14","2013","갈매로 479","202602~202802","신규","-","","","아파트"
"508","세종특별자치시  종촌동","690","0690","0000","가재마을5단지","전세","59.9383","202602","05","17,850","0","5","2014","도움1로 105","202602~202802","갱신","사용","17,000","0","아파트"
"509","세종특별자치시  종촌동","690","0690","0000","가재마을5단지","월세","84.9424","202602","05","3,000","95","4","2014","도움1로 105","202603~202803","신규","-","","","아파트"
"510","세종특별자치시  종촌동","690","0690","0000","가재마을5단지","전세","59.9383","202602","05","24,000","0","7","2014","도움1로 105","202603~202803","신규","-","","","아파트"
"511","세종특별자치시  종촌동","690","0690","0000","가재마을5단지","전세","59.9383","202602","05","25,000","0","27","2014","도움1로 105","202602~202802","신규","-","","","아파트"
"512","세종특별자치시  종촌동","690","0690","0000","가재마을5단지","월세","59.9383","202602","05","2,000","90","15","2014","도움1로 105","202603~202803","신규","-","","","아파트"
"513","세종특별자치시  다정동","953","0953","0000","가온마을2단지","전세","75.5531","202602","05","23,000","0","3","2018","다정북로 110","202602~202802","갱신","사용","22,000","0","아파트"
"514","세종특별자치시  다정동","960","0960","0000","가온마을1단지(힐스테이트)","전세","101.7203","202602","05","35,000","0","16","2018","다정남로 22","202604~202804","신규","-","","","아파트"
"515","세종특별자치시  다정동","960","0960","0000","가온마을1단지(힐스테이트)","전세","113.9836","202602","05","50,000","0","7","2018","다정남로 22","202602~202802","갱신","-","46,000","0","아파트"
"516","세종특별자치시  어진동","554","0554","0000","한뜰마을1단지(상록데시앙)","월세","70.0550","202602","05","8,657","25","10","2013","갈매로 479","202603~202803","신규","-","","","아파트"
"517","세종특별자치시  어진동","554","0554","0000","한뜰마을1단지(상록데시앙)","전세","34.0010","202602","05","9,364","0","16","2013","갈매로 479","202603~202803","신규","-","","","아파트"
"518","세종특별자치시  어진동","613","0613","0000","더샵레이크파크","전세","84.9900","202602","05","28,000","0","4","2013","다솜로 290","202602~202802","신규","-","","","아파트"
"519","세종특별자치시  어진동","673","0673","0000","한뜰마을6단지(중흥S클래스센텀뷰)","전세","84.9537","202602","05","33,000","0","10","2021","다솜로 50","202602~202802","갱신","사용","33,000","0","아파트"
"520","세종특별자치시  어진동","673","0673","0000","한뜰마을6단지(중흥S클래스센텀뷰)","전세","84.5441","202602","05","39,000","0","9","2021","다솜로 50","202603~202803","신규","-","","","아파트"
"521","세종특별자치시  어진동","554","0554","0000","한뜰마을1단지(상록데시앙)","월세","34.0010","202602","05","5,618","11","5","2013","갈매로 479","202602~202802","신규","-","","","아파트"
"522","세종특별자치시  어진동","554","0554","0000","한뜰마을1단지(상록데시앙)","월세","34.0010","202602","05","2,809","19","4","2013","갈매로 479","202603~202803","신규","-","","","아파트"
"523","세종특별자치시  아름동","1353","1353","0000","범지기마을5단지(세종상록어울림)","월세","36.7080","202602","05","1,698","20","19","2014","달빛1로 122","202602~202802","신규","-","","","아파트"
"524","세종특별자치시  반곡동","857","0857","0000","수루배마을4단지(세종더샵예미지)","전세","84.9700","202602","05","30,000","0","11","2019","시청대로 500","202602~202802","갱신","사용","32,000","0","아파트"
"525","세종특별자치시  조치원읍 번암리","75-2","0075","0002","번암주공","전세","46.6800","202602","05","5,500","0","2","1989","군청로 23","202602~202802","신규","-","","","아파트"
"526","세종특별자치시  고운동","1393","1393","0000","가락마을15단지(중흥파크뷰)","전세","73.9816","202602","05","22,000","0","2","2015","마음안로 190","202602~202802","신규","-","","","아파트"
"527","세종특별자치시  아름동","1277","1277","0000","대우푸르지오(10단지)","전세","84.9837","202602","05","20,000","0","2","2014","달빛로 211","202603~202803","신규","-","","","아파트"
"528","세종특별자치시  조치원읍 죽림리","396","0396","0000","조치원죽림자이","월세","84.6641","202602","05","2,000","79","9","2008","도원로 16","202602~202802","갱신","사용","2,000","75","아파트"
"529","세종특별자치시  도담동","639","0639","0000","도램마을17단지(모아미래도)","월세","84.9685","202602","05","3,000","95","4","2015","보듬6로 52","202603~202804","신규","-","","","아파트"
"530","세종특별자치시  아름동","1277","1277","0000","대우푸르지오(10단지)","전세","84.9837","202602","05","25,000","0","21","2014","달빛로 211","202603~202803","신규","-","","","아파트"
"531","세종특별자치시  조치원읍 죽림리","72","0072","0000","죽림우방유셀","전세","84.8058","202602","05","27,000","0","9","2008","산막길 17","202603~202801","갱신","-","25,000","0","아파트"
"532","세종특별자치시  대평동","700","0700","0000","해들마을5단지","전세","59.9100","202602","05","25,000","0","29","2019","대평로 56","202603~202801","신규","-","","","아파트"
"533","세종특별자치시  아름동","1356","1356","0000","범지기마을 4단지","전세","84.8568","202602","05","28,000","0","27","2014","달빛로 109","202602~202802","신규","-","","","아파트"
"534","세종특별자치시  한솔동","974","0974","0000","첫마을6단지(힐스테이트)","월세","84.1100","202602","05","1,500","100","3","2012","누리로 27","202602~202802","신규","-","","","아파트"
"535","세종특별자치시  아름동","1353","1353","0000","범지기마을5단지(세종상록어울림)","월세","36.7080","202602","05","1,698","20","19","2014","달빛1로 122","202602~202802","신규","-","","","아파트"
"536","세종특별자치시  고운동","1386","1386","0000","가락마을17단지(골드클래스)","월세","59.9159","202602","05","2,000","85","6","2015","마음안1로 167","202602~202802","갱신","사용","2,000","80","아파트"
"537","세종특별자치시  고운동","1396","1396","0000","가락마을 20단지(호반베르디움5차)","전세","84.9895","202602","04","23,000","0","19","2015","만남로 190","202602~202802","갱신","-","21,000","0","아파트"
"538","세종특별자치시  고운동","1705","1705","0000","가락마을5단지(유승한내들)","전세","59.9013","202602","04","20,000","0","8","2015","마음안로 34","202603~202608","신규","-","","","아파트"
"539","세종특별자치시  고운동","1386","1386","0000","가락마을17단지(골드클래스)","월세","59.9159","202602","04","1,000","85","2","2015","마음안1로 167","202603~202803","신규","-","","","아파트"
"540","세종특별자치시  도담동","632","0632","0000","중흥 그린카운티(13단지)","전세","59.1132","202602","04","23,000","0","23","2014","보람로 95","202603~202803","신규","-","","","아파트"
"541","세종특별자치시  소담동","598","0598","0000","새샘마을5단지(한양수자인엘시티)","전세","59.4544","202602","04","22,000","0","7","2017","남세종로 301","202603~202803","신규","-","","","아파트"
"542","세종특별자치시  아름동","1353","1353","0000","범지기마을5단지(세종상록어울림)","전세","46.3840","202602","04","10,850","0","13","2014","달빛1로 122","-","-","-","","","아파트"
"543","세종특별자치시  소담동","598","0598","0000","새샘마을5단지(한양수자인엘시티)","전세","59.4544","202602","04","21,000","0","15","2017","남세종로 301","202602~202802","갱신","사용","20,000","0","아파트"
"544","세종특별자치시  대평동","700","0700","0000","해들마을5단지","월세","59.9200","202602","04","2,000","85","10","2019","대평로 56","202602~202802","신규","-","","","아파트"
"545","세종특별자치시  아름동","1353","1353","0000","범지기마을5단지(세종상록어울림)","전세","46.3840","202602","04","10,850","0","13","2014","달빛1로 122","202602~202802","신규","-","","","아파트"
"546","세종특별자치시  도담동","639","0639","0000","도램마을17단지(모아미래도)","전세","84.9685","202602","04","22,000","0","3","2015","보듬6로 52","202602~202702","갱신","사용","22,000","0","아파트"
"547","세종특별자치시  고운동","1390","1390","0000","가락마을21단지(에듀포레)","월세","99.9434","202602","04","10,000","70","16","2015","마음안로 221","202604~202804","신규","-","","","아파트"
"548","세종특별자치시  고운동","1400","1400","0000","이지더원(가락마을10단지)","월세","72.4971","202602","04","1,000","85","2","2015","마음로 181","202602~202702","신규","-","","","아파트"
"549","세종특별자치시  고운동","1400","1400","0000","이지더원(가락마을10단지)","전세","72.4971","202602","04","17,420","0","2","2015","마음로 181","202602~202702","갱신","-","16,590","0","아파트"
"550","세종특별자치시  고운동","1401","1401","0000","가락마을13단지(대광로제비앙)","월세","59.4650","202602","04","5,000","65","16","2015","마음로 182","202603~202803","신규","-","","","아파트"
"551","세종특별자치시  고운동","1703","1703","0000","이지더원(가락마을4단지)","전세","79.5988","202602","04","24,000","0","16","2014","마음안로 48","202603~202803","신규","-","","","아파트"
"552","세종특별자치시  고운동","1708","1708","0000","가락마을3단지(호반베르디움)","전세","84.9893","202602","04","23,000","0","4","2014","마음안로 47","202603~202803","신규","-","","","아파트"
"553","세종특별자치시  조치원읍 봉산리","372","0372","0000","엘리프세종","월세","84.9846","202602","04","2,000","95","6","2024","서북부4로 10","202603~202803","신규","-","","","아파트"
"554","세종특별자치시  반곡동","897","0897","0000","수루배마을2단지","월세","59.2240","202602","04","5,000","80","13","2019","반곡1길 9","202603~202803","신규","-","","","아파트"
"555","세종특별자치시  아름동","1357","1357","0000","범지기마을6단지(세종상록어울림)","전세","84.8300","202602","04","17,085","0","21","2014","달빛로 135","202603~202803","신규","-","","","아파트"
"556","세종특별자치시  아름동","1277","1277","0000","대우푸르지오(10단지)","전세","74.5191","202602","04","22,000","0","5","2014","달빛로 211","202602~202708","갱신","-","22,000","0","아파트"
"557","세종특별자치시  아름동","1339","1339","0000","범지기마을1단지(한양수자인에듀센텀)","전세","84.9140","202602","04","27,800","0","7","2015","절재로 13","202602~202702","갱신","사용","26,500","0","아파트"
"558","세종특별자치시  도담동","681","0681","0000","도램마을4단지(이지더원)","전세","59.9853","202602","04","24,500","0","8","2014","다솜1로 200","202603~202803","신규","-","","","아파트"
"559","세종특별자치시  나성동","730","0730","0000","에스알파크시티","월세","25.0000","202602","04","6,600","25","5","2017","한누리대로 321","202602~202702","신규","-","","","아파트"
"560","세종특별자치시  집현동","1185","1185","0000","새나루마을10단지","전세","55.8800","202602","04","21,000","0","7","2022","시청대로 643","202602~202802","신규","-","","","아파트"
"561","세종특별자치시  집현동","1185","1185","0000","새나루마을10단지","월세","55.7700","202602","04","4,000","80","4","2022","시청대로 643","202603~202803","신규","-","","","아파트"
"562","세종특별자치시  집현동","1201","1201","0000","새나루마을1단지세종자이e편한세상","전세","101.8600","202602","04","33,000","0","11","2021","남세종로 160","202602~202802","신규","-","","","아파트"
"563","세종특별자치시  다정동","916","0916","0000","가온마을3단지","전세","59.8969","202602","04","21,000","0","10","2018","다정북로 109","202603~202803","갱신","-","20,000","0","아파트"
"564","세종특별자치시  해밀동","646","0646","0000","세종하늘채펜트라움Ⅰ","월세","43.0066","202602","04","1,000","80","3","2024","해밀3로 27","202602~202702","신규","-","","","아파트"
"565","세종특별자치시  다정동","953","0953","0000","가온마을2단지","전세","75.4773","202602","04","26,000","0","7","2018","다정북로 110","202604~202804","신규","-","","","아파트"
"566","세종특별자치시  나성동","763","0763","0000","행복의아침","월세","26.4397","202602","04","500","60","4","2016","한누리대로 292","202602~202802","신규","-","","","아파트"
"567","세종특별자치시  어진동","682","0682","0000","한뜰마을5단지(세종린스트라우스)","전세","84.8680","202602","04","37,000","0","29","2022","다솜로 7","202604~202804","신규","-","","","아파트"
"568","세종특별자치시  나성동","759","0759","0000","블루지움(2-4)","월세","27.3900","202602","04","5,000","40","7","2015","한누리대로 306","202604~202703","갱신","-","5,000","40","아파트"
"569","세종특별자치시  어진동","613","0613","0000","더샵레이크파크","월세","84.7300","202602","04","2,000","100","5","2013","다솜로 290","202603~202802","신규","-","","","아파트"
"570","세종특별자치시  어진동","613","0613","0000","더샵레이크파크","전세","84.7300","202602","04","25,000","0","6","2013","다솜로 290","202607~202807","갱신","사용","25,000","0","아파트"
"571","세종특별자치시  나성동","759","0759","0000","블루지움(2-4)","월세","45.1500","202602","04","2,000","75","6","2015","한누리대로 306","202602~202802","신규","-","","","아파트"
"572","세종특별자치시  새롬동","597","0597","0000","새뜸마을3단지(롯데캐슬)","전세","84.9434","202602","04","36,000","0","12","2017","새롬북로 14","202602~202802","신규","-","","","아파트"
"573","세종특별자치시  새롬동","593","0593","0000","새뜸마을6단지(메이저시티)","전세","84.9645","202602","04","40,000","0","2","2017","새롬중앙1로 13","202604~202804","신규","-","","","아파트"
"574","세종특별자치시  종촌동","690","0690","0000","가재마을5단지","전세","59.9383","202602","04","15,000","0","8","2014","도움1로 105","202603~202701","갱신","사용","15,000","0","아파트"
"575","세종특별자치시  새롬동","614","0614","0000","새뜸마을12단지(금성백조예미지)","전세","59.9283","202602","04","21,700","0","5","2017","새롬남로 102","202603~202803","신규","-","","","아파트"
"576","세종특별자치시  나성동","757","0757","0000","세종마루투","월세","28.1270","202602","04","200","49","6","2018","한누리대로 316","202603~202703","신규","-","","","아파트"
"577","세종특별자치시  다정동","964","0964","0000","가온마을4단지","월세","84.9900","202602","04","15,000","50","7","2019","다정중앙로 19","202602~202802","신규","-","","","아파트"
"578","세종특별자치시  산울동","152-1","0152","0001","세종리첸시아파밀리에H2블록(산울마을7단지)","월세","84.8355","202602","04","3,000","125","28","2024","산울7로 11","202603~202803","신규","-","","","아파트"
"579","세종특별자치시  어진동","554","0554","0000","한뜰마을1단지(상록데시앙)","전세","34.0010","202602","04","9,364","0","2","2013","갈매로 479","202603~202803","신규","-","","","아파트"
"580","세종특별자치시  나성동","750","0750","0000","세종마루(CB5-3BL)","월세","25.0450","202602","03","300","58","8","2015","한누리대로 227","202602~202702","신규","-","","","아파트"
"581","세종특별자치시  나성동","750","0750","0000","세종마루(CB5-3BL)","월세","25.0450","202602","03","300","58","8","2015","한누리대로 227","202602~202702","신규","-","","","아파트"
"582","세종특별자치시  나성동","751","0751","0000","리베라아이누리(2-2)","월세","29.8957","202602","03","500","60","8","2015","한누리대로 223","202602~202702","신규","-","","","아파트"
"583","세종특별자치시  나성동","737","0737","0000","포레뷰투도시형생활주택","월세","27.4996","202602","03","8,000","25","5","2017","한누리대로 291","202602~202702","신규","-","","","아파트"
"584","세종특별자치시  나성동","835","0835","0000","나릿재마을1단지","전세","99.9069","202602","03","38,800","0","19","2021","국세청로 46","202602~202802","신규","-","","","아파트"
"585","세종특별자치시  나성동","829","0829","0000","나릿재마을6단지","전세","99.5978","202602","03","40,000","0","7","2021","나성북1로 51","202602~202802","신규","-","","","아파트"
"586","세종특별자치시  나성동","757","0757","0000","세종마루투","월세","28.1270","202602","03","9,500","8","3","2018","한누리대로 316","202603~202803","신규","-","","","아파트"
"587","세종특별자치시  다정동","920","0920","0000","가온마을9단지","전세","84.9400","202602","03","30,000","0","17","2019","다정북로 183","202602~202802","신규","-","","","아파트"
"588","세종특별자치시  다정동","953","0953","0000","가온마을2단지","전세","97.5713","202602","03","29,000","0","6","2018","다정북로 110","202602~202802","신규","-","","","아파트"
"589","세종특별자치시  새롬동","556","0556","0000","새뜸마을7단지(투머로우시티)","전세","84.9200","202602","03","30,000","0","8","2017","새롬중앙로 89","202604~202803","신규","-","","","아파트"
"590","세종특별자치시  어진동","649","0649","0000","호수의 아침","월세","19.9330","202602","03","500","60","6","2014","가름로 253","202602~202702","신규","-","","","아파트"
"591","세종특별자치시  어진동","554","0554","0000","한뜰마을1단지(상록데시앙)","전세","34.0010","202602","03","9,364","0","8","2013","갈매로 479","202603~202803","신규","-","","","아파트"
"592","세종특별자치시  어진동","554","0554","0000","한뜰마을1단지(상록데시앙)","전세","34.0010","202602","03","9,364","0","18","2013","갈매로 479","202602~202802","신규","-","","","아파트"
"593","세종특별자치시  어진동","554","0554","0000","한뜰마을1단지(상록데시앙)","전세","59.9290","202602","03","16,158","0","19","2013","갈매로 479","202602~202802","신규","-","","","아파트"
"594","세종특별자치시  어진동","664","0664","0000","모닝시티","월세","23.4552","202602","03","500","55","7","2015","가름로 170-14","202602~202702","신규","-","","","아파트"
"595","세종특별자치시  어진동","664","0664","0000","모닝시티","월세","27.4152","202602","03","500","63","7","2015","가름로 170-14","202602~202702","신규","-","","","아파트"
"596","세종특별자치시  종촌동","683","0683","0000","가재마을2단지","월세","84.9893","202602","03","2,000","100","6","2014","달빛1로 39","202603~202803","신규","-","","","아파트"
"597","세종특별자치시  종촌동","683","0683","0000","가재마을2단지","전세","59.8652","202602","03","20,000","0","6","2014","달빛1로 39","202602~202802","갱신","-","18,900","0","아파트"
"598","세종특별자치시  종촌동","649","0649","0000","가재마을7단지(중흥S클래스센터파크1차)","전세","84.9941","202602","03","25,500","0","6","2014","달빛로 77","202604~202804","신규","-","","","아파트"
"599","세종특별자치시  집현동","1168","1168","0000","새나루마을12단지","월세","26.9200","202602","03","3,348","7","4","2021","집현북로 52","202602~202802","갱신","-","2,448","11","아파트"
"600","세종특별자치시  도담동","653","0653","0000","도램마을11단지(반도유보라)","전세","84.9868","202602","03","30,000","0","17","2017","보듬4로 9","202602~202802","신규","-","","","아파트"
"601","세종특별자치시  고운동","1386","1386","0000","가락마을17단지(골드클래스)","전세","59.9159","202602","03","19,000","0","9","2015","마음안1로 167","202603~202803","신규","-","","","아파트"
"602","세종특별자치시  고운동","1386","1386","0000","가락마을17단지(골드클래스)","전세","59.9159","202602","03","19,000","0","9","2015","마음안1로 167","202603~202803","신규","-","","","아파트"
"603","세종특별자치시  조치원읍 신흥리","393","0393","0000","신흥주공","월세","49.2900","202602","03","2,000","50","4","1999","이화로 5","202604~202804","신규","-","","","아파트"
"604","세종특별자치시  한솔동","947","0947","0000","첫마을3단지(퍼스트프라임)","전세","84.9600","202602","03","28,000","0","9","2011","나리1로 15","202603~202803","신규","-","","","아파트"
"605","세종특별자치시  한솔동","971","0971","0000","첫마을5단지(푸르지오)","전세","84.7000","202602","03","20,000","0","11","2012","누리로 59","202603~202803","갱신","-","20,000","0","아파트"
"606","세종특별자치시  한솔동","976","0976","0000","첫마을7단지(래미안)","전세","101.4500","202602","03","25,000","0","22","2012","나리로 38","202603~202803","갱신","사용","24,000","0","아파트"
"607","세종특별자치시  한솔동","940","0940","0000","첫마을2단지(퍼스트프라임)","월세","49.6200","202602","03","2,000","75","6","2011","노을3로 19","202602~202802","신규","-","","","아파트"
"608","세종특별자치시  도담동","855","0855","0000","도램마을9단지(제일풍경채)","월세","95.8044","202602","03","2,000","130","11","2015","보람로 15","202602~202802","신규","-","","","아파트"
"609","세종특별자치시  도담동","627","0627","0000","엘가에코힐(도램마을5단지)","전세","59.8808","202602","03","20,000","0","29","2015","다솜1로 220","202602~202802","갱신","사용","20,000","0","아파트"
"610","세종특별자치시  금남면 용포리","320","0320","0000","두진리버빌","월세","43.0080","202602","03","1,000","40","1","2000","용포2길 70","202602~202802","신규","-","","","아파트"
"611","세종특별자치시  도담동","683","0683","0000","도램마을3단지(웅진스타클래스)","월세","59.9700","202602","03","2,000","80","8","2014","다솜1로 184","202602~202802","신규","-","","","아파트"
"612","세종특별자치시  아름동","1339","1339","0000","범지기마을1단지(한양수자인에듀센텀)","전세","59.9789","202602","03","23,000","0","10","2015","절재로 13","202603~202803","신규","-","","","아파트"
"613","세종특별자치시  아름동","1279","1279","0000","푸르지오(8단지)","월세","74.5191","202602","03","2,000","77","6","2013","달빛로 165","202603~202705","신규","-","","","아파트"
"614","세종특별자치시  소담동","598","0598","0000","새샘마을5단지(한양수자인엘시티)","전세","59.4544","202602","03","19,950","0","21","2017","남세종로 301","202602~202802","갱신","사용","19,000","0","아파트"
"615","세종특별자치시  반곡동","1035","1035","0000","수루배마을6단지","전세","82.0900","202602","03","28,000","0","1","2019","시청대로 598","202603~202803","신규","-","","","아파트"
"616","세종특별자치시  고운동","2111","2111","0000","가락마을19단지","전세","84.6663","202602","03","27,300","0","1","2019","밝은뜰로 15","202602~202802","갱신","사용","26,000","0","아파트"
"617","세종특별자치시  대평동","700","0700","0000","해들마을5단지","월세","59.9100","202602","03","3,000","90","27","2019","대평로 56","202602~202802","신규","-","","","아파트"
"618","세종특별자치시  소담동","594","0594","0000","새샘마을2단지(한양수자인)","전세","59.9734","202602","03","21,000","0","6","2016","남세종로 358","202603~202803","갱신","-","18,000","0","아파트"
"619","세종특별자치시  도담동","632","0632","0000","중흥 그린카운티(13단지)","전세","59.1132","202602","03","24,000","0","15","2014","보람로 95","202602~202802","신규","-","","","아파트"
"620","세종특별자치시  도담동","683","0683","0000","도램마을3단지(웅진스타클래스)","전세","59.9700","202602","02","22,000","0","13","2014","다솜1로 184","202602~202802","신규","-","","","아파트"
"621","세종특별자치시  반곡동","857","0857","0000","수루배마을4단지(세종더샵예미지)","전세","84.8900","202602","02","30,000","0","7","2019","시청대로 500","202603~202803","신규","-","","","아파트"
"622","세종특별자치시  반곡동","897","0897","0000","수루배마을2단지","전세","59.2240","202602","02","15,000","0","1","2019","반곡1길 9","202603~202607","갱신","-","15,000","0","아파트"
"623","세종특별자치시  반곡동","1035","1035","0000","수루배마을6단지","월세","72.5900","202602","02","3,000","95","5","2019","시청대로 598","202602~202802","신규","-","","","아파트"
"624","세종특별자치시  소담동","598","0598","0000","새샘마을5단지(한양수자인엘시티)","전세","59.4544","202602","02","22,000","0","1","2017","남세종로 301","202603~202803","신규","-","","","아파트"
"625","세종특별자치시  고운동","1706","1706","0000","가락마을8단지(고운뜰아파트)","월세","74.7700","202602","02","2,000","90","18","2015","만남로 92","202603~202803","신규","-","","","아파트"
"626","세종특별자치시  고운동","1393","1393","0000","가락마을15단지(중흥파크뷰)","전세","73.9816","202602","02","18,000","0","16","2015","마음안로 190","202603~202803","신규","-","","","아파트"
"627","세종특별자치시  고운동","1728","1728","0000","가락마을6단지(중흥S클래스프라디움)","월세","59.6866","202602","02","2,000","85","6","2015","마음로 14","202602~202802","신규","-","","","아파트"
"628","세종특별자치시  조치원읍 신안리","35-3","0035","0003","유니빌","월세","28.1680","202602","02","300","35","10","2002","신안새동네길 26-10","202602~202702","신규","-","","","아파트"
"629","세종특별자치시  고운동","1400","1400","0000","이지더원(가락마을10단지)","전세","107.6982","202602","02","23,100","0","4","2015","마음로 181","202602~202702","갱신","-","23,100","0","아파트"
"630","세종특별자치시  소담동","586","0586","0000","새샘마을6단지(한신더휴펜타힐스)","전세","59.5000","202602","02","23,000","0","9","2017","남세종로 302","202602~202804","갱신","-","22,000","0","아파트"
"631","세종특별자치시  고운동","1708","1708","0000","가락마을3단지(호반베르디움)","전세","59.8652","202602","02","18,900","0","8","2014","마음안로 47","202603~202803","갱신","사용","18,900","0","아파트"
"632","세종특별자치시  한솔동","976","0976","0000","첫마을7단지(래미안)","월세","114.6000","202602","02","3,000","120","11","2012","나리로 38","202602~202802","갱신","사용","3,000","115","아파트"
"633","세종특별자치시  아름동","1279","1279","0000","푸르지오(8단지)","전세","84.9375","202602","02","30,000","0","11","2013","달빛로 165","202602~202802","신규","-","","","아파트"
"634","세종특별자치시  보람동","784","0784","0000","호려울마을 4단지 센트럴파크","월세","111.9846","202602","02","5,000","140","4","2017","남세종로 469","202602~202802","신규","-","","","아파트"
"635","세종특별자치시  조치원읍 신안리","244-1","0244","0001","조형","월세","39.9700","202602","02","2,500","25","3","1991","운주산로 60","202602~202802","신규","-","","","아파트"
"636","세종특별자치시  아름동","1297","1297","0000","범지기마을3단지(중흥에듀하이)","전세","96.1416","202602","02","26,000","0","17","2015","달빛1로 201","202602~202802","갱신","사용","25,000","0","아파트"
"637","세종특별자치시  아름동","1357","1357","0000","범지기마을6단지(세종상록어울림)","전세","84.8300","202602","02","15,330","0","17","2014","달빛로 135","202604~202804","갱신","-","14,600","0","아파트"
"638","세종특별자치시  아름동","1282","1282","0000","한신엘리트파크(범지기9단지)","전세","84.9899","202602","02","22,000","0","9","2015","달빛1로 206","202602~202802","갱신","사용","21,000","0","아파트"
"639","세종특별자치시  도담동","683","0683","0000","도램마을3단지(웅진스타클래스)","전세","59.9700","202602","02","21,000","0","11","2014","다솜1로 184","202602~202802","신규","-","","","아파트"
"640","세종특별자치시  종촌동","690","0690","0000","가재마을5단지","전세","84.9424","202602","02","27,000","0","3","2014","도움1로 105","-","-","-","","","아파트"
"641","세종특별자치시  종촌동","654","0654","0000","가재마을11단지","월세","84.8154","202602","02","3,000","100","15","2013","도움3로 75","202602~202703","신규","-","","","아파트"
"642","세종특별자치시  종촌동","690","0690","0000","가재마을5단지","월세","84.9424","202602","02","5,000","90","6","2014","도움1로 105","202603~202802","신규","-","","","아파트"
"643","세종특별자치시  종촌동","649","0649","0000","가재마을7단지(중흥S클래스센터파크1차)","전세","84.9941","202602","02","28,000","0","16","2014","달빛로 77","202603~202803","신규","-","","","아파트"
"644","세종특별자치시  종촌동","640","0640","0000","가재마을4단지(센트레빌)","월세","74.9800","202602","02","3,000","80","14","2015","도움3로 160","202603~202803","신규","-","","","아파트"
"645","세종특별자치시  종촌동","690","0690","0000","가재마을5단지","전세","59.9383","202602","02","23,000","0","3","2014","도움1로 105","202603~202803","신규","-","","","아파트"
"646","세종특별자치시  종촌동","640","0640","0000","가재마을4단지(센트레빌)","월세","84.9500","202602","02","1,500","110","2","2015","도움3로 160","202602~202802","신규","-","","","아파트"
"647","세종특별자치시  해밀동","649","0649","0000","해밀마을1단지","월세","59.4800","202602","02","2,000","95","2","2020","해밀3로 32","202602~202802","신규","-","","","아파트"
"648","세종특별자치시  어진동","613","0613","0000","더샵레이크파크","전세","84.7300","202602","02","29,000","0","8","2013","다솜로 290","202602~202802","신규","-","","","아파트"
"649","세종특별자치시  나성동","831","0831","0000","나릿재마을4단지","전세","95.5620","202602","02","40,000","0","14","2021","나성북로 47","202602~202802","신규","-","","","아파트"
"650","세종특별자치시  어진동","603","0603","0000","더샵센트럴시티","전세","110.5900","202602","02","38,000","0","6","2013","갈매로 480","-","-","-","","","아파트"
"651","세종특별자치시  어진동","554","0554","0000","한뜰마을1단지(상록데시앙)","전세","59.9290","202602","02","16,158","0","13","2013","갈매로 479","202603~202803","신규","-","","","아파트"
"652","세종특별자치시  어진동","673","0673","0000","한뜰마을6단지(중흥S클래스센텀뷰)","전세","84.9167","202602","02","33,600","0","11","2021","다솜로 50","202602~202802","갱신","사용","32,000","0","아파트"
"653","세종특별자치시  다정동","926","0926","0000","가온마을12단지","월세","101.8347","202602","02","5,000","126","5","2018","다정남로 123","202603~202803","갱신","사용","5,000","120","아파트"
"654","세종특별자치시  다정동","953","0953","0000","가온마을2단지","월세","75.5847","202602","02","2,000","100","10","2018","다정북로 110","202603~202803","신규","-","","","아파트"
"655","세종특별자치시  다정동","964","0964","0000","가온마을4단지","전세","59.9900","202602","02","24,000","0","19","2019","다정중앙로 19","202604~202804","갱신","사용","23,000","0","아파트"
"656","세종특별자치시  나성동","757","0757","0000","세종마루투","월세","28.1270","202602","02","500","65","7","2018","한누리대로 316","202602~202702","신규","-","","","아파트"
"657","세종특별자치시  나성동","751","0751","0000","리베라아이누리(2-2)","월세","30.5357","202602","02","500","60","4","2015","한누리대로 223","202602~202802","신규","-","","","아파트"
"658","세종특별자치시  종촌동","690","0690","0000","가재마을5단지","전세","84.9424","202602","02","27,000","0","3","2014","도움1로 105","202602~202702","갱신","-","26,700","0","아파트"
"659","세종특별자치시  어진동","554","0554","0000","한뜰마을1단지(상록데시앙)","월세","59.9290","202602","01","3,231","38","24","2013","갈매로 479","202602~202802","신규","-","","","아파트"
"660","세종특별자치시  다정동","970","0970","0000","가온마을11단지(세종지웰푸르지오)","전세","74.0673","202602","01","19,950","0","4","2019","가온로 10","202602~202802","신규","-","","","아파트"
"661","세종특별자치시  다정동","953","0953","0000","가온마을2단지","전세","84.9687","202602","01","32,000","0","6","2018","다정북로 110","202602~202902","갱신","-","25,000","0","아파트"
"662","세종특별자치시  산울동","313-14","0313","0014","세종리첸시아파밀리에H3블록(산울마을6단지)","전세","84.6564","202602","01","35,000","0","30","2024","산울2로 10","202604~202804","신규","-","","","아파트"
"663","세종특별자치시  종촌동","683","0683","0000","가재마을2단지","월세","59.8652","202602","01","2,000","85","11","2014","달빛1로 39","202602~202802","신규","-","","","아파트"
"664","세종특별자치시  종촌동","690","0690","0000","가재마을5단지","전세","59.9383","202602","01","22,000","0","17","2014","도움1로 105","202605~202805","신규","-","","","아파트"
"665","세종특별자치시  아름동","1277","1277","0000","대우푸르지오(10단지)","월세","84.9238","202602","01","3,000","95","15","2014","달빛로 211","202602~202702","신규","-","","","아파트"
"666","세종특별자치시  도담동","633","0633","0000","도램마을20단지(에듀파크)","월세","84.8568","202602","01","1,000","99","13","2014","보람로 96","202603~202803","갱신","사용","1,000","95","아파트"
"667","세종특별자치시  한솔동","974","0974","0000","첫마을6단지(힐스테이트)","월세","84.1100","202602","01","2,000","100","21","2012","누리로 27","202602~202802","갱신","사용","2,000","90","아파트"
"668","세종특별자치시  보람동","783","0783","0000","호려울마을5단지(제일풍경채)","월세","84.9383","202602","01","3,000","120","4","2017","남세종로 441","202603~202803","신규","-","","","아파트"
"669","세종특별자치시  소담동","586","0586","0000","새샘마을6단지(한신더휴펜타힐스)","월세","59.5000","202602","01","1,000","80","11","2017","남세종로 302","202602~202802","신규","-","","","아파트"
"670","세종특별자치시  대평동","706","0706","0000","해들마을2단지","전세","84.6600","202602","01","27,000","0","6","2018","대평1길 37","202603~202803","신규","-","","","아파트"
"671","세종특별자치시  아름동","1279","1279","0000","푸르지오(8단지)","월세","74.5191","202602","01","5,000","80","10","2013","달빛로 165","202603~202811","신규","-","","","아파트"
"672","세종특별자치시  아름동","1277","1277","0000","대우푸르지오(10단지)","월세","84.9375","202602","01","10,000","40","25","2014","달빛로 211","202602~202801","신규","-","","","아파트"
