"NO","시군구","번지","본번","부번","단지명","전월세구분","전용면적(㎡)","계약년월","계약일","보증금(만원)","월세금(만원)","층","건축년도","도로명","계약기간","계약구분","갱신요구권 사용","종전계약 보증금(만원)","종전계약 월세(만원)","주택유형"
"11955","세종특별자치시  고운동","1706","1706","0000","가락마을8단지(고운뜰아파트)","월세","74.7700","202506","30","4,900","55","15","2015","만남로 92","202506~202509","신규","-","","","아파트"
"11956","세종특별자치시  소담동","594","0594","0000","새샘마을2단지(한양수자인)","전세","59.9991","202506","30","15,000","0","3","2016","남세종로 358","202506~202706","신규","-","","","아파트"
"11957","세종특별자치시  소담동","586","0586","0000","새샘마을6단지(한신더휴펜타힐스)","전세","59.5000","202506","30","20,000","0","11","2017","남세종로 302","202506~202706","신규","-","","","아파트"
"11958","세종특별자치시  소담동","550","0550","0000","새샘마을3단지(모아미래도리버시티)","전세","97.9940","202506","30","30,000","0","24","2016","시청대로 236","202507~202707","갱신","사용","29,000","0","아파트"
"11959","세종특별자치시  도담동","683","0683","0000","도램마을3단지(웅진스타클래스)","전세","59.9800","202506","30","22,000","0","12","2014","다솜1로 184","202506~202706","갱신","-","20,000","0","아파트"
"11960","세종특별자치시  도담동","855","0855","0000","도램마을9단지(제일풍경채)","전세","95.8044","202506","30","34,000","0","22","2015","보람로 15","202508~202708","신규","-","","","아파트"
"11961","세종특별자치시  도담동","666","0666","0000","라온프라이빗시티 Ⅱ","월세","19.6200","202506","30","500","50","3","2014","보듬3로 6","202507~202601","신규","-","","","아파트"
"11962","세종특별자치시  한솔동","940","0940","0000","첫마을2단지(퍼스트프라임)","전세","49.6200","202506","30","18,000","0","15","2011","노을3로 19","202508~202608","갱신","사용","18,000","0","아파트"
"11963","세종특별자치시  조치원읍 원리","141-53","0141","0053","조치원역행복주택","월세","26.8200","202506","30","2,524","7","6","2025","충현로 154","202505~202707","갱신","-","2,124","10","아파트"
"11964","세종특별자치시  소담동","545","0545","0000","새샘마을4단지","월세","37.4200","202506","30","4,224","8","19","2022","소담3로 21","202407~202606","갱신","-","1,924","20","아파트"
"11965","세종특별자치시  나성동","833","0833","0000","나릿재마을3단지","전세","84.6529","202506","30","35,000","0","7","2021","국세청로 45","202508~202708","갱신","사용","35,000","0","아파트"
"11966","세종특별자치시  나성동","853","0853","0000","나릿재마을2단지","전세","84.9676","202506","30","36,750","0","36","2021","중앙공원서로 10","202507~202607","갱신","사용","35,000","0","아파트"
"11967","세종특별자치시  나성동","853","0853","0000","나릿재마을2단지","전세","84.7560","202506","30","33,000","0","19","2021","중앙공원서로 10","202507~202707","갱신","사용","33,000","0","아파트"
"11968","세종특별자치시  나성동","775","0775","0000","더리치세종의아침(CB4-1BL-2BL)","월세","27.7341","202506","30","500","65","4","2015","한누리대로 194","202507~202605","신규","-","","","아파트"
"11969","세종특별자치시  나성동","730","0730","0000","에스알파크시티","월세","22.0900","202506","30","500","58","8","2017","한누리대로 321","202507~202606","신규","-","","","아파트"
"11970","세종특별자치시  조치원읍 신흥리","393","0393","0000","신흥주공","월세","59.9900","202506","30","2,000","60","16","1999","이화로 5","-","-","-","","","아파트"
"11971","세종특별자치시  보람동","786","0786","0000","호려울마을1단지(대방노블랜드)","전세","59.9883","202506","30","22,000","0","3","2017","남세종로 503","202506~202706","신규","-","","","아파트"
"11972","세종특별자치시  보람동","774","0774","0000","호려울마을9단지(한양수자인와이즈시티)","월세","84.8974","202506","30","1,000","90","10","2016","남세종로 384","202506~202706","신규","-","","","아파트"
"11973","세종특별자치시  나성동","727","0727","0000","SR파크센텀","월세","20.1058","202506","30","300","75","7","2019","한누리대로 331","202506~202606","신규","-","","","아파트"
"11974","세종특별자치시  나성동","732","0732","0000","세종모닝시티2차","월세","23.2849","202506","30","100","55","8","2016","한누리대로 311","202506~202508","신규","-","","","아파트"
"11975","세종특별자치시  나성동","738","0738","0000","세종포레뷰원","월세","26.1900","202506","30","500","65","5","2016","한누리대로 287","202507~202607","신규","-","","","아파트"
"11976","세종특별자치시  대평동","706","0706","0000","해들마을2단지","전세","84.6523","202506","30","25,000","0","2","2018","대평1길 37","202509~202709","신규","-","","","아파트"
"11977","세종특별자치시  대평동","668","0668","0000","해들마을6단지","전세","99.1844","202506","30","31,000","0","7","2018","대평로 80","202508~202708","갱신","사용","31,000","0","아파트"
"11978","세종특별자치시  도담동","666","0666","0000","라온프라이빗시티 Ⅱ","월세","26.9844","202506","30","300","60","8","2014","보듬3로 6","202506~202606","신규","-","","","아파트"
"11979","세종특별자치시  고운동","2111","2111","0000","가락마을19단지","월세","84.9544","202506","30","3,000","90","9","2019","밝은뜰로 15","202508~202708","갱신","사용","3,000","90","아파트"
"11980","세종특별자치시  소담동","586","0586","0000","새샘마을6단지(한신더휴펜타힐스)","전세","59.5000","202506","30","20,000","0","11","2017","남세종로 302","202506~202706","신규","-","","","아파트"
"11981","세종특별자치시  조치원읍 죽림리","92","0092","0000","신동아","전세","59.7600","202506","30","9,000","0","13","1996","산막2길 7","202507~202707","신규","-","","","아파트"
"11982","세종특별자치시  도담동","633","0633","0000","도램마을20단지(에듀파크)","전세","84.8568","202506","30","23,000","0","21","2014","보람로 96","202506~202510","갱신","-","26,000","0","아파트"
"11983","세종특별자치시  나성동","853","0853","0000","나릿재마을2단지","월세","84.8237","202506","30","30,000","5","31","2021","중앙공원서로 10","202506~202706","갱신","사용","30,000","0","아파트"
"11984","세종특별자치시  도담동","683","0683","0000","도램마을3단지(웅진스타클래스)","전세","59.9900","202506","30","20,000","0","11","2014","다솜1로 184","202508~202708","갱신","-","20,000","0","아파트"
"11985","세종특별자치시  도담동","632","0632","0000","중흥 그린카운티(13단지)","월세","59.1132","202506","30","2,000","70","15","2014","보람로 95","202508~202707","신규","-","","","아파트"
"11986","세종특별자치시  소담동","598","0598","0000","새샘마을5단지(한양수자인엘시티)","월세","59.4544","202506","30","6,000","60","15","2017","남세종로 301","202507~202707","갱신","-","5,000","60","아파트"
"11987","세종특별자치시  조치원읍 신흥리","393","0393","0000","신흥주공","월세","59.9900","202506","30","2,000","60","16","1999","이화로 5","202508~202708","신규","-","","","아파트"
"11988","세종특별자치시  조치원읍 신흥리","393","0393","0000","신흥주공","월세","59.9900","202506","30","2,000","60","16","1999","이화로 5","202508~202708","신규","-","","","아파트"
"11989","세종특별자치시  도담동","664","0664","0000","라온프라이빗시티 Ⅰ","월세","19.1676","202506","30","500","50","8","2014","보듬3로 8-12","202507~202607","신규","-","","","아파트"
"11990","세종특별자치시  도담동","632","0632","0000","중흥 그린카운티(13단지)","전세","59.1132","202506","30","18,000","0","2","2014","보람로 95","202506~202706","신규","-","","","아파트"
"11991","세종특별자치시  나성동","833","0833","0000","나릿재마을3단지","전세","98.8226","202506","30","38,000","0","18","2021","국세청로 45","202506~202706","신규","-","","","아파트"
"11992","세종특별자치시  나성동","732","0732","0000","세종모닝시티2차","월세","23.2849","202506","30","300","55","3","2016","한누리대로 311","202506~202512","신규","-","","","아파트"
"11993","세종특별자치시  나성동","737","0737","0000","포레뷰투도시형생활주택","전세","28.2095","202506","30","11,700","0","6","2017","한누리대로 291","202507~202707","신규","-","","","아파트"
"11994","세종특별자치시  나성동","751","0751","0000","리베라아이누리(2-2)","월세","29.8957","202506","30","500","57","5","2015","한누리대로 223","202507~202607","신규","-","","","아파트"
"11995","세종특별자치시  나성동","727","0727","0000","SR파크센텀","월세","20.1058","202506","30","500","57","4","2019","한누리대로 331","202506~202606","신규","-","","","아파트"
"11996","세종특별자치시  도담동","855","0855","0000","도램마을9단지(제일풍경채)","월세","95.6231","202506","30","3,000","115","11","2015","보람로 15","202507~202707","신규","-","","","아파트"
"11997","세종특별자치시  도담동","845","0845","0000","도램마을1단지(웅진스타클래스)","전세","84.9900","202506","30","21,000","0","8","2014","다솜1로 140","202507~202707","갱신","사용","20,000","0","아파트"
"11998","세종특별자치시  도담동","845","0845","0000","도램마을1단지(웅진스타클래스)","월세","59.9800","202506","30","2,000","75","2","2014","다솜1로 140","202507~202701","신규","-","","","아파트"
"11999","세종특별자치시  반곡동","852","0852","0000","수루배마을3단지","전세","102.6287","202506","30","27,000","0","2","2019","반곡로 15","-","-","-","","","아파트"
"12000","세종특별자치시  반곡동","852","0852","0000","수루배마을3단지","전세","102.6287","202506","30","27,000","0","2","2019","반곡로 15","-","-","-","","","아파트"
"12001","세종특별자치시  반곡동","857","0857","0000","수루배마을4단지(세종더샵예미지)","전세","84.8900","202506","30","30,000","0","2","2019","시청대로 500","202507~202707","신규","-","","","아파트"
"12002","세종특별자치시  반곡동","1035","1035","0000","수루배마을6단지","전세","59.9000","202506","30","20,000","0","6","2019","시청대로 598","202507~202511","신규","-","","","아파트"
"12003","세종특별자치시  반곡동","1035","1035","0000","수루배마을6단지","월세","59.9000","202506","30","2,000","70","11","2019","시청대로 598","202507~202707","갱신","사용","5,000","70","아파트"
"12004","세종특별자치시  반곡동","852","0852","0000","수루배마을3단지","전세","102.6287","202506","30","27,000","0","2","2019","반곡로 15","202509~202708","갱신","사용","26,000","0","아파트"
"12005","세종특별자치시  새롬동","558","0558","0000","새뜸마을10단지(더샵힐스테이트)","전세","59.9604","202506","30","25,000","0","19","2017","새롬중앙로 90","202508~202708","신규","-","","","아파트"
"12006","세종특별자치시  새롬동","558","0558","0000","새뜸마을10단지(더샵힐스테이트)","전세","59.9604","202506","30","25,000","0","19","2017","새롬중앙로 90","202508~202708","신규","-","","","아파트"
"12007","세종특별자치시  새롬동","605","0605","0000","새뜸마을5단지(메이저시티)","월세","59.9602","202506","30","2,000","88","2","2017","새롬중앙로 19","202508~202708","신규","-","","","아파트"
"12008","세종특별자치시  새롬동","599","0599","0000","새뜸마을2단지(메이저시티)","월세","59.9602","202506","30","10,000","50","2","2017","새롬남로 17","202508~202708","신규","-","","","아파트"
"12009","세종특별자치시  새롬동","601","0601","0000","새뜸마을1단지(메이저시티)","전세","101.8063","202506","30","38,000","0","15","2017","새롬남로 18","202506~202706","신규","-","","","아파트"
"12010","세종특별자치시  새롬동","558","0558","0000","새뜸마을10단지(더샵힐스테이트)","월세","84.9032","202506","30","3,000","105","25","2017","새롬중앙로 90","202507~202707","갱신","사용","3,000","100","아파트"
"12011","세종특별자치시  새롬동","597","0597","0000","새뜸마을3단지(롯데캐슬)","월세","84.9434","202506","30","3,000","125","8","2017","새롬북로 14","202507~202707","신규","-","","","아파트"
"12012","세종특별자치시  새롬동","599","0599","0000","새뜸마을2단지(메이저시티)","월세","59.9602","202506","30","10,000","50","2","2017","새롬남로 17","202508~202708","신규","-","","","아파트"
"12013","세종특별자치시  새롬동","558","0558","0000","새뜸마을10단지(더샵힐스테이트)","전세","59.9331","202506","30","22,000","0","17","2017","새롬중앙로 90","202507~202707","갱신","사용","21,000","0","아파트"
"12014","세종특별자치시  새롬동","601","0601","0000","새뜸마을1단지(메이저시티)","전세","84.9645","202506","30","29,000","0","5","2017","새롬남로 18","202508~202708","신규","-","","","아파트"
"12015","세종특별자치시  새롬동","599","0599","0000","새뜸마을2단지(메이저시티)","월세","59.9602","202506","30","10,000","50","2","2017","새롬남로 17","-","-","-","","","아파트"
"12016","세종특별자치시  새롬동","599","0599","0000","새뜸마을2단지(메이저시티)","전세","59.9539","202506","30","25,000","0","22","2017","새롬남로 17","202507~202707","신규","-","","","아파트"
"12017","세종특별자치시  다정동","970","0970","0000","가온마을11단지(세종지웰푸르지오)","전세","74.0673","202506","30","22,000","0","7","2019","가온로 10","-","-","-","","","아파트"
"12018","세종특별자치시  집현동","1181","1181","0000","새나루마을11단지세종어울림파밀리에센트럴","월세","59.9500","202506","30","2,000","80","11","2021","집현서2로 84","202507~202707","신규","-","","","아파트"
"12019","세종특별자치시  어진동","664","0664","0000","모닝시티","월세","23.4552","202506","30","500","55","5","2015","가름로 170-14","202506~202606","신규","-","","","아파트"
"12020","세종특별자치시  어진동","664","0664","0000","모닝시티","월세","23.4552","202506","30","300","80","8","2015","가름로 170-14","202507~202606","신규","-","","","아파트"
"12021","세종특별자치시  어진동","649","0649","0000","호수의 아침","월세","19.9330","202506","29","500","65","9","2014","가름로 253","202506~202606","신규","-","","","아파트"
"12022","세종특별자치시  종촌동","649","0649","0000","가재마을7단지(중흥S클래스센터파크1차)","전세","84.9941","202506","29","25,000","0","8","2014","달빛로 77","202507~202707","신규","-","","","아파트"
"12023","세종특별자치시  새롬동","558","0558","0000","새뜸마을10단지(더샵힐스테이트)","전세","59.9331","202506","29","24,000","0","4","2017","새롬중앙로 90","202506~202706","갱신","사용","23,000","0","아파트"
"12024","세종특별자치시  어진동","554","0554","0000","한뜰마을1단지(상록데시앙)","전세","70.0550","202506","29","16,491","0","8","2013","갈매로 479","202507~202707","신규","-","","","아파트"
"12025","세종특별자치시  다정동","926","0926","0000","가온마을12단지","월세","84.9675","202506","29","10,000","60","14","2018","다정남로 123","202507~202607","신규","-","","","아파트"
"12026","세종특별자치시  다정동","926","0926","0000","가온마을12단지","월세","59.1683","202506","29","1,500","90","8","2018","다정남로 123","202507~202707","신규","-","","","아파트"
"12027","세종특별자치시  다정동","964","0964","0000","가온마을4단지","전세","84.9900","202506","29","28,000","0","25","2019","다정중앙로 19","202507~202707","갱신","-","27,000","0","아파트"
"12028","세종특별자치시  다정동","926","0926","0000","가온마을12단지","월세","84.9675","202506","29","2,000","115","12","2018","다정남로 123","202508~202708","신규","-","","","아파트"
"12029","세종특별자치시  종촌동","679","0679","0000","가재마을3단지","월세","84.6958","202506","29","20,000","5","12","2015","도움3로 159","202507~202707","갱신","사용","20,000","0","아파트"
"12030","세종특별자치시  종촌동","649","0649","0000","가재마을7단지(중흥S클래스센터파크1차)","전세","84.9941","202506","29","25,000","0","8","2014","달빛로 77","202507~202707","신규","-","","","아파트"
"12031","세종특별자치시  어진동","613","0613","0000","더샵레이크파크","월세","84.9900","202506","29","2,000","100","8","2013","다솜로 290","202507~202707","신규","-","","","아파트"
"12032","세종특별자치시  종촌동","679","0679","0000","가재마을3단지","월세","84.6958","202506","29","20,000","5","12","2015","도움3로 159","202507~202707","갱신","사용","20,000","0","아파트"
"12033","세종특별자치시  해밀동","649","0649","0000","해밀마을1단지","월세","59.4000","202506","29","2,000","83","9","2020","해밀3로 32","202508~202708","신규","-","","","아파트"
"12034","세종특별자치시  어진동","613","0613","0000","더샵레이크파크","전세","84.7300","202506","29","19,000","0","7","2013","다솜로 290","202509~202709","신규","-","","","아파트"
"12035","세종특별자치시  나성동","727","0727","0000","SR파크센텀","월세","19.5794","202506","29","500","51","8","2019","한누리대로 331","202506~202606","신규","-","","","아파트"
"12036","세종특별자치시  도담동","858","0858","0000","도램마을 14단지(한림풀에버)","전세","99.9920","202506","29","32,000","0","26","2015","보듬2로 42","202507~202709","신규","-","","","아파트"
"12037","세종특별자치시  나성동","727","0727","0000","SR파크센텀","월세","19.5794","202506","29","500","55","5","2019","한누리대로 331","202506~202512","신규","-","","","아파트"
"12038","세종특별자치시  고운동","1403","1403","0000","가락마을14단지(우남퍼스트빌)","전세","107.5986","202506","29","21,000","0","24","2020","마음안로 131","202507~202707","갱신","사용","20,000","0","아파트"
"12039","세종특별자치시  나성동","727","0727","0000","SR파크센텀","월세","19.5794","202506","29","500","51","8","2019","한누리대로 331","202506~202606","신규","-","","","아파트"
"12040","세종특별자치시  반곡동","857","0857","0000","수루배마을4단지(세종더샵예미지)","월세","59.9000","202506","29","2,000","80","13","2019","시청대로 500","202508~202708","신규","-","","","아파트"
"12041","세종특별자치시  고운동","1403","1403","0000","가락마을14단지(우남퍼스트빌)","전세","107.5986","202506","29","21,000","0","24","2020","마음안로 131","202507~202707","갱신","사용","20,000","0","아파트"
"12042","세종특별자치시  고운동","1703","1703","0000","이지더원(가락마을4단지)","전세","79.5988","202506","29","21,000","0","14","2014","마음안로 48","202508~202708","신규","-","","","아파트"
"12043","세종특별자치시  보람동","783","0783","0000","호려울마을5단지(제일풍경채)","전세","84.9383","202506","29","29,000","0","13","2017","남세종로 441","202508~202708","갱신","사용","28,000","0","아파트"
"12044","세종특별자치시  보람동","777","0777","0000","호려울마을8단지(중흥에코시티)","월세","84.9895","202506","28","1,000","63","11","2017","보람동로 14","202507~202707","신규","-","","","아파트"
"12045","세종특별자치시  나성동","764","0764","0000","세종갤러리밸류시티","월세","24.4266","202506","28","500","50","6","2015","한누리대로 288","202507~202701","신규","-","","","아파트"
"12046","세종특별자치시  나성동","757","0757","0000","세종마루투","월세","28.1270","202506","28","500","62","7","2018","한누리대로 316","202507~202607","신규","-","","","아파트"
"12047","세종특별자치시  나성동","727","0727","0000","SR파크센텀","월세","23.4973","202506","28","500","65","6","2019","한누리대로 331","202508~202608","신규","-","","","아파트"
"12048","세종특별자치시  나성동","727","0727","0000","SR파크센텀","월세","17.8518","202506","28","500","55","4","2019","한누리대로 331","202506~202606","신규","-","","","아파트"
"12049","세종특별자치시  나성동","853","0853","0000","나릿재마을2단지","전세","84.9308","202506","28","35,000","0","12","2021","중앙공원서로 10","202509~202709","갱신","사용","35,000","0","아파트"
"12050","세종특별자치시  나성동","835","0835","0000","나릿재마을1단지","전세","99.6172","202506","28","39,000","0","23","2021","국세청로 46","202508~202708","신규","-","","","아파트"
"12051","세종특별자치시  나성동","714","0714","0000","에스알파크","월세","35.1933","202506","28","500","65","6","2014","한누리대로 205","202506~202606","신규","-","","","아파트"
"12052","세종특별자치시  나성동","763","0763","0000","행복의아침","월세","42.4914","202506","28","1,000","80","6","2016","한누리대로 292","202507~202607","신규","-","","","아파트"
"12053","세종특별자치시  나성동","763","0763","0000","행복의아침","월세","26.4397","202506","28","500","60","4","2016","한누리대로 292","202507~202607","신규","-","","","아파트"
"12054","세종특별자치시  조치원읍 죽림리","92","0092","0000","신동아","월세","84.9800","202506","28","1,000","60","12","1996","도장말길 52","202506~202706","신규","-","","","아파트"
"12055","세종특별자치시  고운동","2112","2112","0000","가락마을18단지","전세","123.0291","202506","28","35,000","0","1","2018","마음안1로 139","202507~202802","신규","-","","","아파트"
"12056","세종특별자치시  고운동","1729","1729","0000","가락마을1단지(힐데스하임)","월세","111.3454","202506","28","4,000","115","6","2018","마음로 67","202507~202707","신규","-","","","아파트"
"12057","세종특별자치시  고운동","1396","1396","0000","가락마을 20단지(호반베르디움5차)","월세","59.9897","202506","28","2,000","65","1","2015","만남로 190","202507~202707","신규","-","","","아파트"
"12058","세종특별자치시  고운동","1387","1387","0000","가락마을22단지(에듀힐스)","전세","96.1416","202506","28","25,000","0","14","2015","마음로 322","202508~202707","신규","-","","","아파트"
"12059","세종특별자치시  고운동","1708","1708","0000","가락마을3단지(호반베르디움)","전세","59.8652","202506","28","17,000","0","6","2014","마음안로 47","202508~202708","갱신","사용","17,000","0","아파트"
"12060","세종특별자치시  고운동","1387","1387","0000","가락마을22단지(에듀힐스)","전세","96.1416","202506","28","25,000","0","14","2015","마음로 322","202508~202707","신규","-","","","아파트"
"12061","세종특별자치시  고운동","1400","1400","0000","이지더원(가락마을10단지)","월세","72.4971","202506","28","1,000","70","3","2015","마음로 181","202507~202707","갱신","사용","1,000","67","아파트"
"12062","세종특별자치시  고운동","1390","1390","0000","가락마을21단지(에듀포레)","전세","99.9434","202506","28","20,000","0","7","2015","마음안로 221","202508~202708","신규","-","","","아파트"
"12063","세종특별자치시  고운동","1728","1728","0000","가락마을6단지(중흥S클래스프라디움)","월세","59.7236","202506","28","1,000","75","26","2015","마음로 14","202508~202708","신규","-","","","아파트"
"12064","세종특별자치시  보람동","774","0774","0000","호려울마을9단지(한양수자인와이즈시티)","전세","84.9787","202506","28","25,500","0","17","2016","남세종로 384","202508~202708","신규","-","","","아파트"
"12065","세종특별자치시  연서면 봉암리","622","0622","0000","대원네스트빌","월세","59.8580","202506","28","2,000","43","6","2002","당산로 290","202507~202707","신규","-","","","아파트"
"12066","세종특별자치시  연서면 봉암리","622","0622","0000","대원네스트빌","월세","59.8580","202506","28","1,000","50","2","2002","당산로 290","202507~202607","신규","-","","","아파트"
"12067","세종특별자치시  금남면 용포리","320","0320","0000","두진리버빌","전세","43.0080","202506","28","11,000","0","12","2000","용포2길 70","202508~202708","신규","-","","","아파트"
"12068","세종특별자치시  도담동","627","0627","0000","엘가에코힐(도램마을5단지)","전세","59.8808","202506","28","20,000","0","15","2015","다솜1로 220","202508~202708","갱신","-","20,000","0","아파트"
"12069","세종특별자치시  도담동","653","0653","0000","도램마을11단지(반도유보라)","전세","84.9891","202506","28","25,000","0","7","2017","보듬4로 9","202508~202708","신규","-","","","아파트"
"12070","세종특별자치시  반곡동","852","0852","0000","수루배마을3단지","전세","84.6291","202506","28","17,850","0","3","2019","반곡로 15","202507~202707","갱신","사용","17,000","0","아파트"
"12071","세종특별자치시  한솔동","971","0971","0000","첫마을5단지(푸르지오)","월세","101.5400","202506","28","10,000","55","8","2012","누리로 59","202508~202608","갱신","-","10,000","55","아파트"
"12072","세종특별자치시  한솔동","974","0974","0000","첫마을6단지(힐스테이트)","월세","149.8400","202506","28","5,000","200","29","2012","누리로 27","202506~202706","신규","-","","","아파트"
"12073","세종특별자치시  한솔동","947","0947","0000","첫마을3단지(퍼스트프라임)","월세","84.9100","202506","28","2,000","100","5","2011","나리1로 16","202508~202708","신규","-","","","아파트"
"12074","세종특별자치시  반곡동","857","0857","0000","수루배마을4단지(세종더샵예미지)","월세","94.9700","202506","28","5,000","110","10","2019","시청대로 500","202509~202608","신규","-","","","아파트"
"12075","세종특별자치시  소담동","550","0550","0000","새샘마을3단지(모아미래도리버시티)","전세","84.9989","202506","28","28,000","0","13","2016","시청대로 236","202507~202707","갱신","-","26,000","0","아파트"
"12076","세종특별자치시  소담동","586","0586","0000","새샘마을6단지(한신더휴펜타힐스)","전세","59.5000","202506","28","21,000","0","10","2017","남세종로 302","202508~202708","신규","-","","","아파트"
"12077","세종특별자치시  반곡동","857","0857","0000","수루배마을4단지(세종더샵예미지)","전세","94.9700","202506","28","30,000","0","20","2019","시청대로 500","202509~202709","신규","-","","","아파트"
"12078","세종특별자치시  종촌동","640","0640","0000","가재마을4단지(센트레빌)","월세","74.9400","202506","28","2,000","75","10","2015","도움3로 160","202507~202707","신규","-","","","아파트"
"12079","세종특별자치시  새롬동","599","0599","0000","새뜸마을2단지(메이저시티)","전세","59.9602","202506","28","21,000","0","18","2017","새롬남로 17","202508~202708","갱신","사용","20,000","0","아파트"
"12080","세종특별자치시  새롬동","593","0593","0000","새뜸마을6단지(메이저시티)","전세","120.5051","202506","28","50,400","0","15","2017","새롬중앙1로 13","202506~202706","갱신","사용","48,000","0","아파트"
"12081","세종특별자치시  새롬동","605","0605","0000","새뜸마을5단지(메이저시티)","전세","101.8063","202506","28","34,000","0","8","2017","새롬중앙로 19","202508~202708","신규","-","","","아파트"
"12082","세종특별자치시  종촌동","654","0654","0000","가재마을11단지","전세","59.6144","202506","28","19,000","0","3","2013","도움3로 75","-","-","-","","","아파트"
"12083","세종특별자치시  산울동","152-1","0152","0001","세종리첸시아파밀리에H2블록(산울마을7단지)","전세","84.8355","202506","28","30,000","0","31","2024","산울7로 11","202508~202708","신규","-","","","아파트"
"12084","세종특별자치시  종촌동","697","0697","0000","가재마을9단지","전세","96.3100","202506","28","23,500","0","3","2014","도움1로 55","202507~202707","갱신","사용","22,500","0","아파트"
"12085","세종특별자치시  종촌동","652","0652","0000","가재마을12단지","전세","84.9941","202506","28","23,000","0","8","2015","달빛로 80","202509~202709","신규","-","","","아파트"
"12086","세종특별자치시  종촌동","697","0697","0000","가재마을9단지","전세","84.8140","202506","28","22,000","0","9","2014","도움1로 55","202508~202708","신규","-","","","아파트"
"12087","세종특별자치시  어진동","664","0664","0000","모닝시티","월세","22.4652","202506","28","300","80","3","2015","가름로 170-14","202507~202607","신규","-","","","아파트"
"12088","세종특별자치시  종촌동","690","0690","0000","가재마을5단지","월세","59.9383","202506","28","2,000","79","24","2014","도움1로 105","202507~202707","갱신","사용","2,000","75","아파트"
"12089","세종특별자치시  다정동","916","0916","0000","가온마을3단지","월세","59.8969","202506","28","12,000","45","17","2018","다정북로 109","202507~202707","신규","-","","","아파트"
"12090","세종특별자치시  다정동","970","0970","0000","가온마을11단지(세종지웰푸르지오)","전세","74.7562","202506","28","27,000","0","26","2019","가온로 10","202508~202708","신규","-","","","아파트"
"12091","세종특별자치시  다정동","964","0964","0000","가온마을4단지","월세","84.9900","202506","28","2,000","100","6","2019","다정중앙로 19","202508~202702","신규","-","","","아파트"
"12092","세종특별자치시  다정동","916","0916","0000","가온마을3단지","전세","98.7065","202506","28","26,000","0","13","2018","다정북로 109","202508~202708","신규","-","","","아파트"
"12093","세종특별자치시  다정동","965","0965","0000","가온마을7단지","월세","37.1200","202506","28","4,073","9","8","2020","다정중앙로 20","202506~202705","갱신","-","1,973","21","아파트"
"12094","세종특별자치시  다정동","960","0960","0000","가온마을1단지(힐스테이트)","전세","101.7203","202506","28","30,000","0","17","2018","다정남로 22","202509~202709","신규","-","","","아파트"
"12095","세종특별자치시  다정동","931","0931","0000","가온마을8단지(더하이스트)","월세","59.8817","202506","28","10,000","60","4","2018","다정북로 180","202507~202707","신규","-","","","아파트"
"12096","세종특별자치시  종촌동","654","0654","0000","가재마을11단지","전세","59.6144","202506","28","19,000","0","3","2013","도움3로 75","-","-","-","","","아파트"
"12097","세종특별자치시  집현동","1192","1192","0000","새나루마을9단지세종어울림파밀리에센트럴","전세","100.9200","202506","28","26,000","0","20","2021","시청대로 642","202507~202707","신규","-","","","아파트"
"12098","세종특별자치시  다정동","926","0926","0000","가온마을12단지","전세","84.9675","202506","28","27,000","0","5","2018","다정남로 123","202507~202707","신규","-","","","아파트"
"12099","세종특별자치시  종촌동","654","0654","0000","가재마을11단지","전세","59.6144","202506","28","19,000","0","3","2013","도움3로 75","202508~202707","신규","-","","","아파트"
"12100","세종특별자치시  다정동","916","0916","0000","가온마을3단지","전세","84.9687","202506","28","27,500","0","16","2018","다정북로 109","202508~202708","신규","-","","","아파트"
"12101","세종특별자치시  새롬동","554","0554","0000","새뜸마을4단지(캐슬파밀리에)","전세","100.9214","202506","28","30,000","0","13","2017","새롬북로 13","202507~202707","신규","-","","","아파트"
"12102","세종특별자치시  어진동","548","0548","0000","세종리슈빌S","월세","19.8015","202506","28","500","55","8","2014","한누리대로 496","202506~202606","신규","-","","","아파트"
"12103","세종특별자치시  집현동","1181","1181","0000","새나루마을11단지세종어울림파밀리에센트럴","월세","74.9400","202506","28","5,000","30","12","2021","집현서2로 84","-","-","-","","","아파트"
"12104","세종특별자치시  종촌동","640","0640","0000","가재마을4단지(센트레빌)","전세","84.9500","202506","28","22,000","0","25","2015","도움3로 160","202508~202708","신규","-","","","아파트"
"12105","세종특별자치시  해밀동","635","0635","0000","해밀마을2단지","월세","112.6600","202506","28","9,000","110","5","2020","해밀3로 90","202508~202708","신규","-","","","아파트"
"12106","세종특별자치시  해밀동","649","0649","0000","해밀마을1단지","월세","84.9500","202506","28","5,000","105","6","2020","해밀3로 32","202507~202707","갱신","사용","5,000","100","아파트"
"12107","세종특별자치시  해밀동","635","0635","0000","해밀마을2단지","월세","112.6600","202506","28","9,000","110","5","2020","해밀3로 90","-","-","-","","","아파트"
"12108","세종특별자치시  종촌동","690","0690","0000","가재마을5단지","월세","59.9383","202506","28","5,000","60","28","2014","도움1로 105","202507~202707","갱신","-","5,000","65","아파트"
"12109","세종특별자치시  어진동","649","0649","0000","호수의 아침","월세","17.8340","202506","27","500","50","8","2014","가름로 253","202506~202606","신규","-","","","아파트"
"12110","세종특별자치시  어진동","554","0554","0000","한뜰마을1단지(상록데시앙)","월세","34.0010","202506","27","1,685","21","1","2013","갈매로 479","202507~202707","갱신","-","1,694","21","아파트"
"12111","세종특별자치시  어진동","548","0548","0000","세종리슈빌S","월세","19.3525","202506","27","100","70","13","2014","한누리대로 496","202507~202607","신규","-","","","아파트"
"12112","세종특별자치시  어진동","554","0554","0000","한뜰마을1단지(상록데시앙)","전세","59.9810","202506","27","15,389","0","23","2013","갈매로 479","202509~202709","갱신","-","14,657","0","아파트"
"12113","세종특별자치시  종촌동","690","0690","0000","가재마을5단지","월세","59.9383","202506","27","2,000","80","14","2014","도움1로 105","202508~202706","신규","-","","","아파트"
"12114","세종특별자치시  다정동","926","0926","0000","가온마을12단지","월세","59.8817","202506","27","2,000","85","13","2018","다정남로 123","202508~202708","신규","-","","","아파트"
"12115","세종특별자치시  종촌동","679","0679","0000","가재마을3단지","전세","108.8099","202506","27","26,700","0","4","2015","도움3로 159","202507~202707","신규","-","","","아파트"
"12116","세종특별자치시  종촌동","692","0692","0000","가재마을8단지","월세","84.2960","202506","27","2,000","80","10","2015","달빛로 16","202506~202706","신규","-","","","아파트"
"12117","세종특별자치시  종촌동","640","0640","0000","가재마을4단지(센트레빌)","전세","84.9500","202506","27","20,000","0","3","2015","도움3로 160","202508~202708","신규","-","","","아파트"
"12118","세종특별자치시  종촌동","690","0690","0000","가재마을5단지","전세","59.9383","202506","27","22,000","0","12","2014","도움1로 105","202506~202509","신규","-","","","아파트"
"12119","세종특별자치시  집현동","1181","1181","0000","새나루마을11단지세종어울림파밀리에센트럴","월세","59.9800","202506","27","7,000","55","14","2021","집현서2로 84","202506~202610","신규","-","","","아파트"
"12120","세종특별자치시  집현동","1189","1189","0000","새나루마을3단지","월세","84.7000","202506","27","4,000","90","6","2021","집현서로 45","202507~202707","신규","-","","","아파트"
"12121","세종특별자치시  새롬동","597","0597","0000","새뜸마을3단지(롯데캐슬)","월세","84.9434","202506","27","3,000","115","5","2017","새롬북로 14","202508~202708","갱신","사용","3,000","110","아파트"
"12122","세종특별자치시  새롬동","599","0599","0000","새뜸마을2단지(메이저시티)","전세","59.9602","202506","27","20,000","0","21","2017","새롬남로 17","202507~202707","갱신","-","17,000","0","아파트"
"12123","세종특별자치시  새롬동","607","0607","0000","새뜸마을8단지","월세","36.6800","202506","27","3,948","10","14","2018","새롬중앙로 20","202510~202709","갱신","-","1,478","21","아파트"
"12124","세종특별자치시  새롬동","601","0601","0000","새뜸마을1단지(메이저시티)","월세","84.9645","202506","27","3,000","105","17","2017","새롬남로 18","202508~202708","신규","-","","","아파트"
"12125","세종특별자치시  어진동","603","0603","0000","더샵센트럴시티","전세","84.7300","202506","27","25,000","0","19","2013","갈매로 480","202508~202708","신규","-","","","아파트"
"12126","세종특별자치시  어진동","548","0548","0000","세종리슈빌S","전세","21.2595","202506","27","10,300","0","11","2014","한누리대로 496","202508~202708","갱신","사용","10,500","0","아파트"
"12127","세종특별자치시  어진동","554","0554","0000","한뜰마을1단지(상록데시앙)","월세","70.0550","202506","27","12,946","10","9","2013","갈매로 479","202507~202707","갱신","-","12,330","10","아파트"
"12128","세종특별자치시  반곡동","851","0851","0000","수루배마을1단지","전세","84.4900","202506","27","25,000","0","9","2019","반곡로 14","202506~202706","신규","-","","","아파트"
"12129","세종특별자치시  한솔동","939","0939","0000","첫마을1단지(퍼스트프라임)","전세","84.9100","202506","27","21,000","0","8","2011","노을3로 14","202506~202706","신규","-","","","아파트"
"12130","세종특별자치시  소담동","594","0594","0000","새샘마을2단지(한양수자인)","전세","59.9734","202506","27","21,000","0","9","2016","남세종로 358","202507~202707","신규","-","","","아파트"
"12131","세종특별자치시  소담동","597","0597","0000","새샘마을1단지","월세","98.9310","202506","27","3,000","110","4","2018","남세종로 357","202507~202707","신규","-","","","아파트"
"12132","세종특별자치시  나성동","715","0715","0000","우빈가온","월세","21.5900","202506","27","500","53","8","2015","한누리대로 201","202506~202512","신규","-","","","아파트"
"12133","세종특별자치시  나성동","757","0757","0000","세종마루투","월세","28.1270","202506","27","500","60","3","2018","한누리대로 316","202506~202602","신규","-","","","아파트"
"12134","세종특별자치시  고운동","1708","1708","0000","가락마을3단지(호반베르디움)","월세","59.8652","202506","27","2,000","70","8","2014","마음안로 47","202507~202607","신규","-","","","아파트"
"12135","세종특별자치시  고운동","1387","1387","0000","가락마을22단지(에듀힐스)","전세","96.1416","202506","27","22,000","0","15","2015","마음로 322","202506~202706","갱신","-","22,000","0","아파트"
"12136","세종특별자치시  고운동","1396","1396","0000","가락마을 20단지(호반베르디움5차)","전세","59.8338","202506","27","17,000","0","9","2015","만남로 190","202506~202706","갱신","-","17,000","0","아파트"
"12137","세종특별자치시  고운동","1409","1409","0000","가락마을11단지(중흥에듀카운티)","전세","59.9907","202506","27","18,000","0","18","2016","마음로 152","202507~202707","신규","-","","","아파트"
"12138","세종특별자치시  고운동","2111","2111","0000","가락마을19단지","전세","105.6138","202506","27","23,000","0","14","2019","밝은뜰로 15","202509~202709","갱신","사용","23,000","0","아파트"
"12139","세종특별자치시  아름동","1339","1339","0000","범지기마을1단지(한양수자인에듀센텀)","전세","59.9789","202506","27","20,000","0","2","2015","절재로 13","202508~202708","신규","-","","","아파트"
"12140","세종특별자치시  아름동","1357","1357","0000","범지기마을6단지(세종상록어울림)","전세","74.9700","202506","27","14,712","0","10","2014","달빛로 135","202510~202710","갱신","-","14,012","0","아파트"
"12141","세종특별자치시  아름동","1353","1353","0000","범지기마을5단지(세종상록어울림)","전세","46.3840","202506","27","10,901","0","12","2014","달빛1로 122","202511~202711","갱신","-","11,033","0","아파트"
"12142","세종특별자치시  아름동","1357","1357","0000","범지기마을6단지(세종상록어울림)","월세","84.8300","202506","27","10,731","10","10","2014","달빛로 135","202509~202709","갱신","-","10,220","9","아파트"
"12143","세종특별자치시  아름동","1353","1353","0000","범지기마을5단지(세종상록어울림)","월세","36.7080","202506","27","6,562","3","26","2014","달빛1로 122","202508~202707","갱신","-","7,813","0","아파트"
"12144","세종특별자치시  아름동","1356","1356","0000","범지기마을 4단지","월세","84.8568","202506","27","2,000","100","16","2014","달빛로 109","202507~202707","신규","-","","","아파트"
"12145","세종특별자치시  아름동","1353","1353","0000","범지기마을5단지(세종상록어울림)","월세","36.7080","202506","27","1,706","14","19","2014","달빛1로 122","202508~202708","갱신","-","1,644","14","아파트"
"12146","세종특별자치시  아름동","1353","1353","0000","범지기마을5단지(세종상록어울림)","월세","59.8210","202506","27","5,423","11","7","2014","달빛1로 122","202507~202707","갱신","-","6,198","9","아파트"
"12147","세종특별자치시  아름동","1353","1353","0000","범지기마을5단지(세종상록어울림)","월세","36.7080","202506","27","1,535","19","1","2014","달빛1로 122","202508~202708","갱신","-","1,755","22","아파트"
"12148","세종특별자치시  반곡동","857","0857","0000","수루배마을4단지(세종더샵예미지)","전세","59.9000","202506","27","21,500","0","11","2019","시청대로 500","202508~202708","신규","-","","","아파트"
"12149","세종특별자치시  반곡동","852","0852","0000","수루배마을3단지","월세","84.6291","202506","27","2,000","110","6","2019","반곡로 15","202507~202805","신규","-","","","아파트"
"12150","세종특별자치시  반곡동","852","0852","0000","수루배마을3단지","전세","102.6287","202506","27","28,000","0","6","2019","반곡로 15","202508~202708","신규","-","","","아파트"
"12151","세종특별자치시  대평동","704","0704","0000","해들마을4단지","월세","98.1108","202506","27","4,000","100","6","2018","대평로 34","202506~202706","갱신","사용","4,000","100","아파트"
"12152","세종특별자치시  대평동","705","0705","0000","해들마을3단지","전세","84.6720","202506","27","25,000","0","1","2017","대평1길 38","202507~202707","신규","-","","","아파트"
"12153","세종특별자치시  대평동","700","0700","0000","해들마을5단지","월세","59.9100","202506","27","1,542","60","13","2019","대평로 56","202507~202706","갱신","-","4,506","49","아파트"
"12154","세종특별자치시  반곡동","858","0858","0000","수루배마을8단지","월세","46.2500","202506","27","4,497","20","13","2023","시청대로 546","202412~202702","갱신","-","3,197","28","아파트"
"12155","세종특별자치시  반곡동","899","0899","0000","수루배마을5단지","전세","59.8970","202506","27","22,000","0","10","2018","반곡2길 9","202508~202708","신규","-","","","아파트"
"12156","세종특별자치시  반곡동","858","0858","0000","수루배마을8단지","월세","36.2300","202506","27","2,481","16","6","2023","시청대로 546","202507~202706","갱신","-","1,438","21","아파트"
"12157","세종특별자치시  조치원읍 죽림리","72","0072","0000","죽림우방유셀","전세","130.2173","202506","27","25,000","0","7","2008","산막길 17","202507~202707","갱신","-","28,000","0","아파트"
"12158","세종특별자치시  도담동","653","0653","0000","도램마을11단지(반도유보라)","전세","84.9783","202506","27","17,000","0","24","2017","보듬4로 9","202507~202707","갱신","사용","17,000","0","아파트"
"12159","세종특별자치시  도담동","859","0859","0000","현대힐스테이트(도램마을15단지)","전세","84.9408","202506","27","26,000","0","24","2014","보듬2로 43","202506~202706","갱신","사용","25,000","0","아파트"
"12160","세종특별자치시  도담동","656","0656","0000","까사리움","월세","24.5900","202506","27","500","50","4","2015","한누리대로 587","202506~202512","신규","-","","","아파트"
"12161","세종특별자치시  도담동","627","0627","0000","엘가에코힐(도램마을5단지)","전세","59.8808","202506","27","21,000","0","13","2015","다솜1로 220","202508~202708","신규","-","","","아파트"
"12162","세종특별자치시  조치원읍 원리","141-53","0141","0053","조치원역행복주택","월세","26.8200","202506","27","2,524","7","8","2025","충현로 154","202505~202707","갱신","-","2,124","10","아파트"
"12163","세종특별자치시  보람동","786","0786","0000","호려울마을1단지(대방노블랜드)","전세","59.9883","202506","27","22,000","0","11","2017","남세종로 503","202509~202709","갱신","사용","22,000","0","아파트"
"12164","세종특별자치시  조치원읍 신안리","35-3","0035","0003","유니빌","월세","25.8280","202506","27","500","40","14","2002","신안새동네길 26-10","202507~202707","신규","-","","","아파트"
"12165","세종특별자치시  한솔동","976","0976","0000","첫마을7단지(래미안)","전세","114.6100","202506","27","25,000","0","17","2012","나리로 38","202508~202708","신규","-","","","아파트"
"12166","세종특별자치시  한솔동","947","0947","0000","첫마을3단지(퍼스트프라임)","전세","59.8300","202506","27","20,000","0","4","2011","나리1로 15","202508~202708","신규","-","","","아파트"
"12167","세종특별자치시  반곡동","1035","1035","0000","수루배마을6단지","월세","59.9000","202506","26","10,000","20","6","2019","시청대로 598","202507~202707","신규","-","","","아파트"
"12168","세종특별자치시  반곡동","873","0873","0000","세종4-1리슈빌디어반H2","월세","84.1668","202506","26","5,850","24","6","2022","시청대로 547","202508~202708","신규","-","","","아파트"
"12169","세종특별자치시  조치원읍 죽림리","72","0072","0000","죽림우방유셀","전세","105.5944","202506","26","16,000","0","7","2008","산막길 17","202507~202707","신규","-","","","아파트"
"12170","세종특별자치시  아름동","1363","1363","0000","범지기마을11단지(영무예다음)","월세","84.9816","202506","26","2,000","85","18","2014","보듬3로 73","202507~202707","신규","-","","","아파트"
"12171","세종특별자치시  나성동","727","0727","0000","SR파크센텀","월세","20.1058","202506","26","500","70","8","2019","한누리대로 331","202507~202607","신규","-","","","아파트"
"12172","세종특별자치시  도담동","855","0855","0000","도램마을9단지(제일풍경채)","전세","106.6345","202506","26","40,000","0","17","2015","보람로 15","202507~202707","신규","-","","","아파트"
"12173","세종특별자치시  고운동","1409","1409","0000","가락마을11단지(중흥에듀카운티)","월세","73.7130","202506","26","1,000","83","10","2016","마음로 152","202507~202707","신규","-","","","아파트"
"12174","세종특별자치시  고운동","1705","1705","0000","가락마을5단지(유승한내들)","전세","59.9013","202506","26","18,000","0","10","2015","마음안로 34","202508~202708","신규","-","","","아파트"
"12175","세종특별자치시  도담동","664","0664","0000","라온프라이빗시티 Ⅰ","월세","21.1875","202506","26","0","80","6","2014","보듬3로 8-12","202507~202606","신규","-","","","아파트"
"12176","세종특별자치시  고운동","1728","1728","0000","가락마을6단지(중흥S클래스프라디움)","전세","59.6866","202506","26","18,000","0","10","2015","마음로 14","202507~202707","신규","-","","","아파트"
"12177","세종특별자치시  도담동","664","0664","0000","라온프라이빗시티 Ⅰ","월세","26.3809","202506","26","500","50","3","2014","보듬3로 8-12","202506~202606","신규","-","","","아파트"
"12178","세종특별자치시  나성동","727","0727","0000","SR파크센텀","월세","17.8518","202506","26","300","60","6","2019","한누리대로 331","202507~202607","신규","-","","","아파트"
"12179","세종특별자치시  나성동","727","0727","0000","SR파크센텀","월세","17.8518","202506","26","500","70","4","2019","한누리대로 331","202507~202607","신규","-","","","아파트"
"12180","세종특별자치시  고운동","1706","1706","0000","가락마을8단지(고운뜰아파트)","전세","74.7700","202506","26","18,000","0","6","2015","만남로 92","202509~202709","신규","-","","","아파트"
"12181","세종특별자치시  도담동","666","0666","0000","라온프라이빗시티 Ⅱ","월세","17.8050","202506","26","100","80","7","2014","보듬3로 6","202507~202601","신규","-","","","아파트"
"12182","세종특별자치시  도담동","664","0664","0000","라온프라이빗시티 Ⅰ","월세","26.9844","202506","26","500","44","6","2014","보듬3로 8-12","202507~202607","신규","-","","","아파트"
"12183","세종특별자치시  나성동","738","0738","0000","세종포레뷰원","월세","26.1900","202506","26","200","80","4","2016","한누리대로 287","202507~202607","신규","-","","","아파트"
"12184","세종특별자치시  고운동","1728","1728","0000","가락마을6단지(중흥S클래스프라디움)","전세","59.6866","202506","26","18,000","0","4","2015","마음로 14","202508~202708","신규","-","","","아파트"
"12185","세종특별자치시  조치원읍 번암리","75-2","0075","0002","번암주공","월세","46.6800","202506","26","500","45","3","1989","군청로 23","202506~202706","신규","-","","","아파트"
"12186","세종특별자치시  반곡동","1035","1035","0000","수루배마을6단지","월세","59.9000","202506","26","10,000","20","6","2019","시청대로 598","202507~202707","신규","-","","","아파트"
"12187","세종특별자치시  나성동","748","0748","0000","한스웰시티(CB5-1BL)","월세","24.1200","202506","26","300","50","5","2015","한누리대로 237","202507~202607","신규","-","","","아파트"
"12188","세종특별자치시  반곡동","1035","1035","0000","수루배마을6단지","전세","59.9000","202506","26","20,500","0","6","2019","시청대로 598","202506~202706","신규","-","","","아파트"
"12189","세종특별자치시  반곡동","1035","1035","0000","수루배마을6단지","전세","67.5500","202506","26","19,900","0","6","2019","시청대로 598","202508~202708","갱신","사용","19,000","0","아파트"
"12190","세종특별자치시  보람동","786","0786","0000","호려울마을1단지(대방노블랜드)","월세","59.9883","202506","26","3,000","90","10","2017","남세종로 503","202506~202706","신규","-","","","아파트"
"12191","세종특별자치시  소담동","594","0594","0000","새샘마을2단지(한양수자인)","전세","59.9734","202506","26","22,000","0","17","2016","남세종로 358","202506~202611","신규","-","","","아파트"
"12192","세종특별자치시  소담동","586","0586","0000","새샘마을6단지(한신더휴펜타힐스)","전세","59.9200","202506","26","22,000","0","25","2017","남세종로 302","202507~202707","신규","-","","","아파트"
"12193","세종특별자치시  소담동","586","0586","0000","새샘마을6단지(한신더휴펜타힐스)","전세","59.9200","202506","26","23,000","0","18","2017","남세종로 302","202509~202709","신규","-","","","아파트"
"12194","세종특별자치시  반곡동","897","0897","0000","수루배마을2단지","전세","59.2240","202506","26","22,000","0","10","2019","반곡1길 9","202508~202708","신규","-","","","아파트"
"12195","세종특별자치시  새롬동","601","0601","0000","새뜸마을1단지(메이저시티)","전세","101.8063","202506","26","29,400","0","12","2017","새롬남로 18","202506~202706","갱신","사용","28,000","0","아파트"
"12196","세종특별자치시  새롬동","558","0558","0000","새뜸마을10단지(더샵힐스테이트)","월세","59.9331","202506","26","2,000","90","2","2017","새롬중앙로 90","202508~202708","신규","-","","","아파트"
"12197","세종특별자치시  새롬동","556","0556","0000","새뜸마을7단지(투머로우시티)","월세","65.3900","202506","26","5,000","70","7","2017","새롬중앙로 89","202507~202707","신규","-","","","아파트"
"12198","세종특별자치시  새롬동","601","0601","0000","새뜸마을1단지(메이저시티)","월세","84.9645","202506","26","2,000","115","7","2017","새롬남로 18","202508~202708","신규","-","","","아파트"
"12199","세종특별자치시  산울동","가-","0000","0000","산울마을5단지","월세","59.9700","202506","26","2,000","85","12","2023","산울2로 40","202507~202706","신규","-","","","아파트"
"12200","세종특별자치시  산울동","152-1","0152","0001","세종리첸시아파밀리에H2블록(산울마을7단지)","월세","59.7180","202506","26","2,000","85","5","2024","산울7로 11","202507~202707","신규","-","","","아파트"
"12201","세종특별자치시  산울동","152-1","0152","0001","세종리첸시아파밀리에H2블록(산울마을7단지)","월세","59.7180","202506","26","2,000","85","5","2024","산울7로 11","-","-","-","","","아파트"
"12202","세종특별자치시  종촌동","640","0640","0000","가재마을4단지(센트레빌)","전세","74.9800","202506","26","20,000","0","10","2015","도움3로 160","202508~202708","신규","-","","","아파트"
"12203","세종특별자치시  어진동","664","0664","0000","모닝시티","월세","23.4552","202506","26","500","55","4","2015","가름로 170-14","202507~202606","신규","-","","","아파트"
"12204","세종특별자치시  해밀동","649","0649","0000","해밀마을1단지","전세","84.6500","202506","26","29,000","0","1","2020","해밀3로 32","202508~202708","신규","-","","","아파트"
"12205","세종특별자치시  종촌동","644","0644","0000","가재마을6단지","전세","84.6799","202506","26","17,000","0","9","2016","달빛1로 74","202508~202707","갱신","-","17,000","0","아파트"
"12206","세종특별자치시  종촌동","644","0644","0000","가재마을6단지","전세","84.2960","202506","26","18,000","0","16","2016","달빛1로 74","202508~202708","신규","-","","","아파트"
"12207","세종특별자치시  다정동","916","0916","0000","가온마을3단지","전세","97.5713","202506","26","27,000","0","3","2018","다정북로 109","202508~202708","신규","-","","","아파트"
"12208","세종특별자치시  다정동","964","0964","0000","가온마을4단지","전세","84.9900","202506","26","30,000","0","9","2019","다정중앙로 19","202506~202706","신규","-","","","아파트"
"12209","세종특별자치시  다정동","965","0965","0000","가온마을7단지","월세","46.0100","202506","26","3,360","30","15","2020","다정중앙로 20","202508~202707","갱신","-","2,966","27","아파트"
"12210","세종특별자치시  새롬동","605","0605","0000","새뜸마을5단지(메이저시티)","전세","59.9602","202506","26","22,000","0","3","2017","새롬중앙로 19","202507~202707","신규","-","","","아파트"
"12211","세종특별자치시  새롬동","558","0558","0000","새뜸마을10단지(더샵힐스테이트)","전세","98.1866","202506","25","35,385","0","21","2017","새롬중앙로 90","202508~202708","갱신","사용","33,700","0","아파트"
"12212","세종특별자치시  종촌동","652","0652","0000","가재마을12단지","월세","84.9941","202506","25","3,000","85","14","2015","달빛로 80","202508~202708","신규","-","","","아파트"
"12213","세종특별자치시  종촌동","697","0697","0000","가재마을9단지","전세","96.3100","202506","25","27,000","0","8","2014","도움1로 55","202507~202707","신규","-","","","아파트"
"12214","세종특별자치시  산울동","산7","0007","0000","산울마을8단지엘리프세종6-3","전세","84.7100","202506","25","30,000","0","17","2025","산울7로 10","202507~202707","신규","-","","","아파트"
"12215","세종특별자치시  다정동","916","0916","0000","가온마을3단지","월세","59.8969","202506","25","1,000","89","4","2018","다정북로 109","202507~202707","신규","-","","","아파트"
"12216","세종특별자치시  다정동","964","0964","0000","가온마을4단지","전세","59.9900","202506","25","22,500","0","21","2019","다정중앙로 19","202507~202707","신규","-","","","아파트"
"12217","세종특별자치시  다정동","953","0953","0000","가온마을2단지","월세","97.5713","202506","25","500","70","15","2018","다정북로 110","202506~202606","신규","-","","","아파트"
"12218","세종특별자치시  새롬동","561","0561","0000","새뜸마을11단지(더샵힐스테이트)","전세","98.6414","202506","25","29,400","0","4","2017","새롬로 55","202506~202706","갱신","사용","28,000","0","아파트"
"12219","세종특별자치시  집현동","1181","1181","0000","새나루마을11단지세종어울림파밀리에센트럴","전세","59.9500","202506","25","24,000","0","17","2021","집현서2로 84","202507~202707","신규","-","","","아파트"
"12220","세종특별자치시  어진동","649","0649","0000","호수의 아침","전세","19.9330","202506","25","9,900","0","2","2014","가름로 253","202507~202707","신규","-","","","아파트"
"12221","세종특별자치시  새롬동","564","0564","0000","새뜸마을13단지(트리쉐이드)","월세","84.9340","202506","25","3,000","100","12","2019","새롬로 32","202507~202706","갱신","-","3,000","90","아파트"
"12222","세종특별자치시  새롬동","597","0597","0000","새뜸마을3단지(롯데캐슬)","전세","84.9434","202506","25","31,500","0","8","2017","새롬북로 14","202507~202707","갱신","사용","30,000","0","아파트"
"12223","세종특별자치시  부강면 부강리","970-3","0970","0003","청솔","전세","49.7700","202506","25","6,500","0","8","1994","부강3길 29-11","202507~202707","갱신","-","6,500","0","아파트"
"12224","세종특별자치시  보람동","779","0779","0000","호려울마을6단지(모아엘가)","전세","84.8457","202506","25","29,000","0","8","2017","보람동로 13","202510~202710","신규","-","","","아파트"
"12225","세종특별자치시  보람동","786","0786","0000","호려울마을1단지(대방노블랜드)","월세","59.9562","202506","25","2,000","90","9","2017","남세종로 503","202508~202708","신규","-","","","아파트"
"12226","세종특별자치시  보람동","779","0779","0000","호려울마을6단지(모아엘가)","전세","84.8457","202506","25","29,000","0","8","2017","보람동로 13","202510~202710","신규","-","","","아파트"
"12227","세종특별자치시  조치원읍 신흥리","393","0393","0000","신흥주공","전세","84.8000","202506","25","14,000","0","5","1999","이화로 5","202507~202707","신규","-","","","아파트"
"12228","세종특별자치시  고운동","1703","1703","0000","이지더원(가락마을4단지)","전세","59.9650","202506","25","17,000","0","16","2014","마음안로 48","-","-","-","","","아파트"
"12229","세종특별자치시  고운동","1729","1729","0000","가락마을1단지(힐데스하임)","전세","111.3034","202506","25","30,000","0","6","2018","마음로 67","202507~202707","신규","-","","","아파트"
"12230","세종특별자치시  고운동","1401","1401","0000","가락마을13단지(대광로제비앙)","월세","59.4650","202506","25","1,000","80","5","2015","마음로 182","202506~202706","신규","-","","","아파트"
"12231","세종특별자치시  고운동","1729","1729","0000","가락마을1단지(힐데스하임)","전세","111.3034","202506","25","30,000","0","6","2018","마음로 67","202507~202707","신규","-","","","아파트"
"12232","세종특별자치시  고운동","1729","1729","0000","가락마을1단지(힐데스하임)","전세","111.3034","202506","25","30,000","0","6","2018","마음로 67","-","-","-","","","아파트"
"12233","세종특별자치시  고운동","1703","1703","0000","이지더원(가락마을4단지)","전세","79.5988","202506","25","20,000","0","7","2014","마음안로 48","202508~202708","신규","-","","","아파트"
"12234","세종특별자치시  고운동","1703","1703","0000","이지더원(가락마을4단지)","전세","79.5988","202506","25","20,000","0","7","2014","마음안로 48","202508~202708","신규","-","","","아파트"
"12235","세종특별자치시  고운동","1703","1703","0000","이지더원(가락마을4단지)","전세","59.9650","202506","25","17,000","0","16","2014","마음안로 48","202508~202708","신규","-","","","아파트"
"12236","세종특별자치시  대평동","700","0700","0000","해들마을5단지","월세","59.9200","202506","25","3,000","70","9","2019","대평로 56","202507~202706","신규","-","","","아파트"
"12237","세종특별자치시  대평동","704","0704","0000","해들마을4단지","전세","109.8712","202506","25","31,000","0","14","2018","대평로 34","202506~202706","신규","-","","","아파트"
"12238","세종특별자치시  대평동","704","0704","0000","해들마을4단지","전세","109.8712","202506","25","31,000","0","14","2018","대평로 34","202506~202706","신규","-","","","아파트"
"12239","세종특별자치시  소담동","598","0598","0000","새샘마을5단지(한양수자인엘시티)","월세","59.4544","202506","25","2,000","80","10","2017","남세종로 301","202507~202707","신규","-","","","아파트"
"12240","세종특별자치시  소담동","550","0550","0000","새샘마을3단지(모아미래도리버시티)","월세","84.9989","202506","25","3,000","100","7","2016","시청대로 236","202507~202707","신규","-","","","아파트"
"12241","세종특별자치시  소담동","550","0550","0000","새샘마을3단지(모아미래도리버시티)","월세","84.9989","202506","25","3,000","100","7","2016","시청대로 236","202507~202707","신규","-","","","아파트"
"12242","세종특별자치시  아름동","1339","1339","0000","범지기마을1단지(한양수자인에듀센텀)","전세","84.9140","202506","25","26,000","0","7","2015","절재로 13","202508~202708","신규","-","","","아파트"
"12243","세종특별자치시  아름동","1357","1357","0000","범지기마을6단지(세종상록어울림)","월세","84.9830","202506","25","11,154","16","1","2014","달빛로 135","202507~202707","신규","-","","","아파트"
"12244","세종특별자치시  아름동","1279","1279","0000","푸르지오(8단지)","전세","84.9238","202506","25","23,000","0","5","2013","달빛로 165","202509~202709","갱신","사용","22,000","0","아파트"
"12245","세종특별자치시  한솔동","976","0976","0000","첫마을7단지(래미안)","전세","114.6100","202506","25","23,000","0","5","2012","나리로 38","202506~202706","신규","-","","","아파트"
"12246","세종특별자치시  도담동","627","0627","0000","엘가에코힐(도램마을5단지)","월세","59.8808","202506","25","2,000","80","11","2015","다솜1로 220","202507~202709","신규","-","","","아파트"
"12247","세종특별자치시  나성동","737","0737","0000","포레뷰투도시형생활주택","월세","28.2095","202506","25","300","65","8","2017","한누리대로 291","202507~202607","신규","-","","","아파트"
"12248","세종특별자치시  나성동","833","0833","0000","나릿재마을3단지","전세","84.6579","202506","25","33,000","0","9","2021","국세청로 45","202506~202706","갱신","사용","33,000","0","아파트"
"12249","세종특별자치시  나성동","831","0831","0000","나릿재마을4단지","전세","95.5620","202506","25","34,000","0","23","2021","나성북로 47","202507~202707","신규","-","","","아파트"
"12250","세종특별자치시  나성동","853","0853","0000","나릿재마을2단지","월세","84.6868","202506","25","30,000","20","17","2021","중앙공원서로 10","202508~202708","신규","-","","","아파트"
"12251","세종특별자치시  조치원읍 원리","141-53","0141","0053","조치원역행복주택","월세","44.3800","202506","25","4,992","7","7","2025","충현로 154","202505~202707","갱신","-","3,492","16","아파트"
"12252","세종특별자치시  나성동","730","0730","0000","에스알파크시티","월세","23.0900","202506","25","300","46","6","2017","한누리대로 321","202506~202606","신규","-","","","아파트"
"12253","세종특별자치시  연동면 명학리","255","0255","0000","세종청정아파트","월세","59.8580","202506","25","1,000","55","1","2001","태산로 58","202507~202607","신규","-","","","아파트"
"12254","세종특별자치시  연동면 명학리","255","0255","0000","세종청정아파트","월세","59.8580","202506","25","1,000","55","1","2001","태산로 58","202507~202607","신규","-","","","아파트"
"12255","세종특별자치시  반곡동","858","0858","0000","수루배마을8단지","월세","26.2500","202506","25","1,585","11","20","2023","시청대로 546","202311~202601","갱신","-","1,385","12","아파트"
"12256","세종특별자치시  반곡동","851","0851","0000","수루배마을1단지","전세","98.6800","202506","25","26,000","0","9","2019","반곡로 14","202506~202706","신규","-","","","아파트"
"12257","세종특별자치시  나성동","853","0853","0000","나릿재마을2단지","전세","99.2433","202506","24","39,000","0","18","2021","중앙공원서로 10","202510~202703","갱신","사용","39,000","0","아파트"
"12258","세종특별자치시  조치원읍 서창리","177-22","0177","0022","호연빌리지","월세","22.9400","202506","24","50","60","2","2014","내창3길 20","202507~202606","신규","-","","","아파트"
"12259","세종특별자치시  금남면 용포리","320","0320","0000","두진리버빌","월세","43.0080","202506","24","500","55","4","2000","용포2길 70","202508~202708","신규","-","","","아파트"
"12260","세종특별자치시  소담동","586","0586","0000","새샘마을6단지(한신더휴펜타힐스)","전세","75.9000","202506","24","19,000","0","11","2017","남세종로 302","202508~202708","신규","-","","","아파트"
"12261","세종특별자치시  소담동","586","0586","0000","새샘마을6단지(한신더휴펜타힐스)","전세","59.9500","202506","24","20,000","0","24","2017","남세종로 302","202507~202707","신규","-","","","아파트"
"12262","세종특별자치시  나성동","831","0831","0000","나릿재마을4단지","전세","95.5620","202506","24","30,000","0","34","2021","나성북로 47","202508~202708","신규","-","","","아파트"
"12263","세종특별자치시  조치원읍 신안리","244-1","0244","0001","조형","월세","39.9700","202506","24","500","35","3","1991","운주산로 60","202507~202707","신규","-","","","아파트"
"12264","세종특별자치시  고운동","1386","1386","0000","가락마을17단지(골드클래스)","월세","59.9159","202506","24","1,000","70","10","2015","마음안1로 167","202506~202706","갱신","사용","1,000","70","아파트"
"12265","세종특별자치시  고운동","1708","1708","0000","가락마을3단지(호반베르디움)","전세","59.8652","202506","24","15,500","0","5","2014","마음안로 47","202311~202511","갱신","-","15,500","0","아파트"
"12266","세종특별자치시  조치원읍 번암리","66-23","0066","0023","리치빌1차임대아파트","전세","55.9035","202506","24","10,000","0","9","2015","군청로 28","202507~202707","신규","-","","","아파트"
"12267","세종특별자치시  조치원읍 번암리","75-2","0075","0002","번암주공","전세","39.3000","202506","24","4,000","0","3","1989","군청로 23","202507~202707","신규","-","","","아파트"
"12268","세종특별자치시  반곡동","852","0852","0000","수루배마을3단지","전세","84.6291","202506","24","21,000","0","6","2019","반곡로 15","202507~202707","갱신","사용","20,500","0","아파트"
"12269","세종특별자치시  반곡동","852","0852","0000","수루배마을3단지","전세","102.6287","202506","24","25,000","0","2","2019","반곡로 15","202508~202808","신규","-","","","아파트"
"12270","세종특별자치시  연동면 명학리","255","0255","0000","세종청정아파트","월세","31.7580","202506","24","500","35","7","2001","태산로 58","202507~202607","신규","-","","","아파트"
"12271","세종특별자치시  연동면 명학리","255","0255","0000","세종청정아파트","월세","31.7580","202506","24","500","35","7","2001","태산로 58","202507~202607","신규","-","","","아파트"
"12272","세종특별자치시  나성동","853","0853","0000","나릿재마을2단지","전세","99.2433","202506","24","39,000","0","18","2021","중앙공원서로 10","202510~202710","갱신","사용","39,000","0","아파트"
"12273","세종특별자치시  아름동","1284","1284","0000","범지기마을7단지 호반에코시티","전세","84.9276","202506","24","19,000","0","9","2014","달빛1로 158","202506~202706","신규","-","","","아파트"
"12274","세종특별자치시  아름동","1279","1279","0000","푸르지오(8단지)","전세","84.9238","202506","24","19,000","0","4","2013","달빛로 165","202506~202611","신규","-","","","아파트"
"12275","세종특별자치시  아름동","1353","1353","0000","범지기마을5단지(세종상록어울림)","월세","46.3840","202506","24","8,720","7","15","2014","달빛1로 122","202507~202707","신규","-","","","아파트"
"12276","세종특별자치시  아름동","1356","1356","0000","범지기마을 4단지","전세","84.8568","202506","24","23,000","0","20","2014","달빛로 109","202507~202707","신규","-","","","아파트"
"12277","세종특별자치시  도담동","632","0632","0000","중흥 그린카운티(13단지)","월세","59.1132","202506","24","10,000","40","20","2014","보람로 95","202507~202707","신규","-","","","아파트"
"12278","세종특별자치시  도담동","632","0632","0000","중흥 그린카운티(13단지)","월세","59.1132","202506","24","10,000","40","20","2014","보람로 95","202507~202707","신규","-","","","아파트"
"12279","세종특별자치시  반곡동","851","0851","0000","수루배마을1단지","월세","98.8020","202506","24","5,000","130","13","2019","반곡로 14","202509~202709","신규","-","","","아파트"
"12280","세종특별자치시  반곡동","852","0852","0000","수루배마을3단지","전세","84.6291","202506","24","24,000","0","7","2019","반곡로 15","202507~202707","갱신","사용","23,000","0","아파트"
"12281","세종특별자치시  나성동","738","0738","0000","세종포레뷰원","월세","25.6100","202506","24","500","80","5","2016","한누리대로 287","202507~202606","신규","-","","","아파트"
"12282","세종특별자치시  소담동","598","0598","0000","새샘마을5단지(한양수자인엘시티)","월세","84.6347","202506","24","3,000","85","7","2017","남세종로 301","202507~202707","갱신","사용","3,000","100","아파트"
"12283","세종특별자치시  한솔동","971","0971","0000","첫마을5단지(푸르지오)","월세","84.6200","202506","24","2,000","90","9","2012","누리로 59","202507~202707","신규","-","","","아파트"
"12284","세종특별자치시  한솔동","976","0976","0000","첫마을7단지(래미안)","전세","59.1000","202506","24","15,000","0","11","2012","나리로 38","202507~202707","갱신","-","14,000","0","아파트"
"12285","세종특별자치시  어진동","548","0548","0000","세종리슈빌S","월세","19.3525","202506","24","0","80","4","2014","한누리대로 496","202507~202607","신규","-","","","아파트"
"12286","세종특별자치시  어진동","664","0664","0000","모닝시티","월세","24.1152","202506","24","500","70","6","2015","가름로 170-14","202507~202607","신규","-","","","아파트"
"12287","세종특별자치시  어진동","548","0548","0000","세종리슈빌S","월세","18.0325","202506","24","500","55","17","2014","한누리대로 496","202507~202606","신규","-","","","아파트"
"12288","세종특별자치시  어진동","548","0548","0000","세종리슈빌S","월세","19.3525","202506","24","100","60","16","2014","한누리대로 496","202506~202606","신규","-","","","아파트"
"12289","세종특별자치시  어진동","664","0664","0000","모닝시티","월세","23.4552","202506","24","300","53","3","2015","가름로 170-14","202506~202601","신규","-","","","아파트"
"12290","세종특별자치시  어진동","682","0682","0000","한뜰마을5단지(세종린스트라우스)","전세","84.9503","202506","24","32,000","0","12","2022","다솜로 7","202508~202708","신규","-","","","아파트"
"12291","세종특별자치시  집현동","1187","1187","0000","새나루마을4단지","전세","84.9200","202506","24","27,000","0","4","2021","집현서로 57","202508~202708","신규","-","","","아파트"
"12292","세종특별자치시  새롬동","599","0599","0000","새뜸마을2단지(메이저시티)","전세","59.9602","202506","24","23,000","0","2","2017","새롬남로 17","202507~202707","신규","-","","","아파트"
"12293","세종특별자치시  새롬동","607","0607","0000","새뜸마을8단지","월세","36.5700","202506","24","4,018","9","15","2018","새롬중앙로 20","202405~202604","갱신","-","1,518","22","아파트"
"12294","세종특별자치시  새롬동","556","0556","0000","새뜸마을7단지(투머로우시티)","월세","59.8700","202506","24","2,000","70","1","2017","새롬중앙로 89","202507~202707","신규","-","","","아파트"
"12295","세종특별자치시  다정동","926","0926","0000","가온마을12단지","전세","84.9675","202506","24","30,000","0","5","2018","다정남로 123","202507~202707","신규","-","","","아파트"
"12296","세종특별자치시  다정동","916","0916","0000","가온마을3단지","전세","75.5531","202506","24","25,000","0","9","2018","다정북로 109","202507~202707","신규","-","","","아파트"
"12297","세종특별자치시  다정동","965","0965","0000","가온마을7단지","월세","46.0100","202506","24","6,155","12","12","2020","다정중앙로 20","202410~202609","갱신","-","3,055","27","아파트"
"12298","세종특별자치시  해밀동","635","0635","0000","해밀마을2단지","월세","84.9500","202506","24","3,000","100","9","2020","해밀3로 90","202508~202708","신규","-","","","아파트"
"12299","세종특별자치시  해밀동","635","0635","0000","해밀마을2단지","월세","84.9500","202506","24","3,000","100","9","2020","해밀3로 90","202508~202708","신규","-","","","아파트"
"12300","세종특별자치시  종촌동","697","0697","0000","가재마을9단지","월세","84.9240","202506","24","2,000","90","13","2014","도움1로 55","202507~202707","신규","-","","","아파트"
"12301","세종특별자치시  종촌동","690","0690","0000","가재마을5단지","전세","59.9474","202506","24","19,500","0","5","2014","도움1로 105","202508~202708","신규","-","","","아파트"
"12302","세종특별자치시  종촌동","654","0654","0000","가재마을11단지","전세","59.6144","202506","24","19,000","0","4","2013","도움3로 75","202509~202709","신규","-","","","아파트"
"12303","세종특별자치시  어진동","664","0664","0000","모닝시티","월세","21.7133","202506","24","500","60","5","2015","가름로 170-14","202507~202607","신규","-","","","아파트"
"12304","세종특별자치시  어진동","682","0682","0000","한뜰마을5단지(세종린스트라우스)","전세","84.9503","202506","24","32,000","0","12","2022","다솜로 7","202508~202708","신규","-","","","아파트"
"12305","세종특별자치시  새롬동","614","0614","0000","새뜸마을12단지(금성백조예미지)","전세","59.9283","202506","23","25,000","0","8","2017","새롬남로 102","202507~202707","신규","-","","","아파트"
"12306","세종특별자치시  새롬동","614","0614","0000","새뜸마을12단지(금성백조예미지)","전세","59.9283","202506","23","25,000","0","8","2017","새롬남로 102","-","-","-","","","아파트"
"12307","세종특별자치시  다정동","953","0953","0000","가온마을2단지","월세","98.7065","202506","23","2,000","130","11","2018","다정북로 110","202506~202604","갱신","-","3,000","110","아파트"
"12308","세종특별자치시  다정동","964","0964","0000","가온마을4단지","월세","59.9900","202506","23","2,000","80","6","2019","다정중앙로 19","202508~202708","신규","-","","","아파트"
"12309","세종특별자치시  다정동","916","0916","0000","가온마을3단지","월세","84.9020","202506","23","2,000","100","21","2018","다정북로 109","202506~202706","신규","-","","","아파트"
"12310","세종특별자치시  다정동","953","0953","0000","가온마을2단지","월세","98.7065","202506","23","2,500","120","11","2018","다정북로 110","202506~202604","갱신","-","3,000","110","아파트"
"12311","세종특별자치시  종촌동","692","0692","0000","가재마을8단지","전세","84.2960","202506","23","20,000","0","8","2015","달빛로 16","202507~202707","신규","-","","","아파트"
"12312","세종특별자치시  종촌동","654","0654","0000","가재마을11단지","월세","84.8154","202506","23","3,000","83","15","2013","도움3로 75","202508~202701","신규","-","","","아파트"
"12313","세종특별자치시  종촌동","640","0640","0000","가재마을4단지(센트레빌)","월세","84.9400","202506","23","4,000","75","16","2015","도움3로 160","202507~202707","신규","-","","","아파트"
"12314","세종특별자치시  산울동","152-1","0152","0001","세종리첸시아파밀리에H2블록(산울마을7단지)","월세","90.2246","202506","23","1,500","100","8","2024","산울7로 11","202509~202709","신규","-","","","아파트"
"12315","세종특별자치시  어진동","520","0520","0000","한뜰마을4단지(한신더휴리저브2)","월세","84.8486","202506","23","5,000","110","21","2022","다솜1로 9","202508~202708","신규","-","","","아파트"
"12316","세종특별자치시  어진동","554","0554","0000","한뜰마을1단지(상록데시앙)","월세","59.9290","202506","23","9,327","8","17","2013","갈매로 479","202509~202709","갱신","-","8,883","8","아파트"
"12317","세종특별자치시  어진동","664","0664","0000","모닝시티","월세","23.4552","202506","23","300","54","3","2015","가름로 170-14","202506~202606","신규","-","","","아파트"
"12318","세종특별자치시  집현동","1181","1181","0000","새나루마을11단지세종어울림파밀리에센트럴","월세","84.7600","202506","23","3,000","100","15","2021","집현서2로 84","202507~202707","신규","-","","","아파트"
"12319","세종특별자치시  새롬동","605","0605","0000","새뜸마을5단지(메이저시티)","월세","59.9539","202506","23","2,000","90","12","2017","새롬중앙로 19","202508~202708","갱신","사용","2,000","85","아파트"
"12320","세종특별자치시  새롬동","556","0556","0000","새뜸마을7단지(투머로우시티)","월세","59.8700","202506","23","1,000","80","5","2017","새롬중앙로 89","202507~202607","신규","-","","","아파트"
"12321","세종특별자치시  새롬동","605","0605","0000","새뜸마을5단지(메이저시티)","전세","59.9602","202506","23","21,000","0","16","2017","새롬중앙로 19","202507~202707","갱신","사용","20,000","0","아파트"
"12322","세종특별자치시  새롬동","605","0605","0000","새뜸마을5단지(메이저시티)","전세","59.9602","202506","23","21,000","0","16","2017","새롬중앙로 19","-","-","-","","","아파트"
"12323","세종특별자치시  아름동","1353","1353","0000","범지기마을5단지(세종상록어울림)","전세","46.3840","202506","23","10,901","0","3","2014","달빛1로 122","202507~202707","신규","-","","","아파트"
"12324","세종특별자치시  아름동","1356","1356","0000","범지기마을 4단지","전세","84.8568","202506","23","22,000","0","25","2014","달빛로 109","202507~202707","갱신","사용","21,000","0","아파트"
"12325","세종특별자치시  고운동","1728","1728","0000","가락마을6단지(중흥S클래스프라디움)","전세","59.6866","202506","23","17,500","0","6","2015","마음로 14","202507~202707","신규","-","","","아파트"
"12326","세종특별자치시  소담동","597","0597","0000","새샘마을1단지","전세","125.8531","202506","23","38,500","0","11","2018","남세종로 357","202310~202510","신규","-","","","아파트"
"12327","세종특별자치시  소담동","594","0594","0000","새샘마을2단지(한양수자인)","전세","59.9991","202506","23","21,000","0","12","2016","남세종로 358","202507~202707","신규","-","","","아파트"
"12328","세종특별자치시  나성동","831","0831","0000","나릿재마을4단지","월세","95.5620","202506","23","5,000","130","21","2021","나성북로 47","202508~202708","신규","-","","","아파트"
"12329","세종특별자치시  나성동","712","0712","0000","세종퍼스트타워","월세","26.4870","202506","23","500","55","4","2013","한누리대로 211","202506~202511","신규","-","","","아파트"
"12330","세종특별자치시  나성동","727","0727","0000","SR파크센텀","월세","23.4973","202506","23","500","60","6","2019","한누리대로 331","202507~202612","신규","-","","","아파트"
"12331","세종특별자치시  조치원읍 신안리","542","0542","0000","세종e편한세상","월세","125.7081","202506","23","2,000","85","18","2013","섭골길 59","202507~202707","신규","-","","","아파트"
"12332","세종특별자치시  도담동","855","0855","0000","도램마을9단지(제일풍경채)","월세","95.8044","202506","23","3,000","120","24","2015","보람로 15","202507~202707","갱신","사용","3,000","120","아파트"
"12333","세종특별자치시  도담동","685","0685","0000","도램마을2단지(웅진스타클래스)","월세","44.9900","202506","23","2,000","70","3","2014","다솜1로 164","202506~202706","신규","-","","","아파트"
"12334","세종특별자치시  도담동","627","0627","0000","엘가에코힐(도램마을5단지)","전세","59.9973","202506","23","20,000","0","16","2015","다솜1로 220","202508~202708","신규","-","","","아파트"
"12335","세종특별자치시  보람동","777","0777","0000","호려울마을8단지(중흥에코시티)","월세","84.9895","202506","23","3,000","95","20","2017","보람동로 14","-","-","-","","","아파트"
"12336","세종특별자치시  반곡동","1035","1035","0000","수루배마을6단지","전세","72.5900","202506","23","21,000","0","2","2019","시청대로 598","202507~202707","갱신","사용","20,000","0","아파트"
"12337","세종특별자치시  반곡동","899","0899","0000","수루배마을5단지","월세","59.8970","202506","23","2,000","80","10","2018","반곡2길 9","202507~202707","신규","-","","","아파트"
"12338","세종특별자치시  나성동","732","0732","0000","세종모닝시티2차","월세","25.8449","202506","23","500","75","3","2016","한누리대로 311","202507~202606","신규","-","","","아파트"
"12339","세종특별자치시  나성동","831","0831","0000","나릿재마을4단지","월세","84.5520","202506","23","10,000","110","6","2021","나성북로 47","202509~202802","신규","-","","","아파트"
"12340","세종특별자치시  반곡동","851","0851","0000","수루배마을1단지","전세","96.8110","202506","23","28,000","0","25","2019","반곡로 14","202508~202708","신규","-","","","아파트"
"12341","세종특별자치시  나성동","712","0712","0000","세종퍼스트타워","월세","28.4520","202506","23","500","50","4","2013","한누리대로 211","202506~202706","신규","-","","","아파트"
"12342","세종특별자치시  나성동","853","0853","0000","나릿재마을2단지","전세","99.2408","202506","23","46,000","0","24","2021","중앙공원서로 10","202508~202708","신규","-","","","아파트"
"12343","세종특별자치시  반곡동","899","0899","0000","수루배마을5단지","월세","59.8970","202506","23","2,000","80","10","2018","반곡2길 9","202507~202707","신규","-","","","아파트"
"12344","세종특별자치시  조치원읍 교리","12-1","0012","0001","목화","월세","59.9000","202506","23","1,000","60","4","1994","새내17길 7","202507~202707","신규","-","","","아파트"
"12345","세종특별자치시  금남면 용포리","320","0320","0000","두진리버빌","월세","43.0080","202506","23","500","55","9","2000","용포2길 70","202507~202707","신규","-","","","아파트"
"12346","세종특별자치시  고운동","1409","1409","0000","가락마을11단지(중흥에듀카운티)","전세","84.9837","202506","23","20,000","0","21","2016","마음로 152","202508~202708","신규","-","","","아파트"
"12347","세종특별자치시  고운동","2111","2111","0000","가락마을19단지","전세","105.6138","202506","23","25,500","0","13","2019","밝은뜰로 15","202507~202707","신규","-","","","아파트"
"12348","세종특별자치시  고운동","1386","1386","0000","가락마을17단지(골드클래스)","전세","59.9159","202506","23","12,154","0","2","2015","마음안1로 167","-","-","-","","","아파트"
"12349","세종특별자치시  조치원읍 교리","12-1","0012","0001","목화","월세","59.9000","202506","23","1,000","60","4","1994","새내17길 7","202507~202707","신규","-","","","아파트"
"12350","세종특별자치시  아름동","1297","1297","0000","범지기마을3단지(중흥에듀하이)","전세","96.1416","202506","23","22,000","0","23","2015","달빛1로 201","202506~202706","신규","-","","","아파트"
"12351","세종특별자치시  아름동","1339","1339","0000","범지기마을1단지(한양수자인에듀센텀)","월세","59.9789","202506","23","2,000","80","15","2015","절재로 13","202506~202708","신규","-","","","아파트"
"12352","세종특별자치시  아름동","1353","1353","0000","범지기마을5단지(세종상록어울림)","전세","46.3840","202506","23","10,901","0","9","2014","달빛1로 122","202507~202707","신규","-","","","아파트"
"12353","세종특별자치시  보람동","730","0730","0000","호려울마을3단지","전세","84.3880","202506","22","30,000","0","8","2019","시청대로 78","202506~202706","갱신","-","24,000","0","아파트"
"12354","세종특별자치시  도담동","845","0845","0000","도램마을1단지(웅진스타클래스)","월세","84.9800","202506","22","10,000","50","2","2014","다솜1로 140","202508~202708","신규","-","","","아파트"
"12355","세종특별자치시  반곡동","1035","1035","0000","수루배마을6단지","전세","59.9000","202506","22","20,000","0","4","2019","시청대로 598","202507~202707","신규","-","","","아파트"
"12356","세종특별자치시  소담동","586","0586","0000","새샘마을6단지(한신더휴펜타힐스)","월세","59.5000","202506","22","2,000","80","6","2017","남세종로 302","202507~202707","신규","-","","","아파트"
"12357","세종특별자치시  나성동","737","0737","0000","포레뷰투도시형생활주택","월세","28.2095","202506","22","500","63","4","2017","한누리대로 291","202507~202607","신규","-","","","아파트"
"12358","세종특별자치시  금남면 용포리","263","0263","0000","신성연기미소지움","월세","84.8809","202506","22","1,000","67","4","2007","용포2길 57-15","202507~202707","신규","-","","","아파트"
"12359","세종특별자치시  대평동","668","0668","0000","해들마을6단지","전세","99.0725","202506","22","33,000","0","10","2018","대평로 80","202508~202708","신규","-","","","아파트"
"12360","세종특별자치시  종촌동","690","0690","0000","가재마을5단지","전세","59.9474","202506","22","20,000","0","6","2014","도움1로 105","202506~202706","신규","-","","","아파트"
"12361","세종특별자치시  종촌동","640","0640","0000","가재마을4단지(센트레빌)","전세","74.9800","202506","22","16,204","0","15","2015","도움3로 160","202507~202707","갱신","-","15,433","0","아파트"
"12362","세종특별자치시  종촌동","640","0640","0000","가재마을4단지(센트레빌)","전세","74.9800","202506","22","19,000","0","8","2015","도움3로 160","202507~202707","신규","-","","","아파트"
"12363","세종특별자치시  어진동","682","0682","0000","한뜰마을5단지(세종린스트라우스)","월세","84.9967","202506","22","7,000","100","13","2022","다솜로 7","-","-","-","","","아파트"
"12364","세종특별자치시  다정동","926","0926","0000","가온마을12단지","전세","84.9675","202506","22","30,000","0","11","2018","다정남로 123","202506~202707","갱신","사용","29,000","0","아파트"
"12365","세종특별자치시  집현동","1192","1192","0000","새나루마을9단지세종어울림파밀리에센트럴","월세","59.9300","202506","22","3,000","80","13","2021","시청대로 642","202507~202707","신규","-","","","아파트"
"12366","세종특별자치시  어진동","603","0603","0000","더샵센트럴시티","전세","84.7300","202506","22","26,000","0","17","2013","갈매로 480","202508~202708","갱신","-","23,000","0","아파트"
"12367","세종특별자치시  어진동","682","0682","0000","한뜰마을5단지(세종린스트라우스)","월세","84.9967","202506","22","7,000","100","13","2022","다솜로 7","202508~202708","신규","-","","","아파트"
"12368","세종특별자치시  어진동","554","0554","0000","한뜰마을1단지(상록데시앙)","월세","59.9290","202506","22","3,231","43","8","2013","갈매로 479","202507~202707","신규","-","","","아파트"
"12369","세종특별자치시  종촌동","640","0640","0000","가재마을4단지(센트레빌)","월세","84.9900","202506","21","10,000","45","3","2015","도움3로 160","202508~202708","신규","-","","","아파트"
"12370","세종특별자치시  새롬동","558","0558","0000","새뜸마을10단지(더샵힐스테이트)","전세","59.9331","202506","21","25,000","0","4","2017","새롬중앙로 90","202508~202708","신규","-","","","아파트"
"12371","세종특별자치시  산울동","152-1","0152","0001","세종리첸시아파밀리에H2블록(산울마을7단지)","월세","84.2574","202506","21","5,000","90","20","2024","산울7로 11","-","-","-","","","아파트"
"12372","세종특별자치시  산울동","259","0259","0000","산울마을2단지(세종자이더시티)","월세","101.4205","202506","21","4,000","120","2","2024","산울3로 45","202508~202708","신규","-","","","아파트"
"12373","세종특별자치시  산울동","산7","0007","0000","산울마을8단지엘리프세종6-3","월세","46.9500","202506","21","2,000","85","5","2025","산울7로 10","202506~202706","신규","-","","","아파트"
"12374","세종특별자치시  산울동","산7","0007","0000","산울마을8단지엘리프세종6-3","월세","46.9500","202506","21","2,000","85","2","2025","산울7로 10","202506~202706","신규","-","","","아파트"
"12375","세종특별자치시  산울동","259","0259","0000","산울마을2단지(세종자이더시티)","월세","101.4205","202506","21","4,000","120","2","2024","산울3로 45","202508~202708","신규","-","","","아파트"
"12376","세종특별자치시  해밀동","649","0649","0000","해밀마을1단지","월세","59.4000","202506","21","2,000","85","10","2020","해밀3로 32","202507~202707","신규","-","","","아파트"
"12377","세종특별자치시  해밀동","635","0635","0000","해밀마을2단지","월세","84.9500","202506","21","3,000","100","1","2020","해밀3로 90","202508~202708","신규","-","","","아파트"
"12378","세종특별자치시  다정동","960","0960","0000","가온마을1단지(힐스테이트)","전세","84.9576","202506","21","26,000","0","6","2018","다정남로 22","202507~202707","신규","-","","","아파트"
"12379","세종특별자치시  다정동","960","0960","0000","가온마을1단지(힐스테이트)","전세","59.9843","202506","21","17,500","0","8","2018","다정남로 22","202507~202707","갱신","-","16,500","0","아파트"
"12380","세종특별자치시  다정동","916","0916","0000","가온마을3단지","전세","97.5713","202506","21","27,000","0","2","2018","다정북로 109","202508~202708","신규","-","","","아파트"
"12381","세종특별자치시  다정동","960","0960","0000","가온마을1단지(힐스테이트)","전세","59.9843","202506","21","17,500","0","8","2018","다정남로 22","202507~202708","갱신","-","16,500","0","아파트"
"12382","세종특별자치시  다정동","916","0916","0000","가온마을3단지","전세","97.5713","202506","21","27,000","0","2","2018","다정북로 109","202508~202708","신규","-","","","아파트"
"12383","세종특별자치시  종촌동","654","0654","0000","가재마을11단지","전세","59.9316","202506","21","12,000","0","4","2013","도움3로 75","202506~202706","갱신","사용","12,000","0","아파트"
"12384","세종특별자치시  종촌동","690","0690","0000","가재마을5단지","전세","59.9474","202506","21","20,500","0","23","2014","도움1로 105","202508~202708","신규","-","","","아파트"
"12385","세종특별자치시  종촌동","640","0640","0000","가재마을4단지(센트레빌)","전세","84.9500","202506","21","21,000","0","15","2015","도움3로 160","202507~202707","신규","-","","","아파트"
"12386","세종특별자치시  어진동","603","0603","0000","더샵센트럴시티","전세","59.8200","202506","21","25,000","0","19","2013","갈매로 480","202506~202606","신규","-","","","아파트"
"12387","세종특별자치시  집현동","1191","1191","0000","새나루마을2단지세종하늘채센트레빌","전세","59.8600","202506","21","21,000","0","16","2021","집현서로 15","202508~202708","신규","-","","","아파트"
"12388","세종특별자치시  새롬동","614","0614","0000","새뜸마을12단지(금성백조예미지)","전세","59.9283","202506","21","24,000","0","8","2017","새롬남로 102","202507~202707","신규","-","","","아파트"
"12389","세종특별자치시  새롬동","556","0556","0000","새뜸마을7단지(투머로우시티)","월세","59.8700","202506","21","2,000","80","5","2017","새롬중앙로 89","202508~202708","신규","-","","","아파트"
"12390","세종특별자치시  종촌동","649","0649","0000","가재마을7단지(중흥S클래스센터파크1차)","월세","84.9911","202506","21","2,200","89","24","2014","달빛로 77","202508~202708","갱신","사용","2,200","85","아파트"
"12391","세종특별자치시  도담동","666","0666","0000","라온프라이빗시티 Ⅱ","월세","21.2700","202506","21","500","45","4","2014","보듬3로 6","202506~202606","신규","-","","","아파트"
"12392","세종특별자치시  조치원읍 신흥리","399","0399","0000","조치원신흥e편한세상(아)","전세","84.9740","202506","21","18,000","0","10","2008","이화1로 15","202508~202708","신규","-","","","아파트"
"12393","세종특별자치시  금남면 용포리","263","0263","0000","신성연기미소지움","전세","84.8809","202506","21","14,000","0","5","2007","용포2길 57-15","202506~202706","신규","-","","","아파트"
"12394","세종특별자치시  금남면 용포리","320","0320","0000","두진리버빌","월세","43.0080","202506","21","500","47","9","2000","용포2길 70","202506~202706","신규","-","","","아파트"
"12395","세종특별자치시  금남면 용포리","320","0320","0000","두진리버빌","월세","43.0080","202506","21","500","50","2","2000","용포2길 70","202506~202706","신규","-","","","아파트"
"12396","세종특별자치시  금남면 용포리","320","0320","0000","두진리버빌","월세","43.0080","202506","21","500","55","2","2000","용포2길 70","202506~202706","신규","-","","","아파트"
"12397","세종특별자치시  도담동","859","0859","0000","현대힐스테이트(도램마을15단지)","월세","84.9408","202506","21","5,000","62","9","2014","보듬2로 43","202507~202607","갱신","-","5,000","59","아파트"
"12398","세종특별자치시  반곡동","851","0851","0000","수루배마을1단지","전세","96.8110","202506","21","32,000","0","12","2019","반곡로 14","202509~202709","신규","-","","","아파트"
"12399","세종특별자치시  대평동","707","0707","0000","해들마을1단지","전세","84.9429","202506","21","22,000","0","2","2018","대평1길 27","202507~202707","갱신","-","3,500","90","아파트"
"12400","세종특별자치시  대평동","705","0705","0000","해들마을3단지","전세","79.8036","202506","21","20,500","0","10","2017","대평1길 38","202508~202708","갱신","-","19,500","0","아파트"
"12401","세종특별자치시  보람동","777","0777","0000","호려울마을8단지(중흥에코시티)","월세","98.9982","202506","21","3,000","100","12","2017","보람동로 14","202509~202709","신규","-","","","아파트"
"12402","세종특별자치시  고운동","1408","1408","0000","가락마을9단지(신동아 파밀리에)","전세","59.9718","202506","21","16,500","0","13","2015","마음로 151","202507~202707","갱신","사용","16,000","0","아파트"
"12403","세종특별자치시  고운동","1408","1408","0000","가락마을9단지(신동아 파밀리에)","월세","59.9718","202506","21","2,000","70","15","2015","마음로 151","202507~202707","신규","-","","","아파트"
"12404","세종특별자치시  고운동","1393","1393","0000","가락마을15단지(중흥파크뷰)","월세","59.9917","202506","21","5,000","50","3","2015","마음안로 190","202507~202707","신규","-","","","아파트"
"12405","세종특별자치시  한솔동","976","0976","0000","첫마을7단지(래미안)","월세","114.6100","202506","21","3,000","75","6","2012","나리로 38","202506~202701","신규","-","","","아파트"
"12406","세종특별자치시  아름동","1277","1277","0000","대우푸르지오(10단지)","월세","84.9539","202506","21","1,000","45","16","2014","달빛로 211","202508~202705","신규","-","","","아파트"
"12407","세종특별자치시  아름동","1282","1282","0000","한신엘리트파크(범지기9단지)","전세","99.9834","202506","21","20,000","0","2","2015","달빛1로 206","202507~202707","신규","-","","","아파트"
"12408","세종특별자치시  아름동","1339","1339","0000","범지기마을1단지(한양수자인에듀센텀)","전세","59.9789","202506","21","19,000","0","11","2015","절재로 13","202507~202702","신규","-","","","아파트"
"12409","세종특별자치시  대평동","707","0707","0000","해들마을1단지","전세","84.9429","202506","21","22,000","0","2","2018","대평1길 27","202507~202707","갱신","-","3,500","90","아파트"
"12410","세종특별자치시  대평동","706","0706","0000","해들마을2단지","전세","84.6600","202506","21","26,000","0","11","2018","대평1길 37","202507~202707","신규","-","","","아파트"
"12411","세종특별자치시  반곡동","852","0852","0000","수루배마을3단지","전세","84.4377","202506","21","25,200","0","11","2019","반곡로 15","202509~202709","갱신","-","24,000","0","아파트"
"12412","세종특별자치시  반곡동","899","0899","0000","수루배마을5단지","월세","59.8970","202506","21","2,000","80","4","2018","반곡2길 9","202506~202706","신규","-","","","아파트"
"12413","세종특별자치시  소담동","598","0598","0000","새샘마을5단지(한양수자인엘시티)","월세","59.4544","202506","21","2,000","80","2","2017","남세종로 301","202507~202707","신규","-","","","아파트"
"12414","세종특별자치시  소담동","586","0586","0000","새샘마을6단지(한신더휴펜타힐스)","전세","59.9200","202506","21","22,000","0","23","2017","남세종로 302","202508~202708","신규","-","","","아파트"
"12415","세종특별자치시  소담동","586","0586","0000","새샘마을6단지(한신더휴펜타힐스)","전세","84.7500","202506","21","25,000","0","13","2017","남세종로 302","202508~202708","신규","-","","","아파트"
"12416","세종특별자치시  소담동","521","0521","0000","새샘마을9단지(중흥S클래스리버뷰)","전세","84.9779","202506","21","27,000","0","10","2016","국책연구원1로 15","202508~202708","신규","-","","","아파트"
"12417","세종특별자치시  소담동","521","0521","0000","새샘마을9단지(중흥S클래스리버뷰)","전세","109.9244","202506","21","38,850","0","26","2016","국책연구원1로 15","202509~202709","갱신","사용","37,000","0","아파트"
"12418","세종특별자치시  소담동","594","0594","0000","새샘마을2단지(한양수자인)","월세","59.9734","202506","21","8,000","50","14","2016","남세종로 358","202509~202709","신규","-","","","아파트"
"12419","세종특별자치시  대평동","704","0704","0000","해들마을4단지","전세","95.1197","202506","21","27,000","0","1","2018","대평로 34","202508~202708","신규","-","","","아파트"
"12420","세종특별자치시  대평동","668","0668","0000","해들마을6단지","전세","99.1844","202506","21","28,000","0","16","2018","대평로 80","202507~202707","갱신","사용","27,000","0","아파트"
"12421","세종특별자치시  고운동","1393","1393","0000","가락마을15단지(중흥파크뷰)","월세","59.9917","202506","21","2,000","67","3","2015","마음안로 190","202507~202707","신규","-","","","아파트"
"12422","세종특별자치시  반곡동","1035","1035","0000","수루배마을6단지","전세","59.9000","202506","21","18,900","0","11","2019","시청대로 598","202508~202708","신규","-","","","아파트"
"12423","세종특별자치시  반곡동","857","0857","0000","수루배마을4단지(세종더샵예미지)","전세","94.9700","202506","21","26,000","0","8","2019","시청대로 500","202507~202707","갱신","사용","25,000","0","아파트"
"12424","세종특별자치시  반곡동","858","0858","0000","수루배마을8단지","월세","26.2500","202506","21","2,585","5","17","2023","시청대로 546","202310~202601","갱신","-","1,385","12","아파트"
"12425","세종특별자치시  조치원읍 침산리","89","0089","0000","욱일아파트","월세","59.9990","202506","21","1,000","60","11","1999","충현로 159","202507~202707","신규","-","","","아파트"
"12426","세종특별자치시  조치원읍 침산리","89","0089","0000","욱일아파트","전세","59.9990","202506","21","15,000","0","6","1999","충현로 159","202506~202606","갱신","-","15,000","0","아파트"
"12427","세종특별자치시  조치원읍 죽림리","396","0396","0000","조치원죽림자이","전세","84.6641","202506","21","20,000","0","12","2008","도원로 16","202503~202703","갱신","-","20,000","0","아파트"
"12428","세종특별자치시  나성동","764","0764","0000","세종갤러리밸류시티","월세","24.4951","202506","21","300","50","8","2015","한누리대로 288","202507~202601","신규","-","","","아파트"
"12429","세종특별자치시  나성동","748","0748","0000","한스웰시티(CB5-1BL)","월세","24.1200","202506","21","2,000","40","5","2015","한누리대로 237","202507~202607","신규","-","","","아파트"
"12430","세종특별자치시  나성동","738","0738","0000","세종포레뷰원","월세","26.1900","202506","21","500","60","8","2016","한누리대로 287","202507~202512","신규","-","","","아파트"
"12431","세종특별자치시  나성동","827","0827","0000","나릿재마을5단지","전세","99.9109","202506","21","37,000","0","17","2021","나성북1로 23","202508~202707","신규","-","","","아파트"
"12432","세종특별자치시  나성동","732","0732","0000","세종모닝시티2차","전세","23.2849","202506","21","8,700","0","7","2016","한누리대로 311","202506~202706","신규","-","","","아파트"
"12433","세종특별자치시  나성동","831","0831","0000","나릿재마을4단지","전세","84.4420","202506","21","30,000","0","6","2021","나성북로 47","202508~202710","신규","-","","","아파트"
"12434","세종특별자치시  나성동","827","0827","0000","나릿재마을5단지","전세","84.7818","202506","21","29,400","0","9","2021","나성북1로 23","202508~202708","신규","-","","","아파트"
"12435","세종특별자치시  나성동","827","0827","0000","나릿재마을5단지","전세","84.7818","202506","21","32,000","0","13","2021","나성북1로 23","202509~202709","신규","-","","","아파트"
"12436","세종특별자치시  나성동","831","0831","0000","나릿재마을4단지","전세","84.4420","202506","21","30,000","0","6","2021","나성북로 47","202508~202710","신규","-","","","아파트"
"12437","세종특별자치시  나성동","737","0737","0000","포레뷰투도시형생활주택","전세","28.2095","202506","21","10,790","0","5","2017","한누리대로 291","202506~202608","신규","-","","","아파트"
"12438","세종특별자치시  보람동","779","0779","0000","호려울마을6단지(모아엘가)","전세","101.6500","202506","20","36,000","0","9","2017","보람동로 13","202507~202707","신규","-","","","아파트"
"12439","세종특별자치시  도담동","632","0632","0000","중흥 그린카운티(13단지)","전세","59.1132","202506","20","19,000","0","5","2014","보람로 95","-","-","-","","","아파트"
"12440","세종특별자치시  도담동","632","0632","0000","중흥 그린카운티(13단지)","전세","59.1132","202506","20","19,000","0","5","2014","보람로 95","202507~202707","신규","-","","","아파트"
"12441","세종특별자치시  도담동","653","0653","0000","도램마을11단지(반도유보라)","월세","84.9868","202506","20","5,000","85","4","2017","보듬4로 9","202507~202707","신규","-","","","아파트"
"12442","세종특별자치시  도담동","855","0855","0000","도램마을9단지(제일풍경채)","전세","95.8044","202506","20","31,500","0","13","2015","보람로 15","202506~202706","신규","-","","","아파트"
"12443","세종특별자치시  도담동","845","0845","0000","도램마을1단지(웅진스타클래스)","전세","84.9800","202506","20","21,000","0","15","2014","다솜1로 140","202508~202708","신규","-","","","아파트"
"12444","세종특별자치시  도담동","632","0632","0000","중흥 그린카운티(13단지)","전세","59.1132","202506","20","18,000","0","7","2014","보람로 95","202506~202706","갱신","사용","18,000","0","아파트"
"12445","세종특별자치시  고운동","1724","1724","0000","가락마을7단지(중흥S-클래스프라디움)","전세","84.3617","202506","20","20,000","0","1","2015","마음안로 13","202509~202709","갱신","사용","20,000","0","아파트"
"12446","세종특별자치시  반곡동","852","0852","0000","수루배마을3단지","월세","84.6291","202506","20","21,000","4","16","2019","반곡로 15","202507~202707","갱신","사용","21,000","0","아파트"
"12447","세종특별자치시  보람동","779","0779","0000","호려울마을6단지(모아엘가)","월세","101.6902","202506","20","5,000","100","8","2017","보람동로 13","202506~202706","신규","-","","","아파트"
"12448","세종특별자치시  고운동","1401","1401","0000","가락마을13단지(대광로제비앙)","월세","84.6060","202506","20","2,000","85","14","2015","마음로 182","202507~202707","신규","-","","","아파트"
"12449","세종특별자치시  고운동","1411","1411","0000","세종한림풀에버가락마을12단지","전세","103.9753","202506","20","28,000","0","22","2023","마음안로 101","202509~202709","신규","-","","","아파트"
"12450","세종특별자치시  고운동","1731","1731","0000","가락마을2단지","전세","107.1433","202506","20","22,000","0","15","2019","마음로 49","202507~202707","갱신","사용","21,000","0","아파트"
"12451","세종특별자치시  금남면 용포리","263","0263","0000","신성연기미소지움","월세","84.8809","202506","20","200","35","1","2007","용포2길 57-15","202506~202606","신규","-","","","아파트"
"12452","세종특별자치시  대평동","668","0668","0000","해들마을6단지","전세","99.1844","202506","20","29,000","0","1","2018","대평로 80","202507~202707","신규","-","","","아파트"
"12453","세종특별자치시  조치원읍 원리","141-53","0141","0053","조치원역행복주택","월세","26.8200","202506","20","2,524","7","6","2025","충현로 154","202505~202707","갱신","-","2,124","10","아파트"
"12454","세종특별자치시  대평동","705","0705","0000","해들마을3단지","전세","50.3413","202506","20","17,390","0","8","2017","대평1길 38","202508~202608","갱신","-","16,570","0","아파트"
"12455","세종특별자치시  도담동","845","0845","0000","도램마을1단지(웅진스타클래스)","전세","59.9900","202506","20","22,000","0","13","2014","다솜1로 140","202507~202707","신규","-","","","아파트"
"12456","세종특별자치시  한솔동","976","0976","0000","첫마을7단지(래미안)","전세","59.1000","202506","20","19,000","0","7","2012","나리로 57","202506~202706","신규","-","","","아파트"
"12457","세종특별자치시  연서면 봉암리","622","0622","0000","대원네스트빌","월세","59.8580","202506","20","1,000","50","2","2002","당산로 290","202506~202706","신규","-","","","아파트"
"12458","세종특별자치시  나성동","732","0732","0000","세종모닝시티2차","월세","25.8449","202506","20","300","60","6","2016","한누리대로 311","202506~202511","신규","-","","","아파트"
"12459","세종특별자치시  나성동","763","0763","0000","행복의아침","월세","26.4397","202506","20","500","60","6","2016","한누리대로 292","202506~202606","신규","-","","","아파트"
"12460","세종특별자치시  소담동","531","0531","0000","새샘마을8단지","월세","136.6237","202506","20","10,000","200","48","2020","소담8로 22","202507~202802","신규","-","","","아파트"
"12461","세종특별자치시  소담동","586","0586","0000","새샘마을6단지(한신더휴펜타힐스)","전세","59.5000","202506","20","18,900","0","13","2017","남세종로 302","202508~202708","신규","-","","","아파트"
"12462","세종특별자치시  도담동","632","0632","0000","중흥 그린카운티(13단지)","월세","59.1132","202506","20","1,000","90","9","2014","보람로 95","202507~202607","신규","-","","","아파트"
"12463","세종특별자치시  도담동","664","0664","0000","라온프라이빗시티 Ⅰ","전세","20.9400","202506","20","7,200","0","5","2014","보듬3로 8-12","202507~202707","신규","-","","","아파트"
"12464","세종특별자치시  반곡동","857","0857","0000","수루배마을4단지(세종더샵예미지)","전세","59.9000","202506","20","22,000","0","2","2019","시청대로 500","202506~202706","신규","-","","","아파트"
"12465","세종특별자치시  나성동","775","0775","0000","더리치세종의아침(CB4-1BL-2BL)","월세","20.5238","202506","20","500","50","6","2015","한누리대로 194","202506~202606","신규","-","","","아파트"
"12466","세종특별자치시  나성동","853","0853","0000","나릿재마을2단지","전세","99.2433","202506","20","38,000","0","30","2021","중앙공원서로 10","202506~202706","신규","-","","","아파트"
"12467","세종특별자치시  반곡동","897","0897","0000","수루배마을2단지","전세","62.1140","202506","20","22,000","0","12","2019","반곡1길 9","202507~202707","신규","-","","","아파트"
"12468","세종특별자치시  도담동","664","0664","0000","라온프라이빗시티 Ⅰ","월세","21.5175","202506","20","300","50","5","2014","보듬3로 8-12","202506~202606","신규","-","","","아파트"
"12469","세종특별자치시  아름동","1339","1339","0000","범지기마을1단지(한양수자인에듀센텀)","월세","59.9789","202506","20","2,000","80","16","2015","절재로 13","202506~202706","신규","-","","","아파트"
"12470","세종특별자치시  새롬동","564","0564","0000","새뜸마을13단지(트리쉐이드)","월세","84.9340","202506","20","2,000","105","10","2019","새롬로 32","202507~202707","갱신","사용","2,000","100","아파트"
"12471","세종특별자치시  새롬동","597","0597","0000","새뜸마을3단지(롯데캐슬)","전세","84.9875","202506","20","30,000","0","3","2017","새롬북로 14","202506~202711","신규","-","","","아파트"
"12472","세종특별자치시  종촌동","640","0640","0000","가재마을4단지(센트레빌)","전세","74.9800","202506","20","19,000","0","24","2015","도움3로 160","202507~202707","신규","-","","","아파트"
"12473","세종특별자치시  종촌동","654","0654","0000","가재마을11단지","전세","59.6144","202506","20","14,000","0","11","2013","도움3로 75","202508~202708","신규","-","","","아파트"
"12474","세종특별자치시  다정동","926","0926","0000","가온마을12단지","전세","101.8347","202506","20","33,000","0","4","2018","다정남로 123","202508~202708","신규","-","","","아파트"
"12475","세종특별자치시  다정동","916","0916","0000","가온마을3단지","월세","98.7065","202506","20","2,000","60","12","2018","다정북로 109","202506~202706","신규","-","","","아파트"
"12476","세종특별자치시  다정동","926","0926","0000","가온마을12단지","전세","59.8817","202506","20","23,000","0","3","2018","다정남로 123","202506~202706","신규","-","","","아파트"
"12477","세종특별자치시  다정동","926","0926","0000","가온마을12단지","월세","59.8817","202506","20","2,000","93","11","2018","다정남로 123","202509~202709","갱신","사용","2,000","90","아파트"
"12478","세종특별자치시  다정동","964","0964","0000","가온마을4단지","전세","59.9900","202506","20","25,000","0","10","2019","다정중앙로 19","202506~202709","신규","-","","","아파트"
"12479","세종특별자치시  다정동","960","0960","0000","가온마을1단지(힐스테이트)","전세","84.9750","202506","20","30,000","0","4","2018","다정남로 22","202506~202712","신규","-","","","아파트"
"12480","세종특별자치시  새롬동","556","0556","0000","새뜸마을7단지(투머로우시티)","전세","59.8700","202506","20","20,000","0","7","2017","새롬중앙로 89","202506~202706","신규","-","","","아파트"
"12481","세종특별자치시  새롬동","593","0593","0000","새뜸마을6단지(메이저시티)","전세","84.9645","202506","20","31,500","0","13","2017","새롬중앙1로 13","202506~202706","갱신","사용","30,000","0","아파트"
"12482","세종특별자치시  새롬동","564","0564","0000","새뜸마을13단지(트리쉐이드)","월세","84.9340","202506","20","2,000","105","10","2019","새롬로 32","202507~202707","갱신","사용","2,000","100","아파트"
"12483","세종특별자치시  어진동","554","0554","0000","한뜰마을1단지(상록데시앙)","전세","70.0550","202506","19","16,491","0","17","2013","갈매로 479","202507~202706","신규","-","","","아파트"
"12484","세종특별자치시  집현동","1187","1187","0000","새나루마을4단지","전세","97.4800","202506","19","28,000","0","8","2021","집현서로 57","202507~202707","신규","-","","","아파트"
"12485","세종특별자치시  집현동","1181","1181","0000","새나루마을11단지세종어울림파밀리에센트럴","월세","74.9300","202506","19","3,000","90","2","2021","집현서2로 84","202508~202708","신규","-","","","아파트"
"12486","세종특별자치시  어진동","664","0664","0000","모닝시티","월세","34.0152","202506","19","200","65","6","2015","가름로 170-14","202506~202606","신규","-","","","아파트"
"12487","세종특별자치시  어진동","673","0673","0000","한뜰마을6단지(중흥S클래스센텀뷰)","전세","84.9167","202506","19","30,000","0","11","2021","다솜로 50","202507~202707","신규","-","","","아파트"
"12488","세종특별자치시  어진동","603","0603","0000","더샵센트럴시티","전세","110.5900","202506","19","35,000","0","5","2013","갈매로 480","202508~202708","신규","-","","","아파트"
"12489","세종특별자치시  어진동","554","0554","0000","한뜰마을1단지(상록데시앙)","전세","70.0550","202506","19","16,491","0","17","2013","갈매로 479","202507~202707","신규","-","","","아파트"
"12490","세종특별자치시  어진동","554","0554","0000","한뜰마을1단지(상록데시앙)","전세","59.9290","202506","19","16,158","0","4","2013","갈매로 479","202507~202707","신규","-","","","아파트"
"12491","세종특별자치시  다정동","970","0970","0000","가온마을11단지(세종지웰푸르지오)","전세","74.0673","202506","19","26,000","0","5","2019","가온로 10","202506~202507","갱신","-","28,000","0","아파트"
"12492","세종특별자치시  다정동","965","0965","0000","가온마을7단지","월세","26.3300","202506","19","434","17","7","2020","다정중앙로 20","202506~202708","갱신","-","1,034","15","아파트"
"12493","세종특별자치시  종촌동","640","0640","0000","가재마을4단지(센트레빌)","월세","84.9900","202506","19","3,000","80","30","2015","도움3로 160","202508~202708","신규","-","","","아파트"
"12494","세종특별자치시  종촌동","686","0686","0000","가재마을1단지","월세","29.7100","202506","19","1,068","17","15","2016","도움1로 145","202506~202708","신규","-","","","아파트"
"12495","세종특별자치시  종촌동","686","0686","0000","가재마을1단지","월세","29.7100","202506","19","1,068","17","9","2016","도움1로 145","202506~202708","신규","-","","","아파트"
"12496","세종특별자치시  새롬동","607","0607","0000","새뜸마을8단지","월세","21.9200","202506","19","433","16","6","2018","새롬중앙로 20","202506~202708","갱신","-","933","14","아파트"
"12497","세종특별자치시  새롬동","607","0607","0000","새뜸마을8단지","월세","21.9200","202506","19","933","14","19","2018","새롬중앙로 20","202506~202708","신규","-","","","아파트"
"12498","세종특별자치시  새롬동","607","0607","0000","새뜸마을8단지","월세","21.9200","202506","19","933","14","20","2018","새롬중앙로 20","202506~202708","신규","-","","","아파트"
"12499","세종특별자치시  새롬동","607","0607","0000","새뜸마을8단지","월세","21.9200","202506","19","933","14","8","2018","새롬중앙로 20","202506~202708","신규","-","","","아파트"
"12500","세종특별자치시  새롬동","607","0607","0000","새뜸마을8단지","월세","21.9200","202506","19","933","14","21","2018","새롬중앙로 20","202506~202708","신규","-","","","아파트"
"12501","세종특별자치시  새롬동","564","0564","0000","새뜸마을13단지(트리쉐이드)","전세","69.9610","202506","19","27,000","0","16","2019","새롬로 32","202507~202707","갱신","-","24,000","0","아파트"
"12502","세종특별자치시  새롬동","593","0593","0000","새뜸마을6단지(메이저시티)","월세","84.9645","202506","19","2,000","100","14","2017","새롬중앙1로 13","202509~202709","신규","-","","","아파트"
"12503","세종특별자치시  도담동","845","0845","0000","도램마을1단지(웅진스타클래스)","월세","59.9700","202506","19","2,000","80","3","2014","다솜1로 140","202506~202706","신규","-","","","아파트"
"12504","세종특별자치시  아름동","1353","1353","0000","범지기마을5단지(세종상록어울림)","전세","46.3840","202506","19","10,901","0","8","2014","달빛1로 122","202507~202707","신규","-","","","아파트"
"12505","세종특별자치시  고운동","1387","1387","0000","가락마을22단지(에듀힐스)","전세","84.9968","202506","19","20,000","0","14","2015","마음로 322","202506~202612","갱신","-","20,500","0","아파트"
"12506","세종특별자치시  도담동","632","0632","0000","중흥 그린카운티(13단지)","전세","59.1132","202506","19","24,000","0","5","2014","보람로 95","202506~202706","신규","-","","","아파트"
"12507","세종특별자치시  조치원읍 침산리","89","0089","0000","욱일아파트","전세","59.9990","202506","19","12,500","0","15","1996","충현로 159","202508~202708","신규","-","","","아파트"
"12508","세종특별자치시  반곡동","857","0857","0000","수루배마을4단지(세종더샵예미지)","월세","94.9700","202506","19","14,000","60","1","2019","시청대로 500","202508~202608","신규","-","","","아파트"
"12509","세종특별자치시  반곡동","851","0851","0000","수루배마을1단지","월세","112.3280","202506","19","5,000","150","18","2019","반곡로 14","202508~202708","신규","-","","","아파트"
"12510","세종특별자치시  반곡동","858","0858","0000","수루배마을8단지","월세","46.2500","202506","19","6,397","12","4","2023","시청대로 546","202507~202706","갱신","-","3,104","27","아파트"
"12511","세종특별자치시  고운동","1728","1728","0000","가락마을6단지(중흥S클래스프라디움)","전세","59.6866","202506","19","16,000","0","4","2015","마음로 14","202506~202706","신규","-","","","아파트"
"12512","세종특별자치시  고운동","1708","1708","0000","가락마을3단지(호반베르디움)","전세","59.9349","202506","19","17,500","0","10","2014","마음안로 47","202507~202707","신규","-","","","아파트"
"12513","세종특별자치시  조치원읍 침산리","89","0089","0000","욱일아파트","전세","59.9990","202506","19","12,500","0","15","1996","충현로 159","-","-","-","","","아파트"
"12514","세종특별자치시  보람동","738","0738","0000","호려울마을 7단지","전세","102.9145","202506","19","36,000","0","4","2019","남세종로 480","202508~202708","신규","-","","","아파트"
"12515","세종특별자치시  소담동","545","0545","0000","새샘마을4단지","월세","37.5600","202506","19","663","24","3","2022","소담3로 21","202506~202708","갱신","-","1,963","20","아파트"
"12516","세종특별자치시  고운동","1703","1703","0000","이지더원(가락마을4단지)","전세","59.9853","202506","19","16,500","0","8","2014","마음안로 48","202507~202707","신규","-","","","아파트"
"12517","세종특별자치시  고운동","1386","1386","0000","가락마을17단지(골드클래스)","월세","59.9159","202506","19","3,000","60","8","2015","마음안1로 167","202507~202707","신규","-","","","아파트"
"12518","세종특별자치시  소담동","545","0545","0000","새샘마을4단지","월세","26.5600","202506","19","2,319","7","12","2022","소담3로 21","202506~202708","갱신","-","1,019","14","아파트"
"12519","세종특별자치시  소담동","545","0545","0000","새샘마을4단지","월세","37.5600","202506","19","1,963","20","13","2022","소담3로 21","202506~202708","신규","-","","","아파트"
"12520","세종특별자치시  소담동","598","0598","0000","새샘마을5단지(한양수자인엘시티)","월세","59.4544","202506","19","7,500","50","5","2017","남세종로 301","202507~202607","신규","-","","","아파트"
"12521","세종특별자치시  보람동","732","0732","0000","호려울마을2단지","월세","36.9300","202506","19","1,670","23","5","2018","보람1길 12","202506~202708","신규","-","","","아파트"
"12522","세종특별자치시  소담동","550","0550","0000","새샘마을3단지(모아미래도리버시티)","전세","84.9989","202506","19","21,000","0","9","2016","시청대로 236","202507~202707","갱신","사용","20,000","0","아파트"
"12523","세종특별자치시  나성동","748","0748","0000","한스웰시티(CB5-1BL)","전세","23.3000","202506","19","7,500","0","8","2015","한누리대로 237","202506~202606","신규","-","","","아파트"
"12524","세종특별자치시  고운동","1728","1728","0000","가락마을6단지(중흥S클래스프라디움)","전세","59.6866","202506","19","17,000","0","9","2015","마음로 14","202508~202708","신규","-","","","아파트"
"12525","세종특별자치시  고운동","1706","1706","0000","가락마을8단지(고운뜰아파트)","전세","84.8900","202506","19","20,000","0","17","2015","만남로 92","202507~202707","갱신","-","18,500","0","아파트"
"12526","세종특별자치시  반곡동","858","0858","0000","수루배마을8단지","월세","46.2500","202506","19","6,397","12","9","2023","시청대로 546","202507~202706","신규","-","","","아파트"
"12527","세종특별자치시  도담동","859","0859","0000","현대힐스테이트(도램마을15단지)","전세","84.9463","202506","19","24,000","0","4","2014","보듬2로 43","202508~202708","신규","-","","","아파트"
"12528","세종특별자치시  한솔동","940","0940","0000","첫마을2단지(퍼스트프라임)","전세","49.4900","202506","19","16,800","0","4","2011","노을1로 16","202507~202707","갱신","사용","16,000","0","아파트"
"12529","세종특별자치시  한솔동","974","0974","0000","첫마을6단지(힐스테이트)","전세","84.1800","202506","19","18,000","0","25","2012","누리로 27","202508~202602","갱신","-","18,000","0","아파트"
"12530","세종특별자치시  대평동","668","0668","0000","해들마을6단지","월세","99.1844","202506","19","3,000","105","11","2018","대평로 80","202507~202707","신규","-","","","아파트"
"12531","세종특별자치시  대평동","704","0704","0000","해들마을4단지","월세","98.1108","202506","19","4,000","100","25","2018","대평로 34","202508~202708","신규","-","","","아파트"
"12532","세종특별자치시  보람동","732","0732","0000","호려울마을2단지","월세","21.9900","202506","19","427","14","7","2018","보람1길 12","202506~202705","갱신","-","886","12","아파트"
"12533","세종특별자치시  도담동","685","0685","0000","도램마을2단지(웅진스타클래스)","전세","59.9800","202506","19","21,000","0","18","2014","다솜1로 164","202508~202708","신규","-","","","아파트"
"12534","세종특별자치시  도담동","858","0858","0000","도램마을 14단지(한림풀에버)","전세","99.9860","202506","19","26,250","0","26","2015","보듬2로 42","202507~202707","갱신","사용","25,000","0","아파트"
"12535","세종특별자치시  소담동","545","0545","0000","새샘마을4단지","월세","37.5600","202506","18","1,963","20","3","2022","소담3로 21","202506~202708","신규","-","","","아파트"
"12536","세종특별자치시  보람동","783","0783","0000","호려울마을5단지(제일풍경채)","전세","99.9860","202506","18","35,000","0","10","2017","남세종로 441","202507~202707","신규","-","","","아파트"
"12537","세종특별자치시  한솔동","939","0939","0000","첫마을1단지(퍼스트프라임)","월세","59.6100","202506","18","1,000","73","3","2011","노을3로 14","202507~202706","갱신","-","1,000","70","아파트"
"12538","세종특별자치시  조치원읍 침산리","89","0089","0000","욱일아파트","월세","84.9900","202506","18","0","50","8","1999","충현로 159","202506~203006","갱신","사용","0","50","아파트"
"12539","세종특별자치시  아름동","1276","1276","0000","범지기마을12단지(중흥S-에코타운)","월세","96.2520","202506","18","2,000","110","8","2015","보듬3로 74","202506~202706","신규","-","","","아파트"
"12540","세종특별자치시  아름동","1339","1339","0000","범지기마을1단지(한양수자인에듀센텀)","전세","84.9140","202506","18","25,000","0","6","2015","절재로 13","202508~202708","신규","-","","","아파트"
"12541","세종특별자치시  아름동","1297","1297","0000","범지기마을3단지(중흥에듀하이)","월세","96.1416","202506","18","10,000","60","4","2015","달빛1로 201","202509~202709","신규","-","","","아파트"
"12542","세종특별자치시  도담동","664","0664","0000","라온프라이빗시티 Ⅰ","월세","19.1676","202506","18","500","47","6","2014","보듬3로 8-12","202506~202606","신규","-","","","아파트"
"12543","세종특별자치시  도담동","638","0638","0000","도램마을 19단지(모아미래도)","전세","84.9448","202506","18","22,000","0","11","2015","보듬4로 111","202507~202707","신규","-","","","아파트"
"12544","세종특별자치시  도담동","638","0638","0000","도램마을 19단지(모아미래도)","전세","84.9448","202506","18","20,000","0","9","2015","보듬4로 111","202506~202706","갱신","사용","20,000","0","아파트"
"12545","세종특별자치시  고운동","1409","1409","0000","가락마을11단지(중흥에듀카운티)","전세","73.7130","202506","18","18,000","0","4","2016","마음로 152","202507~202707","신규","-","","","아파트"
"12546","세종특별자치시  고운동","1400","1400","0000","이지더원(가락마을10단지)","전세","107.6982","202506","18","24,000","0","11","2015","마음로 181","202506~202706","갱신","-","22,000","0","아파트"
"12547","세종특별자치시  고운동","1409","1409","0000","가락마을11단지(중흥에듀카운티)","전세","73.7130","202506","18","18,000","0","4","2016","마음로 152","202507~202707","신규","-","","","아파트"
"12548","세종특별자치시  소담동","594","0594","0000","새샘마을2단지(한양수자인)","월세","59.9734","202506","18","3,540","53","12","2016","남세종로 358","202507~202707","신규","-","","","아파트"
"12549","세종특별자치시  소담동","594","0594","0000","새샘마을2단지(한양수자인)","월세","59.9991","202506","18","3,580","53","11","2016","남세종로 358","202507~202707","신규","-","","","아파트"
"12550","세종특별자치시  나성동","738","0738","0000","세종포레뷰원","월세","28.4300","202506","18","500","63","6","2016","한누리대로 287","202506~202606","신규","-","","","아파트"
"12551","세종특별자치시  소담동","545","0545","0000","새샘마을4단지","월세","46.6900","202506","18","5,006","16","17","2022","소담3로 21","202406~202605","갱신","-","3,006","26","아파트"
"12552","세종특별자치시  소담동","521","0521","0000","새샘마을9단지(중흥S클래스리버뷰)","전세","84.9779","202506","18","27,000","0","5","2016","국책연구원1로 15","202508~202708","신규","-","","","아파트"
"12553","세종특별자치시  대평동","700","0700","0000","해들마을5단지","월세","59.9200","202506","18","6,606","39","1","2019","대평로 56","202502~202701","갱신","-","4,506","49","아파트"
"12554","세종특별자치시  나성동","833","0833","0000","나릿재마을3단지","전세","98.8226","202506","18","40,950","0","34","2021","국세청로 45","202508~202708","갱신","사용","39,000","0","아파트"
"12555","세종특별자치시  나성동","739","0739","0000","세진팰리스","월세","25.9900","202506","18","500","60","6","2015","한누리대로 283","202507~202607","신규","-","","","아파트"
"12556","세종특별자치시  나성동","730","0730","0000","에스알파크시티","월세","24.0500","202506","18","3,000","31","4","2017","한누리대로 321","202506~202606","갱신","사용","3,000","29","아파트"
"12557","세종특별자치시  나성동","829","0829","0000","나릿재마을6단지","월세","84.7818","202506","18","5,000","130","12","2021","나성북1로 51","202507~202707","신규","-","","","아파트"
"12558","세종특별자치시  나성동","748","0748","0000","한스웰시티(CB5-1BL)","월세","24.1200","202506","18","300","55","8","2015","한누리대로 237","202506~202706","신규","-","","","아파트"
"12559","세종특별자치시  새롬동","607","0607","0000","새뜸마을8단지","월세","21.9200","202506","18","933","14","13","2018","새롬중앙로 20","202506~202708","신규","-","","","아파트"
"12560","세종특별자치시  새롬동","614","0614","0000","새뜸마을12단지(금성백조예미지)","월세","59.9283","202506","18","2,000","100","12","2017","새롬남로 102","202506~202606","신규","-","","","아파트"
"12561","세종특별자치시  새롬동","601","0601","0000","새뜸마을1단지(메이저시티)","전세","84.9645","202506","18","25,000","0","11","2017","새롬남로 18","202506~202706","갱신","사용","25,000","0","아파트"
"12562","세종특별자치시  새롬동","601","0601","0000","새뜸마을1단지(메이저시티)","전세","84.9645","202506","18","30,000","0","5","2017","새롬남로 18","202508~202608","갱신","-","30,000","0","아파트"
"12563","세종특별자치시  다정동","953","0953","0000","가온마을2단지","월세","75.4773","202506","18","14,000","33","3","2018","다정북로 110","202507~202601","갱신","-","20,000","0","아파트"
"12564","세종특별자치시  어진동","603","0603","0000","더샵센트럴시티","전세","59.8200","202506","18","23,000","0","11","2013","갈매로 480","202508~202708","신규","-","","","아파트"
"12565","세종특별자치시  어진동","554","0554","0000","한뜰마을1단지(상록데시앙)","월세","59.9290","202506","18","9,694","22","5","2013","갈매로 479","202507~202707","신규","-","","","아파트"
"12566","세종특별자치시  어진동","673","0673","0000","한뜰마을6단지(중흥S클래스센텀뷰)","전세","84.9833","202506","18","35,000","0","11","2021","다솜로 50","202506~202706","신규","-","","","아파트"
"12567","세종특별자치시  어진동","554","0554","0000","한뜰마을1단지(상록데시앙)","월세","59.9290","202506","18","9,694","22","5","2013","갈매로 479","202507~202707","신규","-","","","아파트"
"12568","세종특별자치시  집현동","1181","1181","0000","새나루마을11단지세종어울림파밀리에센트럴","전세","74.9300","202506","18","25,000","0","8","2021","집현서2로 84","202507~202707","갱신","사용","25,000","0","아파트"
"12569","세종특별자치시  집현동","1181","1181","0000","새나루마을11단지세종어울림파밀리에센트럴","월세","74.9300","202506","18","3,000","95","6","2021","집현서2로 84","202506~202612","신규","-","","","아파트"
"12570","세종특별자치시  종촌동","652","0652","0000","가재마을12단지","전세","84.9941","202506","18","25,000","0","9","2015","달빛로 80","202509~202709","신규","-","","","아파트"
"12571","세종특별자치시  다정동","953","0953","0000","가온마을2단지","월세","75.4773","202506","18","2,000","100","3","2018","다정북로 110","202507~202601","갱신","-","20,000","0","아파트"
"12572","세종특별자치시  다정동","965","0965","0000","가온마을7단지","월세","26.3300","202506","18","1,034","15","16","2020","다정중앙로 20","202506~202708","신규","-","","","아파트"
"12573","세종특별자치시  다정동","931","0931","0000","가온마을8단지(더하이스트)","월세","59.8817","202506","18","1,100","61","8","2018","다정북로 180","202507~202607","신규","-","","","아파트"
"12574","세종특별자치시  다정동","918","0918","0000","가온마을6단지","월세","84.9837","202506","18","13,000","60","3","2018","다정중앙로 77","202508~202708","신규","-","","","아파트"
"12575","세종특별자치시  종촌동","686","0686","0000","가재마을1단지","월세","46.4100","202506","18","2,023","19","1","2016","도움1로 145","202509~202708","갱신","-","1,782","21","아파트"
"12576","세종특별자치시  종촌동","686","0686","0000","가재마을1단지","월세","29.7100","202506","18","2,048","11","1","2016","도움1로 145","202407~202606","갱신","-","1,048","16","아파트"
"12577","세종특별자치시  종촌동","654","0654","0000","가재마을11단지","전세","59.6144","202506","18","18,900","0","14","2013","도움3로 75","202506~202706","갱신","사용","18,000","0","아파트"
"12578","세종특별자치시  종촌동","656","0656","0000","가재마을10단지","월세","84.9365","202506","18","2,000","80","10","2014","도움1로 74","202508~202601","신규","-","","","아파트"
"12579","세종특별자치시  종촌동","652","0652","0000","가재마을12단지","월세","84.9941","202506","18","2,000","84","15","2015","달빛로 80","202506~202706","갱신","사용","2,000","80","아파트"
"12580","세종특별자치시  새롬동","599","0599","0000","새뜸마을2단지(메이저시티)","월세","59.9602","202506","18","14,000","35","12","2017","새롬남로 17","202507~202707","신규","-","","","아파트"
"12581","세종특별자치시  새롬동","593","0593","0000","새뜸마을6단지(메이저시티)","전세","84.9645","202506","18","30,000","0","14","2017","새롬중앙1로 13","202506~202708","갱신","-","30,000","0","아파트"
"12582","세종특별자치시  종촌동","686","0686","0000","가재마을1단지","월세","29.7100","202506","17","1,068","17","9","2016","도움1로 145","202506~202708","신규","-","","","아파트"
"12583","세종특별자치시  종촌동","686","0686","0000","가재마을1단지","월세","29.7100","202506","17","2,507","15","12","2016","도움1로 145","202510~202709","갱신","-","2,258","11","아파트"
"12584","세종특별자치시  종촌동","686","0686","0000","가재마을1단지","월세","29.7100","202506","17","1,068","17","10","2016","도움1로 145","202506~202708","신규","-","","","아파트"
"12585","세종특별자치시  종촌동","686","0686","0000","가재마을1단지","월세","29.7100","202506","17","1,068","17","19","2016","도움1로 145","202506~202708","신규","-","","","아파트"
"12586","세종특별자치시  종촌동","686","0686","0000","가재마을1단지","월세","29.7100","202506","17","1,068","17","21","2016","도움1로 145","202506~202708","신규","-","","","아파트"
"12587","세종특별자치시  종촌동","640","0640","0000","가재마을4단지(센트레빌)","전세","74.9800","202506","17","18,000","0","3","2015","도움3로 160","202507~202707","갱신","사용","18,000","0","아파트"
"12588","세종특별자치시  종촌동","644","0644","0000","가재마을6단지","전세","84.6799","202506","17","15,000","0","2","2016","달빛1로 74","202509~202709","신규","-","","","아파트"
"12589","세종특별자치시  종촌동","640","0640","0000","가재마을4단지(센트레빌)","월세","74.9800","202506","17","10,000","45","15","2015","도움3로 160","202506~202706","신규","-","","","아파트"
"12590","세종특별자치시  해밀동","637","0637","0000","해밀마을행복주택","월세","36.7600","202506","17","3,428","16","5","2023","해밀3로 85","202506~202708","신규","-","","","아파트"
"12591","세종특별자치시  어진동","554","0554","0000","한뜰마을1단지(상록데시앙)","전세","34.0010","202506","17","9,364","0","8","2013","갈매로 479","202507~202707","신규","-","","","아파트"
"12592","세종특별자치시  새롬동","607","0607","0000","새뜸마을8단지","월세","21.9200","202506","17","933","14","4","2018","새롬중앙로 20","202506~202708","신규","-","","","아파트"
"12593","세종특별자치시  새롬동","607","0607","0000","새뜸마을8단지","월세","21.9200","202506","17","933","14","6","2018","새롬중앙로 20","202506~202708","신규","-","","","아파트"
"12594","세종특별자치시  새롬동","607","0607","0000","새뜸마을8단지","월세","21.9200","202506","17","933","14","15","2018","새롬중앙로 20","202506~202708","신규","-","","","아파트"
"12595","세종특별자치시  새롬동","556","0556","0000","새뜸마을7단지(투머로우시티)","월세","79.7400","202506","17","5,500","57","1","2017","새롬중앙로 89","202506~202708","신규","-","","","아파트"
"12596","세종특별자치시  새롬동","558","0558","0000","새뜸마을10단지(더샵힐스테이트)","월세","98.1866","202506","17","3,000","150","14","2017","새롬중앙로 90","202507~202707","신규","-","","","아파트"
"12597","세종특별자치시  집현동","1192","1192","0000","새나루마을9단지세종어울림파밀리에센트럴","월세","84.9800","202506","17","2,000","70","5","2021","시청대로 642","202507~202607","신규","-","","","아파트"
"12598","세종특별자치시  다정동","964","0964","0000","가온마을4단지","월세","84.9900","202506","17","2,000","75","5","2019","다정중앙로 19","202508~202608","신규","-","","","아파트"
"12599","세종특별자치시  다정동","918","0918","0000","가온마을6단지","월세","108.9856","202506","17","5,000","135","7","2018","다정중앙로 77","202506~202706","신규","-","","","아파트"
"12600","세종특별자치시  다정동","965","0965","0000","가온마을7단지","월세","26.3300","202506","17","1,034","15","7","2020","다정중앙로 20","202506~202708","신규","-","","","아파트"
"12601","세종특별자치시  다정동","965","0965","0000","가온마을7단지","월세","26.3300","202506","17","1,034","15","14","2020","다정중앙로 20","202506~202708","신규","-","","","아파트"
"12602","세종특별자치시  다정동","965","0965","0000","가온마을7단지","월세","26.3300","202506","17","1,034","15","12","2020","다정중앙로 20","202506~202708","신규","-","","","아파트"
"12603","세종특별자치시  다정동","965","0965","0000","가온마을7단지","월세","26.3300","202506","17","1,034","15","10","2020","다정중앙로 20","202506~202708","신규","-","","","아파트"
"12604","세종특별자치시  다정동","965","0965","0000","가온마을7단지","월세","26.3300","202506","17","1,034","15","6","2020","다정중앙로 20","202506~202708","신규","-","","","아파트"
"12605","세종특별자치시  다정동","965","0965","0000","가온마을7단지","월세","26.3300","202506","17","1,034","15","7","2020","다정중앙로 20","202506~202708","신규","-","","","아파트"
"12606","세종특별자치시  다정동","965","0965","0000","가온마을7단지","월세","26.3300","202506","17","1,034","15","10","2020","다정중앙로 20","202506~202708","신규","-","","","아파트"
"12607","세종특별자치시  다정동","965","0965","0000","가온마을7단지","월세","26.3300","202506","17","1,034","15","15","2020","다정중앙로 20","202506~202708","신규","-","","","아파트"
"12608","세종특별자치시  소담동","545","0545","0000","새샘마을4단지","월세","26.5600","202506","17","1,019","14","12","2022","소담3로 21","202506~202708","신규","-","","","아파트"
"12609","세종특별자치시  소담동","545","0545","0000","새샘마을4단지","월세","37.5600","202506","17","1,963","20","5","2022","소담3로 21","202506~202708","신규","-","","","아파트"
"12610","세종특별자치시  소담동","545","0545","0000","새샘마을4단지","월세","37.5600","202506","17","1,963","20","3","2022","소담3로 21","202506~202708","신규","-","","","아파트"
"12611","세종특별자치시  소담동","545","0545","0000","새샘마을4단지","월세","26.5600","202506","17","1,019","14","19","2022","소담3로 21","202506~202708","신규","-","","","아파트"
"12612","세종특별자치시  소담동","545","0545","0000","새샘마을4단지","월세","26.5600","202506","17","1,019","14","18","2022","소담3로 21","202506~202708","신규","-","","","아파트"
"12613","세종특별자치시  소담동","545","0545","0000","새샘마을4단지","월세","26.5600","202506","17","1,019","14","19","2022","소담3로 21","202506~202708","신규","-","","","아파트"
"12614","세종특별자치시  소담동","545","0545","0000","새샘마을4단지","월세","37.5600","202506","17","1,963","20","3","2022","소담3로 21","202506~202708","신규","-","","","아파트"
"12615","세종특별자치시  소담동","545","0545","0000","새샘마을4단지","월세","26.5600","202506","17","1,019","14","10","2022","소담3로 21","202506~202708","신규","-","","","아파트"
"12616","세종특별자치시  도담동","636","0636","0000","도램마을18단지(모아미래도)","전세","84.9448","202506","17","23,000","0","5","2015","보듬4로 85","202506~202706","신규","-","","","아파트"
"12617","세종특별자치시  도담동","858","0858","0000","도램마을 14단지(한림풀에버)","전세","99.9920","202506","17","34,000","0","27","2015","보듬2로 42","202507~202707","신규","-","","","아파트"
"12618","세종특별자치시  도담동","633","0633","0000","도램마을20단지(에듀파크)","전세","84.8568","202506","17","24,500","0","12","2014","보람로 96","202510~202712","갱신","사용","24,000","0","아파트"
"12619","세종특별자치시  반곡동","858","0858","0000","수루배마을8단지","월세","46.2500","202506","17","3,197","28","13","2023","시청대로 546","202412~202702","갱신","-","3,197","28","아파트"
"12620","세종특별자치시  반곡동","897","0897","0000","수루배마을2단지","전세","84.4900","202506","17","22,050","0","7","2019","반곡1길 9","202506~202706","갱신","사용","21,000","0","아파트"
"12621","세종특별자치시  소담동","545","0545","0000","새샘마을4단지","월세","26.5600","202506","17","1,019","14","19","2022","소담3로 21","202506~202508","신규","-","","","아파트"
"12622","세종특별자치시  소담동","586","0586","0000","새샘마을6단지(한신더휴펜타힐스)","전세","59.9200","202506","17","21,000","0","14","2017","남세종로 302","202511~202711","갱신","사용","21,000","0","아파트"
"12623","세종특별자치시  도담동","632","0632","0000","중흥 그린카운티(13단지)","전세","59.1132","202506","17","18,500","0","1","2014","보람로 95","202508~202708","신규","-","","","아파트"
"12624","세종특별자치시  소담동","586","0586","0000","새샘마을6단지(한신더휴펜타힐스)","전세","75.9000","202506","17","23,000","0","9","2017","남세종로 302","202509~202709","신규","-","","","아파트"
"12625","세종특별자치시  소담동","586","0586","0000","새샘마을6단지(한신더휴펜타힐스)","월세","59.5000","202506","17","2,000","75","13","2017","남세종로 302","202506~202706","갱신","사용","2,000","75","아파트"
"12626","세종특별자치시  도담동","632","0632","0000","중흥 그린카운티(13단지)","전세","59.1132","202506","17","21,000","0","11","2014","보람로 95","202507~202707","신규","-","","","아파트"
"12627","세종특별자치시  보람동","732","0732","0000","호려울마을2단지","월세","21.9900","202506","17","2,313","10","8","2018","보람1길 12","202509~202708","갱신","-","1,113","16","아파트"
"12628","세종특별자치시  한솔동","1226","1226","0000","첫마을4단지(대우푸르지오)","월세","59.9500","202506","17","2,000","75","9","2012","누리로 119","202507~202707","신규","-","","","아파트"
"12629","세종특별자치시  나성동","751","0751","0000","리베라아이누리(2-2)","월세","29.8957","202506","17","500","57","4","2015","한누리대로 223","202506~202509","갱신","사용","9,500","0","아파트"
"12630","세종특별자치시  한솔동","976","0976","0000","첫마을7단지(래미안)","전세","84.8100","202506","17","20,000","0","16","2012","나리로 38","202509~202709","갱신","사용","20,000","0","아파트"
"12631","세종특별자치시  한솔동","947","0947","0000","첫마을3단지(퍼스트프라임)","전세","59.8300","202506","17","15,000","0","8","2011","나리1로 16","202507~202707","신규","-","","","아파트"
"12632","세종특별자치시  조치원읍 원리","141-53","0141","0053","조치원역행복주택","월세","26.8200","202506","17","2,524","7","12","2025","충현로 154","202505~202707","갱신","-","2,124","10","아파트"
"12633","세종특별자치시  나성동","738","0738","0000","세종포레뷰원","전세","26.1900","202506","17","10,800","0","3","2016","한누리대로 287","202507~202707","신규","-","","","아파트"
"12634","세종특별자치시  금남면 용포리","320","0320","0000","두진리버빌","전세","43.0080","202506","17","11,500","0","12","2000","용포2길 70","202507~202707","갱신","사용","12,000","0","아파트"
"12635","세종특별자치시  나성동","853","0853","0000","나릿재마을2단지","전세","99.2433","202506","17","40,000","0","36","2021","중앙공원서로 10","202506~202510","갱신","사용","47,000","0","아파트"
"12636","세종특별자치시  나성동","775","0775","0000","더리치세종의아침(CB4-1BL-2BL)","월세","20.5238","202506","17","500","50","5","2015","한누리대로 194","202506~202606","신규","-","","","아파트"
"12637","세종특별자치시  금남면 용포리","320","0320","0000","두진리버빌","월세","59.8676","202506","17","2,000","60","5","2000","용포2길 70","202508~202708","신규","-","","","아파트"
"12638","세종특별자치시  조치원읍 신흥리","393","0393","0000","신흥주공","전세","84.8400","202506","17","16,000","0","19","1999","이화로 5","-","-","-","","","아파트"
"12639","세종특별자치시  조치원읍 죽림리","396","0396","0000","조치원죽림자이","월세","128.9491","202506","17","4,000","65","14","2008","도원로 16","202506~202702","갱신","-","4,500","70","아파트"
"12640","세종특별자치시  고운동","1706","1706","0000","가락마을8단지(고운뜰아파트)","월세","74.7700","202506","17","2,000","75","12","2015","만남로 92","202507~202707","신규","-","","","아파트"
"12641","세종특별자치시  나성동","738","0738","0000","세종포레뷰원","월세","25.6100","202506","17","50","65","4","2016","한누리대로 287","202506~202507","신규","-","","","아파트"
"12642","세종특별자치시  나성동","730","0730","0000","에스알파크시티","월세","22.0900","202506","17","300","49","7","2017","한누리대로 321","202506~202606","신규","-","","","아파트"
"12643","세종특별자치시  나성동","759","0759","0000","블루지움(2-4)","월세","26.0700","202506","17","0","85","4","2015","한누리대로 306","202507~202606","신규","-","","","아파트"
"12644","세종특별자치시  나성동","835","0835","0000","나릿재마을1단지","전세","84.9630","202506","17","31,000","0","26","2021","국세청로 46","202508~202708","갱신","사용","30,000","0","아파트"
"12645","세종특별자치시  나성동","764","0764","0000","세종갤러리밸류시티","월세","27.3961","202506","17","500","55","5","2015","한누리대로 288","202507~202607","신규","-","","","아파트"
"12646","세종특별자치시  소담동","594","0594","0000","새샘마을2단지(한양수자인)","전세","59.9991","202506","17","21,000","0","15","2016","남세종로 358","202508~202608","갱신","사용","22,000","0","아파트"
"12647","세종특별자치시  나성동","737","0737","0000","포레뷰투도시형생활주택","월세","28.2095","202506","16","10,800","10","3","2017","한누리대로 291","202507~202707","신규","-","","","아파트"
"12648","세종특별자치시  반곡동","851","0851","0000","수루배마을1단지","전세","84.4540","202506","16","28,000","0","4","2019","반곡로 14","202508~202708","신규","-","","","아파트"
"12649","세종특별자치시  반곡동","851","0851","0000","수루배마을1단지","전세","84.4540","202506","16","28,000","0","4","2019","반곡로 14","202508~202708","신규","-","","","아파트"
"12650","세종특별자치시  반곡동","852","0852","0000","수루배마을3단지","전세","84.6291","202506","16","25,000","0","6","2019","반곡로 15","202507~202707","신규","-","","","아파트"
"12651","세종특별자치시  반곡동","1035","1035","0000","수루배마을6단지","전세","72.5900","202506","16","19,000","0","2","2019","시청대로 598","202507~202707","신규","-","","","아파트"
"12652","세종특별자치시  반곡동","858","0858","0000","수루배마을8단지","월세","46.2600","202506","16","6,717","15","8","2023","시청대로 546","202507~202706","갱신","-","3,104","27","아파트"
"12653","세종특별자치시  조치원읍 원리","141-53","0141","0053","조치원역행복주택","월세","26.8200","202506","16","2,524","7","12","2025","충현로 154","202505~202707","갱신","-","2,124","10","아파트"
"12654","세종특별자치시  아름동","1353","1353","0000","범지기마을5단지(세종상록어울림)","월세","46.3840","202506","16","3,270","24","4","2014","달빛1로 122","202508~202708","갱신","-","3,541","26","아파트"
"12655","세종특별자치시  아름동","1353","1353","0000","범지기마을5단지(세종상록어울림)","월세","36.7080","202506","16","2,559","19","15","2014","달빛1로 122","202508~202708","갱신","-","2,771","20","아파트"
"12656","세종특별자치시  아름동","1353","1353","0000","범지기마을5단지(세종상록어울림)","월세","36.7080","202506","16","1,706","21","20","2014","달빛1로 122","202508~202708","갱신","-","1,847","23","아파트"
"12657","세종특별자치시  아름동","1357","1357","0000","범지기마을6단지(세종상록어울림)","전세","84.8300","202506","16","14,600","0","8","2014","달빛로 135","202508~202708","갱신","-","13,905","0","아파트"
"12658","세종특별자치시  아름동","1353","1353","0000","범지기마을5단지(세종상록어울림)","전세","46.3840","202506","16","10,901","0","8","2014","달빛1로 122","202509~202709","갱신","-","10,508","0","아파트"
"12659","세종특별자치시  아름동","1353","1353","0000","범지기마을5단지(세종상록어울림)","전세","46.3840","202506","16","10,901","0","11","2014","달빛1로 122","202508~202708","갱신","-","11,805","0","아파트"
"12660","세종특별자치시  아름동","1357","1357","0000","범지기마을6단지(세종상록어울림)","월세","84.8300","202506","16","3,372","42","24","2014","달빛로 135","202508~202708","갱신","-","3,212","40","아파트"
"12661","세종특별자치시  아름동","1357","1357","0000","범지기마을6단지(세종상록어울림)","전세","74.9700","202506","16","14,012","0","17","2014","달빛로 135","202508~202708","갱신","-","13,345","0","아파트"
"12662","세종특별자치시  아름동","1353","1353","0000","범지기마을5단지(세종상록어울림)","전세","46.3840","202506","16","10,901","0","6","2014","달빛1로 122","202508~202708","갱신","-","11,805","0","아파트"
"12663","세종특별자치시  아름동","1357","1357","0000","범지기마을6단지(세종상록어울림)","월세","74.9700","202506","16","3,213","40","13","2014","달빛로 135","202508~202708","갱신","-","3,082","39","아파트"
"12664","세종특별자치시  아름동","1353","1353","0000","범지기마을5단지(세종상록어울림)","월세","46.3840","202506","16","7,630","7","18","2014","달빛1로 122","202508~202708","갱신","-","7,723","7","아파트"
"12665","세종특별자치시  아름동","1353","1353","0000","범지기마을5단지(세종상록어울림)","월세","46.3840","202506","16","7,630","7","14","2014","달빛1로 122","202508~202708","갱신","-","7,723","7","아파트"
"12666","세종특별자치시  아름동","1277","1277","0000","대우푸르지오(10단지)","전세","84.9539","202506","16","23,000","0","16","2014","달빛로 211","202507~202707","신규","-","","","아파트"
"12667","세종특별자치시  소담동","586","0586","0000","새샘마을6단지(한신더휴펜타힐스)","월세","59.5000","202506","16","1,000","56","10","2017","남세종로 302","202506~202609","갱신","-","1,000","57","아파트"
"12668","세종특별자치시  소담동","545","0545","0000","새샘마을4단지","월세","26.5600","202506","16","2,319","7","7","2022","소담3로 21","202504~202706","갱신","-","1,019","14","아파트"
"12669","세종특별자치시  소담동","598","0598","0000","새샘마을5단지(한양수자인엘시티)","월세","59.4544","202506","16","1,000","80","3","2017","남세종로 301","202507~202707","신규","-","","","아파트"
"12670","세종특별자치시  나성동","757","0757","0000","세종마루투","월세","23.6470","202506","16","300","60","3","2018","한누리대로 316","202506~202510","신규","-","","","아파트"
"12671","세종특별자치시  나성동","737","0737","0000","포레뷰투도시형생활주택","월세","28.2095","202506","16","500","63","3","2017","한누리대로 291","202506~202606","신규","-","","","아파트"
"12672","세종특별자치시  나성동","763","0763","0000","행복의아침","월세","26.4397","202506","16","1,000","57","5","2016","한누리대로 292","202507~202606","신규","-","","","아파트"
"12673","세종특별자치시  나성동","827","0827","0000","나릿재마을5단지","월세","99.9109","202506","16","2,000","140","34","2021","나성북1로 23","202506~202701","신규","-","","","아파트"
"12674","세종특별자치시  나성동","712","0712","0000","세종퍼스트타워","월세","26.4870","202506","16","500","50","6","2013","한누리대로 211","202506~202606","신규","-","","","아파트"
"12675","세종특별자치시  고운동","1409","1409","0000","가락마을11단지(중흥에듀카운티)","월세","59.9907","202506","16","2,000","70","4","2016","마음로 152","202506~202706","신규","-","","","아파트"
"12676","세종특별자치시  도담동","683","0683","0000","도램마을3단지(웅진스타클래스)","전세","59.9800","202506","16","22,000","0","18","2014","다솜1로 184","202507~202707","신규","-","","","아파트"
"12677","세종특별자치시  도담동","653","0653","0000","도램마을11단지(반도유보라)","전세","84.9783","202506","16","25,000","0","13","2017","보듬4로 9","202507~202707","신규","-","","","아파트"
"12678","세종특별자치시  도담동","627","0627","0000","엘가에코힐(도램마을5단지)","전세","59.8808","202506","16","18,000","0","16","2015","다솜1로 220","202506~202704","신규","-","","","아파트"
"12679","세종특별자치시  도담동","681","0681","0000","도램마을4단지(이지더원)","전세","59.9853","202506","16","20,000","0","5","2014","다솜1로 200","202506~202706","신규","-","","","아파트"
"12680","세종특별자치시  도담동","685","0685","0000","도램마을2단지(웅진스타클래스)","전세","44.9900","202506","16","21,000","0","9","2014","다솜1로 164","202507~202707","신규","-","","","아파트"
"12681","세종특별자치시  도담동","653","0653","0000","도램마을11단지(반도유보라)","전세","84.9783","202506","16","25,000","0","13","2017","보듬4로 9","202506~202706","신규","-","","","아파트"
"12682","세종특별자치시  보람동","786","0786","0000","호려울마을1단지(대방노블랜드)","전세","59.9883","202506","16","23,100","0","13","2017","남세종로 503","202507~202707","갱신","사용","22,000","0","아파트"
"12683","세종특별자치시  다정동","970","0970","0000","가온마을11단지(세종지웰푸르지오)","전세","74.0673","202506","16","25,200","0","8","2019","가온로 10","202506~202706","갱신","사용","24,000","0","아파트"
"12684","세종특별자치시  다정동","965","0965","0000","가온마을7단지","월세","46.0100","202506","16","1,055","31","14","2020","다정중앙로 20","202508~202707","갱신","-","2,966","27","아파트"
"12685","세종특별자치시  어진동","603","0603","0000","더샵센트럴시티","월세","84.7300","202506","16","2,000","76","7","2013","갈매로 480","202508~202708","신규","-","","","아파트"
"12686","세종특별자치시  어진동","554","0554","0000","한뜰마을1단지(상록데시앙)","월세","34.0010","202506","16","4,054","8","14","2013","갈매로 479","202508~202708","갱신","-","3,861","8","아파트"
"12687","세종특별자치시  어진동","554","0554","0000","한뜰마을1단지(상록데시앙)","월세","59.9290","202506","16","2,798","23","11","2013","갈매로 479","202508~202708","갱신","-","2,665","22","아파트"
"12688","세종특별자치시  어진동","554","0554","0000","한뜰마을1단지(상록데시앙)","월세","70.0550","202506","16","10,298","9","16","2013","갈매로 479","202507~202707","갱신","-","9,808","9","아파트"
"12689","세종특별자치시  어진동","554","0554","0000","한뜰마을1단지(상록데시앙)","월세","34.0010","202506","16","1,872","23","4","2013","갈매로 479","202507~202707","갱신","-","1,783","22","아파트"
"12690","세종특별자치시  새롬동","561","0561","0000","새뜸마을11단지(더샵힐스테이트)","전세","84.9735","202506","16","23,000","0","1","2017","새롬로 55","202506~202510","신규","-","","","아파트"
"12691","세종특별자치시  집현동","1191","1191","0000","새나루마을2단지세종하늘채센트레빌","전세","59.8600","202506","16","20,000","0","3","2021","집현서로 15","202506~202706","신규","-","","","아파트"
"12692","세종특별자치시  어진동","554","0554","0000","한뜰마을1단지(상록데시앙)","전세","70.0660","202506","16","14,012","0","15","2013","갈매로 479","202508~202708","갱신","-","13,345","0","아파트"
"12693","세종특별자치시  어진동","520","0520","0000","한뜰마을4단지(한신더휴리저브2)","전세","115.3263","202506","16","35,000","0","8","2022","다솜1로 9","202508~202708","신규","-","","","아파트"
"12694","세종특별자치시  어진동","554","0554","0000","한뜰마을1단지(상록데시앙)","월세","70.0550","202506","16","11,209","6","5","2013","갈매로 479","202509~202709","갱신","-","10,676","6","아파트"
"12695","세종특별자치시  어진동","554","0554","0000","한뜰마을1단지(상록데시앙)","월세","70.0550","202506","16","2,802","23","17","2013","갈매로 479","202508~202708","갱신","-","2,669","22","아파트"
"12696","세종특별자치시  새롬동","605","0605","0000","새뜸마을5단지(메이저시티)","전세","101.8063","202506","16","36,500","0","11","2017","새롬중앙로 19","202508~202708","갱신","사용","36,000","0","아파트"
"12697","세종특별자치시  새롬동","558","0558","0000","새뜸마을10단지(더샵힐스테이트)","월세","59.9604","202506","16","10,000","50","2","2017","새롬중앙로 90","202507~202707","신규","-","","","아파트"
"12698","세종특별자치시  새롬동","601","0601","0000","새뜸마을1단지(메이저시티)","전세","84.8892","202506","16","27,300","0","19","2017","새롬남로 18","202507~202707","갱신","사용","26,000","0","아파트"
"12699","세종특별자치시  종촌동","686","0686","0000","가재마을1단지","월세","29.7100","202506","16","2,258","10","4","2016","도움1로 145","202412~202702","갱신","-","1,058","17","아파트"
"12700","세종특별자치시  종촌동","640","0640","0000","가재마을4단지(센트레빌)","월세","74.9400","202506","16","15,000","30","18","2015","도움3로 160","202508~202708","갱신","-","15,000","10","아파트"
"12701","세종특별자치시  종촌동","640","0640","0000","가재마을4단지(센트레빌)","월세","74.9400","202506","16","15,000","30","18","2015","도움3로 160","202508~202708","갱신","-","15,000","45","아파트"
"12702","세종특별자치시  다정동","953","0953","0000","가온마을2단지","월세","98.7065","202506","16","2,000","110","8","2018","다정북로 110","202506~202706","신규","-","","","아파트"
"12703","세종특별자치시  다정동","965","0965","0000","가온마을7단지","월세","46.1600","202506","16","6,360","15","12","2020","다정중앙로 20","202508~202707","갱신","-","5,966","12","아파트"
"12704","세종특별자치시  종촌동","640","0640","0000","가재마을4단지(센트레빌)","전세","74.9800","202506","15","20,000","0","12","2015","도움3로 160","202508~202708","신규","-","","","아파트"
"12705","세종특별자치시  새롬동","593","0593","0000","새뜸마을6단지(메이저시티)","전세","120.5051","202506","15","55,000","0","2","2017","새롬중앙1로 13","202508~202708","신규","-","","","아파트"
"12706","세종특별자치시  다정동","926","0926","0000","가온마을12단지","월세","84.9675","202506","15","2,500","110","7","2018","다정남로 123","202507~202707","신규","-","","","아파트"
"12707","세종특별자치시  다정동","953","0953","0000","가온마을2단지","월세","84.9687","202506","15","17,000","40","11","2018","다정북로 110","202507~202707","갱신","사용","17,000","0","아파트"
"12708","세종특별자치시  종촌동","640","0640","0000","가재마을4단지(센트레빌)","전세","74.9800","202506","15","20,000","0","12","2015","도움3로 160","-","-","-","","","아파트"
"12709","세종특별자치시  새롬동","564","0564","0000","새뜸마을13단지(트리쉐이드)","전세","69.9610","202506","15","28,000","0","2","2019","새롬로 32","202508~202708","신규","-","","","아파트"
"12710","세종특별자치시  종촌동","679","0679","0000","가재마을3단지","전세","84.6958","202506","15","22,000","0","1","2015","도움3로 159","202508~202708","신규","-","","","아파트"
"12711","세종특별자치시  대평동","706","0706","0000","해들마을2단지","전세","72.5127","202506","15","25,000","0","9","2018","대평1길 37","202508~202803","신규","-","","","아파트"
"12712","세종특별자치시  나성동","835","0835","0000","나릿재마을1단지","전세","99.6172","202506","15","39,000","0","25","2021","국세청로 46","202509~202710","신규","-","","","아파트"
"12713","세종특별자치시  도담동","633","0633","0000","도램마을20단지(에듀파크)","월세","84.8568","202506","15","2,500","90","10","2014","보람로 96","202507~202707","신규","-","","","아파트"
"12714","세종특별자치시  도담동","627","0627","0000","엘가에코힐(도램마을5단지)","월세","59.8808","202506","15","2,000","83","7","2015","다솜1로 220","202507~202707","신규","-","","","아파트"
"12715","세종특별자치시  보람동","786","0786","0000","호려울마을1단지(대방노블랜드)","전세","59.9883","202506","15","28,000","0","25","2017","남세종로 503","202508~202708","신규","-","","","아파트"
"12716","세종특별자치시  아름동","1353","1353","0000","범지기마을5단지(세종상록어울림)","전세","46.3840","202506","15","9,810","0","1","2014","달빛1로 122","202507~202707","신규","-","","","아파트"
"12717","세종특별자치시  아름동","1353","1353","0000","범지기마을5단지(세종상록어울림)","전세","46.3840","202506","15","9,810","0","1","2014","달빛1로 122","202507~202707","신규","-","","","아파트"
"12718","세종특별자치시  대평동","707","0707","0000","해들마을1단지","전세","95.8377","202506","14","26,250","0","5","2018","대평1길 27","202506~202706","갱신","사용","25,000","0","아파트"
"12719","세종특별자치시  나성동","751","0751","0000","리베라아이누리(2-2)","월세","29.8957","202506","14","500","55","5","2015","한누리대로 223","202506~202606","신규","-","","","아파트"
"12720","세종특별자치시  나성동","748","0748","0000","한스웰시티(CB5-1BL)","전세","24.1200","202506","14","9,660","0","7","2015","한누리대로 237","202506~202606","갱신","사용","9,660","0","아파트"
"12721","세종특별자치시  고운동","1386","1386","0000","가락마을17단지(골드클래스)","전세","59.9881","202506","14","17,000","0","7","2015","마음안1로 167","202507~202707","갱신","-","16,000","0","아파트"
"12722","세종특별자치시  소담동","586","0586","0000","새샘마을6단지(한신더휴펜타힐스)","전세","75.9000","202506","14","23,000","0","9","2017","남세종로 302","202507~202707","갱신","-","21,000","0","아파트"
"12723","세종특별자치시  소담동","586","0586","0000","새샘마을6단지(한신더휴펜타힐스)","전세","75.9000","202506","14","23,000","0","9","2017","남세종로 302","202507~202707","갱신","-","21,000","0","아파트"
"12724","세종특별자치시  소담동","597","0597","0000","새샘마을1단지","전세","84.9917","202506","14","29,000","0","11","2018","남세종로 357","202508~202708","신규","-","","","아파트"
"12725","세종특별자치시  소담동","597","0597","0000","새샘마을1단지","월세","84.9917","202506","14","3,000","95","7","2018","남세종로 357","202507~202707","신규","-","","","아파트"
"12726","세종특별자치시  소담동","586","0586","0000","새샘마을6단지(한신더휴펜타힐스)","전세","75.9000","202506","14","18,480","0","7","2017","남세종로 302","202507~202707","갱신","사용","17,600","0","아파트"
"12727","세종특별자치시  소담동","598","0598","0000","새샘마을5단지(한양수자인엘시티)","전세","59.4544","202506","14","21,000","0","6","2017","남세종로 301","202506~202706","신규","-","","","아파트"
"12728","세종특별자치시  고운동","1408","1408","0000","가락마을9단지(신동아 파밀리에)","전세","59.9718","202506","14","18,000","0","5","2015","마음로 151","202507~202707","신규","-","","","아파트"
"12729","세종특별자치시  고운동","1408","1408","0000","가락마을9단지(신동아 파밀리에)","월세","59.9718","202506","14","10,000","30","2","2015","마음로 151","202507~202707","신규","-","","","아파트"
"12730","세종특별자치시  고운동","2112","2112","0000","가락마을18단지","전세","100.3699","202506","14","21,000","0","14","2018","마음안1로 139","202506~202706","갱신","사용","21,000","0","아파트"
"12731","세종특별자치시  아름동","1339","1339","0000","범지기마을1단지(한양수자인에듀센텀)","전세","59.9789","202506","14","22,000","0","13","2015","절재로 13","202507~202707","신규","-","","","아파트"
"12732","세종특별자치시  아름동","1339","1339","0000","범지기마을1단지(한양수자인에듀센텀)","전세","71.4840","202506","14","20,000","0","17","2015","절재로 13","202507~202707","갱신","-","18,000","0","아파트"
"12733","세종특별자치시  조치원읍 신안리","542","0542","0000","세종e편한세상","전세","99.6514","202506","14","10,000","0","2","2013","섭골길 59","202508~202708","신규","-","","","아파트"
"12734","세종특별자치시  고운동","1728","1728","0000","가락마을6단지(중흥S클래스프라디움)","월세","59.6866","202506","14","1,000","75","15","2015","마음로 14","202506~202706","신규","-","","","아파트"
"12735","세종특별자치시  보람동","730","0730","0000","호려울마을3단지","전세","59.9580","202506","14","25,000","0","21","2019","시청대로 78","202507~202707","갱신","-","24,000","0","아파트"
"12736","세종특별자치시  보람동","783","0783","0000","호려울마을5단지(제일풍경채)","전세","99.9860","202506","14","31,500","0","9","2017","남세종로 441","202508~202708","갱신","사용","30,000","0","아파트"
"12737","세종특별자치시  보람동","786","0786","0000","호려울마을1단지(대방노블랜드)","전세","59.9562","202506","14","24,000","0","10","2017","남세종로 503","202508~202708","신규","-","","","아파트"
"12738","세종특별자치시  보람동","738","0738","0000","호려울마을 7단지","월세","84.9968","202506","14","3,000","115","4","2019","남세종로 480","202506~202706","신규","-","","","아파트"
"12739","세종특별자치시  고운동","1708","1708","0000","가락마을3단지(호반베르디움)","월세","84.9893","202506","14","2,000","90","4","2014","마음안로 47","202507~202707","신규","-","","","아파트"
"12740","세종특별자치시  도담동","653","0653","0000","도램마을11단지(반도유보라)","전세","84.9783","202506","14","21,000","0","10","2017","보듬4로 9","202506~202606","갱신","-","21,000","0","아파트"
"12741","세종특별자치시  도담동","685","0685","0000","도램마을2단지(웅진스타클래스)","월세","59.9900","202506","14","4,000","70","5","2014","다솜1로 164","202507~202707","신규","-","","","아파트"
"12742","세종특별자치시  도담동","858","0858","0000","도램마을 14단지(한림풀에버)","월세","99.9860","202506","14","3,000","115","22","2015","보듬2로 42","202509~202709","신규","-","","","아파트"
"12743","세종특별자치시  도담동","858","0858","0000","도램마을 14단지(한림풀에버)","전세","99.9920","202506","14","30,000","0","4","2015","보듬2로 42","202507~202707","신규","-","","","아파트"
"12744","세종특별자치시  도담동","683","0683","0000","도램마을3단지(웅진스타클래스)","전세","45.9800","202506","14","19,950","0","6","2014","다솜1로 184","202507~202707","갱신","사용","19,000","0","아파트"
"12745","세종특별자치시  도담동","845","0845","0000","도램마을1단지(웅진스타클래스)","전세","84.9900","202506","14","24,000","0","20","2014","다솜1로 140","202507~202707","신규","-","","","아파트"
"12746","세종특별자치시  도담동","656","0656","0000","까사리움","월세","20.1700","202506","14","500","45","6","2015","한누리대로 587","202506~202606","신규","-","","","아파트"
"12747","세종특별자치시  도담동","685","0685","0000","도램마을2단지(웅진스타클래스)","월세","59.9900","202506","14","4,000","70","5","2014","다솜1로 164","202507~202707","신규","-","","","아파트"
"12748","세종특별자치시  부강면 부강리","970-3","0970","0003","청솔","월세","49.7700","202506","14","500","42","4","1994","부강3길 29-11","202508~202708","신규","-","","","아파트"
"12749","세종특별자치시  반곡동","1035","1035","0000","수루배마을6단지","전세","59.9000","202506","14","20,000","0","3","2019","시청대로 598","202508~202708","신규","-","","","아파트"
"12750","세종특별자치시  반곡동","857","0857","0000","수루배마을4단지(세종더샵예미지)","전세","94.9600","202506","14","26,500","0","2","2019","시청대로 500","202507~202707","신규","-","","","아파트"
"12751","세종특별자치시  한솔동","976","0976","0000","첫마을7단지(래미안)","전세","84.3900","202506","14","23,000","0","16","2012","나리로 38","202506~202706","신규","-","","","아파트"
"12752","세종특별자치시  한솔동","974","0974","0000","첫마을6단지(힐스테이트)","전세","114.1400","202506","14","29,000","0","11","2012","누리로 27","202507~202707","갱신","사용","30,000","0","아파트"
"12753","세종특별자치시  조치원읍 봉산리","372","0372","0000","엘리프세종","전세","104.8737","202506","14","30,000","0","19","2024","서북부4로 10","202508~202708","신규","-","","","아파트"
"12754","세종특별자치시  나성동","827","0827","0000","나릿재마을5단지","전세","99.6508","202506","14","33,000","0","5","2021","나성북1로 23","202507~202707","신규","-","","","아파트"
"12755","세종특별자치시  나성동","764","0764","0000","세종갤러리밸류시티","월세","25.4551","202506","14","500","50","8","2015","한누리대로 288","202506~202512","신규","-","","","아파트"
"12756","세종특별자치시  나성동","750","0750","0000","세종마루(CB5-3BL)","월세","25.0450","202506","14","500","52","4","2015","한누리대로 227","202506~202606","신규","-","","","아파트"
"12757","세종특별자치시  나성동","775","0775","0000","더리치세종의아침(CB4-1BL-2BL)","월세","19.5050","202506","14","500","50","8","2015","한누리대로 194","202506~202606","신규","-","","","아파트"
"12758","세종특별자치시  나성동","831","0831","0000","나릿재마을4단지","전세","95.8520","202506","14","30,000","0","30","2021","나성북로 47","202507~202707","신규","-","","","아파트"
"12759","세종특별자치시  나성동","833","0833","0000","나릿재마을3단지","월세","84.1711","202506","14","5,000","120","14","2021","국세청로 45","-","-","-","","","아파트"
"12760","세종특별자치시  한솔동","939","0939","0000","첫마을1단지(퍼스트프라임)","월세","59.8300","202506","14","1,000","63","8","2011","노을3로 14","202506~202606","신규","-","","","아파트"
"12761","세종특별자치시  조치원읍 상리","114-1","0114","0001","굿애플허브","월세","27.0360","202506","14","300","38","5","2013","새내12길 78","202506~202606","신규","-","","","아파트"
"12762","세종특별자치시  금남면 용포리","320","0320","0000","두진리버빌","전세","43.0080","202506","14","11,000","0","10","2000","용포2길 70","202507~202707","신규","-","","","아파트"
"12763","세종특별자치시  금남면 용포리","320","0320","0000","두진리버빌","월세","59.8676","202506","14","2,000","60","1","2000","용포2길 70","202507~202707","신규","-","","","아파트"
"12764","세종특별자치시  조치원읍 죽림리","396","0396","0000","조치원죽림자이","월세","154.5474","202506","14","3,000","120","11","2008","도원로 16","202506~202706","신규","-","","","아파트"
"12765","세종특별자치시  고운동","1387","1387","0000","가락마을22단지(에듀힐스)","전세","96.1416","202506","14","22,000","0","5","2015","마음로 322","202507~202707","신규","-","","","아파트"
"12766","세종특별자치시  고운동","1395","1395","0000","가락마을16단지(에듀그린)","전세","59.8399","202506","14","18,000","0","13","2015","만남로 187","202506~202706","신규","-","","","아파트"
"12767","세종특별자치시  고운동","1728","1728","0000","가락마을6단지(중흥S클래스프라디움)","월세","59.6866","202506","14","2,000","68","1","2015","마음로 14","202507~202705","신규","-","","","아파트"
"12768","세종특별자치시  고운동","1708","1708","0000","가락마을3단지(호반베르디움)","월세","84.9893","202506","14","2,000","90","4","2014","마음안로 47","202507~202707","신규","-","","","아파트"
"12769","세종특별자치시  조치원읍 번암리","66-18","0066","0018","번암리리치빌3차임대아파트","월세","55.2035","202506","14","8,000","8","2","2017","평안로 26","202507~202707","신규","-","","","아파트"
"12770","세종특별자치시  어진동","603","0603","0000","더샵센트럴시티","전세","84.7300","202506","14","23,000","0","1","2013","갈매로 480","202509~202709","갱신","사용","23,000","0","아파트"
"12771","세종특별자치시  종촌동","654","0654","0000","가재마을11단지","전세","84.9915","202506","14","21,000","0","6","2013","도움3로 75","202508~202708","갱신","사용","20,000","0","아파트"
"12772","세종특별자치시  종촌동","652","0652","0000","가재마을12단지","전세","84.9941","202506","14","24,000","0","28","2015","달빛로 80","202508~202708","신규","-","","","아파트"
"12773","세종특별자치시  산울동","산7","0007","0000","산울마을8단지엘리프세종6-3","전세","74.9800","202506","14","25,000","0","24","2025","산울7로 10","202508~202708","신규","-","","","아파트"
"12774","세종특별자치시  새롬동","597","0597","0000","새뜸마을3단지(롯데캐슬)","전세","84.9875","202506","14","32,000","0","17","2017","새롬북로 14","202507~202707","신규","-","","","아파트"
"12775","세종특별자치시  새롬동","605","0605","0000","새뜸마을5단지(메이저시티)","전세","59.9539","202506","14","20,000","0","15","2017","새롬중앙로 19","202507~202707","신규","-","","","아파트"
"12776","세종특별자치시  새롬동","601","0601","0000","새뜸마을1단지(메이저시티)","전세","84.9645","202506","14","24,000","0","2","2017","새롬남로 18","202507~202707","갱신","사용","23,000","0","아파트"
"12777","세종특별자치시  새롬동","597","0597","0000","새뜸마을3단지(롯데캐슬)","월세","84.9875","202506","14","2,000","76","11","2017","새롬북로 14","202506~202609","신규","-","","","아파트"
"12778","세종특별자치시  새롬동","563","0563","0000","새뜸마을14단지(더샵힐스테이트)","월세","107.7324","202506","14","3,000","126","13","2017","새롬로 56","202506~202706","갱신","사용","3,000","120","아파트"
"12779","세종특별자치시  해밀동","635","0635","0000","해밀마을2단지","전세","112.3000","202506","14","36,000","0","2","2020","해밀3로 90","202508~202708","신규","-","","","아파트"
"12780","세종특별자치시  해밀동","649","0649","0000","해밀마을1단지","전세","59.4000","202506","14","20,000","0","1","2020","해밀3로 32","202507~202707","신규","-","","","아파트"
"12781","세종특별자치시  다정동","926","0926","0000","가온마을12단지","전세","101.8347","202506","14","32,000","0","1","2018","다정남로 123","202509~202709","신규","-","","","아파트"
"12782","세종특별자치시  다정동","960","0960","0000","가온마을1단지(힐스테이트)","전세","101.7203","202506","14","26,000","0","5","2018","다정남로 22","202506~202706","갱신","사용","25,000","0","아파트"
"12783","세종특별자치시  다정동","960","0960","0000","가온마을1단지(힐스테이트)","전세","84.9576","202506","14","27,000","0","12","2018","다정남로 22","202508~202708","갱신","-","26,000","0","아파트"
"12784","세종특별자치시  다정동","964","0964","0000","가온마을4단지","전세","59.9900","202506","14","22,000","0","17","2019","다정중앙로 19","202508~202708","갱신","사용","21,000","0","아파트"
"12785","세종특별자치시  다정동","964","0964","0000","가온마을4단지","전세","84.9900","202506","14","29,400","0","18","2019","다정중앙로 19","202508~202708","갱신","사용","28,000","0","아파트"
"12786","세종특별자치시  다정동","964","0964","0000","가온마을4단지","전세","59.9900","202506","14","24,000","0","25","2019","다정중앙로 19","202508~202708","신규","-","","","아파트"
"12787","세종특별자치시  종촌동","690","0690","0000","가재마을5단지","전세","59.9474","202506","14","18,000","0","1","2014","도움1로 105","202506~202706","신규","-","","","아파트"
"12788","세종특별자치시  종촌동","690","0690","0000","가재마을5단지","전세","59.9383","202506","14","21,000","0","9","2014","도움1로 105","202507~202707","신규","-","","","아파트"
"12789","세종특별자치시  종촌동","690","0690","0000","가재마을5단지","월세","59.9383","202506","13","2,000","80","11","2014","도움1로 105","202507~202607","신규","-","","","아파트"
"12790","세종특별자치시  새롬동","564","0564","0000","새뜸마을13단지(트리쉐이드)","전세","69.9610","202506","13","24,000","0","6","2019","새롬로 32","202509~202709","갱신","사용","23,000","0","아파트"
"12791","세종특별자치시  새롬동","605","0605","0000","새뜸마을5단지(메이저시티)","전세","59.9539","202506","13","20,000","0","5","2017","새롬중앙로 19","202506~202706","신규","-","","","아파트"
"12792","세종특별자치시  종촌동","692","0692","0000","가재마을8단지","월세","84.6799","202506","13","2,000","80","19","2015","달빛로 16","202506~202706","신규","-","","","아파트"
"12793","세종특별자치시  종촌동","686","0686","0000","가재마을1단지","월세","36.6100","202506","13","2,382","16","9","2016","도움1로 145","202402~202601","갱신","-","1,382","21","아파트"
"12794","세종특별자치시  어진동","603","0603","0000","더샵센트럴시티","전세","84.7300","202506","13","25,000","0","13","2013","갈매로 480","202507~202707","갱신","사용","24,000","0","아파트"
"12795","세종특별자치시  해밀동","649","0649","0000","해밀마을1단지","전세","59.4000","202506","13","23,000","0","9","2020","해밀3로 32","202507~202707","신규","-","","","아파트"
"12796","세종특별자치시  새롬동","601","0601","0000","새뜸마을1단지(메이저시티)","전세","101.8063","202506","13","28,000","0","11","2017","새롬남로 18","202507~202707","갱신","사용","27,000","0","아파트"
"12797","세종특별자치시  종촌동","656","0656","0000","가재마을10단지","전세","84.9365","202506","13","21,500","0","2","2014","도움1로 74","202506~202706","신규","-","","","아파트"
"12798","세종특별자치시  새롬동","597","0597","0000","새뜸마을3단지(롯데캐슬)","전세","84.9518","202506","13","29,000","0","14","2017","새롬북로 14","202506~202706","갱신","-","26,000","0","아파트"
"12799","세종특별자치시  어진동","664","0664","0000","모닝시티","월세","23.3814","202506","13","300","57","7","2015","가름로 170-14","202507~202607","갱신","사용","300","57","아파트"
"12800","세종특별자치시  새롬동","605","0605","0000","새뜸마을5단지(메이저시티)","전세","59.9539","202506","13","20,000","0","5","2017","새롬중앙로 19","202506~202706","신규","-","","","아파트"
"12801","세종특별자치시  다정동","964","0964","0000","가온마을4단지","전세","59.9900","202506","13","22,000","0","9","2019","다정중앙로 19","202508~202708","신규","-","","","아파트"
"12802","세종특별자치시  다정동","964","0964","0000","가온마을4단지","전세","59.9900","202506","13","22,000","0","23","2019","다정중앙로 19","202506~202706","신규","-","","","아파트"
"12803","세종특별자치시  다정동","916","0916","0000","가온마을3단지","전세","59.8969","202506","13","18,000","0","11","2018","다정북로 109","202507~202701","갱신","-","18,000","0","아파트"
"12804","세종특별자치시  종촌동","656","0656","0000","가재마을10단지","전세","84.9365","202506","13","24,000","0","9","2014","도움1로 74","202507~202707","신규","-","","","아파트"
"12805","세종특별자치시  나성동","738","0738","0000","세종포레뷰원","월세","28.4300","202506","13","100","80","4","2016","한누리대로 287","202506~202512","신규","-","","","아파트"
"12806","세종특별자치시  나성동","763","0763","0000","행복의아침","월세","26.4397","202506","13","9,500","12","6","2016","한누리대로 292","202507~202707","신규","-","","","아파트"
"12807","세종특별자치시  나성동","737","0737","0000","포레뷰투도시형생활주택","월세","28.2095","202506","13","500","60","3","2017","한누리대로 291","202506~202606","신규","-","","","아파트"
"12808","세종특별자치시  나성동","829","0829","0000","나릿재마을6단지","전세","84.7990","202506","13","30,000","0","23","2021","나성북1로 51","202507~202707","신규","-","","","아파트"
"12809","세종특별자치시  나성동","827","0827","0000","나릿재마을5단지","월세","84.9139","202506","13","5,000","125","22","2021","나성북1로 23","202507~202707","신규","-","","","아파트"
"12810","세종특별자치시  소담동","598","0598","0000","새샘마을5단지(한양수자인엘시티)","전세","84.6347","202506","13","25,000","0","8","2017","남세종로 301","202508~202708","신규","-","","","아파트"
"12811","세종특별자치시  나성동","738","0738","0000","세종포레뷰원","월세","28.4300","202506","13","500","60","6","2016","한누리대로 287","202506~202606","신규","-","","","아파트"
"12812","세종특별자치시  고운동","1708","1708","0000","가락마을3단지(호반베르디움)","전세","59.8652","202506","13","18,000","0","12","2014","마음안로 47","202507~202707","신규","-","","","아파트"
"12813","세종특별자치시  고운동","1728","1728","0000","가락마을6단지(중흥S클래스프라디움)","전세","59.6866","202506","13","15,500","0","5","2015","마음로 14","202506~202706","신규","-","","","아파트"
"12814","세종특별자치시  고운동","1728","1728","0000","가락마을6단지(중흥S클래스프라디움)","월세","59.6866","202506","13","4,800","55","8","2015","마음로 14","202507~202707","신규","-","","","아파트"
"12815","세종특별자치시  한솔동","939","0939","0000","첫마을1단지(퍼스트프라임)","전세","84.9100","202506","13","23,000","0","5","2011","노을3로 14","202507~202707","신규","-","","","아파트"
"12816","세종특별자치시  소담동","545","0545","0000","새샘마을4단지","월세","46.6900","202506","13","5,506","13","15","2022","소담3로 21","202405~202604","갱신","-","3,006","26","아파트"
"12817","세종특별자치시  조치원읍 신흥리","393","0393","0000","신흥주공","월세","59.9900","202506","13","1,000","60","18","1999","이화로 5","202508~202708","신규","-","","","아파트"
"12818","세종특별자치시  조치원읍 신흥리","393","0393","0000","신흥주공","월세","59.9900","202506","13","1,000","60","7","1999","이화로 5","202507~202707","신규","-","","","아파트"
"12819","세종특별자치시  조치원읍 신흥리","399","0399","0000","조치원신흥e편한세상(아)","전세","84.9760","202506","13","18,500","0","6","2008","이화1로 15","202508~202708","신규","-","","","아파트"
"12820","세종특별자치시  조치원읍 신흥리","393","0393","0000","신흥주공","월세","59.9900","202506","13","1,000","60","7","1999","이화로 5","202607~202807","신규","-","","","아파트"
"12821","세종특별자치시  조치원읍 신흥리","393","0393","0000","신흥주공","월세","59.9900","202506","13","1,000","50","18","1999","이화로 5","202508~202708","신규","-","","","아파트"
"12822","세종특별자치시  조치원읍 죽림리","396","0396","0000","조치원죽림자이","월세","84.6682","202506","13","5,000","60","4","2008","도원로 16","202506~202706","신규","-","","","아파트"
"12823","세종특별자치시  나성동","715","0715","0000","우빈가온","월세","19.3200","202506","13","500","45","5","2015","한누리대로 201","202506~202606","신규","-","","","아파트"
"12824","세종특별자치시  금남면 용포리","320","0320","0000","두진리버빌","월세","43.0080","202506","13","1,000","55","5","2000","용포2길 70","202506~202706","신규","-","","","아파트"
"12825","세종특별자치시  아름동","1277","1277","0000","대우푸르지오(10단지)","월세","101.9478","202506","13","3,000","100","7","2014","달빛로 211","202507~202707","신규","-","","","아파트"
"12826","세종특별자치시  보람동","713","0713","0000","호려울마을10단지(중흥S클래스)","전세","98.0608","202506","13","28,000","0","10","2016","시청대로 210","202507~202712","신규","-","","","아파트"
"12827","세종특별자치시  보람동","738","0738","0000","호려울마을 7단지","전세","84.9968","202506","13","32,000","0","21","2019","남세종로 480","202508~202708","신규","-","","","아파트"
"12828","세종특별자치시  보람동","777","0777","0000","호려울마을8단지(중흥에코시티)","전세","84.9895","202506","13","24,150","0","14","2017","보람동로 14","202506~202706","갱신","사용","23,000","0","아파트"
"12829","세종특별자치시  나성동","764","0764","0000","세종갤러리밸류시티","월세","24.4951","202506","13","500","50","3","2015","한누리대로 288","202506~202606","신규","-","","","아파트"
"12830","세종특별자치시  조치원읍 번암리","75-2","0075","0002","번암주공","월세","46.6800","202506","13","500","35","5","1989","군청로 23","202507~202606","신규","-","","","아파트"
"12831","세종특별자치시  소담동","594","0594","0000","새샘마을2단지(한양수자인)","월세","59.9991","202506","13","3,000","80","13","2016","남세종로 358","202507~202707","신규","-","","","아파트"
"12832","세종특별자치시  조치원읍 원리","141-53","0141","0053","조치원역행복주택","월세","26.9100","202506","13","2,560","8","9","2025","충현로 154","202505~202707","갱신","-","2,160","10","아파트"
"12833","세종특별자치시  반곡동","852","0852","0000","수루배마을3단지","월세","102.6287","202506","13","6,000","110","18","2019","반곡로 15","202508~202708","신규","-","","","아파트"
"12834","세종특별자치시  나성동","748","0748","0000","한스웰시티(CB5-1BL)","전세","24.1200","202506","13","9,100","0","7","2015","한누리대로 237","202506~202606","갱신","사용","9,660","0","아파트"
"12835","세종특별자치시  반곡동","852","0852","0000","수루배마을3단지","월세","84.7971","202506","13","2,000","100","7","2019","반곡로 15","202506~202706","신규","-","","","아파트"
"12836","세종특별자치시  도담동","633","0633","0000","도램마을20단지(에듀파크)","전세","84.9603","202506","13","23,000","0","14","2014","보람로 96","202508~202708","신규","-","","","아파트"
"12837","세종특별자치시  반곡동","857","0857","0000","수루배마을4단지(세종더샵예미지)","전세","94.9700","202506","12","28,000","0","6","2019","시청대로 500","202507~202707","신규","-","","","아파트"
"12838","세종특별자치시  고운동","1708","1708","0000","가락마을3단지(호반베르디움)","월세","84.9893","202506","12","9,000","50","5","2014","마음안로 47","202507~202707","신규","-","","","아파트"
"12839","세종특별자치시  고운동","2111","2111","0000","가락마을19단지","전세","105.7788","202506","12","23,000","0","12","2019","밝은뜰로 15","202507~202707","갱신","사용","23,000","0","아파트"
"12840","세종특별자치시  아름동","1339","1339","0000","범지기마을1단지(한양수자인에듀센텀)","월세","71.4840","202506","12","10,000","45","13","2015","절재로 13","202506~202706","신규","-","","","아파트"
"12841","세종특별자치시  아름동","1353","1353","0000","범지기마을5단지(세종상록어울림)","전세","46.3840","202506","12","10,901","0","2","2014","달빛1로 122","202507~202707","신규","-","","","아파트"
"12842","세종특별자치시  아름동","1357","1357","0000","범지기마을6단지(세종상록어울림)","월세","84.9830","202506","12","13,490","11","8","2014","달빛로 135","202508~202708","갱신","-","12,848","10","아파트"
"12843","세종특별자치시  아름동","1353","1353","0000","범지기마을5단지(세종상록어울림)","전세","36.7080","202506","12","8,531","0","8","2014","달빛1로 122","202508~202708","갱신","-","9,239","0","아파트"
"12844","세종특별자치시  아름동","1357","1357","0000","범지기마을6단지(세종상록어울림)","월세","84.8300","202506","12","3,372","42","18","2014","달빛로 135","202508~202708","갱신","-","3,212","40","아파트"
"12845","세종특별자치시  아름동","1353","1353","0000","범지기마을5단지(세종상록어울림)","전세","36.7080","202506","12","8,531","0","11","2014","달빛1로 122","202508~202708","갱신","-","9,239","0","아파트"
"12846","세종특별자치시  아름동","1353","1353","0000","범지기마을5단지(세종상록어울림)","월세","36.7080","202506","12","1,706","23","26","2014","달빛1로 122","202506~202706","신규","-","","","아파트"
"12847","세종특별자치시  한솔동","947","0947","0000","첫마을3단지(퍼스트프라임)","월세","84.9600","202506","12","3,000","75","6","2011","나리1로 15","202507~202707","신규","-","","","아파트"
"12848","세종특별자치시  한솔동","940","0940","0000","첫마을2단지(퍼스트프라임)","전세","49.6200","202506","12","19,000","0","11","2011","노을1로 16","202506~202601","신규","-","","","아파트"
"12849","세종특별자치시  한솔동","974","0974","0000","첫마을6단지(힐스테이트)","전세","84.0800","202506","12","21,000","0","25","2012","누리로 27","202506~202706","신규","-","","","아파트"
"12850","세종특별자치시  조치원읍 서창리","25-1","0025","0001","세종서창행복주택","월세","19.3200","202506","12","1,339","6","8","2019","조치원중고길 7","202508~202707","갱신","-","1,300","6","아파트"
"12851","세종특별자치시  금남면 용포리","320","0320","0000","두진리버빌","월세","43.0080","202506","12","700","50","11","2000","용포2길 70","202506~202706","신규","-","","","아파트"
"12852","세종특별자치시  소담동","550","0550","0000","새샘마을3단지(모아미래도리버시티)","전세","97.9940","202506","12","37,000","0","15","2016","시청대로 236","202508~202608","갱신","사용","36,000","0","아파트"
"12853","세종특별자치시  도담동","683","0683","0000","도램마을3단지(웅진스타클래스)","전세","45.9800","202506","12","20,000","0","9","2014","다솜1로 184","202507~202707","신규","-","","","아파트"
"12854","세종특별자치시  도담동","632","0632","0000","중흥 그린카운티(13단지)","월세","59.1132","202506","12","5,000","65","6","2014","보람로 95","202509~202709","신규","-","","","아파트"
"12855","세종특별자치시  보람동","786","0786","0000","호려울마을1단지(대방노블랜드)","월세","59.9883","202506","12","1,500","69","4","2017","남세종로 503","202507~202711","갱신","사용","1,500","66","아파트"
"12856","세종특별자치시  조치원읍 침산리","89","0089","0000","욱일아파트","월세","84.9900","202506","12","2,000","70","7","1999","충현로 159","202506~202706","신규","-","","","아파트"
"12857","세종특별자치시  나성동","757","0757","0000","세종마루투","전세","28.1270","202506","12","10,000","0","7","2018","한누리대로 316","202507~202707","신규","-","","","아파트"
"12858","세종특별자치시  나성동","739","0739","0000","세진팰리스","월세","25.9900","202506","12","500","60","4","2015","한누리대로 283","202506~202606","신규","-","","","아파트"
"12859","세종특별자치시  나성동","727","0727","0000","SR파크센텀","월세","19.5794","202506","12","300","55","7","2019","한누리대로 331","202506~202509","신규","-","","","아파트"
"12860","세종특별자치시  조치원읍 원리","141-53","0141","0053","조치원역행복주택","월세","26.8200","202506","12","2,524","7","13","2025","충현로 154","202505~202707","갱신","-","2,124","10","아파트"
"12861","세종특별자치시  조치원읍 원리","141-53","0141","0053","조치원역행복주택","월세","44.3800","202506","12","4,992","7","10","2025","충현로 154","202505~202707","갱신","-","3,492","16","아파트"
"12862","세종특별자치시  해밀동","649","0649","0000","해밀마을1단지","월세","59.4000","202506","12","2,000","80","4","2020","해밀3로 32","202507~202707","신규","-","","","아파트"
"12863","세종특별자치시  새롬동","558","0558","0000","새뜸마을10단지(더샵힐스테이트)","전세","59.9331","202506","12","17,800","0","13","2017","새롬중앙로 90","202508~202708","갱신","사용","17,000","0","아파트"
"12864","세종특별자치시  다정동","918","0918","0000","가온마을6단지","월세","84.9837","202506","12","3,000","100","9","2018","다정중앙로 77","202506~202706","신규","-","","","아파트"
"12865","세종특별자치시  다정동","965","0965","0000","가온마을7단지","월세","37.1200","202506","12","4,073","9","27","2020","다정중앙로 20","202504~202706","갱신","-","1,973","21","아파트"
"12866","세종특별자치시  다정동","965","0965","0000","가온마을7단지","월세","46.0100","202506","12","6,055","12","12","2020","다정중앙로 20","202508~202707","갱신","-","5,966","12","아파트"
"12867","세종특별자치시  다정동","918","0918","0000","가온마을6단지","전세","108.9858","202506","12","26,250","0","28","2018","다정중앙로 77","202507~202707","갱신","사용","25,000","0","아파트"
"12868","세종특별자치시  다정동","953","0953","0000","가온마을2단지","전세","98.7065","202506","12","30,000","0","10","2018","다정북로 110","202508~202708","신규","-","","","아파트"
"12869","세종특별자치시  어진동","554","0554","0000","한뜰마을1단지(상록데시앙)","월세","70.0550","202506","12","2,802","23","14","2013","갈매로 479","202508~202708","갱신","-","2,669","22","아파트"
"12870","세종특별자치시  새롬동","599","0599","0000","새뜸마을2단지(메이저시티)","전세","59.9602","202506","12","23,000","0","9","2017","새롬남로 17","202507~202707","신규","-","","","아파트"
"12871","세종특별자치시  종촌동","640","0640","0000","가재마을4단지(센트레빌)","월세","84.9400","202506","12","2,000","85","15","2015","도움3로 160","202507~202707","신규","-","","","아파트"
"12872","세종특별자치시  종촌동","690","0690","0000","가재마을5단지","전세","59.9474","202506","12","18,000","0","1","2014","도움1로 105","202507~202707","신규","-","","","아파트"
"12873","세종특별자치시  종촌동","690","0690","0000","가재마을5단지","전세","59.9383","202506","12","19,500","0","12","2014","도움1로 105","202507~202707","갱신","사용","19,000","0","아파트"
"12874","세종특별자치시  해밀동","649","0649","0000","해밀마을1단지","월세","59.4000","202506","12","2,000","80","4","2020","해밀3로 32","202507~202707","신규","-","","","아파트"
"12875","세종특별자치시  해밀동","649","0649","0000","해밀마을1단지","전세","59.4800","202506","12","16,000","0","3","2020","해밀3로 32","202506~202706","신규","-","","","아파트"
"12876","세종특별자치시  새롬동","607","0607","0000","새뜸마을8단지","월세","36.6800","202506","12","2,133","19","21","2018","새롬중앙로 20","202408~202610","갱신","-","1,533","22","아파트"
"12877","세종특별자치시  어진동","548","0548","0000","세종리슈빌S","월세","19.3525","202506","12","500","55","13","2014","한누리대로 496","202506~202606","신규","-","","","아파트"
"12878","세종특별자치시  어진동","554","0554","0000","한뜰마을1단지(상록데시앙)","전세","59.9290","202506","12","13,991","0","6","2013","갈매로 479","202508~202708","갱신","-","13,325","0","아파트"
"12879","세종특별자치시  어진동","520","0520","0000","한뜰마을4단지(한신더휴리저브2)","월세","115.2644","202506","12","5,000","130","16","2022","다솜1로 9","202507~202707","갱신","사용","5,000","130","아파트"
"12880","세종특별자치시  새롬동","558","0558","0000","새뜸마을10단지(더샵힐스테이트)","월세","59.9079","202506","11","3,000","80","4","2017","새롬중앙로 90","202506~202706","신규","-","","","아파트"
"12881","세종특별자치시  다정동","918","0918","0000","가온마을6단지","전세","59.9780","202506","11","22,000","0","15","2018","다정중앙로 77","202508~202708","신규","-","","","아파트"
"12882","세종특별자치시  종촌동","649","0649","0000","가재마을7단지(중흥S클래스센터파크1차)","전세","84.9941","202506","11","22,000","0","23","2014","달빛로 77","202506~202706","신규","-","","","아파트"
"12883","세종특별자치시  새롬동","601","0601","0000","새뜸마을1단지(메이저시티)","전세","84.9645","202506","11","29,000","0","7","2017","새롬남로 18","202508~202708","신규","-","","","아파트"
"12884","세종특별자치시  집현동","1185","1185","0000","새나루마을10단지","월세","55.8800","202506","11","3,000","70","4","2022","시청대로 643","202507~202707","신규","-","","","아파트"
"12885","세종특별자치시  어진동","554","0554","0000","한뜰마을1단지(상록데시앙)","전세","70.0660","202506","11","16,491","0","16","2013","갈매로 479","202507~202707","신규","-","","","아파트"
"12886","세종특별자치시  다정동","964","0964","0000","가온마을4단지","전세","59.9900","202506","11","22,000","0","7","2019","다정중앙로 19","202506~202706","신규","-","","","아파트"
"12887","세종특별자치시  나성동","835","0835","0000","나릿재마을1단지","전세","84.9630","202506","11","35,000","0","5","2021","국세청로 46","202509~202709","신규","-","","","아파트"
"12888","세종특별자치시  보람동","784","0784","0000","호려울마을 4단지 센트럴파크","월세","111.9846","202506","11","10,000","105","6","2017","남세종로 469","202508~202708","신규","-","","","아파트"
"12889","세종특별자치시  보람동","713","0713","0000","호려울마을10단지(중흥S클래스)","전세","98.0608","202506","11","26,500","0","5","2016","시청대로 210","202508~202708","갱신","-","24,000","0","아파트"
"12890","세종특별자치시  보람동","784","0784","0000","호려울마을 4단지 센트럴파크","전세","80.8021","202506","11","26,400","0","5","2017","남세종로 469","202506~202606","신규","-","","","아파트"
"12891","세종특별자치시  고운동","1395","1395","0000","가락마을16단지(에듀그린)","전세","84.8668","202506","11","22,000","0","7","2015","만남로 187","202507~202707","신규","-","","","아파트"
"12892","세종특별자치시  고운동","1728","1728","0000","가락마을6단지(중흥S클래스프라디움)","전세","59.9942","202506","11","18,000","0","27","2015","마음로 14","202507~202707","갱신","사용","18,000","0","아파트"
"12893","세종특별자치시  고운동","1706","1706","0000","가락마을8단지(고운뜰아파트)","전세","74.7700","202506","11","15,015","0","3","2015","만남로 92","202508~202708","갱신","-","14,300","0","아파트"
"12894","세종특별자치시  고운동","1708","1708","0000","가락마을3단지(호반베르디움)","월세","59.9349","202506","11","2,000","75","4","2014","마음안로 47","202507~202707","갱신","-","8,000","50","아파트"
"12895","세종특별자치시  고운동","1724","1724","0000","가락마을7단지(중흥S-클래스프라디움)","전세","84.9931","202506","11","20,500","0","7","2015","마음안로 13","202507~202707","신규","-","","","아파트"
"12896","세종특별자치시  고운동","1728","1728","0000","가락마을6단지(중흥S클래스프라디움)","월세","59.6866","202506","11","1,000","80","8","2015","마음로 14","202506~202606","신규","-","","","아파트"
"12897","세종특별자치시  고운동","1724","1724","0000","가락마을7단지(중흥S-클래스프라디움)","전세","84.9931","202506","11","20,500","0","7","2015","마음안로 13","202507~202707","신규","-","","","아파트"
"12898","세종특별자치시  도담동","653","0653","0000","도램마을11단지(반도유보라)","전세","84.9891","202506","11","23,500","0","4","2017","보듬4로 9","202508~202708","신규","-","","","아파트"
"12899","세종특별자치시  도담동","858","0858","0000","도램마을 14단지(한림풀에버)","월세","99.9860","202506","11","3,000","105","25","2015","보듬2로 42","202506~202706","갱신","사용","3,000","100","아파트"
"12900","세종특별자치시  도담동","853","0853","0000","도램마을10단지 호반 어반시티","전세","84.7572","202506","11","30,000","0","3","2014","보듬4로 20","202508~202708","신규","-","","","아파트"
"12901","세종특별자치시  도담동","653","0653","0000","도램마을11단지(반도유보라)","전세","84.9891","202506","11","23,500","0","4","2017","보듬4로 9","202508~202708","신규","-","","","아파트"
"12902","세종특별자치시  도담동","633","0633","0000","도램마을20단지(에듀파크)","전세","84.8568","202506","11","23,000","0","5","2014","보람로 96","202507~202707","신규","-","","","아파트"
"12903","세종특별자치시  도담동","653","0653","0000","도램마을11단지(반도유보라)","전세","84.9783","202506","11","15,000","0","20","2017","보듬4로 9","202507~202707","신규","-","","","아파트"
"12904","세종특별자치시  조치원읍 신안리","35-3","0035","0003","유니빌","월세","28.1680","202506","11","300","38","12","2002","신안새동네길 26-10","202506~202612","신규","-","","","아파트"
"12905","세종특별자치시  고운동","1408","1408","0000","가락마을9단지(신동아 파밀리에)","전세","84.9863","202506","11","20,000","0","3","2015","마음로 151","202507~202707","신규","-","","","아파트"
"12906","세종특별자치시  아름동","1353","1353","0000","범지기마을5단지(세종상록어울림)","전세","46.3840","202506","11","10,901","0","17","2014","달빛1로 122","202507~202707","신규","-","","","아파트"
"12907","세종특별자치시  한솔동","940","0940","0000","첫마을2단지(퍼스트프라임)","월세","49.6200","202506","11","1,000","75","5","2011","노을3로 19","202507~202707","갱신","사용","1,000","72","아파트"
"12908","세종특별자치시  한솔동","971","0971","0000","첫마을5단지(푸르지오)","전세","114.1600","202506","11","21,000","0","6","2012","누리로 59","202507~202707","갱신","사용","20,000","0","아파트"
"12909","세종특별자치시  조치원읍 원리","141-53","0141","0053","조치원역행복주택","월세","26.8200","202506","11","2,524","7","7","2025","충현로 154","202505~202707","갱신","-","2,124","10","아파트"
"12910","세종특별자치시  조치원읍 원리","141-53","0141","0053","조치원역행복주택","월세","26.8200","202506","11","2,524","7","11","2025","충현로 154","202505~202707","갱신","-","2,124","10","아파트"
"12911","세종특별자치시  반곡동","852","0852","0000","수루배마을3단지","전세","84.6291","202506","11","23,000","0","3","2019","반곡로 15","202507~202707","갱신","-","22,000","0","아파트"
"12912","세종특별자치시  반곡동","1035","1035","0000","수루배마을6단지","전세","72.5900","202506","11","22,000","0","3","2019","시청대로 598","202508~202708","신규","-","","","아파트"
"12913","세종특별자치시  반곡동","851","0851","0000","수루배마을1단지","월세","84.4540","202506","11","500","100","8","2019","반곡로 14","202506~202706","신규","-","","","아파트"
"12914","세종특별자치시  조치원읍 죽림리","396","0396","0000","조치원죽림자이","월세","84.6641","202506","11","1,440","84","13","2008","도원로 16","202506~202606","갱신","-","2,000","80","아파트"
"12915","세종특별자치시  전동면 노장리","586","0586","0000","도원","월세","49.4100","202506","11","300","38","2","1994","하노장4길 8","202505~202705","갱신","사용","300","35","아파트"
"12916","세종특별자치시  소담동","586","0586","0000","새샘마을6단지(한신더휴펜타힐스)","월세","59.9200","202506","11","2,000","80","10","2017","남세종로 302","202508~202708","신규","-","","","아파트"
"12917","세종특별자치시  대평동","705","0705","0000","해들마을3단지","전세","50.3413","202506","11","19,950","0","7","2017","대평1길 38","202507~202707","갱신","-","19,000","0","아파트"
"12918","세종특별자치시  대평동","700","0700","0000","해들마을5단지","월세","59.9200","202506","11","3,342","55","15","2019","대평로 56","202504~202703","갱신","-","4,642","51","아파트"
"12919","세종특별자치시  대평동","707","0707","0000","해들마을1단지","전세","84.9429","202506","11","26,000","0","19","2018","대평1길 27","202507~202707","신규","-","","","아파트"
"12920","세종특별자치시  나성동","738","0738","0000","세종포레뷰원","월세","26.1900","202506","11","3,000","50","3","2016","한누리대로 287","202508~202608","갱신","-","3,000","45","아파트"
"12921","세종특별자치시  나성동","759","0759","0000","블루지움(2-4)","전세","26.0700","202506","11","8,500","0","8","2015","한누리대로 306","202506~202706","신규","-","","","아파트"
"12922","세종특별자치시  도담동","685","0685","0000","도램마을2단지(웅진스타클래스)","전세","44.9900","202506","10","17,000","0","5","2014","다솜1로 164","202504~202704","갱신","사용","17,000","0","아파트"
"12923","세종특별자치시  도담동","859","0859","0000","현대힐스테이트(도램마을15단지)","월세","84.9408","202506","10","2,000","100","19","2014","보듬2로 43","202506~202706","신규","-","","","아파트"
"12924","세종특별자치시  도담동","851","0851","0000","다산마을(도램마을6단지)","월세","34.1400","202506","10","0","41","15","2015","한누리대로 511","202507~202706","신규","-","","","아파트"
"12925","세종특별자치시  도담동","633","0633","0000","도램마을20단지(에듀파크)","월세","84.8568","202506","10","10,000","60","14","2014","보람로 96","202508~202708","신규","-","","","아파트"
"12926","세종특별자치시  나성동","715","0715","0000","우빈가온","월세","23.1900","202506","10","500","55","4","2015","한누리대로 201","202506~202512","신규","-","","","아파트"
"12927","세종특별자치시  나성동","763","0763","0000","행복의아침","월세","26.4397","202506","10","500","60","7","2016","한누리대로 292","202506~202612","신규","-","","","아파트"
"12928","세종특별자치시  보람동","777","0777","0000","호려울마을8단지(중흥에코시티)","전세","98.9982","202506","10","31,000","0","4","2017","보람동로 14","202506~202511","신규","-","","","아파트"
"12929","세종특별자치시  보람동","783","0783","0000","호려울마을5단지(제일풍경채)","전세","84.9383","202506","10","30,000","0","4","2017","남세종로 441","202506~202706","신규","-","","","아파트"
"12930","세종특별자치시  아름동","1277","1277","0000","대우푸르지오(10단지)","전세","84.9539","202506","10","21,000","0","18","2014","달빛로 211","202507~202707","신규","-","","","아파트"
"12931","세종특별자치시  아름동","1279","1279","0000","푸르지오(8단지)","전세","84.9375","202506","10","22,000","0","12","2013","달빛로 165","202506~202706","신규","-","","","아파트"
"12932","세종특별자치시  조치원읍 상리","79-3","0079","0003","세종파인시티","월세","23.8640","202506","10","3,500","2","9","2014","새내10길 95","202506~202606","갱신","-","3,500","1","아파트"
"12933","세종특별자치시  아름동","1276","1276","0000","범지기마을12단지(중흥S-에코타운)","전세","96.2520","202506","10","30,000","0","4","2015","보듬3로 74","202509~202709","갱신","사용","29,000","0","아파트"
"12934","세종특별자치시  아름동","1279","1279","0000","푸르지오(8단지)","월세","84.9727","202506","10","2,000","95","4","2013","달빛로 165","202506~202606","신규","-","","","아파트"
"12935","세종특별자치시  아름동","1353","1353","0000","범지기마을5단지(세종상록어울림)","전세","46.3840","202506","10","10,901","0","12","2014","달빛1로 122","202506~202706","신규","-","","","아파트"
"12936","세종특별자치시  한솔동","940","0940","0000","첫마을2단지(퍼스트프라임)","전세","49.6200","202506","10","18,500","0","8","2011","노을3로 19","202507~202707","신규","-","","","아파트"
"12937","세종특별자치시  한솔동","976","0976","0000","첫마을7단지(래미안)","월세","84.3900","202506","10","2,000","85","8","2012","나리로 38","202506~202706","신규","-","","","아파트"
"12938","세종특별자치시  보람동","779","0779","0000","호려울마을6단지(모아엘가)","전세","110.4048","202506","10","37,000","0","9","2017","보람동로 13","202508~202708","신규","-","","","아파트"
"12939","세종특별자치시  조치원읍 신흥리","393","0393","0000","신흥주공","월세","84.8000","202506","10","1,000","70","20","1999","이화로 5","202506~202706","신규","-","","","아파트"
"12940","세종특별자치시  소담동","598","0598","0000","새샘마을5단지(한양수자인엘시티)","월세","84.6347","202506","10","3,000","90","12","2017","남세종로 301","202508~202708","신규","-","","","아파트"
"12941","세종특별자치시  소담동","594","0594","0000","새샘마을2단지(한양수자인)","전세","59.9991","202506","10","23,000","0","10","2016","남세종로 358","202508~202708","신규","-","","","아파트"
"12942","세종특별자치시  반곡동","858","0858","0000","수루배마을8단지","월세","46.2600","202506","10","3,197","28","8","2023","시청대로 546","202507~202706","갱신","-","3,104","27","아파트"
"12943","세종특별자치시  반곡동","897","0897","0000","수루배마을2단지","전세","51.9040","202506","10","21,000","0","4","2019","반곡1길 9","202506~202706","신규","-","","","아파트"
"12944","세종특별자치시  대평동","700","0700","0000","해들마을5단지","월세","59.9100","202506","10","8,342","32","6","2019","대평로 56","202507~202706","갱신","-","8,206","31","아파트"
"12945","세종특별자치시  대평동","704","0704","0000","해들마을4단지","전세","98.1108","202506","10","25,000","0","10","2018","대평로 34","202507~202707","신규","-","","","아파트"
"12946","세종특별자치시  대평동","707","0707","0000","해들마을1단지","전세","95.8377","202506","10","26,000","0","4","2018","대평1길 27","202508~202708","신규","-","","","아파트"
"12947","세종특별자치시  나성동","737","0737","0000","포레뷰투도시형생활주택","월세","28.2095","202506","10","8,000","20","8","2017","한누리대로 291","202507~202607","신규","-","","","아파트"
"12948","세종특별자치시  대평동","707","0707","0000","해들마을1단지","월세","84.9429","202506","10","3,000","90","5","2018","대평1길 27","202506~202606","신규","-","","","아파트"
"12949","세종특별자치시  도담동","859","0859","0000","현대힐스테이트(도램마을15단지)","월세","84.9408","202506","10","2,000","100","19","2014","보듬2로 43","202506~202712","신규","-","","","아파트"
"12950","세종특별자치시  도담동","666","0666","0000","라온프라이빗시티 Ⅱ","월세","19.1676","202506","10","500","45","4","2014","보듬3로 6","202506~202512","신규","-","","","아파트"
"12951","세종특별자치시  도담동","656","0656","0000","까사리움","월세","18.2700","202506","10","300","45","7","2015","한누리대로 587","202506~202606","신규","-","","","아파트"
"12952","세종특별자치시  금남면 용포리","320","0320","0000","두진리버빌","월세","43.0080","202506","10","1,000","50","2","2000","용포2길 70","202506~202706","신규","-","","","아파트"
"12953","세종특별자치시  금남면 용포리","320","0320","0000","두진리버빌","전세","43.0080","202506","10","10,500","0","13","2000","용포2길 70","202507~202707","신규","-","","","아파트"
"12954","세종특별자치시  고운동","1386","1386","0000","가락마을17단지(골드클래스)","월세","59.9159","202506","10","2,000","70","13","2015","마음안1로 167","202507~202707","신규","-","","","아파트"
"12955","세종특별자치시  보람동","738","0738","0000","호려울마을 7단지","전세","84.9914","202506","10","30,000","0","17","2019","남세종로 480","202506~202706","신규","-","","","아파트"
"12956","세종특별자치시  아름동","1282","1282","0000","한신엘리트파크(범지기9단지)","전세","84.9899","202506","10","21,000","0","12","2015","달빛1로 206","202507~202707","신규","-","","","아파트"
"12957","세종특별자치시  아름동","1282","1282","0000","한신엘리트파크(범지기9단지)","전세","84.9899","202506","10","21,000","0","12","2015","달빛1로 206","-","-","-","","","아파트"
"12958","세종특별자치시  조치원읍 침산리","89","0089","0000","욱일아파트","전세","84.9900","202506","10","17,000","0","14","1999","충현로 159","202506~202706","갱신","-","17,000","0","아파트"
"12959","세종특별자치시  아름동","1353","1353","0000","범지기마을5단지(세종상록어울림)","전세","46.3840","202506","10","10,901","0","12","2014","달빛1로 122","202506~202706","신규","-","","","아파트"
"12960","세종특별자치시  어진동","664","0664","0000","모닝시티","월세","23.4552","202506","10","500","55","4","2015","가름로 170-14","202506~202602","신규","-","","","아파트"
"12961","세종특별자치시  새롬동","599","0599","0000","새뜸마을2단지(메이저시티)","월세","59.9602","202506","10","5,000","57","7","2017","새롬남로 17","202507~202707","갱신","-","5,000","54","아파트"
"12962","세종특별자치시  새롬동","593","0593","0000","새뜸마을6단지(메이저시티)","월세","101.8063","202506","10","5,000","160","5","2017","새롬중앙1로 13","202506~202706","신규","-","","","아파트"
"12963","세종특별자치시  새롬동","599","0599","0000","새뜸마을2단지(메이저시티)","월세","59.9602","202506","10","5,000","57","7","2017","새롬남로 17","202507~202707","갱신","-","5,000","54","아파트"
"12964","세종특별자치시  새롬동","614","0614","0000","새뜸마을12단지(금성백조예미지)","전세","59.9283","202506","10","22,000","0","9","2017","새롬남로 102","202506~202706","갱신","사용","21,000","0","아파트"
"12965","세종특별자치시  다정동","965","0965","0000","가온마을7단지","월세","46.0100","202506","10","6,055","12","5","2020","다정중앙로 20","202508~202707","갱신","-","5,830","10","아파트"
"12966","세종특별자치시  다정동","926","0926","0000","가온마을12단지","월세","59.8817","202506","10","2,000","92","5","2018","다정남로 123","202507~202601","신규","-","","","아파트"
"12967","세종특별자치시  다정동","916","0916","0000","가온마을3단지","전세","75.5531","202506","10","20,000","0","12","2018","다정북로 109","202506~202706","신규","-","","","아파트"
"12968","세종특별자치시  다정동","970","0970","0000","가온마을11단지(세종지웰푸르지오)","전세","74.2745","202506","10","20,000","0","8","2019","가온로 10","202506~202706","신규","-","","","아파트"
"12969","세종특별자치시  다정동","965","0965","0000","가온마을7단지","월세","46.1600","202506","10","6,055","12","9","2020","다정중앙로 20","202508~202707","갱신","-","5,830","10","아파트"
"12970","세종특별자치시  집현동","1192","1192","0000","새나루마을9단지세종어울림파밀리에센트럴","월세","100.9200","202506","10","2,500","100","19","2021","시청대로 642","202507~202707","신규","-","","","아파트"
"12971","세종특별자치시  산울동","259","0259","0000","산울마을2단지(세종자이더시티)","전세","124.2733","202506","10","34,000","0","7","2024","산울3로 45","202506~202706","신규","-","","","아파트"
"12972","세종특별자치시  어진동","649","0649","0000","호수의 아침","월세","19.9330","202506","10","1,000","67","8","2014","가름로 253","202506~202606","신규","-","","","아파트"
"12973","세종특별자치시  어진동","548","0548","0000","세종리슈빌S","월세","18.0325","202506","10","500","55","7","2014","한누리대로 496","202506~202606","신규","-","","","아파트"
"12974","세종특별자치시  어진동","613","0613","0000","더샵레이크파크","전세","84.7300","202506","10","23,000","0","6","2013","다솜로 290","202507~202707","신규","-","","","아파트"
"12975","세종특별자치시  종촌동","690","0690","0000","가재마을5단지","전세","59.9383","202506","10","20,000","0","20","2014","도움1로 105","202507~202707","신규","-","","","아파트"
"12976","세종특별자치시  종촌동","690","0690","0000","가재마을5단지","전세","59.9474","202506","10","20,000","0","24","2014","도움1로 105","202507~202707","신규","-","","","아파트"
"12977","세종특별자치시  다정동","916","0916","0000","가온마을3단지","전세","59.8969","202506","09","14,476","0","2","2018","다정북로 109","202510~202610","신규","-","","","아파트"
"12978","세종특별자치시  다정동","970","0970","0000","가온마을11단지(세종지웰푸르지오)","월세","74.0673","202506","09","1,500","100","6","2019","가온로 10","202507~202807","신규","-","","","아파트"
"12979","세종특별자치시  종촌동","690","0690","0000","가재마을5단지","전세","59.9383","202506","09","21,000","0","6","2014","도움1로 105","202507~202707","신규","-","","","아파트"
"12980","세종특별자치시  종촌동","697","0697","0000","가재마을9단지","월세","84.6630","202506","09","2,000","90","8","2014","도움1로 55","202507~202707","갱신","사용","2,000","85","아파트"
"12981","세종특별자치시  어진동","548","0548","0000","세종리슈빌S","월세","21.2595","202506","09","0","60","10","2014","한누리대로 496","202506~202606","신규","-","","","아파트"
"12982","세종특별자치시  어진동","603","0603","0000","더샵센트럴시티","월세","84.7300","202506","09","2,000","95","10","2013","갈매로 480","202508~202706","신규","-","","","아파트"
"12983","세종특별자치시  어진동","603","0603","0000","더샵센트럴시티","월세","84.7300","202506","09","2,000","95","10","2013","갈매로 480","-","-","-","","","아파트"
"12984","세종특별자치시  새롬동","558","0558","0000","새뜸마을10단지(더샵힐스테이트)","전세","59.9079","202506","09","22,000","0","2","2017","새롬중앙로 90","-","-","-","","","아파트"
"12985","세종특별자치시  새롬동","558","0558","0000","새뜸마을10단지(더샵힐스테이트)","전세","59.9079","202506","09","22,000","0","2","2017","새롬중앙로 90","202506~202706","신규","-","","","아파트"
"12986","세종특별자치시  해밀동","649","0649","0000","해밀마을1단지","월세","59.4000","202506","09","2,000","90","10","2020","해밀3로 32","202508~202707","신규","-","","","아파트"
"12987","세종특별자치시  산울동","산7","0007","0000","산울마을8단지엘리프세종6-3","월세","74.9800","202506","09","3,000","100","23","2025","산울7로 10","202507~202707","신규","-","","","아파트"
"12988","세종특별자치시  산울동","산7","0007","0000","산울마을8단지엘리프세종6-3","월세","55.9500","202506","09","2,000","85","19","2025","산울7로 10","202507~202707","신규","-","","","아파트"
"12989","세종특별자치시  다정동","916","0916","0000","가온마을3단지","전세","59.8969","202506","09","14,476","0","2","2018","다정북로 109","202510~202610","신규","-","","","아파트"
"12990","세종특별자치시  다정동","960","0960","0000","가온마을1단지(힐스테이트)","전세","74.9668","202506","09","23,100","0","26","2018","다정남로 22","202507~202707","갱신","사용","22,000","0","아파트"
"12991","세종특별자치시  새롬동","611","0611","0000","새뜸마을9단지(금성백조예미지)","전세","101.9653","202506","09","33,000","0","12","2017","새롬남로 98","202507~202707","신규","-","","","아파트"
"12992","세종특별자치시  새롬동","556","0556","0000","새뜸마을7단지(투머로우시티)","월세","59.8700","202506","09","5,000","39","4","2017","새롬중앙로 89","202308~202510","갱신","-","3,900","44","아파트"
"12993","세종특별자치시  종촌동","690","0690","0000","가재마을5단지","전세","59.9383","202506","09","21,000","0","6","2014","도움1로 105","-","-","-","","","아파트"
"12994","세종특별자치시  고운동","1400","1400","0000","이지더원(가락마을10단지)","전세","84.9864","202506","09","22,000","0","7","2015","마음로 181","202507~202707","신규","-","","","아파트"
"12995","세종특별자치시  보람동","779","0779","0000","호려울마을6단지(모아엘가)","전세","101.6500","202506","09","34,500","0","8","2017","보람동로 13","202506~202706","갱신","-","34,000","0","아파트"
"12996","세종특별자치시  조치원읍 신흥리","393","0393","0000","신흥주공","전세","59.9900","202506","09","12,000","0","14","1999","이화로 5","-","-","-","","","아파트"
"12997","세종특별자치시  소담동","586","0586","0000","새샘마을6단지(한신더휴펜타힐스)","전세","59.9500","202506","09","18,900","0","22","2017","남세종로 302","202507~202707","갱신","사용","18,000","0","아파트"
"12998","세종특별자치시  소담동","545","0545","0000","새샘마을4단지","월세","37.5600","202506","09","859","26","5","2022","소담3로 21","202506~202705","갱신","-","2,159","22","아파트"
"12999","세종특별자치시  소담동","550","0550","0000","새샘마을3단지(모아미래도리버시티)","월세","84.9989","202506","09","3,000","90","28","2016","시청대로 236","202508~202708","신규","-","","","아파트"
"13000","세종특별자치시  소담동","521","0521","0000","새샘마을9단지(중흥S클래스리버뷰)","전세","84.9779","202506","09","28,000","0","5","2016","국책연구원1로 15","202506~202706","신규","-","","","아파트"
"13001","세종특별자치시  금남면 용포리","320","0320","0000","두진리버빌","월세","43.0080","202506","09","500","55","10","2000","용포2길 70","202506~202706","신규","-","","","아파트"
"13002","세종특별자치시  나성동","737","0737","0000","포레뷰투도시형생활주택","전세","28.2095","202506","09","10,790","0","4","2017","한누리대로 291","202507~202707","신규","-","","","아파트"
"13003","세종특별자치시  나성동","853","0853","0000","나릿재마을2단지","전세","99.2578","202506","09","39,000","0","41","2021","중앙공원서로 10","202508~202708","신규","-","","","아파트"
"13004","세종특별자치시  나성동","764","0764","0000","세종갤러리밸류시티","월세","31.1089","202506","09","500","54","6","2015","한누리대로 288","202506~202606","신규","-","","","아파트"
"13005","세종특별자치시  나성동","831","0831","0000","나릿재마을4단지","전세","84.7320","202506","09","30,450","0","23","2021","나성북로 47","202506~202706","갱신","사용","29,000","0","아파트"
"13006","세종특별자치시  나성동","831","0831","0000","나릿재마을4단지","전세","84.7320","202506","09","30,450","0","23","2021","나성북로 47","202506~202706","갱신","사용","29,000","0","아파트"
"13007","세종특별자치시  나성동","853","0853","0000","나릿재마을2단지","전세","114.6115","202506","09","49,000","0","9","2021","중앙공원서로 10","202508~202708","신규","-","","","아파트"
"13008","세종특별자치시  나성동","727","0727","0000","SR파크센텀","월세","21.5812","202506","09","500","60","4","2019","한누리대로 331","202507~202606","신규","-","","","아파트"
"13009","세종특별자치시  반곡동","858","0858","0000","수루배마을8단지","월세","46.2500","202506","09","5,997","11","11","2023","시청대로 546","202505~202704","갱신","-","3,197","28","아파트"
"13010","세종특별자치시  조치원읍 원리","141-53","0141","0053","조치원역행복주택","월세","44.3800","202506","09","4,992","7","6","2025","충현로 154","202405~202705","갱신","-","3,492","16","아파트"
"13011","세종특별자치시  조치원읍 원리","141-53","0141","0053","조치원역행복주택","월세","26.8200","202506","09","424","15","11","2025","충현로 154","202505~202707","갱신","-","2,124","10","아파트"
"13012","세종특별자치시  반곡동","1035","1035","0000","수루배마을6단지","전세","59.9000","202506","09","20,000","0","18","2019","시청대로 598","202507~202707","신규","-","","","아파트"
"13013","세종특별자치시  반곡동","852","0852","0000","수루배마을3단지","전세","84.9388","202506","09","27,000","0","8","2019","반곡로 15","202508~202708","신규","-","","","아파트"
"13014","세종특별자치시  한솔동","971","0971","0000","첫마을5단지(푸르지오)","전세","84.7000","202506","09","19,900","0","13","2012","누리로 59","202506~202611","신규","-","","","아파트"
"13015","세종특별자치시  한솔동","976","0976","0000","첫마을7단지(래미안)","전세","59.1000","202506","09","18,400","0","7","2012","나리로 57","202508~202708","신규","-","","","아파트"
"13016","세종특별자치시  한솔동","976","0976","0000","첫마을7단지(래미안)","월세","114.8400","202506","09","3,000","110","11","2012","나리로 38","202507~202707","신규","-","","","아파트"
"13017","세종특별자치시  한솔동","976","0976","0000","첫마을7단지(래미안)","전세","101.9500","202506","09","23,000","0","15","2012","나리로 38","202506~202706","신규","-","","","아파트"
"13018","세종특별자치시  한솔동","940","0940","0000","첫마을2단지(퍼스트프라임)","전세","84.9100","202506","09","24,000","0","18","2011","노을3로 19","202507~202707","신규","-","","","아파트"
"13019","세종특별자치시  고운동","1705","1705","0000","가락마을5단지(유승한내들)","전세","59.9058","202506","09","18,000","0","7","2015","마음안로 34","202507~202707","신규","-","","","아파트"
"13020","세종특별자치시  고운동","1729","1729","0000","가락마을1단지(힐데스하임)","월세","107.1454","202506","09","3,000","130","4","2018","마음로 67","202507~202707","신규","-","","","아파트"
"13021","세종특별자치시  고운동","1731","1731","0000","가락마을2단지","전세","107.1433","202506","09","23,000","0","13","2019","마음로 49","202507~202605","갱신","사용","23,000","0","아파트"
"13022","세종특별자치시  고운동","1731","1731","0000","가락마을2단지","전세","107.6953","202506","09","21,000","0","4","2019","마음로 49","202506~202706","갱신","사용","20,000","0","아파트"
"13023","세종특별자치시  고운동","1386","1386","0000","가락마을17단지(골드클래스)","월세","59.9159","202506","09","2,000","70","4","2015","마음안1로 167","202506~202606","신규","-","","","아파트"
"13024","세종특별자치시  아름동","1284","1284","0000","범지기마을7단지 호반에코시티","전세","84.8928","202506","09","22,000","0","2","2014","달빛1로 158","202507~202707","신규","-","","","아파트"
"13025","세종특별자치시  아름동","1357","1357","0000","범지기마을6단지(세종상록어울림)","전세","74.9700","202506","09","16,069","0","12","2014","달빛로 135","202507~202707","신규","-","","","아파트"
"13026","세종특별자치시  아름동","1277","1277","0000","대우푸르지오(10단지)","전세","84.9238","202506","09","19,500","0","22","2014","달빛로 211","202507~202707","신규","-","","","아파트"
"13027","세종특별자치시  아름동","1277","1277","0000","대우푸르지오(10단지)","전세","84.9375","202506","08","23,000","0","15","2014","달빛로 211","202507~202707","신규","-","","","아파트"
"13028","세종특별자치시  고운동","1724","1724","0000","가락마을7단지(중흥S-클래스프라디움)","월세","84.9931","202506","08","3,000","80","7","2015","마음안로 13","202507~202803","신규","-","","","아파트"
"13029","세종특별자치시  보람동","784","0784","0000","호려울마을 4단지 센트럴파크","전세","80.8021","202506","08","25,000","0","8","2017","남세종로 469","202506~202706","갱신","사용","24,000","0","아파트"
"13030","세종특별자치시  보람동","732","0732","0000","호려울마을2단지","월세","36.9300","202506","08","3,970","9","7","2018","보람1길 12","202503~202705","갱신","-","1,670","23","아파트"
"13031","세종특별자치시  소담동","521","0521","0000","새샘마을9단지(중흥S클래스리버뷰)","전세","98.2270","202506","08","27,000","0","16","2016","국책연구원1로 15","202506~202706","갱신","사용","27,000","0","아파트"
"13032","세종특별자치시  다정동","926","0926","0000","가온마을12단지","월세","59.1683","202506","08","10,000","53","2","2018","다정남로 123","202508~202708","갱신","-","10,000","50","아파트"
"13033","세종특별자치시  다정동","960","0960","0000","가온마을1단지(힐스테이트)","전세","84.9750","202506","08","28,000","0","24","2018","다정남로 22","202507~202707","신규","-","","","아파트"
"13034","세종특별자치시  어진동","649","0649","0000","호수의 아침","월세","17.4250","202506","08","500","45","9","2014","가름로 253","202506~202606","신규","-","","","아파트"
"13035","세종특별자치시  어진동","649","0649","0000","호수의 아침","월세","17.4250","202506","08","300","50","8","2014","가름로 253","202506~202512","신규","-","","","아파트"
"13036","세종특별자치시  새롬동","605","0605","0000","새뜸마을5단지(메이저시티)","월세","59.9539","202506","07","10,000","45","21","2017","새롬중앙로 19","202507~202707","신규","-","","","아파트"
"13037","세종특별자치시  새롬동","599","0599","0000","새뜸마을2단지(메이저시티)","전세","59.9602","202506","07","19,950","0","7","2017","새롬남로 17","202507~202707","갱신","사용","19,000","0","아파트"
"13038","세종특별자치시  어진동","603","0603","0000","더샵센트럴시티","월세","84.7300","202506","07","3,000","95","3","2013","갈매로 480","202506~202705","신규","-","","","아파트"
"13039","세종특별자치시  산울동","산7","0007","0000","산울마을8단지엘리프세종6-3","월세","55.9500","202506","07","2,000","85","19","2025","산울7로 10","202507~202707","신규","-","","","아파트"
"13040","세종특별자치시  종촌동","690","0690","0000","가재마을5단지","전세","59.9383","202506","07","22,000","0","6","2014","도움1로 105","202508~202708","신규","-","","","아파트"
"13041","세종특별자치시  종촌동","697","0697","0000","가재마을9단지","전세","96.2830","202506","07","24,150","0","21","2014","도움1로 55","202507~202707","갱신","사용","23,000","0","아파트"
"13042","세종특별자치시  다정동","964","0964","0000","가온마을4단지","월세","84.9900","202506","07","5,000","100","11","2019","다정중앙로 19","202507~202707","신규","-","","","아파트"
"13043","세종특별자치시  다정동","964","0964","0000","가온마을4단지","전세","84.9900","202506","07","30,000","0","9","2019","다정중앙로 19","202506~202706","신규","-","","","아파트"
"13044","세종특별자치시  도담동","853","0853","0000","도램마을10단지 호반 어반시티","월세","84.7572","202506","07","3,000","100","5","2014","보듬4로 20","202508~202708","신규","-","","","아파트"
"13045","세종특별자치시  나성동","833","0833","0000","나릿재마을3단지","전세","84.1711","202506","07","29,400","0","9","2021","국세청로 45","202506~202706","신규","-","","","아파트"
"13046","세종특별자치시  아름동","1277","1277","0000","대우푸르지오(10단지)","월세","84.9539","202506","07","5,000","70","20","2014","달빛로 211","202507~202707","신규","-","","","아파트"
"13047","세종특별자치시  아름동","1363","1363","0000","범지기마을11단지(영무예다음)","월세","84.9821","202506","07","2,000","90","17","2014","보듬3로 73","202507~202707","신규","-","","","아파트"
"13048","세종특별자치시  아름동","1284","1284","0000","범지기마을7단지 호반에코시티","전세","84.8928","202506","07","23,000","0","8","2014","달빛1로 158","202508~202708","신규","-","","","아파트"
"13049","세종특별자치시  도담동","855","0855","0000","도램마을9단지(제일풍경채)","전세","95.8044","202506","07","30,450","0","9","2015","보람로 15","202506~202706","갱신","사용","29,000","0","아파트"
"13050","세종특별자치시  소담동","586","0586","0000","새샘마을6단지(한신더휴펜타힐스)","전세","59.7700","202506","07","20,000","0","1","2017","남세종로 302","202508~202708","신규","-","","","아파트"
"13051","세종특별자치시  소담동","597","0597","0000","새샘마을1단지","전세","84.9917","202506","07","29,000","0","10","2018","남세종로 357","202508~202708","신규","-","","","아파트"
"13052","세종특별자치시  보람동","713","0713","0000","호려울마을10단지(중흥S클래스)","월세","98.0608","202506","07","2,000","110","8","2016","시청대로 210","202507~202707","신규","-","","","아파트"
"13053","세종특별자치시  도담동","653","0653","0000","도램마을11단지(반도유보라)","월세","84.9783","202506","07","2,000","100","10","2017","보듬4로 9","202507~202707","신규","-","","","아파트"
"13054","세종특별자치시  고운동","1731","1731","0000","가락마을2단지","월세","107.1433","202506","07","5,000","100","7","2019","마음로 49","202507~202707","신규","-","","","아파트"
"13055","세종특별자치시  한솔동","976","0976","0000","첫마을7단지(래미안)","전세","114.6100","202506","07","30,000","0","24","2012","나리로 38","202508~202708","갱신","-","30,000","0","아파트"
"13056","세종특별자치시  소담동","586","0586","0000","새샘마을6단지(한신더휴펜타힐스)","전세","59.9500","202506","07","20,000","0","27","2017","남세종로 302","202508~202708","신규","-","","","아파트"
"13057","세종특별자치시  고운동","1724","1724","0000","가락마을7단지(중흥S-클래스프라디움)","전세","84.9931","202506","07","22,000","0","11","2015","마음안로 13","202507~202707","신규","-","","","아파트"
"13058","세종특별자치시  고운동","2111","2111","0000","가락마을19단지","전세","59.6506","202506","07","18,000","0","5","2019","밝은뜰로 15","202506~202706","갱신","-","17,000","0","아파트"
"13059","세종특별자치시  보람동","779","0779","0000","호려울마을6단지(모아엘가)","전세","101.6500","202506","07","34,000","0","8","2017","보람동로 13","202505~202705","갱신","사용","34,000","0","아파트"
"13060","세종특별자치시  조치원읍 신흥리","398","0398","0000","신흥대우푸르지오","월세","84.9228","202506","07","1,000","72","3","2006","도원1로 16","202507~202609","갱신","사용","1,000","69","아파트"
"13061","세종특별자치시  고운동","1728","1728","0000","가락마을6단지(중흥S클래스프라디움)","전세","59.9942","202506","07","20,000","0","20","2015","마음로 14","202507~202707","신규","-","","","아파트"
"13062","세종특별자치시  고운동","1728","1728","0000","가락마을6단지(중흥S클래스프라디움)","월세","59.6866","202506","07","2,000","70","14","2015","마음로 14","202507~202707","신규","-","","","아파트"
"13063","세종특별자치시  고운동","1708","1708","0000","가락마을3단지(호반베르디움)","월세","84.9893","202506","07","1,000","90","14","2014","마음안로 47","202506~202706","신규","-","","","아파트"
"13064","세종특별자치시  소담동","550","0550","0000","새샘마을3단지(모아미래도리버시티)","전세","84.9989","202506","07","25,000","0","20","2016","시청대로 236","202506~202706","갱신","사용","24,000","0","아파트"
"13065","세종특별자치시  대평동","704","0704","0000","해들마을4단지","전세","98.1108","202506","07","21,000","0","4","2018","대평로 34","202506~202706","갱신","사용","20,000","0","아파트"
"13066","세종특별자치시  한솔동","976","0976","0000","첫마을7단지(래미안)","전세","59.1000","202506","07","21,000","0","8","2012","나리로 57","202507~202707","신규","-","","","아파트"
"13067","세종특별자치시  도담동","636","0636","0000","도램마을18단지(모아미래도)","전세","84.9448","202506","07","23,000","0","5","2015","보듬4로 85","202506~202706","신규","-","","","아파트"
"13068","세종특별자치시  도담동","633","0633","0000","도램마을20단지(에듀파크)","전세","84.8568","202506","07","21,000","0","9","2014","보람로 96","202505~202705","신규","-","","","아파트"
"13069","세종특별자치시  도담동","853","0853","0000","도램마을10단지 호반 어반시티","전세","84.7572","202506","06","22,050","0","30","2014","보듬4로 20","202506~202606","신규","-","","","아파트"
"13070","세종특별자치시  도담동","685","0685","0000","도램마을2단지(웅진스타클래스)","월세","44.9900","202506","06","2,000","70","7","2014","다솜1로 164","202506~202706","신규","-","","","아파트"
"13071","세종특별자치시  대평동","704","0704","0000","해들마을4단지","전세","84.9916","202506","06","26,000","0","1","2018","대평로 34","202507~202707","신규","-","","","아파트"
"13072","세종특별자치시  소담동","598","0598","0000","새샘마을5단지(한양수자인엘시티)","전세","59.4544","202506","06","22,000","0","15","2017","남세종로 301","-","-","-","","","아파트"
"13073","세종특별자치시  나성동","833","0833","0000","나릿재마을3단지","전세","98.8226","202506","06","42,000","0","30","2021","국세청로 45","202507~202707","신규","-","","","아파트"
"13074","세종특별자치시  나성동","833","0833","0000","나릿재마을3단지","전세","84.1711","202506","06","34,000","0","13","2021","국세청로 45","202508~202708","신규","-","","","아파트"
"13075","세종특별자치시  소담동","598","0598","0000","새샘마을5단지(한양수자인엘시티)","전세","59.4544","202506","06","22,000","0","15","2017","남세종로 301","202507~202707","신규","-","","","아파트"
"13076","세종특별자치시  고운동","1705","1705","0000","가락마을5단지(유승한내들)","월세","59.9013","202506","06","2,000","68","23","2015","마음안로 34","-","-","-","","","아파트"
"13077","세종특별자치시  도담동","858","0858","0000","도램마을 14단지(한림풀에버)","전세","99.9860","202506","06","31,000","0","5","2015","보듬2로 42","202508~202708","신규","-","","","아파트"
"13078","세종특별자치시  고운동","1386","1386","0000","가락마을17단지(골드클래스)","전세","59.9159","202506","06","16,500","0","5","2015","마음안1로 167","202505~202705","갱신","-","16,500","0","아파트"
"13079","세종특별자치시  도담동","632","0632","0000","중흥 그린카운티(13단지)","전세","59.1132","202506","06","18,000","0","18","2014","보람로 95","202506~202706","갱신","사용","18,000","0","아파트"
"13080","세종특별자치시  도담동","633","0633","0000","도램마을20단지(에듀파크)","전세","84.8568","202506","06","22,000","0","16","2014","보람로 96","202506~202706","갱신","-","20,000","0","아파트"
"13081","세종특별자치시  보람동","713","0713","0000","호려울마을10단지(중흥S클래스)","전세","109.9692","202506","06","40,000","0","10","2016","시청대로 210","202507~202707","신규","-","","","아파트"
"13082","세종특별자치시  고운동","1393","1393","0000","가락마을15단지(중흥파크뷰)","전세","84.9894","202506","06","19,000","0","11","2015","마음안로 190","202507~202707","신규","-","","","아파트"
"13083","세종특별자치시  나성동","750","0750","0000","세종마루(CB5-3BL)","월세","25.7050","202506","06","300","55","5","2015","한누리대로 227","202506~202606","신규","-","","","아파트"
"13084","세종특별자치시  반곡동","899","0899","0000","수루배마을5단지","월세","59.8970","202506","06","3,000","70","5","2018","반곡2길 9","202507~202707","신규","-","","","아파트"
"13085","세종특별자치시  한솔동","939","0939","0000","첫마을1단지(퍼스트프라임)","월세","59.6100","202506","06","2,000","70","3","2011","노을3로 14","202506~202706","신규","-","","","아파트"
"13086","세종특별자치시  반곡동","897","0897","0000","수루배마을2단지","월세","62.9820","202506","06","5,000","65","7","2019","반곡1길 9","202508~202708","신규","-","","","아파트"
"13087","세종특별자치시  반곡동","852","0852","0000","수루배마을3단지","전세","84.7971","202506","06","21,000","0","5","2019","반곡로 15","202506~202706","갱신","사용","20,000","0","아파트"
"13088","세종특별자치시  반곡동","851","0851","0000","수루배마을1단지","전세","96.9250","202506","06","31,000","0","5","2019","반곡로 14","202510~202710","갱신","사용","30,000","0","아파트"
"13089","세종특별자치시  반곡동","851","0851","0000","수루배마을1단지","전세","84.4540","202506","06","27,000","0","7","2019","반곡로 14","202507~202707","신규","-","","","아파트"
"13090","세종특별자치시  조치원읍 죽림리","72","0072","0000","죽림우방유셀","전세","84.8058","202506","06","15,000","0","7","2008","산막길 17","202507~202707","신규","-","","","아파트"
"13091","세종특별자치시  소담동","598","0598","0000","새샘마을5단지(한양수자인엘시티)","전세","59.4544","202506","06","17,320","0","20","2017","남세종로 301","202507~202707","신규","-","","","아파트"
"13092","세종특별자치시  해밀동","649","0649","0000","해밀마을1단지","전세","120.8800","202506","06","35,000","0","15","2020","해밀3로 32","202508~202707","신규","-","","","아파트"
"13093","세종특별자치시  새롬동","601","0601","0000","새뜸마을1단지(메이저시티)","전세","84.9645","202506","06","28,000","0","6","2017","새롬남로 18","202508~202708","신규","-","","","아파트"
"13094","세종특별자치시  새롬동","605","0605","0000","새뜸마을5단지(메이저시티)","월세","84.9645","202506","06","10,000","80","26","2017","새롬중앙로 19","202508~202708","신규","-","","","아파트"
"13095","세종특별자치시  새롬동","563","0563","0000","새뜸마을14단지(더샵힐스테이트)","전세","107.6708","202506","06","35,000","0","3","2017","새롬로 56","202508~202708","신규","-","","","아파트"
"13096","세종특별자치시  집현동","1189","1189","0000","새나루마을3단지","월세","97.2300","202506","06","5,000","100","14","2021","집현서로 45","202508~202708","신규","-","","","아파트"
"13097","세종특별자치시  집현동","1187","1187","0000","새나루마을4단지","월세","59.9800","202506","06","10,000","30","1","2021","집현서로 57","202507~202611","신규","-","","","아파트"
"13098","세종특별자치시  어진동","548","0548","0000","세종리슈빌S","월세","18.0325","202506","06","500","55","5","2014","한누리대로 496","202506~202606","신규","-","","","아파트"
"13099","세종특별자치시  어진동","649","0649","0000","호수의 아침","월세","17.4250","202506","06","500","45","6","2014","가름로 253","202506~202606","신규","-","","","아파트"
"13100","세종특별자치시  어진동","548","0548","0000","세종리슈빌S","월세","19.3525","202506","06","500","55","6","2014","한누리대로 496","202506~202606","신규","-","","","아파트"
"13101","세종특별자치시  어진동","682","0682","0000","한뜰마을5단지(세종린스트라우스)","전세","84.9503","202506","06","35,000","0","19","2022","다솜로 7","202509~202709","신규","-","","","아파트"
"13102","세종특별자치시  종촌동","640","0640","0000","가재마을4단지(센트레빌)","월세","74.9800","202506","06","2,000","80","8","2015","도움3로 160","202508~202508","신규","-","","","아파트"
"13103","세종특별자치시  종촌동","652","0652","0000","가재마을12단지","전세","84.9941","202506","06","25,000","0","10","2015","달빛로 80","202508~202708","신규","-","","","아파트"
"13104","세종특별자치시  종촌동","690","0690","0000","가재마을5단지","월세","59.9383","202506","06","5,000","70","18","2014","도움1로 105","202507~202707","신규","-","","","아파트"
"13105","세종특별자치시  종촌동","654","0654","0000","가재마을11단지","월세","59.6144","202506","06","1,000","72","7","2013","도움3로 75","202506~202606","신규","-","","","아파트"
"13106","세종특별자치시  종촌동","690","0690","0000","가재마을5단지","월세","59.9383","202506","06","2,000","80","23","2014","도움1로 105","202506~202706","신규","-","","","아파트"
"13107","세종특별자치시  종촌동","640","0640","0000","가재마을4단지(센트레빌)","월세","74.9800","202506","06","2,000","80","8","2015","도움3로 160","202508~202708","신규","-","","","아파트"
"13108","세종특별자치시  다정동","916","0916","0000","가온마을3단지","전세","75.5531","202506","06","23,000","0","16","2018","다정북로 109","202507~202707","신규","-","","","아파트"
"13109","세종특별자치시  다정동","916","0916","0000","가온마을3단지","전세","84.9020","202506","06","26,000","0","8","2018","다정북로 109","202507~202707","신규","-","","","아파트"
"13110","세종특별자치시  다정동","918","0918","0000","가온마을6단지","전세","84.9837","202506","06","24,300","0","14","2018","다정중앙로 77","202508~202708","신규","-","","","아파트"
"13111","세종특별자치시  해밀동","649","0649","0000","해밀마을1단지","월세","59.4000","202506","05","10,000","50","6","2020","해밀3로 32","202506~202706","신규","-","","","아파트"
"13112","세종특별자치시  다정동","926","0926","0000","가온마을12단지","전세","59.8817","202506","05","25,000","0","6","2018","다정남로 123","202507~202707","신규","-","","","아파트"
"13113","세종특별자치시  종촌동","640","0640","0000","가재마을4단지(센트레빌)","전세","84.9900","202506","05","19,000","0","5","2015","도움3로 160","202507~202707","신규","-","","","아파트"
"13114","세종특별자치시  다정동","964","0964","0000","가온마을4단지","전세","59.9900","202506","05","21,000","0","5","2019","다정중앙로 19","202507~202707","신규","-","","","아파트"
"13115","세종특별자치시  산울동","259","0259","0000","산울마을2단지(세종자이더시티)","월세","101.4205","202506","05","2,000","140","3","2024","산울3로 45","202508~202708","신규","-","","","아파트"
"13116","세종특별자치시  해밀동","635","0635","0000","해밀마을2단지","전세","84.5400","202506","05","28,000","0","11","2020","해밀3로 90","202507~202707","신규","-","","","아파트"
"13117","세종특별자치시  해밀동","635","0635","0000","해밀마을2단지","전세","84.9500","202506","05","30,000","0","22","2020","해밀3로 90","202508~202708","신규","-","","","아파트"
"13118","세종특별자치시  집현동","1192","1192","0000","새나루마을9단지세종어울림파밀리에센트럴","월세","59.9300","202506","05","3,000","75","16","2021","시청대로 642","202509~202709","신규","-","","","아파트"
"13119","세종특별자치시  집현동","1181","1181","0000","새나루마을11단지세종어울림파밀리에센트럴","전세","59.9800","202506","05","23,000","0","13","2021","집현서2로 84","202507~202707","신규","-","","","아파트"
"13120","세종특별자치시  집현동","1192","1192","0000","새나루마을9단지세종어울림파밀리에센트럴","월세","59.9300","202506","05","3,000","75","16","2021","시청대로 642","202509~202709","신규","-","","","아파트"
"13121","세종특별자치시  어진동","554","0554","0000","한뜰마을1단지(상록데시앙)","월세","34.0010","202506","05","1,872","23","6","2013","갈매로 479","202509~202708","갱신","-","1,783","22","아파트"
"13122","세종특별자치시  어진동","603","0603","0000","더샵센트럴시티","전세","84.7300","202506","05","26,000","0","12","2013","갈매로 480","202508~202708","신규","-","","","아파트"
"13123","세종특별자치시  어진동","603","0603","0000","더샵센트럴시티","전세","84.7300","202506","05","26,000","0","12","2013","갈매로 480","202508~202708","신규","-","","","아파트"
"13124","세종특별자치시  어진동","603","0603","0000","더샵센트럴시티","월세","84.7300","202506","05","10,000","60","8","2013","갈매로 480","202507~202707","갱신","사용","10,000","50","아파트"
"13125","세종특별자치시  어진동","682","0682","0000","한뜰마을5단지(세종린스트라우스)","전세","84.9503","202506","05","35,000","0","31","2022","다솜로 7","202507~202707","신규","-","","","아파트"
"13126","세종특별자치시  어진동","603","0603","0000","더샵센트럴시티","전세","84.7300","202506","05","26,000","0","12","2013","갈매로 480","202508~202708","신규","-","","","아파트"
"13127","세종특별자치시  새롬동","599","0599","0000","새뜸마을2단지(메이저시티)","전세","59.9602","202506","05","23,000","0","5","2017","새롬남로 17","202507~202707","신규","-","","","아파트"
"13128","세종특별자치시  새롬동","605","0605","0000","새뜸마을5단지(메이저시티)","전세","59.9602","202506","05","18,200","0","3","2017","새롬중앙로 19","202508~202708","신규","-","","","아파트"
"13129","세종특별자치시  새롬동","614","0614","0000","새뜸마을12단지(금성백조예미지)","전세","84.9936","202506","05","29,000","0","17","2017","새롬남로 102","202506~202706","신규","-","","","아파트"
"13130","세종특별자치시  새롬동","561","0561","0000","새뜸마을11단지(더샵힐스테이트)","전세","98.6414","202506","05","35,000","0","10","2017","새롬로 55","202506~202706","신규","-","","","아파트"
"13131","세종특별자치시  새롬동","605","0605","0000","새뜸마을5단지(메이저시티)","전세","59.9602","202506","05","18,200","0","3","2017","새롬중앙로 19","202508~202708","신규","-","","","아파트"
"13132","세종특별자치시  새롬동","599","0599","0000","새뜸마을2단지(메이저시티)","월세","59.9602","202506","05","1,000","90","10","2017","새롬남로 17","202506~202606","갱신","-","1,000","90","아파트"
"13133","세종특별자치시  새롬동","599","0599","0000","새뜸마을2단지(메이저시티)","전세","59.9602","202506","05","23,000","0","5","2017","새롬남로 17","202507~202707","신규","-","","","아파트"
"13134","세종특별자치시  다정동","960","0960","0000","가온마을1단지(힐스테이트)","월세","84.9576","202506","05","3,000","100","3","2018","다정남로 22","202506~202706","신규","-","","","아파트"
"13135","세종특별자치시  다정동","965","0965","0000","가온마을7단지","월세","37.1200","202506","05","1,073","24","10","2020","다정중앙로 20","202502~202701","갱신","-","1,973","21","아파트"
"13136","세종특별자치시  나성동","714","0714","0000","에스알파크","월세","35.1933","202506","05","500","62","7","2014","한누리대로 205","202506~202606","신규","-","","","아파트"
"13137","세종특별자치시  아름동","1353","1353","0000","범지기마을5단지(세종상록어울림)","전세","36.7080","202506","05","7,677","0","1","2014","달빛1로 122","202510~202709","갱신","-","8,777","0","아파트"
"13138","세종특별자치시  아름동","1353","1353","0000","범지기마을5단지(세종상록어울림)","월세","59.9170","202506","05","2,796","37","7","2014","달빛1로 122","202506~202706","신규","-","","","아파트"
"13139","세종특별자치시  아름동","1277","1277","0000","대우푸르지오(10단지)","전세","84.9539","202506","05","20,000","0","10","2014","달빛로 211","202507~202707","신규","-","","","아파트"
"13140","세종특별자치시  반곡동","1035","1035","0000","수루배마을6단지","전세","59.9000","202506","05","20,000","0","12","2019","시청대로 598","202507~202707","갱신","-","12,600","0","아파트"
"13141","세종특별자치시  대평동","706","0706","0000","해들마을2단지","월세","72.5127","202506","05","2,000","80","9","2018","대평1길 37","202508~202708","신규","-","","","아파트"
"13142","세종특별자치시  대평동","668","0668","0000","해들마을6단지","전세","99.1844","202506","05","28,800","0","28","2018","대평로 80","202506~202706","신규","-","","","아파트"
"13143","세종특별자치시  금남면 용포리","320","0320","0000","두진리버빌","월세","43.0080","202506","05","500","45","5","2000","용포2길 70","202506~202701","신규","-","","","아파트"
"13144","세종특별자치시  고운동","1400","1400","0000","이지더원(가락마을10단지)","월세","107.6982","202506","05","3,000","100","12","2015","마음로 181","202507~202707","신규","-","","","아파트"
"13145","세종특별자치시  고운동","1396","1396","0000","가락마을 20단지(호반베르디움5차)","전세","84.9895","202506","05","21,000","0","3","2015","만남로 190","202508~202612","갱신","-","20,000","0","아파트"
"13146","세종특별자치시  고운동","1724","1724","0000","가락마을7단지(중흥S-클래스프라디움)","월세","84.9931","202506","05","3,000","85","12","2015","마음안로 13","202506~202706","신규","-","","","아파트"
"13147","세종특별자치시  조치원읍 침산리","89","0089","0000","욱일아파트","월세","84.9900","202506","05","2,000","65","18","1996","충현로 159","202506~202706","신규","-","","","아파트"
"13148","세종특별자치시  조치원읍 신흥리","393","0393","0000","신흥주공","전세","49.2900","202506","05","12,000","0","18","1999","이화로 5","202507~202707","신규","-","","","아파트"
"13149","세종특별자치시  소담동","550","0550","0000","새샘마을3단지(모아미래도리버시티)","전세","84.9989","202506","05","24,000","0","14","2016","시청대로 236","202508~202708","갱신","사용","24,000","0","아파트"
"13150","세종특별자치시  소담동","586","0586","0000","새샘마을6단지(한신더휴펜타힐스)","월세","59.9700","202506","05","1,500","80","4","2017","남세종로 302","202508~202608","신규","-","","","아파트"
"13151","세종특별자치시  소담동","539","0539","0000","새샘마을7단지","전세","105.4098","202506","05","33,000","0","10","2020","소담8로 6","202506~202706","신규","-","","","아파트"
"13152","세종특별자치시  소담동","545","0545","0000","새샘마을4단지","월세","37.5600","202506","05","1,424","21","5","2022","소담3로 21","202405~202604","갱신","-","1,924","20","아파트"
"13153","세종특별자치시  나성동","759","0759","0000","블루지움(2-4)","전세","27.3900","202506","05","9,500","0","8","2015","한누리대로 306","202506~202706","신규","-","","","아파트"
"13154","세종특별자치시  나성동","775","0775","0000","더리치세종의아침(CB4-1BL-2BL)","전세","20.5238","202506","05","8,000","0","3","2015","한누리대로 194","202507~202707","신규","-","","","아파트"
"13155","세종특별자치시  아름동","1279","1279","0000","푸르지오(8단지)","전세","74.5191","202506","05","20,000","0","15","2013","달빛로 165","202509~202709","신규","-","","","아파트"
"13156","세종특별자치시  아름동","1353","1353","0000","범지기마을5단지(세종상록어울림)","월세","59.8210","202506","05","11,185","9","17","2014","달빛1로 122","202508~202708","갱신","-","10,992","9","아파트"
"13157","세종특별자치시  도담동","627","0627","0000","엘가에코힐(도램마을5단지)","전세","59.9973","202506","05","21,000","0","2","2015","다솜1로 220","202507~202707","신규","-","","","아파트"
"13158","세종특별자치시  도담동","859","0859","0000","현대힐스테이트(도램마을15단지)","월세","84.8411","202506","05","2,000","100","2","2014","보듬2로 43","202506~202706","신규","-","","","아파트"
"13159","세종특별자치시  아름동","1353","1353","0000","범지기마을5단지(세종상록어울림)","전세","46.3840","202506","05","9,810","0","1","2014","달빛1로 122","202508~202708","갱신","-","11,214","0","아파트"
"13160","세종특별자치시  한솔동","939","0939","0000","첫마을1단지(퍼스트프라임)","전세","119.8600","202506","05","69,000","0","24","2011","노을3로 14","202506~202508","신규","-","","","아파트"
"13161","세종특별자치시  한솔동","1226","1226","0000","첫마을4단지(대우푸르지오)","월세","84.7000","202506","05","1,000","100","15","2012","누리로 119","202506~202706","신규","-","","","아파트"
"13162","세종특별자치시  조치원읍 원리","141-53","0141","0053","조치원역행복주택","월세","26.8200","202506","05","2,524","7","8","2025","충현로 154","202505~202707","갱신","-","2,124","10","아파트"
"13163","세종특별자치시  조치원읍 원리","141-53","0141","0053","조치원역행복주택","월세","26.8200","202506","05","2,524","7","11","2025","충현로 154","202505~202707","갱신","-","2,124","10","아파트"
"13164","세종특별자치시  조치원읍 원리","141-53","0141","0053","조치원역행복주택","월세","26.9100","202506","05","460","15","10","2025","충현로 154","202505~202707","갱신","-","2,160","10","아파트"
"13165","세종특별자치시  조치원읍 죽림리","396","0396","0000","조치원죽림자이","월세","128.9491","202506","04","2,000","80","1","2008","도원로 16","202506~202706","신규","-","","","아파트"
"13166","세종특별자치시  소담동","545","0545","0000","새샘마을4단지","월세","26.5600","202506","04","2,722","10","9","2022","소담3로 21","202506~202705","갱신","-","973","14","아파트"
"13167","세종특별자치시  소담동","586","0586","0000","새샘마을6단지(한신더휴펜타힐스)","월세","75.9000","202506","04","8,000","65","6","2017","남세종로 302","202508~202708","신규","-","","","아파트"
"13168","세종특별자치시  소담동","586","0586","0000","새샘마을6단지(한신더휴펜타힐스)","월세","75.9000","202506","04","8,000","65","6","2017","남세종로 302","202509~202709","신규","-","","","아파트"
"13169","세종특별자치시  금남면 용포리","263","0263","0000","신성연기미소지움","월세","84.8768","202506","04","1,000","80","3","2007","용포2길 57-15","202506~202706","신규","-","","","아파트"
"13170","세종특별자치시  나성동","712","0712","0000","세종퍼스트타워","전세","22.6860","202506","04","7,400","0","8","2013","한누리대로 211","202506~202706","신규","-","","","아파트"
"13171","세종특별자치시  나성동","748","0748","0000","한스웰시티(CB5-1BL)","전세","25.4400","202506","04","9,500","0","8","2015","한누리대로 237","202506~202706","신규","-","","","아파트"
"13172","세종특별자치시  나성동","750","0750","0000","세종마루(CB5-3BL)","월세","25.0450","202506","04","500","55","4","2015","한누리대로 227","202506~202512","신규","-","","","아파트"
"13173","세종특별자치시  나성동","831","0831","0000","나릿재마을4단지","월세","84.5520","202506","04","5,000","130","4","2021","나성북로 47","202507~202708","신규","-","","","아파트"
"13174","세종특별자치시  나성동","748","0748","0000","한스웰시티(CB5-1BL)","월세","26.7400","202506","04","500","57","5","2015","한누리대로 237","202506~202606","신규","-","","","아파트"
"13175","세종특별자치시  나성동","748","0748","0000","한스웰시티(CB5-1BL)","전세","26.7400","202506","04","8,500","0","5","2015","한누리대로 237","202507~202607","신규","-","","","아파트"
"13176","세종특별자치시  나성동","727","0727","0000","SR파크센텀","월세","17.8518","202506","04","200","70","6","2019","한누리대로 331","202506~202509","신규","-","","","아파트"
"13177","세종특별자치시  도담동","666","0666","0000","라온프라이빗시티 Ⅱ","월세","17.8050","202506","04","500","60","7","2014","보듬3로 6","202506~202606","신규","-","","","아파트"
"13178","세종특별자치시  아름동","1353","1353","0000","범지기마을5단지(세종상록어울림)","월세","46.3840","202506","04","2,180","18","18","2014","달빛1로 122","202508~202708","갱신","-","8,826","5","아파트"
"13179","세종특별자치시  도담동","855","0855","0000","도램마을9단지(제일풍경채)","전세","95.6231","202506","04","30,000","0","12","2015","보람로 15","202507~202707","신규","-","","","아파트"
"13180","세종특별자치시  조치원읍 원리","141-53","0141","0053","조치원역행복주택","월세","26.8200","202506","04","424","15","8","2025","충현로 154","202505~202707","갱신","-","2,124","10","아파트"
"13181","세종특별자치시  아름동","1353","1353","0000","범지기마을5단지(세종상록어울림)","전세","59.9170","202506","04","13,982","0","13","2014","달빛1로 122","-","-","-","","","아파트"
"13182","세종특별자치시  아름동","1353","1353","0000","범지기마을5단지(세종상록어울림)","월세","46.3840","202506","04","8,720","7","13","2014","달빛1로 122","202508~202708","갱신","-","9,444","7","아파트"
"13183","세종특별자치시  반곡동","1035","1035","0000","수루배마을6단지","전세","72.5900","202506","04","23,000","0","13","2019","시청대로 598","202507~202707","신규","-","","","아파트"
"13184","세종특별자치시  반곡동","897","0897","0000","수루배마을2단지","월세","59.2240","202506","04","5,000","60","13","2019","반곡1길 9","202506~202706","신규","-","","","아파트"
"13185","세종특별자치시  조치원읍 번암리","66-23","0066","0023","리치빌1차임대아파트","월세","55.9035","202506","04","5,000","30","5","2015","군청로 28","202508~202707","신규","-","","","아파트"
"13186","세종특별자치시  한솔동","939","0939","0000","첫마을1단지(퍼스트프라임)","월세","84.9600","202506","04","15,000","30","8","2011","노을3로 14","202507~202707","신규","-","","","아파트"
"13187","세종특별자치시  한솔동","939","0939","0000","첫마을1단지(퍼스트프라임)","월세","84.9600","202506","04","2,000","90","6","2011","노을3로 14","202508~202601","신규","-","","","아파트"
"13188","세종특별자치시  한솔동","939","0939","0000","첫마을1단지(퍼스트프라임)","전세","102.6300","202506","04","25,000","0","22","2011","노을3로 14","202507~202707","신규","-","","","아파트"
"13189","세종특별자치시  한솔동","971","0971","0000","첫마을5단지(푸르지오)","월세","114.1600","202506","04","100","50","3","2012","누리로 59","202506~202507","신규","-","","","아파트"
"13190","세종특별자치시  아름동","1353","1353","0000","범지기마을5단지(세종상록어울림)","전세","59.9170","202506","04","13,982","0","13","2014","달빛1로 122","202508~202708","갱신","-","13,741","0","아파트"
"13191","세종특별자치시  조치원읍 침산리","89","0089","0000","욱일아파트","전세","84.9900","202506","04","15,000","0","2","1996","충현로 159","202506~202706","갱신","-","15,000","0","아파트"
"13192","세종특별자치시  고운동","1409","1409","0000","가락마을11단지(중흥에듀카운티)","전세","59.9907","202506","04","18,000","0","11","2016","마음로 152","202507~202707","신규","-","","","아파트"
"13193","세종특별자치시  고운동","1705","1705","0000","가락마을5단지(유승한내들)","월세","84.8974","202506","04","2,000","80","14","2015","마음안로 34","202508~202512","신규","-","","","아파트"
"13194","세종특별자치시  고운동","1705","1705","0000","가락마을5단지(유승한내들)","전세","59.9370","202506","04","15,000","0","2","2015","마음안로 34","202506~202706","갱신","-","15,000","0","아파트"
"13195","세종특별자치시  고운동","1705","1705","0000","가락마을5단지(유승한내들)","월세","59.9058","202506","04","5,000","55","12","2015","마음안로 34","202506~202706","갱신","-","2,000","70","아파트"
"13196","세종특별자치시  고운동","1731","1731","0000","가락마을2단지","전세","107.1433","202506","04","25,000","0","13","2019","마음로 49","202507~202707","갱신","사용","24,000","0","아파트"
"13197","세종특별자치시  고운동","1729","1729","0000","가락마을1단지(힐데스하임)","월세","111.3034","202506","04","2,000","115","4","2018","마음로 67","202506~202706","갱신","-","2,000","110","아파트"
"13198","세종특별자치시  조치원읍 침산리","89","0089","0000","욱일아파트","전세","59.9990","202506","04","13,700","0","14","1996","충현로 159","202506~202706","갱신","-","14,500","0","아파트"
"13199","세종특별자치시  대평동","704","0704","0000","해들마을4단지","전세","84.9916","202506","04","25,000","0","10","2018","대평로 34","202506~202706","신규","-","","","아파트"
"13200","세종특별자치시  대평동","705","0705","0000","해들마을3단지","월세","50.3413","202506","04","1,500","85","4","2017","대평1길 38","202507~202707","신규","-","","","아파트"
"13201","세종특별자치시  아름동","1353","1353","0000","범지기마을5단지(세종상록어울림)","전세","46.3840","202506","04","10,901","0","11","2014","달빛1로 122","202507~202707","신규","-","","","아파트"
"13202","세종특별자치시  아름동","1357","1357","0000","범지기마을6단지(세종상록어울림)","월세","74.9700","202506","04","12,855","11","11","2014","달빛로 135","202506~202706","신규","-","","","아파트"
"13203","세종특별자치시  아름동","1353","1353","0000","범지기마을5단지(세종상록어울림)","월세","46.3840","202506","04","7,630","7","9","2014","달빛1로 122","202508~202708","갱신","-","7,723","7","아파트"
"13204","세종특별자치시  도담동","685","0685","0000","도램마을2단지(웅진스타클래스)","전세","45.9800","202506","04","19,000","0","11","2014","다솜1로 164","202506~202706","갱신","-","17,500","0","아파트"
"13205","세종특별자치시  도담동","638","0638","0000","도램마을 19단지(모아미래도)","전세","99.9847","202506","04","23,000","0","12","2015","보듬4로 111","202506~202706","갱신","사용","23,000","0","아파트"
"13206","세종특별자치시  종촌동","640","0640","0000","가재마을4단지(센트레빌)","월세","74.9800","202506","04","3,000","70","6","2015","도움3로 160","202507~202707","신규","-","","","아파트"
"13207","세종특별자치시  종촌동","649","0649","0000","가재마을7단지(중흥S클래스센터파크1차)","전세","84.9941","202506","04","17,200","0","4","2014","달빛로 77","202508~202708","갱신","-","15,700","0","아파트"
"13208","세종특별자치시  새롬동","558","0558","0000","새뜸마을10단지(더샵힐스테이트)","월세","59.9331","202506","04","5,000","77","8","2017","새롬중앙로 90","202508~202708","신규","-","","","아파트"
"13209","세종특별자치시  어진동","554","0554","0000","한뜰마을1단지(상록데시앙)","월세","34.0010","202506","04","5,959","5","16","2013","갈매로 479","202508~202708","갱신","-","5,676","5","아파트"
"13210","세종특별자치시  어진동","554","0554","0000","한뜰마을1단지(상록데시앙)","전세","59.9290","202506","04","16,158","0","20","2013","갈매로 479","202507~202707","신규","-","","","아파트"
"13211","세종특별자치시  해밀동","635","0635","0000","해밀마을2단지","전세","102.8300","202506","04","35,000","0","5","2020","해밀3로 90","202509~202709","신규","-","","","아파트"
"13212","세종특별자치시  어진동","554","0554","0000","한뜰마을1단지(상록데시앙)","전세","59.9290","202506","04","16,158","0","25","2013","갈매로 479","202507~202707","신규","-","","","아파트"
"13213","세종특별자치시  어진동","554","0554","0000","한뜰마을1단지(상록데시앙)","월세","70.0550","202506","04","2,802","23","2","2013","갈매로 479","202508~202708","갱신","-","2,669","22","아파트"
"13214","세종특별자치시  어진동","554","0554","0000","한뜰마을1단지(상록데시앙)","전세","59.9290","202506","04","16,158","0","20","2013","갈매로 479","202507~202707","신규","-","","","아파트"
"13215","세종특별자치시  어진동","554","0554","0000","한뜰마을1단지(상록데시앙)","전세","59.9290","202506","04","13,325","0","15","2013","갈매로 479","202508~202708","갱신","-","12,691","0","아파트"
"13216","세종특별자치시  새롬동","558","0558","0000","새뜸마을10단지(더샵힐스테이트)","전세","84.7807","202506","04","29,400","0","18","2017","새롬중앙로 90","202508~202708","갱신","사용","28,000","0","아파트"
"13217","세종특별자치시  다정동","916","0916","0000","가온마을3단지","월세","84.9020","202506","04","4,000","90","21","2018","다정북로 109","202507~202707","신규","-","","","아파트"
"13218","세종특별자치시  새롬동","593","0593","0000","새뜸마을6단지(메이저시티)","전세","120.5051","202506","04","56,000","0","4","2017","새롬중앙1로 13","202507~202707","신규","-","","","아파트"
"13219","세종특별자치시  다정동","969","0969","0000","가온마을10단지","월세","101.8347","202506","04","8,000","90","17","2018","가온로 9","202506~202706","신규","-","","","아파트"
"13220","세종특별자치시  다정동","964","0964","0000","가온마을4단지","월세","59.9900","202506","04","3,000","85","4","2019","다정중앙로 19","202507~202707","신규","-","","","아파트"
"13221","세종특별자치시  다정동","953","0953","0000","가온마을2단지","월세","75.4773","202506","04","1,000","100","6","2018","다정북로 110","202506~202706","신규","-","","","아파트"
"13222","세종특별자치시  어진동","554","0554","0000","한뜰마을1단지(상록데시앙)","전세","70.0550","202506","04","14,012","0","4","2013","갈매로 479","202507~202707","갱신","-","13,345","0","아파트"
"13223","세종특별자치시  어진동","554","0554","0000","한뜰마을1단지(상록데시앙)","월세","59.9290","202506","04","8,394","12","18","2013","갈매로 479","202507~202707","갱신","-","9,327","8","아파트"
"13224","세종특별자치시  새롬동","558","0558","0000","새뜸마을10단지(더샵힐스테이트)","월세","59.9331","202506","04","2,000","100","17","2017","새롬중앙로 90","202507~202707","신규","-","","","아파트"
"13225","세종특별자치시  종촌동","649","0649","0000","가재마을7단지(중흥S클래스센터파크1차)","전세","84.9941","202506","03","22,000","0","28","2014","달빛로 77","202507~202707","갱신","사용","22,000","0","아파트"
"13226","세종특별자치시  해밀동","649","0649","0000","해밀마을1단지","전세","59.4800","202506","03","23,000","0","11","2020","해밀3로 32","202507~202707","신규","-","","","아파트"
"13227","세종특별자치시  어진동","673","0673","0000","한뜰마을6단지(중흥S클래스센텀뷰)","월세","84.5441","202506","03","6,500","100","18","2021","다솜로 50","202507~202707","신규","-","","","아파트"
"13228","세종특별자치시  종촌동","654","0654","0000","가재마을11단지","전세","59.6144","202506","03","19,000","0","3","2013","도움3로 75","202506~202706","신규","-","","","아파트"
"13229","세종특별자치시  종촌동","690","0690","0000","가재마을5단지","월세","59.9383","202506","03","17,000","3","24","2014","도움1로 105","202506~202706","갱신","-","17,000","0","아파트"
"13230","세종특별자치시  종촌동","679","0679","0000","가재마을3단지","전세","84.6958","202506","03","24,000","0","12","2015","도움3로 159","202507~202707","신규","-","","","아파트"
"13231","세종특별자치시  다정동","916","0916","0000","가온마을3단지","월세","84.9572","202506","03","3,000","84","9","2018","다정북로 109","202506~202706","갱신","-","3,000","80","아파트"
"13232","세종특별자치시  다정동","946","0946","0000","가온마을5단지(중흥에스클래스센텀시티)","월세","84.9837","202506","03","3,000","100","15","2018","다정서로 60","202507~202707","신규","-","","","아파트"
"13233","세종특별자치시  새롬동","605","0605","0000","새뜸마을5단지(메이저시티)","전세","59.9602","202506","03","23,000","0","14","2017","새롬중앙로 19","202507~202707","신규","-","","","아파트"
"13234","세종특별자치시  새롬동","554","0554","0000","새뜸마을4단지(캐슬파밀리에)","전세","84.9434","202506","03","23,500","0","4","2017","새롬북로 13","202506~202706","갱신","사용","23,500","0","아파트"
"13235","세종특별자치시  새롬동","554","0554","0000","새뜸마을4단지(캐슬파밀리에)","전세","84.9434","202506","03","25,000","0","1","2017","새롬북로 13","202507~202707","신규","-","","","아파트"
"13236","세종특별자치시  나성동","835","0835","0000","나릿재마을1단지","전세","84.7595","202506","03","35,000","0","11","2021","국세청로 46","202507~202707","신규","-","","","아파트"
"13237","세종특별자치시  고운동","1400","1400","0000","이지더원(가락마을10단지)","월세","72.4971","202506","03","2,000","80","5","2015","마음로 181","202507~202707","신규","-","","","아파트"
"13238","세종특별자치시  고운동","1401","1401","0000","가락마을13단지(대광로제비앙)","전세","84.6060","202506","03","21,000","0","19","2015","마음로 182","202507~202707","갱신","사용","20,000","0","아파트"
"13239","세종특별자치시  고운동","2111","2111","0000","가락마을19단지","전세","84.9544","202506","03","20,000","0","1","2019","밝은뜰로 15","202507~202707","신규","-","","","아파트"
"13240","세종특별자치시  고운동","1708","1708","0000","가락마을3단지(호반베르디움)","전세","59.8652","202506","03","18,000","0","2","2014","마음안로 47","202506~202706","갱신","-","17,500","0","아파트"
"13241","세종특별자치시  부강면 부강리","498-7","0498","0007","대신하나로","월세","59.8600","202506","03","700","50","12","2002","부강로 29-12","202506~202706","신규","-","","","아파트"
"13242","세종특별자치시  반곡동","852","0852","0000","수루배마을3단지","월세","102.6287","202506","03","5,000","115","22","2019","반곡로 15","202507~202707","신규","-","","","아파트"
"13243","세종특별자치시  반곡동","852","0852","0000","수루배마을3단지","월세","102.6287","202506","03","5,000","115","27","2019","반곡로 15","202506~202706","신규","-","","","아파트"
"13244","세종특별자치시  반곡동","858","0858","0000","수루배마을8단지","월세","36.2300","202506","03","2,029","21","5","2023","시청대로 546","202505~202704","갱신","-","1,629","24","아파트"
"13245","세종특별자치시  도담동","853","0853","0000","도램마을10단지 호반 어반시티","월세","84.7572","202506","03","2,000","105","21","2014","보듬4로 20","202507~202707","신규","-","","","아파트"
"13246","세종특별자치시  아름동","1353","1353","0000","범지기마을5단지(세종상록어울림)","전세","46.3840","202506","03","10,901","0","12","2014","달빛1로 122","202507~202707","신규","-","","","아파트"
"13247","세종특별자치시  반곡동","852","0852","0000","수루배마을3단지","월세","84.6291","202506","03","3,000","100","3","2019","반곡로 15","202507~202707","신규","-","","","아파트"
"13248","세종특별자치시  조치원읍 원리","141-53","0141","0053","조치원역행복주택","월세","26.9100","202506","03","2,560","8","10","2025","충현로 154","202505~202707","갱신","-","2,160","10","아파트"
"13249","세종특별자치시  소담동","531","0531","0000","새샘마을8단지","월세","84.7379","202506","03","3,000","110","40","2020","소담8로 22","202508~202708","신규","-","","","아파트"
"13250","세종특별자치시  소담동","586","0586","0000","새샘마을6단지(한신더휴펜타힐스)","월세","59.9700","202506","03","2,000","80","23","2017","남세종로 302","202506~202706","신규","-","","","아파트"
"13251","세종특별자치시  나성동","738","0738","0000","세종포레뷰원","월세","28.4300","202506","03","500","58","3","2016","한누리대로 287","202506~202606","신규","-","","","아파트"
"13252","세종특별자치시  한솔동","971","0971","0000","첫마을5단지(푸르지오)","전세","84.7000","202506","03","18,500","0","9","2012","누리로 59","202507~202707","신규","-","","","아파트"
"13253","세종특별자치시  아름동","1277","1277","0000","대우푸르지오(10단지)","월세","84.9539","202506","03","2,000","85","7","2014","달빛로 211","202506~202706","신규","-","","","아파트"
"13254","세종특별자치시  아름동","1277","1277","0000","대우푸르지오(10단지)","월세","84.9539","202506","03","2,000","85","7","2014","달빛로 211","202506~202706","신규","-","","","아파트"
"13255","세종특별자치시  조치원읍 신흥리","393","0393","0000","신흥주공","월세","59.9900","202506","02","1,000","60","8","1999","이화로 5","-","-","-","","","아파트"
"13256","세종특별자치시  도담동","638","0638","0000","도램마을 19단지(모아미래도)","전세","99.9847","202506","02","27,000","0","17","2015","보듬4로 111","202508~202708","신규","-","","","아파트"
"13257","세종특별자치시  반곡동","852","0852","0000","수루배마을3단지","전세","84.6291","202506","02","25,000","0","10","2019","반곡로 15","202507~202707","갱신","-","21,000","0","아파트"
"13258","세종특별자치시  반곡동","1035","1035","0000","수루배마을6단지","월세","72.5900","202506","02","2,000","80","1","2019","시청대로 598","202508~202708","신규","-","","","아파트"
"13259","세종특별자치시  고운동","1395","1395","0000","가락마을16단지(에듀그린)","전세","59.8399","202506","02","25,000","0","15","2015","만남로 187","202506~202606","갱신","-","25,000","0","아파트"
"13260","세종특별자치시  고운동","1724","1724","0000","가락마을7단지(중흥S-클래스프라디움)","전세","84.9931","202506","02","20,000","0","12","2015","마음안로 13","202508~202708","신규","-","","","아파트"
"13261","세종특별자치시  고운동","1728","1728","0000","가락마을6단지(중흥S클래스프라디움)","전세","59.6866","202506","02","17,000","0","16","2015","마음로 14","202507~202707","신규","-","","","아파트"
"13262","세종특별자치시  고운동","1706","1706","0000","가락마을8단지(고운뜰아파트)","월세","74.7700","202506","02","2,000","75","15","2015","만남로 92","202507~202706","신규","-","","","아파트"
"13263","세종특별자치시  고운동","1706","1706","0000","가락마을8단지(고운뜰아파트)","전세","84.9800","202506","02","20,500","0","3","2015","만남로 92","202507~202707","신규","-","","","아파트"
"13264","세종특별자치시  고운동","1706","1706","0000","가락마을8단지(고운뜰아파트)","월세","74.7700","202506","02","1,000","80","19","2015","만남로 92","202508~202708","신규","-","","","아파트"
"13265","세종특별자치시  조치원읍 원리","141-53","0141","0053","조치원역행복주택","월세","26.8200","202506","02","424","15","7","2025","충현로 154","202505~202707","갱신","-","2,124","10","아파트"
"13266","세종특별자치시  조치원읍 신흥리","393","0393","0000","신흥주공","전세","49.2900","202506","02","12,000","0","18","1999","이화로 5","-","-","-","","","아파트"
"13267","세종특별자치시  소담동","586","0586","0000","새샘마을6단지(한신더휴펜타힐스)","월세","59.9200","202506","02","12,000","40","25","2017","남세종로 302","202508~202607","신규","-","","","아파트"
"13268","세종특별자치시  조치원읍 죽림리","396","0396","0000","조치원죽림자이","전세","128.9491","202506","02","23,000","0","3","2008","도원로 16","202506~202906","신규","-","","","아파트"
"13269","세종특별자치시  나성동","748","0748","0000","한스웰시티(CB5-1BL)","월세","24.1200","202506","02","300","50","5","2015","한누리대로 237","202506~202606","신규","-","","","아파트"
"13270","세종특별자치시  도담동","685","0685","0000","도램마을2단지(웅진스타클래스)","전세","44.9900","202506","02","16,000","0","4","2014","다솜1로 164","202506~202705","갱신","사용","16,000","0","아파트"
"13271","세종특별자치시  나성동","757","0757","0000","세종마루투","전세","28.1270","202506","02","9,500","0","6","2018","한누리대로 316","202506~202706","신규","-","","","아파트"
"13272","세종특별자치시  소담동","586","0586","0000","새샘마을6단지(한신더휴펜타힐스)","전세","59.9700","202506","02","19,000","0","18","2017","남세종로 302","202506~202612","신규","-","","","아파트"
"13273","세종특별자치시  아름동","1357","1357","0000","범지기마을6단지(세종상록어울림)","전세","74.9700","202506","02","16,069","0","18","2014","달빛로 135","202506~202706","신규","-","","","아파트"
"13274","세종특별자치시  한솔동","947","0947","0000","첫마을3단지(퍼스트프라임)","월세","102.7800","202506","02","2,000","120","7","2011","나리1로 15","202506~202706","신규","-","","","아파트"
"13275","세종특별자치시  금남면 용포리","263","0263","0000","신성연기미소지움","월세","84.8809","202506","02","1,000","75","4","2007","용포2길 57-15","202506~202706","신규","-","","","아파트"
"13276","세종특별자치시  조치원읍 원리","141-53","0141","0053","조치원역행복주택","월세","26.8200","202506","02","2,524","7","7","2025","충현로 154","202505~202707","갱신","-","2,124","10","아파트"
"13277","세종특별자치시  조치원읍 원리","141-53","0141","0053","조치원역행복주택","월세","44.9300","202506","02","612","23","7","2025","충현로 154","202505~202707","갱신","-","3,312","15","아파트"
"13278","세종특별자치시  보람동","713","0713","0000","호려울마을10단지(중흥S클래스)","전세","98.0608","202506","02","29,000","0","12","2016","시청대로 210","202506~202706","신규","-","","","아파트"
"13279","세종특별자치시  한솔동","940","0940","0000","첫마을2단지(퍼스트프라임)","전세","84.8100","202506","02","27,000","0","13","2011","노을1로 16","202506~202706","신규","-","","","아파트"
"13280","세종특별자치시  조치원읍 신흥리","393","0393","0000","신흥주공","월세","59.9900","202506","02","1,000","60","8","1999","이화로 5","202506~202606","신규","-","","","아파트"
"13281","세종특별자치시  조치원읍 침산리","89","0089","0000","욱일아파트","전세","59.9990","202506","02","12,000","0","14","1999","충현로 159","202507~202707","신규","-","","","아파트"
"13282","세종특별자치시  한솔동","940","0940","0000","첫마을2단지(퍼스트프라임)","전세","49.6200","202506","02","16,000","0","11","2011","노을1로 16","202507~202707","신규","-","","","아파트"
"13283","세종특별자치시  고운동","1728","1728","0000","가락마을6단지(중흥S클래스프라디움)","전세","59.6866","202506","02","17,000","0","16","2015","마음로 14","202507~202707","신규","-","","","아파트"
"13284","세종특별자치시  다정동","926","0926","0000","가온마을12단지","전세","84.9675","202506","02","29,000","0","8","2018","다정남로 123","202507~202707","신규","-","","","아파트"
"13285","세종특별자치시  새롬동","554","0554","0000","새뜸마을4단지(캐슬파밀리에)","전세","84.9434","202506","02","25,000","0","9","2017","새롬북로 13","202507~202707","신규","-","","","아파트"
"13286","세종특별자치시  종촌동","654","0654","0000","가재마을11단지","월세","84.8154","202506","02","2,000","70","1","2013","도움3로 75","202508~202706","신규","-","","","아파트"
"13287","세종특별자치시  종촌동","652","0652","0000","가재마을12단지","월세","84.9941","202506","02","3,000","83","4","2015","달빛로 80","202506~202706","신규","-","","","아파트"
"13288","세종특별자치시  다정동","916","0916","0000","가온마을3단지","전세","59.8969","202506","02","18,300","0","5","2018","다정북로 109","202508~202708","갱신","사용","17,500","0","아파트"
"13289","세종특별자치시  새롬동","599","0599","0000","새뜸마을2단지(메이저시티)","전세","84.8892","202506","02","26,250","0","10","2017","새롬남로 17","202508~202708","갱신","사용","25,000","0","아파트"
"13290","세종특별자치시  새롬동","599","0599","0000","새뜸마을2단지(메이저시티)","월세","59.9602","202506","02","10,000","33","10","2017","새롬남로 17","202506~202606","갱신","-","10,000","30","아파트"
"13291","세종특별자치시  새롬동","599","0599","0000","새뜸마을2단지(메이저시티)","전세","84.8892","202506","02","26,250","0","10","2017","새롬남로 17","202508~202708","신규","-","","","아파트"
"13292","세종특별자치시  새롬동","614","0614","0000","새뜸마을12단지(금성백조예미지)","전세","59.9283","202506","02","21,000","0","12","2017","새롬남로 102","202506~202712","갱신","-","20,000","0","아파트"
"13293","세종특별자치시  다정동","965","0965","0000","가온마을7단지","월세","46.1600","202506","02","3,525","24","17","2020","다정중앙로 20","202405~202604","갱신","-","3,025","27","아파트"
"13294","세종특별자치시  다정동","964","0964","0000","가온마을4단지","전세","84.9800","202506","02","26,000","0","2","2019","다정중앙로 19","202507~202707","신규","-","","","아파트"
"13295","세종특별자치시  다정동","965","0965","0000","가온마을7단지","월세","26.3300","202506","02","2,523","6","1","2020","다정중앙로 20","202412~202702","갱신","-","1,023","15","아파트"
"13296","세종특별자치시  다정동","965","0965","0000","가온마을7단지","월세","26.3300","202506","02","2,523","6","18","2020","다정중앙로 20","202504~202706","갱신","-","1,023","15","아파트"
"13297","세종특별자치시  어진동","673","0673","0000","한뜰마을6단지(중흥S클래스센텀뷰)","전세","84.9167","202506","02","35,000","0","5","2021","다솜로 50","202507~202707","신규","-","","","아파트"
"13298","세종특별자치시  어진동","613","0613","0000","더샵레이크파크","전세","110.5900","202506","02","41,000","0","3","2013","다솜로 290","202508~202708","신규","-","","","아파트"
"13299","세종특별자치시  다정동","918","0918","0000","가온마을6단지","월세","84.9837","202506","02","3,000","105","12","2018","다정중앙로 77","202506~202706","신규","-","","","아파트"
"13300","세종특별자치시  집현동","1191","1191","0000","새나루마을2단지세종하늘채센트레빌","월세","64.5800","202506","02","2,000","85","8","2021","집현서로 15","202507~202707","신규","-","","","아파트"
"13301","세종특별자치시  다정동","964","0964","0000","가온마을4단지","전세","59.9900","202506","01","20,000","0","5","2019","다정중앙로 19","202507~202707","신규","-","","","아파트"
"13302","세종특별자치시  어진동","664","0664","0000","모닝시티","월세","23.4552","202506","01","500","70","4","2015","가름로 170-14","202506~202605","신규","-","","","아파트"
"13303","세종특별자치시  해밀동","649","0649","0000","해밀마을1단지","전세","84.9500","202506","01","30,000","0","6","2020","해밀3로 32","202507~202707","신규","-","","","아파트"
"13304","세종특별자치시  해밀동","649","0649","0000","해밀마을1단지","전세","84.9500","202506","01","30,000","0","6","2020","해밀3로 32","202507~202707","신규","-","","","아파트"
"13305","세종특별자치시  종촌동","686","0686","0000","가재마을1단지","월세","29.7100","202506","01","2,058","11","15","2016","도움1로 145","202410~202612","갱신","-","1,058","17","아파트"
"13306","세종특별자치시  다정동","965","0965","0000","가온마을7단지","월세","46.0100","202506","01","5,525","12","14","2020","다정중앙로 20","202405~202604","갱신","-","3,025","27","아파트"
"13307","세종특별자치시  반곡동","852","0852","0000","수루배마을3단지","전세","84.4377","202506","01","27,000","0","11","2019","반곡로 15","202508~202708","신규","-","","","아파트"
"13308","세종특별자치시  반곡동","852","0852","0000","수루배마을3단지","전세","84.4377","202506","01","27,000","0","11","2019","반곡로 15","-","-","-","","","아파트"
"13309","세종특별자치시  반곡동","857","0857","0000","수루배마을4단지(세종더샵예미지)","전세","109.8900","202506","01","29,000","0","17","2019","시청대로 500","202506~202706","신규","-","","","아파트"
"13310","세종특별자치시  금남면 용포리","320","0320","0000","두진리버빌","월세","43.0080","202506","01","500","50","9","2000","용포2길 70","202506~202606","신규","-","","","아파트"
"13311","세종특별자치시  조치원읍 원리","141-53","0141","0053","조치원역행복주택","월세","26.8200","202506","01","2,524","7","8","2025","충현로 154","202505~202707","갱신","-","2,124","10","아파트"
"13312","세종특별자치시  도담동","858","0858","0000","도램마을 14단지(한림풀에버)","전세","99.9860","202506","01","38,000","0","6","2015","보듬2로 42","202506~202706","신규","-","","","아파트"
"13313","세종특별자치시  나성동","738","0738","0000","세종포레뷰원","월세","25.6100","202506","01","500","65","4","2016","한누리대로 287","202506~202509","신규","-","","","아파트"
"13314","세종특별자치시  보람동","786","0786","0000","호려울마을1단지(대방노블랜드)","전세","59.9562","202506","01","20,000","0","18","2017","남세종로 503","202509~202609","갱신","-","20,000","0","아파트"
"13315","세종특별자치시  보람동","713","0713","0000","호려울마을10단지(중흥S클래스)","월세","109.9692","202506","01","10,000","125","18","2016","시청대로 210","202506~202706","신규","-","","","아파트"
"13316","세종특별자치시  소담동","550","0550","0000","새샘마을3단지(모아미래도리버시티)","전세","97.9940","202506","01","29,000","0","12","2016","시청대로 236","202508~202709","신규","-","","","아파트"
