"NO","시군구","번지","본번","부번","단지명","전월세구분","전용면적(㎡)","계약년월","계약일","보증금(만원)","월세금(만원)","층","건축년도","도로명","계약기간","계약구분","갱신요구권 사용","종전계약 보증금(만원)","종전계약 월세(만원)","주택유형"
"2688","울산광역시 북구 화봉동","1440","1440","0000","화봉2주공","월세","51.9300","202511","30","5,266","17","8","2009","화산로 36","202512~202711","갱신","-","5,171","16","아파트"
"2689","울산광역시 북구 매곡동","966","0966","0000","매곡에듀파크에일린의뜰","전세","84.9986","202511","30","37,000","0","14","2021","신천로 103","202601~202801","신규","-","","","아파트"
"2690","울산광역시 남구 두왕동","748","0748","0000","대공원호반베르디움","전세","84.9801","202511","30","37,000","0","1","2019","테크노산업로44번길 50","202602~202804","신규","-","","","아파트"
"2691","울산광역시 중구 복산동","834","0834","0000","번영로센트리지5단지","전세","84.9260","202511","30","42,000","0","18","2023"," ","-","-","-","","","아파트"
"2692","울산광역시 남구 무거동","275-1","0275","0001","굴화주공1","전세","59.9900","202511","30","18,000","0","11","1997","굴화4길 20","202603~202803","신규","-","","","아파트"
"2693","울산광역시 남구 신정동","1154-7","1154","0007","문수로아테라","전세","84.9106","202511","30","52,000","0","3","2025","봉월로60번길 10","202601~202804","신규","-","","","아파트"
"2694","울산광역시 남구 신정동","1154-7","1154","0007","문수로아테라","전세","84.8408","202511","30","57,000","0","35","2025","봉월로60번길 10","202602~202811","신규","-","","","아파트"
"2695","울산광역시 남구 신정동","1154-7","1154","0007","문수로아테라","전세","84.8356","202511","30","52,000","0","2","2025","봉월로60번길 10","202601~202801","신규","-","","","아파트"
"2696","울산광역시 남구 신정동","1154-7","1154","0007","문수로아테라","전세","84.8356","202511","30","52,000","0","3","2025","봉월로60번길 10","202601~202804","신규","-","","","아파트"
"2697","울산광역시 남구 신정동","1334-11","1334","0011","아르떼에코하임","월세","77.8432","202511","30","28,800","5","18","2022","봉월로 131","202601~202801","갱신","사용","28,800","0","아파트"
"2698","울산광역시 북구 산하동","977-14","0977","0014","블루마시티효성해링턴플레이스1단지","전세","84.7500","202511","30","19,000","0","10","2017","화암7길 5","202601~202801","갱신","-","18,000","0","아파트"
"2699","울산광역시 북구 천곡동","418","0418","0000","삼성코아루","전세","84.9210","202511","30","21,000","0","1","2005","천곡남로 37","202601~202801","신규","-","","","아파트"
"2700","울산광역시 동구 화정동","949","0949","0000","힐스테이트 이스턴베이","월세","68.9844","202511","30","2,000","110","6","2015","화진길 100","202512~202712","신규","-","","","아파트"
"2701","울산광역시 울주군 언양읍 어음리","175","0175","0000","e편한세상울산역어반스퀘어","월세","84.8763","202511","30","3,000","120","11","2022","언양로 77","202601~202701","신규","-","","","아파트"
"2702","울산광역시 북구 중산동","1276","1276","0000","오토밸리한양립스포레스트","전세","59.7601","202511","30","22,000","0","13","2022","중산서로 36","202602~202802","신규","-","","","아파트"
"2703","울산광역시 남구 야음동","594-10","0594","0010","신정현대홈타운2","전세","59.9700","202511","30","27,000","0","20","1999","대암로 82","202601~202801","신규","-","","","아파트"
"2704","울산광역시 남구 야음동","594-37","0594","0037","신정현대홈타운1","월세","81.8700","202511","30","20,000","60","14","1999","대암로 81","202512~202712","신규","-","","","아파트"
"2705","울산광역시 남구 옥동","196","0196","0000","한양코아","전세","84.6300","202511","30","34,000","0","6","1989","문수로335번길 20","202603~202803","신규","-","","","아파트"
"2706","울산광역시 남구 옥동","1386","1386","0000","도성","월세","50.2500","202511","30","2,000","35","6","1987","문수로369번길 58","202512~202712","신규","-","","","아파트"
"2707","울산광역시 남구 옥동","257","0257","0000","옥동서광","전세","59.9800","202511","30","33,000","0","12","1998","문수로314번길 11","202603~202803","신규","-","","","아파트"
"2708","울산광역시 남구 옥동","1386","1386","0000","도성","월세","50.2500","202511","30","1,000","50","4","1987","문수로369번길 58","202512~202712","신규","-","","","아파트"
"2709","울산광역시 울주군 온양읍 대안리","266-1","0266","0001","솔베이사택","월세","49.1400","202511","30","500","45","8","1993","화산발리로 718-5","202512~202612","갱신","사용","500","45","아파트"
"2710","울산광역시 동구 서부동","1055","1055","0000","울산지웰시티자이2단지","전세","84.9839","202511","29","27,300","0","23","2023","서부로 51","202512~202712","갱신","사용","26,000","0","아파트"
"2711","울산광역시 울주군 삼남읍 교동리","1678-1","1678","0001","KTX울산역우성스마트시티뷰","전세","84.9939","202511","29","33,000","0","19","2018","울산역로 300","202512~202712","신규","-","","","아파트"
"2712","울산광역시 동구 서부동","257-4","0257","0004","현대패밀리서부","월세","49.7900","202511","29","500","60","3","1992","방어진순환도로 995","202511~202611","신규","-","","","아파트"
"2713","울산광역시 남구 달동","118-3","0118","0003","달동주공1단지","전세","41.8500","202511","29","13,000","0","15","1993","번영로107번길 22","202601~202801","신규","-","","","아파트"
"2714","울산광역시 동구 화정동","949","0949","0000","힐스테이트 이스턴베이","월세","84.9083","202511","29","2,000","130","18","2015","화진길 100","202601~202801","신규","-","","","아파트"
"2715","울산광역시 울주군 범서읍 구영리","798-1","0798","0001","구영현대아이파크","월세","58.6200","202511","29","1,000","50","1","1991","점촌4길 43","202512~202711","신규","-","","","아파트"
"2716","울산광역시 울주군 온양읍 망양리","가-5-1","0005","0001","회야리버","월세","45.0730","202511","29","5,000","20","9","2000","원동2길 19-2","202512~202712","신규","-","","","아파트"
"2717","울산광역시 울주군 상북면 향산리","603-47","0603","0047","청구골든","월세","80.5100","202511","29","1,700","30","3","1990","상북로 17-5","202512~202612","신규","-","","","아파트"
"2718","울산광역시 울주군 범서읍 천상리","600","0600","0000","그린코아","전세","84.8500","202511","29","17,500","0","6","1999","천상6길 6","202601~202801","신규","-","","","아파트"
"2719","울산광역시 동구 전하동","301-5","0301","0005","현대3","월세","75.1800","202511","29","500","65","1","1987","녹수12길 30","202512~202712","신규","-","","","아파트"
"2720","울산광역시 동구 전하동","618","0618","0000","한라한빛타운","전세","59.9500","202511","29","14,000","0","17","1998","전하로 35","202602~202802","신규","-","","","아파트"
"2721","울산광역시 동구 전하동","618","0618","0000","한라한빛타운","월세","59.9500","202511","29","1,000","70","11","1998","전하로 35","202602~202702","신규","-","","","아파트"
"2722","울산광역시 북구 산하동","968-1","0968","0001","울산블루마시티푸르지오","전세","59.9833","202511","29","16,000","0","20","2014","강동산하5로 66","202512~202712","신규","-","","","아파트"
"2723","울산광역시 북구 매곡동","542-22","0542","0022","정림은하수타운","월세","59.7500","202511","29","1,000","40","4","1996","매곡로 97-8","202511~202711","갱신","-","1,000","40","아파트"
"2724","울산광역시 남구 두왕동","747-1","0747","0001","대공원호반베르디움3차","월세","59.9880","202511","29","18,000","10","8","2019","테크노산업로82번길 62","202601~202801","갱신","사용","18,000","0","아파트"
"2725","울산광역시 남구 옥동","185","0185","0000","서강파크(A~C동)","전세","84.2400","202511","29","23,000","0","13","1989","은월로2번길 39","202601~202801","신규","-","","","아파트"
"2726","울산광역시 중구 우정동","811","0811","0000","유탑유블레스센트럴파크","월세","84.5765","202511","29","3,000","170","48","2025","당산2길 3","202601~202801","신규","-","","","아파트"
"2727","울산광역시 남구 옥동","281-1","0281","0001","금오그린","월세","58.4500","202511","29","10,000","30","6","1998","문수로295번길 4","202601~202801","신규","-","","","아파트"
"2728","울산광역시 중구 유곡동","215","0215","0000","우정혁신도시2차동원로얄듀크","전세","84.9967","202511","29","50,000","0","3","2014","종가4길 10","202602~202802","신규","-","","","아파트"
"2729","울산광역시 중구 유곡동","215","0215","0000","우정혁신도시2차동원로얄듀크","전세","84.9967","202511","29","34,650","0","9","2014","종가4길 10","202512~202712","갱신","-","33,000","0","아파트"
"2730","울산광역시 북구 매곡동","233","0233","0000","현대으뜸타운","월세","59.9500","202511","29","1,000","60","3","1997","매곡본길 54","202601~202701","신규","-","","","아파트"
"2731","울산광역시 남구 무거동","1603","1603","0000","무거동한신휴플러스","전세","84.9560","202511","29","45,000","0","4","2014","남부순환도로 86","202602~202802","신규","-","","","아파트"
"2732","울산광역시 북구 중산동","1317-3","1317","0003","U-스타시티일동미라주더스타2단지","전세","73.4718","202511","29","27,000","0","16","2018","중산로 47","202601~202801","신규","-","","","아파트"
"2733","울산광역시 북구 중산동","1317-3","1317","0003","U-스타시티일동미라주더스타2단지","전세","73.4718","202511","29","27,000","0","16","2018","중산로 47","202601~202801","신규","-","","","아파트"
"2734","울산광역시 남구 신정동","495-44","0495","0044","수앤에스","월세","84.5400","202511","29","4,000","100","9","2018","중앙로258번길 5","202601~202801","신규","-","","","아파트"
"2735","울산광역시 남구 신정동","770-15","0770","0015","유씨티","월세","20.4300","202511","29","500","48","16","2015","중앙로 139","202511~202611","신규","-","","","아파트"
"2736","울산광역시 남구 신정동","1909","1909","0000","대명루첸","전세","83.2996","202511","29","50,000","0","6","2016","중앙로120번길 12-8","202602~202803","신규","-","","","아파트"
"2737","울산광역시 북구 중산동","1318","1318","0000","U-스타시티일동미라주더스타1단지","월세","84.8941","202511","29","2,000","83","4","2018","중산로 48","202512~202712","갱신","사용","2,000","80","아파트"
"2738","울산광역시 남구 신정동","851-20","0851","0020","신정현대홈타운4","전세","81.8700","202511","29","35,000","0","3","2001","대암로 51","202602~202802","신규","-","","","아파트"
"2739","울산광역시 남구 신정동","1909","1909","0000","대명루첸","전세","83.2730","202511","29","54,000","0","20","2016","중앙로120번길 12-8","202601~202801","신규","-","","","아파트"
"2740","울산광역시 남구 신정동","627-3","0627","0003","더렉스","전세","84.5449","202511","29","26,000","0","16","2018","봉월로82번길 46","202601~202801","신규","-","","","아파트"
"2741","울산광역시 남구 야음동","789-105","0789","0105","쌍용스윗닷홈","전세","84.9700","202511","29","48,000","0","11","2004","야음로 33","202602~202804","신규","-","","","아파트"
"2742","울산광역시 남구 달동","119-1","0119","0001","달동주공2단지","월세","44.9400","202511","29","500","65","12","1993","번영로107번길 5","202511~202711","신규","-","","","아파트"
"2743","울산광역시 남구 삼산동","172-1","0172","0001","세양청구마을","전세","59.9800","202511","29","22,000","0","19","1997","돋질로401번길 12","202605~202805","신규","-","","","아파트"
"2744","울산광역시 남구 삼산동","1529-2","1529","0002","대우푸르지오","전세","121.9179","202511","29","39,500","0","4","2004","돋질로339번길 35","202512~202712","신규","-","","","아파트"
"2745","울산광역시 남구 신정동","627-3","0627","0003","더렉스","전세","84.5449","202511","29","26,000","0","16","2018","봉월로82번길 46","202601~202801","신규","-","","","아파트"
"2746","울산광역시 남구 신정동","1846-1","1846","0001","한라파크","월세","84.1500","202511","29","3,000","75","3","1984","거마로77번길 7","202512~202712","신규","-","","","아파트"
"2747","울산광역시 남구 신정동","1919","1919","0000","문수로대공원에일린의뜰","월세","59.7186","202511","29","5,000","150","12","2023","문수로463번길 6","202601~202801","신규","-","","","아파트"
"2748","울산광역시 남구 신정동","726-3","0726","0003","공업탑하트랜드","월세","21.9500","202511","29","500","40","6","2014","삼산로 26","202512~202612","신규","-","","","아파트"
"2749","울산광역시 남구 신정동","1909","1909","0000","대명루첸","전세","83.2996","202511","29","50,000","0","6","2016","중앙로120번길 12-8","202602~202803","신규","-","","","아파트"
"2750","울산광역시 북구 중산동","1317-3","1317","0003","U-스타시티일동미라주더스타2단지","전세","73.4718","202511","29","27,000","0","16","2018","중산로 47","202601~202801","신규","-","","","아파트"
"2751","울산광역시 남구 야음동","937","0937","0000","힐스테이트수암(1단지)","월세","84.4934","202511","29","5,000","165","6","2019","중앙로47번길 27","202601~202801","신규","-","","","아파트"
"2752","울산광역시 북구 송정동","1207-3","1207","0003","울산송정한양수자인","월세","84.9843","202511","29","20,000","80","5","2019","박상진3로 25","202601~202802","신규","-","","","아파트"
"2753","울산광역시 울주군 언양읍 송대리","53-1","0053","0001","양우내안애더퍼스트","월세","63.9584","202511","29","2,000","70","19","2019","내곡능골길 93-20","202601~202801","신규","-","","","아파트"
"2754","울산광역시 울주군 청량읍 율리","1476-1","1476","0001","문수데시앙2단지","월세","59.8041","202511","28","12,000","10","9","2015","율리영해2길 7","202511~202711","신규","-","","","아파트"
"2755","울산광역시 동구 동부동","150","0150","0000","현대패밀리동부","월세","59.7800","202511","28","500","45","6","1993","안산로 50","202512~202712","신규","-","","","아파트"
"2756","울산광역시 동구 방어동","59-1","0059","0001","대왕암엘크루","전세","59.7900","202511","28","17,850","0","16","2014","등대4길 26","202512~202712","갱신","사용","17,000","0","아파트"
"2757","울산광역시 북구 매곡동","895","0895","0000","드림인시티에일린의뜰2차","월세","84.9044","202511","28","3,000","130","30","2017","호계매곡1로 32","202602~202802","신규","-","","","아파트"
"2758","울산광역시 남구 무거동","488-13","0488","0013","옥현으뜸마을주공3","전세","84.6600","202511","28","34,000","0","2","2001","옥현로 34","-","-","-","","","아파트"
"2759","울산광역시 북구 산하동","1037-1","1037","0001","블루마시티KCC스위첸","월세","84.9858","202511","28","3,000","110","22","2019","산하중앙1로 6","202512~202712","신규","-","","","아파트"
"2760","울산광역시 동구 전하동","630-1","0630","0001","e편한세상전하1단지","전세","59.9900","202511","28","28,000","0","19","2013","봉수로 290","202511~202711","신규","-","","","아파트"
"2761","울산광역시 울주군 범서읍 굴화리","758","0758","0000","문수산 더샵","월세","84.7900","202511","28","5,000","135","30","2014","장검길 88","202601~202801","신규","-","","","아파트"
"2762","울산광역시 남구 달동","119-1","0119","0001","달동주공2단지","월세","38.6400","202511","28","1,000","50","11","1993","번영로107번길 5","202601~202801","신규","-","","","아파트"
"2763","울산광역시 남구 달동","119-1","0119","0001","달동주공2단지","전세","38.6400","202511","28","11,000","0","13","1993","번영로107번길 5","202512~202712","신규","-","","","아파트"
"2764","울산광역시 남구 달동","1352-5","1352","0005","달동현대1","전세","84.9900","202511","28","28,000","0","9","1990","삼산중로 83","202511~202711","신규","-","","","아파트"
"2765","울산광역시 중구 태화동","224","0224","0000","우정혁신호반베르디움","전세","97.9541","202511","28","39,900","0","16","2014","종가로 140","202512~202711","갱신","사용","38,000","0","아파트"
"2766","울산광역시 동구 방어동","992-2","0992","0002","풍성비치","월세","81.6100","202511","28","1,000","50","8","1998","꽃바위5길 27","202512~202712","갱신","-","500","50","아파트"
"2767","울산광역시 남구 신정동","1626","1626","0000","신정수필아파트","월세","77.8200","202511","28","15,000","30","3","1980","동산로29번길 15","202511~202711","신규","-","","","아파트"
"2768","울산광역시 남구 야음동","594-37","0594","0037","신정현대홈타운1","월세","40.8000","202511","28","1,000","55","20","1999","대암로 81","202512~202712","신규","-","","","아파트"
"2769","울산광역시 동구 화정동","949","0949","0000","힐스테이트 이스턴베이","월세","84.9720","202511","28","2,000","86","11","2015","화진길 100","202601~202801","갱신","사용","2,000","82","아파트"
"2770","울산광역시 북구 화봉동","452","0452","0000","동아.청구아파트","전세","59.9900","202511","28","14,000","0","6","1994","상방로 81","202601~202801","신규","-","","","아파트"
"2771","울산광역시 동구 서부동","257-4","0257","0004","현대패밀리서부","전세","49.8500","202511","28","7,300","0","10","1992","방어진순환도로 995","202512~202612","신규","-","","","아파트"
"2772","울산광역시 남구 야음동","937","0937","0000","힐스테이트수암(1단지)","전세","59.9467","202511","28","21,775","0","4","2019","중앙로47번길 27","202604~202804","갱신","-","20,739","0","아파트"
"2773","울산광역시 울주군 온양읍 망양리","794","0794","0000","e편한세상울산온양","월세","74.9934","202511","28","2,000","100","16","2018","망양길 50","202512~202711","신규","-","","","아파트"
"2774","울산광역시 남구 야음동","796-17","0796","0017","신선","월세","46.5300","202511","28","1,000","60","10","1995","야음로 4","202512~202712","신규","-","","","아파트"
"2775","울산광역시 남구 야음동","401-1","0401","0001","울산호수공원대명루첸아파트","전세","73.0200","202511","28","40,000","0","26","2020","신선로 186","202511~202711","신규","-","","","아파트"
"2776","울산광역시 북구 매곡동","917","0917","0000","오토밸리로효성해링턴플레이스아파트","전세","84.7991","202511","28","29,000","0","6","2016","신천로 105","202601~202801","신규","-","","","아파트"
"2777","울산광역시 북구 달천동","1-5","0001","0005","달천아이파크1차","전세","84.9520","202511","28","28,000","0","4","2008","달천로 50","202512~202712","신규","-","","","아파트"
"2778","울산광역시 남구 야음동","910","0910","0000","울산번영로두산위브","전세","84.5370","202511","28","50,000","0","14","2017","번영로 29","202512~202612","신규","-","","","아파트"
"2779","울산광역시 북구 달천동","887","0887","0000","달천아이파크2차(3단지)","전세","101.9660","202511","28","30,500","0","17","2008","달천로 103-20","202602~202802","신규","-","","","아파트"
"2780","울산광역시 중구 복산동","834","0834","0000","번영로센트리지5단지","월세","84.9260","202511","28","5,000","170","18","2023","복산1길 1","202512~202712","신규","-","","","아파트"
"2781","울산광역시 남구 신정동","872-55","0872","0055","한라백조","월세","59.6400","202511","28","3,000","45","4","1993","중앙로63번길 16","202512~202712","신규","-","","","아파트"
"2782","울산광역시 북구 상안동","358-1","0358","0001","쌍용아진그린타운1","전세","59.9800","202511","28","12,000","0","2","1996","아진로 42","202512~202712","신규","-","","","아파트"
"2783","울산광역시 남구 신정동","1154-7","1154","0007","문수로아테라","전세","84.9106","202511","28","59,000","0","25","2025","봉월로60번길 10","202602~202802","신규","-","","","아파트"
"2784","울산광역시 남구 야음동","943","0943","0000","번영로하늘채센트럴파크","월세","74.7070","202511","28","2,000","210","9","2022","번영로16번길 14","202601~202607","신규","-","","","아파트"
"2785","울산광역시 동구 화정동","149-2","0149","0002","대송현대2","전세","59.7800","202511","27","11,000","0","12","1991","대송3길 10","202601~202801","신규","-","","","아파트"
"2786","울산광역시 중구 우정동","811","0811","0000","유탑유블레스센트럴파크","월세","84.5765","202511","27","3,000","150","40","2025","당산2길 3","202512~202712","신규","-","","","아파트"
"2787","울산광역시 울주군 삼남읍 교동리","1678","1678","0000","경동우신알프스타운","월세","44.6985","202511","27","500","45","12","2015","작괘들길 41","202511~202711","신규","-","","","아파트"
"2788","울산광역시 북구 산하동","1033-1","1033","0001","울산블루마시티2차푸르지오","월세","84.9491","202511","27","1,000","130","29","2015","강동산하2로 43","202512~202712","신규","-","","","아파트"
"2789","울산광역시 남구 선암동","665-1","0665","0001","인블리스아파트","전세","59.9700","202511","27","15,000","0","9","1994","두왕로190번길 47","202602~202802","신규","-","","","아파트"
"2790","울산광역시 남구 선암동","665-1","0665","0001","인블리스아파트","전세","59.9700","202511","27","15,000","0","9","1994","두왕로190번길 47","-","-","-","","","아파트"
"2791","울산광역시 북구 송정동","1236-4","1236","0004","울산송정제일풍경채레이크뷰","전세","84.9588","202511","27","45,000","0","14","2019","박상진3로 73","202602~202705","신규","-","","","아파트"
"2792","울산광역시 남구 신정동","350","0350","0000","제니스타워","월세","25.5500","202511","27","500","47","11","2002","신정로204번길 30","202512~202612","신규","-","","","아파트"
"2793","울산광역시 남구 신정동","22-4","0022","0004","빌리브리버런트","전세","78.3367","202511","27","43,000","0","23","2025","팔등로141번길 6","202601~202801","신규","-","","","아파트"
"2794","울산광역시 울주군 언양읍 송대리","53-1","0053","0001","양우내안애더퍼스트","전세","63.9584","202511","27","19,000","0","12","2019","내곡능골길 93-20","202602~202802","신규","-","","","아파트"
"2795","울산광역시 남구 야음동","881","0881","0000","롯데캐슬골드2단지","월세","59.9800","202511","27","3,561","47","4","2008","신선로 46","202512~202712","신규","-","","","아파트"
"2796","울산광역시 중구 성안동","370-1","0370","0001","성안청구타운","월세","59.9900","202511","27","2,000","65","4","1996","함월22길 25","202601~202801","신규","-","","","아파트"
"2797","울산광역시 북구 신천동","430-1","0430","0001","신동","월세","59.6100","202511","27","2,000","50","10","1993","호계로 371","202512~202612","신규","-","","","아파트"
"2798","울산광역시 남구 삼산동","1607-1","1607","0001","현대문화2차","월세","59.7600","202511","27","7,000","30","1","1998","정동로6번길 18","202512~202712","신규","-","","","아파트"
"2799","울산광역시 남구 삼산동","182-1","0182","0001","아데라움","전세","116.0578","202511","27","26,000","0","18","2005","강남로 348","202511~202611","갱신","-","23,000","0","아파트"
"2800","울산광역시 북구 중산동","200","0200","0000","디아채","전세","84.9805","202511","27","17,000","0","12","2007","중산동로 37","202601~202801","신규","-","","","아파트"
"2801","울산광역시 동구 방어동","207-2","0207","0002","방어동피닉스","월세","81.6893","202511","27","0","110","6","2011","서진길 71","202511~202704","신규","-","","","아파트"
"2802","울산광역시 남구 달동","1403-1","1403","0001","현대하이얏트","전세","84.8455","202511","27","18,100","0","3","1994","신정로33번길 36","202512~202712","신규","-","","","아파트"
"2803","울산광역시 동구 방어동","1077-13","1077","0013","아네스빌","월세","82.7015","202511","27","2,000","80","4","2011","문현1길 32","202601~202801","신규","-","","","아파트"
"2804","울산광역시 중구 반구동","290-2","0290","0002","한라그랜드","월세","59.8950","202511","27","2,000","50","3","1994","반구정9길 10","202512~202712","신규","-","","","아파트"
"2805","울산광역시 울주군 범서읍 천상리","324-2","0324","0002","경동태원하이빌","월세","59.9610","202511","27","1,000","55","10","2001","천상길 43","202512~202712","신규","-","","","아파트"
"2806","울산광역시 남구 옥동","129-6","0129","0006","대공원현대","전세","84.8250","202511","27","40,000","0","7","1992","대공원로115번길 10","202602~202802","신규","-","","","아파트"
"2807","울산광역시 남구 무거동","488-13","0488","0013","옥현으뜸마을주공3","월세","59.6400","202511","27","3,000","80","15","2001","옥현로 34","202601~202801","신규","-","","","아파트"
"2808","울산광역시 남구 무거동","1553","1553","0000","신복현대","월세","59.7600","202511","27","1,000","60","12","1996","신복로72번길 29","202512~202712","신규","-","","","아파트"
"2809","울산광역시 북구 연암동","402-1","0402","0001","성원","월세","48.7800","202511","27","3,000","40","7","1996","화봉로 54","202601~202801","신규","-","","","아파트"
"2810","울산광역시 중구 복산동","834","0834","0000","번영로센트리지5단지","월세","84.9260","202511","27","5,000","160","11","2023","복산1길 1","202511~202706","갱신","-","32,000","0","아파트"
"2811","울산광역시 동구 서부동","238-29","0238","0029","현대패밀리명덕","월세","59.7800","202511","27","1,000","60","1","1992","명덕로 30","202512~202712","신규","-","","","아파트"
"2812","울산광역시 중구 다운동","927-2","0927","0002","다운샛별","월세","78.7775","202511","27","1,000","80","3","2004","다운19길 29","202512~202712","신규","-","","","아파트"
"2813","울산광역시 울주군 온양읍 대안리","266-1","0266","0001","솔베이사택","월세","49.1400","202511","27","300","47","1","1993","화산발리로 718-5","202511~202711","갱신","사용","300","47","아파트"
"2814","울산광역시 북구 효문동","1054","1054","0000","율동WithU아파트(율동국민임대주택)","월세","44.1290","202511","27","4,973","11","18","2022","율동로 68","202512~202701","신규","-","","","아파트"
"2815","울산광역시 동구 서부동","1055","1055","0000","울산지웰시티자이2단지","전세","84.9839","202511","27","43,000","0","36","2023","서부로 51","202512~202704","신규","-","","","아파트"
"2816","울산광역시 북구 매곡동","966","0966","0000","매곡에듀파크에일린의뜰","전세","59.9405","202511","27","22,000","0","8","2021","신천로 103","202601~202801","갱신","사용","21,000","0","아파트"
"2817","울산광역시 울주군 온양읍 망양리","794","0794","0000","e편한세상울산온양","월세","59.9889","202511","27","2,000","90","14","2018","망양길 50","202512~202712","신규","-","","","아파트"
"2818","울산광역시 울주군 범서읍 구영리","799-5","0799","0005","범서현대3차","전세","58.0500","202511","27","11,500","0","7","1993","점촌4길 65","202601~202801","신규","-","","","아파트"
"2819","울산광역시 북구 매곡동","895","0895","0000","드림인시티에일린의뜰2차","월세","84.9044","202511","26","3,000","130","1","2017","호계매곡1로 32","202602~202802","신규","-","","","아파트"
"2820","울산광역시 북구 화봉동","1486","1486","0000","울산송정LH2단지","월세","26.9600","202511","26","2,622","8","14","2020","박상진2로 82","202512~202711","갱신","-","992","15","아파트"
"2821","울산광역시 중구 성안동","393-1","0393","0001","성안에델하임3차","전세","84.8173","202511","26","27,000","0","7","2020","함월13길 32","202511~202711","갱신","-","27,000","0","아파트"
"2822","울산광역시 중구 성안동","393-1","0393","0001","성안에델하임3차","전세","84.8173","202511","26","27,000","0","8","2020","함월13길 32","202511~202711","갱신","-","27,000","0","아파트"
"2823","울산광역시 울주군 언양읍 어음리","175","0175","0000","e편한세상울산역어반스퀘어","전세","59.9318","202511","26","18,900","0","18","2022","언양로 77","202601~202801","갱신","사용","18,000","0","아파트"
"2824","울산광역시 중구 성안동","393-1","0393","0001","성안에델하임3차","전세","84.8173","202511","26","27,000","0","8","2020","함월13길 32","202511~202711","갱신","-","27,000","0","아파트"
"2825","울산광역시 남구 옥동","196","0196","0000","한양코아","전세","84.6300","202511","26","31,000","0","10","1989","문수로335번길 20","202602~202802","신규","-","","","아파트"
"2826","울산광역시 남구 옥동","157-5","0157","0005","대륙현대1차","전세","84.7470","202511","26","31,500","0","8","1989","거마로 22","202601~202801","갱신","사용","30,000","0","아파트"
"2827","울산광역시 울주군 삼남읍 교동리","1555-1","1555","0001","울산교동리슈빌","전세","84.5903","202511","26","20,000","0","11","2008","향교로 164","202601~202801","신규","-","","","아파트"
"2828","울산광역시 중구 성안동","393-1","0393","0001","성안에델하임3차","전세","84.8173","202511","26","27,000","0","9","2020","함월13길 32","202511~202711","갱신","-","27,000","0","아파트"
"2829","울산광역시 울주군 청량읍 율리","1477-1","1477","0001","문수데시앙3단지","월세","46.5930","202511","26","6,262","13","19","2015","율리영해로 13-9","202511~202711","신규","-","","","아파트"
"2830","울산광역시 중구 성안동","393-1","0393","0001","성안에델하임3차","전세","84.8173","202511","26","27,000","0","3","2020","함월13길 32","202511~202711","갱신","-","27,000","0","아파트"
"2831","울산광역시 중구 성안동","393-1","0393","0001","성안에델하임3차","전세","84.8173","202511","26","27,000","0","9","2020","함월13길 32","202511~202711","갱신","-","27,000","0","아파트"
"2832","울산광역시 북구 중산동","1317-3","1317","0003","U-스타시티일동미라주더스타2단지","월세","73.4718","202511","26","2,000","100","1","2018","중산로 47","202602~202802","신규","-","","","아파트"
"2833","울산광역시 중구 성안동","393-1","0393","0001","성안에델하임3차","전세","84.8173","202511","26","27,000","0","7","2020","함월13길 32","202511~202711","갱신","-","27,000","0","아파트"
"2834","울산광역시 남구 무거동","1538","1538","0000","무거한라2차","월세","59.9500","202511","26","12,000","25","6","1996","대학로147번길 73","202512~202712","신규","-","","","아파트"
"2835","울산광역시 중구 성안동","393-1","0393","0001","성안에델하임3차","전세","84.8173","202511","26","27,000","0","6","2020","함월13길 32","202511~202711","갱신","-","27,000","0","아파트"
"2836","울산광역시 중구 성안동","393-1","0393","0001","성안에델하임3차","전세","84.8173","202511","26","26,200","0","2","2020","함월13길 32","202511~202711","갱신","-","26,200","0","아파트"
"2837","울산광역시 중구 성안동","393-1","0393","0001","성안에델하임3차","전세","84.8173","202511","26","27,000","0","5","2020","함월13길 32","202511~202711","갱신","-","27,000","0","아파트"
"2838","울산광역시 중구 성안동","393-1","0393","0001","성안에델하임3차","전세","84.8173","202511","26","27,000","0","4","2020","함월13길 32","202511~202711","갱신","-","27,000","0","아파트"
"2839","울산광역시 동구 전하동","630-1","0630","0001","e편한세상전하1단지","월세","84.9900","202511","26","25,000","40","12","2013","봉수로 290","202601~202801","신규","-","","","아파트"
"2840","울산광역시 동구 전하동","301-5","0301","0005","현대3","월세","59.4600","202511","26","500","45","4","1987","녹수13길 33","202511~202711","신규","-","","","아파트"
"2841","울산광역시 중구 성안동","393-1","0393","0001","성안에델하임3차","전세","84.8173","202511","26","27,000","0","3","2020","함월13길 32","202511~202711","갱신","-","27,000","0","아파트"
"2842","울산광역시 남구 신정동","1676","1676","0000","대공원I'PARK(2단지)","전세","84.9600","202511","26","42,000","0","5","1994","대공원로99번길 38","202602~202802","신규","-","","","아파트"
"2843","울산광역시 남구 야음동","942","0942","0000","울산대현시티프라디움","전세","84.5324","202511","26","55,000","0","11","2022","수암로190번길 17","202602~202802","신규","-","","","아파트"
"2844","울산광역시 중구 성안동","393-1","0393","0001","성안에델하임3차","전세","84.8173","202511","26","27,000","0","6","2020","함월13길 32","202511~202711","갱신","-","27,000","0","아파트"
"2845","울산광역시 북구 화봉동","1486","1486","0000","울산송정LH2단지","월세","46.2500","202511","26","2,795","26","16","2020","박상진2로 82","202512~202711","갱신","-","2,714","25","아파트"
"2846","울산광역시 남구 야음동","937","0937","0000","힐스테이트수암(1단지)","전세","84.7267","202511","26","38,800","0","3","2019","중앙로47번길 27","202512~202712","갱신","사용","37,000","0","아파트"
"2847","울산광역시 남구 야음동","938","0938","0000","힐스테이트수암(2단지)","전세","59.9467","202511","26","21,775","0","3","2019","중앙로17번길 35","202512~202712","신규","-","","","아파트"
"2848","울산광역시 남구 신정동","1626","1626","0000","신정수필아파트","월세","77.8200","202511","26","1,000","70","2","1980","동산로29번길 15","202602~202802","신규","-","","","아파트"
"2849","울산광역시 중구 복산동","40-9","0040","0009","번영로드림파크","월세","29.7414","202511","26","500","50","9","2016","계변로 54","202512~202712","신규","-","","","아파트"
"2850","울산광역시 중구 복산동","830","0830","0000","번영로센트리지2단지","전세","75.9740","202511","26","29,400","0","10","2023","복산1길 1","202511~202711","갱신","사용","28,000","0","아파트"
"2851","울산광역시 남구 야음동","937","0937","0000","힐스테이트수암(1단지)","전세","59.9467","202511","26","25,000","0","5","2019","중앙로47번길 27","202511~202803","신규","-","","","아파트"
"2852","울산광역시 남구 야음동","878","0878","0000","롯데캐슬골드1단지","전세","129.5300","202511","26","45,000","0","1","2008","신선로 45","202604~202804","신규","-","","","아파트"
"2853","울산광역시 중구 성안동","393-1","0393","0001","성안에델하임3차","전세","84.8173","202511","26","27,000","0","5","2020","함월13길 32","202511~202711","갱신","-","27,000","0","아파트"
"2854","울산광역시 남구 신정동","22-4","0022","0004","빌리브리버런트","전세","84.6505","202511","26","52,000","0","22","2025","팔등로141번길 6","202512~202712","신규","-","","","아파트"
"2855","울산광역시 울주군 범서읍 구영리","796-2","0796","0002","한신","월세","57.9000","202511","26","1,000","55","3","1994","점촌4길 77","202512~202611","신규","-","","","아파트"
"2856","울산광역시 울주군 온양읍 대안리","575","0575","0000","남창럭키","전세","52.5600","202511","26","4,000","0","1","1991","온양로 86","202602~202802","신규","-","","","아파트"
"2857","울산광역시 북구 중산동","1318","1318","0000","U-스타시티일동미라주더스타1단지","전세","84.8941","202511","26","29,300","0","4","2018","중산로 48","202601~202801","신규","-","","","아파트"
"2858","울산광역시 중구 장현동","191","0191","0000","에일린의뜰2차아파트","전세","84.9643","202511","26","38,000","0","4","2013","종가로 730","202512~202803","신규","-","","","아파트"
"2859","울산광역시 남구 신정동","1676","1676","0000","대공원I'PARK(2단지)","전세","84.9600","202511","26","42,000","0","5","1994","대공원로99번길 38","202602~202802","신규","-","","","아파트"
"2860","울산광역시 중구 동동","116-1","0116","0001","홍일","월세","55.3200","202511","26","150","35","3","1988","산전5길 19","202512~202711","신규","-","","","아파트"
"2861","울산광역시 동구 서부동","385-3","0385","0003","서영골든","월세","76.6638","202511","26","2,000","50","5","1995","남목11길 25","202602~202801","신규","-","","","아파트"
"2862","울산광역시 동구 방어동","917-3","0917","0003","한양코아맨션","전세","54.1200","202511","26","8,500","0","4","1990","월봉10길 107","202512~202712","신규","-","","","아파트"
"2863","울산광역시 북구 양정동","819-2","0819","0002","한신더휴에듀포레2단지","전세","84.8852","202511","26","38,000","0","5","2023","효정7길 16","202602~202802","신규","-","","","아파트"
"2864","울산광역시 남구 삼산동","1403-3","1403","0003","태화강더뷰","월세","24.4252","202511","26","500","58","15","2017","번영로 266","202512~202612","신규","-","","","아파트"
"2865","울산광역시 남구 삼산동","1529-1","1529","0001","벽산강변타운","전세","59.9250","202511","26","20,000","0","23","1998","화합로 250","202511~202611","신규","-","","","아파트"
"2866","울산광역시 북구 매곡동","895","0895","0000","드림인시티에일린의뜰2차","전세","84.9275","202511","26","28,350","0","10","2017","호계매곡1로 32","202511~202611","갱신","사용","27,000","0","아파트"
"2867","울산광역시 남구 삼산동","1461-3","1461","0003","삼신현대","전세","128.1200","202511","26","22,575","0","1","1991","월평로 272","202512~202712","갱신","-","21,500","0","아파트"
"2868","울산광역시 남구 삼산동","1461-3","1461","0003","삼신현대","전세","128.1200","202511","26","22,575","0","1","1991","월평로 272","202512~202712","갱신","-","21,500","0","아파트"
"2869","울산광역시 동구 전하동","687-7","0687","0007","협동","월세","60.0600","202511","26","500","45","2","1984","진성12길 23","202601~202801","신규","-","","","아파트"
"2870","울산광역시 북구 신천동","953","0953","0000","신천매곡유보라","전세","84.9979","202511","26","38,000","0","13","2025","찬샘1길 20","202603~202803","신규","-","","","아파트"
"2871","울산광역시 동구 전하동","660-1","0660","0001","울산전하푸르지오1단지","월세","84.8959","202511","26","2,000","100","15","2011","봉수로 250","202512~202712","신규","-","","","아파트"
"2872","울산광역시 중구 성안동","393-1","0393","0001","성안에델하임3차","전세","84.8173","202511","26","27,000","0","4","2020","함월13길 32","202511~202711","갱신","-","27,000","0","아파트"
"2873","울산광역시 중구 성안동","393-1","0393","0001","성안에델하임3차","전세","84.8173","202511","26","26,200","0","2","2020","함월13길 32","202511~202711","갱신","-","26,200","0","아파트"
"2874","울산광역시 중구 반구동","51-3","0051","0003","무궁화","전세","57.4700","202511","26","9,100","0","5","1984","구교6길 26","202512~202712","신규","-","","","아파트"
"2875","울산광역시 동구 전하동","301-5","0301","0005","현대3","월세","75.1800","202511","25","1,000","45","4","1987","녹수12길 30","202511~202611","신규","-","","","아파트"
"2876","울산광역시 중구 유곡동","271-2","0271","0002","에일린의뜰3차","월세","99.8193","202511","25","23,000","73","20","2014","종가로 245","202601~202801","갱신","사용","23,000","65","아파트"
"2877","울산광역시 남구 달동","118-3","0118","0003","달동주공1단지","월세","51.6600","202511","25","4,000","50","3","1993","번영로107번길 22","202601~202801","신규","-","","","아파트"
"2878","울산광역시 남구 달동","119-1","0119","0001","달동주공2단지","전세","38.6400","202511","25","11,000","0","4","1993","번영로107번길 5","202512~202712","신규","-","","","아파트"
"2879","울산광역시 남구 달동","118-3","0118","0003","달동주공1단지","월세","51.6600","202511","25","4,000","50","3","1993","번영로107번길 22","202601~202801","신규","-","","","아파트"
"2880","울산광역시 북구 효문동","1039","1039","0000","효문코오롱하늘채","전세","72.1100","202511","25","27,000","0","2","2018","율동2길 8","202603~202802","갱신","-","19,000","0","아파트"
"2881","울산광역시 중구 서동","613","0613","0000","우정혁신도시KCC스위첸","전세","84.9800","202511","25","29,400","0","2","2015","종가로 668-10","202512~202712","갱신","사용","28,000","0","아파트"
"2882","울산광역시 남구 신정동","1617","1617","0000","복지맨션","월세","68.1300","202511","25","1,000","60","4","1983","거마로98번길 20-31","202512~202712","신규","-","","","아파트"
"2883","울산광역시 남구 신정동","526-10","0526","0010","미소드리움아파트","월세","80.1830","202511","25","3,000","120","8","2018","봉월로 144","202512~202712","신규","-","","","아파트"
"2884","울산광역시 남구 신정동","1591","1591","0000","금탑","월세","55.3100","202511","25","300","100","4","1982","거마로118번길 12","202601~202607","신규","-","","","아파트"
"2885","울산광역시 남구 신정동","899-1","0899","0001","한라무지개","전세","59.5050","202511","25","10,000","0","2","1993","두왕로272번길 17-14","202512~202712","신규","-","","","아파트"
"2886","울산광역시 북구 천곡동","411","0411","0000","쌍용아진그린3","월세","59.9520","202511","25","2,000","50","7","1996","아진로 115","202512~202712","갱신","사용","2,000","50","아파트"
"2887","울산광역시 울주군 범서읍 구영리","798-1","0798","0001","구영현대아이파크","전세","70.5300","202511","25","15,750","0","8","1991","점촌4길 43","202512~202712","갱신","사용","16,000","0","아파트"
"2888","울산광역시 울주군 범서읍 구영리","799-5","0799","0005","범서현대3차","월세","68.8500","202511","25","13,000","10","6","1993","점촌4길 65","202601~202801","신규","-","","","아파트"
"2889","울산광역시 울주군 언양읍 송대리","53-1","0053","0001","양우내안애더퍼스트","월세","63.9584","202511","25","2,000","60","16","2019","내곡능골길 93-20","202511~202706","신규","-","","","아파트"
"2890","울산광역시 남구 야음동","911","0911","0000","대현더샵","월세","84.9140","202511","25","2,500","160","15","2018","야음로26번길 34","202512~202712","신규","-","","","아파트"
"2891","울산광역시 남구 야음동","594-37","0594","0037","신정현대홈타운1","월세","40.8000","202511","25","500","65","12","1999","대암로 81","202511~202711","신규","-","","","아파트"
"2892","울산광역시 남구 선암동","665-1","0665","0001","인블리스아파트","월세","59.9700","202511","25","2,500","20","8","1994","두왕로190번길 47","202512~202712","신규","-","","","아파트"
"2893","울산광역시 남구 선암동","672-6","0672","0006","삼도가든맨션","월세","79.6800","202511","25","2,800","55","3","1992","두왕로190번길 35-20","202601~202801","신규","-","","","아파트"
"2894","울산광역시 북구 신천동","346-5","0346","0005","성우현대","월세","69.1500","202511","25","1,000","60","1","1993","호계로 313","202601~202801","신규","-","","","아파트"
"2895","울산광역시 동구 방어동","900-2","0900","0002","상록맨션","월세","59.4400","202511","25","3,000","30","3","1988","후릉길 18-1","202511~202611","신규","-","","","아파트"
"2896","울산광역시 북구 매곡동","895","0895","0000","드림인시티에일린의뜰2차","전세","84.8412","202511","25","28,800","0","23","2017","호계매곡1로 32","202511~202711","갱신","사용","27,500","0","아파트"
"2897","울산광역시 북구 매곡동","966","0966","0000","매곡에듀파크에일린의뜰","월세","84.9986","202511","25","26,500","38","10","2021","신천로 103","202512~202707","갱신","-","26,500","0","아파트"
"2898","울산광역시 북구 매곡동","532","0532","0000","매곡현대아파트(101~106동)","월세","49.8050","202511","25","500","45","9","1994","매곡1로 13","202601~202801","신규","-","","","아파트"
"2899","울산광역시 울주군 청량읍 상남리","878-1","0878","0001","덕하상남지구골드클래스","월세","59.9126","202511","25","2,000","85","5","2017","상남길 25","202601~202801","신규","-","","","아파트"
"2900","울산광역시 남구 무거동","275-1","0275","0001","굴화주공1","월세","59.9900","202511","25","2,000","70","9","1997","굴화4길 20","202512~202712","신규","-","","","아파트"
"2901","울산광역시 남구 무거동","488-13","0488","0013","옥현으뜸마을주공3","전세","59.8400","202511","25","21,000","0","18","2001","옥현로 34","-","-","-","","","아파트"
"2902","울산광역시 남구 무거동","488-13","0488","0013","옥현으뜸마을주공3","전세","59.8400","202511","25","21,000","0","18","2001","옥현로 34","202512~202712","갱신","사용","20,000","0","아파트"
"2903","울산광역시 남구 무거동","488-13","0488","0013","옥현으뜸마을주공3","전세","59.8400","202511","25","21,000","0","18","2001","옥현로 34","202512~202712","갱신","사용","20,000","0","아파트"
"2904","울산광역시 남구 무거동","488-13","0488","0013","옥현으뜸마을주공3","전세","59.8400","202511","25","21,000","0","18","2001","옥현로 34","202512~202712","갱신","사용","20,000","0","아파트"
"2905","울산광역시 동구 화정동","851-3","0851","0003","현대파라다이스3","월세","73.5300","202511","25","1,000","60","7","1993","봉수로 100","202512~202611","신규","-","","","아파트"
"2906","울산광역시 동구 화정동","149-1","0149","0001","금강","월세","53.8400","202511","25","500","48","6","1990","봉수로 170","202512~202712","신규","-","","","아파트"
"2907","울산광역시 동구 일산동","461-1","0461","0001","대진","월세","50.4900","202511","25","500","10","4","1983","대송로 29","202512~202712","신규","-","","","아파트"
"2908","울산광역시 울주군 삼남읍 교동리","1678","1678","0000","경동우신알프스타운","월세","45.1894","202511","25","500","45","15","2015","작괘들길 41","202512~202612","신규","-","","","아파트"
"2909","울산광역시 남구 달동","118-3","0118","0003","달동주공1단지","월세","51.6600","202511","24","2,000","55","2","1993","번영로107번길 22","202512~202712","신규","-","","","아파트"
"2910","울산광역시 울주군 온양읍 망양리","가-5-1","0005","0001","회야리버","월세","45.0730","202511","24","500","55","14","2000","원동2길 19-2","202512~202712","신규","-","","","아파트"
"2911","울산광역시 남구 신정동","1919","1919","0000","문수로대공원에일린의뜰","전세","59.7186","202511","24","36,750","0","18","2023","문수로463번길 6","202601~202801","갱신","사용","35,000","0","아파트"
"2912","울산광역시 북구 산하동","969-1","0969","0001","울산블루마시티서희스타힐스블루원아파트","전세","64.9532","202511","24","21,000","0","12","2016","산하중앙3로 142","202512~202712","신규","-","","","아파트"
"2913","울산광역시 중구 유곡동","114-1","0114","0001","양지","월세","59.6100","202511","24","1,000","35","4","1987","유곡로 50","202511~202711","신규","-","","","아파트"
"2914","울산광역시 북구 산하동","977-14","0977","0014","블루마시티효성해링턴플레이스1단지","전세","62.3300","202511","24","20,000","0","14","2017","화암7길 5","202512~202711","신규","-","","","아파트"
"2915","울산광역시 북구 달천동","887","0887","0000","달천아이파크2차(3단지)","월세","84.9520","202511","24","2,000","100","1","2008","달천로 103-20","202603~202803","신규","-","","","아파트"
"2916","울산광역시 중구 약사동","1108","1108","0000","울산약사더샵","월세","69.9430","202511","24","7,000","135","9","2017","약사로 20","202512~202712","신규","-","","","아파트"
"2917","울산광역시 중구 복산동","766","0766","0000","번영로효성해링턴플레이스1차아파트","전세","84.6521","202511","24","30,975","0","10","2015","번영로 435","202512~202712","갱신","사용","29,500","0","아파트"
"2918","울산광역시 중구 복산동","186-1","0186","0001","해동성지","전세","84.9200","202511","24","16,000","0","6","2021","도화골길 30","202511~202712","갱신","-","14,000","0","아파트"
"2919","울산광역시 동구 전하동","631-1","0631","0001","e편한세상전하2단지","전세","84.9900","202511","24","36,500","0","18","2013","봉수로 290","202511~202711","신규","-","","","아파트"
"2920","울산광역시 북구 화봉동","1486","1486","0000","울산송정LH2단지","월세","26.9600","202511","24","2,622","8","4","2020","박상진2로 82","202512~202711","갱신","-","992","15","아파트"
"2921","울산광역시 중구 복산동","40-9","0040","0009","번영로드림파크","월세","36.4323","202511","24","500","60","7","2016","계변로 54","202511~202711","신규","-","","","아파트"
"2922","울산광역시 중구 복산동","833","0833","0000","번영로센트리지4단지","월세","84.9260","202511","24","3,000","160","13","2023","복산1길 1","202511~202711","갱신","-","3,000","140","아파트"
"2923","울산광역시 북구 화봉동","639-1","0639","0001","효성.삼환아파트","월세","71.8700","202511","24","5,000","55","3","1996","통샘10길 9","202602~202803","신규","-","","","아파트"
"2924","울산광역시 중구 복산동","832","0832","0000","번영로센트리지3단지","전세","84.9260","202511","24","34,125","0","15","2023","복산1길 1","202512~202712","갱신","사용","32,500","0","아파트"
"2925","울산광역시 북구 중산동","1277-1","1277","0001","울산오토밸리로Z00M파크","전세","84.9164","202511","24","26,000","0","11","2016","중산서로 19","202511~202711","신규","-","","","아파트"
"2926","울산광역시 동구 전하동","782","0782","0000","스위첸웰츠타워2단지","전세","84.9010","202511","24","26,775","0","11","2023","방어진순환도로 865","202602~202802","갱신","사용","25,500","0","아파트"
"2927","울산광역시 울주군 범서읍 구영리","798-1","0798","0001","구영현대아이파크","전세","70.5300","202511","24","16,000","0","8","1991","점촌4길 43","202512~202712","갱신","사용","16,000","0","아파트"
"2928","울산광역시 남구 야음동","789-9","0789","0009","동부1","전세","59.6400","202511","24","26,000","0","7","1995","야음로 21","202604~202804","신규","-","","","아파트"
"2929","울산광역시 남구 삼산동","183-1","0183","0001","삼산리버뷰웰가","월세","55.9740","202511","24","1,000","110","8","2017","정동로 142","202601~202801","신규","-","","","아파트"
"2930","울산광역시 남구 무거동","832-2","0832","0002","무거현대","전세","62.8800","202511","24","13,000","0","3","1995","신복로71번길 13","202512~202712","신규","-","","","아파트"
"2931","울산광역시 남구 야음동","594-37","0594","0037","신정현대홈타운1","전세","59.9700","202511","24","26,000","0","25","1999","대암로 81","202601~202801","신규","-","","","아파트"
"2932","울산광역시 남구 달동","118-3","0118","0003","달동주공1단지","월세","49.7700","202511","24","1,000","60","6","1993","번영로107번길 22","202512~202712","신규","-","","","아파트"
"2933","울산광역시 동구 화정동","875-1","0875","0001","현대미포","월세","65.5500","202511","24","500","50","4","1991","월봉8길 6","202512~202712","신규","-","","","아파트"
"2934","울산광역시 동구 화정동","875-1","0875","0001","현대미포","월세","65.5500","202511","24","500","50","4","1991","월봉8길 6","202512~202712","신규","-","","","아파트"
"2935","울산광역시 중구 우정동","369-1","0369","0001","선경2차","월세","59.7400","202511","24","18,000","10","18","1997","유곡로 10","202511~202711","신규","-","","","아파트"
"2936","울산광역시 북구 송정동","1237-2","1237","0002","울산송정반도유보라아이비파크","전세","84.9456","202511","24","45,000","0","7","2019","화산로 104","202601~202801","신규","-","","","아파트"
"2937","울산광역시 북구 송정동","1207-2","1207","0002","울산송정호반베르디움","전세","84.9730","202511","24","42,000","0","12","2018","박상진3로 5","202602~202802","신규","-","","","아파트"
"2938","울산광역시 울주군 언양읍 송대리","53-1","0053","0001","양우내안애더퍼스트","월세","63.9584","202511","24","2,000","70","10","2019","내곡능골길 93-20","202512~202712","신규","-","","","아파트"
"2939","울산광역시 북구 상안동","358-1","0358","0001","쌍용아진그린타운1","월세","59.8900","202511","24","2,000","60","3","1996","아진로 42","202511~202711","신규","-","","","아파트"
"2940","울산광역시 울주군 온양읍 대안리","196","0196","0000","울산온양대우","월세","59.9500","202511","24","1,000","65","13","1998","솔밭1길 12","202512~202712","신규","-","","","아파트"
"2941","울산광역시 동구 방어동","1032-6","1032","0006","아느칸빌5차","월세","84.4475","202511","24","1,000","95","12","2011","문현로 106","202512~202612","신규","-","","","아파트"
"2942","울산광역시 북구 매곡동","532","0532","0000","매곡현대아파트(101~106동)","월세","49.8050","202511","24","500","50","3","1994","매곡1로 13","202512~202712","신규","-","","","아파트"
"2943","울산광역시 동구 서부동","1049","1049","0000","울산지웰시티자이1단지","전세","84.9976","202511","24","29,400","0","14","2023","서부로 50","202512~202712","신규","-","","","아파트"
"2944","울산광역시 북구 매곡동","966","0966","0000","매곡에듀파크에일린의뜰","전세","59.9405","202511","24","22,000","0","7","2021","신천로 103","202512~202712","갱신","사용","21,000","0","아파트"
"2945","울산광역시 북구 매곡동","233","0233","0000","현대으뜸타운","전세","66.8000","202511","24","9,500","0","9","1997","매곡본길 54","202602~202802","신규","-","","","아파트"
"2946","울산광역시 동구 방어동","929-7","0929","0007","동구미소지움","전세","59.1652","202511","24","18,000","0","11","2019","방어진순환도로 470","202512~202612","신규","-","","","아파트"
"2947","울산광역시 동구 전하동","630-1","0630","0001","e편한세상전하1단지","전세","59.9900","202511","24","30,000","0","19","2013","봉수로 290","202601~202801","신규","-","","","아파트"
"2948","울산광역시 북구 중산동","200","0200","0000","디아채","전세","84.9921","202511","23","19,000","0","14","2007","중산동로 37","202601~202801","신규","-","","","아파트"
"2949","울산광역시 북구 송정동","1207-3","1207","0003","울산송정한양수자인","전세","84.9843","202511","23","43,000","0","7","2019","박상진3로 25","202602~202802","신규","-","","","아파트"
"2950","울산광역시 북구 송정동","1207-3","1207","0003","울산송정한양수자인","전세","84.9843","202511","23","40,000","0","7","2019","박상진3로 25","202602~202802","신규","-","","","아파트"
"2951","울산광역시 북구 송정동","1207-3","1207","0003","울산송정한양수자인","전세","84.9843","202511","23","40,000","0","7","2019","박상진3로 25","202602~202802","신규","-","","","아파트"
"2952","울산광역시 북구 송정동","1207-3","1207","0003","울산송정한양수자인","전세","84.9843","202511","23","40,000","0","7","2019","박상진3로 25","202602~202802","신규","-","","","아파트"
"2953","울산광역시 울주군 언양읍 송대리","53-1","0053","0001","양우내안애더퍼스트","전세","63.9584","202511","23","16,000","0","2","2019","내곡능골길 93-20","202601~202801","신규","-","","","아파트"
"2954","울산광역시 중구 복산동","832","0832","0000","번영로센트리지3단지","월세","84.9620","202511","23","10,000","150","22","2023","복산1길 1","202512~202712","신규","-","","","아파트"
"2955","울산광역시 동구 서부동","257-4","0257","0004","현대패밀리서부","전세","49.7900","202511","23","7,000","0","15","1992","방어진순환도로 995","202512~202712","신규","-","","","아파트"
"2956","울산광역시 남구 옥동","129-6","0129","0006","대공원현대","전세","79.8750","202511","23","25,000","0","13","1992","대공원로115번길 10","202511~202711","갱신","-","20,000","0","아파트"
"2957","울산광역시 중구 남외동","6-2","0006","0002","삼익세라믹201","월세","70.3500","202511","23","1,000","55","9","1991","병영성4길 45","202511~202711","신규","-","","","아파트"
"2958","울산광역시 남구 삼산동","1547","1547","0000","평창2차현대","전세","84.9300","202511","23","28,000","0","7","1994","삼산중로 110","202601~202801","신규","-","","","아파트"
"2959","울산광역시 남구 달동","1330-1","1330","0001","삼산선경","월세","76.2300","202511","23","2,000","90","13","1991","돋질로 262","202601~202801","신규","-","","","아파트"
"2960","울산광역시 남구 신정동","22-4","0022","0004","빌리브리버런트","전세","78.3367","202511","23","43,000","0","18","2025","팔등로141번길 6","202601~202801","신규","-","","","아파트"
"2961","울산광역시 남구 달동","1330-1","1330","0001","삼산선경","월세","76.2300","202511","23","2,000","90","13","1991","돋질로 262","202601~202801","신규","-","","","아파트"
"2962","울산광역시 남구 달동","1330-1","1330","0001","삼산선경","전세","84.9750","202511","23","27,000","0","24","1991","돋질로 262","202601~202801","신규","-","","","아파트"
"2963","울산광역시 동구 서부동","248-24","0248","0024","서부성원상떼빌","월세","84.8500","202511","23","2,500","90","23","2005","봉수로 450","202512~202612","신규","-","","","아파트"
"2964","울산광역시 동구 전하동","640-1","0640","0001","전하아이파크","전세","84.9833","202511","22","37,500","0","10","2012","봉수로 270","202602~202802","신규","-","","","아파트"
"2965","울산광역시 동구 전하동","640-1","0640","0001","전하아이파크","전세","84.9833","202511","22","37,500","0","10","2012","봉수로 270","202602~202802","신규","-","","","아파트"
"2966","울산광역시 중구 서동","34-2","0034","0002","서동현대","전세","49.9550","202511","22","9,000","0","5","1992","동천1길 31","202512~202712","신규","-","","","아파트"
"2967","울산광역시 중구 서동","34-2","0034","0002","서동현대","전세","49.9550","202511","22","9,000","0","5","1992","동천1길 31","202512~202712","신규","-","","","아파트"
"2968","울산광역시 울주군 언양읍 어음리","175","0175","0000","e편한세상울산역어반스퀘어","전세","59.9474","202511","22","25,000","0","14","2022","언양로 77","202601~202801","신규","-","","","아파트"
"2969","울산광역시 울주군 웅촌면 대복리","302","0302","0000","한솔그린빌","월세","49.9300","202511","22","1,000","30","6","1997","삼동로 1617","202511~202711","신규","-","","","아파트"
"2970","울산광역시 북구 송정동","1236-4","1236","0004","울산송정제일풍경채레이크뷰","전세","84.9588","202511","22","37,000","0","20","2019","박상진3로 73","202511~202711","갱신","-","32,000","0","아파트"
"2971","울산광역시 북구 상안동","381-1","0381","0001","쌍용아진그린타운2","월세","59.9800","202511","22","2,000","60","6","1996","아진로 75","202601~202801","신규","-","","","아파트"
"2972","울산광역시 북구 상안동","381-1","0381","0001","쌍용아진그린타운2","월세","59.9800","202511","22","2,000","60","6","1996","아진로 75","202601~202801","신규","-","","","아파트"
"2973","울산광역시 남구 옥동","191-69","0191","0069","옥동롯데인벤스로얄","전세","84.9300","202511","22","45,000","0","18","2006","문수로335번길 27","202601~202801","신규","-","","","아파트"
"2974","울산광역시 남구 옥동","1386","1386","0000","도성","전세","50.2500","202511","22","11,500","0","1","1987","문수로369번길 58","202512~202712","신규","-","","","아파트"
"2975","울산광역시 북구 화봉동","1440","1440","0000","화봉2주공","월세","46.9000","202511","22","1,295","24","2","2009","화산로 36","202511~202711","신규","-","","","아파트"
"2976","울산광역시 북구 화봉동","1491-2","1491","0002","울산송정엘에이치1단지","월세","16.9700","202511","22","2,328","6","17","2019","박상진4로 56","202512~202801","갱신","-","1,728","10","아파트"
"2977","울산광역시 울주군 삼남읍 교동리","1678","1678","0000","경동우신알프스타운","월세","45.1429","202511","22","1,000","30","9","2015","작괘들길 41","-","-","-","","","아파트"
"2978","울산광역시 울주군 삼남읍 교동리","1678-1","1678","0001","KTX울산역우성스마트시티뷰","월세","84.9939","202511","22","2,000","95","21","2018","울산역로 300","202512~202612","갱신","사용","2,000","90","아파트"
"2979","울산광역시 울주군 온양읍 망양리","가-5-1","0005","0001","회야리버","월세","39.7150","202511","22","3,000","30","12","2000","원동2길 19-2","202601~202801","신규","-","","","아파트"
"2980","울산광역시 동구 화정동","851-5","0851","0005","현대파라다이스2","전세","59.1360","202511","22","11,000","0","8","1992","봉수로 94","202512~202712","신규","-","","","아파트"
"2981","울산광역시 남구 달동","1389-4","1389","0004","동서4","월세","59.8200","202511","22","2,000","90","3","1994","삼산로94번길 19-18","202601~202801","신규","-","","","아파트"
"2982","울산광역시 남구 야음동","937","0937","0000","힐스테이트수암(1단지)","전세","84.7267","202511","22","53,000","0","24","2019","중앙로47번길 27","202601~202801","신규","-","","","아파트"
"2983","울산광역시 남구 야음동","701-1","0701","0001","수암한라에이스빌","월세","59.6521","202511","22","24,000","30","6","2003","수암로128번길 24","202601~202801","신규","-","","","아파트"
"2984","울산광역시 남구 야음동","911","0911","0000","대현더샵","전세","84.8270","202511","22","53,000","0","9","2018","야음로26번길 34","202601~202801","신규","-","","","아파트"
"2985","울산광역시 남구 야음동","796-17","0796","0017","신선","전세","46.5300","202511","22","11,000","0","9","1995","야음로 8","202601~202801","신규","-","","","아파트"
"2986","울산광역시 남구 야음동","701-1","0701","0001","수암한라에이스빌","월세","59.6521","202511","22","24,000","30","6","2003","수암로128번길 24","202601~202801","신규","-","","","아파트"
"2987","울산광역시 남구 야음동","594-37","0594","0037","신정현대홈타운1","월세","40.8000","202511","22","1,000","58","22","1999","대암로 81","202511~202711","신규","-","","","아파트"
"2988","울산광역시 동구 서부동","257-4","0257","0004","현대패밀리서부","월세","59.7800","202511","22","500","50","2","1992","방어진순환도로 995","202511~202711","신규","-","","","아파트"
"2989","울산광역시 동구 서부동","1055","1055","0000","울산지웰시티자이2단지","전세","84.9953","202511","22","24,000","0","2","2023","서부로 51","202601~202701","신규","-","","","아파트"
"2990","울산광역시 동구 서부동","257-4","0257","0004","현대패밀리서부","월세","59.7800","202511","22","500","50","2","1992","방어진순환도로 995","202511~202711","신규","-","","","아파트"
"2991","울산광역시 동구 서부동","257-4","0257","0004","현대패밀리서부","월세","49.7900","202511","22","500","40","1","1992","방어진순환도로 995","202601~202801","신규","-","","","아파트"
"2992","울산광역시 남구 무거동","478-1","0478","0001","울산옥현주공2","월세","59.8900","202511","22","10,000","55","7","2000","옥현로 92-12","202602~202801","신규","-","","","아파트"
"2993","울산광역시 남구 무거동","1603","1603","0000","무거동한신휴플러스","전세","84.9921","202511","22","49,000","0","9","2014","남부순환도로 86","202602~202802","신규","-","","","아파트"
"2994","울산광역시 중구 태화동","207-2","0207","0002","우정혁신엘에이치3단지","월세","59.9700","202511","22","30,000","15","9","2014","유곡로 99","202603~202803","신규","-","","","아파트"
"2995","울산광역시 중구 태화동","123-7","0123","0007","새운임대","월세","42.8400","202511","22","1,000","35","5","1985","신기11길 8","202512~202712","신규","-","","","아파트"
"2996","울산광역시 동구 서부동","1055","1055","0000","울산지웰시티자이2단지","전세","84.9839","202511","22","23,100","0","16","2023","서부로 51","202511~202711","갱신","사용","22,000","0","아파트"
"2997","울산광역시 중구 약사동","1101","1101","0000","약사아이파크","월세","59.7100","202511","22","3,000","140","14","2015","평산로 50","202511~202611","신규","-","","","아파트"
"2998","울산광역시 북구 달천동","887","0887","0000","달천아이파크2차(3단지)","월세","101.9660","202511","22","3,000","110","6","2008","달천로 103-20","202602~202802","신규","-","","","아파트"
"2999","울산광역시 중구 복산동","832","0832","0000","번영로센트리지3단지","전세","84.9620","202511","22","48,000","0","14","2023","복산1길 1","202512~202702","갱신","-","34,000","0","아파트"
"3000","울산광역시 중구 복산동","834","0834","0000","번영로센트리지5단지","전세","84.9620","202511","22","54,500","0","20","2023","복산1길 1","202601~202801","신규","-","","","아파트"
"3001","울산광역시 중구 복산동","828","0828","0000","번영로서한이다음프레스티지","월세","84.7048","202511","22","5,000","140","5","2024","화합로 459","202511~202802","신규","-","","","아파트"
"3002","울산광역시 남구 삼산동","1547","1547","0000","평창2차현대","월세","54.9600","202511","22","2,000","75","20","1994","삼산중로 110","202601~202801","신규","-","","","아파트"
"3003","울산광역시 남구 삼산동","1459-1","1459","0001","삼산현대","전세","128.8700","202511","22","35,000","0","12","1990","월평로 253","202601~202801","신규","-","","","아파트"
"3004","울산광역시 북구 산하동","1033-1","1033","0001","울산블루마시티2차푸르지오","전세","84.9955","202511","22","25,000","0","28","2015","강동산하2로 43","202601~202801","신규","-","","","아파트"
"3005","울산광역시 북구 산하동","1033-1","1033","0001","울산블루마시티2차푸르지오","전세","84.9955","202511","22","25,000","0","28","2015","강동산하2로 43","202601~202801","신규","-","","","아파트"
"3006","울산광역시 남구 신정동","1918","1918","0000","울산문수로두산위브더제니스","전세","84.7738","202511","22","47,500","0","12","2022","문수로 487","202601~202801","갱신","사용","46,000","0","아파트"
"3007","울산광역시 남구 신정동","1656-1","1656","0001","올림푸스골든(1656-1)","월세","84.6100","202511","22","2,000","120","13","1988","대공원로 198","202601~202801","신규","-","","","아파트"
"3008","울산광역시 남구 신정동","770-15","0770","0015","유씨티","월세","20.4300","202511","22","500","48","13","2015","중앙로 139","202512~202612","신규","-","","","아파트"
"3009","울산광역시 남구 신정동","1890","1890","0000","문수로2차IPARK2단지","전세","84.9824","202511","22","64,000","0","10","2013","동산로69번길 14","202601~202801","신규","-","","","아파트"
"3010","울산광역시 남구 신정동","1676","1676","0000","대공원I'PARK(2단지)","월세","84.9600","202511","22","6,000","120","10","1994","대공원로99번길 38","202602~202711","신규","-","","","아파트"
"3011","울산광역시 북구 산하동","1033-1","1033","0001","울산블루마시티2차푸르지오","월세","59.7799","202511","22","1,000","85","6","2015","강동산하2로 43","202601~202801","신규","-","","","아파트"
"3012","울산광역시 북구 산하동","969-1","0969","0001","울산블루마시티서희스타힐스블루원아파트","전세","84.5645","202511","22","25,000","0","18","2016","산하중앙3로 142","202601~202801","신규","-","","","아파트"
"3013","울산광역시 남구 삼산동","172-1","0172","0001","세양청구마을","월세","84.9900","202511","22","4,000","100","2","1997","돋질로401번길 12","202602~202802","신규","-","","","아파트"
"3014","울산광역시 북구 매곡동","546","0546","0000","매곡현대아파트107동","월세","49.8050","202511","22","500","50","1","1994","매곡1로 12","202512~202612","신규","-","","","아파트"
"3015","울산광역시 동구 전하동","782","0782","0000","스위첸웰츠타워2단지","전세","76.3540","202511","22","35,000","0","7","2023","방어진순환도로 865","202601~202707","신규","-","","","아파트"
"3016","울산광역시 동구 서부동","238-27","0238","0027","현대패밀리명덕2","월세","59.9800","202511","22","500","60","11","1995","명덕로 70","202512~202712","신규","-","","","아파트"
"3017","울산광역시 동구 서부동","284-1","0284","0001","한아름현대","월세","71.1150","202511","22","1,000","55","5","1993","방어진순환도로 1045","202512~202712","신규","-","","","아파트"
"3018","울산광역시 남구 야음동","937","0937","0000","힐스테이트수암(1단지)","전세","84.7267","202511","21","53,000","0","12","2019","중앙로47번길 27","202602~202802","신규","-","","","아파트"
"3019","울산광역시 남구 달동","596-7","0596","0007","장미","월세","54.1200","202511","21","3,000","65","5","1986","삼산로143번길 14","202511~202711","신규","-","","","아파트"
"3020","울산광역시 북구 화봉동","1338","1338","0000","화봉1주공","월세","46.9000","202511","21","2,695","20","2","2009","화산로 33","202512~202711","갱신","-","2,617","20","아파트"
"3021","울산광역시 남구 무거동","220-1","0220","0001","부성타워맨션","전세","84.5750","202511","21","18,000","0","9","1989","북부순환도로 43","202602~202802","신규","-","","","아파트"
"3022","울산광역시 남구 달동","1351-1","1351","0001","현우골든","월세","84.9250","202511","21","2,000","80","10","1990","삼산로241번길 18","202512~202712","신규","-","","","아파트"
"3023","울산광역시 남구 무거동","927-6","0927","0006","남운그린힐","전세","54.0000","202511","21","8,000","0","8","1988","신복로79번길 8","202602~202802","신규","-","","","아파트"
"3024","울산광역시 울주군 범서읍 굴화리","743","0743","0000","문수산신동아파밀리에","전세","84.9785","202511","21","27,000","0","3","2014","장검길 143","202602~202802","신규","-","","","아파트"
"3025","울산광역시 동구 전하동","660-1","0660","0001","울산전하푸르지오1단지","전세","117.8021","202511","21","35,000","0","14","2011","봉수로 250","202602~202802","신규","-","","","아파트"
"3026","울산광역시 남구 삼산동","172-1","0172","0001","세양청구마을","전세","84.9900","202511","21","25,000","0","4","1997","돋질로401번길 12","202512~202712","신규","-","","","아파트"
"3027","울산광역시 북구 산하동","968-1","0968","0001","울산블루마시티푸르지오","월세","84.9328","202511","21","2,000","90","12","2014","강동산하5로 66","202511~202711","신규","-","","","아파트"
"3028","울산광역시 남구 옥동","1385-4","1385","0004","도성타운","월세","76.6350","202511","21","10,000","20","11","1991","문수로369번길 59","202511~202711","갱신","-","14,000","0","아파트"
"3029","울산광역시 북구 중산동","1277-1","1277","0001","울산오토밸리로Z00M파크","전세","59.9852","202511","21","20,000","0","6","2016","중산서로 19","202602~202802","신규","-","","","아파트"
"3030","울산광역시 북구 중산동","1277-1","1277","0001","울산오토밸리로Z00M파크","전세","59.9852","202511","21","20,000","0","6","2016","중산서로 19","202602~202802","신규","-","","","아파트"
"3031","울산광역시 남구 무거동","220-1","0220","0001","부성타워맨션","전세","84.5750","202511","21","18,000","0","9","1989","북부순환도로 43","202602~202802","신규","-","","","아파트"
"3032","울산광역시 울주군 범서읍 구영리","371","0371","0000","구영지구푸르지오2단지","전세","84.9950","202511","21","32,000","0","8","2006","대리2길 46","202602~202802","신규","-","","","아파트"
"3033","울산광역시 북구 매곡동","682","0682","0000","대하그린파크","전세","59.7500","202511","21","6,300","0","2","1993","매곡본길 28","202512~202712","신규","-","","","아파트"
"3034","울산광역시 남구 신정동","1313-2","1313","0002","세원그린파크빌A","전세","79.2900","202511","21","16,000","0","6","2003","거마로133번길 22","202512~202712","신규","-","","","아파트"
"3035","울산광역시 남구 신정동","569-2","0569","0002","문수로드림파크","월세","51.6947","202511","21","20,700","5","18","2022","월평로21번길 28","202602~202802","신규","-","","","아파트"
"3036","울산광역시 남구 신정동","1298","1298","0000","거마그린빌라","월세","80.3600","202511","21","10,000","35","2","1991","봉월로93번길 8","202512~202712","신규","-","","","아파트"
"3037","울산광역시 북구 매곡동","422-2","0422","0002","현대파크맨션","월세","84.9600","202511","21","1,000","100","2","1996","신기3길 19-6","202511~202603","신규","-","","","아파트"
"3038","울산광역시 중구 복산동","832","0832","0000","번영로센트리지3단지","전세","84.8930","202511","21","32,500","0","12","2023","복산1길 1","202511~202711","갱신","사용","31,000","0","아파트"
"3039","울산광역시 중구 복산동","834","0834","0000","번영로센트리지5단지","월세","84.9710","202511","21","34,000","25","13","2023","복산1길 1","202511~202711","갱신","사용","34,000","0","아파트"
"3040","울산광역시 북구 매곡동","682","0682","0000","대하그린파크","전세","59.7500","202511","21","6,300","0","2","1993","매곡본길 28","202512~202712","신규","-","","","아파트"
"3041","울산광역시 동구 동부동","350-1","0350","0001","아성오우션맨션","전세","55.7100","202511","21","8,500","0","14","1992","남목13길 20","202512~202712","신규","-","","","아파트"
"3042","울산광역시 북구 양정동","818-3","0818","0003","한신더휴에듀포레3단지","전세","84.9141","202511","21","38,000","0","3","2023","율동로 26","202602~202802","갱신","-","25,000","0","아파트"
"3043","울산광역시 북구 화봉동","452","0452","0000","동아.청구아파트","월세","85.0000","202511","21","3,000","90","4","1994","상방로 81","202601~202801","신규","-","","","아파트"
"3044","울산광역시 북구 화봉동","1491-2","1491","0002","울산송정엘에이치1단지","월세","36.8500","202511","21","1,100","32","16","2019","박상진4로 56","202512~202801","갱신","-","4,200","23","아파트"
"3045","울산광역시 울주군 상북면 거리","1208-3","1208","0003","e편한세상서울산파크그란데","월세","68.9969","202511","21","1,000","70","17","2024","거리1길 77","202511~202611","신규","-","","","아파트"
"3046","울산광역시 울주군 언양읍 동부리","251-2","0251","0002","평화빌리지A","월세","83.8600","202511","21","1,500","60","2","2003","동부5길 5","202512~202712","신규","-","","","아파트"
"3047","울산광역시 북구 화봉동","1491-2","1491","0002","울산송정엘에이치1단지","월세","36.8500","202511","21","6,107","14","17","2019","박상진4로 56","202512~202711","갱신","-","3,142","17","아파트"
"3048","울산광역시 중구 우정동","172","0172","0000","마제스타워","월세","133.5138","202511","21","4,000","190","8","2009","학성로 1","202512~202712","신규","-","","","아파트"
"3049","울산광역시 울주군 청량읍 상남리","696-1","0696","0001","울산덕하신일해피트리","월세","84.8916","202511","21","0","160","6","2019","삼정로 811","202512~202606","신규","-","","","아파트"
"3050","울산광역시 남구 야음동","401-1","0401","0001","울산호수공원대명루첸아파트","월세","73.0200","202511","21","0","170","24","2020","신선로 186","202511~202605","신규","-","","","아파트"
"3051","울산광역시 중구 복산동","833","0833","0000","번영로센트리지4단지","월세","84.9710","202511","20","5,000","160","13","2023","복산1길 1","202512~202712","신규","-","","","아파트"
"3052","울산광역시 북구 화봉동","1440","1440","0000","화봉2주공","월세","51.9300","202511","20","3,920","33","3","2009","화산로 36","202512~202711","신규","-","","","아파트"
"3053","울산광역시 울주군 언양읍 동부리","498","0498","0000","신울산경남아너스빌","전세","84.7195","202511","20","18,900","0","3","2010","북문11길 9","202511~202711","갱신","사용","18,000","0","아파트"
"3054","울산광역시 남구 무거동","564-1","0564","0001","영남행복맨션","월세","33.7500","202511","20","500","45","2","1992","대학로55번길 29","202512~202612","신규","-","","","아파트"
"3055","울산광역시 북구 천곡동","402","0402","0000","원동현대","전세","74.2700","202511","20","9,500","0","14","1994","고래로 2","202601~202801","신규","-","","","아파트"
"3056","울산광역시 동구 서부동","1055","1055","0000","울산지웰시티자이2단지","전세","84.9976","202511","20","46,000","0","4","2023","서부로 51","202601~202801","신규","-","","","아파트"
"3057","울산광역시 남구 무거동","276-1","0276","0001","굴화주공2","월세","39.7400","202511","20","1,000","45","1","1995","굴화4길 22","202512~202712","신규","-","","","아파트"
"3058","울산광역시 울주군 언양읍 서부리","236","0236","0000","삼성아파트","월세","59.9100","202511","20","9,400","20","19","1996","웃방천1길 33","202511~202711","갱신","-","9,400","20","아파트"
"3059","울산광역시 남구 무거동","1630","1630","0000","문수비스타동원","월세","59.9263","202511","20","3,000","120","8","2024","삼호로 68","202601~202801","신규","-","","","아파트"
"3060","울산광역시 남구 무거동","1538","1538","0000","무거한라2차","월세","84.8700","202511","20","8,000","50","10","1996","대학로147번길 73","202512~202712","신규","-","","","아파트"
"3061","울산광역시 중구 반구동","106-3","0106","0003","소담팰리스","월세","22.8263","202511","20","500","50","8","2017","화합로 379","202511~202611","신규","-","","","아파트"
"3062","울산광역시 울주군 범서읍 천상리","574-1","0574","0001","청구(천상그린타운)2차","전세","59.8200","202511","20","9,000","0","24","2000","평천길 82","202512~202712","신규","-","","","아파트"
"3063","울산광역시 울주군 온양읍 망양리","794","0794","0000","e편한세상울산온양","전세","59.9889","202511","20","17,300","0","22","2018","망양길 50","202512~202712","신규","-","","","아파트"
"3064","울산광역시 북구 천곡동","402","0402","0000","원동현대","전세","74.2700","202511","20","9,500","0","14","1994","고래로 2","202601~202801","신규","-","","","아파트"
"3065","울산광역시 울주군 청량읍 상남리","696-2","0696","0002","덕하한양수자인","전세","57.8700","202511","20","23,000","0","17","2018","덕하로 182","202512~202712","신규","-","","","아파트"
"3066","울산광역시 북구 달천동","107","0107","0000","그린카운티1","월세","59.8237","202511","20","3,000","40","3","2004","달천로 119","202512~202712","신규","-","","","아파트"
"3067","울산광역시 북구 화봉동","1486","1486","0000","울산송정LH2단지","월세","26.9600","202511","20","2,622","8","16","2020","박상진2로 82","202512~202711","갱신","-","992","15","아파트"
"3068","울산광역시 동구 전하동","301-24","0301","0024","전하동현대홈타운","월세","84.8400","202511","20","1,000","57","10","2002","봉수로 370","202512~202712","갱신","-","1,000","52","아파트"
"3069","울산광역시 동구 전하동","768","0768","0000","늘푸른","월세","59.8500","202511","20","500","50","4","1995","산록길 68","202512~202712","신규","-","","","아파트"
"3070","울산광역시 남구 신정동","872-50","0872","0050","신정코아","전세","59.4300","202511","20","14,000","0","5","1992","수암로64번길 28","202512~202711","신규","-","","","아파트"
"3071","울산광역시 남구 신정동","1919","1919","0000","문수로대공원에일린의뜰","전세","75.9378","202511","20","58,000","0","15","2023","문수로463번길 6","202601~203001","신규","-","","","아파트"
"3072","울산광역시 남구 신정동","1919","1919","0000","문수로대공원에일린의뜰","전세","59.7186","202511","20","46,500","0","20","2023","문수로463번길 6","202512~202712","신규","-","","","아파트"
"3073","울산광역시 중구 장현동","191","0191","0000","에일린의뜰2차아파트","전세","84.8207","202511","20","35,000","0","3","2013","종가로 730","202601~202801","갱신","-","30,000","0","아파트"
"3074","울산광역시 남구 선암동","723","0723","0000","선암에코하이츠","전세","59.9974","202511","20","27,600","0","9","2015","산업로339번길 27-10","202603~202803","신규","-","","","아파트"
"3075","울산광역시 북구 화봉동","426","0426","0000","대우","전세","84.3870","202511","20","19,000","0","4","1995","상방로 65","202512~202804","신규","-","","","아파트"
"3076","울산광역시 울주군 범서읍 천상리","605","0605","0000","천상국태그린빌","월세","49.9360","202511","20","1,000","50","3","2001","천상4길 4","202602~202802","신규","-","","","아파트"
"3077","울산광역시 북구 중산동","1317-3","1317","0003","U-스타시티일동미라주더스타2단지","전세","73.4718","202511","20","28,000","0","12","2018","중산로 47","202511~202711","신규","-","","","아파트"
"3078","울산광역시 북구 명촌동","BL-83","0083","0000","울산강변효성해링턴플레이스(83블럭)","전세","84.9083","202511","20","30,000","0","7","2018","명촌17길 36","202511~202711","갱신","-","29,000","0","아파트"
"3079","울산광역시 중구 서동","613","0613","0000","우정혁신도시KCC스위첸","전세","84.9800","202511","20","39,000","0","6","2015","종가로 668-10","202512~202712","갱신","-","32,000","0","아파트"
"3080","울산광역시 북구 산하동","969-1","0969","0001","울산블루마시티서희스타힐스블루원아파트","전세","84.5645","202511","20","20,000","0","29","2016","산하중앙3로 142","202511~202711","갱신","사용","20,000","0","아파트"
"3081","울산광역시 남구 삼산동","324-15","0324","0015","한화꿈에그린아파트1단지","전세","84.9949","202511","20","29,400","0","15","2010","산업로613번길 26","202601~202801","갱신","사용","28,000","0","아파트"
"3082","울산광역시 중구 복산동","833","0833","0000","번영로센트리지4단지","월세","84.9710","202511","20","5,000","160","13","2023","복산1길 1","202512~202802","신규","-","","","아파트"
"3083","울산광역시 중구 복산동","770","0770","0000","번영로효성해링턴플레이스2차아파트","전세","71.7336","202511","20","32,000","0","3","2015","번영로 445","202601~202801","갱신","-","27,000","0","아파트"
"3084","울산광역시 중구 우정동","810","0810","0000","태화강유보라팰라티움","월세","84.9385","202511","20","2,000","170","41","2023","당산4길 12","202601~202801","신규","-","","","아파트"
"3085","울산광역시 동구 화정동","162","0162","0000","대송현대1","전세","59.8450","202511","20","11,000","0","13","1990","대송2길 10","202601~202802","신규","-","","","아파트"
"3086","울산광역시 동구 서부동","385-3","0385","0003","서영골든","전세","83.9588","202511","20","13,000","0","13","1995","남목11길 25","202512~202803","신규","-","","","아파트"
"3087","울산광역시 북구 매곡동","864","0864","0000","월드메르디앙월드시티","전세","129.7960","202511","20","41,200","0","12","2011","매산로 65","202511~202602","신규","-","","","아파트"
"3088","울산광역시 북구 매곡동","966","0966","0000","매곡에듀파크에일린의뜰","전세","59.9405","202511","20","25,000","0","6","2021","신천로 103","202601~202801","신규","-","","","아파트"
"3089","울산광역시 중구 태화동","207-2","0207","0002","우정혁신엘에이치3단지","전세","59.9700","202511","20","29,000","0","7","2014","유곡로 99","202511~202704","갱신","-","23,000","0","아파트"
"3090","울산광역시 중구 태화동","207-2","0207","0002","우정혁신엘에이치3단지","전세","59.9700","202511","20","29,000","0","7","2014","유곡로 99","202511~202704","갱신","-","23,000","0","아파트"
"3091","울산광역시 동구 서부동","1055","1055","0000","울산지웰시티자이2단지","전세","84.9976","202511","20","46,000","0","4","2023","서부로 51","202601~202801","신규","-","","","아파트"
"3092","울산광역시 북구 연암동","370","0370","0000","LG진로","전세","59.9400","202511","20","13,000","0","4","1995","두부곡4길 17","202602~202802","신규","-","","","아파트"
"3093","울산광역시 남구 야음동","868-1","0868","0001","한라전원","월세","55.0500","202511","19","2,500","42","3","1989","신남로 8-26","202511~202711","신규","-","","","아파트"
"3094","울산광역시 중구 우정동","810","0810","0000","태화강유보라팰라티움","전세","84.9385","202511","19","42,000","0","8","2023","당산4길 12","202601~202801","신규","-","","","아파트"
"3095","울산광역시 중구 우정동","810","0810","0000","태화강유보라팰라티움","전세","84.9385","202511","19","42,000","0","8","2023","당산4길 12","202601~202801","신규","-","","","아파트"
"3096","울산광역시 남구 달동","119-1","0119","0001","달동주공2단지","전세","44.9400","202511","19","12,000","0","5","1993","번영로107번길 5","202512~202712","신규","-","","","아파트"
"3097","울산광역시 남구 달동","1330-1","1330","0001","삼산선경","월세","73.8000","202511","19","2,000","110","10","1992","돋질로 262","202512~202712","신규","-","","","아파트"
"3098","울산광역시 동구 전하동","660-2","0660","0002","울산전하푸르지오2단지","전세","77.2592","202511","19","28,800","0","4","2011","봉수로 250","202602~202801","갱신","-","20,000","0","아파트"
"3099","울산광역시 동구 전하동","782","0782","0000","스위첸웰츠타워2단지","월세","76.3540","202511","19","2,000","150","30","2023","방어진순환도로 865","202511~202611","신규","-","","","아파트"
"3100","울산광역시 남구 야음동","938","0938","0000","힐스테이트수암(2단지)","전세","59.9467","202511","19","20,739","0","14","2019","중앙로17번길 35","202512~202712","갱신","-","19,752","0","아파트"
"3101","울산광역시 남구 야음동","937","0937","0000","힐스테이트수암(1단지)","월세","84.8029","202511","19","30,000","75","7","2019","중앙로47번길 27","202602~202802","신규","-","","","아파트"
"3102","울산광역시 동구 전하동","301-28","0301","0028","대경넥스빌","전세","83.7657","202511","19","19,950","0","14","2004","바드래길 110","202603~202803","갱신","사용","19,000","0","아파트"
"3103","울산광역시 울주군 온양읍 망양리","가-5-1","0005","0001","회야리버","월세","39.7150","202511","19","1,000","60","10","2000","원동2길 19-2","202512~202712","신규","-","","","아파트"
"3104","울산광역시 남구 야음동","383-1","0383","0001","삼한힐파크","전세","74.3000","202511","19","20,000","0","2","2003","수암로274번길 15","202512~202712","신규","-","","","아파트"
"3105","울산광역시 남구 야음동","943","0943","0000","번영로하늘채센트럴파크","월세","74.7070","202511","19","30,000","65","23","2022","번영로16번길 14","202601~202801","신규","-","","","아파트"
"3106","울산광역시 중구 태화동","224","0224","0000","우정혁신호반베르디움","전세","97.9541","202511","19","49,000","0","11","2014","종가로 140","202603~202803","신규","-","","","아파트"
"3107","울산광역시 중구 태화동","224","0224","0000","우정혁신호반베르디움","전세","97.9541","202511","19","49,000","0","11","2014","종가로 140","202603~202803","신규","-","","","아파트"
"3108","울산광역시 동구 전하동","782","0782","0000","스위첸웰츠타워2단지","전세","63.4350","202511","19","19,425","0","16","2023","방어진순환도로 865","202512~202712","갱신","사용","18,500","0","아파트"
"3109","울산광역시 중구 복산동","35-1","0035","0001","정우","월세","59.0700","202511","19","1,000","50","1","1983","서원6길 25","202601~202801","신규","-","","","아파트"
"3110","울산광역시 중구 반구동","106-3","0106","0003","소담팰리스","월세","22.8263","202511","19","500","49","16","2017","화합로 379","202512~202611","신규","-","","","아파트"
"3111","울산광역시 중구 유곡동","215","0215","0000","우정혁신도시2차동원로얄듀크","월세","84.9967","202511","19","3,000","126","14","2014","종가4길 10","202512~202712","갱신","사용","3,000","120","아파트"
"3112","울산광역시 동구 서부동","1049","1049","0000","울산지웰시티자이1단지","전세","84.9957","202511","19","46,000","0","21","2023","서부로 50","202601~202801","신규","-","","","아파트"
"3113","울산광역시 동구 서부동","1055","1055","0000","울산지웰시티자이2단지","전세","84.9957","202511","19","25,200","0","18","2023","서부로 51","202511~202711","갱신","사용","24,000","0","아파트"
"3114","울산광역시 중구 남외동","501-1","0501","0001","남외푸르지오2차","전세","84.9636","202511","19","19,000","0","5","2007","남외로 60","202511~203011","신규","-","","","아파트"
"3115","울산광역시 남구 옥동","191-58","0191","0058","성도","전세","59.8100","202511","19","20,500","0","4","1997","문수로335번길 51","202601~202801","신규","-","","","아파트"
"3116","울산광역시 동구 서부동","1049","1049","0000","울산지웰시티자이1단지","전세","84.9976","202511","19","44,000","0","10","2023","서부로 50","202601~202801","신규","-","","","아파트"
"3117","울산광역시 동구 서부동","1049","1049","0000","울산지웰시티자이1단지","전세","84.9976","202511","19","44,000","0","10","2023","서부로 50","202601~202801","신규","-","","","아파트"
"3118","울산광역시 남구 무거동","275-1","0275","0001","굴화주공1","월세","59.9900","202511","19","5,000","65","11","1997","굴화4길 20","202602~202802","신규","-","","","아파트"
"3119","울산광역시 남구 신정동","650-17","0650","0017","이안신정","전세","99.2630","202511","19","25,000","0","17","2007","삼산로45번길 30","202601~202801","신규","-","","","아파트"
"3120","울산광역시 남구 신정동","1680","1680","0000","올림푸스골든(1680)","전세","84.8750","202511","19","27,000","0","1","1989","대공원로 156","202601~202801","신규","-","","","아파트"
"3121","울산광역시 울주군 언양읍 어음리","175","0175","0000","e편한세상울산역어반스퀘어","전세","59.9318","202511","19","24,000","0","9","2022","언양로 77","202512~202712","신규","-","","","아파트"
"3122","울산광역시 남구 옥동","191-58","0191","0058","성도","전세","59.8100","202511","19","20,500","0","4","1997","문수로335번길 51","202601~202801","신규","-","","","아파트"
"3123","울산광역시 남구 신정동","1680","1680","0000","올림푸스골든(1680)","전세","84.8750","202511","19","34,000","0","13","1989","대공원로 156","202602~202802","신규","-","","","아파트"
"3124","울산광역시 남구 삼산동","172-1","0172","0001","세양청구마을","전세","84.9900","202511","19","22,500","0","7","1997","돋질로401번길 12","202602~202802","신규","-","","","아파트"
"3125","울산광역시 남구 야음동","937","0937","0000","힐스테이트수암(1단지)","전세","59.8718","202511","19","18,854","0","3","2019","중앙로47번길 27","202512~202712","갱신","-","17,957","0","아파트"
"3126","울산광역시 남구 신정동","836-3","0836","0003","울산대공원한신더휴","전세","84.6229","202511","19","56,000","0","8","2025","수암로 55","202601~202802","신규","-","","","아파트"
"3127","울산광역시 남구 야음동","868-3","0868","0003","그랜드타운","월세","44.5000","202511","19","500","40","5","1999","신남로 8-8","202512~202612","신규","-","","","아파트"
"3128","울산광역시 동구 방어동","971","0971","0000","꽃바위현대","월세","59.7000","202511","19","500","60","4","1995","화잠9길 45","202511~202711","신규","-","","","아파트"
"3129","울산광역시 울주군 온양읍 대안리","417","0417","0000","미도파","월세","59.7600","202511","19","1,000","45","5","1993","연안2길 22","202511~202711","신규","-","","","아파트"
"3130","울산광역시 남구 야음동","938","0938","0000","힐스테이트수암(2단지)","전세","59.8718","202511","19","18,854","0","16","2019","중앙로17번길 35","202512~202712","갱신","-","17,957","0","아파트"
"3131","울산광역시 중구 유곡동","117-27","0117","0027","새운","전세","54.5600","202511","18","10,000","0","4","1984","평동2길 50","202512~202712","신규","-","","","아파트"
"3132","울산광역시 북구 화봉동","1492-2","1492","0002","울산송정한라비발디캠퍼스","전세","84.9675","202511","18","43,000","0","11","2019","박상진2로 121","202603~202803","신규","-","","","아파트"
"3133","울산광역시 남구 야음동","594-10","0594","0010","신정현대홈타운2","전세","84.9600","202511","18","33,000","0","18","1999","대암로 82","202602~202802","신규","-","","","아파트"
"3134","울산광역시 북구 천곡동","940-1","0940","0001","우방","월세","49.5000","202511","18","500","45","8","1998","천곡길 199","202511~202711","신규","-","","","아파트"
"3135","울산광역시 울주군 범서읍 구영리","208","0208","0000","풍경채","전세","63.8628","202511","18","24,000","0","18","2007","구영로 75-26","202511~202611","갱신","-","23,000","0","아파트"
"3136","울산광역시 남구 신정동","1577-8","1577","0008","청실","월세","67.9750","202511","18","2,000","50","5","1982","거마로104번길 1","202511~202611","신규","-","","","아파트"
"3137","울산광역시 남구 신정동","1626","1626","0000","신정수필아파트","월세","77.8200","202511","18","3,000","85","3","1980","동산로29번길 15","202601~202801","신규","-","","","아파트"
"3138","울산광역시 북구 산하동","977-14","0977","0014","블루마시티효성해링턴플레이스1단지","월세","84.7500","202511","18","2,500","90","5","2017","화암7길 5","202512~202712","신규","-","","","아파트"
"3139","울산광역시 북구 산하동","968-1","0968","0001","울산블루마시티푸르지오","전세","84.9328","202511","18","21,000","0","11","2014","강동산하5로 66","202601~202801","신규","-","","","아파트"
"3140","울산광역시 북구 산하동","977-14","0977","0014","블루마시티효성해링턴플레이스1단지","전세","62.3300","202511","18","21,000","0","2","2017","화암7길 5","202512~202712","신규","-","","","아파트"
"3141","울산광역시 동구 전하동","630-1","0630","0001","e편한세상전하1단지","전세","84.9900","202511","18","36,700","0","11","2013","봉수로 290","202512~202712","신규","-","","","아파트"
"3142","울산광역시 동구 전하동","301-5","0301","0005","현대3","월세","59.4600","202511","18","500","50","2","1987","녹수13길 33","202511~202711","신규","-","","","아파트"
"3143","울산광역시 동구 전하동","660-1","0660","0001","울산전하푸르지오1단지","전세","84.8283","202511","18","30,000","0","17","2011","봉수로 250","202603~202803","신규","-","","","아파트"
"3144","울산광역시 동구 방어동","316","0316","0000","엘리제","월세","83.1269","202511","18","1,000","100","13","2015","상진길 24","202601~202801","신규","-","","","아파트"
"3145","울산광역시 남구 두왕동","748","0748","0000","대공원호반베르디움","월세","84.9801","202511","18","3,000","150","6","2019","테크노산업로44번길 50","202512~202705","신규","-","","","아파트"
"3146","울산광역시 중구 복산동","832","0832","0000","번영로센트리지3단지","전세","84.9330","202511","18","52,000","0","5","2023","복산1길 1","202601~202801","신규","-","","","아파트"
"3147","울산광역시 북구 천곡동","940-1","0940","0001","우방","월세","49.5000","202511","18","500","40","14","1998","천곡길 199","202601~202803","신규","-","","","아파트"
"3148","울산광역시 중구 복산동","832","0832","0000","번영로센트리지3단지","전세","84.9620","202511","18","52,000","0","9","2023","복산1길 1","202601~202801","신규","-","","","아파트"
"3149","울산광역시 울주군 범서읍 굴화리","734","0734","0000","문수산동문굿모닝힐","전세","156.7665","202511","18","49,000","0","9","2010","장검길 123","202512~202712","신규","-","","","아파트"
"3150","울산광역시 울주군 청량읍 율리","1477-1","1477","0001","문수데시앙3단지","월세","46.5930","202511","18","6,782","19","7","2015","율리영해로 13-9","202511~202711","갱신","-","6,262","13","아파트"
"3151","울산광역시 울주군 청량읍 율리","1477-1","1477","0001","문수데시앙3단지","월세","46.5930","202511","18","6,262","13","2","2015","율리영해로 13-9","202512~202712","신규","-","","","아파트"
"3152","울산광역시 중구 태화동","257","0257","0000","우정혁신엘에이치2단지","전세","59.9800","202511","18","32,000","0","4","2014","종가로 142","202602~202802","갱신","-","26,000","0","아파트"
"3153","울산광역시 남구 달동","118-3","0118","0003","달동주공1단지","월세","41.8500","202511","18","2,000","50","8","1993","번영로107번길 22","202601~202801","신규","-","","","아파트"
"3154","울산광역시 남구 달동","775-6","0775","0006","어울림","전세","74.2500","202511","18","29,500","0","25","1999","도산로77번길 4","202512~202712","갱신","사용","29,500","0","아파트"
"3155","울산광역시 남구 달동","118-3","0118","0003","달동주공1단지","전세","41.8500","202511","18","13,000","0","2","1993","번영로107번길 22","202512~202712","신규","-","","","아파트"
"3156","울산광역시 중구 우정동","689","0689","0000","우정I'PARK","전세","125.5478","202511","18","58,000","0","21","2010","우정2길 45","202512~202712","신규","-","","","아파트"
"3157","울산광역시 동구 화정동","872-1","0872","0001","송정타워맨션","전세","66.8400","202511","18","8,500","0","3","1990","월봉12길 50","202511~202711","신규","-","","","아파트"
"3158","울산광역시 동구 서부동","1049","1049","0000","울산지웰시티자이1단지","전세","84.9957","202511","18","44,000","0","8","2023","서부로 50","202603~202803","신규","-","","","아파트"
"3159","울산광역시 울주군 청량읍 덕하리","1101","1101","0000","울산뉴시티에일린의뜰2차","전세","84.8504","202511","18","41,000","0","11","2024","덕하1로 55","202601~202803","신규","-","","","아파트"
"3160","울산광역시 중구 유곡동","260","0260","0000","우정혁신도시푸르지오","전세","75.9860","202511","18","41,000","0","10","2013","유곡로 80","202602~202802","신규","-","","","아파트"
"3161","울산광역시 중구 유곡동","259","0259","0000","우정혁신도시1차동원로얄듀크","전세","84.9997","202511","18","43,000","0","4","2013","종가로 250","202512~202712","신규","-","","","아파트"
"3162","울산광역시 중구 유곡동","260","0260","0000","우정혁신도시푸르지오","월세","84.9960","202511","18","5,000","160","10","2013","유곡로 80","202602~202611","신규","-","","","아파트"
"3163","울산광역시 중구 유곡동","259","0259","0000","우정혁신도시1차동원로얄듀크","전세","84.9997","202511","18","43,000","0","4","2013","종가로 250","202512~202802","신규","-","","","아파트"
"3164","울산광역시 북구 송정동","1207-2","1207","0002","울산송정호반베르디움","전세","84.9730","202511","18","42,000","0","13","2018","박상진3로 5","202602~202802","신규","-","","","아파트"
"3165","울산광역시 울주군 언양읍 송대리","53-1","0053","0001","양우내안애더퍼스트","월세","63.9584","202511","18","2,000","70","17","2019","내곡능골길 93-20","202512~202712","신규","-","","","아파트"
"3166","울산광역시 중구 동동","116-1","0116","0001","홍일","월세","55.3200","202511","17","2,000","20","1","1988","산전5길 19","202511~202711","신규","-","","","아파트"
"3167","울산광역시 남구 신정동","1676","1676","0000","대공원I'PARK(2단지)","월세","59.9400","202511","17","3,000","90","4","1994","대공원로99번길 38","202512~202712","신규","-","","","아파트"
"3168","울산광역시 중구 반구동","49-5","0049","0005","은실","월세","58.8700","202511","17","4,000","50","4","1983","번영로 498","202512~202712","신규","-","","","아파트"
"3169","울산광역시 북구 연암동","415","0415","0000","벽산늘푸른","전세","59.4850","202511","17","17,500","0","9","1994","상방로 160","202601~202801","신규","-","","","아파트"
"3170","울산광역시 남구 신정동","713-2","0713","0002","운포","월세","61.9800","202511","17","500","55","1","1979","돋질로47번길 23","202511~202711","신규","-","","","아파트"
"3171","울산광역시 남구 신정동","1323-50","1323","0050","수아지오시티","월세","34.5400","202511","17","1,000","75","7","2018","봉월로 117","202511~202611","신규","-","","","아파트"
"3172","울산광역시 남구 삼산동","1459-1","1459","0001","삼산현대","전세","84.9900","202511","17","20,000","0","5","1990","월평로 253","202511~202711","갱신","-","17,850","0","아파트"
"3173","울산광역시 남구 삼산동","1564-1","1564","0001","삼산동대성스카이렉스","월세","167.1200","202511","17","6,000","265","20","2010","삼산로 303","202512~202712","신규","-","","","아파트"
"3174","울산광역시 동구 화정동","851","0851","0000","현대파라다이스1","월세","55.5300","202511","17","500","50","8","1992","봉수로 110","202512~202712","신규","-","","","아파트"
"3175","울산광역시 동구 서부동","1055","1055","0000","울산지웰시티자이2단지","전세","84.9953","202511","17","33,000","0","3","2023","서부로 51","202512~202712","갱신","-","23,000","0","아파트"
"3176","울산광역시 북구 신천동","346-5","0346","0005","성우현대","전세","84.2800","202511","17","11,000","0","8","1993","호계로 313","202511~202711","신규","-","","","아파트"
"3177","울산광역시 남구 삼산동","1403-3","1403","0003","태화강더뷰","월세","24.4252","202511","17","3,000","42","11","2017","번영로 266","202511~202611","신규","-","","","아파트"
"3178","울산광역시 동구 서부동","1055","1055","0000","울산지웰시티자이2단지","전세","84.9839","202511","17","25,200","0","28","2023","서부로 51","202512~202711","갱신","사용","24,000","0","아파트"
"3179","울산광역시 남구 신정동","1847-2","1847","0002","한솔파크","월세","146.9400","202511","17","13,000","80","7","1993","거마로75번길 5","202511~202711","신규","-","","","아파트"
"3180","울산광역시 북구 송정동","1207-2","1207","0002","울산송정호반베르디움","월세","84.9730","202511","17","3,000","150","15","2018","박상진3로 5","202512~202712","신규","-","","","아파트"
"3181","울산광역시 북구 매곡동","966","0966","0000","매곡에듀파크에일린의뜰","전세","84.9986","202511","17","36,000","0","9","2021","신천로 103","202512~202712","신규","-","","","아파트"
"3182","울산광역시 북구 매곡동","857","0857","0000","매곡휴먼시아","월세","39.4500","202511","17","3,370","7","11","2010","신천로 60","202512~202711","갱신","-","1,786","14","아파트"
"3183","울산광역시 중구 태화동","257","0257","0000","우정혁신엘에이치2단지","월세","59.9700","202511","17","3,000","130","11","2014","종가로 142","202511~202801","신규","-","","","아파트"
"3184","울산광역시 남구 삼산동","182-1","0182","0001","아데라움","월세","116.0578","202511","17","2,000","150","7","2005","강남로 348","202601~202801","신규","-","","","아파트"
"3185","울산광역시 남구 신정동","350","0350","0000","제니스타워","월세","25.5500","202511","17","500","40","7","2002","신정로204번길 30","202512~202612","신규","-","","","아파트"
"3186","울산광역시 남구 야음동","881","0881","0000","롯데캐슬골드2단지","전세","84.9600","202511","17","30,000","0","11","2008","신선로 46","202512~202712","갱신","사용","28,600","0","아파트"
"3187","울산광역시 울주군 삼남읍 교동리","1678","1678","0000","경동우신알프스타운","월세","44.5268","202511","17","500","40","8","2015","작괘들길 41","202511~202711","갱신","-","500","35","아파트"
"3188","울산광역시 중구 반구동","22-3","0022","0003","청운빌라","전세","77.1100","202511","17","10,450","0","3","1985","번영로 532","202511~202711","신규","-","","","아파트"
"3189","울산광역시 북구 천곡동","940-6","0940","0006","대동한마음타운","월세","59.7900","202511","17","1,000","55","6","1998","천곡길 165","202512~202712","신규","-","","","아파트"
"3190","울산광역시 남구 야음동","796-17","0796","0017","신선","월세","46.5300","202511","17","1,000","55","5","1995","야음로 4","202602~202802","신규","-","","","아파트"
"3191","울산광역시 북구 산하동","968-1","0968","0001","울산블루마시티푸르지오","월세","84.9328","202511","17","1,000","100","7","2014","강동산하5로 66","202511~202711","신규","-","","","아파트"
"3192","울산광역시 남구 선암동","542-5","0542","0005","강남그린맨션","월세","84.9000","202511","17","4,000","45","13","1992","두왕로174번길 72","202511~202711","신규","-","","","아파트"
"3193","울산광역시 남구 신정동","1154-7","1154","0007","문수로아테라","전세","84.9106","202511","17","55,000","0","4","2025","봉월로60번길 10","202603~202803","신규","-","","","아파트"
"3194","울산광역시 북구 화봉동","1486","1486","0000","울산송정LH2단지","월세","26.9600","202511","17","2,122","10","5","2020","박상진2로 82","202512~202711","갱신","-","992","15","아파트"
"3195","울산광역시 동구 서부동","257-30","0257","0030","현대패밀리서부2","월세","49.1100","202511","17","1,000","50","16","1995","방어진순환도로 999","202601~202801","신규","-","","","아파트"
"3196","울산광역시 동구 서부동","1055","1055","0000","울산지웰시티자이2단지","전세","84.9839","202511","17","32,000","0","16","2023","서부로 51","202511~202611","갱신","-","22,000","0","아파트"
"3197","울산광역시 북구 화봉동","1338","1338","0000","화봉1주공","월세","46.9000","202511","17","2,695","20","6","2009","화산로 33","202511~202712","신규","-","","","아파트"
"3198","울산광역시 중구 약사동","707","0707","0000","삼성래미안2차3단지","전세","84.7750","202511","17","45,000","0","6","2004","약사로 25","202601~202801","신규","-","","","아파트"
"3199","울산광역시 중구 복산동","830","0830","0000","번영로센트리지2단지","전세","75.9740","202511","17","27,000","0","11","2023","복산1길 1","202511~202711","갱신","-","27,000","0","아파트"
"3200","울산광역시 남구 달동","119-1","0119","0001","달동주공2단지","전세","44.9400","202511","17","11,000","0","14","1993","번영로107번길 5","202601~202801","신규","-","","","아파트"
"3201","울산광역시 중구 우정동","689","0689","0000","우정I'PARK","전세","110.5254","202511","17","48,000","0","9","2010","우정2길 45","202512~202712","신규","-","","","아파트"
"3202","울산광역시 울주군 청량읍 덕하리","404-7","0404","0007","덕정유림","전세","59.8400","202511","17","10,000","0","17","1998","덕정1길 8","202601~202801","신규","-","","","아파트"
"3203","울산광역시 남구 신정동","1909","1909","0000","대명루첸","전세","83.2996","202511","17","53,000","0","29","2016","중앙로120번길 12-8","202603~202803","신규","-","","","아파트"
"3204","울산광역시 북구 화봉동","1485-2","1485","0002","울산송정금강펜테리움그린테라스1차","월세","84.5900","202511","16","2,000","130","11","2019","화산로 75","202512~202609","신규","-","","","아파트"
"3205","울산광역시 북구 매곡동","864","0864","0000","월드메르디앙월드시티","전세","84.8844","202511","16","20,000","0","12","2011","매산로 65","202512~202712","신규","-","","","아파트"
"3206","울산광역시 중구 서동","613","0613","0000","우정혁신도시KCC스위첸","전세","84.9800","202511","16","29,400","0","2","2015","종가로 668-10","202512~202712","신규","-","","","아파트"
"3207","울산광역시 동구 서부동","1055","1055","0000","울산지웰시티자이2단지","월세","84.9839","202511","16","1,000","95","18","2023","서부로 51","202602~202705","갱신","사용","1,000","90","아파트"
"3208","울산광역시 중구 복산동","832","0832","0000","번영로센트리지3단지","전세","84.9860","202511","16","32,500","0","8","2023","복산1길 1","202511~202711","갱신","사용","31,000","0","아파트"
"3209","울산광역시 중구 복산동","832","0832","0000","번영로센트리지3단지","월세","84.8930","202511","16","31,000","38","17","2023","복산1길 1","202512~202612","갱신","-","31,000","0","아파트"
"3210","울산광역시 동구 서부동","248-24","0248","0024","서부성원상떼빌","전세","84.8500","202511","16","27,000","0","20","2005","봉수로 450","202601~202801","신규","-","","","아파트"
"3211","울산광역시 울주군 범서읍 천상리","592","0592","0000","로얄팰리스","전세","84.4390","202511","16","18,000","0","5","2016","평천길 96","202602~202802","신규","-","","","아파트"
"3212","울산광역시 북구 상안동","367","0367","0000","프리드","전세","49.5572","202511","16","8,268","0","6","2015","아진로 78-1","202512~202712","신규","-","","","아파트"
"3213","울산광역시 중구 복산동","830","0830","0000","번영로센트리지2단지","월세","75.9740","202511","16","4,000","170","7","2023","복산1길 1","202512~202712","신규","-","","","아파트"
"3214","울산광역시 남구 무거동","477-1","0477","0001","울산옥현1주공","월세","49.3600","202511","16","2,000","60","15","2000","옥현로 92-13","202601~202801","신규","-","","","아파트"
"3215","울산광역시 남구 신정동","1563-39","1563","0039","은월","월세","80.1000","202511","16","3,000","57","5","1981","거마로 115","202602~202802","신규","-","","","아파트"
"3216","울산광역시 울주군 범서읍 구영리","401-2","0401","0002","울산구영리코아루","전세","153.1804","202511","16","47,000","0","7","2008","대리3길 23","202601~202801","신규","-","","","아파트"
"3217","울산광역시 북구 산하동","1033-1","1033","0001","울산블루마시티2차푸르지오","전세","84.9350","202511","16","20,000","0","23","2015","강동산하2로 43","202602~202802","신규","-","","","아파트"
"3218","울산광역시 중구 반구동","26-23","0026","0023","소미빌","전세","36.6839","202511","16","11,000","0","6","2014","번영로 520","202512~202612","갱신","사용","10,500","0","아파트"
"3219","울산광역시 북구 산하동","1033-1","1033","0001","울산블루마시티2차푸르지오","전세","84.9955","202511","16","27,000","0","3","2015","강동산하2로 43","202601~202901","신규","-","","","아파트"
"3220","울산광역시 울주군 범서읍 굴화리","758","0758","0000","문수산 더샵","월세","84.7900","202511","16","4,000","140","16","2014","장검길 88","202512~202712","갱신","사용","4,000","130","아파트"
"3221","울산광역시 울주군 온양읍 망양리","794","0794","0000","e편한세상울산온양","월세","74.9934","202511","16","2,000","90","15","2018","망양길 50","202601~202801","신규","-","","","아파트"
"3222","울산광역시 울주군 온산읍 덕신리","1280-8","1280","0008","온산프라임타워","월세","15.0448","202511","16","300","43","9","2019","덕망로 26","202511~202611","신규","-","","","아파트"
"3223","울산광역시 남구 신정동","1890","1890","0000","문수로2차IPARK2단지","전세","101.4887","202511","16","75,000","0","23","2013","동산로69번길 14","202601~202801","신규","-","","","아파트"
"3224","울산광역시 남구 신정동","1843-1","1843","0001","우주가든","전세","77.5600","202511","16","17,000","0","3","1985","거마로 95","202601~202801","신규","-","","","아파트"
"3225","울산광역시 동구 서부동","257-4","0257","0004","현대패밀리서부","전세","59.7800","202511","16","10,500","0","15","1992","방어진순환도로 995","202512~202712","신규","-","","","아파트"
"3226","울산광역시 울주군 범서읍 천상리","592","0592","0000","로얄팰리스","전세","84.4390","202511","16","18,000","0","5","2016","평천길 96","202603~202803","신규","-","","","아파트"
"3227","울산광역시 북구 연암동","415","0415","0000","벽산늘푸른","전세","59.4850","202511","16","17,000","0","4","1994","상방로 160","202511~202711","갱신","-","16,000","0","아파트"
"3228","울산광역시 중구 우정동","218-2","0218","0002","우정코아루웰메이드","전세","84.9678","202511","16","33,000","0","25","2019","당산2길 25","202602~202802","신규","-","","","아파트"
"3229","울산광역시 중구 우정동","218-2","0218","0002","우정코아루웰메이드","전세","84.9678","202511","16","33,000","0","25","2019","당산2길 25","202602~202802","신규","-","","","아파트"
"3230","울산광역시 남구 달동","1411","1411","0000","달동월드메르디앙","전세","84.9453","202511","15","30,000","0","11","2008","삼산로125번길 33","202511~202611","갱신","-","30,000","0","아파트"
"3231","울산광역시 중구 복산동","830","0830","0000","번영로센트리지2단지","전세","75.9400","202511","15","27,825","0","7","2023","복산1길 1","202511~202711","갱신","사용","26,500","0","아파트"
"3232","울산광역시 남구 옥동","255-2","0255","0002","옥동삼익","전세","84.8700","202511","15","38,850","0","6","1999","문수로302번길 9","202601~202607","갱신","사용","37,000","0","아파트"
"3233","울산광역시 남구 야음동","593","0593","0000","덕남","월세","43.6500","202511","15","6,500","10","2","1986","대암로 125","202512~202712","신규","-","","","아파트"
"3234","울산광역시 남구 야음동","911","0911","0000","대현더샵","월세","68.6320","202511","15","38,000","7","5","2018","수암로190번길 18","202512~202712","갱신","사용","38,000","0","아파트"
"3235","울산광역시 남구 달동","1352-5","1352","0005","달동현대1","월세","84.9900","202511","15","2,000","90","4","1990","삼산중로 83","202512~202712","갱신","사용","2,000","78","아파트"
"3236","울산광역시 중구 태화동","169-2","0169","0002","동현빌리지","월세","196.8600","202511","15","10,000","150","9","1994","신기11길 10-6","202601~202801","신규","-","","","아파트"
"3237","울산광역시 중구 태화동","257","0257","0000","우정혁신엘에이치2단지","전세","51.9800","202511","15","26,000","0","16","2014","종가로 142","202511~202701","신규","-","","","아파트"
"3238","울산광역시 중구 반구동","880-8","0880","0008","화전","월세","63.1800","202511","15","2,000","30","1","1985","반구정17길 12-1","202511~202711","신규","-","","","아파트"
"3239","울산광역시 중구 반구동","449-16","0449","0016","유로캐슬","전세","84.9000","202511","15","17,000","0","7","2005","염포로 26","202601~202801","신규","-","","","아파트"
"3240","울산광역시 남구 신정동","886","0886","0000","정일","전세","58.9500","202511","15","10,000","0","5","1984","수암로54번길 31","202601~202801","신규","-","","","아파트"
"3241","울산광역시 남구 신정동","1600-2","1600","0002","한라","전세","69.4650","202511","15","11,000","0","5","1983","봉월로59번길 20","202602~202702","갱신","-","11,000","0","아파트"
"3242","울산광역시 중구 복산동","832","0832","0000","번영로센트리지3단지","전세","75.9740","202511","15","30,450","0","5","2023","복산1길 1","202511~202711","갱신","사용","29,000","0","아파트"
"3243","울산광역시 남구 삼산동","172-1","0172","0001","세양청구마을","월세","59.9800","202511","15","2,000","70","11","1997","돋질로401번길 12","202512~202712","신규","-","","","아파트"
"3244","울산광역시 북구 신천동","394-1","0394","0001","한라신천지타운","전세","84.6000","202511","15","12,100","0","15","1993","갈밭길 1","202511~202711","갱신","-","13,000","0","아파트"
"3245","울산광역시 남구 옥동","191-69","0191","0069","옥동롯데인벤스로얄","전세","84.9300","202511","15","47,000","0","11","2006","문수로335번길 27","202601~202801","신규","-","","","아파트"
"3246","울산광역시 북구 산하동","968-1","0968","0001","울산블루마시티푸르지오","월세","84.7914","202511","15","2,000","100","23","2014","강동산하5로 66","202511~202711","신규","-","","","아파트"
"3247","울산광역시 북구 산하동","1033-1","1033","0001","울산블루마시티2차푸르지오","전세","84.9491","202511","15","25,000","0","12","2015","강동산하2로 43","202601~202801","신규","-","","","아파트"
"3248","울산광역시 울주군 언양읍 반천리","1023-51","1023","0051","반천현대","월세","84.8900","202511","15","1,000","55","4","1994","반천강변길 51","202512~202712","신규","-","","","아파트"
"3249","울산광역시 남구 옥동","1386","1386","0000","도성","월세","50.2500","202511","15","2,000","30","4","1987","문수로369번길 58","202512~202712","신규","-","","","아파트"
"3250","울산광역시 북구 정자동","3","0003","0000","벽산블루밍","월세","59.9400","202511","15","1,500","45","2","1993","동해안로 1502","202512~202712","신규","-","","","아파트"
"3251","울산광역시 울주군 언양읍 송대리","53-1","0053","0001","양우내안애더퍼스트","월세","63.9584","202511","15","5,000","50","1","2019","내곡능골길 93-20","202512~202712","신규","-","","","아파트"
"3252","울산광역시 울주군 삼남읍 신화리","1609","1609","0000","KTX울산역금아드림팰리스","월세","84.1400","202511","15","2,000","115","3","2018","도호1길 39-11","202601~202801","갱신","사용","2,000","110","아파트"
"3253","울산광역시 중구 약사동","612-38","0612","0038","삼성래미안","월세","59.9458","202511","15","3,000","100","2","2001","약사로 10","202512~202712","신규","-","","","아파트"
"3254","울산광역시 동구 전하동","782","0782","0000","스위첸웰츠타워2단지","전세","76.3540","202511","15","36,000","0","10","2023","방어진순환도로 865","-","-","-","","","아파트"
"3255","울산광역시 북구 중산동","1318","1318","0000","U-스타시티일동미라주더스타1단지","전세","73.4718","202511","15","28,000","0","23","2018","중산로 48","202602~202802","신규","-","","","아파트"
"3256","울산광역시 울주군 범서읍 구영리","211-1","0211","0001","호반베르디움","월세","84.3181","202511","15","30,000","45","5","2007","대리로 15-12","202603~202803","신규","-","","","아파트"
"3257","울산광역시 동구 서부동","257-30","0257","0030","현대패밀리서부2","월세","49.1100","202511","15","8,200","10","14","1995","방어진순환도로 999","202601~202801","신규","-","","","아파트"
"3258","울산광역시 북구 중산동","1277-1","1277","0001","울산오토밸리로Z00M파크","전세","84.9164","202511","15","27,000","0","13","2016","중산서로 19","202512~202712","신규","-","","","아파트"
"3259","울산광역시 동구 서부동","1055","1055","0000","울산지웰시티자이2단지","전세","84.9976","202511","15","43,000","0","20","2023","서부로 51","202511~202711","신규","-","","","아파트"
"3260","울산광역시 북구 상안동","358-1","0358","0001","쌍용아진그린타운1","월세","59.8900","202511","15","1,000","70","13","1996","아진로 42","202512~202712","신규","-","","","아파트"
"3261","울산광역시 북구 중산동","1318","1318","0000","U-스타시티일동미라주더스타1단지","월세","59.9284","202511","15","3,000","70","19","2018","중산로 48","202512~202601","신규","-","","","아파트"
"3262","울산광역시 중구 우정동","385","0385","0000","선경1차","전세","84.6500","202511","15","28,000","0","12","1994","우정3길 9","202601~202801","신규","-","","","아파트"
"3263","울산광역시 남구 무거동","275-1","0275","0001","굴화주공1","월세","59.9900","202511","15","3,000","65","16","1997","굴화4길 20","202601~202802","신규","-","","","아파트"
"3264","울산광역시 남구 무거동","275-1","0275","0001","굴화주공1","월세","59.9900","202511","15","3,000","70","8","1997","굴화4길 20","202602~202802","신규","-","","","아파트"
"3265","울산광역시 남구 무거동","1520-8","1520","0008","신세대3차","월세","31.2940","202511","15","500","35","6","1996","대학로147번길 72","202511~202611","신규","-","","","아파트"
"3266","울산광역시 남구 무거동","1543","1543","0000","무거한라3차","전세","84.9700","202511","15","20,000","0","1","1996","신복로72번길 28-42","202602~202802","신규","-","","","아파트"
"3267","울산광역시 동구 전하동","782","0782","0000","스위첸웰츠타워2단지","전세","76.3540","202511","15","36,000","0","10","2023","방어진순환도로 865","202601~202802","신규","-","","","아파트"
"3268","울산광역시 동구 화정동","949","0949","0000","힐스테이트 이스턴베이","전세","84.9759","202511","15","34,000","0","2","2015","화진길 100","202601~202801","신규","-","","","아파트"
"3269","울산광역시 중구 우정동","385","0385","0000","선경1차","전세","84.6500","202511","15","30,000","0","12","1994","우정3길 9","202601~202801","신규","-","","","아파트"
"3270","울산광역시 중구 복산동","766","0766","0000","번영로효성해링턴플레이스1차아파트","전세","84.6521","202511","15","31,500","0","7","2015","번영로 435","202601~202801","갱신","사용","30,000","0","아파트"
"3271","울산광역시 중구 유곡동","259","0259","0000","우정혁신도시1차동원로얄듀크","전세","84.9997","202511","15","45,000","0","18","2013","종가로 250","202602~202804","신규","-","","","아파트"
"3272","울산광역시 북구 중산동","1318","1318","0000","U-스타시티일동미라주더스타1단지","전세","73.4718","202511","15","28,000","0","23","2018","중산로 48","202602~202802","신규","-","","","아파트"
"3273","울산광역시 북구 중산동","1317-3","1317","0003","U-스타시티일동미라주더스타2단지","전세","84.8941","202511","15","28,000","0","14","2018","중산로 47","202511~202803","갱신","-","23,000","0","아파트"
"3274","울산광역시 중구 복산동","830","0830","0000","번영로센트리지2단지","전세","75.9400","202511","15","27,825","0","7","2023"," ","-","-","-","","","아파트"
"3275","울산광역시 남구 삼산동","1459-1","1459","0001","삼산현대","월세","84.9900","202511","15","2,000","110","4","1990","월평로 253","202511~202711","신규","-","","","아파트"
"3276","울산광역시 남구 달동","1411","1411","0000","달동월드메르디앙","전세","84.9453","202511","15","30,000","0","11","2008","삼산로125번길 33","202511~202611","갱신","-","30,000","0","아파트"
"3277","울산광역시 동구 서부동","1055","1055","0000","울산지웰시티자이2단지","전세","84.9957","202511","14","26,250","0","3","2023","서부로 51","202511~202711","갱신","사용","25,000","0","아파트"
"3278","울산광역시 동구 서부동","238-29","0238","0029","현대패밀리명덕","월세","59.7800","202511","14","2,500","50","12","1992","명덕로 30","202601~202801","신규","-","","","아파트"
"3279","울산광역시 동구 서부동","1055","1055","0000","울산지웰시티자이2단지","전세","84.9957","202511","14","27,300","0","29","2023","서부로 51","202512~202712","갱신","사용","26,000","0","아파트"
"3280","울산광역시 동구 서부동","238-27","0238","0027","현대패밀리명덕2","전세","49.1100","202511","14","7,000","0","7","1995","명덕로 70","202602~202802","신규","-","","","아파트"
"3281","울산광역시 동구 서부동","238-27","0238","0027","현대패밀리명덕2","전세","49.1100","202511","14","7,000","0","7","1995","명덕로 70","202602~202802","신규","-","","","아파트"
"3282","울산광역시 중구 서동","617","0617","0000","우정엘에이치1단지","월세","46.6900","202511","14","7,205","15","1","2014","종가로 668-9","202512~202711","갱신","-","3,348","32","아파트"
"3283","울산광역시 동구 방어동","929-7","0929","0007","동구미소지움","전세","59.1652","202511","14","13,650","0","9","2019","방어진순환도로 470","202512~202712","갱신","사용","13,000","0","아파트"
"3284","울산광역시 북구 신천동","953","0953","0000","신천매곡유보라","전세","84.9979","202511","14","38,000","0","10","2025","찬샘1길 20","202601~202801","신규","-","","","아파트"
"3285","울산광역시 동구 방어동","59-1","0059","0001","대왕암엘크루","월세","84.5800","202511","14","0","160","11","2014","등대4길 26","202512~202612","신규","-","","","아파트"
"3286","울산광역시 북구 화봉동","426","0426","0000","대우","전세","59.0370","202511","14","13,650","0","1","1995","상방로 65","202512~202712","신규","-","","","아파트"
"3287","울산광역시 울주군 범서읍 천상리","600","0600","0000","그린코아","월세","59.2200","202511","14","1,000","70","3","1999","천상6길 6","202512~202712","신규","-","","","아파트"
"3288","울산광역시 북구 화봉동","1486","1486","0000","울산송정LH2단지","월세","26.9600","202511","14","522","17","18","2020","박상진2로 82","202512~202711","갱신","-","992","15","아파트"
"3289","울산광역시 북구 화봉동","639-1","0639","0001","효성.삼환아파트","전세","84.9600","202511","14","21,000","0","4","1996","통샘10길 9","202602~202802","신규","-","","","아파트"
"3290","울산광역시 중구 약사동","1101","1101","0000","약사아이파크","전세","84.9700","202511","14","50,000","0","11","2015","평산로 50","202511~202711","신규","-","","","아파트"
"3291","울산광역시 중구 약사동","1101","1101","0000","약사아이파크","월세","72.9800","202511","14","17,000","80","10","2015","평산로 50","202511~202711","신규","-","","","아파트"
"3292","울산광역시 중구 옥교동","310-6","0310","0006","청강","월세","78.0500","202511","14","500","45","1","1979","옥교3길 19","202511~202711","갱신","-","500","40","아파트"
"3293","울산광역시 울주군 범서읍 굴화리","6-1","0006","0001","강변그린빌(6-1)","전세","48.6300","202511","14","15,000","0","1","2002","울밀로 2879-7","202601~202701","신규","-","","","아파트"
"3294","울산광역시 울주군 범서읍 굴화리","132-1","0132","0001","아담프라임빌","전세","72.6579","202511","14","20,000","0","1","2004","장검1길 16","202512~202712","신규","-","","","아파트"
"3295","울산광역시 중구 유곡동","142","0142","0000","유곡e편한세상","전세","84.7259","202511","14","43,000","0","7","2010","평동3길 2","202601~202803","신규","-","","","아파트"
"3296","울산광역시 동구 전하동","549-14","0549","0014","현대패밀리전하","월세","59.9600","202511","14","1,000","60","15","1997","녹수11길 50","202602~202801","신규","-","","","아파트"
"3297","울산광역시 중구 유곡동","271-2","0271","0002","에일린의뜰3차","전세","110.8243","202511","14","54,000","0","5","2014","종가로 245","202602~202802","신규","-","","","아파트"
"3298","울산광역시 북구 중산동","1277-1","1277","0001","울산오토밸리로Z00M파크","월세","59.9852","202511","14","2,000","80","10","2016","중산서로 19","202512~202712","신규","-","","","아파트"
"3299","울산광역시 남구 야음동","943","0943","0000","번영로하늘채센트럴파크","월세","84.9610","202511","14","5,000","185","14","2022","번영로16번길 14","202602~202802","신규","-","","","아파트"
"3300","울산광역시 남구 야음동","878","0878","0000","롯데캐슬골드1단지","전세","84.9600","202511","14","32,000","0","23","2008","신선로 45","202601~202803","신규","-","","","아파트"
"3301","울산광역시 남구 신정동","1154-7","1154","0007","문수로아테라","전세","84.8408","202511","14","60,000","0","33","2025","봉월로60번길 10","202602~202802","신규","-","","","아파트"
"3302","울산광역시 남구 신정동","1334-38","1334","0038","남산포스코더샵","월세","84.9422","202511","14","3,000","120","10","2004","봉월로 133","202601~202801","신규","-","","","아파트"
"3303","울산광역시 남구 신정동","1639-1","1639","0001","문수로IPARK1","월세","101.5519","202511","14","25,000","120","15","2003","문수로409번길 20","202601~202801","갱신","사용","25,000","110","아파트"
"3304","울산광역시 남구 신정동","1676","1676","0000","대공원I'PARK(2단지)","전세","84.9600","202511","14","45,000","0","2","1994","대공원로99번길 38","202601~202801","신규","-","","","아파트"
"3305","울산광역시 남구 신정동","836-3","0836","0003","울산대공원한신더휴","월세","62.1734","202511","14","5,000","150","11","2025","수암로 55","202511~202711","신규","-","","","아파트"
"3306","울산광역시 남구 달동","1378-3","1378","0003","신한원룸","월세","31.8150","202511","14","500","40","9","1996","도산로101번길 4-10","202511~202611","신규","-","","","아파트"
"3307","울산광역시 남구 달동","1352-2","1352","0002","달동힐스테이트1차","전세","129.2774","202511","14","50,000","0","5","2006","왕생로86번길 28","202602~202802","신규","-","","","아파트"
"3308","울산광역시 남구 삼산동","1403-3","1403","0003","태화강더뷰","월세","24.4252","202511","14","500","55","8","2017","번영로 266","202511~202611","신규","-","","","아파트"
"3309","울산광역시 북구 중산동","1010-1","1010","0001","약수제일","월세","84.6800","202511","14","1,000","40","9","1992","약수9길 20","202511~202711","신규","-","","","아파트"
"3310","울산광역시 동구 동부동","150","0150","0000","현대패밀리동부","월세","49.8500","202511","14","500","45","7","1993","안산로 50","202511~202711","신규","-","","","아파트"
"3311","울산광역시 동구 서부동","238-29","0238","0029","현대패밀리명덕","전세","59.7800","202511","14","9,300","0","1","1992","명덕로 30","202511~202709","신규","-","","","아파트"
"3312","울산광역시 동구 서부동","238-27","0238","0027","현대패밀리명덕2","전세","49.1100","202511","14","7,000","0","7","1995","명덕로 70","202602~202802","신규","-","","","아파트"
"3313","울산광역시 남구 야음동","942","0942","0000","울산대현시티프라디움","전세","84.4441","202511","13","55,000","0","14","2022","수암로190번길 17","202602~202804","신규","-","","","아파트"
"3314","울산광역시 동구 서부동","257-4","0257","0004","현대패밀리서부","월세","49.7900","202511","13","500","55","2","1992","방어진순환도로 995","202512~202712","신규","-","","","아파트"
"3315","울산광역시 남구 삼산동","1529-2","1529","0002","대우푸르지오","월세","59.9303","202511","13","3,000","90","7","2004","돋질로339번길 35","202602~202802","신규","-","","","아파트"
"3316","울산광역시 울주군 언양읍 서부리","401","0401","0000","두산위브","월세","84.9470","202511","13","1,830","90","12","2009","헌양길 202","202511~202711","신규","-","","","아파트"
"3317","울산광역시 남구 무거동","477-1","0477","0001","울산옥현1주공","월세","59.8900","202511","13","3,000","75","7","2000","옥현로 92-13","202512~202712","신규","-","","","아파트"
"3318","울산광역시 중구 유곡동","260","0260","0000","우정혁신도시푸르지오","전세","84.9960","202511","13","27,300","0","15","2013","유곡로 80","202511~202711","갱신","-","26,000","0","아파트"
"3319","울산광역시 중구 유곡동","142","0142","0000","유곡e편한세상","월세","84.8802","202511","13","3,000","150","1","2010","평동3길 2","202512~202712","신규","-","","","아파트"
"3320","울산광역시 울주군 범서읍 구영리","796-2","0796","0002","한신","월세","57.9000","202511","13","6,000","25","2","1994","점촌4길 77","202512~202712","신규","-","","","아파트"
"3321","울산광역시 울주군 범서읍 천상리","259-5","0259","0005","천상극동","월세","59.8800","202511","13","1,000","50","11","1998","대동길 50","202511~202711","갱신","-","1,000","50","아파트"
"3322","울산광역시 남구 신정동","1617","1617","0000","복지맨션","월세","68.1300","202511","13","2,000","53","4","1983","거마로98번길 20-31","202601~202801","신규","-","","","아파트"
"3323","울산광역시 남구 신정동","1890","1890","0000","문수로2차IPARK2단지","전세","101.2986","202511","13","65,000","0","1","2013","동산로69번길 14","202601~202801","신규","-","","","아파트"
"3324","울산광역시 동구 서부동","257-4","0257","0004","현대패밀리서부","월세","49.7900","202511","13","1,000","55","8","1992","방어진순환도로 995","202511~202711","신규","-","","","아파트"
"3325","울산광역시 중구 복산동","833","0833","0000","번영로센트리지4단지","전세","39.9290","202511","13","17,500","0","8","2023","복산1길 1","202601~202801","신규","-","","","아파트"
"3326","울산광역시 남구 삼산동","1459-1","1459","0001","삼산현대","월세","84.9900","202511","13","7,000","80","13","1990","월평로 253","202511~202711","신규","-","","","아파트"
"3327","울산광역시 북구 화봉동","1440","1440","0000","화봉2주공","월세","46.9000","202511","13","4,695","9","7","2009","화산로 36","-","-","-","","","아파트"
"3328","울산광역시 중구 복산동","833","0833","0000","번영로센트리지4단지","전세","39.9290","202511","13","18,000","0","16","2023","복산1길 1","202601~202801","신규","-","","","아파트"
"3329","울산광역시 북구 화봉동","1486","1486","0000","울산송정LH2단지","월세","26.9600","202511","13","2,622","8","18","2020","박상진2로 82","202512~202711","갱신","-","992","15","아파트"
"3330","울산광역시 동구 방어동","1032-6","1032","0006","아느칸빌5차","월세","84.4475","202511","13","1,000","80","5","2011","문현로 106","202511~202611","신규","-","","","아파트"
"3331","울산광역시 북구 송정동","1237-2","1237","0002","울산송정반도유보라아이비파크","월세","84.9387","202511","13","10,000","130","20","2019","화산로 104","202601~202801","신규","-","","","아파트"
"3332","울산광역시 중구 복산동","834","0834","0000","번영로센트리지5단지","전세","59.9460","202511","13","45,000","0","14","2023","복산1길 1","202512~202712","신규","-","","","아파트"
"3333","울산광역시 동구 화정동","851-5","0851","0005","현대파라다이스2","전세","59.1360","202511","13","8,500","0","15","1992","봉수로 94","202602~202802","갱신","-","8,500","0","아파트"
"3334","울산광역시 동구 화정동","949","0949","0000","힐스테이트 이스턴베이","월세","68.9187","202511","13","4,000","100","12","2015","화진길 100","202512~202712","신규","-","","","아파트"
"3335","울산광역시 중구 복산동","832","0832","0000","번영로센트리지3단지","전세","84.9260","202511","13","50,000","0","10","2023","복산1길 1","202601~202801","신규","-","","","아파트"
"3336","울산광역시 중구 복산동","833","0833","0000","번영로센트리지4단지","전세","39.9290","202511","13","17,000","0","6","2023","복산1길 1","202601~202801","신규","-","","","아파트"
"3337","울산광역시 남구 옥동","1386","1386","0000","도성","월세","50.2500","202511","13","1,000","45","4","1987","문수로369번길 58","202511~202711","신규","-","","","아파트"
"3338","울산광역시 동구 전하동","549-14","0549","0014","현대패밀리전하","전세","59.9600","202511","13","13,700","0","3","1997","녹수11길 50","202601~202801","신규","-","","","아파트"
"3339","울산광역시 중구 복산동","832","0832","0000","번영로센트리지3단지","전세","84.9260","202511","13","51,000","0","10","2023","복산1길 1","202601~202801","신규","-","","","아파트"
"3340","울산광역시 동구 전하동","630-1","0630","0001","e편한세상전하1단지","전세","84.9900","202511","13","37,800","0","10","2013","봉수로 290","202602~202802","신규","-","","","아파트"
"3341","울산광역시 동구 전하동","549-14","0549","0014","현대패밀리전하","전세","59.9600","202511","13","13,000","0","3","1997","녹수11길 50","202601~202801","신규","-","","","아파트"
"3342","울산광역시 중구 복산동","833","0833","0000","번영로센트리지4단지","전세","39.9290","202511","13","17,500","0","10","2023","복산1길 1","202512~202712","신규","-","","","아파트"
"3343","울산광역시 남구 옥동","182","0182","0000","옥동현대아파트2단지","전세","84.5060","202511","13","28,000","0","8","1997","은월로2번길 7","202601~202801","신규","-","","","아파트"
"3344","울산광역시 남구 옥동","182","0182","0000","옥동현대아파트2단지","월세","84.5060","202511","13","10,000","80","7","1997","은월로2번길 7","202512~202812","신규","-","","","아파트"
"3345","울산광역시 남구 옥동","191-58","0191","0058","성도","월세","84.6000","202511","13","10,000","95","7","1997","문수로335번길 51","202601~202804","신규","-","","","아파트"
"3346","울산광역시 남구 옥동","130","0130","0000","대공원롯데인벤스가1단지","전세","124.5319","202511","13","85,000","0","3","2006","대공원로141번길 8","202601~202801","신규","-","","","아파트"
"3347","울산광역시 동구 동부동","150","0150","0000","현대패밀리동부","전세","59.7800","202511","13","10,000","0","4","1993","안산로 50","202601~202901","신규","-","","","아파트"
"3348","울산광역시 울주군 삼남읍 교동리","1522-5","1522","0005","태봉파크맨션","월세","59.7300","202511","13","1,500","30","4","1992","반구대로 613","202512~202712","신규","-","","","아파트"
"3349","울산광역시 동구 서부동","1055","1055","0000","울산지웰시티자이2단지","전세","84.9839","202511","13","43,000","0","24","2023","서부로 51","202511~202711","신규","-","","","아파트"
"3350","울산광역시 중구 복산동","833","0833","0000","번영로센트리지4단지","전세","39.9290","202511","13","17,500","0","8","2023","복산1길 1","202601~202801","신규","-","","","아파트"
"3351","울산광역시 중구 복산동","833","0833","0000","번영로센트리지4단지","전세","39.9290","202511","13","17,500","0","10","2023","복산1길 1","202512~202712","신규","-","","","아파트"
"3352","울산광역시 중구 복산동","833","0833","0000","번영로센트리지4단지","전세","39.9290","202511","13","18,000","0","14","2023","복산1길 1","202601~202801","신규","-","","","아파트"
"3353","울산광역시 동구 서부동","1049","1049","0000","울산지웰시티자이1단지","전세","84.9804","202511","13","28,500","0","12","2023","서부로 50","202512~202708","갱신","-","23,500","0","아파트"
"3354","울산광역시 남구 신정동","1154-7","1154","0007","문수로아테라","전세","84.8356","202511","13","63,000","0","33","2025","봉월로60번길 10","202602~202802","신규","-","","","아파트"
"3355","울산광역시 중구 반구동","106-3","0106","0003","소담팰리스","월세","22.8263","202511","13","500","40","14","2017","화합로 379","202512~202712","신규","-","","","아파트"
"3356","울산광역시 남구 야음동","594-37","0594","0037","신정현대홈타운1","월세","84.9600","202511","13","2,000","110","21","1999","대암로 81","202511~202711","갱신","-","2,000","95","아파트"
"3357","울산광역시 남구 야음동","878","0878","0000","롯데캐슬골드1단지","전세","84.9600","202511","13","26,250","0","1","2008","신선로 45","202601~202801","갱신","사용","25,000","0","아파트"
"3358","울산광역시 동구 서부동","1055","1055","0000","울산지웰시티자이2단지","전세","84.9957","202511","13","26,250","0","10","2023","서부로 51","-","-","-","","","아파트"
"3359","울산광역시 동구 서부동","1055","1055","0000","울산지웰시티자이2단지","전세","84.9957","202511","13","26,250","0","10","2023","서부로 51","202511~202711","갱신","사용","25,000","0","아파트"
"3360","울산광역시 남구 달동","1330-1","1330","0001","삼산선경","전세","84.9750","202511","13","29,000","0","22","1991","돋질로 262","202601~202801","신규","-","","","아파트"
"3361","울산광역시 중구 반구동","49-5","0049","0005","은실","월세","58.8700","202511","12","2,000","60","2","1983","번영로 498","202512~202712","신규","-","","","아파트"
"3362","울산광역시 울주군 온양읍 발리","1311","1311","0000","울산온양서희스타힐스","월세","84.9930","202511","12","2,000","90","2","2017","보곡3길 40","202512~202611","신규","-","","","아파트"
"3363","울산광역시 북구 매곡동","532","0532","0000","매곡현대아파트(101~106동)","월세","49.8050","202511","12","500","50","4","1994","매곡1로 13","202511~202711","신규","-","","","아파트"
"3364","울산광역시 울주군 범서읍 구영리","796-2","0796","0002","한신","월세","57.9000","202511","12","10,800","22","14","1994","점촌4길 77","202601~202801","신규","-","","","아파트"
"3365","울산광역시 중구 반구동","106-3","0106","0003","소담팰리스","월세","22.8263","202511","12","7,100","18","15","2017","화합로 379","202511~202711","신규","-","","","아파트"
"3366","울산광역시 남구 무거동","1553","1553","0000","신복현대","전세","59.7600","202511","12","12,000","0","17","1996","신복로72번길 29","202512~202711","신규","-","","","아파트"
"3367","울산광역시 울주군 언양읍 서부리","411","0411","0000","서울산한신휴플러스","월세","77.6725","202511","12","1,000","80","5","2013","웃방천1길 48","202512~202712","신규","-","","","아파트"
"3368","울산광역시 남구 야음동","937","0937","0000","힐스테이트수암(1단지)","전세","84.8029","202511","12","40,950","0","4","2019","중앙로47번길 27","202511~202711","갱신","사용","39,000","0","아파트"
"3369","울산광역시 남구 야음동","796-17","0796","0017","신선","월세","46.5300","202511","12","1,000","55","8","1995","야음로 4","202512~202712","신규","-","","","아파트"
"3370","울산광역시 남구 신정동","1323-50","1323","0050","수아지오시티","월세","34.5400","202511","12","1,000","75","6","2018","봉월로 117","202511~202611","신규","-","","","아파트"
"3371","울산광역시 남구 신정동","851-20","0851","0020","신정현대홈타운4","월세","40.8000","202511","12","10,000","13","11","2001","대암로 51","202511~202711","갱신","사용","13,700","0","아파트"
"3372","울산광역시 울주군 온양읍 망양리","794","0794","0000","e편한세상울산온양","월세","74.9934","202511","12","2,000","100","14","2018","망양길 50","202512~202709","신규","-","","","아파트"
"3373","울산광역시 울주군 온양읍 망양리","794","0794","0000","e편한세상울산온양","월세","74.9934","202511","12","2,000","100","14","2018","망양길 50","202512~202709","신규","-","","","아파트"
"3374","울산광역시 동구 전하동","630-1","0630","0001","e편한세상전하1단지","전세","84.9900","202511","12","23,100","0","28","2013","봉수로 290","202512~202712","갱신","사용","22,000","0","아파트"
"3375","울산광역시 동구 서부동","257-4","0257","0004","현대패밀리서부","월세","49.7900","202511","12","300","45","7","1992","방어진순환도로 995","202602~202802","신규","-","","","아파트"
"3376","울산광역시 울주군 삼남읍 교동리","1678","1678","0000","경동우신알프스타운","월세","44.6296","202511","12","500","55","18","2015","작괘들길 41","202511~202711","신규","-","","","아파트"
"3377","울산광역시 울주군 삼남읍 교동리","1705","1705","0000","소슬채아파트","전세","82.0025","202511","12","16,000","0","2","2016","교동로 29","202512~202712","신규","-","","","아파트"
"3378","울산광역시 북구 상안동","367","0367","0000","프리드","전세","44.9541","202511","12","9,000","0","2","2015","아진로 78-1","202512~202711","신규","-","","","아파트"
"3379","울산광역시 남구 옥동","1418","1418","0000","대공원한신휴플러스","월세","84.9200","202511","12","20,000","155","7","2011","대공원로99번길 19","202601~202801","갱신","사용","20,000","145","아파트"
"3380","울산광역시 북구 상안동","358-1","0358","0001","쌍용아진그린타운1","월세","59.9800","202511","12","1,000","75","11","1996","아진로 42","202512~202711","신규","-","","","아파트"
"3381","울산광역시 울주군 범서읍 천상리","600","0600","0000","그린코아","월세","84.8500","202511","12","3,000","70","16","1999","천상6길 6","202512~202809","신규","-","","","아파트"
"3382","울산광역시 북구 화봉동","1338","1338","0000","화봉1주공","월세","51.9300","202511","12","5,867","1","9","2009","화산로 33","202601~202712","갱신","-","5,771","11","아파트"
"3383","울산광역시 북구 송정동","1236-3","1236","0003","송정하우스디엔에이치에프","월세","84.9800","202511","12","13,159","28","17","2020","화산로 140","202512~202711","신규","-","","","아파트"
"3384","울산광역시 중구 서동","617","0617","0000","우정엘에이치1단지","월세","46.6900","202511","12","4,605","28","8","2014","종가로 668-9","202512~202711","갱신","-","3,505","33","아파트"
"3385","울산광역시 중구 남외동","512-12","0512","0012","아마빌리스","월세","43.2592","202511","12","7,000","50","3","2013","남외2길 28","202512~202712","신규","-","","","아파트"
"3386","울산광역시 중구 남외동","512-12","0512","0012","아마빌리스","월세","43.2592","202511","12","7,000","50","3","2013","남외2길 28","202512~202712","신규","-","","","아파트"
"3387","울산광역시 중구 복산동","833","0833","0000","번영로센트리지4단지","전세","59.8650","202511","12","26,000","0","23","2023","복산1길 1","202511~202711","갱신","사용","24,800","0","아파트"
"3388","울산광역시 중구 복산동","832","0832","0000","번영로센트리지3단지","월세","59.9850","202511","12","3,000","155","19","2023","복산1길 1","202601~202801","신규","-","","","아파트"
"3389","울산광역시 북구 상안동","367","0367","0000","프리드","월세","49.5572","202511","11","2,000","60","1","2015","아진로 78-1","202511~202711","신규","-","","","아파트"
"3390","울산광역시 남구 옥동","1386","1386","0000","도성","전세","50.2500","202511","11","12,000","0","1","1987","문수로369번길 58","202512~202712","신규","-","","","아파트"
"3391","울산광역시 울주군 온양읍 망양리","794","0794","0000","e편한세상울산온양","월세","59.9889","202511","11","2,000","90","14","2018","망양길 50","202512~202712","신규","-","","","아파트"
"3392","울산광역시 남구 신정동","942-10","0942","0010","영보가든","월세","84.9300","202511","11","10,000","20","5","1990","두왕로244번길 30","202601~202801","신규","-","","","아파트"
"3393","울산광역시 남구 달동","758","0758","0000","달동삼성2","전세","59.8800","202511","11","23,000","0","2","1997","신정로17번길 6","202512~202712","신규","-","","","아파트"
"3394","울산광역시 남구 달동","1364-1","1364","0001","울산센트럴자이","전세","90.6470","202511","11","50,000","0","14","2015","삼산로 231","202512~202712","신규","-","","","아파트"
"3395","울산광역시 울주군 청량읍 덕하리","1082-1","1082","0001","울산뉴시티에일린의뜰1차","전세","59.9879","202511","11","24,150","0","16","2024","덕하1로 25","202602~202802","갱신","-","23,000","0","아파트"
"3396","울산광역시 남구 무거동","1553","1553","0000","신복현대","월세","59.7600","202511","11","10,800","10","6","1996","신복로72번길 29","202512~202712","갱신","-","12,000","0","아파트"
"3397","울산광역시 울주군 언양읍 송대리","53-1","0053","0001","양우내안애더퍼스트","전세","72.0911","202511","11","17,000","0","16","2019","내곡능골길 93-20","202512~202701","갱신","사용","17,000","0","아파트"
"3398","울산광역시 중구 복산동","766","0766","0000","번영로효성해링턴플레이스1차아파트","월세","71.2957","202511","11","5,000","85","10","2015","번영로 435","202511~202711","갱신","사용","5,000","85","아파트"
"3399","울산광역시 북구 매곡동","897","0897","0000","드림인시티에일린의뜰1차","월세","84.8412","202511","11","15,000","90","6","2017","호계매곡1로 31","202601~202708","신규","-","","","아파트"
"3400","울산광역시 중구 복산동","829","0829","0000","번영로센트리지","전세","75.9740","202511","11","28,350","0","8","2023","복산1길 1","202511~202711","갱신","사용","27,000","0","아파트"
"3401","울산광역시 북구 매곡동","532","0532","0000","매곡현대아파트(101~106동)","월세","49.8050","202511","11","500","55","8","1994","매곡1로 13","202511~202711","신규","-","","","아파트"
"3402","울산광역시 북구 신천동","799","0799","0000","신천효성해링턴플레이스","전세","84.1449","202511","11","32,000","0","14","2018","신천로 26","202512~202712","신규","-","","","아파트"
"3403","울산광역시 중구 복산동","832","0832","0000","번영로센트리지3단지","전세","84.9620","202511","11","32,550","0","10","2023","복산1길 1","202511~202711","갱신","사용","31,000","0","아파트"
"3404","울산광역시 북구 송정동","1236-3","1236","0003","송정하우스디엔에이치에프","월세","84.9700","202511","11","5,759","65","3","2020","화산로 140","202512~202801","신규","-","","","아파트"
"3405","울산광역시 북구 송정동","1236-3","1236","0003","송정하우스디엔에이치에프","월세","84.9700","202511","11","5,759","65","16","2020","화산로 140","202512~202801","신규","-","","","아파트"
"3406","울산광역시 북구 송정동","1236-3","1236","0003","송정하우스디엔에이치에프","월세","84.9700","202511","11","5,759","65","15","2020","화산로 140","202512~202801","신규","-","","","아파트"
"3407","울산광역시 북구 송정동","1236-3","1236","0003","송정하우스디엔에이치에프","월세","84.9700","202511","11","5,759","65","7","2020","화산로 140","202512~202801","신규","-","","","아파트"
"3408","울산광역시 북구 송정동","1236-3","1236","0003","송정하우스디엔에이치에프","월세","84.9700","202511","11","5,759","65","10","2020","화산로 140","202512~202801","신규","-","","","아파트"
"3409","울산광역시 북구 송정동","1236-3","1236","0003","송정하우스디엔에이치에프","월세","84.9700","202511","11","5,759","65","20","2020","화산로 140","202512~202801","신규","-","","","아파트"
"3410","울산광역시 북구 송정동","1236-3","1236","0003","송정하우스디엔에이치에프","월세","84.9700","202511","11","5,759","65","22","2020","화산로 140","202512~202801","신규","-","","","아파트"
"3411","울산광역시 북구 송정동","1236-3","1236","0003","송정하우스디엔에이치에프","월세","84.9700","202511","11","5,759","65","7","2020","화산로 140","202512~202801","신규","-","","","아파트"
"3412","울산광역시 북구 송정동","1236-3","1236","0003","송정하우스디엔에이치에프","월세","84.9700","202511","11","5,759","65","17","2020","화산로 140","202512~202801","신규","-","","","아파트"
"3413","울산광역시 북구 송정동","1236-3","1236","0003","송정하우스디엔에이치에프","월세","84.9700","202511","11","5,759","65","7","2020","화산로 140","202512~202801","신규","-","","","아파트"
"3414","울산광역시 북구 송정동","1236-3","1236","0003","송정하우스디엔에이치에프","월세","84.9700","202511","11","5,759","65","3","2020","화산로 140","202512~202801","신규","-","","","아파트"
"3415","울산광역시 북구 송정동","1236-3","1236","0003","송정하우스디엔에이치에프","월세","84.9700","202511","11","5,759","65","16","2020","화산로 140","202512~202801","신규","-","","","아파트"
"3416","울산광역시 북구 송정동","1236-3","1236","0003","송정하우스디엔에이치에프","월세","84.9700","202511","11","5,759","65","4","2020","화산로 140","202512~202801","신규","-","","","아파트"
"3417","울산광역시 북구 연암동","402-1","0402","0001","성원","전세","48.7800","202511","11","12,500","0","4","1996","화봉로 54","202601~202801","신규","-","","","아파트"
"3418","울산광역시 울주군 범서읍 천상리","646","0646","0000","한라그린피스","전세","83.5800","202511","11","16,000","0","9","1998","천상3길 20","202512~202712","신규","-","","","아파트"
"3419","울산광역시 동구 동부동","가-3-1","0003","0001","목화","전세","60.8600","202511","11","9,500","0","15","1993","남목11길 20","202601~202701","갱신","-","9,500","0","아파트"
"3420","울산광역시 울주군 삼남읍 교동리","1678-3","1678","0003","울산역신도시동문디이스트","월세","84.8840","202511","11","2,000","110","15","2019","울산역로 274","202511~202711","신규","-","","","아파트"
"3421","울산광역시 동구 서부동","1049","1049","0000","울산지웰시티자이1단지","전세","59.9908","202511","11","35,000","0","7","2023","서부로 50","202511~202711","신규","-","","","아파트"
"3422","울산광역시 동구 서부동","1049","1049","0000","울산지웰시티자이1단지","전세","84.9804","202511","11","26,250","0","19","2023","서부로 50","202511~202711","갱신","사용","25,000","0","아파트"
"3423","울산광역시 북구 매곡동","895","0895","0000","드림인시티에일린의뜰2차","전세","84.9044","202511","10","35,000","0","18","2017","호계매곡1로 32","202512~202712","신규","-","","","아파트"
"3424","울산광역시 중구 복산동","832","0832","0000","번영로센트리지3단지","전세","84.9620","202511","10","33,600","0","13","2023","복산1길 1","202511~202711","갱신","사용","32,000","0","아파트"
"3425","울산광역시 남구 무거동","488-13","0488","0013","옥현으뜸마을주공3","전세","59.8400","202511","10","18,900","0","19","2001","옥현로 34","202601~202801","갱신","사용","18,000","0","아파트"
"3426","울산광역시 북구 송정동","1237-2","1237","0002","울산송정반도유보라아이비파크","전세","84.9456","202511","10","42,000","0","4","2019","화산로 104","202601~202803","신규","-","","","아파트"
"3427","울산광역시 북구 화봉동","1492-2","1492","0002","울산송정한라비발디캠퍼스","전세","84.8990","202511","10","42,000","0","17","2019","박상진2로 121","202601~202801","신규","-","","","아파트"
"3428","울산광역시 북구 화봉동","1486","1486","0000","울산송정LH2단지","월세","46.2500","202511","10","4,395","18","9","2020","박상진2로 82","202512~202711","갱신","-","4,189","16","아파트"
"3429","울산광역시 북구 송정동","1237-2","1237","0002","울산송정반도유보라아이비파크","전세","84.9456","202511","10","42,000","0","4","2019","화산로 104","202601~202803","신규","-","","","아파트"
"3430","울산광역시 북구 산하동","1033-1","1033","0001","울산블루마시티2차푸르지오","월세","84.9350","202511","10","1,000","90","21","2015","강동산하2로 43","202511~202711","신규","-","","","아파트"
"3431","울산광역시 동구 방어동","1032-6","1032","0006","아느칸빌5차","월세","84.4475","202511","10","500","90","4","2011","문현로 106","202511~202611","신규","-","","","아파트"
"3432","울산광역시 북구 송정동","1237-2","1237","0002","울산송정반도유보라아이비파크","전세","84.9456","202511","10","42,000","0","4","2019","화산로 104","202601~202801","신규","-","","","아파트"
"3433","울산광역시 동구 전하동","301-24","0301","0024","전하동현대홈타운","월세","84.8400","202511","10","3,000","75","6","2002","봉수로 370","202601~202801","신규","-","","","아파트"
"3434","울산광역시 남구 옥동","257","0257","0000","옥동서광","전세","84.9800","202511","10","55,000","0","10","1998","문수로314번길 11","202601~202801","신규","-","","","아파트"
"3435","울산광역시 중구 성안동","832-6","0832","0006","신한다솜","월세","31.5000","202511","10","1,000","40","2","1998","함월8길 6","202511~202611","신규","-","","","아파트"
"3436","울산광역시 북구 송정동","1237-2","1237","0002","울산송정반도유보라아이비파크","전세","84.9456","202511","10","42,000","0","4","2019","화산로 104","202601~202801","신규","-","","","아파트"
"3437","울산광역시 남구 신정동","1853","1853","0000","신성미소지움2단지","월세","84.9400","202511","10","25,000","50","7","2007","대암로 26","202602~202802","신규","-","","","아파트"
"3438","울산광역시 남구 신정동","770-15","0770","0015","유씨티","월세","19.2400","202511","10","500","50","12","2015","중앙로 139","202512~202612","신규","-","","","아파트"
"3439","울산광역시 북구 명촌동","BL-115","0115","0000","평창리비에르3차","월세","84.9841","202511","10","2,500","80","11","2003","명촌15길 10","202512~202712","신규","-","","","아파트"
"3440","울산광역시 동구 전하동","631-1","0631","0001","e편한세상전하2단지","월세","101.9900","202511","10","2,000","160","7","2013","봉수로 290","202602~202703","신규","-","","","아파트"
"3441","울산광역시 중구 복산동","830","0830","0000","번영로센트리지2단지","월세","75.9980","202511","10","3,000","170","5","2023","복산1길 1","202512~202712","신규","-","","","아파트"
"3442","울산광역시 남구 달동","809-1","0809","0001","달동SKVIEW","월세","59.9250","202511","10","20,000","30","2","1999","중앙로128번길 54","202601~202801","신규","-","","","아파트"
"3443","울산광역시 중구 복산동","830","0830","0000","번영로센트리지2단지","전세","84.9260","202511","10","33,600","0","5","2023","복산1길 1","202511~202711","갱신","사용","32,000","0","아파트"
"3444","울산광역시 북구 화봉동","1486","1486","0000","울산송정LH2단지","월세","26.9600","202511","10","2,622","8","9","2020","박상진2로 82","202512~202711","갱신","-","992","15","아파트"
"3445","울산광역시 북구 화봉동","1491-2","1491","0002","울산송정엘에이치1단지","월세","36.8500","202511","10","5,136","8","15","2019","박상진4로 56","202512~202711","갱신","-","3,142","17","아파트"
"3446","울산광역시 중구 태화동","169-4","0169","0004","현대미포조선","월세","60.0000","202511","10","2,000","50","1","1993","신기11길 10-8","202511~202711","신규","-","","","아파트"
"3447","울산광역시 울주군 언양읍 서부리","177-1","0177","0001","언양맨션","월세","42.7200","202511","10","300","40","3","1981","헌양길 170","202511~202611","신규","-","","","아파트"
"3448","울산광역시 동구 전하동","301-24","0301","0024","전하동현대홈타운","월세","84.8400","202511","10","3,000","75","6","2002","봉수로 370","202601~202801","신규","-","","","아파트"
"3449","울산광역시 남구 무거동","1532-1","1532","0001","현대프리빌","월세","34.2460","202511","10","500","50","6","2003","신복로22번길 28","202511~202711","신규","-","","","아파트"
"3450","울산광역시 남구 무거동","563-1","0563","0001","코아아트타운","전세","40.3520","202511","10","7,000","0","6","1991","대학로55번길 35","202601~202801","신규","-","","","아파트"
"3451","울산광역시 중구 유곡동","215","0215","0000","우정혁신도시2차동원로얄듀크","월세","84.9967","202511","10","10,000","150","14","2014","종가4길 10","202512~202712","신규","-","","","아파트"
"3452","울산광역시 북구 천곡동","410-1","0410","0001","쌍용아진그린4","월세","59.9500","202511","10","2,000","57","8","1998","천곡남로 38","202601~202801","신규","-","","","아파트"
"3453","울산광역시 남구 선암동","723","0723","0000","선암에코하이츠","전세","84.9144","202511","10","31,000","0","3","2015","산업로339번길 27-10","202512~202712","신규","-","","","아파트"
"3454","울산광역시 북구 매곡동","966","0966","0000","매곡에듀파크에일린의뜰","전세","84.9939","202511","10","37,000","0","8","2021","신천로 103","202511~202711","신규","-","","","아파트"
"3455","울산광역시 중구 유곡동","260","0260","0000","우정혁신도시푸르지오","월세","75.9860","202511","10","3,000","120","8","2013","유곡로 80","202512~202712","갱신","-","3,000","85","아파트"
"3456","울산광역시 북구 매곡동","532","0532","0000","매곡현대아파트(101~106동)","월세","49.8050","202511","10","500","50","9","1994","매곡1로 13","202602~202802","신규","-","","","아파트"
"3457","울산광역시 동구 일산동","579-13","0579","0013","시온리버빌","월세","84.9372","202511","10","1,000","75","4","2004","방어진순환도로 631","202511~202711","신규","-","","","아파트"
"3458","울산광역시 울주군 범서읍 구영리","371","0371","0000","구영지구푸르지오2단지","월세","84.9950","202511","09","30,000","45","20","2006","대리2길 46","202511~202611","신규","-","","","아파트"
"3459","울산광역시 울주군 범서읍 굴화리","743-2","0743","0002","문수산동원로얄듀크","전세","84.9992","202511","09","49,000","0","12","2017","장검길 60","202602~202802","신규","-","","","아파트"
"3460","울산광역시 중구 약사동","1108","1108","0000","울산약사더샵","월세","69.9430","202511","09","20,000","55","8","2017","약사로 20","202601~202801","신규","-","","","아파트"
"3461","울산광역시 중구 약사동","1108","1108","0000","울산약사더샵","월세","69.9430","202511","09","20,000","55","8","2017","약사로 20","202601~202801","신규","-","","","아파트"
"3462","울산광역시 울주군 온양읍 대안리","266-1","0266","0001","솔베이사택","월세","49.1400","202511","09","500","45","5","1993","화산발리로 718-5","202511~202711","갱신","사용","500","45","아파트"
"3463","울산광역시 북구 양정동","500-33","0500","0033","양정힐스테이트","월세","69.8390","202511","09","3,000","60","8","2007","염포로 459","202603~202803","신규","-","","","아파트"
"3464","울산광역시 북구 송정동","1237-2","1237","0002","울산송정반도유보라아이비파크","전세","84.9387","202511","09","45,000","0","13","2019","화산로 104","202602~202802","신규","-","","","아파트"
"3465","울산광역시 동구 서부동","238-29","0238","0029","현대패밀리명덕","월세","59.7800","202511","09","1,000","55","8","1992","명덕로 30","202511~202705","신규","-","","","아파트"
"3466","울산광역시 북구 매곡동","855","0855","0000","매곡푸르지오2차","전세","84.9810","202511","09","25,200","0","13","2008","매곡1로 17","202601~202801","신규","-","","","아파트"
"3467","울산광역시 동구 서부동","248-24","0248","0024","서부성원상떼빌","전세","114.0300","202511","09","33,000","0","15","2005","봉수로 450","202511~202611","갱신","사용","36,000","0","아파트"
"3468","울산광역시 남구 신정동","1880","1880","0000","태화강풍림엑슬루타워","전세","129.2800","202511","09","50,000","0","38","2011","봉월로 167","202601~202801","신규","-","","","아파트"
"3469","울산광역시 남구 야음동","868-3","0868","0003","그랜드타운","월세","41.2500","202511","09","1,000","40","7","1999","신남로 8-8","202511~202711","신규","-","","","아파트"
"3470","울산광역시 동구 전하동","768","0768","0000","늘푸른","월세","59.8500","202511","09","3,000","30","7","1995","산록길 68","202511~202711","신규","-","","","아파트"
"3471","울산광역시 남구 야음동","943","0943","0000","번영로하늘채센트럴파크","월세","74.7070","202511","09","5,000","170","24","2022","번영로16번길 14","202601~202801","신규","-","","","아파트"
"3472","울산광역시 남구 신정동","1154-7","1154","0007","문수로아테라","전세","84.9106","202511","09","60,000","0","18","2025","봉월로60번길 10","202601~202801","신규","-","","","아파트"
"3473","울산광역시 울주군 범서읍 천상리","299-1","0299","0001","천상동아","월세","59.6700","202511","09","2,000","40","15","1998","대동길 34","202511~202711","신규","-","","","아파트"
"3474","울산광역시 울주군 범서읍 천상리","324-2","0324","0002","경동태원하이빌","월세","59.9610","202511","09","500","30","2","2001","천상길 43","202511~202602","신규","-","","","아파트"
"3475","울산광역시 울주군 범서읍 굴화리","743-2","0743","0002","문수산동원로얄듀크","전세","84.9992","202511","09","49,000","0","12","2017","장검길 60","202602~202802","신규","-","","","아파트"
"3476","울산광역시 북구 화봉동","1491-2","1491","0002","울산송정엘에이치1단지","월세","36.8500","202511","09","5,136","8","21","2019","박상진4로 56","202512~202711","갱신","-","3,142","17","아파트"
"3477","울산광역시 북구 신천동","786","0786","0000","울산신천엠코타운","전세","84.9382","202511","09","21,000","0","8","2010","신천소공원로 15","202512~202712","갱신","사용","20,000","0","아파트"
"3478","울산광역시 북구 산하동","1037-1","1037","0001","블루마시티KCC스위첸","전세","84.9865","202511","09","29,500","0","28","2019","산하중앙1로 6","202512~202712","신규","-","","","아파트"
"3479","울산광역시 동구 방어동","1064","1064","0000","외국인사택","월세","48.2100","202511","09","500","50","5","2007","화잠로 51","202511~202611","신규","-","","","아파트"
"3480","울산광역시 북구 산하동","969-1","0969","0001","울산블루마시티서희스타힐스블루원아파트","월세","84.5645","202511","09","3,000","100","8","2016","산하중앙3로 142","-","-","-","","","아파트"
"3481","울산광역시 동구 서부동","1055","1055","0000","울산지웰시티자이2단지","월세","84.9976","202511","09","5,000","140","31","2023","서부로 51","202601~202801","신규","-","","","아파트"
"3482","울산광역시 북구 산하동","969-1","0969","0001","울산블루마시티서희스타힐스블루원아파트","월세","84.5645","202511","09","3,000","100","8","2016","산하중앙3로 142","202512~202712","신규","-","","","아파트"
"3483","울산광역시 동구 화정동","162","0162","0000","대송현대1","월세","53.8400","202511","09","1,000","55","9","1990","대송1길 10","202512~202712","신규","-","","","아파트"
"3484","울산광역시 남구 무거동","1630","1630","0000","문수비스타동원","전세","84.9996","202511","08","47,000","0","15","2024","삼호로 68","202601~202801","신규","-","","","아파트"
"3485","울산광역시 북구 천곡동","940-1","0940","0001","우방","월세","49.5000","202511","08","500","40","10","1998","천곡길 199","202512~202712","신규","-","","","아파트"
"3486","울산광역시 울주군 청량읍 상남리","696-2","0696","0002","덕하한양수자인","월세","79.5500","202511","08","4,000","100","14","2018","덕하로 182","202601~202801","신규","-","","","아파트"
"3487","울산광역시 북구 매곡동","532","0532","0000","매곡현대아파트(101~106동)","월세","49.8050","202511","08","500","55","9","1994","매곡1로 13","202511~202603","신규","-","","","아파트"
"3488","울산광역시 북구 매곡동","895","0895","0000","드림인시티에일린의뜰2차","전세","84.9044","202511","08","35,500","0","18","2017","호계매곡1로 32","202512~202712","신규","-","","","아파트"
"3489","울산광역시 남구 야음동","789-105","0789","0105","쌍용스윗닷홈","전세","84.9700","202511","08","33,000","0","12","2004","야음로 33","202512~202712","갱신","사용","33,000","0","아파트"
"3490","울산광역시 남구 야음동","490-2","0490","0002","보라","월세","65.0900","202511","08","500","40","5","1985","번영로16번길 19-28","202511~202711","신규","-","","","아파트"
"3491","울산광역시 울주군 범서읍 구영리","799-5","0799","0005","범서현대3차","전세","58.0500","202511","08","10,300","0","1","1993","점촌4길 65","202512~202712","신규","-","","","아파트"
"3492","울산광역시 울주군 범서읍 구영리","799-5","0799","0005","범서현대3차","전세","68.8500","202511","08","12,000","0","20","1993","점촌4길 65","202512~202601","신규","-","","","아파트"
"3493","울산광역시 울주군 범서읍 구영리","799-5","0799","0005","범서현대3차","전세","58.0500","202511","08","10,300","0","1","1993","점촌4길 65","202512~202712","신규","-","","","아파트"
"3494","울산광역시 중구 복산동","40-9","0040","0009","번영로드림파크","월세","29.9854","202511","08","500","50","10","2016","계변로 54","202512~202712","신규","-","","","아파트"
"3495","울산광역시 중구 복산동","832","0832","0000","번영로센트리지3단지","월세","84.9620","202511","08","32,000","25","10","2023","복산1길 1","202511~202711","갱신","사용","32,000","0","아파트"
"3496","울산광역시 울주군 범서읍 굴화리","758","0758","0000","문수산 더샵","전세","84.7300","202511","08","43,000","0","4","2014","장검길 88","202601~202801","신규","-","","","아파트"
"3497","울산광역시 울주군 범서읍 굴화리","758","0758","0000","문수산 더샵","월세","84.7900","202511","08","3,000","110","12","2014","장검길 88","202511~202803","신규","-","","","아파트"
"3498","울산광역시 울주군 범서읍 굴화리","758","0758","0000","문수산 더샵","전세","84.7300","202511","08","43,000","0","4","2014","장검길 88","202601~202801","신규","-","","","아파트"
"3499","울산광역시 중구 우정동","465-9","0465","0009","범태","전세","33.2100","202511","08","6,000","0","4","1987","우정10길 24","202512~202712","신규","-","","","아파트"
"3500","울산광역시 중구 우정동","436-14","0436","0014","평화비둘기","전세","52.3500","202511","08","10,000","0","3","1983","우정7길 57","202511~202711","신규","-","","","아파트"
"3501","울산광역시 중구 유곡동","215","0215","0000","우정혁신도시2차동원로얄듀크","전세","84.9913","202511","08","51,700","0","15","2014","종가4길 10","202601~202801","신규","-","","","아파트"
"3502","울산광역시 중구 유곡동","271-2","0271","0002","에일린의뜰3차","전세","99.8419","202511","08","51,000","0","10","2014","종가로 245","202601~202801","신규","-","","","아파트"
"3503","울산광역시 동구 서부동","1049","1049","0000","울산지웰시티자이1단지","월세","59.9933","202511","08","3,000","120","19","2023","서부로 50","202511~202711","신규","-","","","아파트"
"3504","울산광역시 동구 서부동","1049","1049","0000","울산지웰시티자이1단지","월세","59.9933","202511","08","3,000","120","19","2023","서부로 50","202511~202711","신규","-","","","아파트"
"3505","울산광역시 동구 서부동","257-30","0257","0030","현대패밀리서부2","월세","59.9800","202511","08","1,000","60","13","1995","방어진순환도로 999","202512~202612","신규","-","","","아파트"
"3506","울산광역시 울주군 온양읍 망양리","가-5-1","0005","0001","회야리버","전세","45.0730","202511","08","5,000","0","6","2000","원동2길 19-2","202511~202611","신규","-","","","아파트"
"3507","울산광역시 동구 서부동","257-4","0257","0004","현대패밀리서부","월세","59.7800","202511","08","10,500","10","11","1992","방어진순환도로 995","202601~202801","신규","-","","","아파트"
"3508","울산광역시 울주군 온양읍 대안리","266-1","0266","0001","솔베이사택","월세","49.1400","202511","08","500","45","10","1993","화산발리로 718-5","202511~202711","갱신","사용","500","45","아파트"
"3509","울산광역시 중구 서동","36","0036","0000","한라강변","월세","70.2500","202511","08","5,000","30","11","1993","동천4길 61","202512~202712","신규","-","","","아파트"
"3510","울산광역시 중구 반구동","106-3","0106","0003","소담팰리스","월세","18.6068","202511","08","500","50","6","2017","화합로 379","202512~202712","신규","-","","","아파트"
"3511","울산광역시 울주군 언양읍 어음리","175","0175","0000","e편한세상울산역어반스퀘어","전세","84.8763","202511","08","35,000","0","2","2022","언양로 77","202512~202712","신규","-","","","아파트"
"3512","울산광역시 울주군 언양읍 어음리","175","0175","0000","e편한세상울산역어반스퀘어","전세","84.8763","202511","08","35,000","0","2","2022","언양로 77","202512~202712","신규","-","","","아파트"
"3513","울산광역시 울주군 온산읍 덕신리","1280-8","1280","0008","온산프라임타워","월세","15.1024","202511","08","300","43","10","2019","덕망로 26","202511~202611","신규","-","","","아파트"
"3514","울산광역시 북구 천곡동","1152","1152","0000","새천곡한신휴플러스1단지","월세","84.9860","202511","08","3,000","100","15","2013","천곡남로 97","202601~202801","신규","-","","","아파트"
"3515","울산광역시 남구 무거동","835","0835","0000","쌍용스윗닷홈1","전세","120.9696","202511","08","30,000","0","7","2002","신복로35번길 6","202601~202801","신규","-","","","아파트"
"3516","울산광역시 남구 무거동","1603","1603","0000","무거동한신휴플러스","월세","84.9560","202511","08","5,000","95","9","2014","남부순환도로 86","202601~202801","신규","-","","","아파트"
"3517","울산광역시 북구 송정동","1237-2","1237","0002","울산송정반도유보라아이비파크","전세","84.9387","202511","08","34,650","0","7","2019","화산로 104","202511~202711","갱신","사용","33,000","0","아파트"
"3518","울산광역시 남구 옥동","191-58","0191","0058","성도","전세","84.6000","202511","08","31,000","0","14","1997","문수로335번길 51","202601~202801","신규","-","","","아파트"
"3519","울산광역시 북구 중산동","1317-3","1317","0003","U-스타시티일동미라주더스타2단지","월세","73.4718","202511","08","1,000","70","5","2018","중산로 47","202512~202602","신규","-","","","아파트"
"3520","울산광역시 북구 중산동","1277-1","1277","0001","울산오토밸리로Z00M파크","전세","84.9164","202511","08","20,000","0","11","2016","중산서로 19","202601~202801","갱신","-","19,000","0","아파트"
"3521","울산광역시 북구 중산동","730","0730","0000","삼우","월세","59.7600","202511","08","500","40","8","1996","화정1길 28","202511~202711","신규","-","","","아파트"
"3522","울산광역시 북구 화봉동","1491-3","1491","0003","지웰푸르지오","월세","84.9623","202511","08","2,000","130","10","2019","박상진4로 72","202511~202711","갱신","-","2,000","110","아파트"
"3523","울산광역시 남구 신정동","872-50","0872","0050","신정코아","전세","59.4300","202511","08","15,000","0","8","1992","수암로64번길 28","202511~202711","갱신","사용","20,000","0","아파트"
"3524","울산광역시 남구 신정동","1623-1","1623","0001","무궁화","월세","61.8300","202511","08","1,000","60","1","1984","거마로66번길 6","202512~202612","신규","-","","","아파트"
"3525","울산광역시 남구 신정동","1623-1","1623","0001","무궁화","월세","61.8300","202511","08","2,000","35","3","1984","거마로66번길 6","202512~202712","신규","-","","","아파트"
"3526","울산광역시 남구 신정동","851-21","0851","0021","신정현대홈타운3","전세","84.9600","202511","08","28,000","0","16","2001","수암로129번길 25","202601~202801","신규","-","","","아파트"
"3527","울산광역시 남구 신정동","1154-7","1154","0007","문수로아테라","전세","84.8408","202511","08","57,000","0","36","2025","봉월로60번길 10","202601~202803","신규","-","","","아파트"
"3528","울산광역시 남구 신정동","1154-7","1154","0007","문수로아테라","전세","84.8408","202511","08","59,000","0","34","2025","봉월로60번길 10","202601~202804","신규","-","","","아파트"
"3529","울산광역시 북구 상안동","381-1","0381","0001","쌍용아진그린타운2","전세","59.9800","202511","08","13,500","0","12","1996","아진로 75","202602~202802","신규","-","","","아파트"
"3530","울산광역시 북구 상안동","381-1","0381","0001","쌍용아진그린타운2","전세","59.9800","202511","08","13,500","0","12","1996","아진로 75","202602~202802","신규","-","","","아파트"
"3531","울산광역시 북구 연암동","370","0370","0000","LG진로","전세","59.9400","202511","08","13,000","0","4","1995","두부곡4길 17","202512~202712","신규","-","","","아파트"
"3532","울산광역시 남구 삼산동","172-1","0172","0001","세양청구마을","전세","59.9800","202511","08","21,000","0","22","1997","돋질로401번길 12","202512~202803","신규","-","","","아파트"
"3533","울산광역시 북구 산하동","969-1","0969","0001","울산블루마시티서희스타힐스블루원아파트","전세","64.9532","202511","08","14,000","0","12","2016","산하중앙3로 142","202511~202612","갱신","-","14,000","0","아파트"
"3534","울산광역시 동구 방어동","1064","1064","0000","외국인사택","월세","84.9200","202511","08","0","80","8","2007","화잠로 51","202511~202611","신규","-","","","아파트"
"3535","울산광역시 동구 화정동","949","0949","0000","힐스테이트 이스턴베이","전세","84.9759","202511","08","35,500","0","24","2015","화진길 100","202601~202802","신규","-","","","아파트"
"3536","울산광역시 동구 화정동","136","0136","0000","대송현대목재","월세","55.3200","202511","08","500","40","8","1990","대송4길 5","202511~202711","신규","-","","","아파트"
"3537","울산광역시 북구 천곡동","940-1","0940","0001","우방","월세","49.5000","202511","08","2,000","30","13","1998","천곡길 199","202512~202712","신규","-","","","아파트"
"3538","울산광역시 북구 천곡동","940-6","0940","0006","대동한마음타운","전세","59.7900","202511","08","8,000","0","2","1998","천곡길 165","202601~202801","신규","-","","","아파트"
"3539","울산광역시 북구 달천동","107","0107","0000","그린카운티1","월세","59.8237","202511","07","7,067","13","7","2004","달천로 119","202512~202711","갱신","-","4,143","26","아파트"
"3540","울산광역시 남구 야음동","487-8","0487","0008","더샵번영센트로","전세","75.8858","202511","07","52,000","0","10","2023","번영로16번길 19","202601~202801","신규","-","","","아파트"
"3541","울산광역시 남구 야음동","943","0943","0000","번영로하늘채센트럴파크","전세","84.9360","202511","07","55,000","0","9","2022","번영로16번길 14","202602~202901","신규","-","","","아파트"
"3542","울산광역시 북구 매곡동","966","0966","0000","매곡에듀파크에일린의뜰","전세","84.9986","202511","07","37,000","0","17","2021","신천로 103","202601~202801","갱신","-","28,000","0","아파트"
"3543","울산광역시 중구 다운동","768","0768","0000","다운","월세","39.9900","202511","07","500","35","1","1992","다운6길 16","202512~202612","신규","-","","","아파트"
"3544","울산광역시 동구 서부동","257-4","0257","0004","현대패밀리서부","월세","49.8500","202511","07","7,400","15","11","1992","방어진순환도로 995","202601~202801","신규","-","","","아파트"
"3545","울산광역시 동구 서부동","248-24","0248","0024","서부성원상떼빌","전세","84.8500","202511","07","27,000","0","20","2005","봉수로 450","202602~202802","신규","-","","","아파트"
"3546","울산광역시 중구 유곡동","142","0142","0000","유곡e편한세상","전세","125.4051","202511","07","54,000","0","11","2010","평동3길 2","202511~202711","신규","-","","","아파트"
"3547","울산광역시 중구 다운동","768","0768","0000","다운","월세","49.5900","202511","07","1,000","50","2","1992","다운6길 16","202511~202711","신규","-","","","아파트"
"3548","울산광역시 중구 다운동","768","0768","0000","다운","월세","39.9900","202511","07","1,000","25","1","1992","다운6길 16","202511~202711","신규","-","","","아파트"
"3549","울산광역시 울주군 삼남읍 교동리","1522-5","1522","0005","태봉파크맨션","월세","59.7300","202511","07","1,000","45","5","1992","반구대로 613","202511~202706","신규","-","","","아파트"
"3550","울산광역시 중구 약사동","612-38","0612","0038","삼성래미안","월세","59.9458","202511","07","4,000","100","4","2001","약사로 10","-","-","-","","","아파트"
"3551","울산광역시 북구 중산동","1317-3","1317","0003","U-스타시티일동미라주더스타2단지","월세","84.8941","202511","07","17,000","30","7","2018","중산로 47","202601~202801","신규","-","","","아파트"
"3552","울산광역시 울주군 언양읍 동부리","498","0498","0000","신울산경남아너스빌","전세","84.7195","202511","07","25,000","0","10","2010","북문11길 9","202601~202801","신규","-","","","아파트"
"3553","울산광역시 남구 신정동","1889","1889","0000","문수로2차IPARK1단지","전세","101.4887","202511","07","75,000","0","1","2013","동산로69번길 13","202601~202802","신규","-","","","아파트"
"3554","울산광역시 남구 신정동","1889","1889","0000","문수로2차IPARK1단지","전세","101.4887","202511","07","75,000","0","1","2013","동산로69번길 13","202601~202802","신규","-","","","아파트"
"3555","울산광역시 남구 신정동","645-18","0645","0018","아델리아타운","월세","19.9450","202511","07","1,900","38","4","2012","중앙로213번길 12","202511~202611","신규","-","","","아파트"
"3556","울산광역시 중구 약사동","612-38","0612","0038","삼성래미안","월세","59.9458","202511","07","4,000","100","4","2001","약사로 10","202512~202712","신규","-","","","아파트"
"3557","울산광역시 남구 삼산동","1461-3","1461","0003","삼신현대","전세","84.9600","202511","07","22,000","0","13","1991","월평로 272","202512~202712","신규","-","","","아파트"
"3558","울산광역시 북구 신천동","799","0799","0000","신천효성해링턴플레이스","월세","59.5699","202511","07","3,000","63","15","2018","신천로 26","202601~202801","갱신","사용","3,000","60","아파트"
"3559","울산광역시 동구 전하동","301-5","0301","0005","현대3","월세","59.4600","202511","07","500","30","3","1987","녹수12길 16","202512~202712","신규","-","","","아파트"
"3560","울산광역시 북구 천곡동","418","0418","0000","삼성코아루","월세","59.9890","202511","07","500","15","13","2005","천곡남로 37","202511~202711","신규","-","","","아파트"
"3561","울산광역시 남구 무거동","477-1","0477","0001","울산옥현1주공","전세","59.8900","202511","07","16,500","0","10","2000","옥현로 92-13","202511~202711","갱신","사용","17,000","0","아파트"
"3562","울산광역시 북구 송정동","1207-3","1207","0003","울산송정한양수자인","전세","84.9843","202511","07","43,000","0","8","2019","박상진3로 25","202601~202801","신규","-","","","아파트"
"3563","울산광역시 중구 서동","617","0617","0000","우정엘에이치1단지","월세","46.6900","202511","07","7,205","15","2","2014","종가로 668-9","202512~202711","갱신","-","3,348","32","아파트"
"3564","울산광역시 울주군 언양읍 어음리","175","0175","0000","e편한세상울산역어반스퀘어","전세","59.9318","202511","07","25,000","0","5","2022","언양로 77","202512~202712","신규","-","","","아파트"
"3565","울산광역시 울주군 언양읍 어음리","175","0175","0000","e편한세상울산역어반스퀘어","월세","59.9318","202511","07","2,000","85","9","2022","언양로 77","202512~202712","신규","-","","","아파트"
"3566","울산광역시 북구 화봉동","1486","1486","0000","울산송정LH2단지","월세","37.0400","202511","07","4,043","9","7","2020","박상진2로 82","202512~202711","갱신","-","1,886","21","아파트"
"3567","울산광역시 북구 화봉동","1486","1486","0000","울산송정LH2단지","월세","26.9600","202511","07","2,622","8","16","2020","박상진2로 82","202512~202711","갱신","-","992","15","아파트"
"3568","울산광역시 북구 화봉동","1486","1486","0000","울산송정LH2단지","월세","26.9600","202511","07","1,022","16","9","2020","박상진2로 82","202512~202711","갱신","-","992","15","아파트"
"3569","울산광역시 울주군 청량읍 율리","1477-1","1477","0001","문수데시앙3단지","월세","51.7240","202511","07","3,636","31","9","2015","율리영해로 13-9","202512~202712","신규","-","","","아파트"
"3570","울산광역시 북구 화봉동","1486","1486","0000","울산송정LH2단지","월세","26.9600","202511","07","2,722","7","1","2020","박상진2로 82","202512~202711","갱신","-","992","15","아파트"
"3571","울산광역시 북구 화봉동","1486","1486","0000","울산송정LH2단지","월세","26.9600","202511","07","2,622","8","17","2020","박상진2로 82","202512~202711","갱신","-","992","15","아파트"
"3572","울산광역시 북구 화봉동","1485-2","1485","0002","울산송정금강펜테리움그린테라스1차","월세","84.5900","202511","07","4,000","130","14","2019","화산로 75","202512~202712","신규","-","","","아파트"
"3573","울산광역시 북구 화봉동","452","0452","0000","동아.청구아파트","월세","59.9900","202511","07","8,000","30","1","1994","상방로 81","202512~202712","신규","-","","","아파트"
"3574","울산광역시 중구 복산동","779","0779","0000","번영로서한이다음1단지","월세","84.5902","202511","07","5,000","150","1","2018","번영로 463","202601~202801","신규","-","","","아파트"
"3575","울산광역시 울주군 언양읍 송대리","53-1","0053","0001","양우내안애더퍼스트","월세","63.9584","202511","07","2,000","65","6","2019","내곡능골길 93-20","202512~202712","신규","-","","","아파트"
"3576","울산광역시 동구 동부동","150","0150","0000","현대패밀리동부","전세","59.7800","202511","07","10,500","0","2","1993","안산로 50","202601~202801","신규","-","","","아파트"
"3577","울산광역시 중구 우정동","465-9","0465","0009","범태","전세","33.2100","202511","07","5,500","0","1","1987","우정10길 24","202601~202801","신규","-","","","아파트"
"3578","울산광역시 중구 성안동","371-2","0371","0002","벽산e빌리지","월세","75.3949","202511","07","2,500","75","1","2004","함월22길 24","202512~202712","신규","-","","","아파트"
"3579","울산광역시 울주군 범서읍 천상리","646","0646","0000","한라그린피스","월세","73.8000","202511","07","1,000","70","5","1998","천상3길 20","202512~202712","신규","-","","","아파트"
"3580","울산광역시 울주군 범서읍 천상리","646","0646","0000","한라그린피스","월세","73.8000","202511","07","1,000","70","5","1998","천상3길 20","202512~202712","신규","-","","","아파트"
"3581","울산광역시 북구 달천동","107-6","0107","0006","그린카운티4","월세","59.8237","202511","07","4,267","27","7","2005","달천로 100","202512~202711","갱신","-","4,143","26","아파트"
"3582","울산광역시 동구 전하동","768","0768","0000","늘푸른","월세","59.8500","202511","06","1,000","50","6","1995","산록길 68","202511~202711","신규","-","","","아파트"
"3583","울산광역시 남구 옥동","182","0182","0000","옥동현대아파트2단지","전세","84.5060","202511","06","28,000","0","3","1997","은월로2번길 7","202601~202801","신규","-","","","아파트"
"3584","울산광역시 북구 염포동","326","0326","0000","염포성원상떼빌","전세","84.6900","202511","06","17,850","0","3","2004","염포로 685","202512~202712","갱신","사용","17,000","0","아파트"
"3585","울산광역시 북구 염포동","326","0326","0000","염포성원상떼빌","월세","52.3700","202511","06","1,000","50","4","2004","염포로 685","202511~202711","신규","-","","","아파트"
"3586","울산광역시 북구 양정동","533-1","0533","0001","삼창에이스파크","전세","79.2000","202511","06","11,000","0","9","1992","치전1길 12-7","202511~202711","신규","-","","","아파트"
"3587","울산광역시 남구 야음동","455-1","0455","0001","SKVIEW","월세","101.4950","202511","06","2,000","120","4","1994","수암로 253","202511~202711","신규","-","","","아파트"
"3588","울산광역시 북구 산하동","969-1","0969","0001","울산블루마시티서희스타힐스블루원아파트","월세","84.5605","202511","06","2,000","100","29","2016","산하중앙3로 142","202512~202712","신규","-","","","아파트"
"3589","울산광역시 중구 약사동","1101","1101","0000","약사아이파크","월세","59.7100","202511","06","6,000","45","2","2015","평산로 50","202511~202711","신규","-","","","아파트"
"3590","울산광역시 남구 무거동","1551","1551","0000","무거청구맨션","월세","59.8950","202511","06","1,000","68","19","1997","신복로72번길 28-23","202512~202712","신규","-","","","아파트"
"3591","울산광역시 북구 중산동","1277-1","1277","0001","울산오토밸리로Z00M파크","전세","59.8500","202511","06","21,000","0","6","2016","중산서로 19","202512~202712","신규","-","","","아파트"
"3592","울산광역시 울주군 범서읍 천상리","645","0645","0000","디아채","전세","84.9900","202511","06","18,000","0","8","1997","천상2길 16","202512~202712","신규","-","","","아파트"
"3593","울산광역시 남구 무거동","488-13","0488","0013","옥현으뜸마을주공3","월세","75.5000","202511","06","15,000","70","3","2001","옥현로 34","202511~202711","신규","-","","","아파트"
"3594","울산광역시 동구 서부동","257-30","0257","0030","현대패밀리서부2","전세","59.9800","202511","06","10,000","0","4","1995","방어진순환도로 999","202601~202801","신규","-","","","아파트"
"3595","울산광역시 동구 서부동","1049","1049","0000","울산지웰시티자이1단지","전세","59.9933","202511","06","36,000","0","17","2023","서부로 50","202512~202712","신규","-","","","아파트"
"3596","울산광역시 동구 서부동","238-29","0238","0029","현대패밀리명덕","월세","59.7800","202511","06","500","60","11","1992","명덕로 30","202512~202612","신규","-","","","아파트"
"3597","울산광역시 동구 서부동","257-4","0257","0004","현대패밀리서부","전세","49.7900","202511","06","7,300","0","10","1992","방어진순환도로 995","202512~202712","신규","-","","","아파트"
"3598","울산광역시 남구 야음동","943","0943","0000","번영로하늘채센트럴파크","전세","59.9120","202511","06","40,000","0","7","2022","번영로16번길 14","202511~202711","신규","-","","","아파트"
"3599","울산광역시 남구 무거동","477-1","0477","0001","울산옥현1주공","월세","59.8900","202511","06","17,000","40","11","2000","옥현로 92-13","202601~202801","신규","-","","","아파트"
"3600","울산광역시 중구 유곡동","271-2","0271","0002","에일린의뜰3차","월세","99.8419","202511","06","10,000","150","9","2014","종가로 245","202602~202802","신규","-","","","아파트"
"3601","울산광역시 중구 복산동","830","0830","0000","번영로센트리지2단지","전세","84.9260","202511","06","34,650","0","14","2023","복산1길 1","202511~202711","갱신","사용","33,000","0","아파트"
"3602","울산광역시 북구 상안동","358-1","0358","0001","쌍용아진그린타운1","월세","59.9800","202511","06","1,500","60","7","1996","아진로 42","202512~202711","신규","-","","","아파트"
"3603","울산광역시 중구 복산동","830","0830","0000","번영로센트리지2단지","전세","59.9460","202511","06","29,400","0","7","2023","복산1길 1","202512~202712","갱신","사용","28,000","0","아파트"
"3604","울산광역시 북구 송정동","1237-2","1237","0002","울산송정반도유보라아이비파크","전세","84.9456","202511","06","45,000","0","22","2019","화산로 104","202601~202801","신규","-","","","아파트"
"3605","울산광역시 중구 복산동","833","0833","0000","번영로센트리지4단지","전세","39.9290","202511","06","15,500","0","2","2023","복산1길 1","202512~202712","신규","-","","","아파트"
"3606","울산광역시 울주군 삼남읍 교동리","1678","1678","0000","경동우신알프스타운","월세","54.4332","202511","06","1,000","50","8","2015","작괘들길 41","202511~202711","신규","-","","","아파트"
"3607","울산광역시 울주군 삼남읍 교동리","1366","1366","0000","새진흥","월세","51.4800","202511","06","300","35","1","1989","자수정로 31","202511~202711","신규","-","","","아파트"
"3608","울산광역시 북구 매곡동","966","0966","0000","매곡에듀파크에일린의뜰","전세","84.9986","202511","06","27,000","0","6","2021","신천로 103","202511~202611","갱신","-","24,000","0","아파트"
"3609","울산광역시 울주군 온산읍 덕신리","1280-8","1280","0008","온산프라임타워","월세","15.7611","202511","06","300","43","11","2019","덕망로 26","202511~202611","신규","-","","","아파트"
"3610","울산광역시 북구 중산동","730","0730","0000","삼우","월세","59.7600","202511","06","500","45","9","1996","화정1길 28","202511~202711","신규","-","","","아파트"
"3611","울산광역시 울주군 온양읍 발리","1311","1311","0000","울산온양서희스타힐스","전세","84.9941","202511","06","29,000","0","10","2017","보곡3길 40","202601~202801","신규","-","","","아파트"
"3612","울산광역시 중구 복산동","832","0832","0000","번영로센트리지3단지","전세","75.9160","202511","06","30,450","0","13","2023","복산1길 1","202511~202711","갱신","사용","29,000","0","아파트"
"3613","울산광역시 동구 동부동","150","0150","0000","현대패밀리동부","월세","59.7800","202511","06","10,300","10","15","1993","안산로 50","202512~202711","신규","-","","","아파트"
"3614","울산광역시 남구 달동","632-1","0632","0001","달동삼정그린코아","월세","32.1900","202511","06","9,900","15","13","2013","신정로 75","202511~202711","신규","-","","","아파트"
"3615","울산광역시 남구 달동","119-1","0119","0001","달동주공2단지","전세","38.6400","202511","06","12,000","0","7","1993","번영로107번길 5","202511~202711","갱신","-","12,000","0","아파트"
"3616","울산광역시 남구 신정동","22-4","0022","0004","빌리브리버런트","전세","84.6505","202511","06","49,900","0","27","2025","팔등로141번길 6","202601~202712","신규","-","","","아파트"
"3617","울산광역시 남구 신정동","1889","1889","0000","문수로2차IPARK1단지","월세","84.9424","202511","06","50,000","40","14","2013","동산로69번길 13","202601~202801","신규","-","","","아파트"
"3618","울산광역시 동구 방어동","1042-1","1042","0001","장보해맞이","월세","84.8960","202511","06","1,500","60","10","2003","화암4길 15","202512~202912","신규","-","","","아파트"
"3619","울산광역시 남구 야음동","910","0910","0000","울산번영로두산위브","월세","84.9120","202511","06","5,000","180","20","2017","번영로 29","202601~202804","신규","-","","","아파트"
"3620","울산광역시 남구 야음동","911","0911","0000","대현더샵","전세","84.8140","202511","06","55,000","0","17","2018","야음로26번길 34","202602~202802","신규","-","","","아파트"
"3621","울산광역시 남구 야음동","594-37","0594","0037","신정현대홈타운1","전세","59.9700","202511","06","14,000","0","11","1999","대암로 81","202511~202711","갱신","-","14,000","0","아파트"
"3622","울산광역시 동구 동부동","150","0150","0000","현대패밀리동부","월세","49.8500","202511","06","500","45","5","1993","안산로 50","202511~202711","신규","-","","","아파트"
"3623","울산광역시 남구 삼산동","1538-2","1538","0002","평창현대3차아파트","월세","84.9900","202511","06","3,000","130","9","1995","삼산중로128번길 21","202512~202712","신규","-","","","아파트"
"3624","울산광역시 남구 옥동","196","0196","0000","한양코아","월세","84.6300","202511","06","20,000","50","8","1989","문수로335번길 20","202511~202804","갱신","-","20,000","40","아파트"
"3625","울산광역시 북구 신천동","799","0799","0000","신천효성해링턴플레이스","월세","84.1449","202511","06","2,000","120","18","2018","신천로 26","202512~202712","신규","-","","","아파트"
"3626","울산광역시 동구 전하동","301-28","0301","0028","대경넥스빌","전세","83.7657","202511","06","22,900","0","21","2004","바드래길 110","202602~202802","신규","-","","","아파트"
"3627","울산광역시 동구 전하동","782","0782","0000","스위첸웰츠타워2단지","전세","63.4350","202511","06","18,000","0","24","2023","방어진순환도로 865","202512~202711","갱신","사용","18,000","0","아파트"
"3628","울산광역시 울주군 범서읍 구영리","840","0840","0000","일신파크맨션","전세","59.6760","202511","05","10,500","0","11","1993","점촌4길 31","202511~202711","신규","-","","","아파트"
"3629","울산광역시 남구 선암동","679-3","0679","0003","한라전원","전세","54.6900","202511","05","9,000","0","3","1988","두왕로 194","202512~202712","신규","-","","","아파트"
"3630","울산광역시 울주군 온양읍 대안리","266-2","0266","0002","우주그린가든","월세","59.5800","202511","05","1,000","55","14","1992","화산발리로 712","202512~202712","신규","-","","","아파트"
"3631","울산광역시 울주군 삼남읍 교동리","1522-5","1522","0005","태봉파크맨션","월세","59.7300","202511","05","1,000","40","11","1992","반구대로 613","202512~202712","신규","-","","","아파트"
"3632","울산광역시 울주군 삼남읍 교동리","1678-3","1678","0003","울산역신도시동문디이스트","전세","84.8840","202511","05","27,000","0","31","2019","울산역로 274","202511~202711","신규","-","","","아파트"
"3633","울산광역시 남구 신정동","1154-7","1154","0007","문수로아테라","전세","84.8408","202511","05","55,000","0","17","2025","봉월로60번길 10","202601~202801","신규","-","","","아파트"
"3634","울산광역시 남구 신정동","770-15","0770","0015","유씨티","월세","20.4300","202511","05","500","50","14","2015","중앙로 139","202511~202611","신규","-","","","아파트"
"3635","울산광역시 남구 신정동","1846-1","1846","0001","한라파크","전세","81.1800","202511","05","16,000","0","2","1984","거마로77번길 7","202601~202801","신규","-","","","아파트"
"3636","울산광역시 남구 신정동","1846-1","1846","0001","한라파크","전세","81.1800","202511","05","16,000","0","2","1984","거마로77번길 7","202601~202801","신규","-","","","아파트"
"3637","울산광역시 동구 화정동","851","0851","0000","현대파라다이스1","월세","55.5300","202511","05","500","45","3","1992","봉수로 110","202511~202711","신규","-","","","아파트"
"3638","울산광역시 중구 태화동","110","0110","0000","한라궁전맨션","전세","84.8690","202511","05","17,000","0","10","1992","태화로 263","202511~202711","신규","-","","","아파트"
"3639","울산광역시 동구 서부동","257-30","0257","0030","현대패밀리서부2","월세","49.1100","202511","05","500","55","13","1995","방어진순환도로 999","202511~202611","신규","-","","","아파트"
"3640","울산광역시 동구 서부동","238-29","0238","0029","현대패밀리명덕","월세","59.7800","202511","05","1,000","75","8","1992","명덕로 30","202511~202711","신규","-","","","아파트"
"3641","울산광역시 동구 서부동","257-4","0257","0004","현대패밀리서부","월세","49.7900","202511","05","200","45","4","1992","방어진순환도로 995","202511~202711","신규","-","","","아파트"
"3642","울산광역시 동구 서부동","257-30","0257","0030","현대패밀리서부2","월세","49.1100","202511","05","500","55","7","1995","방어진순환도로 999","202511~202611","신규","-","","","아파트"
"3643","울산광역시 동구 서부동","257-4","0257","0004","현대패밀리서부","월세","49.8500","202511","05","500","50","15","1992","방어진순환도로 995","202511~202711","신규","-","","","아파트"
"3644","울산광역시 동구 서부동","238-29","0238","0029","현대패밀리명덕","월세","59.7800","202511","05","1,000","75","8","1992","명덕로 30","202511~202711","신규","-","","","아파트"
"3645","울산광역시 동구 서부동","1049","1049","0000","울산지웰시티자이1단지","월세","84.9957","202511","05","5,000","160","3","2023","서부로 50","202602~202802","신규","-","","","아파트"
"3646","울산광역시 울주군 온양읍 망양리","가-5-1","0005","0001","회야리버","월세","39.7150","202511","05","500","50","15","2000","원동2길 19-2","202512~202712","신규","-","","","아파트"
"3647","울산광역시 중구 유곡동","264","0264","0000","에일린의뜰1차","월세","84.9386","202511","05","5,000","150","2","2013","종가5길 10","202601~202801","신규","-","","","아파트"
"3648","울산광역시 남구 달동","1351-1","1351","0001","현우골든","전세","84.9250","202511","05","18,000","0","3","1990","삼산로241번길 18","202601~202801","신규","-","","","아파트"
"3649","울산광역시 중구 복산동","832","0832","0000","번영로센트리지3단지","월세","84.9260","202511","05","10,000","150","6","2023","복산1길 1","202512~202801","신규","-","","","아파트"
"3650","울산광역시 중구 복산동","770","0770","0000","번영로효성해링턴플레이스2차아파트","전세","71.2957","202511","05","29,000","0","12","2015","번영로 445","202601~202703","갱신","사용","29,000","0","아파트"
"3651","울산광역시 울주군 언양읍 반천리","1023-51","1023","0051","반천현대","월세","84.8900","202511","05","1,000","80","2","1994","반천강변길 51","202511~202611","신규","-","","","아파트"
"3652","울산광역시 남구 무거동","488-13","0488","0013","옥현으뜸마을주공3","전세","75.5200","202511","05","33,000","0","12","2001","옥현로 34","202602~202802","신규","-","","","아파트"
"3653","울산광역시 남구 무거동","477-1","0477","0001","울산옥현1주공","월세","59.8900","202511","05","5,000","70","15","2000","옥현로 92-13","202601~202801","신규","-","","","아파트"
"3654","울산광역시 남구 무거동","276-1","0276","0001","굴화주공2","전세","59.9900","202511","05","16,000","0","13","1996","굴화4길 22","202511~202711","신규","-","","","아파트"
"3655","울산광역시 남구 무거동","488-13","0488","0013","옥현으뜸마을주공3","전세","75.5200","202511","05","33,000","0","12","2001","옥현로 34","202602~202802","신규","-","","","아파트"
"3656","울산광역시 북구 효문동","1039","1039","0000","효문코오롱하늘채","전세","77.0300","202511","05","31,000","0","3","2018","율동2길 8","202512~202712","신규","-","","","아파트"
"3657","울산광역시 울주군 범서읍 구영리","207-1","0207","0001","구영2차우미린","전세","74.9978","202511","05","31,500","0","1","2007","대리로 15-17","202511~202711","갱신","사용","30,000","0","아파트"
"3658","울산광역시 울주군 범서읍 구영리","855-2","0855","0002","구영2주공","월세","46.9000","202511","05","3,745","8","7","2007","점촌3길 23","202512~202711","갱신","-","2,049","17","아파트"
"3659","울산광역시 동구 전하동","549-14","0549","0014","현대패밀리전하","전세","59.9600","202511","05","12,000","0","13","1997","녹수11길 50","202511~202711","갱신","-","12,000","0","아파트"
"3660","울산광역시 북구 중산동","1318","1318","0000","U-스타시티일동미라주더스타1단지","월세","84.8941","202511","05","12,000","100","20","2018","중산로 48","202512~202712","신규","-","","","아파트"
"3661","울산광역시 울주군 청량읍 덕하리","404-7","0404","0007","덕정유림","월세","59.8400","202511","05","2,000","50","9","1998","덕정1길 8","202511~202711","신규","-","","","아파트"
"3662","울산광역시 남구 야음동","938","0938","0000","힐스테이트수암(2단지)","월세","59.9467","202511","05","15,242","19","4","2019","중앙로17번길 35","202602~202802","갱신","-","14,517","21","아파트"
"3663","울산광역시 남구 야음동","730-6","0730","0006","한라훼미리","전세","84.9400","202511","05","18,000","0","15","1991","신남로 8-17","202512~202804","신규","-","","","아파트"
"3664","울산광역시 남구 야음동","881","0881","0000","롯데캐슬골드2단지","전세","59.9800","202511","05","18,698","0","7","2008","신선로 46","202603~202803","갱신","-","17,808","0","아파트"
"3665","울산광역시 남구 야음동","911","0911","0000","대현더샵","전세","84.9140","202511","05","53,000","0","4","2018","야음로26번길 34","202511~202711","갱신","-","40,000","0","아파트"
"3666","울산광역시 남구 야음동","911","0911","0000","대현더샵","전세","84.8140","202511","05","55,000","0","10","2018","야음로26번길 34","202602~202802","신규","-","","","아파트"
"3667","울산광역시 남구 야음동","594-37","0594","0037","신정현대홈타운1","전세","59.9700","202511","05","23,100","0","5","1999","대암로 81","202511~202711","갱신","사용","22,000","0","아파트"
"3668","울산광역시 북구 매곡동","532","0532","0000","매곡현대아파트(101~106동)","월세","49.8050","202511","05","500","55","9","1994","매곡1로 13","202511~202711","신규","-","","","아파트"
"3669","울산광역시 울주군 온양읍 대안리","750","0750","0000","울산온양일동미라주아파트","전세","84.9645","202511","05","27,000","0","7","2018","대안3길 46","202512~202712","신규","-","","","아파트"
"3670","울산광역시 남구 신정동","1639-1","1639","0001","문수로IPARK1","월세","134.3958","202511","04","50,000","100","7","2003","문수로409번길 20","202601~202801","신규","-","","","아파트"
"3671","울산광역시 남구 야음동","487-8","0487","0008","더샵번영센트로","전세","75.8858","202511","04","50,000","0","14","2023","번영로16번길 19","202511~202802","신규","-","","","아파트"
"3672","울산광역시 남구 야음동","911","0911","0000","대현더샵","전세","68.6320","202511","04","45,000","0","6","2018","야음로26번길 34","202511~202805","갱신","-","36,000","0","아파트"
"3673","울산광역시 북구 연암동","370","0370","0000","LG진로","전세","59.9400","202511","04","13,500","0","4","1995","두부곡4길 17","202511~202711","갱신","-","12,000","0","아파트"
"3674","울산광역시 중구 약사동","1101","1101","0000","약사아이파크","전세","84.8300","202511","04","33,600","0","11","2015","평산로 50","202511~202711","갱신","사용","32,000","0","아파트"
"3675","울산광역시 남구 무거동","1630","1630","0000","문수비스타동원","전세","102.9600","202511","04","55,000","0","14","2024","삼호로 68","202603~202803","신규","-","","","아파트"
"3676","울산광역시 울주군 온양읍 망양리","가-5-1","0005","0001","회야리버","월세","39.7150","202511","04","500","35","5","2000","원동2길 19-2","202512~202712","갱신","사용","500","32","아파트"
"3677","울산광역시 북구 상안동","367","0367","0000","프리드","전세","44.6835","202511","04","10,000","0","5","2015","아진로 78-1","202511~202711","신규","-","","","아파트"
"3678","울산광역시 중구 장현동","191","0191","0000","에일린의뜰2차아파트","전세","75.9499","202511","04","29,000","0","11","2013","종가로 730","202511~202711","갱신","-","26,000","0","아파트"
"3679","울산광역시 북구 매곡동","966","0966","0000","매곡에듀파크에일린의뜰","월세","84.9939","202511","04","20,000","60","10","2021","신천로 103","202602~202802","신규","-","","","아파트"
"3680","울산광역시 남구 야음동","881","0881","0000","롯데캐슬골드2단지","전세","59.9800","202511","04","17,475","0","9","2008","신선로 46","202512~202712","갱신","-","16,643","0","아파트"
"3681","울산광역시 북구 송정동","1237-2","1237","0002","울산송정반도유보라아이비파크","전세","84.9456","202511","04","45,000","0","25","2019","화산로 104","202512~202712","신규","-","","","아파트"
"3682","울산광역시 남구 야음동","911","0911","0000","대현더샵","월세","84.9140","202511","04","2,000","190","23","2018","야음로26번길 34","202511~202611","신규","-","","","아파트"
"3683","울산광역시 중구 우정동","689","0689","0000","우정I'PARK","전세","110.5254","202511","04","53,000","0","12","2010","우정2길 45","202601~202801","신규","-","","","아파트"
"3684","울산광역시 동구 화정동","149-2","0149","0002","대송현대2","월세","59.7800","202511","04","1,000","58","3","1991","대송3길 10","202512~202712","신규","-","","","아파트"
"3685","울산광역시 동구 화정동","240","0240","0000","벽산우진","월세","59.9800","202511","04","1,000","60","14","1998","진성15길 55","202511~202711","신규","-","","","아파트"
"3686","울산광역시 동구 방어동","60-1","0060","0001","울산방어휴먼시아","월세","46.8700","202511","04","5,701","10","14","2012","등대4길 25","202512~202711","갱신","-","3,057","22","아파트"
"3687","울산광역시 동구 서부동","257-4","0257","0004","현대패밀리서부","전세","49.7900","202511","04","6,300","0","1","1992","방어진순환도로 995","202511~202711","신규","-","","","아파트"
"3688","울산광역시 동구 서부동","1055","1055","0000","울산지웰시티자이2단지","전세","84.9953","202511","04","26,250","0","27","2023","서부로 51","202512~202712","갱신","사용","25,000","0","아파트"
"3689","울산광역시 울주군 범서읍 천상리","651","0651","0000","청구제네스","전세","60.0000","202511","04","12,600","0","5","2002","천상5길 22-6","202601~202801","신규","-","","","아파트"
"3690","울산광역시 남구 달동","118-3","0118","0003","달동주공1단지","전세","51.6600","202511","04","15,000","0","9","1993","번영로107번길 22","202512~202712","신규","-","","","아파트"
"3691","울산광역시 중구 태화동","207-2","0207","0002","우정혁신엘에이치3단지","전세","59.9700","202511","04","30,000","0","19","2014","유곡로 99","202511~202711","갱신","-","25,000","0","아파트"
"3692","울산광역시 남구 달동","118-3","0118","0003","달동주공1단지","월세","49.7700","202511","04","9,000","25","2","1993","번영로107번길 22","202511~202711","신규","-","","","아파트"
"3693","울산광역시 남구 달동","1411","1411","0000","달동월드메르디앙","전세","84.9453","202511","04","35,000","0","19","2008","삼산로125번길 33","202511~202711","갱신","-","32,000","0","아파트"
"3694","울산광역시 동구 서부동","248-24","0248","0024","서부성원상떼빌","전세","84.8500","202511","04","26,000","0","6","2005","봉수로 450","202512~202711","신규","-","","","아파트"
"3695","울산광역시 남구 야음동","938","0938","0000","힐스테이트수암(2단지)","월세","59.8718","202511","04","11,312","16","17","2019","중앙로17번길 35","202512~202712","갱신","-","12,569","11","아파트"
"3696","울산광역시 울주군 청량읍 덕하리","1101","1101","0000","울산뉴시티에일린의뜰2차","전세","99.9017","202511","04","44,000","0","26","2024","덕하1로 55","202512~202801","신규","-","","","아파트"
"3697","울산광역시 남구 야음동","357-7","0357","0007","번영로센텀파크에일린의뜰","전세","84.0887","202511","04","53,000","0","8","2024","번영로16번길 50","202511~202805","신규","-","","","아파트"
"3698","울산광역시 남구 신정동","1875","1875","0000","극동스타클래스","월세","154.2500","202511","04","5,000","250","14","2009","번영로 223","202512~202712","신규","-","","","아파트"
"3699","울산광역시 남구 신정동","1852","1852","0000","신성미소지움1단지","전세","84.9500","202511","04","25,300","0","9","2007","대암로 25","202603~202803","신규","-","","","아파트"
"3700","울산광역시 남구 삼산동","183-1","0183","0001","삼산리버뷰웰가","월세","55.9740","202511","04","2,000","110","11","2017","정동로 142","202512~202711","신규","-","","","아파트"
"3701","울산광역시 동구 전하동","631-1","0631","0001","e편한세상전하2단지","전세","114.9900","202511","04","31,500","0","10","2013","봉수로 290","202511~202711","갱신","사용","30,000","0","아파트"
"3702","울산광역시 동구 전하동","393-3","0393","0003","은하","전세","65.6000","202511","04","9,000","0","3","1985","진성6길 155-4","202511~202711","신규","-","","","아파트"
"3703","울산광역시 동구 전하동","301-24","0301","0024","전하동현대홈타운","전세","60.0000","202511","04","17,000","0","24","2002","봉수로 370","202601~202801","신규","-","","","아파트"
"3704","울산광역시 중구 복산동","833","0833","0000","번영로센트리지4단지","월세","84.9710","202511","04","3,000","130","6","2023","복산1길 1","202512~202712","갱신","사용","3,000","120","아파트"
"3705","울산광역시 중구 복산동","830","0830","0000","번영로센트리지2단지","전세","59.9460","202511","04","24,000","0","17","2023","복산1길 1","202511~202709","갱신","-","23,000","0","아파트"
"3706","울산광역시 중구 복산동","832","0832","0000","번영로센트리지3단지","전세","75.9160","202511","04","33,500","0","20","2023","복산1길 1","202601~202801","갱신","사용","33,000","0","아파트"
"3707","울산광역시 중구 유곡동","271-2","0271","0002","에일린의뜰3차","전세","99.8193","202511","04","31,500","0","5","2014","종가로 245","202511~202711","갱신","사용","30,000","0","아파트"
"3708","울산광역시 울주군 온양읍 발리","1331","1331","0000","울산온양한양립스","전세","68.6576","202511","04","24,000","0","19","2024","발리동상로 35","202601~202801","신규","-","","","아파트"
"3709","울산광역시 남구 야음동","487-8","0487","0008","더샵번영센트로","전세","84.8775","202511","04","55,000","0","24","2023","번영로16번길 19","202512~202803","신규","-","","","아파트"
"3710","울산광역시 북구 화봉동","1338","1338","0000","화봉1주공","월세","51.9300","202511","04","1,034","33","3","2009","화산로 33","202511~202711","신규","-","","","아파트"
"3711","울산광역시 북구 화봉동","1492-2","1492","0002","울산송정한라비발디캠퍼스","전세","84.8990","202511","04","38,000","0","6","2019","박상진2로 121","202511~202711","갱신","-","15,000","50","아파트"
"3712","울산광역시 북구 화봉동","1492-2","1492","0002","울산송정한라비발디캠퍼스","월세","84.8990","202511","04","3,000","140","5","2019","박상진2로 121","202602~202802","신규","-","","","아파트"
"3713","울산광역시 북구 화봉동","1440","1440","0000","화봉2주공","월세","46.9000","202511","04","2,695","20","4","2009","화산로 36","202511~202712","신규","-","","","아파트"
"3714","울산광역시 남구 신정동","1591","1591","0000","금탑","전세","59.3800","202511","04","13,000","0","4","1982","거마로118번길 12","202512~202712","신규","-","","","아파트"
"3715","울산광역시 북구 매곡동","966","0966","0000","매곡에듀파크에일린의뜰","전세","59.9405","202511","04","28,000","0","19","2021","신천로 103","202511~202711","신규","-","","","아파트"
"3716","울산광역시 울주군 온양읍 망양리","가-5-1","0005","0001","회야리버","월세","45.0730","202511","04","500","43","5","2000","원동2길 19-2","202512~202712","갱신","-","500","40","아파트"
"3717","울산광역시 남구 옥동","185","0185","0000","서강파크(A~C동)","전세","84.2400","202511","04","21,000","0","2","1989","은월로2번길 39","202512~202712","신규","-","","","아파트"
"3718","울산광역시 남구 신정동","1918","1918","0000","울산문수로두산위브더제니스","전세","84.8502","202511","04","53,000","0","22","2022","문수로 487","202604~202804","갱신","-","47,000","0","아파트"
"3719","울산광역시 북구 신천동","799","0799","0000","신천효성해링턴플레이스","전세","59.5699","202511","04","23,000","0","16","2018","신천로 26","202511~202711","갱신","-","18,000","0","아파트"
"3720","울산광역시 북구 천곡동","940-6","0940","0006","대동한마음타운","월세","59.7900","202511","03","600","50","8","1998","천곡길 165","202511~202611","신규","-","","","아파트"
"3721","울산광역시 남구 달동","578-1","0578","0001","번영로코아루더클래식","월세","81.9035","202511","03","3,000","150","25","2017","번영로 165","202511~202711","신규","-","","","아파트"
"3722","울산광역시 남구 달동","1352-5","1352","0005","달동현대1","전세","71.6700","202511","03","21,000","0","4","1990","삼산중로 83","202512~202712","갱신","사용","20,000","0","아파트"
"3723","울산광역시 남구 달동","632-1","0632","0001","달동삼정그린코아","월세","30.8000","202511","03","6,000","25","8","2013","신정로 75","202511~202611","신규","-","","","아파트"
"3724","울산광역시 남구 달동","1364-1","1364","0001","울산센트럴자이","월세","84.7150","202511","03","2,000","170","29","2015","삼산로 231","202602~202802","신규","-","","","아파트"
"3725","울산광역시 남구 야음동","937","0937","0000","힐스테이트수암(1단지)","월세","84.7267","202511","03","36,000","20","5","2019","중앙로47번길 27","202512~202712","갱신","사용","35,000","0","아파트"
"3726","울산광역시 중구 복산동","830","0830","0000","번영로센트리지2단지","월세","75.9740","202511","03","3,000","155","9","2023","복산1길 1","202511~202803","신규","-","","","아파트"
"3727","울산광역시 중구 복산동","779","0779","0000","번영로서한이다음1단지","월세","84.5902","202511","03","10,000","62","4","2018","번영로 463","202511~202711","갱신","사용","10,000","57","아파트"
"3728","울산광역시 울주군 청량읍 율리","1477-1","1477","0001","문수데시앙3단지","월세","51.7240","202511","03","2,936","34","14","2015","율리영해로 13-9","202511~202711","신규","-","","","아파트"
"3729","울산광역시 울주군 청량읍 율리","1477-1","1477","0001","문수데시앙3단지","월세","46.5930","202511","03","6,262","13","5","2015","율리영해로 13-9","202511~202711","신규","-","","","아파트"
"3730","울산광역시 울주군 청량읍 율리","1477-1","1477","0001","문수데시앙3단지","월세","46.5930","202511","03","2,602","31","12","2015","율리영해로 13-9","202511~202711","신규","-","","","아파트"
"3731","울산광역시 북구 천곡동","418","0418","0000","삼성코아루","월세","84.9210","202511","03","2,000","80","12","2005","천곡남로 37","202512~202712","갱신","사용","2,000","75","아파트"
"3732","울산광역시 동구 화정동","162","0162","0000","대송현대1","월세","59.8450","202511","03","11,000","13","9","1990","대송2길 10","202511~202711","신규","-","","","아파트"
"3733","울산광역시 동구 화정동","650-29","0650","0029","씨에스오션빌리4차","월세","84.6700","202511","03","10,000","50","6","2004","해수욕장1길 54","202512~202712","신규","-","","","아파트"
"3734","울산광역시 중구 서동","34-2","0034","0002","서동현대","월세","49.9550","202511","03","1,000","45","5","1992","동천1길 31","202512~202712","신규","-","","","아파트"
"3735","울산광역시 동구 화정동","851-3","0851","0003","현대파라다이스3","월세","84.9700","202511","03","600","70","14","1993","봉수로 100","202512~202712","신규","-","","","아파트"
"3736","울산광역시 동구 화정동","149-2","0149","0002","대송현대2","전세","59.7800","202511","03","10,000","0","11","1991","대송3길 10","202511~202711","갱신","사용","10,000","0","아파트"
"3737","울산광역시 남구 무거동","275-1","0275","0001","굴화주공1","전세","59.9900","202511","03","17,500","0","16","1997","굴화4길 20","202511~202711","신규","-","","","아파트"
"3738","울산광역시 남구 무거동","276-1","0276","0001","굴화주공2","월세","59.9900","202511","03","2,000","45","12","1996","굴화4길 22","202511~202611","신규","-","","","아파트"
"3739","울산광역시 남구 무거동","276-1","0276","0001","굴화주공2","전세","59.9900","202511","03","15,000","0","16","1996","굴화4길 22","202512~202712","갱신","-","15,000","0","아파트"
"3740","울산광역시 남구 무거동","275-1","0275","0001","굴화주공1","전세","59.9900","202511","03","15,000","0","18","1997","굴화4길 20","202512~202712","갱신","-","15,000","0","아파트"
"3741","울산광역시 남구 야음동","925","0925","0000","울산남구엘에이치해피투게더타운","월세","16.6700","202511","03","2,132","6","6","2019","여천로12번길 50","202512~202801","갱신","-","1,632","9","아파트"
"3742","울산광역시 북구 연암동","370","0370","0000","LG진로","전세","59.9400","202511","03","13,500","0","5","1995","두부곡4길 17","202511~202711","갱신","-","12,000","0","아파트"
"3743","울산광역시 북구 염포동","201","0201","0000","현대1차","전세","63.0600","202511","03","9,000","0","3","1983","염포로 645","202511~202711","신규","-","","","아파트"
"3744","울산광역시 울주군 범서읍 구영리","855-2","0855","0002","구영2주공","월세","46.9000","202511","03","2,145","17","8","2007","점촌3길 23","202512~202711","신규","-","","","아파트"
"3745","울산광역시 울주군 범서읍 구영리","371","0371","0000","구영지구푸르지오2단지","전세","84.9950","202511","03","31,500","0","6","2006","대리2길 46","202511~202708","갱신","사용","30,000","0","아파트"
"3746","울산광역시 남구 신정동","319","0319","0000","강변센트럴하이츠","전세","138.1210","202511","03","60,000","0","10","2011","중앙로290번길 53","202601~202801","신규","-","","","아파트"
"3747","울산광역시 남구 신정동","726-3","0726","0003","공업탑하트랜드","월세","33.5600","202511","03","2,800","50","16","2014","삼산로 26","202511~202611","신규","-","","","아파트"
"3748","울산광역시 남구 신정동","791-5","0791","0005","우상빌리지","월세","59.7300","202511","03","2,000","50","3","2000","신남로 99","202511~202711","신규","-","","","아파트"
"3749","울산광역시 동구 전하동","782","0782","0000","스위첸웰츠타워2단지","전세","76.3540","202511","03","23,100","0","31","2023","방어진순환도로 865","202511~202711","갱신","사용","22,000","0","아파트"
"3750","울산광역시 울주군 삼남읍 교동리","1555-4","1555","0004","교동주공","월세","45.4800","202511","03","2,184","6","11","2003","봉화마을길 9","202511~202604","신규","-","","","아파트"
"3751","울산광역시 울주군 청량읍 덕하리","1082-1","1082","0001","울산뉴시티에일린의뜰1차","전세","74.9801","202511","03","36,500","0","17","2024","덕하1로 25","202512~202712","신규","-","","","아파트"
"3752","울산광역시 북구 산하동","969-1","0969","0001","울산블루마시티서희스타힐스블루원아파트","전세","84.5605","202511","03","25,000","0","6","2016","산하중앙3로 142","202512~202712","신규","-","","","아파트"
"3753","울산광역시 북구 정자동","3","0003","0000","벽산블루밍","월세","75.8650","202511","03","2,000","58","13","1993","동해안로 1502","202511~202801","신규","-","","","아파트"
"3754","울산광역시 북구 산하동","968-2","0968","0002","힐스테이트강동","월세","84.7669","202511","03","2,000","95","9","2017","강동산하5로 52","202511~202711","신규","-","","","아파트"
"3755","울산광역시 남구 야음동","881","0881","0000","롯데캐슬골드2단지","전세","59.9800","202511","03","17,475","0","19","2008","신선로 46","202603~202803","갱신","-","16,643","0","아파트"
"3756","울산광역시 남구 야음동","763-2","0763","0002","남운진주맨션","월세","76.4400","202511","03","2,000","70","1","1988","수암로116번길 59-27","202602~202803","신규","-","","","아파트"
"3757","울산광역시 북구 중산동","1277-1","1277","0001","울산오토밸리로Z00M파크","전세","84.9164","202511","03","27,000","0","7","2016","중산서로 19","202601~202801","신규","-","","","아파트"
"3758","울산광역시 남구 야음동","911","0911","0000","대현더샵","전세","84.9140","202511","03","55,000","0","4","2018","야음로26번길 34","202602~202803","신규","-","","","아파트"
"3759","울산광역시 남구 야음동","938","0938","0000","힐스테이트수암(2단지)","월세","59.9467","202511","03","12,443","26","15","2019","중앙로17번길 35","202511~202711","갱신","-","3,950","49","아파트"
"3760","울산광역시 북구 매곡동","532","0532","0000","매곡현대아파트(101~106동)","월세","49.8050","202511","03","500","55","7","1994","매곡1로 13","202512~202712","신규","-","","","아파트"
"3761","울산광역시 북구 상안동","367","0367","0000","프리드","전세","44.9541","202511","03","10,000","0","10","2015","아진로 78-1","202512~202711","신규","-","","","아파트"
"3762","울산광역시 동구 서부동","1055","1055","0000","울산지웰시티자이2단지","전세","84.9839","202511","03","24,150","0","20","2023","서부로 51","202511~202711","갱신","사용","23,000","0","아파트"
"3763","울산광역시 동구 서부동","238-29","0238","0029","현대패밀리명덕","전세","59.7800","202511","03","10,300","0","8","1992","명덕로 30","202601~202801","신규","-","","","아파트"
"3764","울산광역시 중구 성안동","800-7","0800","0007","웨일즈빌라트4","월세","84.9603","202511","03","2,000","110","1","2003","함월로 25","202512~202711","갱신","-","2,000","105","아파트"
"3765","울산광역시 동구 서부동","238-29","0238","0029","현대패밀리명덕","월세","59.7800","202511","03","1,000","35","4","1992","명덕로 30","202511~202711","갱신","사용","1,000","32","아파트"
"3766","울산광역시 중구 우정동","465-9","0465","0009","범태","전세","33.2100","202511","03","5,500","0","2","1987","우정10길 24","202512~202711","신규","-","","","아파트"
"3767","울산광역시 동구 서부동","257-4","0257","0004","현대패밀리서부","월세","59.7800","202511","03","500","65","1","1992","방어진순환도로 995","202511~202611","신규","-","","","아파트"
"3768","울산광역시 울주군 온양읍 망양리","794","0794","0000","e편한세상울산온양","월세","74.9934","202511","02","10,000","50","3","2018","망양길 50","202512~202712","신규","-","","","아파트"
"3769","울산광역시 남구 달동","578-1","0578","0001","번영로코아루더클래식","전세","84.4847","202511","02","42,000","0","30","2017","번영로 165","202601~202801","신규","-","","","아파트"
"3770","울산광역시 북구 신천동","613","0613","0000","무지개","월세","73.5850","202511","02","3,000","30","2","1995","약수1길 11-4","202511~202711","신규","-","","","아파트"
"3771","울산광역시 남구 야음동","937","0937","0000","힐스테이트수암(1단지)","전세","59.8718","202511","02","41,000","0","17","2019","중앙로47번길 27","202601~202801","신규","-","","","아파트"
"3772","울산광역시 남구 무거동","276-1","0276","0001","굴화주공2","전세","39.7400","202511","02","13,650","0","2","1995","굴화4길 22","202511~202711","신규","-","","","아파트"
"3773","울산광역시 남구 무거동","477-1","0477","0001","울산옥현1주공","전세","59.8900","202511","02","22,000","0","1","2000","옥현로 92-13","202512~202812","신규","-","","","아파트"
"3774","울산광역시 중구 반구동","106-3","0106","0003","소담팰리스","월세","22.8263","202511","02","500","50","10","2017","화합로 379","202512~202705","신규","-","","","아파트"
"3775","울산광역시 남구 야음동","911","0911","0000","대현더샵","월세","84.9140","202511","02","6,000","180","13","2018","야음로26번길 34","202511~202711","신규","-","","","아파트"
"3776","울산광역시 중구 반구동","106-3","0106","0003","소담팰리스","월세","18.6068","202511","02","500","45","5","2017","화합로 379","202511~202611","신규","-","","","아파트"
"3777","울산광역시 중구 복산동","832","0832","0000","번영로센트리지3단지","월세","75.9400","202511","02","4,000","120","2","2023","복산1길 1","202511~202711","갱신","사용","4,000","120","아파트"
"3778","울산광역시 중구 반구동","106-3","0106","0003","소담팰리스","월세","22.8263","202511","02","500","50","10","2017","화합로 379","202512~202705","신규","-","","","아파트"
"3779","울산광역시 남구 옥동","157-5","0157","0005","대륙현대1차","월세","84.7470","202511","02","9,000","100","12","1989","거마로 22","202603~202803","신규","-","","","아파트"
"3780","울산광역시 남구 신정동","1165-3","1165","0003","울산문수로동문디이스트","전세","84.9457","202511","02","50,000","0","19","2022","돋질로 3","202602~202802","신규","-","","","아파트"
"3781","울산광역시 남구 신정동","1903","1903","0000","양우내안애팰리스","전세","73.0030","202511","02","24,000","0","4","2016","봉월로 55","202601~202801","신규","-","","","아파트"
"3782","울산광역시 남구 신정동","1910","1910","0000","대공원코아루파크베르","전세","59.3669","202511","02","27,000","0","6","2018","문수로 482","202512~202712","신규","-","","","아파트"
"3783","울산광역시 중구 복산동","834","0834","0000","번영로센트리지5단지","월세","84.9860","202511","02","5,000","180","20","2023","복산1길 1","202601~202803","신규","-","","","아파트"
"3784","울산광역시 남구 야음동","942","0942","0000","울산대현시티프라디움","월세","84.5324","202511","02","5,000","126","24","2022","수암로190번길 17","202604~202804","갱신","사용","5,000","120","아파트"
"3785","울산광역시 북구 매곡동","864","0864","0000","월드메르디앙월드시티","전세","84.8997","202511","02","30,000","0","23","2011","매산로 65","202512~202803","신규","-","","","아파트"
"3786","울산광역시 남구 신정동","22-4","0022","0004","빌리브리버런트","전세","84.7713","202511","02","50,000","0","22","2025","팔등로141번길 6","202601~202803","신규","-","","","아파트"
"3787","울산광역시 남구 신정동","1903","1903","0000","양우내안애팰리스","전세","73.0030","202511","02","24,000","0","4","2016","봉월로 55","202601~202801","신규","-","","","아파트"
"3788","울산광역시 동구 서부동","1055","1055","0000","울산지웰시티자이2단지","월세","84.9957","202511","02","3,000","160","27","2023","서부로 51","202511~202611","신규","-","","","아파트"
"3789","울산광역시 남구 선암동","559-12","0559","0012","선암동서광","전세","59.9500","202511","02","13,500","0","25","1997","두왕로106번길 28-23","202511~202711","신규","-","","","아파트"
"3790","울산광역시 북구 신천동","953","0953","0000","신천매곡유보라","전세","84.9665","202511","02","38,000","0","21","2025","찬샘1길 20","202602~202802","신규","-","","","아파트"
"3791","울산광역시 울주군 청량읍 율리","1477-1","1477","0001","문수데시앙3단지","월세","46.5930","202511","02","2,602","31","18","2015","율리영해로 13-9","202511~202711","신규","-","","","아파트"
"3792","울산광역시 남구 야음동","487-8","0487","0008","더샵번영센트로","월세","75.8858","202511","02","3,000","180","18","2023","번영로16번길 19","202602~202802","신규","-","","","아파트"
"3793","울산광역시 남구 야음동","937","0937","0000","힐스테이트수암(1단지)","전세","84.7267","202511","01","50,000","0","6","2019","중앙로47번길 27","202601~202801","신규","-","","","아파트"
"3794","울산광역시 남구 달동","1330-1","1330","0001","삼산선경","전세","84.9750","202511","01","28,500","0","4","1991","돋질로 262","-","-","-","","","아파트"
"3795","울산광역시 중구 유곡동","117-27","0117","0027","새운","전세","54.5600","202511","01","10,000","0","5","1984","평동2길 50","202511~202611","갱신","사용","10,000","0","아파트"
"3796","울산광역시 남구 야음동","487-8","0487","0008","더샵번영센트로","전세","84.8775","202511","01","55,000","0","27","2023","번영로16번길 19","202601~202801","신규","-","","","아파트"
"3797","울산광역시 북구 중산동","622","0622","0000","중산현대","월세","70.5300","202511","01","1,600","50","17","1995","이화5길 20","202511~202611","신규","-","","","아파트"
"3798","울산광역시 울주군 범서읍 천상리","324-2","0324","0002","경동태원하이빌","월세","39.6900","202511","01","500","40","17","2001","천상길 43","202511~202711","신규","-","","","아파트"
"3799","울산광역시 남구 달동","632-1","0632","0001","달동삼정그린코아","월세","32.1900","202511","01","9,900","10","8","2013","신정로 75","202511~202711","신규","-","","","아파트"
"3800","울산광역시 동구 방어동","1092-3","1092","0003","월드스위트홈3차","월세","84.6088","202511","01","1,000","70","5","2004","문재5가길 22","202511~202711","신규","-","","","아파트"
"3801","울산광역시 동구 방어동","59-1","0059","0001","대왕암엘크루","전세","59.7900","202511","01","23,000","0","15","2014","등대4길 26","202512~202712","신규","-","","","아파트"
"3802","울산광역시 동구 화정동","949","0949","0000","힐스테이트 이스턴베이","월세","84.9759","202511","01","2,000","140","10","2015","화진길 100","202601~202801","신규","-","","","아파트"
"3803","울산광역시 남구 야음동","937","0937","0000","힐스테이트수암(1단지)","전세","84.7267","202511","01","50,000","0","6","2019","중앙로47번길 27","202601~202801","신규","-","","","아파트"
"3804","울산광역시 북구 매곡동","966","0966","0000","매곡에듀파크에일린의뜰","월세","59.9945","202511","01","2,000","100","13","2021","신천로 103","202511~202711","갱신","-","2,000","80","아파트"
"3805","울산광역시 북구 매곡동","917","0917","0000","오토밸리로효성해링턴플레이스아파트","전세","84.7991","202511","01","25,000","0","14","2016","신천로 105","202512~202703","갱신","-","25,000","0","아파트"
"3806","울산광역시 북구 매곡동","917","0917","0000","오토밸리로효성해링턴플레이스아파트","전세","84.7991","202511","01","25,000","0","14","2016","신천로 105","202512~202703","갱신","-","25,000","0","아파트"
"3807","울산광역시 남구 무거동","564-1","0564","0001","영남행복맨션","월세","33.7500","202511","01","300","50","10","1992","대학로55번길 29","202512~202612","신규","-","","","아파트"
"3808","울산광역시 남구 무거동","1630","1630","0000","문수비스타동원","전세","84.9996","202511","01","40,000","0","4","2024","삼호로 68","202601~202801","신규","-","","","아파트"
"3809","울산광역시 남구 무거동","1553","1553","0000","신복현대","월세","59.7600","202511","01","2,000","50","1","1996","신복로72번길 29","202511~202711","신규","-","","","아파트"
"3810","울산광역시 중구 서동","34-2","0034","0002","서동현대","월세","49.9550","202511","01","2,000","30","7","1992","동천1길 31","202511~202711","신규","-","","","아파트"
"3811","울산광역시 중구 서동","34-2","0034","0002","서동현대","월세","49.9550","202511","01","2,000","30","7","1992","동천1길 31","202511~202711","신규","-","","","아파트"
"3812","울산광역시 중구 약사동","1108","1108","0000","울산약사더샵","월세","69.9630","202511","01","2,000","120","6","2017","약사로 20","202601~202612","신규","-","","","아파트"
"3813","울산광역시 중구 남외동","500","0500","0000","에일린의뜰","전세","84.9920","202511","01","42,000","0","9","2007","남외1길 105","202602~202802","신규","-","","","아파트"
"3814","울산광역시 중구 복산동","830","0830","0000","번영로센트리지2단지","전세","84.9260","202511","01","48,000","0","4","2023","복산1길 1","202603~202803","신규","-","","","아파트"
"3815","울산광역시 남구 달동","632-1","0632","0001","달동삼정그린코아","월세","32.1900","202511","01","9,900","10","8","2013","신정로 75","202511~202711","신규","-","","","아파트"
"3816","울산광역시 울주군 상북면 천전리","532-19","0532","0019","경동청구타운","월세","61.9350","202511","01","1,000","45","9","1992","남천로 247","202512~202712","신규","-","","","아파트"
"3817","울산광역시 남구 달동","118-3","0118","0003","달동주공1단지","전세","51.6600","202511","01","14,000","0","10","1993","번영로107번길 22","202511~202710","갱신","사용","14,000","0","아파트"
"3818","울산광역시 북구 상안동","367","0367","0000","프리드","전세","44.9541","202511","01","10,000","0","3","2015","아진로 78-1","202512~202711","갱신","-","10,000","0","아파트"
"3819","울산광역시 북구 매곡동","966","0966","0000","매곡에듀파크에일린의뜰","월세","59.9945","202511","01","2,000","100","13","2021","신천로 103","202511~202711","갱신","-","2,000","80","아파트"
"3820","울산광역시 북구 상안동","367","0367","0000","프리드","전세","49.5572","202511","01","10,000","0","6","2015","아진로 78-1","202511~202710","갱신","-","10,000","0","아파트"
"3821","울산광역시 동구 서부동","257-30","0257","0030","현대패밀리서부2","월세","84.9900","202511","01","1,000","75","15","1995","방어진순환도로 999","202511~202711","신규","-","","","아파트"
"3822","울산광역시 중구 태화동","431-10","0431","0010","전원타운","전세","66.4050","202511","01","18,000","0","6","1991","신기길 31","202512~202602","신규","-","","","아파트"
"3823","울산광역시 남구 신정동","1154-7","1154","0007","문수로아테라","월세","84.8356","202511","01","5,000","200","15","2025","봉월로60번길 10","202512~202712","신규","-","","","아파트"
"3824","울산광역시 북구 신천동","953","0953","0000","신천매곡유보라","전세","84.9979","202511","01","37,000","0","17","2025","찬샘1길 20","202602~202802","신규","-","","","아파트"
"3825","울산광역시 남구 신정동","1622-1","1622","0001","오성","월세","46.1550","202511","01","5,000","20","5","1982","봉월로67번길 63","202512~202712","신규","-","","","아파트"
"3826","울산광역시 남구 신정동","1154-7","1154","0007","문수로아테라","월세","84.9106","202511","01","30,000","120","12","2025","봉월로60번길 10","202601~202801","신규","-","","","아파트"
"3827","울산광역시 북구 화봉동","1485-2","1485","0002","울산송정금강펜테리움그린테라스1차","전세","84.5900","202511","01","35,000","0","15","2019","화산로 75","202511~202711","갱신","-","30,000","0","아파트"
"3828","울산광역시 남구 신정동","1843-1","1843","0001","우주가든","전세","77.5600","202511","01","15,000","0","1","1985","거마로 95","202512~202712","신규","-","","","아파트"
"3829","울산광역시 동구 서부동","257-4","0257","0004","현대패밀리서부","월세","49.7900","202511","01","500","45","3","1992","방어진순환도로 995","202511~202711","신규","-","","","아파트"
"3830","울산광역시 남구 삼산동","172-1","0172","0001","세양청구마을","전세","84.9900","202511","01","25,000","0","15","1997","돋질로401번길 12","202512~202712","갱신","-","21,000","0","아파트"
"3831","울산광역시 남구 신정동","770-15","0770","0015","유씨티","월세","20.4300","202511","01","500","48","12","2015","중앙로 139","202511~202611","신규","-","","","아파트"
"3832","울산광역시 남구 신정동","872-4","0872","0004","우남팜파스","전세","84.3189","202511","01","27,900","0","11","2004","중앙로75번길 7","202511~202711","갱신","-","28,000","0","아파트"
"3833","울산광역시 남구 신정동","1845-1","1845","0001","서강파크","월세","80.2500","202511","01","3,000","110","1","1988","거마로77번길 8","202511~202711","신규","-","","","아파트"
"3834","울산광역시 울주군 삼남읍 교동리","1678","1678","0000","경동우신알프스타운","월세","45.1894","202511","01","500","45","3","2015","작괘들길 41","202511~202611","신규","-","","","아파트"
"3835","울산광역시 북구 산하동","977-14","0977","0014","블루마시티효성해링턴플레이스1단지","전세","74.4500","202511","01","24,000","0","4","2017","화암7길 5","202512~202712","신규","-","","","아파트"
"3836","울산광역시 남구 신정동","1165-3","1165","0003","울산문수로동문디이스트","월세","74.7373","202511","01","6,000","140","29","2022","돋질로 3","202601~202801","신규","-","","","아파트"
"3837","울산광역시 남구 신정동","318","0318","0000","울산신정푸르지오","월세","84.9627","202511","01","5,000","140","9","2012","팔등로 85","202511~202711","신규","-","","","아파트"
"3838","울산광역시 남구 신정동","851-20","0851","0020","신정현대홈타운4","월세","81.8700","202511","01","17,000","150","3","2001","대암로 51","202511~202602","신규","-","","","아파트"
"3839","울산광역시 남구 옥동","157-5","0157","0005","대륙현대1차","전세","84.7470","202511","01","37,000","0","10","1989","거마로 22","202601~202801","신규","-","","","아파트"
"3840","울산광역시 중구 유곡동","271-2","0271","0002","에일린의뜰3차","전세","99.8419","202511","01","35,700","0","12","2014","종가로 245","202511~202711","갱신","사용","34,000","0","아파트"
"3841","울산광역시 북구 천곡동","410-1","0410","0001","쌍용아진그린4","전세","73.8000","202511","01","15,000","0","4","1998","천곡남로 38","202601~202801","신규","-","","","아파트"
"3842","울산광역시 울주군 상북면 천전리","532-19","0532","0019","경동청구타운","월세","79.5350","202511","01","1,000","50","9","1991","남천로 247","202512~202712","신규","-","","","아파트"
"3843","울산광역시 남구 야음동","911","0911","0000","대현더샵","전세","84.8580","202511","01","50,000","0","23","2018","야음로26번길 34","202511~202711","신규","-","","","아파트"
