"NO","시군구","번지","본번","부번","단지명","전월세구분","전용면적(㎡)","계약년월","계약일","보증금(만원)","월세금(만원)","층","건축년도","도로명","계약기간","계약구분","갱신요구권 사용","종전계약 보증금(만원)","종전계약 월세(만원)","주택유형"
"40165","인천광역시 미추홀구 학익동","732-3","0732","0003","엑슬루타워","월세","118.3080","202506","30","3,000","150","36","2010","매소홀로309번길 32","202509~202708","신규","-","","","아파트"
"40166","인천광역시 중구 중산동","1881-2","1881","0002","스카이시티자이","전세","112.9783","202506","30","35,000","0","6","2018","하늘별빛로 111","202506~202606","신규","-","","","아파트"
"40167","인천광역시 중구 중산동","1887-1","1887","0001","영종하늘도시한라비발디","월세","101.7629","202506","30","2,000","100","12","2012","하늘별빛로 86","202507~202707","신규","-","","","아파트"
"40168","인천광역시 중구 중산동","1887-4","1887","0004","e편한세상영종국제도시오션하임","월세","84.9777","202506","30","2,000","120","16","2018","두미포로 112","202507~202707","신규","-","","","아파트"
"40169","인천광역시 중구 중산동","1871-1","1871","0001","e편한세상영종국제도시센텀베뉴","전세","84.9927","202506","30","24,000","0","3","2023","하늘달빛로 139","202507~202509","갱신","-","24,000","0","아파트"
"40170","인천광역시 미추홀구 도화동","1009","1009","0000","e편한세상도화6-1단지","월세","59.7900","202506","30","5,060","44","12","2018","숙골로88번길 46","202508~202708","갱신","-","5,060","44","아파트"
"40171","인천광역시 미추홀구 도화동","1009","1009","0000","e편한세상도화6-1단지","월세","59.9000","202506","30","9,108","34","23","2018","숙골로88번길 46","202508~202708","갱신","-","9,108","34","아파트"
"40172","인천광역시 중구 운남동","1778","1778","0000","운서역푸르지오더스카이","월세","84.6900","202506","30","11,900","30","7","2021","흰바위로 277","202509~202709","갱신","-","11,900","29","아파트"
"40173","인천광역시 중구 신흥동3가","31-13","0031","0013","인천유림노르웨이숲에듀오션","월세","59.1069","202506","30","5,000","70","38","2023","서해대로 278","202507~202707","신규","-","","","아파트"
"40174","인천광역시 동구 만석동","122","0122","0000","만석비치타운 주공아파트","월세","59.6300","202506","30","2,000","65","14","2002","화도진로 187","202508~202708","신규","-","","","아파트"
"40175","인천광역시 중구 중산동","1872-1","1872","0001","영종신명스카이뷰주얼리","전세","56.6190","202506","30","21,000","0","34","2013","하늘달빛로 95","-","-","-","","","아파트"
"40176","인천광역시 미추홀구 도화동","1011","1011","0000","더샵인천스카이타워1단지","전세","74.9643","202506","30","32,000","0","9","2020","숙골로88번길 12","202508~202708","신규","-","","","아파트"
"40177","인천광역시 중구 운남동","1778","1778","0000","운서역푸르지오더스카이","월세","84.6900","202506","30","11,900","30","3","2021","흰바위로 277","202509~202709","갱신","-","11,900","29","아파트"
"40178","인천광역시 미추홀구 도화동","1008","1008","0000","e편한세상도화6-2단지","월세","59.2200","202506","30","3,000","100","25","2018","숙골로88번길 56","202508~202708","신규","-","","","아파트"
"40179","인천광역시 동구 송림동","348","0348","0000","동인천역파크푸르지오","월세","59.8701","202506","30","7,000","59","1","2023","화도진로 16","202508~202708","신규","-","","","아파트"
"40180","인천광역시 중구 중산동","1871-4","1871","0004","영종국제도시동원로얄듀크마리나포레","월세","84.9841","202506","30","2,000","125","10","2022","하늘중앙로 272","202506~202706","신규","-","","","아파트"
"40181","인천광역시 중구 중산동","1887-1","1887","0001","영종하늘도시한라비발디","전세","101.7629","202506","30","25,000","0","26","2012","하늘별빛로 86","202507~202707","신규","-","","","아파트"
"40182","인천광역시 중구 중산동","1887-2","1887","0002","영종힐스테이트","전세","83.3720","202506","30","17,000","0","1","2012","하늘별빛로 66","202506~202806","신규","-","","","아파트"
"40183","인천광역시 중구 중산동","1872-1","1872","0001","영종신명스카이뷰주얼리","전세","56.6190","202506","30","21,000","0","34","2013","하늘달빛로 95","202508~202708","신규","-","","","아파트"
"40184","인천광역시 중구 중산동","1889-2","1889","0002","영종국제도시화성파크드림","전세","73.7520","202506","30","20,000","0","12","2019","하늘별빛로 112","202507~202707","갱신","-","18,000","0","아파트"
"40185","인천광역시 중구 중산동","1872-1","1872","0001","영종신명스카이뷰주얼리","전세","56.6190","202506","30","20,000","0","30","2013","하늘달빛로 95","202507~202707","갱신","-","17,000","0","아파트"
"40186","인천광역시 중구 운서동","3104-1","3104","0001","운서SKVIEWSkycity","전세","84.9630","202506","30","26,250","0","5","2022","흰바위로 203","202506~202706","갱신","사용","25,000","0","아파트"
"40187","인천광역시 미추홀구 학익동","48-14","0048","0014","신동아3","전세","99.1100","202506","30","20,000","0","12","1991","매소홀로475번길 18","202510~202710","신규","-","","","아파트"
"40188","인천광역시 미추홀구 용현동","627-85","0627","0085","해안성신","월세","49.2000","202506","30","1,000","35","4","1986","매소홀로 23-20","202506~202706","신규","-","","","아파트"
"40189","인천광역시 미추홀구 용현동","659","0659","0000","인천용현엑슬루타워","전세","124.9561","202506","30","25,000","0","34","2011","아암대로29번길 16","202507~202707","신규","-","","","아파트"
"40190","인천광역시 미추홀구 용현동","610-113","0610","0113","동아","전세","54.8700","202506","30","12,000","0","1","1989","용오로 82","202508~202708","신규","-","","","아파트"
"40191","인천광역시 미추홀구 용현동","627-85","0627","0085","해안성신","월세","49.2000","202506","30","500","40","3","1986","매소홀로 23-20","202507~202707","신규","-","","","아파트"
"40192","인천광역시 중구 운남동","1779","1779","0000","영종센트럴푸르지오자이","월세","64.6430","202506","30","1,000","95","7","2019","은하수로 412","202507~202707","갱신","사용","1,000","90","아파트"
"40193","인천광역시 미추홀구 도화동","119-7","0119","0007","이화","월세","39.9600","202506","30","1,000","30","1","1986","장고개로36번길 15","202506~202606","신규","-","","","아파트"
"40194","인천광역시 중구 운남동","1778","1778","0000","운서역푸르지오더스카이","월세","84.8300","202506","30","3,000","56","13","2021","흰바위로 277","202509~202709","갱신","-","3,000","55","아파트"
"40195","인천광역시 중구 운남동","1778","1778","0000","운서역푸르지오더스카이","월세","84.5100","202506","30","3,000","56","20","2021","흰바위로 277","202509~202709","갱신","-","3,000","55","아파트"
"40196","인천광역시 중구 운남동","1766-2","1766","0002","영종국제도시화성파크드림2차","월세","73.6293","202506","30","4,000","100","7","2022","은하수로 436","202507~202707","신규","-","","","아파트"
"40197","인천광역시 중구 운남동","1778","1778","0000","운서역푸르지오더스카이","월세","62.6200","202506","30","3,000","36","12","2021","흰바위로 277","202509~202709","갱신","-","3,000","36","아파트"
"40198","인천광역시 동구 송현동","154","0154","0000","송현주공솔빛마을(154)","전세","59.8100","202506","30","18,500","0","9","2003","송현로 50","202507~202707","신규","-","","","아파트"
"40199","인천광역시 중구 운남동","1778","1778","0000","운서역푸르지오더스카이","월세","84.6900","202506","30","11,900","30","18","2021","흰바위로 277","202509~202709","갱신","-","11,900","29","아파트"
"40200","인천광역시 중구 중산동","1871-3","1871","0003","하늘도시우미린2단지","전세","84.7989","202506","30","16,800","0","6","2012","하늘달빛로 113","202508~202708","신규","-","","","아파트"
"40201","인천광역시 중구 운남동","1778","1778","0000","운서역푸르지오더스카이","월세","84.8300","202506","30","8,000","42","8","2021","흰바위로 277","202509~202709","갱신","-","8,000","40","아파트"
"40202","인천광역시 동구 송림동","348","0348","0000","동인천역파크푸르지오","월세","59.8701","202506","30","16,000","42","24","2023","화도진로 16","202509~202709","갱신","-","16,000","42","아파트"
"40203","인천광역시 동구 송현동","154","0154","0000","송현주공솔빛마을(154)","전세","59.8100","202506","30","18,500","0","9","2003","송현로 50","202507~202707","신규","-","","","아파트"
"40204","인천광역시 동구 송현동","1-9","0001","0009","송현2","전세","46.4400","202506","30","4,000","0","3","1984","인중로 635","202506~202706","신규","-","","","아파트"
"40205","인천광역시 계양구 동양동","586","0586","0000","동양주공4단지(임대)","월세","59.6100","202506","30","3,139","31","12","2006","둥그재산길 27","202508~202707","갱신","-","2,998","30","아파트"
"40206","인천광역시 계양구 효성동","675","0675","0000","금호어울림","월세","59.9600","202506","30","3,000","70","4","2005","아나지로198번길 11","202507~202707","신규","-","","","아파트"
"40207","인천광역시 계양구 효성동","28","0028","0000","효성동대림아파트","전세","83.9900","202506","30","20,000","0","2","1999","안남로 583","202508~202708","신규","-","","","아파트"
"40208","인천광역시 계양구 효성동","99-11","0099","0011","뉴서울1","월세","51.5700","202506","30","500","40","4","1985","안남로573번길 16","202507~202707","신규","-","","","아파트"
"40209","인천광역시 서구 가좌동","7","0007","0000","한신휴플러스","월세","59.9900","202506","30","4,717","34","2","2007","건지로 402","202509~202709","갱신","-","3,455","43","아파트"
"40210","인천광역시 서구 가좌동","217","0217","0000","신현대","전세","84.9650","202506","30","21,000","0","9","1995","원적로47번길 35","202508~202808","신규","-","","","아파트"
"40211","인천광역시 계양구 귤현동","531","0531","0000","계양센트레빌1단지","월세","84.9653","202506","30","28,000","30","14","2013","형제봉길 100","202506~202706","갱신","-","31,000","0","아파트"
"40212","인천광역시 서구 신현동","304-1","0304","0001","루원시티 대성베르힐","전세","84.9778","202506","30","28,350","0","14","2017","봉오재1로 15","202507~202707","갱신","사용","27,000","0","아파트"
"40213","인천광역시 서구 신현동","302-1","0302","0001","루원e-편한세상하늘채아파트","전세","84.8570","202506","30","27,000","0","22","2010","가정로 387","202506~202706","갱신","-","25,000","0","아파트"
"40214","인천광역시 서구 가정동","5-96","0005","0096","성광","전세","39.9600","202506","30","2,000","0","4","1987","천마로14번길 3","202507~202707","신규","-","","","아파트"
"40215","인천광역시 서구 가정동","가-","0000","0000","루원시티SKLeaders'VIEW","월세","84.8254","202506","30","5,000","150","30","2022","가정로 437","202508~202708","신규","-","","","아파트"
"40216","인천광역시 서구 검암동","512-1","0512","0001","삼보해피하임3","월세","71.6238","202506","30","2,000","75","9","2003","검암로20번길 52","202508~202512","갱신","사용","2,000","75","아파트"
"40217","인천광역시 서구 가정동","564","0564","0000","진흥1","월세","45.0400","202506","30","1,000","35","2","1990","서달로179번길 6-10","202506~202706","신규","-","","","아파트"
"40218","인천광역시 서구 가정동","341-14","0341","0014","하나2","전세","84.9900","202506","30","18,000","0","11","1992","봉오대로318번길 23","202508~202708","신규","-","","","아파트"
"40219","인천광역시 서구 가정동","609-1","0609","0001","루원호반베르디움더센트럴","전세","73.1716","202506","30","32,500","0","14","2018","봉오재3로 75","202510~202710","갱신","사용","31,000","0","아파트"
"40220","인천광역시 계양구 용종동","213-3","0213","0003","초정마을(동아)","월세","95.4690","202506","30","8,000","120","4","1998","계산새로 109","202508~202708","신규","-","","","아파트"
"40221","인천광역시 계양구 용종동","228-1","0228","0001","초정마을하나","월세","26.3950","202506","30","500","45","5","1997","계양문화로 168","202507~202707","신규","-","","","아파트"
"40222","인천광역시 계양구 작전동","912-3","0912","0003","도두리마을동보","월세","23.8500","202506","30","500","40","16","1996","도두리로 52","202507~202707","신규","-","","","아파트"
"40223","인천광역시 서구 경서동","994","0994","0000","인천경서아시아드대광로제비앙","전세","84.0741","202506","30","24,000","0","5","2017","모월곶로 41","202506~202706","갱신","사용","23,000","0","아파트"
"40224","인천광역시 서구 가좌동","224-2","0224","0002","하나","월세","63.3600","202506","30","1,000","55","1","1984","신진말로28번길 26","202507~202707","신규","-","","","아파트"
"40225","인천광역시 서구 가좌동","210-6","0210","0006","진흥","전세","43.5600","202506","30","7,000","0","2","1987","신진말로28번길 16","202506~202706","신규","-","","","아파트"
"40226","인천광역시 서구 당하동","1327-1","1327","0001","인천검단엘에이치36단지","월세","37.9700","202506","30","749","27","10","2023","독정로 111","202509~202708","갱신","-","2,474","22","아파트"
"40227","인천광역시 서구 당하동","820-1","0820","0001","태평","전세","59.9700","202506","30","20,000","0","14","1999","독정로25번길 26-6","202509~202709","신규","-","","","아파트"
"40228","인천광역시 서구 당하동","1327-1","1327","0001","인천검단엘에이치36단지","월세","46.0300","202506","30","7,293","13","9","2023","독정로 111","202509~202708","갱신","-","3,780","29","아파트"
"40229","인천광역시 서구 당하동","1327-1","1327","0001","인천검단엘에이치36단지","월세","37.9700","202506","30","749","27","10","2023","독정로 111","202509~202708","갱신","-","2,474","22","아파트"
"40230","인천광역시 서구 당하동","1233-1","1233","0001","아라역금강펜테리움더시글로2차","전세","84.9060","202506","30","37,000","0","14","2025","원당대로 938","202508~202708","신규","-","","","아파트"
"40231","인천광역시 서구 당하동","1027-3","1027","0003","원당동문굿모닝힐","전세","84.9670","202506","30","25,000","0","7","2004","원당대로820번길 3","202508~202708","신규","-","","","아파트"
"40232","인천광역시 계양구 계산동","36","0036","0000","태산","월세","45.3000","202506","30","1,000","40","5","1990","계산새로33번길 26","202507~202707","신규","-","","","아파트"
"40233","인천광역시 계양구 계산동","348-2","0348","0002","하나","월세","39.9600","202506","30","1,000","55","3","1987","경명대로1114번길 6","202507~202707","신규","-","","","아파트"
"40234","인천광역시 계양구 계산동","348-2","0348","0002","하나","전세","39.9600","202506","30","11,000","0","1","1988","경명대로1114번길 6","202507~202707","신규","-","","","아파트"
"40235","인천광역시 서구 당하동","1305-1","1305","0001","우미린파크뷰1단지","전세","59.9380","202506","30","23,000","0","13","2023","이음2로 89","202508~202708","갱신","사용","22,000","0","아파트"
"40236","인천광역시 서구 당하동","1305-1","1305","0001","우미린파크뷰1단지","전세","59.8198","202506","30","24,150","0","17","2023","이음2로 89","202508~202708","갱신","사용","23,000","0","아파트"
"40237","인천광역시 서구 당하동","1027-3","1027","0003","원당동문굿모닝힐","전세","84.9670","202506","30","24,000","0","7","2004","원당대로820번길 3","202508~202708","신규","-","","","아파트"
"40238","인천광역시 서구 당하동","1316-2","1316","0002","검단신도시대성베르힐라프리미어","월세","84.9376","202506","30","5,000","105","19","2022","이음1로 154","202507~202607","갱신","사용","5,000","100","아파트"
"40239","인천광역시 서구 가좌동","7","0007","0000","한신휴플러스","월세","59.9900","202506","30","11,006","10","11","2007","건지로 402","202509~202709","갱신","-","9,873","14","아파트"
"40240","인천광역시 서구 가좌동","217","0217","0000","신현대","전세","84.9650","202506","30","21,000","0","9","1995","원적로47번길 35","202508~202808","신규","-","","","아파트"
"40241","인천광역시 서구 마전동","925","0925","0000","서해","월세","53.0700","202506","30","500","50","4","1992","검단로487번길 40","202506~202508","갱신","-","1,000","40","아파트"
"40242","인천광역시 서구 마전동","999-8","0999","0008","검단우림필유","월세","59.9496","202506","30","2,500","90","14","2007","완정로34번길 29","202508~202708","신규","-","","","아파트"
"40243","인천광역시 계양구 작전동","912-5","0912","0005","도두리마을대동","전세","40.0500","202506","30","13,000","0","4","1997","도두리로 74","202506~202706","갱신","-","13,000","0","아파트"
"40244","인천광역시 연수구 송도동","397-5","0397","0005","힐스테이트레이크송도3차","월세","84.5700","202506","30","2,800","155","16","2023","아카데미로 442","202509~202709","신규","-","","","아파트"
"40245","인천광역시 미추홀구 주안동","1286","1286","0000","태평","월세","42.2100","202506","30","500","40","6","1989","승학길 90","202507~202707","신규","-","","","아파트"
"40246","인천광역시 미추홀구 주안동","1678","1678","0000","힐스테이트푸르지오주안","전세","84.9700","202506","30","40,000","0","37","2023","남주길 150","202508~202708","신규","-","","","아파트"
"40247","인천광역시 미추홀구 관교동","13-10","0013","0010","삼환2(삼환관교2단지)","전세","84.9000","202506","30","23,000","0","8","1991","문화로 23","202506~202706","신규","-","","","아파트"
"40248","인천광역시 연수구 송도동","319-1","0319","0001","e편한세상송도","월세","70.5618","202506","30","3,000","130","16","2018","랜드마크로 113","202509~202709","신규","-","","","아파트"
"40249","인천광역시 연수구 송도동","30-5","0030","0005","더샵송도아크베이","월세","84.2000","202506","30","3,000","165","29","2025","워터프런트로 150","202508~202708","신규","-","","","아파트"
"40250","인천광역시 연수구 송도동","149","0149","0000","롯데캐슬캠퍼스타운","전세","59.8604","202506","30","33,600","0","49","2016","송도과학로27번길 55","202506~202706","갱신","사용","32,000","0","아파트"
"40251","인천광역시 연수구 옥련동","118-44","0118","0044","송도역서해그랑블더파크","월세","84.2780","202506","30","2,000","120","17","2025","한진로 77","202508~202708","신규","-","","","아파트"
"40252","인천광역시 연수구 옥련동","633","0633","0000","현대2차아파트","월세","84.6000","202506","30","2,000","80","8","1995","독배로 58","202508~202512","신규","-","","","아파트"
"40253","인천광역시 연수구 옥련동","634-1","0634","0001","삼성","월세","59.9800","202506","30","1,000","60","18","1996","독배로40번길 18","202507~202807","신규","-","","","아파트"
"40254","인천광역시 연수구 옥련동","630","0630","0000","백산","전세","59.7600","202506","30","17,000","0","3","1994","한나루로79번길 11","202507~202607","갱신","-","17,000","0","아파트"
"40255","인천광역시 연수구 옥련동","631","0631","0000","원흥","월세","59.8600","202506","30","13,000","21","10","1994","독배로 52","202506~202706","신규","-","","","아파트"
"40256","인천광역시 연수구 옥련동","637-1","0637","0001","현대4","전세","59.9850","202506","30","20,000","0","8","1997","한나루로105번길 68","202508~202708","신규","-","","","아파트"
"40257","인천광역시 연수구 옥련동","631","0631","0000","원흥","전세","59.8600","202506","30","13,000","0","10","1994","독배로 52","202506~202706","갱신","-","9,000","0","아파트"
"40258","인천광역시 연수구 연수동","534","0534","0000","유천","월세","84.8700","202506","30","4,000","75","7","1993","먼우금로 302","202508~202708","갱신","-","4,000","60","아파트"
"40259","인천광역시 연수구 연수동","576","0576","0000","태산","월세","84.5600","202506","30","6,000","75","12","1993","먼우금로 282","202506~202706","갱신","-","20,000","0","아파트"
"40260","인천광역시 연수구 연수동","578-2","0578","0002","주공3","전세","44.6600","202506","30","14,200","0","4","1993","새말로 154","202507~202707","신규","-","","","아파트"
"40261","인천광역시 연수구 송도동","319-1","0319","0001","e편한세상송도","월세","70.3826","202506","30","3,000","110","10","2018","랜드마크로 113","202509~202709","신규","-","","","아파트"
"40262","인천광역시 연수구 송도동","105-2","0105","0002","더샵송도센터니얼","월세","84.9800","202506","30","6,000","150","15","2023","컨벤시아대로274번길 62","202507~202707","갱신","-","5,000","150","아파트"
"40263","인천광역시 연수구 송도동","190-2","0190","0002","글로벌캠퍼스푸르지오","월세","101.9800","202506","30","5,000","137","8","2013","송도문화로28번길 28","202507~202606","갱신","사용","5,000","130","아파트"
"40264","인천광역시 연수구 송도동","190-4","0190","0004","송도더샵센트럴시티","전세","59.9700","202506","30","32,550","0","3","2018","송도국제대로 261","202508~202708","갱신","사용","31,000","0","아파트"
"40265","인천광역시 연수구 송도동","192-8","0192","0008","베르디움더퍼스트","전세","74.9413","202506","30","36,000","0","18","2017","송도문화로84번길 84","202508~202708","신규","-","","","아파트"
"40266","인천광역시 연수구 동춘동","917","0917","0000","롯데","전세","99.9100","202506","30","21,500","0","4","1993","먼우금로161번길 12","202508~202708","신규","-","","","아파트"
"40267","인천광역시 연수구 동춘동","929","0929","0000","풍림2","월세","45.3600","202506","30","1,000","74","9","1993","경원대로119번길 21","202506~202706","갱신","사용","1,000","70","아파트"
"40268","인천광역시 연수구 동춘동","1148-1","1148","0001","연수서해그랑블5단지","전세","55.6403","202506","30","20,264","0","1","2019","봉재산로 148","202509~202708","갱신","-","19,299","0","아파트"
"40269","인천광역시 연수구 동춘동","1148-1","1148","0001","연수서해그랑블5단지","전세","59.7150","202506","30","22,028","0","1","2019","봉재산로 148","202509~202708","갱신","-","20,979","0","아파트"
"40270","인천광역시 연수구 동춘동","1148-1","1148","0001","연수서해그랑블5단지","전세","59.9668","202506","30","22,502","0","3","2019","봉재산로 148","202509~202708","갱신","-","21,431","0","아파트"
"40271","인천광역시 연수구 동춘동","1131","1131","0000","연수서해그랑블에듀파크","월세","74.4230","202506","30","3,000","140","4","2024","봉재산로 10","202508~202708","신규","-","","","아파트"
"40272","인천광역시 연수구 동춘동","1148-1","1148","0001","연수서해그랑블5단지","전세","59.7150","202506","30","23,520","0","5","2019","봉재산로 148","202509~202708","갱신","-","22,400","0","아파트"
"40273","인천광역시 연수구 동춘동","1148-1","1148","0001","연수서해그랑블5단지","전세","59.7150","202506","30","22,965","0","3","2019","봉재산로 148","202509~202708","갱신","-","21,872","0","아파트"
"40274","인천광역시 연수구 동춘동","1148-1","1148","0001","연수서해그랑블5단지","전세","53.5854","202506","30","20,529","0","4","2019","봉재산로 148","202509~202708","갱신","-","19,551","0","아파트"
"40275","인천광역시 연수구 동춘동","1148-1","1148","0001","연수서해그랑블5단지","전세","59.7150","202506","30","22,028","0","1","2019","봉재산로 148","202509~202708","갱신","-","20,979","0","아파트"
"40276","인천광역시 연수구 동춘동","1148-1","1148","0001","연수서해그랑블5단지","전세","59.9668","202506","30","22,965","0","5","2019","봉재산로 148","202509~202708","갱신","-","21,872","0","아파트"
"40277","인천광역시 연수구 동춘동","1148-1","1148","0001","연수서해그랑블5단지","전세","59.9668","202506","30","22,965","0","5","2019","봉재산로 148","202509~202708","갱신","-","21,872","0","아파트"
"40278","인천광역시 연수구 동춘동","1148-1","1148","0001","연수서해그랑블5단지","전세","59.9668","202506","30","22,502","0","3","2019","봉재산로 148","202509~202708","갱신","-","21,431","0","아파트"
"40279","인천광역시 연수구 동춘동","1131-1","1131","0001","연수서해그랑블1단지","월세","84.9500","202506","30","1,000","52","9","2017","봉재산로 20","202507~202707","신규","-","","","아파트"
"40280","인천광역시 연수구 동춘동","924-3","0924","0003","래미안","전세","95.7600","202506","30","30,000","0","15","1993","원인재로 81","202507~202707","신규","-","","","아파트"
"40281","인천광역시 연수구 동춘동","929","0929","0000","풍림2","월세","45.3600","202506","30","1,000","80","9","1993","경원대로119번길 21","202508~202708","신규","-","","","아파트"
"40282","인천광역시 연수구 송도동","192-8","0192","0008","베르디움더퍼스트","전세","74.5812","202506","30","33,000","0","20","2017","송도문화로84번길 84","202508~202708","갱신","사용","33,000","0","아파트"
"40283","인천광역시 연수구 송도동","192-8","0192","0008","베르디움더퍼스트","전세","113.8408","202506","30","50,000","0","12","2017","송도문화로84번길 84","202509~202709","신규","-","","","아파트"
"40284","인천광역시 연수구 청학동","450","0450","0000","서해","전세","84.8900","202506","30","26,000","0","3","1993","미추홀대로251번길 9","202506~202706","신규","-","","","아파트"
"40285","인천광역시 연수구 청학동","450","0450","0000","서해","전세","84.8900","202506","30","26,000","0","3","1993","미추홀대로251번길 9","202506~202710","신규","-","","","아파트"
"40286","인천광역시 연수구 송도동","2-7","0002","0007","송도풍림아이원1단지","전세","84.7167","202506","30","30,000","0","8","2005","신송로118번길 6","202508~202708","신규","-","","","아파트"
"40287","인천광역시 연수구 송도동","192-8","0192","0008","베르디움더퍼스트","월세","63.9487","202506","30","3,000","140","1","2017","송도문화로84번길 84","202506~202606","신규","-","","","아파트"
"40288","인천광역시 연수구 송도동","100","0100","0000","송도더샵퍼스트파크F13-1BL","전세","95.8100","202506","30","41,000","0","14","2017","컨벤시아대로252번길 70","202507~202507","갱신","-","41,000","0","아파트"
"40289","인천광역시 연수구 송도동","105-2","0105","0002","더샵송도센터니얼","월세","84.9200","202506","30","4,000","168","24","2023","컨벤시아대로274번길 62","202508~202708","갱신","사용","4,000","160","아파트"
"40290","인천광역시 연수구 송도동","105-2","0105","0002","더샵송도센터니얼","월세","84.9200","202506","30","4,000","168","24","2023","컨벤시아대로274번길 62","202508~202708","갱신","사용","4,000","160","아파트"
"40291","인천광역시 연수구 송도동","192-1","0192","0001","더샵그린스퀘어","전세","84.8669","202506","30","40,000","0","17","2014","송도문화로28번길 81","202509~202708","신규","-","","","아파트"
"40292","인천광역시 연수구 송도동","155-1","0155","0001","송도아메리칸타운더샵","전세","108.6273","202506","30","61,000","0","24","2025","송도과학로27번길 27","202508~202708","신규","-","","","아파트"
"40293","인천광역시 연수구 송도동","396-1","0396","0001","송도LuxeOceanSKVIEW","전세","84.9987","202506","30","47,000","0","21","2025","랜드마크로 350","202507~202707","신규","-","","","아파트"
"40294","인천광역시 연수구 송도동","9-5","0009","0005","송도웰카운티4단지","전세","134.8800","202506","30","55,000","0","5","2010","해송로30번길 20","202511~202711","신규","-","","","아파트"
"40295","인천광역시 연수구 송도동","319-1","0319","0001","e편한세상송도","월세","70.3826","202506","30","3,000","110","10","2018","랜드마크로 113","202509~202709","신규","-","","","아파트"
"40296","인천광역시 연수구 송도동","396-1","0396","0001","송도LuxeOceanSKVIEW","전세","84.9673","202506","30","49,000","0","9","2025","랜드마크로 350","202507~202707","신규","-","","","아파트"
"40297","인천광역시 연수구 연수동","578-2","0578","0002","주공3","전세","44.6600","202506","30","13,000","0","14","1993","새말로 154","202507~202707","갱신","-","12,000","0","아파트"
"40298","인천광역시 연수구 연수동","634","0634","0000","우성2","월세","59.5900","202506","30","19,000","7","2","1995","원인재로 180","202508~202708","신규","-","","","아파트"
"40299","인천광역시 연수구 연수동","578-2","0578","0002","주공3","월세","44.6600","202506","30","1,000","67","4","1993","새말로 154","202506~202706","신규","-","","","아파트"
"40300","인천광역시 연수구 송도동","319-1","0319","0001","e편한세상송도","월세","70.3826","202506","30","1,500","120","3","2018","랜드마크로 113","202507~202607","신규","-","","","아파트"
"40301","인천광역시 연수구 송도동","9-6","0009","0006","송도웰카운티3단지","월세","101.5300","202506","30","1,000","190","3","2010","해송로30번길 19","202507~202607","신규","-","","","아파트"
"40302","인천광역시 연수구 송도동","192-8","0192","0008","베르디움더퍼스트","월세","63.9487","202506","30","3,000","145","14","2017","송도문화로84번길 84","-","-","-","","","아파트"
"40303","인천광역시 연수구 송도동","19-5","0019","0005","송도푸르지오하버뷰","전세","101.9753","202506","30","49,350","0","16","2011","컨벤시아대로130번길 80","202508~202708","갱신","사용","47,000","0","아파트"
"40304","인천광역시 미추홀구 주안동","174-3","0174","0003","이스트힐","월세","17.6139","202506","30","500","60","13","2017","미추홀대로 706","202507~202607","신규","-","","","아파트"
"40305","인천광역시 연수구 송도동","190-4","0190","0004","송도더샵센트럴시티","전세","59.9700","202506","30","32,550","0","3","2018","송도국제대로 261","202508~202708","갱신","사용","31,000","0","아파트"
"40306","인천광역시 연수구 송도동","190-4","0190","0004","송도더샵센트럴시티","전세","59.9700","202506","30","32,550","0","3","2018","송도국제대로 261","202508~202708","갱신","사용","31,000","0","아파트"
"40307","인천광역시 연수구 송도동","2-7","0002","0007","송도풍림아이원1단지","전세","84.7167","202506","30","30,000","0","8","2005","신송로118번길 6","202507~202707","신규","-","","","아파트"
"40308","인천광역시 미추홀구 주안동","1490-3","1490","0003","경민","월세","59.0400","202506","30","1,000","50","3","1984","미추홀대로578번길 41","202507~202707","신규","-","","","아파트"
"40309","인천광역시 미추홀구 주안동","1628","1628","0000","주안역센트레빌","전세","59.9813","202506","30","24,150","0","12","2021","염전로 414","202507~202707","갱신","사용","23,000","0","아파트"
"40310","인천광역시 미추홀구 주안동","1678","1678","0000","힐스테이트푸르지오주안","전세","59.9800","202506","30","32,000","0","16","2023","남주길 150","202509~202709","신규","-","","","아파트"
"40311","인천광역시 미추홀구 주안동","1441","1441","0000","신로얄","월세","40.8960","202506","30","500","35","3","1981","인하로257번길 30","202506~202706","신규","-","","","아파트"
"40312","인천광역시 미추홀구 주안동","1614","1614","0000","월드스테이트(112~123)","월세","59.9960","202506","30","10,000","49","9","2008","경원대로 884","202506~202706","갱신","사용","10,000","45","아파트"
"40313","인천광역시 서구 원당동","1084-1","1084","0001","검단신도시대방디에트르리버파크","월세","59.9971","202506","30","3,000","120","1","2022","이음1로 332","202508~202707","신규","-","","","아파트"
"40314","인천광역시 서구 원당동","987-1","0987","0001","검단신도시디에트르더힐","월세","84.9157","202506","30","6,000","115","15","2022","서로3로 255","202507~202608","신규","-","","","아파트"
"40315","인천광역시 서구 원당동","1018","1018","0000","검단신도시푸르지오더베뉴","전세","105.5200","202506","30","47,200","0","12","2021","이음6로 33","202507~202707","신규","-","","","아파트"
"40316","인천광역시 서구 원당동","1018","1018","0000","검단신도시푸르지오더베뉴","전세","84.9800","202506","30","35,000","0","27","2021","이음6로 33","202509~202709","갱신","사용","33,500","0","아파트"
"40317","인천광역시 서구 원당동","1014","1014","0000","검단신도시예미지트리플에듀","전세","76.6071","202506","30","31,000","0","6","2022","서로4로 89","202507~202707","신규","-","","","아파트"
"40318","인천광역시 강화군 선원면 창리","714","0714","0000","강화서희스타힐스1단지","월세","59.9570","202506","30","2,500","60","21","2024","중앙로 162-31","202507~202707","신규","-","","","아파트"
"40319","인천광역시 서구 원당동","1018","1018","0000","검단신도시푸르지오더베뉴","전세","84.9800","202506","30","35,000","0","27","2021","이음6로 33","202509~202709","갱신","사용","33,500","0","아파트"
"40320","인천광역시 서구 불로동","1005-4","1005","0004","신검단중앙역풍경채어바니티","월세","111.6084","202506","30","3,000","150","3","2024","금정로 12","202509~202709","신규","-","","","아파트"
"40321","인천광역시 서구 불로동","372","0372","0000","퀸스타운(길훈)","전세","84.9900","202506","30","18,000","0","19","1999","검단로 786","202507~202707","갱신","사용","18,000","0","아파트"
"40322","인천광역시 서구 불로동","798-1","0798","0001","불로금호어울림(불로지구39BL)","전세","84.9949","202506","30","24,000","0","6","2007","검단로768번길 19","-","-","-","","","아파트"
"40323","인천광역시 서구 불로동","798-1","0798","0001","불로금호어울림(불로지구39BL)","전세","84.9949","202506","30","24,000","0","6","2007","검단로768번길 19","202507~202707","신규","-","","","아파트"
"40324","인천광역시 서구 오류동","1722-1","1722","0001","검단오류역우방아이유쉘","전세","66.5160","202506","30","21,013","0","6","2021","대촌로 26","202506~202606","갱신","사용","20,500","0","아파트"
"40325","인천광역시 서구 오류동","1719-2","1719","0002","검단힐스테이트3차1단지","전세","84.9831","202506","30","25,000","0","4","2010","봉화로 60-17","202508~202708","신규","-","","","아파트"
"40326","인천광역시 서구 오류동","1722-1","1722","0001","검단오류역우방아이유쉘","전세","66.5160","202506","30","21,013","0","7","2021","대촌로 26","202506~202606","갱신","사용","20,500","0","아파트"
"40327","인천광역시 서구 청라동","156-1","0156","0001","청라센트럴에일린의뜰","전세","95.2717","202506","30","28,000","0","1","2018","청라커낼로 300","202506~203006","갱신","-","18,000","0","아파트"
"40328","인천광역시 서구 청라동","82-1","0082","0001","청라모아미래도","전세","71.5966","202506","30","26,250","0","6","2018","비즈니스로 165","202507~202707","갱신","사용","25,000","0","아파트"
"40329","인천광역시 서구 청라동","85-1","0085","0001","청라국제금융단지한양수자인레이크블루","월세","84.3971","202506","30","2,300","103","14","2019","청라한내로 132","202506~202706","갱신","-","2,200","99","아파트"
"40330","인천광역시 서구 청라동","164-1","0164","0001","청라 엑슬루타워","전세","110.2200","202506","30","35,000","0","46","2011","중봉대로586번길 22","202508~202707","갱신","-","26,250","0","아파트"
"40331","인천광역시 서구 청라동","160-1","0160","0001","청라린스트라우스","전세","124.4115","202506","30","50,000","0","34","2013","청라라임로 85","202508~202708","신규","-","","","아파트"
"40332","인천광역시 서구 청라동","139-1","0139","0001","청라한화꿈에그린","전세","112.9319","202506","30","33,600","0","16","2012","크리스탈로 148","202507~202707","갱신","사용","32,000","0","아파트"
"40333","인천광역시 서구 청라동","116-6","0116","0006","호반베르디움(116-6)","전세","84.9589","202506","30","29,400","0","24","2011","청라라임로 109","202508~202708","갱신","사용","28,000","0","아파트"
"40334","인천광역시 서구 청라동","102-2","0102","0002","청라한양수자인","월세","142.9247","202506","30","36,000","20","18","2011","비즈니스로 41","202507~202612","갱신","사용","40,000","0","아파트"
"40335","인천광역시 서구 청라동","185-1","0185","0001","힐데스하임","월세","59.9435","202506","30","3,000","120","17","2011","청라라임로 17","202508~202708","신규","-","","","아파트"
"40336","인천광역시 서구 청라동","173-1","0173","0001","청라29블럭호반베르디움","월세","84.9482","202506","30","3,000","131","15","2012","청라커낼로 163","202507~202707","갱신","사용","3,000","125","아파트"
"40337","인천광역시 서구 청라동","155-17","0155","0017","청라힐스테이트커낼뷰","전세","121.3080","202506","30","42,000","0","6","2012","청라커낼로 297","202508~202708","신규","-","","","아파트"
"40338","인천광역시 서구 청라동","139-1","0139","0001","청라한화꿈에그린","전세","100.5108","202506","30","30,450","0","14","2012","크리스탈로 148","202507~202707","갱신","사용","29,000","0","아파트"
"40339","인천광역시 서구 청라동","185-1","0185","0001","힐데스하임","월세","59.9435","202506","30","3,000","120","17","2011","청라라임로 17","202508~202708","신규","-","","","아파트"
"40340","인천광역시 서구 원당동","1014","1014","0000","검단신도시예미지트리플에듀","월세","84.9227","202506","30","3,000","140","4","2022","서로4로 89","202508~202708","신규","-","","","아파트"
"40341","인천광역시 서구 원당동","1084-1","1084","0001","검단신도시대방디에트르리버파크","월세","59.9834","202506","30","2,000","120","1","2022","이음1로 332","202507~202707","신규","-","","","아파트"
"40342","인천광역시 서구 원당동","1018","1018","0000","검단신도시푸르지오더베뉴","전세","84.9300","202506","30","35,500","0","13","2021","이음6로 33","202505~202705","신규","-","","","아파트"
"40343","인천광역시 부평구 부평동","962","0962","0000","부평SKVIEW해모로","전세","36.0986","202506","30","18,300","0","14","2023","동수천로 71","202509~202709","신규","-","","","아파트"
"40344","인천광역시 부평구 부평동","799-5","0799","0005","가나안미도","전세","59.3100","202506","30","14,000","0","2","1986","부평대로165번길 40","202509~202709","신규","-","","","아파트"
"40345","인천광역시 부평구 산곡동","307","0307","0000","현대1차","전세","84.8100","202506","30","20,000","0","3","1985","경원대로 1269","202509~202709","신규","-","","","아파트"
"40346","인천광역시 부평구 십정동","630","0630","0000","더샵부평센트럴시티","월세","69.2824","202506","30","16,500","44","12","2022","열우물로 90","202508~202708","신규","-","","","아파트"
"40347","인천광역시 부평구 십정동","630","0630","0000","더샵부평센트럴시티","월세","59.5385","202506","30","10,000","53","30","2022","열우물로 90","202508~202708","신규","-","","","아파트"
"40348","인천광역시 부평구 십정동","630","0630","0000","더샵부평센트럴시티","월세","69.4834","202506","30","10,500","65","14","2022","열우물로 90","202509~202709","갱신","-","10,500","63","아파트"
"40349","인천광역시 부평구 십정동","630","0630","0000","더샵부평센트럴시티","월세","18.7080","202506","30","5,000","10","28","2022","열우물로 90","202508~202708","신규","-","","","아파트"
"40350","인천광역시 부평구 부평동","70-5","0070","0005","동아(1차)","월세","52.4300","202506","30","1,500","65","6","1987","부평문화로 37","202509~202709","신규","-","","","아파트"
"40351","인천광역시 부평구 부평동","534-96","0534","0096","두산위브","월세","84.8400","202506","30","5,000","100","2","2005","경원대로1344번길 8","202506~202708","신규","-","","","아파트"
"40352","인천광역시 부평구 십정동","642","0642","0000","힐스테이트부평","월세","75.9500","202506","30","5,000","140","3","2023","경원대로 1192","202507~202707","신규","-","","","아파트"
"40353","인천광역시 부평구 십정동","424","0424","0000","삼용","월세","46.8000","202506","30","500","50","4","1986","배곶로20번길 13","202507~202707","신규","-","","","아파트"
"40354","인천광역시 부평구 십정동","630","0630","0000","더샵부평센트럴시티","월세","69.2824","202506","30","16,500","44","12","2022","열우물로 90","202508~202707","갱신","-","16,500","44","아파트"
"40355","인천광역시 부평구 십정동","630","0630","0000","더샵부평센트럴시티","월세","84.1614","202506","30","20,000","48","3","2022","열우물로 90","202509~202709","갱신","-","20,000","45","아파트"
"40356","인천광역시 부평구 십정동","630","0630","0000","더샵부평센트럴시티","월세","69.2824","202506","30","16,500","47","34","2022","열우물로 90","202509~202709","갱신","-","16,500","44","아파트"
"40357","인천광역시 부평구 부평동","799-5","0799","0005","가나안미도","전세","59.3100","202506","30","14,000","0","2","1986","부평대로165번길 40","202508~202708","신규","-","","","아파트"
"40358","인천광역시 부평구 갈산동","359","0359","0000","주공1단지","월세","38.6400","202506","30","5,000","25","4","1992","굴포로 81","202506~202706","신규","-","","","아파트"
"40359","인천광역시 부평구 갈산동","416","0416","0000","태화(416)","월세","59.9300","202506","30","3,000","60","10","1994","부평북로 313","202506~202608","신규","-","","","아파트"
"40360","인천광역시 부평구 부평동","70-5","0070","0005","동아(1차)","전세","76.7400","202506","30","26,000","0","5","1989","부평문화로 37","202508~202708","신규","-","","","아파트"
"40361","인천광역시 부평구 부평동","203-25","0203","0025","M타워","전세","69.6600","202506","30","10,000","0","5","2010","주부토로 5-10","202507~202707","신규","-","","","아파트"
"40362","인천광역시 부평구 부개동","477-1","0477","0001","대동","월세","40.4450","202506","30","1,000","50","4","1989","길주로 640","202508~202708","신규","-","","","아파트"
"40363","인천광역시 부평구 부평동","1026","1026","0000","부평하우스토리어반그린","월세","59.8997","202506","30","2,000","100","18","2025","동수북로50번길 32","202506~202705","신규","-","","","아파트"
"40364","인천광역시 부평구 삼산동","170-1","0170","0001","삼산벽산블루밍","월세","59.2488","202506","30","3,000","95","3","2005","후정동로 12","202507~202707","신규","-","","","아파트"
"40365","인천광역시 부평구 부개동","498-5","0498","0005","부개주공3","월세","59.9800","202506","30","4,500","50","10","1996","길주남로 144","202506~202806","신규","-","","","아파트"
"40366","인천광역시 부평구 부개동","496-2","0496","0002","부개주공1","전세","59.9700","202506","30","25,000","0","16","1996","길주남로 143","202508~202709","신규","-","","","아파트"
"40367","인천광역시 부평구 부개동","380","0380","0000","한일","전세","61.4700","202506","30","14,000","0","2","1984","항동로45번길 53-17","202508~202708","신규","-","","","아파트"
"40368","인천광역시 부평구 부개동","380","0380","0000","한일","전세","61.4700","202506","30","14,000","0","2","1984","항동로45번길 53-17","202508~202708","신규","-","","","아파트"
"40369","인천광역시 부평구 부개동","477-1","0477","0001","대동","전세","43.2950","202506","30","11,000","0","4","1989","길주로 640","202508~202708","신규","-","","","아파트"
"40370","인천광역시 부평구 부개동","308-3","0308","0003","부개동동도센트리움","월세","43.1440","202506","30","1,000","79","6","2014","경인로1099번길 39","202507~202707","신규","-","","","아파트"
"40371","인천광역시 부평구 부개동","308-3","0308","0003","부개동동도센트리움","월세","33.8130","202506","30","1,000","70","10","2014","경인로1099번길 39","202507~202707","신규","-","","","아파트"
"40372","인천광역시 남동구 논현동","774-1","0774","0001","에코메트로11","월세","84.9930","202506","30","15,750","84","11","2009","논고개로 17","202508~202708","갱신","사용","15,000","80","아파트"
"40373","인천광역시 남동구 논현동","749-1","0749","0001","논현센트럴뷰","전세","59.5800","202506","30","35,000","0","27","2014","논고개로68번길 34","202507~202707","신규","-","","","아파트"
"40374","인천광역시 부평구 산곡동","534","0534","0000","부평두산위브더파크","전세","59.9316","202506","30","27,300","0","7","2022","마곡로 14","202507~202707","갱신","사용","26,000","0","아파트"
"40375","인천광역시 부평구 산곡동","534","0534","0000","부평두산위브더파크","전세","49.9486","202506","30","25,000","0","5","2022","마곡로 14","202507~202707","신규","-","","","아파트"
"40376","인천광역시 부평구 산곡동","222","0222","0000","한신휴","월세","59.9460","202506","30","3,000","80","6","2003","마장로220번길 13","202508~202807","신규","-","","","아파트"
"40377","인천광역시 부평구 산곡동","251-2","0251","0002","우성5차","월세","41.1300","202506","30","700","53","12","1996","부흥로111번길 36","202507~202707","신규","-","","","아파트"
"40378","인천광역시 남동구 논현동","604-1","0604","0001","냇마을신영지웰(9단지)","전세","131.8954","202506","30","40,000","0","12","2007","소래역로 93","202508~202708","갱신","-","38,000","0","아파트"
"40379","인천광역시 남동구 논현동","740-2","0740","0002","소래휴먼시아3단지","월세","51.9200","202506","30","5,100","22","9","2010","앵고개로815번길 22","202507~202706","갱신","-","3,689","28","아파트"
"40380","인천광역시 남동구 논현동","635-1","0635","0001","논현휴먼시아하늘마을(3단지)","월세","46.9000","202506","30","2,466","27","2","2008","논현로 45","202508~202707","갱신","-","2,356","26","아파트"
"40381","인천광역시 부평구 산곡동","534","0534","0000","부평두산위브더파크","전세","49.9486","202506","30","19,000","0","1","2022","마곡로 14","202506~202706","신규","-","","","아파트"
"40382","인천광역시 부평구 산곡동","307","0307","0000","현대1차","전세","72.4800","202506","30","22,000","0","10","1985","경원대로 1269","202507~202707","신규","-","","","아파트"
"40383","인천광역시 부평구 삼산동","387-2","0387","0002","삼산주공미래타운1차","월세","59.3900","202506","30","2,000","85","8","2000","부평북로 431","202509~202709","신규","-","","","아파트"
"40384","인천광역시 부평구 삼산동","440-1","0440","0001","삼산타운주공1단지","전세","59.9900","202506","30","34,000","0","13","2005","굴포로 105","202508~202708","신규","-","","","아파트"
"40385","인천광역시 부평구 삼산동","553","0553","0000","브라운스톤부평","월세","72.9841","202506","30","5,000","150","24","2023","후정로 8","202508~202708","신규","-","","","아파트"
"40386","인천광역시 부평구 삼산동","553","0553","0000","브라운스톤부평","전세","59.9900","202506","30","27,000","0","25","2023","후정로 8","202509~202709","신규","-","","","아파트"
"40387","인천광역시 부평구 삼산동","454-13","0454","0013","삼산타운6단지","월세","84.9600","202506","30","3,000","130","9","2004","체육관로 57","202507~202707","갱신","사용","3,000","126","아파트"
"40388","인천광역시 부평구 청천동","200","0200","0000","부평1,2차금호타운","월세","84.8500","202506","30","5,000","100","6","1998","안남로 272","202508~202708","신규","-","","","아파트"
"40389","인천광역시 부평구 청천동","200","0200","0000","부평1,2차금호타운","월세","84.8500","202506","30","25,000","35","15","1998","안남로 272","202508~202708","신규","-","","","아파트"
"40390","인천광역시 부평구 청천동","300","0300","0000","삼익","전세","42.9300","202506","30","15,500","0","11","1986","부평대로167번길 43","202509~202709","신규","-","","","아파트"
"40391","인천광역시 부평구 부평동","962","0962","0000","부평SKVIEW해모로","월세","36.0986","202506","30","4,000","42","5","2023","동수천로 71","202412~202702","갱신","-","6,800","34","아파트"
"40392","인천광역시 부평구 부평동","185-77","0185","0077","이림","월세","12.3200","202506","30","100","39","3","2012","광장로30번길 24","202506~202512","신규","-","","","아파트"
"40393","인천광역시 남동구 구월동","1530","1530","0000","두플라스","월세","43.7776","202506","30","1,000","80","10","2016","선수촌공원로 26","202508~202708","신규","-","","","아파트"
"40394","인천광역시 남동구 서창동","636","0636","0000","인천서창엘에이치1단지","월세","46.4400","202506","30","4,622","15","1","2015","서창남순환로 124-14","202508~202707","갱신","-","3,322","22","아파트"
"40395","인천광역시 남동구 서창동","676","0676","0000","더포레스트","월세","59.9300","202506","30","2,500","105","6","2017","서창남순환로 140","202508~202708","신규","-","","","아파트"
"40396","인천광역시 남동구 구월동","1510","1510","0000","구월아시아드선수촌센트럴자이","월세","101.9300","202506","30","20,000","110","11","2015","선수촌로 55","202507~202707","신규","-","","","아파트"
"40397","인천광역시 남동구 서창동","745","0745","0000","인천서창꿈에그린","월세","74.9700","202506","30","5,000","59","10","2019","운연천로 11","202508~202708","갱신","-","5,000","59","아파트"
"40398","인천광역시 남동구 서창동","745","0745","0000","인천서창꿈에그린","월세","74.9700","202506","30","5,000","59","10","2019","운연천로 11","202508~202708","신규","-","","","아파트"
"40399","인천광역시 남동구 간석동","501","0501","0000","극동","전세","40.6300","202506","30","14,000","0","8","1989","구월로 78","202508~202708","갱신","사용","14,000","0","아파트"
"40400","인천광역시 남동구 간석동","123-19","0123","0019","대준블루인","월세","54.7000","202506","30","0","55","13","2019","용천로153번길 30","202506~202512","신규","-","","","아파트"
"40401","인천광역시 남동구 간석동","519-4","0519","0004","한진","월세","61.1600","202506","30","3,000","42","1","1981","경인로524번길 16","202507~202707","갱신","-","3,000","39","아파트"
"40402","인천광역시 남동구 간석동","894-1","0894","0001","광명(894-1)","월세","59.7600","202506","30","1,000","65","2","1989","방축로 492","202507~202707","신규","-","","","아파트"
"40403","인천광역시 남동구 구월동","23","0023","0000","구월힐스테이트1단지","월세","83.9829","202506","30","10,000","80","20","2007","구월로 192","202508~202708","신규","-","","","아파트"
"40404","인천광역시 남동구 간석동","519-4","0519","0004","한진","월세","61.1600","202506","30","3,000","40","1","1981","경인로524번길 16","202507~202707","갱신","-","3,000","39","아파트"
"40405","인천광역시 남동구 만수동","1086-1","1086","0001","이삭(1086-1)","전세","78.2270","202506","30","23,000","0","18","2000","담방서로17번길 21","202508~202708","신규","-","","","아파트"
"40406","인천광역시 남동구 만수동","20","0020","0000","만수주공6단지","월세","47.2500","202506","30","1,000","45","4","1986","만수로50번길 19","202507~202707","신규","-","","","아파트"
"40407","인천광역시 남동구 구월동","1291-7","1291","0007","성문","전세","59.8600","202506","30","11,000","0","6","1996","호구포로744번길 26","202509~202709","신규","-","","","아파트"
"40408","인천광역시 남동구 구월동","342-1","0342","0001","신세계","월세","85.4400","202506","30","1,000","65","14","1980","호구포로 858","202509~202709","신규","-","","","아파트"
"40409","인천광역시 남동구 구월동","24","0024","0000","롯데캐슬골드","월세","115.6671","202506","30","5,000","150","9","2007","호구포로 803","202507~202609","신규","-","","","아파트"
"40410","인천광역시 남동구 서창동","682","0682","0000","서창센트럴푸르지오","월세","74.9800","202506","29","5,000","120","8","2018","서창남순환로 55","202508~202708","갱신","사용","5,000","110","아파트"
"40411","인천광역시 남동구 구월동","1554","1554","0000","구월아시아드선수촌8단지","전세","84.9700","202506","29","36,500","0","3","2015","선수촌로 8","202508~202708","신규","-","","","아파트"
"40412","인천광역시 남동구 장수동","806-3","0806","0003","주공임대(806-3)","월세","36.6300","202506","29","3,169","13","13","2005","장수로 27","202507~202706","갱신","-","1,592","20","아파트"
"40413","인천광역시 연수구 송도동","312-1","0312","0001","호반써밋송도","월세","84.8714","202506","29","2,000","168","22","2023","랜드마크로 20","202507~202707","신규","-","","","아파트"
"40414","인천광역시 연수구 송도동","109","0109","0000","더샵송도프라임뷰20BL","전세","70.9200","202506","29","40,000","0","21","2022","인천타워대로231번길 97","202507~202707","신규","-","","","아파트"
"40415","인천광역시 연수구 송도동","109","0109","0000","더샵송도프라임뷰20BL","전세","70.9200","202506","29","40,000","0","21","2022","인천타워대로231번길 97","202507~202707","신규","-","","","아파트"
"40416","인천광역시 연수구 송도동","21-60","0021","0060","인천송도힐스테이트4단지","월세","170.0550","202506","29","10,000","190","17","2011","컨벤시아대로 80","-","-","-","","","아파트"
"40417","인천광역시 연수구 송도동","21-65","0021","0065","인천송도힐스테이트6단지","전세","142.1275","202506","29","53,000","0","4","2011","컨벤시아대로 100","202508~202708","신규","-","","","아파트"
"40418","인천광역시 연수구 동춘동","1149","1149","0000","서해그랑블포레스트","전세","77.8422","202506","29","26,000","0","1","2019","능허대로446번길 12","202507~202707","갱신","사용","25,000","0","아파트"
"40419","인천광역시 연수구 송도동","397-2","0397","0002","힐스테이트레이크송도4차","전세","84.9900","202506","29","35,000","0","7","2025","아카데미로312번길 31","202509~202708","신규","-","","","아파트"
"40420","인천광역시 연수구 송도동","149","0149","0000","롯데캐슬캠퍼스타운","전세","59.8604","202506","29","31,500","0","47","2016","송도과학로27번길 55","202506~202511","갱신","-","31,500","0","아파트"
"40421","인천광역시 연수구 연수동","532","0532","0000","대림","월세","84.7950","202506","29","2,000","90","9","1993","원인재로 300","202508~202708","갱신","-","2,000","85","아파트"
"40422","인천광역시 연수구 청학동","451","0451","0000","시대","전세","35.7430","202506","29","11,000","0","9","1994","용담로 3","202507~202607","갱신","사용","11,000","0","아파트"
"40423","인천광역시 연수구 연수동","578-2","0578","0002","주공3","전세","44.6600","202506","29","12,800","0","6","1993","새말로 154","202507~202707","갱신","-","12,000","0","아파트"
"40424","인천광역시 연수구 선학동","442","0442","0000","한화포레나인천연수","월세","84.7127","202506","29","3,000","130","4","2023","넘말로 81","202508~202708","신규","-","","","아파트"
"40425","인천광역시 미추홀구 주안동","1678","1678","0000","힐스테이트푸르지오주안","월세","93.9700","202506","29","3,000","158","17","2023","남주길 150","202508~202708","갱신","사용","3,000","150","아파트"
"40426","인천광역시 연수구 청학동","449","0449","0000","성호","전세","84.0200","202506","29","22,000","0","4","1993","솔샘로43번길 15","202508~202708","신규","-","","","아파트"
"40427","인천광역시 연수구 송도동","100","0100","0000","송도더샵퍼스트파크F13-1BL","전세","68.9600","202506","29","34,000","0","7","2017","컨벤시아대로252번길 70","202509~202709","신규","-","","","아파트"
"40428","인천광역시 연수구 송도동","397-2","0397","0002","힐스테이트레이크송도4차","전세","84.9900","202506","29","35,000","0","7","2025","아카데미로312번길 31","202509~202708","신규","-","","","아파트"
"40429","인천광역시 연수구 송도동","16-7","0016","0007","송도더샵그린애비뉴8단지","전세","111.6523","202506","29","63,000","0","8","2012","컨벤시아대로42번길 61","202506~202612","갱신","-","60,000","0","아파트"
"40430","인천광역시 연수구 송도동","190-2","0190","0002","글로벌캠퍼스푸르지오","전세","101.9900","202506","29","45,000","0","26","2013","송도문화로28번길 28","202507~202707","신규","-","","","아파트"
"40431","인천광역시 중구 운서동","3104-1","3104","0001","운서SKVIEWSkycity","전세","84.9630","202506","29","25,500","0","8","2022","흰바위로 203","202508~202708","신규","-","","","아파트"
"40432","인천광역시 중구 운서동","3104-1","3104","0001","운서SKVIEWSkycity","전세","84.9630","202506","29","25,500","0","8","2022","흰바위로 203","202508~202708","신규","-","","","아파트"
"40433","인천광역시 미추홀구 도화동","1002","1002","0000","더샵인천스카이타워2단지","전세","84.9353","202506","29","35,000","0","14","2020","숙골로87번길 5","202508~202708","신규","-","","","아파트"
"40434","인천광역시 중구 중산동","1887-2","1887","0002","영종힐스테이트","전세","83.3720","202506","29","25,000","0","6","2012","하늘별빛로 66","202508~202708","신규","-","","","아파트"
"40435","인천광역시 동구 송현동","6-26","0006","0026","송현주공","월세","35.2800","202506","29","500","45","9","1993","인중로 653","202506~202706","신규","-","","","아파트"
"40436","인천광역시 중구 운남동","1681-2","1681","0002","호반써밋스카이센트럴2차","월세","84.9407","202506","29","2,000","120","20","2024","숲쟁이로 11","202509~202709","신규","-","","","아파트"
"40437","인천광역시 중구 중산동","1888-1","1888","0001","호반써밋스카이센트럴","전세","74.5850","202506","29","26,000","0","8","2022","두미포로 113","202509~202709","신규","-","","","아파트"
"40438","인천광역시 계양구 작전동","869-19","0869","0019","동성","전세","48.1200","202506","29","5,000","0","3","1985","봉오대로698번길 18","202506~202510","갱신","-","5,000","0","아파트"
"40439","인천광역시 계양구 효성동","677","0677","0000","e편한세상 계양 더프리미어","월세","74.9322","202506","29","5,000","100","1","2021","효서로 145","202508~202708","신규","-","","","아파트"
"40440","인천광역시 서구 당하동","1031","1031","0000","원당풍림아이원","전세","74.0892","202506","29","23,000","0","16","2004","원당대로840번길 21","202509~202609","갱신","사용","22,000","0","아파트"
"40441","인천광역시 서구 당하동","1314","1314","0000","검단신안인스빌어반퍼스트","전세","94.9550","202506","29","21,000","0","2","2022","이음1로 173","202508~202708","갱신","사용","20,000","0","아파트"
"40442","인천광역시 서구 당하동","1027-3","1027","0003","원당동문굿모닝힐","전세","84.9670","202506","29","27,000","0","10","2004","원당대로820번길 3","202509~202709","신규","-","","","아파트"
"40443","인천광역시 서구 가좌동","158-3","0158","0003","유진B동","월세","64.2300","202506","29","500","50","4","1985","가정로78번길 26","202507~202707","신규","-","","","아파트"
"40444","인천광역시 서구 신현동","151-3","0151","0003","효성","월세","74.0000","202506","29","2,000","70","1","1991","새오개로 53","202507~202707","신규","-","","","아파트"
"40445","인천광역시 부평구 부개동","525","0525","0000","부개역코오롱하늘채","전세","59.8972","202506","29","36,000","0","15","2021","부평문화로 216","202508~202708","신규","-","","","아파트"
"40446","인천광역시 부평구 십정동","642","0642","0000","힐스테이트부평","월세","59.9900","202506","29","3,000","115","17","2023","경원대로 1192","202507~202707","갱신","사용","3,000","110","아파트"
"40447","인천광역시 부평구 산곡동","519","0519","0000","쌍용더플래티넘부평","월세","51.8000","202506","29","3,000","90","6","2022","원적로287번길 25","202509~202709","신규","-","","","아파트"
"40448","인천광역시 서구 왕길동","697-1","0697","0001","드림파크어울림1단지","전세","84.9025","202506","29","24,400","0","14","2010","봉화로 18","202509~202709","신규","-","","","아파트"
"40449","인천광역시 서구 원당동","1024","1024","0000","검단 금호어울림 센트럴","전세","74.9400","202506","29","34,000","0","5","2021","이음5로 65","202509~202703","신규","-","","","아파트"
"40450","인천광역시 서구 불로동","1001","1001","0000","힐스테이트신검단센트럴","월세","84.8216","202506","29","3,000","140","12","2025","고산후로 249","202508~202708","신규","-","","","아파트"
"40451","인천광역시 서구 불로동","1005-4","1005","0004","신검단중앙역풍경채어바니티","전세","84.7571","202506","29","34,000","0","24","2024","금정로 12","202508~202708","신규","-","","","아파트"
"40452","인천광역시 서구 원당동","1026","1026","0000","인천검단26단지","월세","37.2700","202506","29","4,164","12","19","2024","이음1로 420","202505~202706","갱신","-","2,664","21","아파트"
"40453","인천광역시 강화군 선원면 창리","714","0714","0000","강화서희스타힐스1단지","월세","71.9950","202506","29","3,000","70","20","2024","중앙로 162-31","202507~202707","신규","-","","","아파트"
"40454","인천광역시 강화군 선원면 창리","709","0709","0000","강화서희스타힐스2단지","월세","59.9669","202506","29","2,000","70","16","2024","중앙로 162-57","202506~202512","신규","-","","","아파트"
"40455","인천광역시 서구 청라동","155-9","0155","0009","한일베라체","전세","104.3760","202506","29","35,000","0","6","2011","청라루비로 68","202508~202708","신규","-","","","아파트"
"40456","인천광역시 서구 청라동","164-1","0164","0001","청라 엑슬루타워","전세","110.2200","202506","29","46,000","0","35","2011","중봉대로586번길 22","202509~202709","신규","-","","","아파트"
"40457","인천광역시 서구 청라동","115-1","0115","0001","청라제일풍경채","전세","115.1067","202506","29","37,000","0","1","2012","청라한울로 95","202508~202708","신규","-","","","아파트"
"40458","인천광역시 강화군 강화읍 갑곳리","667","0667","0000","현대","월세","84.8900","202506","29","1,500","50","3","1994","강화대로 191-14","202507~202707","신규","-","","","아파트"
"40459","인천광역시 강화군 강화읍 갑곳리","667","0667","0000","현대","월세","84.8900","202506","29","1,500","50","3","1994","강화대로 191-14","202507~202707","신규","-","","","아파트"
"40460","인천광역시 서구 청라동","155-9","0155","0009","한일베라체","전세","104.3760","202506","29","35,000","0","6","2011","청라루비로 68","202508~202708","신규","-","","","아파트"
"40461","인천광역시 서구 원당동","1022","1022","0000","호반써밋1차","전세","84.8917","202506","29","35,000","0","5","2021","이음5로 15","202508~202708","신규","-","","","아파트"
"40462","인천광역시 서구 원당동","1022","1022","0000","호반써밋1차","전세","84.8917","202506","28","35,000","0","27","2021","이음5로 15","202508~202708","갱신","-","35,000","0","아파트"
"40463","인천광역시 서구 청라동","102-3","0102","0003","청라동양엔파트","전세","118.8376","202506","28","28,000","0","21","2012","솔빛로 13","202507~202707","갱신","-","28,000","0","아파트"
"40464","인천광역시 서구 청라동","102-3","0102","0003","청라동양엔파트","전세","118.8352","202506","28","35,000","0","17","2012","솔빛로 13","202509~202709","신규","-","","","아파트"
"40465","인천광역시 서구 청라동","85-1","0085","0001","청라국제금융단지한양수자인레이크블루","전세","84.3971","202506","28","36,750","0","23","2019","청라한내로 132","202507~202707","갱신","사용","35,000","0","아파트"
"40466","인천광역시 서구 청라동","102-3","0102","0003","청라동양엔파트","전세","118.8352","202506","28","35,000","0","17","2012","솔빛로 13","202509~202709","신규","-","","","아파트"
"40467","인천광역시 서구 원당동","1022-1","1022","0001","우미린더시그니처","전세","84.9732","202506","28","40,000","0","8","2022","이음5로 39","202507~202802","신규","-","","","아파트"
"40468","인천광역시 서구 원당동","1022-1","1022","0001","우미린더시그니처","전세","84.9732","202506","28","40,000","0","4","2022","이음5로 39","202511~202711","신규","-","","","아파트"
"40469","인천광역시 서구 왕길동","692-1","0692","0001","검단자이1단지","전세","123.5120","202506","28","25,000","0","6","2010","버들로 27","202509~202709","신규","-","","","아파트"
"40470","인천광역시 서구 왕길동","696-1","0696","0001","검단자이2단지","월세","84.8090","202506","28","21,000","20","13","2010","오동로 32","202508~202708","신규","-","","","아파트"
"40471","인천광역시 서구 왕길동","696-1","0696","0001","검단자이2단지","월세","84.8090","202506","28","21,000","20","13","2010","오동로 32","202508~202708","신규","-","","","아파트"
"40472","인천광역시 서구 왕길동","696-1","0696","0001","검단자이2단지","월세","84.8090","202506","28","21,000","20","13","2010","오동로 32","-","-","-","","","아파트"
"40473","인천광역시 서구 왕길동","697-1","0697","0001","드림파크어울림1단지","전세","131.2683","202506","28","27,000","0","5","2010","봉화로 18","202509~202709","신규","-","","","아파트"
"40474","인천광역시 서구 청라동","85-1","0085","0001","청라국제금융단지한양수자인레이크블루","전세","84.4945","202506","28","40,000","0","15","2019","청라한내로 132","202506~202706","갱신","-","35,000","0","아파트"
"40475","인천광역시 서구 청라동","83-1","0083","0001","청라국제업무단지센텀대광로제비앙","전세","82.9117","202506","28","36,000","0","7","2018","비즈니스로 166","202509~202709","신규","-","","","아파트"
"40476","인천광역시 서구 원당동","1022-1","1022","0001","우미린더시그니처","전세","74.3179","202506","28","30,400","0","5","2022","이음5로 39","-","-","-","","","아파트"
"40477","인천광역시 서구 원당동","1084-1","1084","0001","검단신도시대방디에트르리버파크","전세","84.9968","202506","28","32,000","0","4","2022","이음1로 332","202508~202708","신규","-","","","아파트"
"40478","인천광역시 서구 원당동","1022-1","1022","0001","우미린더시그니처","전세","74.3179","202506","28","30,400","0","5","2022","이음5로 39","202506~202706","신규","-","","","아파트"
"40479","인천광역시 서구 불로동","1005-4","1005","0004","신검단중앙역풍경채어바니티","전세","111.6084","202506","28","35,000","0","3","2024","금정로 12","202508~202708","신규","-","","","아파트"
"40480","인천광역시 강화군 선원면 창리","714","0714","0000","강화서희스타힐스1단지","월세","84.9495","202506","28","3,000","90","8","2024","중앙로 162-31","202507~202707","신규","-","","","아파트"
"40481","인천광역시 서구 청라동","185-1","0185","0001","힐데스하임","월세","59.8871","202506","28","2,000","130","23","2011","청라라임로 17","202508~202708","신규","-","","","아파트"
"40482","인천광역시 서구 청라동","150-1","0150","0001","대우푸르지오","전세","139.4860","202506","28","45,000","0","4","2013","크리스탈로102번길 25","202507~202707","갱신","사용","43,000","0","아파트"
"40483","인천광역시 서구 원당동","1014","1014","0000","검단신도시예미지트리플에듀","전세","84.5075","202506","28","31,000","0","24","2022","서로4로 89","202507~202702","신규","-","","","아파트"
"40484","인천광역시 서구 원당동","852-1","0852","0001","대림e편한세상(원당지구78BL1L)","전세","59.9770","202506","28","18,000","0","15","2004","고산로40번길 12","202509~202708","신규","-","","","아파트"
"40485","인천광역시 서구 청라동","149-2","0149","0002","청라제일풍경채2차에듀앤파크","전세","84.9930","202506","28","39,000","0","6","2017","청라한울로 96","202507~202707","갱신","-","33,000","0","아파트"
"40486","인천광역시 서구 청라동","149-2","0149","0002","청라제일풍경채2차에듀앤파크","전세","84.9930","202506","28","38,000","0","12","2017","청라한울로 96","202508~202708","신규","-","","","아파트"
"40487","인천광역시 서구 청라동","149-2","0149","0002","청라제일풍경채2차에듀앤파크","전세","84.9390","202506","28","38,000","0","18","2017","청라한울로 96","202508~202708","신규","-","","","아파트"
"40488","인천광역시 서구 청라동","130-2","0130","0002","청라웰카운티1차","전세","84.9792","202506","28","26,250","0","17","2010","청라에메랄드로 156","202506~202706","갱신","사용","25,000","0","아파트"
"40489","인천광역시 서구 원당동","987","0987","0000","검단신도시로제비앙라포레","월세","79.0123","202506","28","3,000","120","19","2022","서로3로 277","202507~202707","신규","-","","","아파트"
"40490","인천광역시 서구 원당동","1024","1024","0000","검단 금호어울림 센트럴","월세","84.5200","202506","28","5,000","180","26","2021","이음5로 65","202507~202707","신규","-","","","아파트"
"40491","인천광역시 서구 원당동","1022","1022","0000","호반써밋1차","전세","72.2112","202506","28","26,250","0","11","2021","이음5로 15","202508~202708","갱신","사용","25,000","0","아파트"
"40492","인천광역시 서구 원당동","1084-1","1084","0001","검단신도시대방디에트르리버파크","전세","59.9971","202506","28","30,000","0","12","2022","이음1로 332","202508~202708","신규","-","","","아파트"
"40493","인천광역시 강화군 선원면 창리","714","0714","0000","강화서희스타힐스1단지","전세","71.9950","202506","28","19,000","0","7","2024","중앙로 162-31","202508~202708","신규","-","","","아파트"
"40494","인천광역시 강화군 강화읍 관청리","175-1","0175","0001","그랑프리타워","월세","30.8400","202506","28","1,000","45","8","2015","강화대로404번길 7","202508~202708","신규","-","","","아파트"
"40495","인천광역시 강화군 선원면 창리","714","0714","0000","강화서희스타힐스1단지","월세","71.9950","202506","28","3,000","70","18","2024","중앙로 162-31","202508~202708","신규","-","","","아파트"
"40496","인천광역시 서구 청라동","130-2","0130","0002","청라웰카운티1차","전세","84.7379","202506","28","28,000","0","12","2010","청라에메랄드로 156","202507~202707","갱신","-","27,000","0","아파트"
"40497","인천광역시 서구 청라동","83-1","0083","0001","청라국제업무단지센텀대광로제비앙","전세","82.9117","202506","28","32,000","0","5","2018","비즈니스로 166","202507~202707","신규","-","","","아파트"
"40498","인천광역시 서구 청라동","149-2","0149","0002","청라제일풍경채2차에듀앤파크","전세","84.9390","202506","28","38,000","0","18","2017","청라한울로 96","-","-","-","","","아파트"
"40499","인천광역시 서구 청라동","185-1","0185","0001","힐데스하임","월세","59.9435","202506","28","1,500","115","17","2011","청라라임로 17","202508~202708","신규","-","","","아파트"
"40500","인천광역시 서구 청라동","83-1","0083","0001","청라국제업무단지센텀대광로제비앙","전세","82.9117","202506","28","32,000","0","5","2018","비즈니스로 166","202508~202708","신규","-","","","아파트"
"40501","인천광역시 서구 청라동","130-4","0130","0004","호반베르디움앤영무예다음","월세","59.9360","202506","28","2,000","105","21","2011","청라에메랄드로 134","202506~202706","갱신","사용","2,000","100","아파트"
"40502","인천광역시 서구 청라동","173-1","0173","0001","청라29블럭호반베르디움","전세","84.9934","202506","28","35,500","0","30","2012","청라커낼로 163","202508~202708","갱신","사용","34,000","0","아파트"
"40503","인천광역시 서구 청라동","85-1","0085","0001","청라국제금융단지한양수자인레이크블루","월세","84.4945","202506","28","25,000","40","23","2019","청라한내로 132","202507~202601","갱신","-","25,000","25","아파트"
"40504","인천광역시 서구 청라동","156-1","0156","0001","청라센트럴에일린의뜰","전세","84.9704","202506","28","33,000","0","5","2018","청라커낼로 300","202508~202708","갱신","사용","31,500","0","아파트"
"40505","인천광역시 서구 청라동","164-1","0164","0001","청라 엑슬루타워","전세","92.4300","202506","28","33,000","0","34","2011","중봉대로586번길 22","202508~202708","신규","-","","","아파트"
"40506","인천광역시 서구 청라동","154-1","0154","0001","청라더샵레이크파크","전세","100.5900","202506","28","38,000","0","35","2013","크리스탈로74번길 26","202506~202508","갱신","-","38,000","0","아파트"
"40507","인천광역시 서구 불로동","가-","0000","0000","신검단중앙역풍경채어바니티2차","월세","84.7923","202506","28","3,000","120","19","2025","고산후로 305","202508~202708","신규","-","","","아파트"
"40508","인천광역시 서구 원당동","1022-1","1022","0001","우미린더시그니처","전세","84.9732","202506","28","40,000","0","4","2022","이음5로 39","202511~202711","신규","-","","","아파트"
"40509","인천광역시 미추홀구 용현동","664","0664","0000","인천 SK Sky VIEW","전세","84.9801","202506","28","38,000","0","8","2016","용정공원로 33","202508~202708","신규","-","","","아파트"
"40510","인천광역시 중구 신흥동3가","31-13","0031","0013","인천유림노르웨이숲에듀오션","전세","59.8723","202506","28","15,750","0","26","2023","서해대로 278","202507~202707","신규","-","","","아파트"
"40511","인천광역시 중구 운서동","2748-1","2748","0001","풍림아이원2단지1차","월세","59.9919","202506","28","2,000","80","4","2002","영종대로27번길 40","202509~202709","신규","-","","","아파트"
"40512","인천광역시 중구 운서동","2788-6","2788","0006","영종주공스카이빌10단지","월세","59.6400","202506","28","2,000","85","9","2001","흰바위로 34","202508~202708","갱신","-","2,000","80","아파트"
"40513","인천광역시 중구 운서동","2788-6","2788","0006","영종주공스카이빌10단지","월세","59.6400","202506","28","2,000","85","3","2001","흰바위로 34","202507~202707","신규","-","","","아파트"
"40514","인천광역시 중구 운서동","2788-2","2788","0002","영종2차금호베스트빌","월세","84.9701","202506","28","2,000","120","5","2003","흰바위로 14","202508~202608","신규","-","","","아파트"
"40515","인천광역시 중구 운서동","2748-1","2748","0001","풍림아이원2단지1차","월세","59.9919","202506","28","2,000","75","5","2002","영종대로27번길 40","202507~202707","신규","-","","","아파트"
"40516","인천광역시 미추홀구 숭의동","362-19","0362","0019","힐스테이트숭의역","월세","59.9830","202506","28","3,000","110","47","2025","인주대로 5","202507~202607","신규","-","","","아파트"
"40517","인천광역시 미추홀구 숭의동","342-31","0342","0031","대준블루온101동","월세","49.3900","202506","28","1,000","70","11","2016","제물량로24번길 85","202507~202707","신규","-","","","아파트"
"40518","인천광역시 미추홀구 학익동","684-4","0684","0004","대동1","월세","42.7200","202506","28","1,000","45","5","1988","매소홀로 402","202507~202707","신규","-","","","아파트"
"40519","인천광역시 미추홀구 학익동","50","0050","0000","신동아8","전세","84.9600","202506","28","23,000","0","7","1997","매소홀로475번길 60","202507~202702","갱신","-","23,000","0","아파트"
"40520","인천광역시 중구 운남동","1779","1779","0000","영종센트럴푸르지오자이","월세","84.6348","202506","28","2,000","120","16","2019","은하수로 412","202507~202707","신규","-","","","아파트"
"40521","인천광역시 중구 운남동","1550","1550","0000","영종자이","전세","84.6980","202506","28","25,000","0","10","2009","운남서로 7","202509~202709","신규","-","","","아파트"
"40522","인천광역시 중구 중산동","1881-1","1881","0001","하늘도시우미린1단지","월세","59.9600","202506","28","1,000","95","17","2012","은하수로 351","202507~202707","신규","-","","","아파트"
"40523","인천광역시 중구 중산동","1881-1","1881","0001","하늘도시우미린1단지","월세","59.9600","202506","28","1,000","95","27","2012","은하수로 351","202507~202707","신규","-","","","아파트"
"40524","인천광역시 중구 중산동","1881-1","1881","0001","하늘도시우미린1단지","전세","59.9400","202506","28","16,250","0","4","2012","은하수로 351","202507~202607","갱신","사용","15,500","0","아파트"
"40525","인천광역시 중구 중산동","1887-2","1887","0002","영종힐스테이트","전세","83.3720","202506","28","25,000","0","21","2012","하늘별빛로 66","202508~202708","신규","-","","","아파트"
"40526","인천광역시 동구 송현동","165","0165","0000","주공2","전세","59.9200","202506","28","19,000","0","16","2003","송현로 39","202508~202508","신규","-","","","아파트"
"40527","인천광역시 동구 송현동","165","0165","0000","주공2","월세","59.9200","202506","28","3,000","80","9","2003","송현로 39","202507~202707","신규","-","","","아파트"
"40528","인천광역시 중구 중산동","1872-1","1872","0001","영종신명스카이뷰주얼리","전세","57.2930","202506","28","19,000","0","24","2013","하늘달빛로 95","202507~202707","신규","-","","","아파트"
"40529","인천광역시 중구 중산동","1887-1","1887","0001","영종하늘도시한라비발디","월세","139.5524","202506","28","2,000","147","23","2012","하늘별빛로 86","202509~202709","갱신","사용","2,000","140","아파트"
"40530","인천광역시 중구 중산동","1871-3","1871","0003","하늘도시우미린2단지","전세","84.7834","202506","28","21,000","0","15","2012","하늘달빛로 113","202506~202712","갱신","-","21,000","0","아파트"
"40531","인천광역시 미추홀구 용현동","689","0689","0000","용현엘크루윈드포레","전세","74.9000","202506","28","27,000","0","14","2018","낙섬동로 135","202507~202707","신규","-","","","아파트"
"40532","인천광역시 미추홀구 용현동","689","0689","0000","용현엘크루윈드포레","전세","66.9800","202506","28","20,000","0","7","2018","낙섬동로 135","202506~202706","갱신","사용","20,000","0","아파트"
"40533","인천광역시 미추홀구 용현동","664","0664","0000","인천 SK Sky VIEW","월세","59.9936","202506","28","2,000","130","13","2016","용정공원로 33","202508~202708","신규","-","","","아파트"
"40534","인천광역시 미추홀구 용현동","664","0664","0000","인천 SK Sky VIEW","전세","84.9974","202506","28","36,500","0","24","2016","용정공원로 33","202507~202707","갱신","사용","35,000","0","아파트"
"40535","인천광역시 미추홀구 용현동","557-1","0557","0001","유원용현","전세","84.8810","202506","28","19,000","0","15","1989","낙섬중로 102","202509~202709","신규","-","","","아파트"
"40536","인천광역시 중구 운남동","1550","1550","0000","영종자이","월세","127.7293","202506","28","2,000","130","4","2009","운남서로 7","202507~202707","신규","-","","","아파트"
"40537","인천광역시 미추홀구 도화동","1040","1040","0000","주안역미추홀더리브","월세","84.8397","202506","28","3,000","110","12","2023","경인로325번길 27","202507~202707","신규","-","","","아파트"
"40538","인천광역시 미추홀구 도화동","1011","1011","0000","더샵인천스카이타워1단지","전세","84.9353","202506","28","32,500","0","31","2020","숙골로88번길 12","202507~202707","갱신","사용","31,000","0","아파트"
"40539","인천광역시 남동구 간석동","519-4","0519","0004","한진","전세","54.5100","202506","28","12,000","0","9","1981","경인로524번길 16","202508~202708","갱신","사용","12,000","0","아파트"
"40540","인천광역시 남동구 만수동","1115-1","1115","0001","포레시안","월세","59.7100","202506","28","3,000","90","3","2011","만수서로 55","202508~202708","신규","-","","","아파트"
"40541","인천광역시 남동구 만수동","17","0017","0000","만수주공5단지","전세","49.9400","202506","28","12,000","0","5","1987","백범로124번길 127","202506~202706","신규","-","","","아파트"
"40542","인천광역시 남동구 만수동","17","0017","0000","만수주공5단지","전세","32.3900","202506","28","7,000","0","9","1987","백범로124번길 127","202509~202709","신규","-","","","아파트"
"40543","인천광역시 남동구 만수동","29","0029","0000","만수주공2단지","월세","75.5100","202506","28","2,000","80","15","1987","백범로124번길 43","202509~202709","신규","-","","","아파트"
"40544","인천광역시 남동구 간석동","938-1","0938","0001","어울림마을","전세","84.9600","202506","28","30,000","0","12","2005","석산로 138","202508~202708","갱신","-","29,000","0","아파트"
"40545","인천광역시 남동구 간석동","938-1","0938","0001","어울림마을","전세","59.8700","202506","28","25,000","0","3","2005","석산로 138","202509~202708","갱신","-","23,000","0","아파트"
"40546","인천광역시 남동구 간석동","501","0501","0000","극동","전세","46.7400","202506","28","14,500","0","6","1989","구월로 78","202507~202707","갱신","사용","14,500","0","아파트"
"40547","인천광역시 남동구 간석동","214-15","0214","0015","웰스하임","월세","18.9700","202506","28","500","45","6","2014","백범로 381","202507~202607","신규","-","","","아파트"
"40548","인천광역시 남동구 간석동","893-1","0893","0001","우성","전세","84.9700","202506","28","24,000","0","11","1990","방축로 501","202506~202706","갱신","사용","23,000","0","아파트"
"40549","인천광역시 남동구 서창동","682","0682","0000","서창센트럴푸르지오","월세","74.9800","202506","28","5,000","105","9","2018","서창남순환로 55","202509~202609","갱신","사용","5,000","100","아파트"
"40550","인천광역시 남동구 서창동","702","0702","0000","호반베르디움","월세","84.7403","202506","28","5,000","140","11","2017","서창남순환로 200","202507~202707","신규","-","","","아파트"
"40551","인천광역시 남동구 구월동","23","0023","0000","구월힐스테이트1단지","전세","83.9829","202506","28","34,000","0","20","2007","구월로 192","202508~202908","신규","-","","","아파트"
"40552","인천광역시 남동구 구월동","23","0023","0000","구월힐스테이트1단지","월세","83.7769","202506","28","5,000","110","9","2007","구월로 192","202510~202609","갱신","-","5,000","100","아파트"
"40553","인천광역시 남동구 구월동","24","0024","0000","롯데캐슬골드","전세","83.9829","202506","28","32,000","0","18","2007","호구포로 803","202508~202708","신규","-","","","아파트"
"40554","인천광역시 남동구 구월동","1513","1513","0000","구월아시아드선수촌5단지","전세","84.9400","202506","28","37,000","0","4","2015","선수촌로 56","202508~202708","신규","-","","","아파트"
"40555","인천광역시 남동구 구월동","24","0024","0000","롯데캐슬골드","월세","84.8114","202506","28","10,000","84","2","2007","호구포로 803","202506~202706","갱신","사용","10,000","80","아파트"
"40556","인천광역시 남동구 구월동","23","0023","0000","구월힐스테이트1단지","월세","83.7769","202506","28","5,000","110","9","2007","구월로 192","-","-","-","","","아파트"
"40557","인천광역시 남동구 구월동","23","0023","0000","구월힐스테이트1단지","전세","83.9829","202506","28","26,250","0","6","2007","구월로 192","202507~202707","갱신","사용","25,000","0","아파트"
"40558","인천광역시 남동구 구월동","1160","1160","0000","송정","월세","40.2000","202506","28","500","45","6","1988","남동대로725번길 31","202507~202707","신규","-","","","아파트"
"40559","인천광역시 남동구 구월동","24","0024","0000","롯데캐슬골드","월세","83.8726","202506","28","7,000","100","20","2007","호구포로 803","202507~202707","신규","-","","","아파트"
"40560","인천광역시 남동구 구월동","24","0024","0000","롯데캐슬골드","월세","59.9000","202506","28","4,000","100","11","2007","호구포로 803","202507~202707","신규","-","","","아파트"
"40561","인천광역시 남동구 구월동","23","0023","0000","구월힐스테이트1단지","월세","83.9829","202506","28","3,000","125","15","2007","구월로 192","202508~202708","신규","-","","","아파트"
"40562","인천광역시 남동구 구월동","1636","1636","0000","한화포레나인천구월","전세","59.9847","202506","28","31,000","0","5","2023","용천로105번길 8","202508~202708","신규","-","","","아파트"
"40563","인천광역시 연수구 송도동","396-1","0396","0001","송도LuxeOceanSKVIEW","전세","84.9620","202506","28","35,000","0","14","2025","랜드마크로 350","202507~202707","신규","-","","","아파트"
"40564","인천광역시 연수구 송도동","9-31","0009","0031","송도웰카운티1단지","월세","84.9700","202506","28","3,000","150","6","2008","해송로 143","202508~202605","신규","-","","","아파트"
"40565","인천광역시 미추홀구 주안동","1487-4","1487","0004","현광","월세","40.5000","202506","28","500","35","3","1987","인주대로434번길 30","202507~202707","신규","-","","","아파트"
"40566","인천광역시 연수구 송도동","101","0101","0000","송도더샵퍼스트파크F14BL","전세","84.9400","202506","28","42,000","0","31","2017","컨벤시아대로252번길 50","202507~202707","갱신","사용","40,000","0","아파트"
"40567","인천광역시 연수구 송도동","191-4","0191","0004","송도에듀포레푸르지오","월세","59.8590","202506","28","3,000","140","11","2016","송도문화로84번길 24","202508~202608","신규","-","","","아파트"
"40568","인천광역시 연수구 송도동","21-60","0021","0060","인천송도힐스테이트4단지","월세","170.0550","202506","28","20,000","250","16","2011","컨벤시아대로 80","202505~202705","신규","-","","","아파트"
"40569","인천광역시 연수구 송도동","396-1","0396","0001","송도LuxeOceanSKVIEW","월세","84.9577","202506","28","3,000","150","26","2025","랜드마크로 350","202508~202708","신규","-","","","아파트"
"40570","인천광역시 연수구 송도동","397-2","0397","0002","힐스테이트레이크송도4차","전세","84.9900","202506","28","40,000","0","5","2025","아카데미로312번길 31","202509~202709","신규","-","","","아파트"
"40571","인천광역시 연수구 송도동","19-3","0019","0003","송도더샵그린워크3차(18-1블럭)","월세","84.7300","202506","28","4,000","145","12","2015","컨벤시아대로130번길 100","202508~202608","갱신","-","4,000","140","아파트"
"40572","인천광역시 연수구 송도동","396-1","0396","0001","송도LuxeOceanSKVIEW","전세","84.9577","202506","28","38,000","0","14","2025","랜드마크로 350","202508~202708","신규","-","","","아파트"
"40573","인천광역시 연수구 송도동","105-2","0105","0002","더샵송도센터니얼","월세","84.9800","202506","28","5,000","175","13","2023","컨벤시아대로274번길 62","202508~202708","신규","-","","","아파트"
"40574","인천광역시 연수구 송도동","112","0112","0000","송도더샵마스터뷰23-1BL","전세","84.9200","202506","28","34,000","0","20","2015","컨벤시아대로274번길 15","202508~202604","갱신","사용","33,500","0","아파트"
"40575","인천광역시 미추홀구 주안동","1662","1662","0000","주안파크자이더플래티넘","전세","73.9559","202506","28","24,000","0","4","2023","인하로222번길 20","202506~202706","갱신","-","24,000","0","아파트"
"40576","인천광역시 미추홀구 주안동","1678","1678","0000","힐스테이트푸르지오주안","전세","74.9700","202506","28","30,450","0","39","2023","남주길 150","202508~202708","갱신","사용","29,000","0","아파트"
"40577","인천광역시 미추홀구 주안동","1678","1678","0000","힐스테이트푸르지오주안","전세","59.9600","202506","28","22,050","0","15","2023","남주길 150","202507~202707","갱신","사용","21,000","0","아파트"
"40578","인천광역시 미추홀구 주안동","1556-59","1556","0059","캐슬앤더샵","전세","59.6438","202506","28","25,000","0","24","2022","경원대로780번길 22","202508~202708","신규","-","","","아파트"
"40579","인천광역시 미추홀구 주안동","1556-59","1556","0059","캐슬앤더샵","전세","59.9789","202506","28","25,000","0","12","2022","경원대로780번길 22","202508~202801","신규","-","","","아파트"
"40580","인천광역시 미추홀구 주안동","1556-59","1556","0059","캐슬앤더샵","월세","59.9789","202506","28","2,000","120","35","2022","경원대로780번길 22","202509~202709","신규","-","","","아파트"
"40581","인천광역시 미추홀구 주안동","1678","1678","0000","힐스테이트푸르지오주안","전세","59.9800","202506","28","25,200","0","7","2023","남주길 150","202508~202707","갱신","사용","24,000","0","아파트"
"40582","인천광역시 연수구 연수동","582-2","0582","0002","승기마을,연수1차시영","월세","26.8200","202506","28","500","40","12","1992","원인재로 212","202506~202706","신규","-","","","아파트"
"40583","인천광역시 연수구 송도동","308-1","0308","0001","더샵송도마리나베이","전세","84.9766","202506","28","36,750","0","28","2020","랜드마크로 160","202508~202712","갱신","사용","35,000","0","아파트"
"40584","인천광역시 연수구 송도동","105-2","0105","0002","더샵송도센터니얼","월세","84.9800","202506","28","5,000","175","13","2023","컨벤시아대로274번길 62","202508~202708","신규","-","","","아파트"
"40585","인천광역시 연수구 송도동","155","0155","0000","송도아메리칸타운아이파크","전세","72.5170","202506","28","37,000","0","4","2018","송도과학로27번길 15","202508~202708","신규","-","","","아파트"
"40586","인천광역시 연수구 송도동","192-1","0192","0001","더샵그린스퀘어","전세","64.6999","202506","28","32,000","0","2","2014","송도문화로28번길 81","202507~202707","신규","-","","","아파트"
"40587","인천광역시 연수구 동춘동","929","0929","0000","풍림2","전세","45.3600","202506","28","14,500","0","1","1993","경원대로119번길 21","202506~202706","갱신","사용","14,000","0","아파트"
"40588","인천광역시 연수구 동춘동","924","0924","0000","대림","전세","101.7000","202506","28","28,350","0","13","1993","먼우금로 126","202508~202708","갱신","-","27,000","0","아파트"
"40589","인천광역시 연수구 연수동","533","0533","0000","연수주공2차","전세","49.9400","202506","28","11,550","0","1","1992","원인재로 315","202507~202707","갱신","사용","11,000","0","아파트"
"40590","인천광역시 연수구 연수동","582-2","0582","0002","솔밭마을아파트","전세","49.5600","202506","28","15,400","0","5","1993","원인재로 232","202509~202609","갱신","사용","14,700","0","아파트"
"40591","인천광역시 연수구 연수동","577","0577","0000","영남","전세","84.8000","202506","28","20,000","0","1","1992","새말로 111","202506~202708","갱신","-","17,600","0","아파트"
"40592","인천광역시 연수구 연수동","634","0634","0000","우성2","전세","40.5000","202506","28","17,000","0","10","1995","원인재로 180","202507~202707","신규","-","","","아파트"
"40593","인천광역시 미추홀구 주안동","20-11","0020","0011","삼영(1,2동)","전세","66.5500","202506","28","6,000","0","4","1978","염창로 129","202506~202706","신규","-","","","아파트"
"40594","인천광역시 미추홀구 주안동","1628","1628","0000","주안역센트레빌","전세","59.9712","202506","28","31,000","0","21","2021","염전로 414","202508~202708","신규","-","","","아파트"
"40595","인천광역시 미추홀구 주안동","1628","1628","0000","주안역센트레빌","전세","59.9813","202506","28","30,000","0","26","2021","염전로 414","202508~202708","신규","-","","","아파트"
"40596","인천광역시 미추홀구 주안동","1614","1614","0000","월드스테이트(201~205)","전세","84.9750","202506","28","36,000","0","10","2008","경원대로864번길 114","202508~202708","신규","-","","","아파트"
"40597","인천광역시 미추홀구 주안동","1678","1678","0000","힐스테이트푸르지오주안","전세","74.9700","202506","28","35,000","0","38","2023","남주길 150","202508~202708","신규","-","","","아파트"
"40598","인천광역시 미추홀구 주안동","1443","1443","0000","남광로얄","월세","75.4500","202506","28","1,000","40","5","1980","인주대로366번길 23","202508~202708","신규","-","","","아파트"
"40599","인천광역시 미추홀구 주안동","1662","1662","0000","주안파크자이더플래티넘","월세","59.9600","202506","28","2,000","120","3","2023","인하로222번길 20","202507~202707","신규","-","","","아파트"
"40600","인천광역시 미추홀구 주안동","1662","1662","0000","주안파크자이더플래티넘","월세","59.9145","202506","28","3,000","125","20","2023","인하로222번길 20","202507~202707","신규","-","","","아파트"
"40601","인천광역시 미추홀구 주안동","1678","1678","0000","힐스테이트푸르지오주안","전세","59.7200","202506","28","21,000","0","26","2023","남주길 150","202508~202708","갱신","사용","20,000","0","아파트"
"40602","인천광역시 미추홀구 주안동","174-3","0174","0003","이스트힐","월세","17.6139","202506","28","3,000","35","11","2017","미추홀대로 706","202507~202707","신규","-","","","아파트"
"40603","인천광역시 연수구 송도동","112","0112","0000","송도더샵마스터뷰23-1BL","전세","84.9200","202506","28","34,000","0","20","2015","컨벤시아대로274번길 15","202508~202604","갱신","-","33,500","0","아파트"
"40604","인천광역시 연수구 송도동","150","0150","0000","롯데캐슬","월세","110.2530","202506","28","8,000","170","23","2012","송도과학로27번길 70","202508~202708","신규","-","","","아파트"
"40605","인천광역시 연수구 송도동","396-1","0396","0001","송도LuxeOceanSKVIEW","전세","84.9620","202506","28","35,000","0","14","2025","랜드마크로 350","202507~202707","신규","-","","","아파트"
"40606","인천광역시 미추홀구 관교동","13-6","0013","0006","삼환1(관교삼환나우빌)","월세","132.9800","202506","28","4,000","130","9","1992","주승로 223","202509~202509","신규","-","","","아파트"
"40607","인천광역시 연수구 청학동","451","0451","0000","시대","전세","49.5850","202506","28","15,000","0","9","1994","용담로 3","202507~202707","신규","-","","","아파트"
"40608","인천광역시 연수구 청학동","451","0451","0000","시대","월세","35.7430","202506","28","2,000","50","13","1994","용담로 3","202507~202707","신규","-","","","아파트"
"40609","인천광역시 연수구 송도동","315-1","0315","0001","송도SKVIEW","월세","84.6541","202506","28","3,000","116","21","2019","랜드마크로 19","202507~202707","갱신","사용","3,000","110","아파트"
"40610","인천광역시 연수구 송도동","319-1","0319","0001","e편한세상송도","전세","70.5618","202506","28","27,000","0","14","2018","랜드마크로 113","202508~202708","신규","-","","","아파트"
"40611","인천광역시 연수구 송도동","19-5","0019","0005","송도푸르지오하버뷰","전세","150.9032","202506","28","73,500","0","19","2011","컨벤시아대로130번길 80","-","-","-","","","아파트"
"40612","인천광역시 연수구 송도동","396-11","0396","0011","송도자이더스타","월세","84.9282","202506","28","5,000","160","2","2024","아카데미로343번길 63","202507~202707","신규","-","","","아파트"
"40613","인천광역시 연수구 송도동","396-11","0396","0011","송도자이더스타","월세","84.9282","202506","28","5,000","160","2","2024","아카데미로343번길 63","-","-","-","","","아파트"
"40614","인천광역시 연수구 송도동","3-44","0003","0044","송도한진해모로","전세","152.4625","202506","28","40,000","0","14","2006","해돋이로6번길 33","202508~202708","신규","-","","","아파트"
"40615","인천광역시 연수구 송도동","311","0311","0000","랜드마크시티센트럴더샵","전세","84.7966","202506","28","34,000","0","28","2020","랜드마크로 68","202508~202708","신규","-","","","아파트"
"40616","인천광역시 연수구 송도동","114","0114","0000","더샵송도프라임뷰25BL","전세","144.9200","202506","28","90,000","0","6","2021","인천타워대로231번길 117","202508~202708","신규","-","","","아파트"
"40617","인천광역시 연수구 옥련동","643-2","0643","0002","풍림","전세","59.9600","202506","28","16,000","0","8","1998","비류대로186번길 20","202506~202706","갱신","-","15,500","0","아파트"
"40618","인천광역시 부평구 부평동","497-2","0497","0002","삼진","월세","48.5900","202506","28","1,000","40","1","1983","부일로 24","202507~202707","신규","-","","","아파트"
"40619","인천광역시 부평구 부평동","1002","1002","0000","인천부평우미린더센트럴","전세","84.5824","202506","28","45,000","0","25","2023","부흥북로 89","202508~202708","신규","-","","","아파트"
"40620","인천광역시 부평구 부평동","947","0947","0000","래미안부평","월세","84.9630","202506","28","26,000","50","5","2014","길주남로10번길 21","202507~202707","신규","-","","","아파트"
"40621","인천광역시 부평구 부평동","956","0956","0000","부평역한라비발디트레비앙","전세","84.8660","202506","28","38,000","0","5","2023","동수북로 188","202507~202707","신규","-","","","아파트"
"40622","인천광역시 부평구 십정동","642","0642","0000","힐스테이트부평","전세","84.9900","202506","28","34,500","0","33","2023","경원대로 1192","202507~202707","갱신","-","33,000","0","아파트"
"40623","인천광역시 부평구 십정동","182-95","0182","0095","대주파크빌","전세","84.5030","202506","28","24,150","0","12","2001","마장로 49","202509~202709","갱신","사용","23,000","0","아파트"
"40624","인천광역시 부평구 산곡동","510","0510","0000","부평산곡푸르지오","월세","84.3700","202506","28","4,000","150","14","2011","안남로 269","202507~202707","신규","-","","","아파트"
"40625","인천광역시 부평구 산곡동","518","0518","0000","부평샬레아넬리스","전세","84.9819","202506","28","31,000","0","7","2019","원적로 238","202509~202709","신규","-","","","아파트"
"40626","인천광역시 부평구 십정동","630","0630","0000","더샵부평센트럴시티","월세","59.8032","202506","28","10,000","55","9","2022","열우물로 90","202509~202709","갱신","-","10,000","53","아파트"
"40627","인천광역시 부평구 십정동","642","0642","0000","힐스테이트부평","전세","84.9900","202506","28","36,750","0","19","2023","경원대로 1192","202508~202708","갱신","사용","35,000","0","아파트"
"40628","인천광역시 부평구 십정동","642","0642","0000","힐스테이트부평","월세","59.9900","202506","28","10,000","80","20","2023","경원대로 1192","202506~202706","갱신","사용","10,000","70","아파트"
"40629","인천광역시 남동구 논현동","764-4","0764","0004","논현유승한내들","월세","56.1574","202506","28","3,000","100","36","2018","에코중앙로66번길 6","202507~202602","신규","-","","","아파트"
"40630","인천광역시 남동구 논현동","563-3","0563","0003","주공2단지","전세","48.4500","202506","28","15,000","0","4","1998","함박뫼로 439","202507~202702","갱신","사용","15,000","0","아파트"
"40631","인천광역시 남동구 논현동","766-1","0766","0001","에코메트로9","전세","150.7770","202506","28","44,000","0","50","2011","에코중앙로 96","202508~202708","갱신","-","40,000","0","아파트"
"40632","인천광역시 남동구 논현동","563-3","0563","0003","주공2단지","월세","48.4500","202506","28","5,000","50","8","1998","함박뫼로 439","202510~202710","신규","-","","","아파트"
"40633","인천광역시 남동구 논현동","604-1","0604","0001","냇마을신영지웰(9단지)","전세","131.8954","202506","28","34,500","0","10","2007","소래역로 93","202508~202708","신규","-","","","아파트"
"40634","인천광역시 부평구 산곡동","307","0307","0000","현대1차","전세","84.6000","202506","28","19,500","0","6","1986","경원대로 1269","202507~202707","갱신","사용","19,000","0","아파트"
"40635","인천광역시 남동구 논현동","773-1","0773","0001","에코메트로10","전세","169.6680","202506","28","54,000","0","6","2010","아암대로1503번길 21","202507~202707","신규","-","","","아파트"
"40636","인천광역시 부평구 부개동","501-1","0501","0001","부개주공6","전세","84.7900","202506","28","29,400","0","11","1997","부개로 12","202506~202706","갱신","사용","28,000","0","아파트"
"40637","인천광역시 부평구 부개동","477","0477","0000","욱일","월세","51.0100","202506","28","1,000","50","6","1988","장제로 234","202507~202707","신규","-","","","아파트"
"40638","인천광역시 부평구 삼산동","440-1","0440","0001","삼산타운주공1단지","전세","51.8600","202506","28","29,000","0","5","2005","굴포로 105","202508~202708","신규","-","","","아파트"
"40639","인천광역시 부평구 삼산동","205","0205","0000","정광","월세","43.7100","202506","28","1,000","45","1","1989","후정동로 17","202507~202707","신규","-","","","아파트"
"40640","인천광역시 남동구 논현동","764-4","0764","0004","논현유승한내들","전세","56.8743","202506","28","24,000","0","23","2018","에코중앙로66번길 6","202510~202710","갱신","사용","23,000","0","아파트"
"40641","인천광역시 부평구 부평동","956","0956","0000","부평역한라비발디트레비앙","전세","59.8840","202506","28","27,300","0","3","2023","동수북로 188","202507~202707","갱신","사용","26,000","0","아파트"
"40642","인천광역시 부평구 부개동","477-3","0477","0003","뉴서울","전세","46.6800","202506","28","17,000","0","5","1989","충선로 191","202505~202606","갱신","-","16,500","0","아파트"
"40643","인천광역시 부평구 청천동","300","0300","0000","삼익","전세","61.3800","202506","28","17,000","0","6","1986","부평대로167번길 43","202510~202710","갱신","사용","17,000","0","아파트"
"40644","인천광역시 부평구 갈산동","359","0359","0000","주공1단지","월세","49.9400","202506","28","2,000","75","14","1992","굴포로 81","202507~202707","신규","-","","","아파트"
"40645","인천광역시 부평구 갈산동","359","0359","0000","주공1단지","월세","49.9400","202506","28","2,000","75","14","1992","굴포로 81","202507~202707","신규","-","","","아파트"
"40646","인천광역시 부평구 갈산동","359","0359","0000","주공1단지","월세","38.6400","202506","28","1,000","60","9","1992","굴포로 81","202507~202707","갱신","사용","1,000","60","아파트"
"40647","인천광역시 부평구 청천동","236","0236","0000","대진","전세","64.8000","202506","28","20,000","0","1","1985","원길로 12","202506~202906","갱신","-","20,000","0","아파트"
"40648","인천광역시 남동구 논현동","564-1","0564","0001","주공1단지","월세","48.8700","202506","28","3,000","53","11","1998","호구포로 294","202509~202709","신규","-","","","아파트"
"40649","인천광역시 부평구 부평동","1017","1017","0000","부평역해링턴플레이스","월세","59.9290","202506","28","5,000","110","8","2024","동수로 36","202507~202707","신규","-","","","아파트"
"40650","인천광역시 부평구 부평동","431-22","0431","0022","씨티원","전세","34.1900","202506","28","12,100","0","12","2016","부평대로 124","202506~202706","신규","-","","","아파트"
"40651","인천광역시 부평구 청천동","456","0456","0000","e편한세상부평그랑힐스","전세","67.8698","202506","28","40,000","0","6","2024","산청로 97","202508~202708","신규","-","","","아파트"
"40652","인천광역시 부평구 부개동","477-3","0477","0003","뉴서울","월세","39.4800","202506","28","1,000","60","6","1989","충선로 191","202508~202708","신규","-","","","아파트"
"40653","인천광역시 부평구 부개동","496-2","0496","0002","부개주공1","전세","59.9300","202506","28","22,000","0","7","1996","길주남로 143","202507~202707","갱신","-","22,000","0","아파트"
"40654","인천광역시 부평구 청천동","456","0456","0000","e편한세상부평그랑힐스","월세","67.8698","202506","28","4,000","140","15","2024","산청로 97","202508~202708","신규","-","","","아파트"
"40655","인천광역시 부평구 부개동","525","0525","0000","부개역코오롱하늘채","전세","84.9459","202506","28","40,900","0","14","2021","부평문화로 216","202506~202706","갱신","사용","39,000","0","아파트"
"40656","인천광역시 부평구 부개동","477-1","0477","0001","대동","전세","48.4800","202506","28","12,000","0","2","1988","길주로 640","202507~202707","갱신","사용","12,000","0","아파트"
"40657","인천광역시 부평구 부개동","65-1","0065","0001","비둘기","월세","51.4000","202506","28","1,000","50","4","1982","부흥로385번길 30","202508~202708","신규","-","","","아파트"
"40658","인천광역시 부평구 부개동","477","0477","0000","욱일","월세","51.0100","202506","28","1,000","60","1","1988","장제로 234","202507~202707","신규","-","","","아파트"
"40659","인천광역시 부평구 부개동","380","0380","0000","한일","월세","61.4700","202506","28","2,000","55","4","1984","항동로45번길 53-17","202508~202708","신규","-","","","아파트"
"40660","인천광역시 남동구 논현동","773-1","0773","0001","에코메트로10","전세","169.6680","202506","28","54,000","0","6","2010","아암대로1503번길 21","202507~202607","신규","-","","","아파트"
"40661","인천광역시 부평구 부평동","1017","1017","0000","부평역해링턴플레이스","전세","59.9290","202506","28","30,000","0","29","2024","동수로 36","202508~202707","신규","-","","","아파트"
"40662","인천광역시 남동구 논현동","756-1","0756","0001","에코메트로6","전세","84.9920","202506","28","30,450","0","11","2010","아암대로1503번길 98","202508~202704","갱신","사용","29,000","0","아파트"
"40663","인천광역시 부평구 부평동","70-5","0070","0005","동아(1차)","월세","52.4300","202506","28","2,000","70","15","1986","부평문화로 37","202509~202709","신규","-","","","아파트"
"40664","인천광역시 부평구 부평동","70-5","0070","0005","동아(1차)","월세","52.4300","202506","28","2,000","70","15","1986","부평문화로 37","202508~202708","신규","-","","","아파트"
"40665","인천광역시 서구 가좌동","611","0611","0000","인천가좌두산위브트레지움1,2단지","월세","59.7800","202506","28","5,000","75","9","2017","여우재로 119","202507~202707","신규","-","","","아파트"
"40666","인천광역시 서구 당하동","1113-1","1113","0001","당하KCC스위첸","전세","84.9970","202506","28","24,150","0","18","2005","청마로 124","202508~202708","갱신","사용","23,000","0","아파트"
"40667","인천광역시 서구 당하동","1027-3","1027","0003","원당동문굿모닝힐","전세","74.1400","202506","28","19,950","0","14","2004","원당대로820번길 3","202508~202708","갱신","사용","19,000","0","아파트"
"40668","인천광역시 서구 검암동","605-1","0605","0001","신명스카이뷰3차","전세","59.8809","202506","28","18,900","0","7","2004","승학로471번길 7","202507~202707","갱신","-","18,000","0","아파트"
"40669","인천광역시 계양구 병방동","432-3","0432","0003","학마을서원","월세","59.9400","202506","28","2,000","95","14","1997","용종로 123","202508~202708","신규","-","","","아파트"
"40670","인천광역시 계양구 병방동","432-5","0432","0005","학마을서해","전세","59.7900","202506","28","23,000","0","8","1997","장제로 878","202509~202709","신규","-","","","아파트"
"40671","인천광역시 서구 당하동","1037-3","1037","0003","금호어울림1차","전세","84.9917","202506","28","26,000","0","8","2004","고산후로78번길 9","202508~202708","신규","-","","","아파트"
"40672","인천광역시 서구 당하동","895-1","0895","0001","탑스빌(영남,신대진,성웅)아파트","월세","84.9400","202506","28","6,000","75","3","1998","서곶로 818","202507~202707","신규","-","","","아파트"
"40673","인천광역시 서구 당하동","1318-6","1318","0006","검단신도시디에트르더펠리체","월세","75.6522","202506","28","10,000","68","7","2022","이음2로 30","202507~202707","신규","-","","","아파트"
"40674","인천광역시 계양구 효성동","677","0677","0000","e편한세상 계양 더프리미어","전세","59.8883","202506","28","34,000","0","15","2021","효서로 145","202508~202708","신규","-","","","아파트"
"40675","인천광역시 부평구 일신동","410","0410","0000","일신주공아파트(100~112동)","월세","59.9700","202506","28","2,000","75","3","1995","항동로75번길 11","202509~202709","신규","-","","","아파트"
"40676","인천광역시 계양구 계산동","55-1","0055","0001","동남(55-1)","월세","55.5300","202506","28","2,000","50","5","1990","주부토로532번길 38","202508~202708","신규","-","","","아파트"
"40677","인천광역시 계양구 계산동","348-2","0348","0002","하나","월세","37.1700","202506","28","500","45","1","1988","경명대로1114번길 6","202507~202707","신규","-","","","아파트"
"40678","인천광역시 서구 당하동","1314-2","1314","0002","호반써밋프라임뷰","전세","72.5525","202506","28","28,875","0","13","2022","이음2로 70","202506~202706","갱신","사용","27,500","0","아파트"
"40679","인천광역시 서구 당하동","1099-3","1099","0003","당하풍림아이원1차","전세","59.9841","202506","28","19,000","0","4","2004","청마로 160","202507~202707","갱신","-","5,000","50","아파트"
"40680","인천광역시 서구 당하동","1067-1","1067","0001","검단SKVIEW","전세","74.9042","202506","28","33,000","0","17","2017","독정로 17","202509~202709","신규","-","","","아파트"
"40681","인천광역시 서구 당하동","1235","1235","0000","아라역금강펜테리움더시글로1차","월세","84.9679","202506","28","5,000","150","18","2024","원당대로 966","202508~202708","신규","-","","","아파트"
"40682","인천광역시 서구 당하동","1305-1","1305","0001","우미린파크뷰1단지","월세","59.9380","202506","28","4,200","85","12","2023","이음2로 89","202508~202703","갱신","-","3,000","85","아파트"
"40683","인천광역시 서구 당하동","1316-2","1316","0002","검단신도시대성베르힐라프리미어","전세","110.3995","202506","28","35,000","0","13","2022","이음1로 154","202508~202708","신규","-","","","아파트"
"40684","인천광역시 서구 검암동","605-1","0605","0001","신명스카이뷰3차","전세","59.8809","202506","28","18,900","0","7","2004","승학로471번길 7","202507~202707","갱신","-","18,000","0","아파트"
"40685","인천광역시 계양구 귤현동","531","0531","0000","계양센트레빌1단지","전세","84.9220","202506","28","26,250","0","13","2013","형제봉길 100","202506~202606","갱신","-","25,000","0","아파트"
"40686","인천광역시 서구 당하동","1316-1","1316","0001","예미지더시그너스","전세","102.7897","202506","28","36,000","0","14","2023","이음1로 136","202508~202708","신규","-","","","아파트"
"40687","인천광역시 서구 당하동","1314","1314","0000","검단신안인스빌어반퍼스트","전세","94.9550","202506","28","31,000","0","2","2022","이음1로 173","202509~202709","갱신","사용","30,000","0","아파트"
"40688","인천광역시 계양구 효성동","33-2","0033","0002","두산","전세","59.9300","202506","28","17,850","0","15","1997","안남로573번길 18","202507~202707","갱신","사용","17,000","0","아파트"
"40689","인천광역시 서구 당하동","1037-3","1037","0003","금호어울림1차","전세","84.9917","202506","28","25,000","0","4","2004","고산후로78번길 9","202507~202707","신규","-","","","아파트"
"40690","인천광역시 계양구 병방동","433-1","0433","0001","학마을한진","전세","49.7700","202506","28","18,000","0","15","1998","용종로 124","202508~202708","신규","-","","","아파트"
"40691","인천광역시 계양구 용종동","207-1","0207","0001","인천계양코아루센트럴파크","전세","59.9900","202506","28","31,800","0","3","2017","계양문화로 119","202509~202709","신규","-","","","아파트"
"40692","인천광역시 서구 가정동","341-13","0341","0013","하나1","월세","59.5500","202506","28","2,000","50","2","1989","봉오대로318번길 18","202507~202707","신규","-","","","아파트"
"40693","인천광역시 계양구 작전동","949","0949","0000","작전역서해그랑블","전세","59.9887","202506","28","26,000","0","17","2020","아나지로247번길 22","202506~202706","갱신","사용","25,000","0","아파트"
"40694","인천광역시 서구 당하동","1272-2","1272","0002","유승한내들 에듀파크","전세","92.2153","202506","28","34,000","0","10","2021","이음3로 130","202507~202707","신규","-","","","아파트"
"40695","인천광역시 서구 당하동","1031","1031","0000","원당풍림아이원","전세","74.0892","202506","28","20,000","0","14","2004","원당대로840번길 21","202508~202708","신규","-","","","아파트"
"40696","인천광역시 계양구 작전동","912-3","0912","0003","도두리마을동보","월세","59.8800","202506","28","13,500","40","16","1996","도두리로 52","202507~202707","신규","-","","","아파트"
"40697","인천광역시 서구 백석동","가-","0000","0000","검암역로열파크씨티푸르지오2단지","전세","74.0021","202506","28","31,500","0","15","2023","한들로 73","202506~202707","갱신","사용","30,000","0","아파트"
"40698","인천광역시 서구 신현동","306-1","0306","0001","루원시티센트럴타운","전세","84.6600","202506","28","28,350","0","6","2017","봉오재1로 36","202508~202708","갱신","사용","27,000","0","아파트"
"40699","인천광역시 서구 마전동","1131-1","1131","0001","검단 양우내안애 퍼스트힐","전세","59.9575","202506","28","23,000","0","1","2022","검단로609번길 23","202508~202708","신규","-","","","아파트"
"40700","인천광역시 서구 신현동","200-4","0200","0004","원흥","월세","66.4000","202506","28","3,000","60","12","1991","율도로15번길 26-8","202508~202805","신규","-","","","아파트"
"40701","인천광역시 서구 가좌동","30-2","0030","0002","진주1","월세","47.4400","202506","28","3,000","40","11","1983","원적로 82","202511~202711","신규","-","","","아파트"
"40702","인천광역시 서구 가좌동","217","0217","0000","신현대","전세","84.9650","202506","28","25,000","0","15","1995","원적로47번길 35","202510~202710","신규","-","","","아파트"
"40703","인천광역시 서구 가정동","341-14","0341","0014","하나2","전세","84.9900","202506","28","18,000","0","5","1992","봉오대로318번길 23","202508~202708","신규","-","","","아파트"
"40704","인천광역시 계양구 병방동","433-1","0433","0001","학마을한진","월세","49.7700","202506","28","2,000","75","8","1998","용종로 124","202507~202707","신규","-","","","아파트"
"40705","인천광역시 계양구 병방동","433-1","0433","0001","학마을한진","월세","49.7700","202506","28","2,000","68","1","1998","용종로 124","202508~202708","신규","-","","","아파트"
"40706","인천광역시 계양구 병방동","432-5","0432","0005","학마을서해","월세","26.0100","202506","28","500","45","2","1997","장제로 878","202508~202708","신규","-","","","아파트"
"40707","인천광역시 계양구 병방동","432-3","0432","0003","학마을서원","전세","59.9400","202506","28","20,500","0","9","1997","용종로 123","202508~202708","갱신","사용","20,500","0","아파트"
"40708","인천광역시 계양구 용종동","228-1","0228","0001","초정마을하나","전세","84.9900","202506","28","30,100","0","13","1997","계양문화로 168","202508~202707","갱신","-","30,000","0","아파트"
"40709","인천광역시 서구 가정동","가-","0000","0000","루원시티SKLeaders'VIEW","전세","84.6013","202506","28","31,500","0","32","2022","가정로 437","202508~202708","신규","-","","","아파트"
"40710","인천광역시 서구 백석동","가-","0000","0000","검암역로열파크씨티푸르지오2단지","전세","84.9785","202506","28","31,500","0","36","2023","한들로 73","202507~202707","갱신","사용","30,000","0","아파트"
"40711","인천광역시 서구 당하동","1233-1","1233","0001","아라역금강펜테리움더시글로2차","전세","84.9840","202506","27","33,000","0","13","2025","원당대로 938","202507~202707","신규","-","","","아파트"
"40712","인천광역시 서구 석남동","499","0499","0000","태산","월세","36.5200","202506","27","500","45","1","1989","가정로262번길 19","202507~202707","신규","-","","","아파트"
"40713","인천광역시 계양구 작전동","111","0111","0000","작전현대1차","월세","71.1750","202506","27","1,680","77","11","1990","봉오대로743번길 8","202508~202708","신규","-","","","아파트"
"40714","인천광역시 계양구 작전동","915-1","0915","0001","까치마을한진","전세","37.3800","202506","27","12,500","0","7","1997","효서로 393","202507~202707","갱신","-","12,000","0","아파트"
"40715","인천광역시 계양구 작전동","420","0420","0000","미도아파트","전세","84.9500","202506","27","26,000","0","8","1990","아나지로299번길 17","202510~202710","신규","-","","","아파트"
"40716","인천광역시 계양구 작전동","915-1","0915","0001","까치마을태화","전세","37.3800","202506","27","11,500","0","17","1997","효서로 393","202507~202707","갱신","-","10,500","0","아파트"
"40717","인천광역시 계양구 작전동","864-17","0864","0017","팬더(864-17)","전세","54.7400","202506","27","10,000","0","4","1990","봉오대로651번길 8","202508~202708","신규","-","","","아파트"
"40718","인천광역시 계양구 작전동","953","0953","0000","힐스테이트자이계양","월세","84.8100","202506","27","5,000","180","6","2024","봉오대로651번길 9","202507~202707","신규","-","","","아파트"
"40719","인천광역시 계양구 귤현동","489","0489","0000","귤현현대아이파크","전세","84.9871","202506","27","27,000","0","6","2004","장군봉길 12","202507~202707","신규","-","","","아파트"
"40720","인천광역시 부평구 구산동","360","0360","0000","부평자이","전세","84.7461","202506","27","30,000","0","8","2006","일신로 120","202508~202708","신규","-","","","아파트"
"40721","인천광역시 계양구 동양동","613","0613","0000","일신휴먼빌","전세","84.7800","202506","27","29,500","0","8","2007","당미길 43","202508~202708","신규","-","","","아파트"
"40722","인천광역시 서구 당하동","1316-2","1316","0002","검단신도시대성베르힐라프리미어","전세","84.9376","202506","27","31,000","0","14","2022","이음1로 154","202508~202708","신규","-","","","아파트"
"40723","인천광역시 서구 가좌동","627","0627","0000","가재울역트루엘에코시티","월세","49.4100","202506","27","15,600","19","8","2024","열우물로240번길 20","202505~202707","갱신","-","10,800","47","아파트"
"40724","인천광역시 서구 가좌동","272-1","0272","0001","이화","전세","62.2800","202506","27","11,000","0","2","1984","원적로17번길 28","202507~202707","갱신","-","11,000","0","아파트"
"40725","인천광역시 서구 가좌동","30-2","0030","0002","진주1","월세","47.4400","202506","27","1,000","60","9","1983","원적로 82","202506~202706","신규","-","","","아파트"
"40726","인천광역시 서구 가좌동","627","0627","0000","가재울역트루엘에코시티","전세","59.9100","202506","27","29,000","0","28","2024","열우물로240번길 20","202508~202708","신규","-","","","아파트"
"40727","인천광역시 서구 가좌동","30-2","0030","0002","진주1","전세","52.1600","202506","27","5,000","0","2","1981","원적로 82","202507~202707","신규","-","","","아파트"
"40728","인천광역시 서구 석남동","446","0446","0000","서인천월드메르디앙","전세","59.9153","202506","27","18,000","0","12","2006","신석로 71","202508~202708","갱신","-","18,000","0","아파트"
"40729","인천광역시 서구 백석동","가-","0000","0000","검암역로열파크씨티푸르지오1단지","전세","101.9582","202506","27","49,000","0","37","2023","한들로 33","202508~202708","신규","-","","","아파트"
"40730","인천광역시 계양구 박촌동","319","0319","0000","계양한양수자인","전세","84.9940","202506","27","35,000","0","8","2011","장제로 1004","202509~202709","갱신","사용","34,000","0","아파트"
"40731","인천광역시 계양구 계산동","12-4","0012","0004","삼보3","전세","49.5900","202506","27","14,000","0","2","1988","경명대로 1126","202509~202709","신규","-","","","아파트"
"40732","인천광역시 서구 당하동","1327-1","1327","0001","인천검단엘에이치36단지","월세","46.0300","202506","27","4,293","28","6","2023","독정로 111","202509~202708","갱신","-","3,780","29","아파트"
"40733","인천광역시 서구 당하동","1316-2","1316","0002","검단신도시대성베르힐라프리미어","월세","84.9376","202506","27","2,000","140","19","2022","이음1로 154","202507~202707","신규","-","","","아파트"
"40734","인천광역시 서구 당하동","1272-4","1272","0004","인천검단엘에이치13단지","월세","37.7800","202506","27","2,797","22","18","2022","서로3로 49","202507~202709","신규","-","","","아파트"
"40735","인천광역시 서구 당하동","1254-1","1254","0001","검단신도시한신더휴캐널파크(THEHUECANALPARK)","전세","74.2658","202506","27","27,300","0","3","2021","이음3로 125","202507~202707","신규","-","","","아파트"
"40736","인천광역시 서구 당하동","1037-3","1037","0003","금호어울림1차","전세","84.9917","202506","27","17,800","0","8","2004","고산후로78번길 9","202506~202507","신규","-","","","아파트"
"40737","인천광역시 서구 당하동","1274","1274","0000","검단한신더휴어반파크","월세","84.9744","202506","27","5,600","64","21","2023","매밭로 130","202509~202709","갱신","-","5,600","64","아파트"
"40738","인천광역시 서구 경서동","1032","1032","0000","북청라하우스토리","전세","59.9357","202506","27","13,000","0","6","2022","경서로31번길 15","202507~202707","신규","-","","","아파트"
"40739","인천광역시 서구 경서동","1032","1032","0000","북청라하우스토리","전세","59.9357","202506","27","8,600","0","6","2022","경서로31번길 15","202507~202707","신규","-","","","아파트"
"40740","인천광역시 서구 가정동","609-1","0609","0001","루원호반베르디움더센트럴","전세","73.1716","202506","27","34,000","0","14","2018","봉오재3로 75","202509~202709","신규","-","","","아파트"
"40741","인천광역시 서구 가정동","가-","0000","0000","루원시티SKLeaders'VIEW","전세","75.8201","202506","27","31,500","0","18","2022","가정로 437","202507~202707","갱신","사용","30,000","0","아파트"
"40742","인천광역시 서구 가정동","604-1","0604","0001","가정엘에이치3단지(국민임대)","월세","46.8600","202506","27","3,391","26","1","2012","봉오재3로 14","202507~202709","신규","-","","","아파트"
"40743","인천광역시 서구 가정동","604-1","0604","0001","가정엘에이치3단지(국민임대)","월세","46.8100","202506","27","4,358","21","14","2012","봉오재3로 14","202508~202707","갱신","-","4,260","20","아파트"
"40744","인천광역시 서구 가정동","609-1","0609","0001","루원호반베르디움더센트럴","전세","73.1716","202506","27","34,000","0","20","2018","봉오재3로 75","202508~202708","신규","-","","","아파트"
"40745","인천광역시 서구 가정동","610-1","0610","0001","루원시티프라디움","전세","84.9951","202506","27","38,000","0","15","2018","봉오재3로 66","202508~202707","신규","-","","","아파트"
"40746","인천광역시 서구 가정동","609-1","0609","0001","루원호반베르디움더센트럴","전세","73.1716","202506","27","34,000","0","14","2018","봉오재3로 75","-","-","-","","","아파트"
"40747","인천광역시 서구 가정동","609-1","0609","0001","루원호반베르디움더센트럴","전세","73.1716","202506","27","34,000","0","20","2018","봉오재3로 75","202508~202708","신규","-","","","아파트"
"40748","인천광역시 서구 당하동","1316-2","1316","0002","검단신도시대성베르힐라프리미어","전세","110.3995","202506","27","35,500","0","16","2022","이음1로 154","202509~202709","신규","-","","","아파트"
"40749","인천광역시 서구 당하동","1077-6","1077","0006","경원하이뷰","월세","47.2980","202506","27","500","50","7","2014","원당대로 638","202507~202706","갱신","-","500","50","아파트"
"40750","인천광역시 계양구 서운동","230","0230","0000","계양효성해링턴플레이스","전세","59.9770","202506","27","30,450","0","18","2021","서운로 34","202509~202709","갱신","사용","29,000","0","아파트"
"40751","인천광역시 계양구 서운동","230","0230","0000","계양효성해링턴플레이스","월세","59.9770","202506","27","3,000","120","3","2021","서운로 34","202506~202706","갱신","사용","3,000","120","아파트"
"40752","인천광역시 계양구 이화동","407","0407","0000","신동아파밀리에","전세","84.8807","202506","27","27,000","0","4","2007","황어로 139","202509~202709","신규","-","","","아파트"
"40753","인천광역시 서구 연희동","682-14","0682","0014","한국3","전세","59.6250","202506","27","15,000","0","4","1997","서곶로369번길 6","202509~202709","신규","-","","","아파트"
"40754","인천광역시 서구 당하동","1233-1","1233","0001","아라역금강펜테리움더시글로2차","전세","84.9811","202506","27","37,500","0","24","2025","원당대로 938","202507~202707","신규","-","","","아파트"
"40755","인천광역시 서구 당하동","1233-1","1233","0001","아라역금강펜테리움더시글로2차","전세","84.9060","202506","27","31,500","0","6","2025","원당대로 938","202507~202707","신규","-","","","아파트"
"40756","인천광역시 서구 당하동","1233-1","1233","0001","아라역금강펜테리움더시글로2차","전세","84.9060","202506","27","34,000","0","23","2025","원당대로 938","202507~202707","신규","-","","","아파트"
"40757","인천광역시 서구 당하동","1233-1","1233","0001","아라역금강펜테리움더시글로2차","전세","84.9060","202506","27","31,000","0","4","2025","원당대로 938","202508~202708","신규","-","","","아파트"
"40758","인천광역시 서구 신현동","302-1","0302","0001","루원e-편한세상하늘채아파트","월세","84.8570","202506","27","3,000","125","15","2010","가정로 387","202507~202707","신규","-","","","아파트"
"40759","인천광역시 서구 당하동","1233-1","1233","0001","아라역금강펜테리움더시글로2차","전세","84.9840","202506","27","34,000","0","35","2025","원당대로 938","202508~202708","신규","-","","","아파트"
"40760","인천광역시 남동구 서창동","702","0702","0000","호반베르디움","월세","84.7403","202506","27","5,000","140","10","2017","서창남순환로 200","202506~202702","신규","-","","","아파트"
"40761","인천광역시 남동구 간석동","168-1","0168","0001","더웰노블레스","전세","67.3300","202506","27","17,000","0","6","2020","남동대로922번길 46","202508~202708","신규","-","","","아파트"
"40762","인천광역시 남동구 만수동","5-397","0005","0397","대동(5-397)","월세","46.7400","202506","27","1,000","35","3","1989","만수서로83번길 63-4","202507~202707","신규","-","","","아파트"
"40763","인천광역시 남동구 만수동","29","0029","0000","만수주공2단지","월세","75.2400","202506","27","3,000","85","3","1987","백범로124번길 43","202507~202707","신규","-","","","아파트"
"40764","인천광역시 남동구 만수동","1042","1042","0000","광명아파트","전세","84.3800","202506","27","23,000","0","15","1991","담방로21번길 24","202509~202709","신규","-","","","아파트"
"40765","인천광역시 남동구 만수동","1043","1043","0000","만수9단지공공임대","월세","39.9000","202506","27","3,453","8","8","1994","장승남로 34","202507~202706","갱신","-","1,353","19","아파트"
"40766","인천광역시 남동구 서창동","717","0717","0000","인천서창엘에이치12단지","월세","36.8800","202506","27","3,812","8","3","2014","서창남로 2","202509~202708","갱신","-","3,731","8","아파트"
"40767","인천광역시 남동구 서창동","745","0745","0000","인천서창꿈에그린","월세","84.9900","202506","27","9,000","57","5","2019","운연천로 11","202508~202708","신규","-","","","아파트"
"40768","인천광역시 남동구 서창동","745","0745","0000","인천서창꿈에그린","월세","84.9900","202506","27","9,000","57","5","2019","운연천로 11","202508~202708","갱신","-","9,000","57","아파트"
"40769","인천광역시 남동구 구월동","23","0023","0000","구월힐스테이트1단지","전세","59.9000","202506","27","23,000","0","18","2007","구월로 192","202506~202706","갱신","사용","22,000","0","아파트"
"40770","인천광역시 남동구 구월동","1124-8","1124","0008","구월베스티움","월세","20.8950","202506","27","1,000","50","4","2014","성말로13번길 85","202506~202606","신규","-","","","아파트"
"40771","인천광역시 남동구 구월동","1551","1551","0000","구월아시아드선수촌7단지","월세","26.4406","202506","27","267","5","11","2023","선수촌로 7","202507~202706","갱신","-","264","5","아파트"
"40772","인천광역시 남동구 구월동","1508","1508","0000","구월유승한내들퍼스티지","전세","74.3558","202506","27","33,000","0","27","2016","선수촌로 75","202509~202709","신규","-","","","아파트"
"40773","인천광역시 남동구 구월동","1551","1551","0000","구월아시아드선수촌7단지","월세","26.4406","202506","27","7,138","18","12","2023","선수촌로 7","202507~202706","갱신","-","4,476","7","아파트"
"40774","인천광역시 남동구 구월동","1508","1508","0000","구월유승한내들퍼스티지","전세","84.3455","202506","27","33,600","0","14","2016","선수촌로 75","202507~202707","갱신","사용","32,000","0","아파트"
"40775","인천광역시 서구 청라동","166-1","0166","0001","청라웰카운티 2차","월세","97.2600","202506","27","3,000","150","24","2012","청라에메랄드로 112","202507~202707","신규","-","","","아파트"
"40776","인천광역시 서구 왕길동","696-2","0696","0002","드림파크어울림2단지","월세","84.8372","202506","27","3,000","120","12","2010","오동로 40","202508~202708","신규","-","","","아파트"
"40777","인천광역시 서구 청라동","185-1","0185","0001","힐데스하임","전세","59.9007","202506","27","35,000","0","18","2011","청라라임로 17","202508~202708","신규","-","","","아파트"
"40778","인천광역시 서구 청라동","116-4","0116","0004","청라지구중흥S-CLASS1단지","전세","138.0543","202506","27","20,000","0","1","2010","청라라임로 131","202507~202707","갱신","-","3,000","110","아파트"
"40779","인천광역시 서구 청라동","173-1","0173","0001","청라29블럭호반베르디움","월세","84.9382","202506","27","10,000","110","13","2012","청라커낼로 163","202508~202708","갱신","-","10,000","85","아파트"
"40780","인천광역시 서구 불로동","798-1","0798","0001","불로금호어울림(불로지구39BL)","전세","84.9949","202506","27","20,000","0","8","2007","검단로768번길 19","202508~202708","신규","-","","","아파트"
"40781","인천광역시 서구 불로동","803-1","0803","0001","검단대광로제비앙센트럴포레","월세","61.9135","202506","27","3,000","100","22","2022","검단로768번길 46","202508~202707","신규","-","","","아파트"
"40782","인천광역시 서구 청라동","185-1","0185","0001","힐데스하임","전세","59.9435","202506","27","29,000","0","12","2011","청라라임로 17","202509~202709","신규","-","","","아파트"
"40783","인천광역시 서구 청라동","85-1","0085","0001","청라국제금융단지한양수자인레이크블루","전세","84.4240","202506","27","40,000","0","8","2019","청라한내로 132","202509~202709","신규","-","","","아파트"
"40784","인천광역시 서구 원당동","987-1","0987","0001","검단신도시디에트르더힐","월세","76.1198","202506","27","3,000","120","2","2022","서로3로 255","202507~202707","신규","-","","","아파트"
"40785","인천광역시 서구 원당동","1022-1","1022","0001","우미린더시그니처","전세","74.0973","202506","27","36,000","0","25","2022","이음5로 39","202508~202708","신규","-","","","아파트"
"40786","인천광역시 서구 원당동","1022-1","1022","0001","우미린더시그니처","전세","84.8750","202506","27","41,000","0","18","2022","이음5로 39","202509~202709","신규","-","","","아파트"
"40787","인천광역시 서구 원당동","1022","1022","0000","호반써밋1차","전세","84.8917","202506","27","39,000","0","15","2021","이음5로 15","202509~202709","신규","-","","","아파트"
"40788","인천광역시 서구 원당동","1022","1022","0000","호반써밋1차","전세","84.8917","202506","27","31,400","0","18","2021","이음5로 15","202508~202708","갱신","사용","30,000","0","아파트"
"40789","인천광역시 서구 원당동","1094","1094","0000","인천검단엘에이치20단지","월세","36.6800","202506","27","4,158","19","10","2021","이음3로 220","202507~202709","신규","-","","","아파트"
"40790","인천광역시 서구 원당동","1094","1094","0000","인천검단엘에이치20단지","월세","44.6100","202506","27","5,680","26","20","2021","이음3로 220","202507~202709","신규","-","","","아파트"
"40791","인천광역시 서구 원당동","1024","1024","0000","검단 금호어울림 센트럴","전세","74.8400","202506","27","35,000","0","16","2021","이음5로 65","202508~202708","신규","-","","","아파트"
"40792","인천광역시 서구 청라동","185-1","0185","0001","힐데스하임","전세","59.9435","202506","27","29,000","0","12","2011","청라라임로 17","202509~202709","신규","-","","","아파트"
"40793","인천광역시 서구 청라동","185-1","0185","0001","힐데스하임","전세","59.9007","202506","27","35,000","0","18","2011","청라라임로 17","202508~202708","신규","-","","","아파트"
"40794","인천광역시 서구 청라동","115-1","0115","0001","청라제일풍경채","전세","115.1067","202506","27","38,300","0","12","2012","청라한울로 95","202506~202706","갱신","사용","36,500","0","아파트"
"40795","인천광역시 서구 청라동","83-1","0083","0001","청라국제업무단지센텀대광로제비앙","전세","82.9117","202506","27","28,875","0","11","2018","비즈니스로 166","-","-","-","","","아파트"
"40796","인천광역시 서구 청라동","116-4","0116","0004","청라지구중흥S-CLASS1단지","전세","138.0543","202506","27","20,000","0","1","2010","청라라임로 131","202507~202707","갱신","-","3,000","110","아파트"
"40797","인천광역시 서구 청라동","102-3","0102","0003","청라동양엔파트","전세","118.8352","202506","27","32,000","0","3","2012","솔빛로 13","202506~202706","갱신","-","28,000","0","아파트"
"40798","인천광역시 서구 청라동","83-1","0083","0001","청라국제업무단지센텀대광로제비앙","전세","82.9117","202506","27","33,000","0","2","2018","비즈니스로 166","202508~202708","신규","-","","","아파트"
"40799","인천광역시 서구 불로동","308","0308","0000","월드","월세","84.9300","202506","27","1,000","90","16","1998","검단로 836","202507~202707","신규","-","","","아파트"
"40800","인천광역시 강화군 선원면 창리","714","0714","0000","강화서희스타힐스1단지","월세","71.9635","202506","27","3,000","70","6","2024","중앙로 162-31","202508~202708","신규","-","","","아파트"
"40801","인천광역시 강화군 선원면 창리","709","0709","0000","강화서희스타힐스2단지","전세","59.9570","202506","27","16,000","0","8","2024","중앙로 162-57","202508~202708","신규","-","","","아파트"
"40802","인천광역시 서구 불로동","308","0308","0000","월드","월세","59.7700","202506","27","1,000","70","16","1998","검단로 836","202509~202709","신규","-","","","아파트"
"40803","인천광역시 중구 운남동","1778","1778","0000","운서역푸르지오더스카이","월세","74.6100","202506","27","10,000","29","5","2021","흰바위로 277","202508~202708","신규","-","","","아파트"
"40804","인천광역시 중구 중산동","1881-1","1881","0001","하늘도시우미린1단지","전세","59.9600","202506","27","17,000","0","27","2012","은하수로 351","202507~202707","갱신","-","13,230","0","아파트"
"40805","인천광역시 중구 중산동","1911-2","1911","0002","영종국제도시한신더휴스카이파크","전세","59.9026","202506","27","16,800","0","24","2019","은하수로 229","202506~202706","갱신","사용","16,000","0","아파트"
"40806","인천광역시 중구 운남동","1778","1778","0000","운서역푸르지오더스카이","월세","62.6200","202506","27","6,000","33","7","2021","흰바위로 277","202506~202508","신규","-","","","아파트"
"40807","인천광역시 중구 중산동","1872-2","1872","0002","인천영종동보노빌리티","월세","84.8370","202506","27","18,000","20","11","2012","하늘달빛로 65","202507~202706","갱신","사용","18,000","0","아파트"
"40808","인천광역시 동구 송림동","348","0348","0000","동인천역파크푸르지오","월세","59.6045","202506","27","14,000","37","5","2023","화도진로 16","202508~202708","신규","-","","","아파트"
"40809","인천광역시 중구 운남동","1681-2","1681","0002","호반써밋스카이센트럴2차","전세","84.8264","202506","27","29,500","0","8","2024","숲쟁이로 11","202508~202708","신규","-","","","아파트"
"40810","인천광역시 미추홀구 학익동","595-28","0595","0028","시티오씨엘4단지","전세","84.8700","202506","27","35,500","0","38","2025","학익로 30","202507~202707","신규","-","","","아파트"
"40811","인천광역시 중구 운남동","1778","1778","0000","운서역푸르지오더스카이","월세","84.6900","202506","27","3,000","56","20","2021","흰바위로 277","202509~202709","갱신","-","3,000","54","아파트"
"40812","인천광역시 중구 중산동","1871-4","1871","0004","영종국제도시동원로얄듀크마리나포레","월세","79.2348","202506","27","2,000","110","8","2022","하늘중앙로 272","202508~202608","신규","-","","","아파트"
"40813","인천광역시 중구 중산동","1872-1","1872","0001","영종신명스카이뷰주얼리","전세","57.0160","202506","27","14,500","0","31","2013","하늘달빛로 95","202506~202706","갱신","-","13,000","0","아파트"
"40814","인천광역시 미추홀구 학익동","681-6","0681","0006","하나아파트","월세","59.8900","202506","27","2,000","70","2","1997","매소홀로418번길 21","202508~202708","신규","-","","","아파트"
"40815","인천광역시 중구 중산동","1887-2","1887","0002","영종힐스테이트","월세","83.2940","202506","27","2,000","110","1","2012","하늘별빛로 66","-","-","-","","","아파트"
"40816","인천광역시 중구 운서동","2788-2","2788","0002","영종2차금호베스트빌","전세","84.9701","202506","27","24,000","0","6","2003","흰바위로 14","202507~202707","신규","-","","","아파트"
"40817","인천광역시 미추홀구 학익동","681-6","0681","0006","하나아파트","월세","59.8900","202506","27","2,000","70","2","1997","매소홀로418번길 21","202508~202708","신규","-","","","아파트"
"40818","인천광역시 미추홀구 학익동","125-1","0125","0001","신동아2","월세","49.0300","202506","27","1,000","65","13","1989","소성로 211","202507~202707","신규","-","","","아파트"
"40819","인천광역시 미추홀구 숭의동","462","0462","0000","스타디움센트럴시티","전세","59.9894","202506","27","27,000","0","17","2022","참외전로 268","202508~202708","신규","-","","","아파트"
"40820","인천광역시 중구 운남동","1778","1778","0000","운서역푸르지오더스카이","월세","84.8300","202506","27","3,000","56","6","2021","흰바위로 277","202509~202709","갱신","-","3,000","55","아파트"
"40821","인천광역시 중구 운남동","1778","1778","0000","운서역푸르지오더스카이","월세","84.5100","202506","27","3,000","56","16","2021","흰바위로 277","202509~202709","갱신","-","3,000","55","아파트"
"40822","인천광역시 중구 운남동","1598-1","1598","0001","운서SKVIEWskycityⅡ","월세","84.9126","202506","27","2,000","130","15","2022","흰바위로 249","202508~202708","신규","-","","","아파트"
"40823","인천광역시 중구 운남동","1766-2","1766","0002","영종국제도시화성파크드림2차","월세","75.2689","202506","27","1,500","100","10","2022","은하수로 436","202506~202606","갱신","사용","1,500","95","아파트"
"40824","인천광역시 중구 운남동","1778","1778","0000","운서역푸르지오더스카이","월세","84.8300","202506","27","8,000","42","5","2021","흰바위로 277","202509~202709","갱신","-","8,000","40","아파트"
"40825","인천광역시 중구 운서동","3104-1","3104","0001","운서SKVIEWSkycity","전세","77.0014","202506","27","26,000","0","18","2022","흰바위로 203","202508~202708","신규","-","","","아파트"
"40826","인천광역시 중구 운서동","2788-2","2788","0002","영종2차금호베스트빌","전세","84.9701","202506","27","24,000","0","6","2003","흰바위로 14","202507~202711","신규","-","","","아파트"
"40827","인천광역시 중구 운서동","3104-1","3104","0001","운서SKVIEWSkycity","전세","77.0014","202506","27","27,500","0","16","2022","흰바위로 203","202510~202710","신규","-","","","아파트"
"40828","인천광역시 미추홀구 용현동","690","0690","0000","엘에이치미추홀3단지","월세","21.9700","202506","27","4,215","7","17","2018","낙섬중로 129","202507~202706","갱신","-","2,830","13","아파트"
"40829","인천광역시 중구 중산동","1887-2","1887","0002","영종힐스테이트","월세","83.2940","202506","27","2,000","110","1","2012","하늘별빛로 66","202508~202707","신규","-","","","아파트"
"40830","인천광역시 중구 운남동","1778","1778","0000","운서역푸르지오더스카이","월세","84.6900","202506","27","11,900","30","10","2021","흰바위로 277","202509~202709","갱신","-","11,900","29","아파트"
"40831","인천광역시 중구 운남동","1766-2","1766","0002","영종국제도시화성파크드림2차","전세","64.3367","202506","27","26,000","0","8","2022","은하수로 436","202508~202708","신규","-","","","아파트"
"40832","인천광역시 미추홀구 숭의동","5-79","0005","0079","수봉","월세","53.6500","202506","27","500","35","1","1978","수봉로33번길 102-94","202506~202706","신규","-","","","아파트"
"40833","인천광역시 미추홀구 도화동","557-1","0557","0001","동원","월세","47.0700","202506","27","1,000","50","1","1987","주안로 27","202507~202707","신규","-","","","아파트"
"40834","인천광역시 중구 운서동","2708-8","2708","0008","풍림아이원6-2단지","월세","59.9919","202506","27","2,000","80","4","2002","신도시북로 68","202506~202706","갱신","-","5,000","40","아파트"
"40835","인천광역시 중구 중산동","1911-2","1911","0002","영종국제도시한신더휴스카이파크","전세","59.9026","202506","27","16,530","0","21","2019","은하수로 229","202507~202707","갱신","사용","15,750","0","아파트"
"40836","인천광역시 미추홀구 학익동","595-28","0595","0028","시티오씨엘4단지","전세","84.8700","202506","27","35,500","0","38","2025","학익로 30","202508~202708","신규","-","","","아파트"
"40837","인천광역시 중구 중산동","1872-2","1872","0002","인천영종동보노빌리티","전세","84.8370","202506","27","22,000","0","5","2012","하늘달빛로 65","202507~202707","신규","-","","","아파트"
"40838","인천광역시 중구 중산동","1878-1","1878","0001","인천영종한양수자인","전세","59.2185","202506","27","20,000","0","7","2012","은하수로 377","202508~202708","신규","-","","","아파트"
"40839","인천광역시 중구 중산동","1881-1","1881","0001","하늘도시우미린1단지","전세","59.9600","202506","27","17,000","0","19","2012","은하수로 351","202509~202709","갱신","-","12,128","0","아파트"
"40840","인천광역시 부평구 십정동","630","0630","0000","더샵부평센트럴시티","전세","59.8032","202506","27","29,000","0","14","2022","열우물로 90","202508~202708","신규","-","","","아파트"
"40841","인천광역시 부평구 십정동","642","0642","0000","힐스테이트부평","전세","59.9900","202506","27","25,000","0","28","2023","경원대로 1192","202506~202706","갱신","-","23,000","0","아파트"
"40842","인천광역시 부평구 십정동","630","0630","0000","더샵부평센트럴시티","월세","59.8032","202506","27","14,500","41","20","2022","열우물로 90","202508~202708","신규","-","","","아파트"
"40843","인천광역시 부평구 십정동","642","0642","0000","힐스테이트부평","전세","59.9800","202506","27","24,150","0","19","2023","경원대로 1192","202507~202707","갱신","사용","23,000","0","아파트"
"40844","인천광역시 부평구 십정동","642","0642","0000","힐스테이트부평","전세","59.9900","202506","27","24,150","0","18","2023","경원대로 1192","202508~202708","갱신","사용","23,000","0","아파트"
"40845","인천광역시 부평구 산곡동","307","0307","0000","현대1차","전세","72.5400","202506","27","20,000","0","5","1986","경원대로 1269","202508~202707","신규","-","","","아파트"
"40846","인천광역시 부평구 산곡동","518","0518","0000","부평샬레아넬리스","월세","59.9818","202506","27","3,000","90","17","2019","원적로 238","202507~202704","신규","-","","","아파트"
"40847","인천광역시 부평구 부평동","64-20","0064","0020","대림1차","전세","76.3880","202506","27","23,000","0","4","1989","부영로 196","202508~202708","신규","-","","","아파트"
"40848","인천광역시 부평구 부평동","956","0956","0000","부평역한라비발디트레비앙","월세","84.8710","202506","27","4,000","140","10","2023","동수북로 188","202507~202707","갱신","-","3,500","135","아파트"
"40849","인천광역시 부평구 부평동","1002","1002","0000","인천부평우미린더센트럴","전세","59.8335","202506","27","24,150","0","18","2023","부흥북로 89","202508~202708","갱신","사용","23,000","0","아파트"
"40850","인천광역시 부평구 부평동","439-2","0439","0002","태강CITY","월세","43.6000","202506","27","1,000","80","10","2018","부평대로 108","202507~202707","신규","-","","","아파트"
"40851","인천광역시 부평구 부평동","415-8","0415","0008","인스테이션","전세","21.0700","202506","27","7,000","0","11","2012","주부토로 48","202507~202707","신규","-","","","아파트"
"40852","인천광역시 부평구 부평동","70-5","0070","0005","동아(1차)","월세","76.7400","202506","27","2,000","90","12","1987","부평문화로 37","202507~202707","신규","-","","","아파트"
"40853","인천광역시 부평구 청천동","176","0176","0000","청천푸르지오","전세","84.3400","202506","27","29,000","0","2","1998","세월천로 16","202508~202708","갱신","-","24,000","0","아파트"
"40854","인천광역시 부평구 청천동","377-9","0377","0009","인향","월세","84.9500","202506","27","2,500","75","10","1994","청안로 8","202509~202709","신규","-","","","아파트"
"40855","인천광역시 부평구 삼산동","445-5","0445","0005","삼산타운2단지","전세","84.9800","202506","27","42,000","0","11","2005","수변로 333","202509~202709","신규","-","","","아파트"
"40856","인천광역시 부평구 삼산동","440-1","0440","0001","삼산타운주공1단지","월세","59.9900","202506","27","3,000","100","17","2005","굴포로 105","202508~202708","신규","-","","","아파트"
"40857","인천광역시 부평구 산곡동","307","0307","0000","현대1차","전세","72.5400","202506","27","20,000","0","5","1986","경원대로 1269","202508~202707","신규","-","","","아파트"
"40858","인천광역시 부평구 산곡동","294-35","0294","0035","우성1차2차(294-35)","전세","73.9600","202506","27","23,000","0","10","1989","부영로 165","202510~202710","신규","-","","","아파트"
"40859","인천광역시 부평구 산곡동","124-23","0124","0023","한화2단지","전세","84.9500","202506","27","23,000","0","1","1999","원적로 361","202506~202706","갱신","사용","22,000","0","아파트"
"40860","인천광역시 부평구 갈산동","374","0374","0000","아주","월세","84.7500","202506","27","3,000","110","3","1992","갈월서로 26","202507~202707","신규","-","","","아파트"
"40861","인천광역시 부평구 부개동","477-3","0477","0003","뉴서울","전세","39.4800","202506","27","14,000","0","15","1989","충선로 191","202507~202707","신규","-","","","아파트"
"40862","인천광역시 부평구 부개동","520","0520","0000","부평코오롱하늘채","전세","59.8430","202506","27","31,500","0","6","2020","동수천로 117","202507~202707","갱신","사용","30,000","0","아파트"
"40863","인천광역시 부평구 부개동","498-5","0498","0005","부개주공3","전세","59.9300","202506","27","18,000","0","6","1996","길주남로 144","202507~202707","갱신","사용","18,000","0","아파트"
"40864","인천광역시 남동구 논현동","764-4","0764","0004","논현유승한내들","월세","56.8743","202506","27","3,000","105","35","2018","에코중앙로66번길 6","202507~202707","신규","-","","","아파트"
"40865","인천광역시 남동구 논현동","751-1","0751","0001","인천 소래논현구역 C10블록 에코메트로 3차 더 타워","전세","105.0470","202506","27","35,000","0","7","2013","소래역남로 40","202508~202708","신규","-","","","아파트"
"40866","인천광역시 남동구 논현동","774-1","0774","0001","에코메트로11","전세","84.9930","202506","27","37,000","0","3","2009","논고개로 17","202508~202708","신규","-","","","아파트"
"40867","인천광역시 남동구 논현동","749-1","0749","0001","논현센트럴뷰","전세","59.5800","202506","27","30,000","0","28","2014","논고개로68번길 34","202509~202709","신규","-","","","아파트"
"40868","인천광역시 남동구 논현동","599-1","0599","0001","주공14단지(등대마을)","월세","39.7900","202506","27","1,973","22","16","2006","청능대로715번길 22","202507~202706","갱신","-","1,885","21","아파트"
"40869","인천광역시 부평구 십정동","630","0630","0000","더샵부평센트럴시티","월세","69.4834","202506","27","16,500","47","8","2022","열우물로 90","202509~202709","갱신","-","16,500","44","아파트"
"40870","인천광역시 연수구 송도동","109","0109","0000","더샵송도프라임뷰20BL","전세","84.8300","202506","27","45,000","0","12","2022","인천타워대로231번길 97","202509~202709","신규","-","","","아파트"
"40871","인천광역시 연수구 송도동","30-5","0030","0005","더샵송도아크베이","전세","112.3000","202506","27","63,000","0","31","2025","워터프런트로 150","202508~202712","신규","-","","","아파트"
"40872","인천광역시 연수구 송도동","19-3","0019","0003","송도더샵그린워크3차(18-1블럭)","전세","84.7300","202506","27","45,000","0","8","2015","컨벤시아대로130번길 100","202510~202710","신규","-","","","아파트"
"40873","인천광역시 연수구 송도동","110","0110","0000","송도더샵마스터뷰21BL","월세","84.9200","202506","27","3,000","160","10","2015","컨벤시아대로274번길 55","202508~202708","신규","-","","","아파트"
"40874","인천광역시 연수구 송도동","17-5","0017","0005","송도더샵하버뷰(D13)","월세","101.3190","202506","27","15,000","240","6","2011","아트센터대로97번길 75","202506~202706","갱신","-","15,000","230","아파트"
"40875","인천광역시 연수구 동춘동","943","0943","0000","동남","전세","52.1400","202506","27","15,750","0","10","1994","먼우금로 19","202508~202708","갱신","사용","15,000","0","아파트"
"40876","인천광역시 연수구 동춘동","가-","0000","0000","송도파크자이","전세","84.8904","202506","27","33,000","0","13","2019","앵고개로104번길 22","202507~202707","신규","-","","","아파트"
"40877","인천광역시 연수구 동춘동","943","0943","0000","동남","월세","52.1400","202506","27","50","100","5","1994","먼우금로 19","202507~202512","신규","-","","","아파트"
"40878","인천광역시 연수구 동춘동","925-7","0925","0007","연수대우.삼환","전세","90.1800","202506","27","27,000","0","9","1994","원인재로 88","202507~202907","신규","-","","","아파트"
"40879","인천광역시 연수구 청학동","499","0499","0000","연수푸르지오4단지","월세","107.2800","202506","27","3,000","140","11","2011","먼우금로 217","202508~202708","신규","-","","","아파트"
"40880","인천광역시 미추홀구 주안동","1628","1628","0000","주안역센트레빌","전세","59.9813","202506","27","27,300","0","10","2021","염전로 414","202508~202708","갱신","사용","26,000","0","아파트"
"40881","인천광역시 미추홀구 주안동","1678","1678","0000","힐스테이트푸르지오주안","전세","59.7200","202506","27","23,500","0","26","2023","남주길 150","202508~202708","갱신","-","20,500","0","아파트"
"40882","인천광역시 미추홀구 주안동","1678","1678","0000","힐스테이트푸르지오주안","전세","84.9700","202506","27","38,500","0","12","2023","남주길 150","202508~202708","신규","-","","","아파트"
"40883","인천광역시 미추홀구 주안동","1678","1678","0000","힐스테이트푸르지오주안","전세","59.9600","202506","27","21,000","0","6","2023","남주길 150","202506~202706","갱신","사용","20,000","0","아파트"
"40884","인천광역시 미추홀구 주안동","1678","1678","0000","힐스테이트푸르지오주안","월세","59.7200","202506","27","990","140","21","2023","남주길 150","202508~202608","갱신","-","990","130","아파트"
"40885","인천광역시 미추홀구 주안동","1286","1286","0000","태평","월세","42.2100","202506","27","500","40","1","1989","승학길 90","202507~202707","신규","-","","","아파트"
"40886","인천광역시 미추홀구 주안동","1250","1250","0000","쌍용주안","월세","128.2200","202506","27","3,000","78","3","1985","인하로 292","202506~202706","신규","-","","","아파트"
"40887","인천광역시 연수구 옥련동","642-1","0642","0001","한국","전세","59.9860","202506","27","16,800","0","15","1997","청량로199번길 29","202507~202707","갱신","사용","16,000","0","아파트"
"40888","인천광역시 연수구 옥련동","643-2","0643","0002","풍림","전세","77.0000","202506","27","16,000","0","12","1998","비류대로186번길 21","202507~202707","신규","-","","","아파트"
"40889","인천광역시 연수구 옥련동","643-2","0643","0002","풍림","전세","77.0000","202506","27","16,000","0","12","1998","비류대로186번길 21","202507~202707","신규","-","","","아파트"
"40890","인천광역시 연수구 옥련동","637-1","0637","0001","현대4","전세","59.9850","202506","27","17,300","0","20","1997","한나루로105번길 68","202507~202707","갱신","사용","16,500","0","아파트"
"40891","인천광역시 연수구 옥련동","637-1","0637","0001","현대4","전세","59.9850","202506","27","17,300","0","20","1997","한나루로105번길 68","202507~202707","신규","-","","","아파트"
"40892","인천광역시 연수구 선학동","340","0340","0000","태산,대진.정광아파트","월세","64.3800","202506","27","2,000","60","2","1991","선학로 37","202506~202611","신규","-","","","아파트"
"40893","인천광역시 연수구 연수동","634","0634","0000","우성2","전세","59.5900","202506","27","26,000","0","5","1994","원인재로 180","202508~202708","신규","-","","","아파트"
"40894","인천광역시 연수구 연수동","578-1","0578","0001","세경","월세","36.2700","202506","27","500","55","2","1997","새말로 134","202507~202707","신규","-","","","아파트"
"40895","인천광역시 연수구 연수동","635","0635","0000","우성1","전세","133.6230","202506","27","30,000","0","4","1994","청능대로 175","202508~202708","신규","-","","","아파트"
"40896","인천광역시 연수구 연수동","534","0534","0000","유천","월세","60.0700","202506","27","2,000","80","6","1993","먼우금로 302","202508~202708","신규","-","","","아파트"
"40897","인천광역시 연수구 연수동","533","0533","0000","연수주공1차","월세","26.3700","202506","27","262","5","14","1992","원인재로 315","202404~202603","신규","-","","","아파트"
"40898","인천광역시 연수구 송도동","3-38","0003","0038","송도금호어울림","전세","148.9700","202506","27","52,000","0","3","2005","해돋이로84번길 30","202508~202708","신규","-","","","아파트"
"40899","인천광역시 연수구 송도동","4-1","0004","0001","더샵퍼스트월드","전세","147.3580","202506","27","57,750","0","38","2009","해돋이로 107","202508~202708","갱신","사용","55,000","0","아파트"
"40900","인천광역시 연수구 송도동","23-4","0023","0004","더샵센트럴파크2","전세","146.9993","202506","27","83,000","0","18","2011","센트럴로 194","202506~202706","갱신","-","75,000","0","아파트"
"40901","인천광역시 연수구 송도동","149","0149","0000","롯데캐슬캠퍼스타운","전세","59.7433","202506","27","37,000","0","41","2016","송도과학로27번길 55","202508~202708","신규","-","","","아파트"
"40902","인천광역시 연수구 송도동","311","0311","0000","랜드마크시티센트럴더샵","전세","95.8548","202506","27","34,500","0","14","2020","랜드마크로 68","202508~202708","신규","-","","","아파트"
"40903","인천광역시 연수구 송도동","315-1","0315","0001","송도SKVIEW","전세","84.9753","202506","27","38,000","0","43","2019","랜드마크로 19","202507~202707","신규","-","","","아파트"
"40904","인천광역시 연수구 송도동","315-1","0315","0001","송도SKVIEW","월세","84.6541","202506","27","3,000","170","32","2019","랜드마크로 19","202507~202707","신규","-","","","아파트"
"40905","인천광역시 연수구 송도동","30-5","0030","0005","더샵송도아크베이","월세","112.3000","202506","27","5,000","250","28","2025","워터프런트로 150","202506~202706","신규","-","","","아파트"
"40906","인천광역시 연수구 송도동","103","0103","0000","송도더샵파크애비뉴","전세","68.6400","202506","27","38,000","0","5","2018","컨벤시아대로252번길 10","202507~202706","갱신","-","28,600","0","아파트"
"40907","인천광역시 연수구 송도동","396-1","0396","0001","송도LuxeOceanSKVIEW","전세","88.9401","202506","27","35,000","0","3","2025","랜드마크로 350","202508~202708","신규","-","","","아파트"
"40908","인천광역시 연수구 송도동","100","0100","0000","송도더샵퍼스트파크F13-1BL","전세","84.9400","202506","27","36,000","0","3","2017","컨벤시아대로252번길 70","202507~202702","갱신","-","35,000","0","아파트"
"40909","인천광역시 연수구 송도동","190-4","0190","0004","송도더샵센트럴시티","전세","84.9700","202506","27","45,000","0","25","2018","송도국제대로 261","202508~202708","신규","-","","","아파트"
"40910","인천광역시 연수구 송도동","191-4","0191","0004","송도에듀포레푸르지오","월세","84.8520","202506","27","3,000","185","41","2016","송도문화로84번길 24","202509~202709","신규","-","","","아파트"
"40911","인천광역시 연수구 송도동","308-1","0308","0001","더샵송도마리나베이","전세","84.9160","202506","27","40,000","0","14","2020","랜드마크로 160","202508~202708","신규","-","","","아파트"
"40912","인천광역시 연수구 송도동","396-1","0396","0001","송도LuxeOceanSKVIEW","전세","84.9987","202506","27","35,000","0","22","2025","랜드마크로 350","202508~202708","신규","-","","","아파트"
"40913","인천광역시 연수구 송도동","19-3","0019","0003","송도더샵그린워크3차(18-1블럭)","전세","84.7300","202506","27","45,000","0","8","2015","컨벤시아대로130번길 100","202510~202710","신규","-","","","아파트"
"40914","인천광역시 연수구 송도동","110","0110","0000","송도더샵마스터뷰21BL","전세","84.9200","202506","27","40,000","0","13","2015","컨벤시아대로274번길 55","202507~202707","갱신","-","30,000","0","아파트"
"40915","인천광역시 연수구 송도동","155","0155","0000","송도아메리칸타운아이파크","월세","64.1680","202506","27","15,000","65","45","2018","송도과학로27번길 15","202509~202609","신규","-","","","아파트"
"40916","인천광역시 연수구 송도동","311","0311","0000","랜드마크시티센트럴더샵","월세","84.7966","202506","27","3,000","145","34","2020","랜드마크로 68","202506~202706","신규","-","","","아파트"
"40917","인천광역시 연수구 송도동","396-1","0396","0001","송도LuxeOceanSKVIEW","전세","84.9987","202506","27","35,000","0","22","2025","랜드마크로 350","202508~202708","신규","-","","","아파트"
"40918","인천광역시 연수구 송도동","112","0112","0000","송도더샵마스터뷰23-1BL","전세","147.9900","202506","27","68,000","0","25","2015","컨벤시아대로274번길 15","202507~202707","신규","-","","","아파트"
"40919","인천광역시 연수구 송도동","396-1","0396","0001","송도LuxeOceanSKVIEW","월세","84.9620","202506","27","2,000","162","33","2025","랜드마크로 350","202507~202707","신규","-","","","아파트"
"40920","인천광역시 연수구 송도동","17-3","0017","0003","더샵그린워크2차","월세","84.8682","202506","27","10,000","185","11","2014","아트센터대로97번길 15","202507~202707","신규","-","","","아파트"
"40921","인천광역시 연수구 송도동","155","0155","0000","송도아메리칸타운아이파크","월세","84.4661","202506","27","5,000","180","47","2018","송도과학로27번길 15","202508~202708","신규","-","","","아파트"
"40922","인천광역시 연수구 송도동","308-1","0308","0001","더샵송도마리나베이","전세","84.9738","202506","27","33,000","0","24","2020","랜드마크로 160","202508~202707","신규","-","","","아파트"
"40923","인천광역시 연수구 송도동","150","0150","0000","롯데캐슬","월세","110.7602","202506","27","3,000","210","6","2012","송도과학로27번길 70","202508~202708","갱신","사용","3,000","200","아파트"
"40924","인천광역시 연수구 송도동","319-1","0319","0001","e편한세상송도","월세","70.2331","202506","27","1,000","130","4","2018","랜드마크로 113","202506~202606","신규","-","","","아파트"
"40925","인천광역시 연수구 송도동","396-1","0396","0001","송도LuxeOceanSKVIEW","월세","130.7783","202506","27","10,000","310","33","2025","랜드마크로 350","202507~202707","신규","-","","","아파트"
"40926","인천광역시 연수구 송도동","30-5","0030","0005","더샵송도아크베이","월세","98.0600","202506","27","5,000","190","18","2025","워터프런트로 150","202507~202706","신규","-","","","아파트"
"40927","인천광역시 연수구 송도동","18-10","0018","0010","송도더샵하버뷰(D14)","전세","84.8370","202506","27","50,000","0","24","2011","아트센터대로97번길 76","202508~202708","신규","-","","","아파트"
"40928","인천광역시 연수구 송도동","190-4","0190","0004","송도더샵센트럴시티","전세","59.9900","202506","26","35,000","0","9","2018","송도국제대로 261","202508~202708","신규","-","","","아파트"
"40929","인천광역시 연수구 송도동","102","0102","0000","송도더샵퍼스트파크F15BL","전세","68.9600","202506","26","34,000","0","36","2017","컨벤시아대로252번길 30","202508~202708","신규","-","","","아파트"
"40930","인천광역시 연수구 송도동","23-4","0023","0004","더샵센트럴파크2","월세","105.6861","202506","26","15,000","245","15","2011","센트럴로 194","202508~202708","신규","-","","","아파트"
"40931","인천광역시 연수구 송도동","2-9","0002","0009","송도풍림아이원4단지","전세","84.7159","202506","26","28,000","0","7","2005","신송로82번길 6","202506~202606","신규","-","","","아파트"
"40932","인천광역시 연수구 송도동","396-1","0396","0001","송도LuxeOceanSKVIEW","전세","84.9935","202506","26","30,000","0","12","2025","랜드마크로 350","202507~202707","신규","-","","","아파트"
"40933","인천광역시 연수구 송도동","319-1","0319","0001","e편한세상송도","월세","70.2331","202506","26","2,500","123","8","2018","랜드마크로 113","202506~202706","신규","-","","","아파트"
"40934","인천광역시 연수구 송도동","312-1","0312","0001","호반써밋송도","월세","84.8714","202506","26","5,000","137","24","2023","랜드마크로 20","202507~202707","갱신","사용","5,000","130","아파트"
"40935","인천광역시 연수구 송도동","18-7","0018","0007","송도더샵하버뷰(D15)","전세","84.8786","202506","26","41,000","0","11","2012","아트센터대로97번길 56","202507~202512","갱신","-","38,000","0","아파트"
"40936","인천광역시 연수구 송도동","308-1","0308","0001","더샵송도마리나베이","전세","84.9766","202506","26","34,000","0","5","2020","랜드마크로 160","202508~202708","신규","-","","","아파트"
"40937","인천광역시 미추홀구 주안동","1614","1614","0000","월드스테이트(101~111,124~132)","전세","59.9960","202506","26","30,000","0","19","2008","경원대로 884","202508~202708","신규","-","","","아파트"
"40938","인천광역시 연수구 청학동","451","0451","0000","시대","전세","49.5850","202506","26","15,000","0","1","1994","용담로 3","202508~202708","갱신","-","13,000","0","아파트"
"40939","인천광역시 연수구 연수동","534","0534","0000","유천","월세","84.8700","202506","26","3,000","110","2","1993","먼우금로 302","202508~202708","신규","-","","","아파트"
"40940","인천광역시 연수구 동춘동","942","0942","0000","아주","월세","84.7800","202506","26","2,000","84","6","1994","먼우금로63번길 13","202506~202606","갱신","-","2,000","80","아파트"
"40941","인천광역시 연수구 동춘동","925-7","0925","0007","연수대우.삼환","전세","90.1800","202506","26","25,000","0","14","1994","원인재로 88","202508~202708","갱신","사용","25,000","0","아파트"
"40942","인천광역시 미추홀구 주안동","1628","1628","0000","주안역센트레빌","전세","59.9813","202506","26","31,000","0","25","2021","염전로 414","202509~202709","갱신","-","26,500","0","아파트"
"40943","인천광역시 미추홀구 주안동","1678","1678","0000","힐스테이트푸르지오주안","월세","59.7200","202506","26","2,500","120","22","2023","남주길 150","202506~202706","신규","-","","","아파트"
"40944","인천광역시 미추홀구 주안동","229-7","0229","0007","성우아파트","월세","49.8300","202506","26","2,000","70","9","2015","미추홀대로733번길 30","202507~202707","신규","-","","","아파트"
"40945","인천광역시 연수구 연수동","582-2","0582","0002","승기마을,연수1차시영","전세","26.8200","202506","26","10,000","0","5","1992","원인재로 212","202507~202707","갱신","-","10,000","0","아파트"
"40946","인천광역시 미추홀구 주안동","1614","1614","0000","월드스테이트(201~205)","전세","59.9960","202506","26","23,600","0","7","2008","경원대로864번길 114","202507~202707","갱신","사용","22,500","0","아파트"
"40947","인천광역시 연수구 연수동","577","0577","0000","영남","월세","84.8000","202506","26","1,000","95","1","1992","새말로 111","202507~202707","신규","-","","","아파트"
"40948","인천광역시 연수구 연수동","582-2","0582","0002","승기마을,연수1차시영","월세","26.8200","202506","26","500","40","8","1992","원인재로 212","202506~202706","신규","-","","","아파트"
"40949","인천광역시 연수구 연수동","533","0533","0000","연수주공2차","전세","41.3000","202506","26","13,500","0","9","1992","원인재로 315","202507~202707","신규","-","","","아파트"
"40950","인천광역시 연수구 연수동","635","0635","0000","우성1","전세","101.9700","202506","26","31,500","0","1","1994","청능대로 175","202506~202706","갱신","사용","30,000","0","아파트"
"40951","인천광역시 연수구 송도동","308-1","0308","0001","더샵송도마리나베이","월세","84.4546","202506","26","5,000","150","2","2020","랜드마크로 160","202507~203007","신규","-","","","아파트"
"40952","인천광역시 연수구 송도동","311","0311","0000","랜드마크시티센트럴더샵","월세","95.8548","202506","26","5,000","160","23","2020","랜드마크로 68","202507~202707","신규","-","","","아파트"
"40953","인천광역시 연수구 송도동","102","0102","0000","송도더샵퍼스트파크F15BL","전세","68.9600","202506","26","34,000","0","36","2017","컨벤시아대로252번길 30","-","-","-","","","아파트"
"40954","인천광역시 연수구 송도동","23-5","0023","0005","송도센트럴파크푸르지오","전세","143.6803","202506","26","110,000","0","44","2015","센트럴로 160","202508~202708","신규","-","","","아파트"
"40955","인천광역시 연수구 송도동","3-13","0003","0013","송도풍림아이원3단지","전세","84.9400","202506","26","35,000","0","5","2005","해돋이로84번길 29","202507~202707","신규","-","","","아파트"
"40956","인천광역시 미추홀구 주안동","23-20","0023","0020","연흥(23-20)","월세","54.0000","202506","26","1,500","55","1","1983","석정로434번길 18","202507~202707","신규","-","","","아파트"
"40957","인천광역시 미추홀구 주안동","1628","1628","0000","주안역센트레빌","전세","59.9813","202506","26","24,000","0","16","2021","염전로 414","202508~202708","갱신","사용","24,000","0","아파트"
"40958","인천광역시 연수구 송도동","3-10","0003","0010","송도풍림아이원2단지","월세","84.9600","202506","26","2,000","155","19","2005","해돋이로120번길 16","202509~202709","신규","-","","","아파트"
"40959","인천광역시 연수구 옥련동","641-1","0641","0001","태평","월세","59.9300","202506","26","1,500","80","16","1997","한나루로193번길 16","202508~202707","신규","-","","","아파트"
"40960","인천광역시 연수구 옥련동","118-44","0118","0044","송도역서해그랑블더파크","전세","75.9190","202506","26","28,000","0","18","2025","한진로 77","202509~202803","신규","-","","","아파트"
"40961","인천광역시 연수구 송도동","100","0100","0000","송도더샵퍼스트파크F13-1BL","전세","68.7200","202506","26","31,500","0","12","2017","컨벤시아대로252번길 70","202507~202707","갱신","-","30,000","0","아파트"
"40962","인천광역시 연수구 송도동","18-10","0018","0010","송도더샵하버뷰(D14)","전세","84.8370","202506","26","50,000","0","24","2011","아트센터대로97번길 76","202508~202708","신규","-","","","아파트"
"40963","인천광역시 연수구 송도동","396-1","0396","0001","송도LuxeOceanSKVIEW","월세","84.9577","202506","26","3,000","170","45","2025","랜드마크로 350","202507~202607","신규","-","","","아파트"
"40964","인천광역시 연수구 송도동","23-3","0023","0003","더샵센트럴파크1","전세","96.3180","202506","26","40,500","0","37","2010","센트럴로 232","202510~202710","신규","-","","","아파트"
"40965","인천광역시 연수구 송도동","312-1","0312","0001","호반써밋송도","전세","84.8714","202506","26","34,000","0","36","2023","랜드마크로 20","202508~202708","신규","-","","","아파트"
"40966","인천광역시 연수구 송도동","30-2","0030","0002","힐스테이트송도더스카이","월세","84.8787","202506","26","3,000","190","49","2024","인천타워대로 365","202507~202706","신규","-","","","아파트"
"40967","인천광역시 연수구 송도동","19-5","0019","0005","송도푸르지오하버뷰","월세","162.3109","202506","26","45,000","220","4","2011","컨벤시아대로130번길 80","202506~202706","신규","-","","","아파트"
"40968","인천광역시 연수구 송도동","2-9","0002","0009","송도풍림아이원4단지","전세","84.7159","202506","26","31,000","0","10","2005","신송로82번길 6","202507~202707","갱신","-","29,500","0","아파트"
"40969","인천광역시 연수구 송도동","92","0092","0000","더샵송도센트럴파크Ⅲ","전세","102.4900","202506","26","61,950","0","27","2022","인천타워대로180번길 11","202506~202706","갱신","사용","59,000","0","아파트"
"40970","인천광역시 연수구 송도동","18-6","0018","0006","더샵그린워크1차","전세","84.8682","202506","26","48,000","0","16","2014","아트센터대로97번길 30","202509~202709","신규","-","","","아파트"
"40971","인천광역시 연수구 송도동","310-1","0310","0001","송도오션파크베르디움","월세","84.9128","202506","26","3,000","135","3","2020","랜드마크로 110","202507~202707","신규","-","","","아파트"
"40972","인천광역시 연수구 송도동","16-8","0016","0008","송도더샵그린애비뉴7단지","전세","112.1643","202506","26","55,000","0","7","2012","컨벤시아대로42번길 35","202506~202707","신규","-","","","아파트"
"40973","인천광역시 연수구 송도동","396-1","0396","0001","송도LuxeOceanSKVIEW","전세","84.9935","202506","26","30,000","0","12","2025","랜드마크로 350","202507~202707","신규","-","","","아파트"
"40974","인천광역시 연수구 송도동","310-1","0310","0001","송도오션파크베르디움","전세","84.9128","202506","26","34,000","0","30","2020","랜드마크로 110","202507~202707","갱신","사용","33,000","0","아파트"
"40975","인천광역시 연수구 송도동","308-1","0308","0001","더샵송도마리나베이","전세","84.4546","202506","26","33,000","0","11","2020","랜드마크로 160","202508~202708","신규","-","","","아파트"
"40976","인천광역시 서구 청라동","103-16","0103","0016","청라SKVIEW","월세","101.5882","202506","26","5,000","145","15","2011","솔빛로 93","202507~202707","신규","-","","","아파트"
"40977","인천광역시 서구 청라동","139-1","0139","0001","청라한화꿈에그린","전세","100.7927","202506","26","31,500","0","11","2012","크리스탈로 148","202507~202707","갱신","사용","30,000","0","아파트"
"40978","인천광역시 서구 청라동","154-1","0154","0001","청라더샵레이크파크","월세","106.8930","202506","26","42,000","11","33","2013","크리스탈로74번길 26","-","-","-","","","아파트"
"40979","인천광역시 서구 불로동","372","0372","0000","퀸스타운(길훈)","전세","84.9900","202506","26","18,000","0","8","1999","검단로 786","202507~202707","신규","-","","","아파트"
"40980","인천광역시 서구 청라동","85-1","0085","0001","청라국제금융단지한양수자인레이크블루","전세","84.3477","202506","26","33,000","0","10","2019","청라한내로 132","202508~202608","갱신","-","33,000","0","아파트"
"40981","인천광역시 서구 왕길동","661-1","0661","0001","대림e-편한세상(검단2지구66BL1L)","전세","84.9100","202506","26","25,000","0","3","2007","검단로 446","202509~202709","갱신","-","23,000","0","아파트"
"40982","인천광역시 서구 청라동","103-15","0103","0015","청라호수공원한신더휴","월세","84.9613","202506","26","5,000","160","7","2020","청라한내로 40","202508~202708","신규","-","","","아파트"
"40983","인천광역시 서구 왕길동","696-1","0696","0001","검단자이2단지","전세","84.7430","202506","26","27,000","0","10","2010","오동로 32","202508~202708","신규","-","","","아파트"
"40984","인천광역시 서구 불로동","864","0864","0000","힐스테이트검단포레스트","전세","84.9857","202506","26","26,000","0","19","2024","용해로 20","202508~202708","신규","-","","","아파트"
"40985","인천광역시 강화군 강화읍 관청리","175-1","0175","0001","그랑프리타워","월세","30.8300","202506","26","1,000","45","9","2015","강화대로404번길 7","202506~202612","신규","-","","","아파트"
"40986","인천광역시 서구 불로동","793-1","0793","0001","삼보해피하임2단지(불로지구51BL1L)","전세","84.9911","202506","26","20,000","0","15","2007","검단로744번3길 8","202507~202707","신규","-","","","아파트"
"40987","인천광역시 강화군 길상면 온수리","455-6","0455","0006","건일온수","월세","54.0000","202506","26","1,000","40","3","1991","온수길 67","202506~202706","신규","-","","","아파트"
"40988","인천광역시 서구 원당동","987","0987","0000","검단신도시로제비앙라포레","전세","84.8086","202506","26","32,000","0","4","2022","서로3로 277","202508~202708","신규","-","","","아파트"
"40989","인천광역시 서구 청라동","164-1","0164","0001","청라 엑슬루타워","월세","102.6200","202506","26","4,000","170","48","2011","중봉대로586번길 22","202506~202706","갱신","-","4,000","158","아파트"
"40990","인천광역시 서구 청라동","139-1","0139","0001","청라한화꿈에그린","전세","113.7267","202506","26","44,000","0","27","2012","크리스탈로 148","202507~202707","신규","-","","","아파트"
"40991","인천광역시 서구 청라동","184-1","0184","0001","청라엘에이치","월세","46.6400","202506","26","3,099","26","5","2011","청라커낼로 232","202507~202709","신규","-","","","아파트"
"40992","인천광역시 서구 청라동","159-1","0159","0001","청라롯데캐슬","전세","141.1803","202506","26","65,000","0","28","2013","청라커낼로 252","202506~202704","갱신","-","50,000","0","아파트"
"40993","인천광역시 서구 청라동","154-1","0154","0001","청라더샵레이크파크","월세","106.8930","202506","26","42,000","11","33","2013","크리스탈로74번길 26","202507~202707","갱신","사용","42,000","0","아파트"
"40994","인천광역시 서구 당하동","1327-1","1327","0001","인천검단엘에이치36단지","월세","37.9700","202506","26","5,049","10","16","2023","독정로 111","202509~202708","갱신","-","2,474","22","아파트"
"40995","인천광역시 서구 당하동","1327-1","1327","0001","인천검단엘에이치36단지","월세","37.0400","202506","26","5,087","9","4","2023","독정로 111","202509~202708","갱신","-","2,415","22","아파트"
"40996","인천광역시 계양구 계산동","321-2","0321","0002","삼천리","전세","43.1050","202506","26","10,000","0","3","1987","주부토로 507","202509~202709","신규","-","","","아파트"
"40997","인천광역시 계양구 작전동","912-5","0912","0005","도두리마을대동","전세","40.0500","202506","26","11,500","0","1","1997","도두리로 74","202508~202708","갱신","-","10,500","0","아파트"
"40998","인천광역시 서구 석남동","579-2","0579","0002","동아","전세","70.9800","202506","26","14,000","0","3","1984","건지로 277","202507~202607","갱신","-","14,000","0","아파트"
"40999","인천광역시 계양구 계산동","954-30","0954","0030","서해3","전세","58.3300","202506","26","14,850","0","1","1991","주부토로501번길 26","202508~202708","신규","-","","","아파트"
"41000","인천광역시 서구 당하동","1327-1","1327","0001","인천검단엘에이치36단지","월세","46.1800","202506","26","3,906","30","1","2023","독정로 111","202509~202708","갱신","-","3,792","29","아파트"
"41001","인천광역시 서구 마전동","1003-1","1003","0001","동아","월세","59.9800","202506","26","2,000","75","12","1999","완정로34번길 20","202509~202709","신규","-","","","아파트"
"41002","인천광역시 서구 백석동","가-","0000","0000","검암역로열파크씨티푸르지오2단지","전세","74.0021","202506","26","30,450","0","22","2023","한들로 73","202507~202612","갱신","사용","29,000","0","아파트"
"41003","인천광역시 서구 심곡동","285","0285","0000","대동","전세","59.9100","202506","26","16,800","0","10","1996","심곡로 135","202508~202708","신규","-","","","아파트"
"41004","인천광역시 계양구 계산동","348-2","0348","0002","하나","월세","39.9600","202506","26","1,000","47","2","1987","경명대로1114번길 6","202506~202706","갱신","사용","1,000","45","아파트"
"41005","인천광역시 서구 당하동","1305-1","1305","0001","우미린파크뷰1단지","전세","84.8773","202506","26","30,000","0","11","2023","이음2로 89","202507~202707","신규","-","","","아파트"
"41006","인천광역시 서구 마전동","917-1","0917","0001","한일","전세","59.1000","202506","26","9,500","0","6","1991","검단로501번길 44","202507~202707","신규","-","","","아파트"
"41007","인천광역시 계양구 계산동","857-3","0857","0003","팬더","전세","38.7000","202506","26","3,000","0","6","1987","계산로 50-1","202506~202706","신규","-","","","아파트"
"41008","인천광역시 계양구 계산동","18-4","0018","0004","팬더2","전세","40.7600","202506","26","10,900","0","1","1989","경명대로1142번길 15","202509~202709","신규","-","","","아파트"
"41009","인천광역시 서구 신현동","304-1","0304","0001","루원시티 대성베르힐","전세","84.9778","202506","26","35,000","0","13","2017","봉오재1로 15","202508~202708","신규","-","","","아파트"
"41010","인천광역시 계양구 서운동","230","0230","0000","계양효성해링턴플레이스","월세","59.9770","202506","26","5,000","100","17","2021","서운로 34","202506~202706","갱신","사용","5,000","100","아파트"
"41011","인천광역시 계양구 효성동","21-6","0021","0006","동서","월세","43.4550","202506","26","1,000","40","2","1990","길마로 57","202509~202609","신규","-","","","아파트"
"41012","인천광역시 계양구 계산동","18-13","0018","0013","팬더1","전세","40.7600","202506","26","9,450","0","6","1989","경명대로1142번길 7","202507~202707","갱신","사용","9,000","0","아파트"
"41013","인천광역시 서구 경서동","994","0994","0000","인천경서아시아드대광로제비앙","전세","84.0741","202506","26","24,000","0","5","2017","모월곶로 41","202506~202706","갱신","사용","23,000","0","아파트"
"41014","인천광역시 서구 경서동","994","0994","0000","인천경서아시아드대광로제비앙","전세","84.0741","202506","26","22,000","0","6","2017","모월곶로 41","202507~202707","갱신","사용","21,000","0","아파트"
"41015","인천광역시 서구 당하동","1314","1314","0000","검단신안인스빌어반퍼스트","전세","94.9550","202506","26","31,000","0","25","2022","이음1로 173","202509~202709","신규","-","","","아파트"
"41016","인천광역시 계양구 병방동","433-1","0433","0001","학마을한진","전세","49.7700","202506","26","19,000","0","4","1998","용종로 124","202509~202709","신규","-","","","아파트"
"41017","인천광역시 계양구 병방동","432-5","0432","0005","학마을서해","월세","26.0100","202506","26","500","40","6","1997","장제로 878","202507~202607","갱신","-","500","38","아파트"
"41018","인천광역시 서구 당하동","1327-1","1327","0001","인천검단엘에이치36단지","월세","46.0300","202506","26","3,893","30","4","2023","독정로 111","202509~202708","갱신","-","3,780","29","아파트"
"41019","인천광역시 계양구 귤현동","531","0531","0000","계양센트레빌1단지","전세","121.6787","202506","26","38,000","0","13","2013","형제봉길 100","202508~202708","신규","-","","","아파트"
"41020","인천광역시 서구 당하동","1314","1314","0000","검단신안인스빌어반퍼스트","전세","94.9550","202506","26","31,000","0","25","2022","이음1로 173","-","-","-","","","아파트"
"41021","인천광역시 계양구 용종동","214-2","0214","0002","용종마을중앙","전세","39.8250","202506","26","13,230","0","2","1997","계양문화로 141","202507~202707","신규","-","","","아파트"
"41022","인천광역시 서구 당하동","1272-2","1272","0002","유승한내들 에듀파크","월세","84.2411","202506","26","3,000","100","24","2021","이음3로 130","202507~202707","신규","-","","","아파트"
"41023","인천광역시 서구 당하동","1318-8","1318","0008","검단신도시모아미래도엘리트파크","전세","84.9395","202506","26","30,000","0","5","2022","서로3로 50","202508~202708","신규","-","","","아파트"
"41024","인천광역시 서구 당하동","1314","1314","0000","검단신안인스빌어반퍼스트","월세","84.7322","202506","26","2,000","135","1","2022","이음1로 173","202508~202708","신규","-","","","아파트"
"41025","인천광역시 서구 당하동","1327-1","1327","0001","인천검단엘에이치36단지","월세","46.0300","202506","26","7,293","13","10","2023","독정로 111","202509~202708","갱신","-","3,780","29","아파트"
"41026","인천광역시 서구 당하동","1327-1","1327","0001","인천검단엘에이치36단지","월세","46.0300","202506","26","7,293","13","8","2023","독정로 111","202509~202708","갱신","-","3,780","29","아파트"
"41027","인천광역시 계양구 작전동","951","0951","0000","브라운스톤계양스카이","전세","75.6880","202506","26","31,500","0","12","2020","아나지로299번길 11","202508~202708","갱신","사용","30,000","0","아파트"
"41028","인천광역시 계양구 용종동","214-1","0214","0001","용종마을신대진","월세","37.1700","202506","26","1,000","60","6","1997","용종로 97","202508~202708","신규","-","","","아파트"
"41029","인천광역시 서구 당하동","1327-1","1327","0001","인천검단엘에이치36단지","월세","46.0300","202506","26","3,893","30","9","2023","독정로 111","202509~202708","갱신","-","3,780","29","아파트"
"41030","인천광역시 서구 당하동","1318-8","1318","0008","검단신도시모아미래도엘리트파크","전세","84.6561","202506","26","30,000","0","10","2022","서로3로 50","202508~202708","신규","-","","","아파트"
"41031","인천광역시 계양구 병방동","432-5","0432","0005","학마을서해","월세","59.7900","202506","26","3,000","65","6","1997","장제로 878","202506~202706","갱신","-","3,000","65","아파트"
"41032","인천광역시 계양구 동양동","582","0582","0000","한진해모로","전세","59.6100","202506","26","22,000","0","14","2006","동양로 100","202507~202707","갱신","사용","22,000","0","아파트"
"41033","인천광역시 계양구 동양동","582","0582","0000","한진해모로","전세","59.6100","202506","26","22,000","0","14","2006","동양로 100","202507~202707","갱신","-","22,000","0","아파트"
"41034","인천광역시 서구 가정동","603-1","0603","0001","루원제일풍경채","전세","84.2814","202506","26","34,000","0","20","2018","봉오재3로 11","202508~202708","신규","-","","","아파트"
"41035","인천광역시 서구 가정동","604-1","0604","0001","가정엘에이치3단지(국민임대)","월세","36.9600","202506","26","2,135","16","5","2012","봉오재3로 14","202507~202709","신규","-","","","아파트"
"41036","인천광역시 서구 가정동","610-1","0610","0001","루원시티프라디움","전세","84.9917","202506","26","40,000","0","12","2018","봉오재3로 66","202506~202706","신규","-","","","아파트"
"41037","인천광역시 서구 가정동","604-1","0604","0001","가정엘에이치3단지(국민임대)","월세","46.8800","202506","26","6,258","13","2","2012","봉오재3로 14","202508~202707","갱신","-","3,358","26","아파트"
"41038","인천광역시 서구 가정동","604-1","0604","0001","가정엘에이치3단지(국민임대)","월세","59.8100","202506","26","5,024","41","8","2012","봉오재3로 14","202507~202709","신규","-","","","아파트"
"41039","인천광역시 남동구 서창동","636","0636","0000","인천서창엘에이치1단지","월세","36.7700","202506","26","3,870","8","2","2015","서창남순환로 124-14","202509~202708","갱신","-","1,718","18","아파트"
"41040","인천광역시 남동구 서창동","715","0715","0000","서창베라체아파트(11단지)","전세","84.9300","202506","26","27,500","0","10","2012","서창남로 17","202508~202708","신규","-","","","아파트"
"41041","인천광역시 남동구 만수동","983-1","0983","0001","삼환1단지","전세","59.0500","202506","26","16,000","0","11","1989","인주대로 857","202506~202706","갱신","사용","16,000","0","아파트"
"41042","인천광역시 남동구 만수동","1043","1043","0000","만수주공10단지","월세","49.7700","202506","26","2,000","60","2","1994","장승남로 34","202508~202708","신규","-","","","아파트"
"41043","인천광역시 남동구 만수동","1005","1005","0000","주공8단지","월세","38.6400","202506","26","500","50","2","1990","담방로 105","202507~202707","신규","-","","","아파트"
"41044","인천광역시 남동구 만수동","1123","1123","0000","하우스토리만수","전세","59.9769","202506","26","23,000","0","17","2020","구월로372번길 90","202507~202707","갱신","사용","22,000","0","아파트"
"41045","인천광역시 남동구 구월동","258","0258","0000","팬더","전세","77.1200","202506","26","21,000","0","8","1991","인주대로662번길 32","202507~202707","갱신","-","20,000","0","아파트"
"41046","인천광역시 남동구 구월동","1551","1551","0000","구월아시아드선수촌7단지","월세","36.6939","202506","26","1,221","22","28","2023","선수촌로 7","202507~202706","갱신","-","5,544","31","아파트"
"41047","인천광역시 남동구 구월동","1551","1551","0000","구월아시아드선수촌7단지","월세","36.6939","202506","26","5,952","23","17","2023","선수촌로 7","202507~202706","갱신","-","5,870","32","아파트"
"41048","인천광역시 남동구 구월동","1551","1551","0000","구월아시아드선수촌7단지","월세","36.6939","202506","26","1,552","23","26","2023","선수촌로 7","202507~202706","갱신","-","5,544","31","아파트"
"41049","인천광역시 남동구 구월동","1636","1636","0000","한화포레나인천구월","전세","59.9847","202506","26","31,000","0","17","2023","용천로105번길 8","202509~202709","신규","-","","","아파트"
"41050","인천광역시 남동구 구월동","24","0024","0000","롯데캐슬골드","월세","83.9829","202506","26","5,000","115","16","2007","호구포로 803","202506~202706","갱신","사용","5,000","100","아파트"
"41051","인천광역시 남동구 구월동","1508","1508","0000","구월유승한내들퍼스티지","전세","84.3455","202506","26","41,327","0","9","2016","선수촌로 75","202509~202609","갱신","-","39,359","0","아파트"
"41052","인천광역시 남동구 구월동","1551","1551","0000","구월아시아드선수촌7단지","월세","36.6939","202506","26","10,252","23","15","2023","선수촌로 7","202507~202706","갱신","-","5,870","6","아파트"
"41053","인천광역시 남동구 구월동","258","0258","0000","팬더","전세","77.1200","202506","26","21,000","0","8","1991","인주대로662번길 32","202507~202707","갱신","사용","20,000","0","아파트"
"41054","인천광역시 남동구 구월동","24","0024","0000","롯데캐슬골드","월세","46.8778","202506","26","2,000","90","14","2007","호구포로 803","202509~202709","신규","-","","","아파트"
"41055","인천광역시 남동구 구월동","1510","1510","0000","구월아시아드선수촌센트럴자이","월세","101.9500","202506","26","5,000","150","18","2015","선수촌로 55","202507~202607","신규","-","","","아파트"
"41056","인천광역시 남동구 서창동","715","0715","0000","서창베라체아파트(11단지)","전세","84.9300","202506","26","27,500","0","10","2012","서창남로 17","-","-","-","","","아파트"
"41057","인천광역시 남동구 서창동","679","0679","0000","인천서창엘에이치15단지","월세","21.9800","202506","26","446","17","14","2017","서창남로 109","202506~202708","신규","-","","","아파트"
"41058","인천광역시 남동구 서창동","692","0692","0000","서창센트라스아파트","월세","84.9200","202506","26","3,000","120","14","2014","서창남순환로 201","202507~202707","신규","-","","","아파트"
"41059","인천광역시 남동구 서창동","636","0636","0000","인천서창엘에이치1단지","월세","36.7700","202506","26","3,870","8","2","2015","서창남순환로 124-14","202509~202708","갱신","-","3,870","8","아파트"
"41060","인천광역시 남동구 서창동","744","0744","0000","인천서창엘에에치14단지","월세","16.6600","202506","26","572","13","6","2020","운연천로 9","202506~202708","갱신","-","1,872","9","아파트"
"41061","인천광역시 남동구 간석동","191-1","0191","0001","인향","전세","39.7200","202506","26","8,000","0","2","1986","석산로169번길 25","202507~202707","신규","-","","","아파트"
"41062","인천광역시 남동구 간석동","214-15","0214","0015","웰스하임","월세","18.9700","202506","26","500","45","14","2014","백범로 381","202506~202606","신규","-","","","아파트"
"41063","인천광역시 남동구 간석동","501","0501","0000","극동","전세","50.9300","202506","26","18,000","0","11","1989","구월로 78","202507~202707","신규","-","","","아파트"
"41064","인천광역시 남동구 간석동","944","0944","0000","인천시청역힐스테이트","월세","39.9600","202506","26","19,000","4","12","2024","구월로37번길 10","202509~202709","신규","-","","","아파트"
"41065","인천광역시 남동구 간석동","939-1","0939","0001","간석래미안자이","전세","59.9100","202506","26","25,000","0","1","2008","남동대로 860","202507~202707","갱신","사용","24,000","0","아파트"
"41066","인천광역시 남동구 간석동","938-1","0938","0001","어울림마을","월세","59.8700","202506","26","15,000","50","19","2005","석산로 138","202507~202707","신규","-","","","아파트"
"41067","인천광역시 남동구 간석동","939-1","0939","0001","간석래미안자이","전세","59.9100","202506","26","25,000","0","1","2008","남동대로 860","202507~202707","갱신","사용","24,000","0","아파트"
"41068","인천광역시 부평구 갈산동","359","0359","0000","주공1단지","전세","38.6400","202506","26","14,000","0","8","1992","굴포로 81","202508~202708","신규","-","","","아파트"
"41069","인천광역시 부평구 산곡동","311-126","0311","0126","현대2차","월세","72.5400","202506","26","2,000","80","4","1987","안남로 91","202509~202709","신규","-","","","아파트"
"41070","인천광역시 부평구 삼산동","453-1","0453","0001","삼산타운7단지","전세","84.0700","202506","26","42,000","0","6","2004","체육관로 27","202509~202709","신규","-","","","아파트"
"41071","인천광역시 부평구 삼산동","513","0513","0000","서해그랑블","전세","84.9700","202506","26","31,500","0","14","2011","영성동로18번길 20","202509~202708","갱신","사용","30,000","0","아파트"
"41072","인천광역시 부평구 삼산동","453-1","0453","0001","삼산타운7단지","전세","84.0700","202506","26","42,000","0","6","2004","체육관로 27","202509~202709","신규","-","","","아파트"
"41073","인천광역시 부평구 삼산동","453-1","0453","0001","삼산타운7단지","전세","84.9600","202506","26","34,000","0","2","2004","체육관로 27","202507~202707","갱신","사용","34,000","0","아파트"
"41074","인천광역시 부평구 삼산동","440-1","0440","0001","삼산타운주공1단지","월세","59.9900","202506","26","16,000","32","2","2005","굴포로 105","202508~202708","신규","-","","","아파트"
"41075","인천광역시 부평구 청천동","453","0453","0000","청천우민늘푸른아파트","월세","59.4568","202506","26","2,200","64","2","2020","평천로141번길 11","202507~202708","갱신","-","9,600","42","아파트"
"41076","인천광역시 부평구 십정동","642","0642","0000","힐스테이트부평","전세","84.9900","202506","26","34,000","0","26","2023","경원대로 1192","202507~202707","갱신","-","33,000","0","아파트"
"41077","인천광역시 부평구 십정동","630","0630","0000","더샵부평센트럴시티","월세","59.5385","202506","26","7,000","55","17","2022","열우물로 90","202507~202707","신규","-","","","아파트"
"41078","인천광역시 부평구 십정동","630","0630","0000","더샵부평센트럴시티","월세","59.8032","202506","26","14,500","41","31","2022","열우물로 90","202508~202708","신규","-","","","아파트"
"41079","인천광역시 부평구 십정동","642","0642","0000","힐스테이트부평","전세","59.9800","202506","26","23,000","0","17","2023","경원대로 1192","202507~202707","갱신","사용","22,000","0","아파트"
"41080","인천광역시 부평구 십정동","630","0630","0000","더샵부평센트럴시티","월세","59.8032","202506","26","14,500","41","31","2022","열우물로 90","202508~202708","갱신","-","14,500","41","아파트"
"41081","인천광역시 남동구 논현동","602-1","0602","0001","논현단풍마을트리플에듀","전세","84.7900","202506","26","30,000","0","10","2006","소래역로 94","202507~202707","신규","-","","","아파트"
"41082","인천광역시 남동구 논현동","600-9","0600","0009","주공13단지(푸르내마을)","월세","51.8600","202506","26","2,000","85","8","2006","포구로 98","202507~202707","신규","-","","","아파트"
"41083","인천광역시 남동구 논현동","599-1","0599","0001","주공14단지(등대마을)","월세","46.8100","202506","26","2,334","27","4","2006","청능대로715번길 22","202507~202706","신규","-","","","아파트"
"41084","인천광역시 남동구 논현동","766-1","0766","0001","에코메트로9","전세","123.8120","202506","26","43,000","0","27","2011","에코중앙로 96","202506~202706","갱신","-","40,000","0","아파트"
"41085","인천광역시 남동구 논현동","633-1","0633","0001","논현휴먼시아달맞이마을(5단지)","월세","39.7900","202506","26","4,594","10","3","2007","논현로 105","202507~202706","갱신","-","4,536","9","아파트"
"41086","인천광역시 남동구 논현동","581-1","0581","0001","논현엘에이치15단지","월세","14.7000","202506","26","1,784","7","18","2020","함박뫼로 456","202507~202706","갱신","-","1,584","8","아파트"
"41087","인천광역시 남동구 논현동","564-1","0564","0001","주공1단지","전세","59.1300","202506","26","15,000","0","20","1998","호구포로 294","202508~202708","신규","-","","","아파트"
"41088","인천광역시 남동구 논현동","563-2","0563","0002","동보","전세","109.8600","202506","26","22,000","0","14","1999","남동대로370번길 122","202507~202707","갱신","-","22,000","0","아파트"
"41089","인천광역시 부평구 부평동","937","0937","0000","부평LH1단지(국민임대)","월세","39.9400","202506","26","5,420","8","8","2012","동수로120번길 57","202508~202707","갱신","-","3,104","18","아파트"
"41090","인천광역시 부평구 부평동","946","0946","0000","래미안부평(임대)","전세","39.0530","202506","26","18,000","0","14","2014","길주남로10번길 11","202508~202708","신규","-","","","아파트"
"41091","인천광역시 부평구 산곡동","550","0550","0000","부평캐슬&더샵퍼스트","월세","59.9295","202506","26","2,000","135","5","2024","산청로 60","202509~202704","신규","-","","","아파트"
"41092","인천광역시 부평구 산곡동","519","0519","0000","쌍용더플래티넘부평","전세","84.8900","202506","26","31,500","0","10","2022","원적로287번길 25","202508~202708","갱신","사용","30,000","0","아파트"
"41093","인천광역시 부평구 갈산동","359","0359","0000","주공1단지","월세","41.3000","202506","26","1,500","55","15","1992","굴포로 81","202508~202708","신규","-","","","아파트"
"41094","인천광역시 부평구 부평동","576-3","0576","0003","SR벨리체2차","월세","49.1800","202506","26","1,000","80","10","2014","대정로 74","202507~202707","신규","-","","","아파트"
"41095","인천광역시 부평구 부평동","1017","1017","0000","부평역해링턴플레이스","월세","72.9900","202506","26","4,000","140","20","2024","동수로 36","202507~202707","신규","-","","","아파트"
"41096","인천광역시 부평구 부평동","946","0946","0000","래미안부평(임대)","전세","39.0530","202506","26","18,000","0","14","2014","길주남로10번길 11","202508~202708","신규","-","","","아파트"
"41097","인천광역시 부평구 부개동","502-8","0502","0008","부개주공7단지","월세","59.9900","202506","26","3,000","90","8","1998","동수천로 118","202510~202603","신규","-","","","아파트"
"41098","인천광역시 부평구 부개동","500-1","0500","0001","주공5","전세","59.9900","202506","26","23,100","0","19","1998","부개로 11","202508~202708","갱신","사용","22,000","0","아파트"
"41099","인천광역시 부평구 부개동","501-1","0501","0001","부개주공6","전세","84.7900","202506","26","27,000","0","10","1997","부개로 12","202507~202706","갱신","-","22,000","0","아파트"
"41100","인천광역시 중구 중산동","1871-3","1871","0003","하늘도시우미린2단지","전세","84.7989","202506","26","24,000","0","7","2012","하늘달빛로 113","202508~202708","신규","-","","","아파트"
"41101","인천광역시 중구 운서동","3101-1","3101","0001","영종하늘도시유승한내들","월세","80.1472","202506","26","16,785","29","17","2019","영종대로252번길 38","202507~202707","신규","-","","","아파트"
"41102","인천광역시 중구 운서동","3101-1","3101","0001","영종하늘도시유승한내들","월세","84.8366","202506","26","17,943","29","11","2019","영종대로252번길 38","202507~202707","신규","-","","","아파트"
"41103","인천광역시 중구 운서동","3101-1","3101","0001","영종하늘도시유승한내들","전세","80.1472","202506","26","20,837","0","2","2019","영종대로252번길 38","202507~202707","신규","-","","","아파트"
"41104","인천광역시 중구 운북동","1366-8","1366","0008","영종BENESTWeHome골든마레","월세","84.9673","202506","26","1,000","66","3","2023","자연대로 667","202507~202707","신규","-","","","아파트"
"41105","인천광역시 중구 중산동","1881-1","1881","0001","하늘도시우미린1단지","전세","59.9600","202506","26","17,300","0","24","2012","은하수로 351","202508~202708","갱신","사용","16,500","0","아파트"
"41106","인천광역시 미추홀구 용현동","627-457","0627","0457","윤성","월세","59.8600","202506","26","2,000","70","18","1993","매소홀로 143","202507~202707","신규","-","","","아파트"
"41107","인천광역시 미추홀구 용현동","690","0690","0000","엘에이치미추홀3단지","월세","21.9700","202506","26","3,370","7","14","2018","낙섬중로 129","202510~202709","신규","-","","","아파트"
"41108","인천광역시 미추홀구 용현동","690","0690","0000","엘에이치미추홀3단지","월세","21.9700","202506","26","2,370","12","13","2018","낙섬중로 129","202510~202709","갱신","-","2,301","12","아파트"
"41109","인천광역시 중구 운서동","3101-1","3101","0001","영종하늘도시유승한내들","월세","84.8366","202506","26","17,943","29","16","2019","영종대로252번길 38","202506~202707","신규","-","","","아파트"
"41110","인천광역시 미추홀구 용현동","627-457","0627","0457","윤성","월세","59.8600","202506","26","2,000","70","18","1993","매소홀로 143","202507~202707","신규","-","","","아파트"
"41111","인천광역시 중구 운서동","3101-1","3101","0001","영종하늘도시유승한내들","월세","84.8366","202506","26","17,943","29","19","2019","영종대로252번길 38","202506~202707","신규","-","","","아파트"
"41112","인천광역시 중구 운서동","3101-1","3101","0001","영종하늘도시유승한내들","월세","80.1472","202506","26","11,576","45","2","2019","영종대로252번길 38","202506~202707","신규","-","","","아파트"
"41113","인천광역시 중구 운서동","3101-1","3101","0001","영종하늘도시유승한내들","월세","80.1472","202506","26","16,785","29","7","2019","영종대로252번길 38","202506~202707","신규","-","","","아파트"
"41114","인천광역시 중구 운서동","3101-1","3101","0001","영종하늘도시유승한내들","월세","80.3131","202506","26","16,785","29","15","2019","영종대로252번길 38","202506~202707","신규","-","","","아파트"
"41115","인천광역시 중구 운서동","3101-1","3101","0001","영종하늘도시유승한내들","월세","80.1472","202506","26","16,785","29","8","2019","영종대로252번길 38","202506~202707","신규","-","","","아파트"
"41116","인천광역시 중구 운서동","3101-1","3101","0001","영종하늘도시유승한내들","월세","84.8366","202506","26","17,943","25","2","2019","영종대로252번길 38","202506~202707","신규","-","","","아파트"
"41117","인천광역시 중구 운서동","3101-1","3101","0001","영종하늘도시유승한내들","월세","84.8366","202506","26","17,943","29","12","2019","영종대로252번길 38","202506~202707","신규","-","","","아파트"
"41118","인천광역시 중구 운서동","3101-1","3101","0001","영종하늘도시유승한내들","월세","80.1472","202506","26","16,785","29","14","2019","영종대로252번길 38","202506~202707","신규","-","","","아파트"
"41119","인천광역시 중구 운서동","3101-1","3101","0001","영종하늘도시유승한내들","월세","84.8366","202506","26","12,733","49","13","2019","영종대로252번길 38","202506~202707","신규","-","","","아파트"
"41120","인천광역시 미추홀구 학익동","125-1","0125","0001","신동아1","전세","41.9600","202506","26","13,000","0","6","1988","소성로 211","202507~202707","신규","-","","","아파트"
"41121","인천광역시 중구 중산동","1887-1","1887","0001","영종하늘도시한라비발디","전세","115.2344","202506","26","32,000","0","16","2012","하늘별빛로 86","202508~202708","신규","-","","","아파트"
"41122","인천광역시 중구 중산동","1889-2","1889","0002","영종국제도시화성파크드림","월세","84.9421","202506","26","3,000","125","33","2019","하늘별빛로 112","202509~202709","신규","-","","","아파트"
"41123","인천광역시 중구 중산동","1889-2","1889","0002","영종국제도시화성파크드림","전세","84.7363","202506","26","30,000","0","14","2019","하늘별빛로 112","202508~202708","신규","-","","","아파트"
"41124","인천광역시 중구 중산동","1881-1","1881","0001","하늘도시우미린1단지","전세","59.9600","202506","26","20,000","0","9","2012","은하수로 351","202508~202708","신규","-","","","아파트"
"41125","인천광역시 중구 중산동","1880-1","1880","0001","영종서희스타힐스","월세","84.7100","202506","26","2,000","120","2","2025","은하수로 350","202507~202707","신규","-","","","아파트"
"41126","인천광역시 중구 중산동","1889-2","1889","0002","영종국제도시화성파크드림","전세","84.7363","202506","26","30,000","0","14","2019","하늘별빛로 112","202508~202708","신규","-","","","아파트"
"41127","인천광역시 중구 중산동","1887-1","1887","0001","영종하늘도시한라비발디","월세","139.5524","202506","26","3,000","150","27","2012","하늘별빛로 86","202508~202708","갱신","사용","3,000","140","아파트"
"41128","인천광역시 미추홀구 숭의동","362-19","0362","0019","힐스테이트숭의역","전세","59.9830","202506","26","26,000","0","27","2025","인주대로 5","202509~202709","신규","-","","","아파트"
"41129","인천광역시 중구 운남동","1778","1778","0000","운서역푸르지오더스카이","월세","62.6200","202506","26","3,000","42","5","2021","흰바위로 277","202509~202709","갱신","-","3,000","41","아파트"
"41130","인천광역시 중구 운남동","1778","1778","0000","운서역푸르지오더스카이","월세","84.5100","202506","26","8,000","41","10","2021","흰바위로 277","202509~202709","갱신","-","8,000","40","아파트"
"41131","인천광역시 중구 운남동","1778","1778","0000","운서역푸르지오더스카이","월세","84.6900","202506","26","3,000","56","1","2021","흰바위로 277","202509~202709","갱신","-","3,000","54","아파트"
"41132","인천광역시 중구 운남동","1778","1778","0000","운서역푸르지오더스카이","월세","74.6600","202506","26","10,000","29","11","2021","흰바위로 277","202509~202709","갱신","-","10,000","28","아파트"
"41133","인천광역시 중구 운남동","1778","1778","0000","운서역푸르지오더스카이","월세","84.6900","202506","26","11,900","30","12","2021","흰바위로 277","202509~202709","갱신","-","11,900","29","아파트"
"41134","인천광역시 중구 운남동","1778","1778","0000","운서역푸르지오더스카이","월세","74.6200","202506","26","7,000","32","16","2021","흰바위로 277","-","-","-","","","아파트"
"41135","인천광역시 중구 운남동","1778","1778","0000","운서역푸르지오더스카이","월세","74.6200","202506","26","7,000","32","16","2021","흰바위로 277","202507~202707","신규","-","","","아파트"
"41136","인천광역시 미추홀구 도화동","1004","1004","0000","e편한세상도화5단지","월세","84.9100","202506","26","14,072","39","5","2018","숙골로112번길 11","202508~202707","갱신","-","14,072","39","아파트"
"41137","인천광역시 중구 신흥동3가","7-235","0007","0235","신흥아이파크","전세","59.9040","202506","26","18,500","0","8","2002","인항로 30","202509~202709","신규","-","","","아파트"
"41138","인천광역시 중구 신흥동3가","7-235","0007","0235","신흥아이파크","전세","59.9040","202506","26","18,500","0","8","2002","인항로 30","202509~202709","신규","-","","","아파트"
"41139","인천광역시 중구 신흥동3가","7-235","0007","0235","신흥아이파크","월세","59.9040","202506","26","12,000","37","14","2002","인항로 30","202507~202707","갱신","사용","12,000","30","아파트"
"41140","인천광역시 중구 중산동","1881-1","1881","0001","하늘도시우미린1단지","전세","59.9600","202506","26","14,700","0","27","2012","은하수로 351","202507~202707","갱신","사용","14,000","0","아파트"
"41141","인천광역시 동구 송림동","348","0348","0000","동인천역파크푸르지오","월세","36.9590","202506","26","7,500","28","12","2023","화도진로 16","202508~202708","신규","-","","","아파트"
"41142","인천광역시 중구 항동7가","27-107","0027","0107","라이프비취2차","전세","54.7100","202506","26","6,000","0","14","1981","축항대로86번길 47","202507~202707","신규","-","","","아파트"
"41143","인천광역시 중구 운서동","3102-1","3102","0001","영종엘에이치2단지","월세","36.2100","202506","26","5,197","7","11","2018","영종대로252번길 12","202509~202708","갱신","-","5,096","7","아파트"
"41144","인천광역시 중구 운서동","3101-1","3101","0001","영종하늘도시유승한내들","월세","80.1472","202506","26","16,785","29","7","2019","영종대로252번길 38","202506~202707","신규","-","","","아파트"
"41145","인천광역시 중구 중산동","1881-1","1881","0001","하늘도시우미린1단지","전세","59.9600","202506","26","16,275","0","9","2012","은하수로 351","202507~202707","갱신","사용","15,500","0","아파트"
"41146","인천광역시 중구 중산동","1872-1","1872","0001","영종신명스카이뷰주얼리","월세","56.6190","202506","26","1,000","74","25","2013","하늘달빛로 95","202508~202708","갱신","사용","1,000","70","아파트"
"41147","인천광역시 동구 송림동","348","0348","0000","동인천역파크푸르지오","월세","59.6045","202506","25","14,000","37","6","2023","화도진로 16","202508~202707","신규","-","","","아파트"
"41148","인천광역시 미추홀구 숭의동","171-34","0171","0034","진복행복마을","전세","42.8200","202506","25","8,500","0","6","2012","미추로 5","202507~202707","신규","-","","","아파트"
"41149","인천광역시 중구 운남동","1778","1778","0000","운서역푸르지오더스카이","월세","62.6200","202506","25","8,100","27","22","2021","흰바위로 277","202509~202709","갱신","-","8,100","26","아파트"
"41150","인천광역시 중구 운남동","1778","1778","0000","운서역푸르지오더스카이","월세","62.6200","202506","25","8,100","27","22","2021","흰바위로 277","202509~202709","갱신","-","8,100","26","아파트"
"41151","인천광역시 중구 운남동","1779","1779","0000","영종센트럴푸르지오자이","월세","84.7955","202506","25","2,000","130","22","2019","은하수로 412","202507~202707","갱신","-","2,000","110","아파트"
"41152","인천광역시 중구 운남동","1709-1","1709","0001","영종베르힐스카이시티","월세","84.7341","202506","25","2,000","130","9","2024","찬들로 141","202507~202605","신규","-","","","아파트"
"41153","인천광역시 중구 운남동","1779","1779","0000","영종센트럴푸르지오자이","월세","84.6348","202506","25","16,989","15","15","2019","은하수로 412","202507~202707","갱신","-","16,000","15","아파트"
"41154","인천광역시 중구 운남동","1778","1778","0000","운서역푸르지오더스카이","월세","84.8300","202506","25","11,900","31","15","2021","흰바위로 277","202509~202709","갱신","-","11,900","29","아파트"
"41155","인천광역시 중구 항동7가","27-107","0027","0107","라이프비취2차","전세","71.1700","202506","25","10,000","0","6","1982","축항대로86번길 47","202506~202706","신규","-","","","아파트"
"41156","인천광역시 중구 중산동","1888-1","1888","0001","호반써밋스카이센트럴","전세","84.9786","202506","25","25,200","0","12","2022","두미포로 113","202506~202706","갱신","사용","24,000","0","아파트"
"41157","인천광역시 중구 중산동","1887-2","1887","0002","영종힐스테이트","전세","83.3720","202506","25","22,000","0","11","2012","하늘별빛로 66","202509~202709","신규","-","","","아파트"
"41158","인천광역시 중구 중산동","1887-1","1887","0001","영종하늘도시한라비발디","월세","115.4255","202506","25","18,000","35","5","2012","하늘별빛로 86","202507~202707","신규","-","","","아파트"
"41159","인천광역시 중구 중산동","1871-3","1871","0003","하늘도시우미린2단지","월세","84.7834","202506","25","2,000","110","31","2012","하늘달빛로 113","202507~202707","신규","-","","","아파트"
"41160","인천광역시 미추홀구 용현동","689","0689","0000","용현엘크루윈드포레","전세","59.9600","202506","25","25,000","0","16","2018","낙섬동로 135","-","-","-","","","아파트"
"41161","인천광역시 미추홀구 용현동","689","0689","0000","용현엘크루윈드포레","전세","59.9600","202506","25","25,000","0","16","2018","낙섬동로 135","202508~202708","신규","-","","","아파트"
"41162","인천광역시 미추홀구 도화동","1004","1004","0000","e편한세상도화5단지","월세","59.7900","202506","25","5,212","45","19","2018","숙골로112번길 11","202507~202707","갱신","-","5,212","45","아파트"
"41163","인천광역시 미추홀구 학익동","413-1","0413","0001","장미1","월세","90.7800","202506","25","2,000","60","5","1984","소성로 72","202507~202707","신규","-","","","아파트"
"41164","인천광역시 미추홀구 학익동","744-1","0744","0001","힐스테이트학익","전세","84.9993","202506","25","38,000","0","10","2021","독배로251번길 24","202507~202706","갱신","-","32,000","0","아파트"
"41165","인천광역시 미추홀구 학익동","413-1","0413","0001","장미1","월세","77.4300","202506","25","5,000","30","5","1984","소성로 72","-","-","-","","","아파트"
"41166","인천광역시 미추홀구 학익동","413-1","0413","0001","장미1","월세","77.4300","202506","25","5,000","30","5","1984","소성로 72","-","-","-","","","아파트"
"41167","인천광역시 계양구 효성동","677","0677","0000","e편한세상 계양 더프리미어","전세","39.9622","202506","25","22,500","0","19","2021","효서로 145","202508~202708","신규","-","","","아파트"
"41168","인천광역시 계양구 동양동","581","0581","0000","동양주공2단지(임대)","월세","49.9100","202506","25","2,300","24","13","2006","동양로 96","202507~202709","신규","-","","","아파트"
"41169","인천광역시 계양구 귤현동","531","0531","0000","계양센트레빌1단지","전세","84.9653","202506","25","31,000","0","14","2013","형제봉길 100","202506~202706","갱신","-","28,000","0","아파트"
"41170","인천광역시 계양구 효성동","24","0024","0000","뉴서울2","월세","39.8400","202506","25","500","40","4","1986","안남로 560","202507~202707","신규","-","","","아파트"
"41171","인천광역시 계양구 효성동","236-6","0236","0006","서광","월세","52.8600","202506","25","200","43","5","1983","아나지로197번길 24","202507~202607","신규","-","","","아파트"
"41172","인천광역시 서구 공촌동","318-1","0318","0001","광명","월세","84.5100","202506","25","10,000","50","9","1998","심곡로 170","202508~202708","신규","-","","","아파트"
"41173","인천광역시 서구 경서동","1032","1032","0000","북청라하우스토리","전세","59.9700","202506","25","21,000","0","9","2022","경서로31번길 15","202508~202708","갱신","사용","20,000","0","아파트"
"41174","인천광역시 서구 경서동","994","0994","0000","인천경서아시아드대광로제비앙","월세","84.0741","202506","25","2,000","130","3","2017","모월곶로 41","202507~202705","신규","-","","","아파트"
"41175","인천광역시 서구 가좌동","30-2","0030","0002","진주2","전세","58.9800","202506","25","15,750","0","12","1988","장고개로309번길 24","202509~202709","갱신","사용","15,000","0","아파트"
"41176","인천광역시 서구 가좌동","611","0611","0000","인천가좌두산위브트레지움1,2단지","전세","69.3900","202506","25","27,000","0","13","2017","여우재로 136","202506~202706","갱신","사용","26,000","0","아파트"
"41177","인천광역시 서구 가좌동","7","0007","0000","한신휴플러스","전세","72.6900","202506","25","18,966","0","23","2007","건지로 402","202509~202709","갱신","-","19,659","0","아파트"
"41178","인천광역시 서구 가좌동","7","0007","0000","한신휴플러스","월세","59.9900","202506","25","3,144","39","8","2007","건지로 402","202507~202706","갱신","-","3,455","43","아파트"
"41179","인천광역시 서구 가좌동","107","0107","0000","쌍마","전세","59.7600","202506","25","10,000","0","1","1986","가정로 156","202507~202707","신규","-","","","아파트"
"41180","인천광역시 서구 가좌동","30-86","0030","0086","진주3","전세","76.7000","202506","25","18,000","0","6","1989","장고개로309번길 29","202507~202708","신규","-","","","아파트"
"41181","인천광역시 서구 가정동","604-1","0604","0001","가정엘에이치3단지(국민임대)","월세","36.9600","202506","25","2,135","16","6","2012","봉오재3로 14","202507~202709","신규","-","","","아파트"
"41182","인천광역시 서구 가정동","603-1","0603","0001","루원제일풍경채","전세","84.2814","202506","25","29,400","0","20","2018","봉오재3로 11","202507~202707","신규","-","","","아파트"
"41183","인천광역시 서구 당하동","1327-1","1327","0001","인천검단엘에이치36단지","월세","46.1800","202506","25","3,906","30","19","2023","독정로 111","202507~202709","신규","-","","","아파트"
"41184","인천광역시 서구 당하동","1327-1","1327","0001","인천검단엘에이치36단지","월세","46.0300","202506","25","3,893","30","6","2023","독정로 111","202507~202709","신규","-","","","아파트"
"41185","인천광역시 서구 당하동","1327-1","1327","0001","인천검단엘에이치36단지","월세","37.9700","202506","25","4,949","10","10","2023","독정로 111","202509~202708","갱신","-","2,474","22","아파트"
"41186","인천광역시 서구 당하동","1272-4","1272","0004","인천검단엘에이치13단지","월세","46.0900","202506","25","4,267","29","7","2022","서로3로 49","202507~202709","신규","-","","","아파트"
"41187","인천광역시 서구 당하동","1316-2","1316","0002","검단신도시대성베르힐라프리미어","전세","110.3995","202506","25","33,000","0","23","2022","이음1로 154","202507~202707","신규","-","","","아파트"
"41188","인천광역시 서구 당하동","1316-2","1316","0002","검단신도시대성베르힐라프리미어","전세","110.3995","202506","25","33,000","0","23","2022","이음1로 154","202506~202706","신규","-","","","아파트"
"41189","인천광역시 서구 당하동","1327-1","1327","0001","인천검단엘에이치36단지","월세","37.0400","202506","25","2,487","22","16","2023","독정로 111","202507~202709","신규","-","","","아파트"
"41190","인천광역시 서구 당하동","1327-1","1327","0001","인천검단엘에이치36단지","월세","46.0300","202506","25","993","36","7","2023","독정로 111","202509~202708","갱신","-","3,780","29","아파트"
"41191","인천광역시 서구 당하동","1031","1031","0000","원당풍림아이원","월세","59.8320","202506","25","2,000","80","11","2004","원당대로840번길 21","202507~202707","신규","-","","","아파트"
"41192","인천광역시 서구 백석동","가-","0000","0000","검암역로열파크씨티푸르지오1단지","월세","84.9420","202506","25","3,000","165","26","2023","한들로 33","202507~202707","신규","-","","","아파트"
"41193","인천광역시 서구 백석동","가-","0000","0000","검암역로열파크씨티푸르지오2단지","전세","84.9785","202506","25","36,750","0","14","2023","한들로 73","202508~202708","갱신","사용","35,000","0","아파트"
"41194","인천광역시 계양구 작전동","912-4","0912","0004","도두리마을롯데","월세","59.5200","202506","25","20,000","10","6","1997","도두리로 62","202509~202709","신규","-","","","아파트"
"41195","인천광역시 계양구 작전동","953","0953","0000","힐스테이트자이계양","전세","53.9400","202506","25","30,000","0","18","2024","봉오대로651번길 9","202510~202709","신규","-","","","아파트"
"41196","인천광역시 계양구 작전동","580","0580","0000","현대2-1차","전세","84.9950","202506","25","25,000","0","4","1991","효서로 381","202508~202708","신규","-","","","아파트"
"41197","인천광역시 계양구 작전동","912-4","0912","0004","도두리마을롯데","전세","59.5200","202506","25","23,000","0","21","1997","도두리로 62","202506~202706","갱신","-","22,500","0","아파트"
"41198","인천광역시 서구 마전동","920","0920","0000","장미","전세","42.1200","202506","25","8,000","0","2","1990","완정로178번길 51","202506~202706","신규","-","","","아파트"
"41199","인천광역시 서구 마전동","1123-1","1123","0001","검단2차우방아이유쉘","전세","59.9375","202506","25","22,000","0","14","2018","완정로 126","202507~202707","신규","-","","","아파트"
"41200","인천광역시 서구 마전동","997-3","0997","0003","검단힐스테이트","전세","117.1915","202506","25","32,000","0","10","2007","완정로92번길 11","202506~202707","신규","-","","","아파트"
"41201","인천광역시 서구 마전동","1123-1","1123","0001","검단2차우방아이유쉘","전세","59.9375","202506","25","22,100","0","14","2018","완정로 126","202507~202707","신규","-","","","아파트"
"41202","인천광역시 서구 마전동","1003-1","1003","0001","동아","전세","84.9000","202506","25","23,000","0","17","1999","완정로34번길 9","202508~202708","신규","-","","","아파트"
"41203","인천광역시 서구 신현동","304-1","0304","0001","루원시티 대성베르힐","전세","99.4743","202506","25","38,000","0","5","2017","봉오재1로 15","202508~202708","신규","-","","","아파트"
"41204","인천광역시 서구 신현동","304-2","0304","0002","루원시티루에블리","월세","59.9600","202506","25","5,274","51","12","2018","봉오재1로 49","202507~202709","신규","-","","","아파트"
"41205","인천광역시 계양구 계산동","62-1","0062","0001","현대","전세","71.1750","202506","25","25,000","0","17","1992","계산로 186","202508~202708","신규","-","","","아파트"
"41206","인천광역시 계양구 계산동","355-1","0355","0001","한국","전세","82.8800","202506","25","23,000","0","3","1991","주부토로 538","202506~202706","갱신","사용","22,000","0","아파트"
"41207","인천광역시 계양구 계산동","20","0020","0000","주공","월세","36.3400","202506","25","1,000","60","7","1990","경명대로1142번길 3","202507~202706","신규","-","","","아파트"
"41208","인천광역시 서구 검암동","628","0628","0000","삼보해피하임4","전세","84.8122","202506","25","29,000","0","11","2003","승학로 457","202508~202708","신규","-","","","아파트"
"41209","인천광역시 미추홀구 주안동","1678","1678","0000","힐스테이트푸르지오주안","전세","59.7200","202506","25","32,000","0","16","2023","남주길 150","202508~202708","신규","-","","","아파트"
"41210","인천광역시 연수구 청학동","449","0449","0000","성호","전세","84.0200","202506","25","17,000","0","6","1993","솔샘로43번길 15","202507~202707","신규","-","","","아파트"
"41211","인천광역시 연수구 청학동","455","0455","0000","하나타운1","전세","84.9050","202506","25","13,000","0","3","1995","용담로 14","202507~202707","갱신","-","13,000","0","아파트"
"41212","인천광역시 연수구 연수동","578-2","0578","0002","주공3","전세","44.6600","202506","25","13,125","0","4","1993","새말로 154","202507~202707","갱신","-","12,500","0","아파트"
"41213","인천광역시 연수구 연수동","633","0633","0000","대동","월세","52.1400","202506","25","2,000","80","13","1993","벚꽃로 172","202507~202707","신규","-","","","아파트"
"41214","인천광역시 연수구 연수동","634","0634","0000","우성2","전세","59.5900","202506","25","26,000","0","9","1994","원인재로 180","202509~202709","신규","-","","","아파트"
"41215","인천광역시 연수구 연수동","533","0533","0000","연수주공2차","전세","49.9400","202506","25","16,000","0","15","1992","원인재로 315","202507~202707","신규","-","","","아파트"
"41216","인천광역시 연수구 연수동","532","0532","0000","경남","전세","84.9350","202506","25","27,000","0","13","1993","원인재로 312","202508~202708","신규","-","","","아파트"
"41217","인천광역시 연수구 연수동","578-2","0578","0002","주공3","월세","44.6600","202506","25","1,000","60","14","1993","새말로 154","202507~202707","신규","-","","","아파트"
"41218","인천광역시 연수구 송도동","161-3","0161","0003","송도캐슬&해모로","전세","84.4815","202506","25","33,000","0","7","2013","송도과학로51번길 136","202507~202707","갱신","사용","32,000","0","아파트"
"41219","인천광역시 연수구 송도동","17-5","0017","0005","송도더샵하버뷰(D13)","월세","117.9410","202506","25","10,000","295","21","2011","아트센터대로97번길 75","202507~202707","갱신","사용","10,000","280","아파트"
"41220","인천광역시 연수구 송도동","21-65","0021","0065","인천송도힐스테이트6단지","전세","142.3590","202506","25","55,000","0","8","2011","컨벤시아대로 100","202509~202709","신규","-","","","아파트"
"41221","인천광역시 연수구 송도동","92","0092","0000","더샵송도센트럴파크Ⅲ","월세","80.0500","202506","25","5,000","180","27","2022","인천타워대로180번길 11","202506~202608","갱신","사용","5,000","180","아파트"
"41222","인천광역시 연수구 송도동","308-1","0308","0001","더샵송도마리나베이","전세","74.9894","202506","25","33,000","0","35","2020","랜드마크로 160","202508~202708","신규","-","","","아파트"
"41223","인천광역시 연수구 송도동","110","0110","0000","송도더샵마스터뷰21BL","월세","84.9200","202506","25","3,000","170","10","2015","컨벤시아대로274번길 55","202506~202706","신규","-","","","아파트"
"41224","인천광역시 연수구 송도동","397-11","0397","0011","힐스테이트레이크송도1차","전세","84.9300","202506","25","28,500","0","23","2019","아카데미로312번길 177","202508~202707","신규","-","","","아파트"
"41225","인천광역시 연수구 송도동","190-4","0190","0004","송도더샵센트럴시티","전세","59.9900","202506","25","34,650","0","13","2018","송도국제대로 261","202507~202707","갱신","사용","33,000","0","아파트"
"41226","인천광역시 연수구 송도동","308-1","0308","0001","더샵송도마리나베이","전세","74.9894","202506","25","33,000","0","35","2020","랜드마크로 160","202508~202708","신규","-","","","아파트"
"41227","인천광역시 연수구 송도동","3-46","0003","0046","아이파크송도","전세","101.8545","202506","25","34,000","0","1","2005","해돋이로6번길 7","202507~202707","신규","-","","","아파트"
"41228","인천광역시 연수구 송도동","308-1","0308","0001","더샵송도마리나베이","월세","84.9738","202506","25","30,000","40","14","2020","랜드마크로 160","202506~202706","신규","-","","","아파트"
"41229","인천광역시 연수구 송도동","19-7","0019","0007","송도자이하버뷰2단지","전세","95.3930","202506","25","55,000","0","5","2011","컨벤시아대로130번길 32","202510~202710","신규","-","","","아파트"
"41230","인천광역시 연수구 송도동","396-1","0396","0001","송도LuxeOceanSKVIEW","전세","84.9620","202506","25","35,000","0","33","2025","랜드마크로 350","202507~202706","신규","-","","","아파트"
"41231","인천광역시 연수구 송도동","396-11","0396","0011","송도자이더스타","전세","84.9282","202506","25","40,000","0","35","2024","아카데미로343번길 63","202507~202707","신규","-","","","아파트"
"41232","인천광역시 연수구 송도동","319-1","0319","0001","e편한세상송도","월세","84.2538","202506","25","2,500","155","13","2018","랜드마크로 113","202510~202710","갱신","사용","2,500","150","아파트"
"41233","인천광역시 연수구 송도동","111","0111","0000","송도더샵마스터뷰22BL","월세","125.5100","202506","25","10,000","230","14","2015","컨벤시아대로274번길 35","202506~202706","갱신","-","80,000","0","아파트"
"41234","인천광역시 연수구 송도동","23-4","0023","0004","더샵센트럴파크2","전세","105.6861","202506","25","55,125","0","33","2011","센트럴로 194","202507~202707","갱신","사용","52,500","0","아파트"
"41235","인천광역시 연수구 송도동","396-11","0396","0011","송도자이더스타","전세","84.7098","202506","25","44,000","0","25","2024","아카데미로343번길 63","202507~202707","신규","-","","","아파트"
"41236","인천광역시 연수구 옥련동","626","0626","0000","럭키송도","전세","84.7650","202506","25","19,000","0","15","1993","능허대로79번길 30","202509~202709","신규","-","","","아파트"
"41237","인천광역시 연수구 옥련동","633","0633","0000","현대2차아파트","전세","59.9850","202506","25","17,000","0","8","1996","독배로 58","202507~202602","갱신","-","17,000","0","아파트"
"41238","인천광역시 연수구 선학동","353","0353","0000","대동","전세","84.4000","202506","25","24,000","0","5","1992","선학로74번길 17","202508~202708","신규","-","","","아파트"
"41239","인천광역시 연수구 옥련동","632","0632","0000","서해","전세","84.8550","202506","25","20,000","0","2","1995","청량로185번길 16","202508~202801","신규","-","","","아파트"
"41240","인천광역시 연수구 옥련동","626","0626","0000","럭키송도","전세","134.9400","202506","25","25,000","0","5","1993","능허대로79번길 30","202506~203006","신규","-","","","아파트"
"41241","인천광역시 미추홀구 주안동","1678","1678","0000","힐스테이트푸르지오주안","전세","59.7200","202506","25","30,000","0","17","2023","남주길 150","202508~202708","신규","-","","","아파트"
"41242","인천광역시 미추홀구 주안동","1662","1662","0000","주안파크자이더플래티넘","전세","36.8110","202506","25","20,000","0","6","2023","인하로222번길 20","202507~202707","신규","-","","","아파트"
"41243","인천광역시 미추홀구 주안동","1678","1678","0000","힐스테이트푸르지오주안","전세","59.9800","202506","25","21,000","0","20","2023","남주길 150","202507~202707","갱신","사용","20,000","0","아파트"
"41244","인천광역시 미추홀구 주안동","1662","1662","0000","주안파크자이더플래티넘","전세","59.9145","202506","25","23,100","0","12","2023","인하로222번길 20","202507~202707","신규","-","","","아파트"
"41245","인천광역시 미추홀구 주안동","20-11","0020","0011","삼영(1,2동)","전세","66.5500","202506","25","9,000","0","4","1978","염창로 129","202507~202707","신규","-","","","아파트"
"41246","인천광역시 미추홀구 주안동","1628","1628","0000","주안역센트레빌","월세","74.9691","202506","25","15,000","70","23","2021","염전로 414","202507~202707","신규","-","","","아파트"
"41247","인천광역시 미추홀구 주안동","1606","1606","0000","진흥","월세","84.6450","202506","25","3,000","75","15","1995","인하로298번길 33","202507~202707","신규","-","","","아파트"
"41248","인천광역시 강화군 강화읍 갑곳리","423","0423","0000","유성1","전세","52.0500","202506","25","4,800","0","5","1990","강화대로248번길 16-3","202507~202707","신규","-","","","아파트"
"41249","인천광역시 서구 원당동","852-1","0852","0001","대림e편한세상(원당지구78BL1L)","월세","84.9810","202506","25","15,500","35","9","2004","고산로40번길 12","202508~202708","신규","-","","","아파트"
"41250","인천광역시 서구 청라동","130-4","0130","0004","호반베르디움앤영무예다음","전세","59.8600","202506","25","28,000","0","21","2011","청라에메랄드로 134","202508~202708","신규","-","","","아파트"
"41251","인천광역시 서구 청라동","85-1","0085","0001","청라국제금융단지한양수자인레이크블루","전세","84.3971","202506","25","40,000","0","20","2019","청라한내로 132","202508~202708","신규","-","","","아파트"
"41252","인천광역시 서구 청라동","193-1","0193","0001","청라자이","전세","114.8126","202506","25","38,000","0","18","2010","청라에메랄드로 30","202508~202707","신규","-","","","아파트"
"41253","인천광역시 서구 청라동","185-1","0185","0001","힐데스하임","월세","59.9435","202506","25","2,000","115","15","2011","청라라임로 17","202507~202707","갱신","사용","2,000","110","아파트"
"41254","인천광역시 서구 원당동","852-1","0852","0001","대림e편한세상(원당지구78BL1L)","월세","84.9810","202506","25","15,085","35","9","2004","고산로40번길 12","202508~202708","신규","-","","","아파트"
"41255","인천광역시 서구 원당동","1014","1014","0000","검단신도시예미지트리플에듀","월세","84.5075","202506","25","3,000","135","24","2022","서로4로 89","202508~202708","신규","-","","","아파트"
"41256","인천광역시 서구 원당동","1026","1026","0000","인천검단26단지","월세","26.0600","202506","25","1,390","15","5","2024","이음1로 420","202507~202709","신규","-","","","아파트"
"41257","인천광역시 서구 청라동","184-1","0184","0001","청라엘에이치","전세","84.8600","202506","25","23,000","0","8","2011","청라커낼로 232","202507~202707","갱신","사용","23,000","0","아파트"
"41258","인천광역시 서구 왕길동","661-1","0661","0001","대림e-편한세상(검단2지구66BL1L)","전세","84.9100","202506","25","25,500","0","4","2007","검단로 446","202507~202707","갱신","-","24,000","0","아파트"
"41259","인천광역시 강화군 선원면 창리","714","0714","0000","강화서희스타힐스1단지","월세","71.9950","202506","25","3,000","70","6","2024","중앙로 162-31","202507~202707","신규","-","","","아파트"
"41260","인천광역시 서구 오류동","1719-4","1719","0004","왕길역아테라","전세","84.9780","202506","25","27,000","0","6","2025","봉화로 60-11","202508~202708","신규","-","","","아파트"
"41261","인천광역시 서구 원당동","1024","1024","0000","검단 금호어울림 센트럴","전세","84.5200","202506","25","34,000","0","3","2021","이음5로 65","202510~202710","신규","-","","","아파트"
"41262","인천광역시 서구 원당동","1024","1024","0000","검단 금호어울림 센트럴","월세","74.8400","202506","25","3,000","140","28","2021","이음5로 65","202509~202709","신규","-","","","아파트"
"41263","인천광역시 부평구 십정동","642","0642","0000","힐스테이트부평","월세","59.9900","202506","25","3,000","130","14","2023","경원대로 1192","202508~202708","신규","-","","","아파트"
"41264","인천광역시 부평구 부평동","962","0962","0000","부평SKVIEW해모로","전세","36.0986","202506","25","17,800","0","11","2023","동수천로 71","202508~202708","신규","-","","","아파트"
"41265","인천광역시 부평구 부평동","756-421","0756","0421","신성미소지움아파트(101~106동)","월세","59.8040","202506","25","2,000","90","9","2005","경인로 858","202507~202707","신규","-","","","아파트"
"41266","인천광역시 부평구 부평동","534-96","0534","0096","두산위브","전세","84.8400","202506","25","28,500","0","2","2005","경원대로1344번길 8","202506~202606","갱신","-","28,500","0","아파트"
"41267","인천광역시 부평구 부평동","61-9","0061","0009","로뎀레뷰","월세","52.0000","202506","25","12,978","20","2","2014","부평대로159번길 33","202507~202707","신규","-","","","아파트"
"41268","인천광역시 부평구 부평동","1017","1017","0000","부평역해링턴플레이스","전세","72.9900","202506","25","32,000","0","22","2024","동수로 36","202508~202708","신규","-","","","아파트"
"41269","인천광역시 부평구 부평동","70-5","0070","0005","동아(1차)","월세","52.4300","202506","25","1,000","75","2","1988","부평문화로 37","202506~202606","신규","-","","","아파트"
"41270","인천광역시 부평구 부개동","494-1","0494","0001","대동(494-1)","전세","84.9400","202506","25","29,000","0","4","1991","부일로113번길 11","202507~202610","갱신","-","29,000","0","아파트"
"41271","인천광역시 부평구 부개동","477-3","0477","0003","뉴서울","전세","39.4800","202506","25","13,000","0","9","1989","충선로 191","202507~202707","신규","-","","","아파트"
"41272","인천광역시 부평구 부개동","85-2","0085","0002","백조(가)","전세","61.4900","202506","25","12,000","0","1","1981","충선로87번길 10","202509~202708","신규","-","","","아파트"
"41273","인천광역시 부평구 부개동","477","0477","0000","욱일","전세","51.0100","202506","25","12,000","0","6","1988","장제로 234","202508~202708","신규","-","","","아파트"
"41274","인천광역시 부평구 십정동","182-95","0182","0095","대주파크빌","전세","59.7260","202506","25","17,000","0","11","2001","마장로 49","202506~202907","갱신","-","15,000","0","아파트"
"41275","인천광역시 부평구 십정동","642","0642","0000","힐스테이트부평","월세","75.9500","202506","25","5,000","140","3","2023","경원대로 1192","202507~202707","신규","-","","","아파트"
"41276","인천광역시 부평구 십정동","630","0630","0000","더샵부평센트럴시티","월세","59.8032","202506","25","7,000","65","31","2022","열우물로 90","202508~202708","갱신","-","7,000","63","아파트"
"41277","인천광역시 부평구 십정동","630","0630","0000","더샵부평센트럴시티","월세","35.3029","202506","25","7,000","29","24","2022","열우물로 90","202508~202708","갱신","-","7,000","28","아파트"
"41278","인천광역시 남동구 논현동","563-2","0563","0002","동보","전세","109.8600","202506","25","22,000","0","14","1999","남동대로370번길 122","202507~202707","갱신","-","22,000","0","아파트"
"41279","인천광역시 남동구 논현동","581-1","0581","0001","논현엘에이치15단지","월세","14.7000","202506","25","1,584","8","10","2020","함박뫼로 456","202506~202708","신규","-","","","아파트"
"41280","인천광역시 남동구 논현동","581-1","0581","0001","논현엘에이치15단지","월세","26.9600","202506","25","2,652","14","12","2020","함박뫼로 456","202506~202708","신규","-","","","아파트"
"41281","인천광역시 남동구 논현동","599-1","0599","0001","주공14단지(등대마을)","월세","46.8100","202506","25","2,357","27","11","2006","청능대로715번길 22","202508~202707","갱신","-","2,251","26","아파트"
"41282","인천광역시 남동구 논현동","740-2","0740","0002","소래휴먼시아3단지","월세","36.6200","202506","25","1,945","19","6","2010","앵고개로815번길 22","202507~202706","갱신","-","1,889","18","아파트"
"41283","인천광역시 남동구 논현동","774-1","0774","0001","에코메트로11","전세","154.1040","202506","25","44,000","0","12","2009","논고개로 17","202507~202707","신규","-","","","아파트"
"41284","인천광역시 남동구 논현동","577","0577","0000","풍림","전세","59.7000","202506","25","17,500","0","13","2000","청능대로718번길 7","202508~202708","갱신","사용","17,000","0","아파트"
"41285","인천광역시 남동구 논현동","581-1","0581","0001","논현엘에이치15단지","월세","36.7600","202506","25","6,620","9","7","2020","함박뫼로 456","202509~202708","갱신","-","4,080","21","아파트"
"41286","인천광역시 남동구 논현동","66-24","0066","0024","유호엔시티101-103동","전세","101.1212","202506","25","21,000","0","11","2013","포구로 35","202506~202507","갱신","-","21,000","0","아파트"
"41287","인천광역시 남동구 논현동","755-1","0755","0001","에코메트로5","전세","84.9920","202506","25","33,600","0","3","2010","소래역남로 39","202507~202707","갱신","사용","32,000","0","아파트"
"41288","인천광역시 남동구 논현동","588-2","0588","0002","인천논현엘에이치16단지","월세","25.7700","202506","25","3,456","18","6","2022","은봉로 297","-","-","-","","","아파트"
"41289","인천광역시 부평구 산곡동","311-126","0311","0126","현대2차","전세","59.9000","202506","25","15,750","0","3","1988","안남로 91","202507~202707","갱신","-","15,000","0","아파트"
"41290","인천광역시 부평구 산곡동","182","0182","0000","한양(182)","전세","91.9850","202506","25","16,000","0","2","1985","마장로 287","202508~202708","신규","-","","","아파트"
"41291","인천광역시 부평구 산곡동","524","0524","0000","부평신일해피트리더루츠","전세","74.9570","202506","25","36,000","0","2","2022","산곡로 31","202508~202708","신규","-","","","아파트"
"41292","인천광역시 부평구 산곡동","311-126","0311","0126","현대2차","월세","59.9000","202506","25","2,000","80","4","1988","안남로 91","202507~202707","신규","-","","","아파트"
"41293","인천광역시 부평구 갈산동","359","0359","0000","주공1단지","전세","44.9400","202506","25","15,000","0","6","1992","굴포로 81","202508~202708","갱신","-","14,000","0","아파트"
"41294","인천광역시 부평구 삼산동","440-1","0440","0001","삼산타운주공1단지","월세","51.8600","202506","25","20,000","20","3","2005","굴포로 105","202508~202708","갱신","-","20,000","0","아파트"
"41295","인천광역시 부평구 삼산동","440-1","0440","0001","삼산타운주공1단지","전세","51.8600","202506","25","28,000","0","15","2005","굴포로 105","202508~202708","신규","-","","","아파트"
"41296","인천광역시 부평구 삼산동","440-1","0440","0001","삼산타운주공1단지","월세","51.8600","202506","25","3,000","90","17","2005","굴포로 105","202506~202706","갱신","사용","3,000","90","아파트"
"41297","인천광역시 부평구 청천동","200","0200","0000","부평1,2차금호타운","전세","59.8050","202506","25","19,000","0","3","1998","안남로 272","202508~202708","갱신","사용","19,000","0","아파트"
"41298","인천광역시 남동구 서창동","679","0679","0000","인천서창엘에이치15단지","월세","21.7400","202506","25","2,448","12","9","2017","서창남로 109","202506~202708","신규","-","","","아파트"
"41299","인천광역시 남동구 구월동","1129-1","1129","0001","룩소르빌딩(1129-1)","월세","27.5725","202506","25","1,000","65","5","2014","인주대로591번길 38","202506~202606","신규","-","","","아파트"
"41300","인천광역시 남동구 구월동","24","0024","0000","롯데캐슬골드","월세","83.9829","202506","25","10,000","70","18","2007","호구포로 803","202508~202708","신규","-","","","아파트"
"41301","인천광역시 남동구 구월동","1551","1551","0000","구월아시아드선수촌7단지","월세","36.6939","202506","25","371","7","12","2023","선수촌로 7","202507~202706","갱신","-","366","7","아파트"
"41302","인천광역시 남동구 만수동","5-326","0005","0326","대동(5-328)","전세","39.9600","202506","25","9,000","0","4","1987","만수로 92","202509~202709","신규","-","","","아파트"
"41303","인천광역시 남동구 만수동","5-3","0005","0003","아주(5-3)","월세","50.5200","202506","25","1,000","40","6","1988","만수로105번길 23","202507~202707","신규","-","","","아파트"
"41304","인천광역시 남동구 만수동","20","0020","0000","만수주공6단지","월세","38.5200","202506","25","4,000","20","1","1986","만수로50번길 19","202504~202703","신규","-","","","아파트"
"41305","인천광역시 남동구 만수동","1018","1018","0000","대동","전세","84.5500","202506","25","20,000","0","2","1992","장승남로33번길 21","202507~202707","신규","-","","","아파트"
"41306","인천광역시 남동구 만수동","17","0017","0000","만수주공5단지","전세","49.9400","202506","25","12,000","0","10","1987","백범로124번길 127","202508~202708","신규","-","","","아파트"
"41307","인천광역시 남동구 만수동","46","0046","0000","만수주공3단지","전세","53.8500","202506","25","11,000","0","4","1986","백범로124번길 16","202508~202708","신규","-","","","아파트"
"41308","인천광역시 남동구 간석동","519-4","0519","0004","한진","월세","54.5100","202506","25","1,000","60","9","1981","경인로524번길 16","202508~202708","신규","-","","","아파트"
"41309","인천광역시 남동구 간석동","617-31","0617","0031","영남","전세","43.5900","202506","25","5,500","0","6","1988","경원대로 950","202508~202708","신규","-","","","아파트"
"41310","인천광역시 남동구 간석동","616-6","0616","0006","간석한신더휴","월세","59.9250","202506","25","9,280","43","4","2019","석정로461번길 50","202506~202708","신규","-","","","아파트"
"41311","인천광역시 남동구 간석동","616-6","0616","0006","간석한신더휴","월세","59.6280","202506","25","9,240","42","1","2019","석정로461번길 50","202506~202708","신규","-","","","아파트"
"41312","인천광역시 남동구 간석동","617-31","0617","0031","영남","전세","43.5900","202506","25","5,500","0","6","1988","경원대로 950","202507~202707","신규","-","","","아파트"
"41313","인천광역시 남동구 간석동","387","0387","0000","한국(신)","월세","48.5600","202506","25","1,000","50","1","1989","주안로259번길 27","202506~202706","신규","-","","","아파트"
"41314","인천광역시 남동구 남촌동","651","0651","0000","삼호","월세","51.6570","202506","25","1,000","60","14","2001","남촌로100번길 54","202506~202706","신규","-","","","아파트"
"41315","인천광역시 남동구 서창동","744","0744","0000","인천서창엘에에치14단지","월세","16.6600","202506","25","1,872","9","19","2020","운연천로 9","202506~202708","신규","-","","","아파트"
"41316","인천광역시 남동구 서창동","676","0676","0000","더포레스트","월세","59.9800","202506","25","5,082","49","17","2017","서창남순환로 140","202411~202701","갱신","-","4,682","51","아파트"
"41317","인천광역시 남동구 서창동","744","0744","0000","인천서창엘에에치14단지","월세","16.6600","202506","25","1,872","9","9","2020","운연천로 9","202506~202708","신규","-","","","아파트"
"41318","인천광역시 남동구 서창동","744","0744","0000","인천서창엘에에치14단지","월세","16.6600","202506","25","1,872","9","15","2020","운연천로 9","202506~202708","신규","-","","","아파트"
"41319","인천광역시 남동구 서창동","744","0744","0000","인천서창엘에에치14단지","월세","16.6600","202506","25","1,872","9","18","2020","운연천로 9","202506~202708","신규","-","","","아파트"
"41320","인천광역시 남동구 서창동","744","0744","0000","인천서창엘에에치14단지","월세","16.6600","202506","25","1,872","9","6","2020","운연천로 9","202506~202708","신규","-","","","아파트"
"41321","인천광역시 남동구 서창동","682","0682","0000","서창센트럴푸르지오","전세","74.9900","202506","25","26,500","0","15","2018","서창남순환로 55","202507~202707","갱신","사용","26,500","0","아파트"
"41322","인천광역시 남동구 서창동","679","0679","0000","인천서창엘에이치15단지","월세","21.7400","202506","25","2,448","12","11","2017","서창남로 109","202506~202708","신규","-","","","아파트"
"41323","인천광역시 남동구 서창동","679","0679","0000","인천서창엘에이치15단지","월세","21.9800","202506","25","2,484","12","10","2017","서창남로 109","202506~202708","신규","-","","","아파트"
"41324","인천광역시 남동구 서창동","679","0679","0000","인천서창엘에이치15단지","월세","21.9800","202506","25","2,484","12","7","2017","서창남로 109","202506~202708","신규","-","","","아파트"
"41325","인천광역시 남동구 서창동","679","0679","0000","인천서창엘에이치15단지","월세","21.9800","202506","25","2,346","11","15","2017","서창남로 109","202506~202708","신규","-","","","아파트"
"41326","인천광역시 남동구 서창동","679","0679","0000","인천서창엘에이치15단지","월세","21.9800","202506","25","2,484","12","11","2017","서창남로 109","202506~202708","신규","-","","","아파트"
"41327","인천광역시 남동구 서창동","679","0679","0000","인천서창엘에이치15단지","월세","21.7400","202506","25","2,448","12","18","2017","서창남로 109","202506~202708","신규","-","","","아파트"
"41328","인천광역시 남동구 서창동","717","0717","0000","인천서창엘에이치12단지","월세","36.8800","202506","25","1,777","18","11","2014","서창남로 2","202507~202706","갱신","-","1,651","17","아파트"
"41329","인천광역시 남동구 서창동","679","0679","0000","인천서창엘에이치15단지","월세","21.7400","202506","25","2,448","12","4","2017","서창남로 109","202506~202708","신규","-","","","아파트"
"41330","인천광역시 남동구 서창동","676","0676","0000","더포레스트","전세","59.9800","202506","25","25,000","0","5","2017","서창남순환로 140","202508~202708","신규","-","","","아파트"
"41331","인천광역시 남동구 서창동","636","0636","0000","인천서창엘에이치1단지","월세","36.8700","202506","25","1,770","19","12","2015","서창남순환로 124-14","202507~202706","갱신","-","1,718","18","아파트"
"41332","인천광역시 남동구 서창동","560-2","0560","0002","임광그대가","월세","134.5400","202506","25","3,000","140","7","2007","장아산로 158","202509~202709","신규","-","","","아파트"
"41333","인천광역시 남동구 구월동","1551","1551","0000","구월아시아드선수촌7단지","월세","26.4406","202506","25","267","5","3","2023","선수촌로 7","202507~202706","갱신","-","264","5","아파트"
"41334","인천광역시 남동구 만수동","1049","1049","0000","담방마을","전세","45.7600","202506","24","11,550","0","10","1994","매소홀로 1030","202506~202602","갱신","사용","11,000","0","아파트"
"41335","인천광역시 남동구 구월동","1510","1510","0000","구월아시아드선수촌센트럴자이","월세","101.9500","202506","24","3,000","200","26","2015","선수촌로 55","202508~202708","신규","-","","","아파트"
"41336","인천광역시 남동구 구월동","24","0024","0000","롯데캐슬골드","전세","83.8726","202506","24","35,000","0","18","2007","호구포로 803","-","-","-","","","아파트"
"41337","인천광역시 남동구 서창동","682","0682","0000","서창센트럴푸르지오","월세","84.9800","202506","24","5,000","110","1","2018","서창남순환로 55","202511~202711","신규","-","","","아파트"
"41338","인천광역시 남동구 구월동","1485","1485","0000","구월아시아드선수촌2단지","월세","59.5700","202506","24","3,000","110","4","2015","선수촌공원로 96","202507~202707","신규","-","","","아파트"
"41339","인천광역시 남동구 서창동","679","0679","0000","인천서창엘에이치15단지","월세","21.9800","202506","24","2,484","12","5","2017","서창남로 109","202506~202708","신규","-","","","아파트"
"41340","인천광역시 남동구 서창동","540","0540","0000","서해그랑블","월세","84.7493","202506","24","14,000","50","8","2008","독곡로48번길 9","202507~202707","갱신","-","5,000","95","아파트"
"41341","인천광역시 남동구 서창동","682","0682","0000","서창센트럴푸르지오","전세","84.9800","202506","24","37,500","0","22","2018","서창남순환로 55","202508~202708","신규","-","","","아파트"
"41342","인천광역시 남동구 서창동","745","0745","0000","인천서창꿈에그린","월세","74.9700","202506","24","5,000","59","20","2019","운연천로 11","202508~202708","신규","-","","","아파트"
"41343","인천광역시 남동구 서창동","745","0745","0000","인천서창꿈에그린","월세","74.9700","202506","24","5,000","59","18","2019","운연천로 11","202506~202706","갱신","-","5,000","59","아파트"
"41344","인천광역시 남동구 서창동","540","0540","0000","서해그랑블","월세","84.7493","202506","24","14,000","50","8","2008","독곡로48번길 9","202507~202707","갱신","-","5,000","95","아파트"
"41345","인천광역시 남동구 서창동","538","0538","0000","태평2차","전세","59.9600","202506","24","18,350","0","13","1997","장아산로 181","202507~202707","갱신","-","17,500","0","아파트"
"41346","인천광역시 남동구 서창동","679","0679","0000","인천서창엘에이치15단지","월세","21.9800","202506","24","2,484","12","5","2017","서창남로 109","202506~202708","신규","-","","","아파트"
"41347","인천광역시 남동구 서창동","679","0679","0000","인천서창엘에이치15단지","월세","21.7400","202506","24","2,312","11","11","2017","서창남로 109","202506~202708","신규","-","","","아파트"
"41348","인천광역시 남동구 서창동","679","0679","0000","인천서창엘에이치15단지","월세","21.7400","202506","24","2,448","12","14","2017","서창남로 109","202506~202708","신규","-","","","아파트"
"41349","인천광역시 남동구 서창동","745","0745","0000","인천서창꿈에그린","월세","74.9700","202506","24","5,000","59","20","2019","운연천로 11","202508~202708","갱신","-","5,000","59","아파트"
"41350","인천광역시 남동구 만수동","5-305","0005","0305","삼부","월세","70.2900","202506","24","500","60","1","1984","만수로 104","202507~202607","신규","-","","","아파트"
"41351","인천광역시 남동구 만수동","1005","1005","0000","주공8단지","전세","44.9400","202506","24","11,500","0","15","1990","담방로 105","202508~202708","갱신","-","10,450","0","아파트"
"41352","인천광역시 남동구 만수동","1044","1044","0000","만수뉴서울아파트","월세","34.6500","202506","24","1,000","50","6","1992","담방로21번길 61","202506~202706","갱신","-","1,000","50","아파트"
"41353","인천광역시 남동구 구월동","1142-2","1142","0002","대명어반스테이","월세","26.1886","202506","24","500","62","2","2018","미래로 30","202507~202606","갱신","-","500","59","아파트"
"41354","인천광역시 남동구 만수동","1049","1049","0000","담방마을","전세","45.7600","202506","24","11,550","0","10","1994","매소홀로 1030","202506~202602","갱신","사용","11,000","0","아파트"
"41355","인천광역시 남동구 만수동","3","0003","0000","공작(3-73)","월세","39.2900","202506","24","500","52","3","1989","만수서로105번길 40-23","202506~202706","신규","-","","","아파트"
"41356","인천광역시 남동구 만수동","1044","1044","0000","만수뉴서울아파트","전세","34.6500","202506","24","9,000","0","3","1992","담방로21번길 61","202507~202707","신규","-","","","아파트"
"41357","인천광역시 남동구 서창동","744","0744","0000","인천서창엘에에치14단지","월세","16.6600","202506","24","1,872","9","9","2020","운연천로 9","202506~202708","신규","-","","","아파트"
"41358","인천광역시 남동구 서창동","636","0636","0000","인천서창엘에이치1단지","월세","46.4400","202506","24","5,922","11","10","2015","서창남순환로 124-14","202509~202708","갱신","-","5,670","9","아파트"
"41359","인천광역시 남동구 구월동","1513","1513","0000","구월아시아드선수촌5단지","전세","84.9700","202506","24","44,100","0","28","2015","선수촌로 56","202506~202508","신규","-","","","아파트"
"41360","인천광역시 남동구 구월동","24","0024","0000","롯데캐슬골드","전세","83.7769","202506","24","31,000","0","4","2007","호구포로 803","202507~202707","갱신","-","27,000","0","아파트"
"41361","인천광역시 남동구 구월동","23","0023","0000","구월힐스테이트1단지","월세","75.3036","202506","24","10,000","100","13","2007","구월로 192","202508~202708","신규","-","","","아파트"
"41362","인천광역시 남동구 구월동","24","0024","0000","롯데캐슬골드","전세","83.8726","202506","24","35,000","0","18","2007","호구포로 803","202507~202707","신규","-","","","아파트"
"41363","인천광역시 남동구 구월동","1530","1530","0000","두플라스","월세","23.2196","202506","24","500","55","4","2016","선수촌공원로 26","202507~202707","신규","-","","","아파트"
"41364","인천광역시 남동구 서창동","679","0679","0000","인천서창엘에이치15단지","월세","21.9800","202506","24","2,484","12","2","2017","서창남로 109","202506~202708","신규","-","","","아파트"
"41365","인천광역시 남동구 간석동","230-4","0230","0004","세종보라","전세","58.1100","202506","24","14,600","0","11","2000","동암남로26번길 42","202508~202708","신규","-","","","아파트"
"41366","인천광역시 남동구 간석동","111-10","0111","0010","도담","전세","49.5587","202506","24","15,200","0","11","2017","백범로 382","202507~202707","갱신","-","15,200","0","아파트"
"41367","인천광역시 남동구 간석동","616-6","0616","0006","간석한신더휴","월세","59.9250","202506","24","9,280","43","2","2019","석정로461번길 50","202506~202708","신규","-","","","아파트"
"41368","인천광역시 남동구 간석동","940","0940","0000","인천간석휴먼시아1단지","월세","39.1700","202506","24","2,000","65","19","2014","백범로294번길 15","202507~202707","신규","-","","","아파트"
"41369","인천광역시 남동구 간석동","940","0940","0000","인천간석휴먼시아1단지","월세","39.1700","202506","24","2,000","65","8","2014","백범로294번길 15","202508~202708","신규","-","","","아파트"
"41370","인천광역시 남동구 서창동","679","0679","0000","인천서창엘에이치15단지","월세","21.7400","202506","24","2,448","12","6","2017","서창남로 109","202506~202708","신규","-","","","아파트"
"41371","인천광역시 남동구 서창동","679","0679","0000","인천서창엘에이치15단지","월세","21.9800","202506","24","2,484","12","3","2017","서창남로 109","202506~202708","신규","-","","","아파트"
"41372","인천광역시 남동구 서창동","679","0679","0000","인천서창엘에이치15단지","월세","21.9800","202506","24","2,484","12","16","2017","서창남로 109","202506~202708","신규","-","","","아파트"
"41373","인천광역시 남동구 서창동","744","0744","0000","인천서창엘에에치14단지","월세","16.6600","202506","24","1,768","9","6","2020","운연천로 9","202506~202708","신규","-","","","아파트"
"41374","인천광역시 남동구 서창동","744","0744","0000","인천서창엘에에치14단지","월세","16.6600","202506","24","1,768","9","17","2020","운연천로 9","202506~202708","신규","-","","","아파트"
"41375","인천광역시 남동구 서창동","744","0744","0000","인천서창엘에에치14단지","월세","16.6600","202506","24","1,872","9","13","2020","운연천로 9","202506~202708","신규","-","","","아파트"
"41376","인천광역시 남동구 서창동","744","0744","0000","인천서창엘에에치14단지","월세","16.6600","202506","24","1,872","9","11","2020","운연천로 9","202506~202708","신규","-","","","아파트"
"41377","인천광역시 남동구 서창동","685","0685","0000","이편한세상서창","월세","84.9500","202506","24","3,000","145","14","2017","서창남순환로 9","202507~202707","신규","-","","","아파트"
"41378","인천광역시 남동구 서창동","679","0679","0000","인천서창엘에이치15단지","월세","21.9800","202506","24","2,484","12","10","2017","서창남로 109","202506~202708","신규","-","","","아파트"
"41379","인천광역시 남동구 서창동","679","0679","0000","인천서창엘에이치15단지","월세","21.9800","202506","24","2,484","12","2","2017","서창남로 109","202506~202708","신규","-","","","아파트"
"41380","인천광역시 남동구 서창동","679","0679","0000","인천서창엘에이치15단지","월세","21.7400","202506","24","2,448","12","5","2017","서창남로 109","202506~202708","신규","-","","","아파트"
"41381","인천광역시 남동구 서창동","744","0744","0000","인천서창엘에에치14단지","월세","36.6400","202506","24","3,924","19","5","2020","운연천로 9","202506~202708","신규","-","","","아파트"
"41382","인천광역시 남동구 서창동","679","0679","0000","인천서창엘에이치15단지","월세","21.9800","202506","24","2,484","12","12","2017","서창남로 109","202506~202708","신규","-","","","아파트"
"41383","인천광역시 남동구 구월동","1142-2","1142","0002","대명어반스테이","전세","20.2003","202506","24","8,500","0","2","2018","미래로 30","202507~202707","신규","-","","","아파트"
"41384","인천광역시 남동구 구월동","1133-6","1133","0006","더클레스Ⅱ-B동","전세","56.8315","202506","24","14,300","0","11","2017","구월남로 127","202506~202509","갱신","-","15,300","0","아파트"
"41385","인천광역시 남동구 구월동","1551","1551","0000","구월아시아드선수촌7단지","월세","36.6939","202506","24","2,052","23","2","2023","선수촌로 7","202507~202706","갱신","-","5,870","32","아파트"
"41386","인천광역시 남동구 서창동","679","0679","0000","인천서창엘에이치15단지","월세","21.9800","202506","24","2,484","12","6","2017","서창남로 109","202506~202708","신규","-","","","아파트"
"41387","인천광역시 연수구 송도동","190-2","0190","0002","글로벌캠퍼스푸르지오","전세","84.9800","202506","24","37,000","0","15","2013","송도문화로28번길 28","202507~202707","신규","-","","","아파트"
"41388","인천광역시 연수구 송도동","155","0155","0000","송도아메리칸타운아이파크","전세","72.5170","202506","24","33,000","0","13","2018","송도과학로27번길 15","202506~202706","갱신","사용","33,000","0","아파트"
"41389","인천광역시 연수구 송도동","18-5","0018","0005","송도더샵그린워크3차(17-1블럭)","전세","84.7300","202506","24","39,900","0","24","2015","아트센터대로97번길 20","202507~202707","갱신","사용","38,000","0","아파트"
"41390","인천광역시 연수구 송도동","396-1","0396","0001","송도LuxeOceanSKVIEW","전세","84.9987","202506","24","35,000","0","15","2025","랜드마크로 350","202507~202707","신규","-","","","아파트"
"41391","인천광역시 연수구 송도동","396-11","0396","0011","송도자이더스타","월세","84.9559","202506","24","3,000","180","43","2024","아카데미로343번길 63","202507~202707","신규","-","","","아파트"
"41392","인천광역시 연수구 송도동","308-1","0308","0001","더샵송도마리나베이","전세","84.9738","202506","24","44,500","0","33","2020","랜드마크로 160","202508~202708","신규","-","","","아파트"
"41393","인천광역시 연수구 송도동","319-1","0319","0001","e편한세상송도","월세","84.2538","202506","24","2,000","147","11","2018","랜드마크로 113","202506~202512","갱신","사용","2,000","140","아파트"
"41394","인천광역시 연수구 송도동","16-4","0016","0004","더샵엑스포10단지","전세","128.4673","202506","24","56,000","0","13","2009","컨벤시아대로42번길 95","202509~202709","갱신","사용","54,000","0","아파트"
"41395","인천광역시 연수구 송도동","4-1","0004","0001","더샵퍼스트월드","전세","116.1250","202506","24","47,250","0","54","2009","해돋이로 107","202509~202708","갱신","사용","45,000","0","아파트"
"41396","인천광역시 연수구 송도동","191-2","0191","0002","송도글로벌파크베르디움","월세","84.8939","202506","24","5,000","148","16","2017","송도문화로28번길 27","202509~202709","신규","-","","","아파트"
"41397","인천광역시 연수구 송도동","155","0155","0000","송도아메리칸타운아이파크","전세","64.1680","202506","24","32,000","0","28","2018","송도과학로27번길 15","202509~202709","신규","-","","","아파트"
"41398","인천광역시 연수구 청학동","454","0454","0000","용담마을","전세","49.9950","202506","24","15,000","0","5","1994","용담로 25","202508~202708","신규","-","","","아파트"
"41399","인천광역시 연수구 송도동","308-1","0308","0001","더샵송도마리나베이","월세","84.9160","202506","24","3,000","160","18","2020","랜드마크로 160","202508~202708","신규","-","","","아파트"
"41400","인천광역시 연수구 청학동","454","0454","0000","용담마을","월세","49.9950","202506","24","13,000","15","1","1994","용담로 25","202507~202707","신규","-","","","아파트"
"41401","인천광역시 연수구 연수동","533","0533","0000","연수주공2차","전세","49.9400","202506","24","11,000","0","13","1992","원인재로 315","202506~202507","신규","-","","","아파트"
"41402","인천광역시 연수구 연수동","533","0533","0000","연수주공2차","전세","41.3000","202506","24","14,000","0","3","1992","원인재로 315","202508~202708","신규","-","","","아파트"
"41403","인천광역시 연수구 연수동","540","0540","0000","문남마을","전세","49.2400","202506","24","14,000","0","3","1994","함박뫼로 100","202508~202708","신규","-","","","아파트"
"41404","인천광역시 연수구 연수동","582-2","0582","0002","승기마을,연수1차시영","전세","26.8200","202506","24","8,400","0","6","1992","원인재로 212","202507~202707","신규","-","","","아파트"
"41405","인천광역시 연수구 연수동","533","0533","0000","연수주공1차","월세","31.3200","202506","24","1,320","18","13","1992","원인재로 315","202411~202610","신규","-","","","아파트"
"41406","인천광역시 연수구 연수동","634","0634","0000","우성2","월세","84.7800","202506","24","3,000","120","16","1995","원인재로 180","202506~202606","갱신","-","3,000","100","아파트"
"41407","인천광역시 미추홀구 주안동","220-1","0220","0001","명주아르디에","월세","26.6900","202506","24","500","55","15","2012","미추홀대로733번길 27","202506~202606","신규","-","","","아파트"
"41408","인천광역시 미추홀구 주안동","20-11","0020","0011","삼영(1,2동)","월세","66.5500","202506","24","1,000","60","1","1978","염창로 129","202507~202707","신규","-","","","아파트"
"41409","인천광역시 연수구 선학동","340","0340","0000","태산,대진.정광아파트","전세","84.6900","202506","24","18,000","0","3","1991","선학로 37","202507~202707","신규","-","","","아파트"
"41410","인천광역시 미추홀구 주안동","1250","1250","0000","쌍용주안","월세","94.9800","202506","24","1,000","75","11","1984","인하로 292","202507~202707","신규","-","","","아파트"
"41411","인천광역시 연수구 송도동","396-1","0396","0001","송도LuxeOceanSKVIEW","전세","84.9987","202506","24","35,000","0","15","2025","랜드마크로 350","202507~202707","신규","-","","","아파트"
"41412","인천광역시 연수구 송도동","155-1","0155","0001","송도아메리칸타운더샵","전세","84.8680","202506","24","50,000","0","57","2025","송도과학로27번길 27","202508~202708","신규","-","","","아파트"
"41413","인천광역시 연수구 송도동","3-10","0003","0010","송도풍림아이원2단지","전세","84.9600","202506","24","31,500","0","19","2005","해돋이로120번길 16","202508~202708","갱신","사용","30,000","0","아파트"
"41414","인천광역시 연수구 송도동","16-7","0016","0007","송도더샵그린애비뉴8단지","월세","101.8106","202506","24","10,000","220","6","2012","컨벤시아대로42번길 61","202508~202708","신규","-","","","아파트"
"41415","인천광역시 연수구 송도동","30-2","0030","0002","힐스테이트송도더스카이","월세","84.8787","202506","24","5,000","200","45","2024","인천타워대로 365","202508~202708","신규","-","","","아파트"
"41416","인천광역시 연수구 연수동","582-2","0582","0002","승기마을,연수1차시영","월세","26.8200","202506","24","500","45","2","1992","원인재로 212","202506~202606","신규","-","","","아파트"
"41417","인천광역시 미추홀구 주안동","1678","1678","0000","힐스테이트푸르지오주안","월세","59.9800","202506","24","3,000","105","17","2023","남주길 150","202508~202708","갱신","사용","3,000","100","아파트"
"41418","인천광역시 미추홀구 주안동","1678","1678","0000","힐스테이트푸르지오주안","전세","59.7200","202506","24","31,000","0","27","2023","남주길 150","202507~202707","신규","-","","","아파트"
"41419","인천광역시 연수구 옥련동","632","0632","0000","서해","전세","59.8850","202506","24","18,000","0","17","1995","청량로185번길 16","202508~202707","신규","-","","","아파트"
"41420","인천광역시 연수구 옥련동","637-1","0637","0001","현대4","월세","84.6000","202506","24","16,000","40","19","1997","한나루로105번길 68","202508~202708","신규","-","","","아파트"
"41421","인천광역시 연수구 연수동","582-2","0582","0002","승기마을,연수1차시영","월세","26.8200","202506","24","500","45","14","1992","원인재로 212","202506~202706","신규","-","","","아파트"
"41422","인천광역시 연수구 청학동","451","0451","0000","시대","월세","35.7430","202506","24","1,000","55","12","1994","용담로 3","202507~202707","신규","-","","","아파트"
"41423","인천광역시 연수구 동춘동","943","0943","0000","동남","전세","52.1400","202506","24","14,700","0","4","1994","먼우금로 19","202507~202707","갱신","사용","14,000","0","아파트"
"41424","인천광역시 연수구 동춘동","928","0928","0000","현대1","전세","84.9700","202506","24","21,000","0","3","1993","원인재로 56","202507~202707","갱신","사용","20,000","0","아파트"
"41425","인천광역시 연수구 동춘동","929","0929","0000","풍림2","전세","84.2200","202506","24","26,000","0","10","1993","경원대로119번길 21","202509~202709","신규","-","","","아파트"
"41426","인천광역시 미추홀구 주안동","1678","1678","0000","힐스테이트푸르지오주안","전세","74.9700","202506","24","27,300","0","17","2023","남주길 150","202507~202707","갱신","-","26,000","0","아파트"
"41427","인천광역시 미추홀구 주안동","1678","1678","0000","힐스테이트푸르지오주안","전세","84.9700","202506","24","30,450","0","29","2023","남주길 150","202507~202707","갱신","사용","29,000","0","아파트"
"41428","인천광역시 미추홀구 주안동","928-8","0928","0008","해마루더펠리체","월세","23.6372","202506","24","500","63","12","2015","주안로 182","202506~202606","신규","-","","","아파트"
"41429","인천광역시 미추홀구 주안동","1628","1628","0000","주안역센트레빌","전세","59.9712","202506","24","29,000","0","8","2021","염전로 414","202508~202708","신규","-","","","아파트"
"41430","인천광역시 미추홀구 주안동","1678","1678","0000","힐스테이트푸르지오주안","전세","59.7200","202506","24","23,100","0","7","2023","남주길 150","202507~202707","갱신","사용","22,000","0","아파트"
"41431","인천광역시 미추홀구 주안동","1628","1628","0000","주안역센트레빌","전세","59.9712","202506","24","29,000","0","8","2021","염전로 414","202508~202708","신규","-","","","아파트"
"41432","인천광역시 미추홀구 주안동","84-2","0084","0002","조은하우스","월세","16.3300","202506","24","500","43","4","2011","석바위로 100","202506~202606","신규","-","","","아파트"
"41433","인천광역시 미추홀구 주안동","1678","1678","0000","힐스테이트푸르지오주안","전세","59.9800","202506","24","21,000","0","6","2023","남주길 150","202507~202707","갱신","사용","20,000","0","아파트"
"41434","인천광역시 연수구 송도동","155-1","0155","0001","송도아메리칸타운더샵","월세","84.8680","202506","24","25,000","70","57","2025","송도과학로27번길 27","202508~202708","신규","-","","","아파트"
"41435","인천광역시 연수구 송도동","155-1","0155","0001","송도아메리칸타운더샵","월세","84.8680","202506","24","25,000","70","57","2025","송도과학로27번길 27","202508~202708","신규","-","","","아파트"
"41436","인천광역시 연수구 송도동","308-1","0308","0001","더샵송도마리나베이","월세","84.9160","202506","24","3,000","160","18","2020","랜드마크로 160","202508~202708","신규","-","","","아파트"
"41437","인천광역시 연수구 송도동","21-34","0021","0034","송도대경스위트리아파크뷰","전세","58.0410","202506","24","30,000","0","6","2021","해돋이로 160-7","202507~202707","신규","-","","","아파트"
"41438","인천광역시 연수구 송도동","18-6","0018","0006","더샵그린워크1차","전세","84.3408","202506","24","39,900","0","9","2014","아트센터대로97번길 30","202508~202608","신규","-","","","아파트"
"41439","인천광역시 연수구 송도동","397-8","0397","0008","힐스테이트레이크송도2차","전세","99.9800","202506","24","42,000","0","33","2020","아카데미로 446","202510~202710","신규","-","","","아파트"
"41440","인천광역시 연수구 송도동","155","0155","0000","송도아메리칸타운아이파크","전세","64.1680","202506","24","32,000","0","28","2018","송도과학로27번길 15","202509~202709","신규","-","","","아파트"
"41441","인천광역시 동구 송림동","339","0339","0000","풍림아이원","전세","40.3530","202506","24","14,700","0","4","2009","송미로 6","202507~202707","갱신","사용","14,000","0","아파트"
"41442","인천광역시 미추홀구 도화동","1011","1011","0000","더샵인천스카이타워1단지","전세","84.9823","202506","24","27,000","0","27","2020","숙골로88번길 12","-","-","-","","","아파트"
"41443","인천광역시 동구 송현동","1-9","0001","0009","송현2","월세","63.7200","202506","24","300","50","4","1984","인중로 635","202506~202606","신규","-","","","아파트"
"41444","인천광역시 미추홀구 학익동","125-1","0125","0001","신동아2","전세","73.2800","202506","24","18,000","0","13","1989","소성로 211","202508~202708","신규","-","","","아파트"
"41445","인천광역시 미추홀구 학익동","125-1","0125","0001","신동아2","전세","49.0300","202506","24","13,500","0","14","1989","소성로 211","202506~202706","갱신","-","13,500","0","아파트"
"41446","인천광역시 중구 중산동","1911-2","1911","0002","영종국제도시한신더휴스카이파크","전세","59.9824","202506","24","12,000","0","17","2019","은하수로 229","202506~202706","갱신","사용","12,000","0","아파트"
"41447","인천광역시 중구 중산동","1881-1","1881","0001","하늘도시우미린1단지","전세","59.8500","202506","24","18,000","0","9","2012","은하수로 351","202508~202708","신규","-","","","아파트"
"41448","인천광역시 중구 중산동","1871-3","1871","0003","하늘도시우미린2단지","월세","84.7989","202506","24","2,000","110","14","2012","하늘달빛로 113","202508~202708","신규","-","","","아파트"
"41449","인천광역시 중구 중산동","1872-1","1872","0001","영종신명스카이뷰주얼리","전세","56.6190","202506","24","20,000","0","5","2013","하늘달빛로 95","202507~202707","신규","-","","","아파트"
"41450","인천광역시 중구 중산동","1887-2","1887","0002","영종힐스테이트","전세","83.3720","202506","24","23,000","0","11","2012","하늘별빛로 66","202507~202707","갱신","-","30,000","0","아파트"
"41451","인천광역시 중구 중산동","1881-1","1881","0001","하늘도시우미린1단지","월세","59.9600","202506","24","1,000","95","19","2012","은하수로 351","202507~202706","신규","-","","","아파트"
"41452","인천광역시 중구 중산동","1887-2","1887","0002","영종힐스테이트","전세","83.2470","202506","24","23,000","0","31","2012","하늘별빛로 66","202508~202708","신규","-","","","아파트"
"41453","인천광역시 미추홀구 도화동","1011","1011","0000","더샵인천스카이타워1단지","월세","84.9353","202506","24","3,000","135","19","2020","숙골로88번길 12","202506~202706","신규","-","","","아파트"
"41454","인천광역시 미추홀구 도화동","601-1","0601","0001","동아","전세","84.9500","202506","24","18,100","0","15","1992","경인로 203-12","202507~202707","신규","-","","","아파트"
"41455","인천광역시 중구 중산동","1881-1","1881","0001","하늘도시우미린1단지","전세","59.8500","202506","24","18,000","0","9","2012","은하수로 351","202508~202708","신규","-","","","아파트"
"41456","인천광역시 중구 신흥동3가","31-13","0031","0013","인천유림노르웨이숲에듀오션","월세","59.8723","202506","24","1,050","87","24","2023","서해대로 278","202507~202607","갱신","사용","1,000","83","아파트"
"41457","인천광역시 중구 중산동","1871-1","1871","0001","e편한세상영종국제도시센텀베뉴","월세","98.0425","202506","24","3,000","150","11","2023","하늘달빛로 139","202507~202707","신규","-","","","아파트"
"41458","인천광역시 중구 중산동","1887-2","1887","0002","영종힐스테이트","전세","83.0110","202506","24","20,000","0","8","2012","하늘별빛로 66","202507~202707","갱신","사용","20,000","0","아파트"
"41459","인천광역시 미추홀구 학익동","125-1","0125","0001","신동아2","전세","73.2800","202506","24","18,000","0","13","1989","소성로 211","202508~202708","신규","-","","","아파트"
"41460","인천광역시 미추홀구 학익동","595-28","0595","0028","시티오씨엘4단지","전세","74.9500","202506","24","33,000","0","23","2025","학익로 30","202508~202708","신규","-","","","아파트"
"41461","인천광역시 미추홀구 도화동","1004","1004","0000","e편한세상도화5단지","월세","59.7900","202506","24","6,880","41","25","2018","숙골로112번길 11","202507~202707","갱신","-","6,880","41","아파트"
"41462","인천광역시 중구 운남동","1778","1778","0000","운서역푸르지오더스카이","월세","62.6200","202506","24","6,000","33","5","2021","흰바위로 277","202509~202709","갱신","-","6,000","32","아파트"
"41463","인천광역시 중구 운남동","1778","1778","0000","운서역푸르지오더스카이","월세","84.6600","202506","24","10,600","27","2","2021","흰바위로 277","202508~202708","신규","-","","","아파트"
"41464","인천광역시 중구 운남동","1778","1778","0000","운서역푸르지오더스카이","월세","84.8300","202506","24","8,000","42","9","2021","흰바위로 277","202509~202709","갱신","-","8,000","40","아파트"
"41465","인천광역시 중구 운남동","1778","1778","0000","운서역푸르지오더스카이","월세","74.6100","202506","24","10,000","29","1","2021","흰바위로 277","202509~202709","갱신","-","10,000","28","아파트"
"41466","인천광역시 미추홀구 도화동","1009","1009","0000","e편한세상도화6-1단지","월세","72.1400","202506","24","6,254","51","18","2018","숙골로88번길 46","202507~202707","갱신","-","6,254","51","아파트"
"41467","인천광역시 미추홀구 도화동","1009","1009","0000","e편한세상도화6-1단지","월세","84.9100","202506","24","6,775","58","6","2018","숙골로88번길 46","202507~202707","갱신","-","6,775","58","아파트"
"41468","인천광역시 미추홀구 용현동","574-3","0574","0003","대진","월세","39.7800","202506","24","500","32","6","1989","능해길46번길 38","202506~202706","신규","-","","","아파트"
"41469","인천광역시 미추홀구 용현동","627-40","0627","0040","금호타운","전세","121.5100","202506","24","22,000","0","3","1991","낙섬동로 9","202508~202708","신규","-","","","아파트"
"41470","인천광역시 미추홀구 도화동","550-7","0550","0007","세림펠리체","전세","35.8170","202506","24","13,700","0","20","2019","경인로 255","202508~202708","신규","-","","","아파트"
"41471","인천광역시 미추홀구 도화동","1009","1009","0000","e편한세상도화6-1단지","월세","72.8400","202506","24","10,120","36","3","2018","숙골로88번길 46","202507~202707","갱신","-","10,120","36","아파트"
"41472","인천광역시 미추홀구 용현동","615-2","0615","0002","부성로얄","월세","45.1800","202506","24","300","40","5","1987","낙섬동로 50","202507~202707","신규","-","","","아파트"
"41473","인천광역시 중구 중산동","1911-2","1911","0002","영종국제도시한신더휴스카이파크","전세","59.9824","202506","24","12,000","0","17","2019","은하수로 229","-","-","-","","","아파트"
"41474","인천광역시 중구 항동7가","27-107","0027","0107","라이프비취2차","전세","40.0000","202506","24","6,500","0","8","1982","축항대로86번길 47","202507~202707","신규","-","","","아파트"
"41475","인천광역시 중구 운서동","3099-4","3099","0004","운서역반도유보라퍼스티지","월세","84.8964","202506","24","0","160","5","2022","영종대로196번길 15-25","202507~202607","신규","-","","","아파트"
"41476","인천광역시 중구 중산동","1871-1","1871","0001","e편한세상영종국제도시센텀베뉴","월세","98.0425","202506","24","3,000","150","11","2023","하늘달빛로 139","202507~202707","신규","-","","","아파트"
"41477","인천광역시 동구 송림동","342","0342","0000","동산휴먼시아1단지","전세","46.8700","202506","24","16,200","0","18","2010","재능로 191","202506~202706","갱신","사용","15,500","0","아파트"
"41478","인천광역시 동구 송림동","343","0343","0000","동산휴먼시아2단지","전세","59.9500","202506","24","17,700","0","18","2010","새천년로38번길 11","202508~202708","갱신","사용","17,000","0","아파트"
"41479","인천광역시 미추홀구 도화동","1011","1011","0000","더샵인천스카이타워1단지","전세","84.9823","202506","24","27,000","0","27","2020","숙골로88번길 12","202507~202707","갱신","사용","27,000","0","아파트"
"41480","인천광역시 중구 운서동","3103-9","3103","0009","영종1단지엘에이치","월세","59.8300","202506","24","4,517","27","6","2012","영종대로278번길 50","202509~202708","갱신","-","4,386","26","아파트"
"41481","인천광역시 서구 당하동","1031","1031","0000","원당풍림아이원","전세","74.0892","202506","24","20,000","0","9","2004","원당대로840번길 21","202508~202708","신규","-","","","아파트"
"41482","인천광역시 서구 백석동","가-","0000","0000","검암역로열파크씨티푸르지오1단지","월세","84.9420","202506","24","3,000","157","32","2023","한들로 33","202509~202709","갱신","사용","3,000","150","아파트"
"41483","인천광역시 서구 심곡동","285","0285","0000","대동","월세","59.9100","202506","24","2,500","80","14","1996","심곡로 135","202508~202708","신규","-","","","아파트"
"41484","인천광역시 서구 심곡동","252-6","0252","0006","녹성","월세","59.8600","202506","24","2,000","10","5","1995","심곡로49번길 7","202506~202706","신규","-","","","아파트"
"41485","인천광역시 계양구 작전동","912-3","0912","0003","도두리마을동보","월세","59.8800","202506","24","3,000","100","18","1996","도두리로 52","202507~202707","신규","-","","","아파트"
"41486","인천광역시 계양구 작전동","72-2","0072","0002","한아름","월세","59.7600","202506","24","1,000","60","7","1991","봉오대로743번길 25","202507~202707","신규","-","","","아파트"
"41487","인천광역시 계양구 작전동","30-1","0030","0001","선우","전세","58.5900","202506","24","12,000","0","4","1986","주부토로472번길 51","202507~202707","신규","-","","","아파트"
"41488","인천광역시 계양구 방축동","235","0235","0000","계양하늘채파크포레","전세","59.8946","202506","24","22,000","0","11","2023","박촌로 19","202506~202706","갱신","사용","21,000","0","아파트"
"41489","인천광역시 서구 마전동","999-18","0999","0018","검단2차풍림아이원","전세","84.8495","202506","24","23,000","0","11","2005","완정로64번길 23","-","-","-","","","아파트"
"41490","인천광역시 계양구 계산동","899","0899","0000","극동","월세","38.1300","202506","24","1,000","50","4","1988","하느재로19번길 8","202507~202707","신규","-","","","아파트"
"41491","인천광역시 서구 가좌동","611","0611","0000","인천가좌두산위브트레지움1,2단지","월세","84.8200","202506","24","15,000","80","16","2017","여우재로 119","202507~202707","신규","-","","","아파트"
"41492","인천광역시 계양구 동양동","615","0615","0000","우남푸르미아","전세","84.9530","202506","24","30,000","0","13","2011","당미5길 7","202509~202709","신규","-","","","아파트"
"41493","인천광역시 계양구 작전동","915-1","0915","0001","까치마을한진","전세","37.3800","202506","24","13,000","0","8","1997","효서로 393","202506~202706","갱신","-","11,000","0","아파트"
"41494","인천광역시 계양구 계산동","20","0020","0000","주공","전세","36.1600","202506","24","12,000","0","1","1990","경명대로1142번길 3","202507~202707","신규","-","","","아파트"
"41495","인천광역시 계양구 서운동","230","0230","0000","계양효성해링턴플레이스","전세","72.9980","202506","24","31,000","0","11","2021","서운로 34","202506~202706","갱신","-","31,000","0","아파트"
"41496","인천광역시 서구 경서동","722-1","0722","0001","태평샹베르1차","전세","84.5496","202506","24","23,000","0","15","2005","도요지로 15","202506~202704","신규","-","","","아파트"
"41497","인천광역시 서구 검암동","501-1","0501","0001","풍림아이원2차","전세","75.1200","202506","24","29,000","0","4","2004","검암로 53","202508~202708","신규","-","","","아파트"
"41498","인천광역시 계양구 서운동","203","0203","0000","계양임광그대家","전세","84.9113","202506","24","38,000","0","8","2009","효서로 417","202509~202709","신규","-","","","아파트"
"41499","인천광역시 부평구 구산동","360","0360","0000","부평자이","전세","84.7461","202506","24","30,000","0","13","2006","일신로 120","202508~202708","신규","-","","","아파트"
"41500","인천광역시 서구 가정동","566","0566","0000","인향","월세","57.9900","202506","24","1,000","40","1","1989","서달로179번길 12-9","202507~202707","신규","-","","","아파트"
"41501","인천광역시 계양구 귤현동","533","0533","0000","계양센트레빌3단지","월세","84.9220","202506","24","5,000","116","9","2013","형제봉길 1","202507~202707","갱신","사용","5,000","110","아파트"
"41502","인천광역시 계양구 귤현동","531","0531","0000","계양센트레빌1단지","전세","84.9220","202506","24","33,000","0","2","2013","형제봉길 100","202509~202709","신규","-","","","아파트"
"41503","인천광역시 계양구 작전동","580","0580","0000","현대2-1차","전세","78.0400","202506","24","21,000","0","14","1991","효서로 381","202508~202708","신규","-","","","아파트"
"41504","인천광역시 계양구 작전동","580","0580","0000","현대2-1차","전세","78.0400","202506","24","21,000","0","14","1991","효서로 381","202508~202708","신규","-","","","아파트"
"41505","인천광역시 계양구 작전동","912-5","0912","0005","도두리마을대동","전세","59.8400","202506","24","17,800","0","1","1997","도두리로 74","202508~202708","갱신","사용","17,000","0","아파트"
"41506","인천광역시 계양구 효성동","242-6","0242","0006","신진","월세","53.2800","202506","24","200","45","3","1984","효서로 150","202506~202706","신규","-","","","아파트"
"41507","인천광역시 계양구 계산동","348-2","0348","0002","하나","전세","37.1700","202506","24","10,000","0","4","1988","경명대로1114번길 6","202506~202706","신규","-","","","아파트"
"41508","인천광역시 계양구 이화동","407","0407","0000","신동아파밀리에","전세","84.9466","202506","24","22,000","0","1","2007","황어로 139","202507~202607","갱신","사용","22,000","0","아파트"
"41509","인천광역시 서구 당하동","1327-1","1327","0001","인천검단엘에이치36단지","월세","29.0900","202506","24","1,422","17","12","2023","독정로 111","202509~202708","갱신","-","1,381","17","아파트"
"41510","인천광역시 서구 당하동","1327-1","1327","0001","인천검단엘에이치36단지","월세","46.0300","202506","24","6,793","13","10","2023","독정로 111","202509~202708","갱신","-","3,780","29","아파트"
"41511","인천광역시 부평구 부평동","70-5","0070","0005","동아(1차)","전세","52.4300","202506","24","19,000","0","10","1988","부평문화로 37","202508~202708","신규","-","","","아파트"
"41512","인천광역시 부평구 산곡동","307","0307","0000","현대1차","월세","84.6000","202506","24","3,000","105","14","1986","경원대로 1269","202508~202708","신규","-","","","아파트"
"41513","인천광역시 부평구 산곡동","524","0524","0000","부평신일해피트리더루츠","전세","39.7240","202506","24","21,000","0","3","2022","산곡로 31","202509~202709","신규","-","","","아파트"
"41514","인천광역시 부평구 산곡동","524","0524","0000","부평신일해피트리더루츠","전세","39.7240","202506","24","21,000","0","3","2022","산곡로 31","202509~202709","신규","-","","","아파트"
"41515","인천광역시 부평구 산곡동","294-35","0294","0035","우성1차2차(294-35)","전세","41.0200","202506","24","14,500","0","2","1989","부영로 165","202507~202707","신규","-","","","아파트"
"41516","인천광역시 부평구 삼산동","494","0494","0000","부평삼산엠코타운","월세","59.9990","202506","24","4,000","105","17","2007","후정로 7","202508~202708","신규","-","","","아파트"
"41517","인천광역시 부평구 삼산동","453-1","0453","0001","삼산타운7단지","전세","84.9600","202506","24","42,000","0","17","2004","체육관로 27","202508~202708","신규","-","","","아파트"
"41518","인천광역시 부평구 삼산동","453-1","0453","0001","삼산타운7단지","전세","84.9600","202506","24","45,000","0","6","2004","체육관로 27","202508~202708","신규","-","","","아파트"
"41519","인천광역시 부평구 삼산동","453-1","0453","0001","삼산타운7단지","전세","84.0700","202506","24","40,000","0","14","2004","체육관로 27","202508~202708","신규","-","","","아파트"
"41520","인천광역시 부평구 삼산동","453-1","0453","0001","삼산타운7단지","전세","84.0700","202506","24","40,000","0","14","2004","체육관로 27","202508~202708","신규","-","","","아파트"
"41521","인천광역시 남동구 논현동","633-1","0633","0001","논현휴먼시아달맞이마을(5단지)","월세","46.7300","202506","24","6,401","23","7","2007","논현로 105","202508~202707","갱신","-","6,205","22","아파트"
"41522","인천광역시 남동구 논현동","634-1","0634","0001","어진마을한화꿈에그린(6단지)","월세","149.6180","202506","24","5,000","160","12","2007","논현로 106","202506~202706","신규","-","","","아파트"
"41523","인천광역시 남동구 논현동","751-1","0751","0001","인천 소래논현구역 C10블록 에코메트로 3차 더 타워","월세","117.3180","202506","24","3,000","210","8","2013","소래역남로 40","202508~202708","신규","-","","","아파트"
"41524","인천광역시 부평구 부개동","477-5","0477","0005","동아","전세","40.1400","202506","24","11,000","0","2","1988","길주남로113번길 12","202506~202706","갱신","사용","11,000","0","아파트"
"41525","인천광역시 부평구 부개동","494","0494","0000","성일","전세","50.8800","202506","24","18,000","0","6","1990","수변로52번길 6","202508~202708","신규","-","","","아파트"
"41526","인천광역시 부평구 부개동","477-5","0477","0005","동아","전세","49.2000","202506","24","13,000","0","1","1988","길주남로113번길 12","202508~202708","신규","-","","","아파트"
"41527","인천광역시 부평구 부개동","477-5","0477","0005","동아","월세","49.2000","202506","24","1,000","60","3","1988","길주남로113번길 12","202507~202707","신규","-","","","아파트"
"41528","인천광역시 부평구 부개동","477-3","0477","0003","뉴서울","전세","39.4800","202506","24","11,000","0","2","1989","충선로 191","202507~202707","신규","-","","","아파트"
"41529","인천광역시 남동구 논현동","633-1","0633","0001","논현휴먼시아달맞이마을(5단지)","월세","46.5500","202506","24","3,358","22","2","2007","논현로 105","202508~202707","갱신","-","3,289","20","아파트"
"41530","인천광역시 남동구 논현동","635-1","0635","0001","논현휴먼시아하늘마을(3단지)","월세","46.9000","202506","24","5,366","13","14","2008","논현로 45","202509~202708","갱신","-","5,256","11","아파트"
"41531","인천광역시 남동구 논현동","751-1","0751","0001","인천 소래논현구역 C10블록 에코메트로 3차 더 타워","전세","105.0470","202506","24","31,500","0","7","2013","소래역남로 40","202506~202706","갱신","사용","30,000","0","아파트"
"41532","인천광역시 남동구 논현동","755-1","0755","0001","에코메트로5","전세","84.9460","202506","24","35,000","0","20","2010","소래역남로 39","202508~202708","신규","-","","","아파트"
"41533","인천광역시 남동구 논현동","774-1","0774","0001","에코메트로11","전세","101.9910","202506","24","37,000","0","8","2009","논고개로 17","202507~202707","갱신","-","37,000","0","아파트"
"41534","인천광역시 남동구 논현동","599-1","0599","0001","주공14단지(등대마을)","월세","46.8100","202506","24","2,357","27","12","2006","청능대로715번길 22","202509~202708","갱신","-","2,251","26","아파트"
"41535","인천광역시 부평구 십정동","630","0630","0000","더샵부평센트럴시티","월세","69.4834","202506","24","16,500","47","26","2022","열우물로 90","202509~202709","갱신","-","16,500","44","아파트"
"41536","인천광역시 부평구 부평동","956","0956","0000","부평역한라비발디트레비앙","월세","59.8250","202506","24","3,000","120","16","2023","동수북로 188","202507~202707","신규","-","","","아파트"
"41537","인천광역시 부평구 부평동","962","0962","0000","부평SKVIEW해모로","전세","59.9750","202506","24","28,000","0","13","2023","동수천로 71","202507~202707","갱신","사용","28,000","0","아파트"
"41538","인천광역시 부평구 십정동","642","0642","0000","힐스테이트부평","전세","84.9900","202506","24","33,600","0","21","2023","경원대로 1192","202507~202707","갱신","사용","32,000","0","아파트"
"41539","인천광역시 부평구 십정동","630","0630","0000","더샵부평센트럴시티","월세","59.8032","202506","24","10,000","53","18","2022","열우물로 90","202507~202707","신규","-","","","아파트"
"41540","인천광역시 부평구 십정동","630","0630","0000","더샵부평센트럴시티","월세","69.2824","202506","24","13,500","56","6","2022","열우물로 90","202508~202708","갱신","-","13,500","54","아파트"
"41541","인천광역시 부평구 십정동","630","0630","0000","더샵부평센트럴시티","월세","69.4834","202506","24","13,500","54","3","2022","열우물로 90","202508~202707","신규","-","","","아파트"
"41542","인천광역시 부평구 삼산동","453-1","0453","0001","삼산타운7단지","월세","84.9600","202506","24","5,000","150","16","2004","체육관로 27","202507~202707","신규","-","","","아파트"
"41543","인천광역시 부평구 십정동","630","0630","0000","더샵부평센트럴시티","월세","69.4834","202506","24","10,500","65","15","2022","열우물로 90","202508~202708","갱신","-","10,500","63","아파트"
"41544","인천광역시 부평구 청천동","236-5","0236","0005","미도6","월세","45.3300","202506","24","2,000","40","5","1988","길주로494번길 50","202507~202707","신규","-","","","아파트"
"41545","인천광역시 부평구 부평동","574-1","0574","0001","라온2","월세","21.5800","202506","24","3,000","30","5","2014","대정로 77-3","202507~202707","신규","-","","","아파트"
"41546","인천광역시 부평구 부평동","377-5","0377","0005","엘도라도","월세","20.2900","202506","24","500","38","4","2011","부흥북로72번길 15","202506~202606","신규","-","","","아파트"
"41547","인천광역시 부평구 십정동","630","0630","0000","더샵부평센트럴시티","월세","59.8032","202506","24","10,000","53","18","2022","열우물로 90","202507~202707","갱신","-","10,000","53","아파트"
"41548","인천광역시 부평구 십정동","630","0630","0000","더샵부평센트럴시티","월세","69.4834","202506","24","13,500","54","3","2022","열우물로 90","202508~202708","갱신","-","13,500","54","아파트"
"41549","인천광역시 부평구 십정동","629","0629","0000","서희스타힐스부평센트럴","월세","59.9376","202506","24","3,000","95","11","2021","상정로 41","202508~202708","신규","-","","","아파트"
"41550","인천광역시 부평구 부평동","64-20","0064","0020","대림1차","월세","76.3880","202506","24","3,000","100","14","1989","부영로 196","202508~202708","신규","-","","","아파트"
"41551","인천광역시 서구 불로동","803-1","0803","0001","검단대광로제비앙센트럴포레","전세","84.7273","202506","24","38,100","0","5","2022","검단로768번길 46","202508~202708","갱신","-","38,000","0","아파트"
"41552","인천광역시 서구 청라동","184-1","0184","0001","청라엘에이치","전세","84.8600","202506","24","26,250","0","3","2011","청라커낼로 232","202507~202707","갱신","사용","25,000","0","아파트"
"41553","인천광역시 서구 청라동","102-2","0102","0002","청라한양수자인","월세","102.5591","202506","24","2,000","145","5","2011","비즈니스로 41","202506~202706","신규","-","","","아파트"
"41554","인천광역시 서구 청라동","156-1","0156","0001","청라센트럴에일린의뜰","전세","84.9610","202506","24","42,000","0","16","2018","청라커낼로 300","202508~202708","신규","-","","","아파트"
"41555","인천광역시 서구 청라동","185-1","0185","0001","힐데스하임","월세","59.9435","202506","24","1,000","125","7","2011","청라라임로 17","202507~202707","갱신","-","1,000","110","아파트"
"41556","인천광역시 서구 청라동","156-1","0156","0001","청라센트럴에일린의뜰","전세","84.9834","202506","24","33,000","0","9","2018","청라커낼로 300","202507~202607","갱신","-","33,000","0","아파트"
"41557","인천광역시 강화군 선원면 창리","714","0714","0000","강화서희스타힐스1단지","전세","71.9635","202506","24","23,000","0","8","2024","중앙로 162-31","202508~202708","신규","-","","","아파트"
"41558","인천광역시 서구 원당동","1026","1026","0000","인천검단26단지","월세","26.1100","202506","24","2,890","6","16","2024","이음1로 420","202505~202706","갱신","-","1,390","15","아파트"
"41559","인천광역시 서구 원당동","1018","1018","0000","검단신도시푸르지오더베뉴","전세","75.8400","202506","24","30,000","0","11","2021","이음6로 33","202509~202708","갱신","-","30,000","0","아파트"
"41560","인천광역시 서구 원당동","1022","1022","0000","호반써밋1차","전세","72.5409","202506","24","30,000","0","18","2021","이음5로 15","202509~202709","신규","-","","","아파트"
"41561","인천광역시 서구 원당동","1063","1063","0000","검단신도시모아엘가그랑데","전세","82.9256","202506","24","30,000","0","2","2023","이음4로 93","202508~202708","신규","-","","","아파트"
"41562","인천광역시 서구 원당동","987","0987","0000","검단신도시로제비앙라포레","월세","84.8086","202506","24","3,000","135","5","2022","서로3로 277","202508~202708","신규","-","","","아파트"
"41563","인천광역시 서구 청라동","150-1","0150","0001","대우푸르지오","월세","94.9190","202506","24","4,000","190","37","2013","크리스탈로102번길 25","202508~202708","신규","-","","","아파트"
"41564","인천광역시 서구 청라동","155-12","0155","0012","NPART","전세","118.1682","202506","24","42,000","0","12","2011","청라커낼로 249","202506~202706","갱신","-","34,000","0","아파트"
"41565","인천광역시 강화군 강화읍 갑곳리","423","0423","0000","유성1","월세","57.1500","202506","24","1,000","35","4","1990","강화대로248번길 16-1","202507~202807","신규","-","","","아파트"
"41566","인천광역시 강화군 선원면 창리","709","0709","0000","강화서희스타힐스2단지","전세","59.9570","202506","24","15,000","0","6","2024","중앙로 162-57","202507~202707","신규","-","","","아파트"
"41567","인천광역시 강화군 선원면 창리","709","0709","0000","강화서희스타힐스2단지","전세","59.9570","202506","24","15,000","0","6","2024","중앙로 162-57","202507~202707","신규","-","","","아파트"
"41568","인천광역시 서구 불로동","가-","0000","0000","신검단중앙역풍경채어바니티2차","전세","110.9811","202506","24","32,000","0","15","2025","고산후로 305","202507~202707","신규","-","","","아파트"
"41569","인천광역시 서구 원당동","1082-3","1082","0003","우미린리버포레","월세","59.3430","202506","23","16,600","12","20","2023","이음3로 221","202508~202708","신규","-","","","아파트"
"41570","인천광역시 서구 원당동","987-1","0987","0001","검단신도시디에트르더힐","전세","75.8458","202506","23","30,000","0","11","2022","서로3로 255","202508~202708","신규","-","","","아파트"
"41571","인천광역시 서구 원당동","1024","1024","0000","검단 금호어울림 센트럴","전세","74.9400","202506","23","35,000","0","17","2021","이음5로 65","202508~202708","신규","-","","","아파트"
"41572","인천광역시 서구 청라동","102-2","0102","0002","청라한양수자인","전세","102.5591","202506","23","37,000","0","18","2011","비즈니스로 41","202507~202607","신규","-","","","아파트"
"41573","인천광역시 서구 청라동","184-1","0184","0001","청라엘에이치","월세","84.8600","202506","23","300","35","9","2011","청라커낼로 232","202507~202706","신규","-","","","아파트"
"41574","인천광역시 서구 불로동","가-","0000","0000","신검단중앙역풍경채어바니티2차","월세","74.9169","202506","23","3,000","110","24","2025","고산후로 305","202508~202704","신규","-","","","아파트"
"41575","인천광역시 서구 청라동","85-1","0085","0001","청라국제금융단지한양수자인레이크블루","월세","84.4240","202506","23","20,000","30","18","2019","청라한내로 132","202507~202707","신규","-","","","아파트"
"41576","인천광역시 서구 청라동","116-4","0116","0004","청라지구중흥S-CLASS1단지","월세","119.5876","202506","23","5,000","160","16","2010","청라라임로 131","202508~202708","신규","-","","","아파트"
"41577","인천광역시 서구 원당동","1022","1022","0000","호반써밋1차","전세","84.8917","202506","23","34,000","0","12","2021","이음5로 15","202508~202708","신규","-","","","아파트"
"41578","인천광역시 강화군 선원면 창리","714","0714","0000","강화서희스타힐스1단지","월세","71.9950","202506","23","3,000","70","11","2024","중앙로 162-31","202507~202707","신규","-","","","아파트"
"41579","인천광역시 서구 청라동","84-6","0084","0006","인천청라국제도시호반베르디움6차(A-3블럭)","월세","84.9958","202506","23","9,000","150","10","2021","청라사파이어로 260","202507~202707","신규","-","","","아파트"
"41580","인천광역시 서구 청라동","130-2","0130","0002","청라웰카운티1차","전세","84.7379","202506","23","26,250","0","17","2010","청라에메랄드로 156","202506~202706","갱신","사용","25,000","0","아파트"
"41581","인천광역시 서구 청라동","150-1","0150","0001","대우푸르지오","월세","94.9190","202506","23","10,000","150","9","2013","크리스탈로102번길 25","202508~202708","신규","-","","","아파트"
"41582","인천광역시 서구 청라동","149-2","0149","0002","청라제일풍경채2차에듀앤파크","전세","84.9930","202506","23","33,600","0","14","2017","청라한울로 96","202507~202707","갱신","사용","32,000","0","아파트"
"41583","인천광역시 강화군 선원면 창리","714","0714","0000","강화서희스타힐스1단지","월세","84.9495","202506","23","3,000","90","16","2024","중앙로 162-31","202507~202707","신규","-","","","아파트"
"41584","인천광역시 서구 청라동","130-2","0130","0002","청라웰카운티1차","전세","84.7379","202506","23","26,250","0","17","2010","청라에메랄드로 156","202506~202706","갱신","사용","25,000","0","아파트"
"41585","인천광역시 서구 청라동","85-1","0085","0001","청라국제금융단지한양수자인레이크블루","전세","59.7588","202506","23","23,100","0","3","2019","청라한내로 132","-","-","-","","","아파트"
"41586","인천광역시 서구 불로동","1005-4","1005","0004","신검단중앙역풍경채어바니티","전세","111.6084","202506","23","35,000","0","7","2024","금정로 12","202508~202708","신규","-","","","아파트"
"41587","인천광역시 서구 청라동","84-6","0084","0006","인천청라국제도시호반베르디움6차(A-3블럭)","월세","84.9958","202506","23","9,000","150","10","2021","청라사파이어로 260","202507~202707","신규","-","","","아파트"
"41588","인천광역시 서구 청라동","164-1","0164","0001","청라 엑슬루타워","전세","132.6800","202506","23","34,200","0","34","2011","중봉대로586번길 22","202506~202706","갱신","사용","33,000","0","아파트"
"41589","인천광역시 서구 청라동","150-1","0150","0001","대우푸르지오","전세","114.1040","202506","23","45,000","0","43","2013","크리스탈로102번길 25","202508~202708","갱신","사용","43,000","0","아파트"
"41590","인천광역시 서구 왕길동","692-1","0692","0001","검단자이1단지","월세","84.8090","202506","23","3,000","110","1","2010","버들로 27","202508~202708","신규","-","","","아파트"
"41591","인천광역시 미추홀구 용현동","664","0664","0000","인천 SK Sky VIEW","전세","59.9934","202506","23","26,250","0","34","2016","용정공원로 33","202509~202709","갱신","사용","25,000","0","아파트"
"41592","인천광역시 미추홀구 용현동","664","0664","0000","인천 SK Sky VIEW","전세","59.9934","202506","23","26,250","0","34","2016","용정공원로 33","202509~202709","갱신","사용","25,000","0","아파트"
"41593","인천광역시 중구 운북동","1366-8","1366","0008","영종BENESTWeHome골든마레","월세","84.9673","202506","23","2,000","124","11","2023","자연대로 667","202506~202706","신규","-","","","아파트"
"41594","인천광역시 중구 운서동","2748-1","2748","0001","풍림아이원2단지1차","월세","59.9919","202506","23","1,000","80","3","2002","영종대로27번길 40","202506~202606","갱신","-","1,000","75","아파트"
"41595","인천광역시 중구 운남동","1778","1778","0000","운서역푸르지오더스카이","월세","84.8300","202506","23","3,000","56","8","2021","흰바위로 277","202509~202709","갱신","-","3,000","55","아파트"
"41596","인천광역시 중구 항동7가","27-107","0027","0107","라이프비취2차","전세","71.1700","202506","23","10,000","0","6","1982","축항대로86번길 47","202507~202707","신규","-","","","아파트"
"41597","인천광역시 중구 운남동","1778","1778","0000","운서역푸르지오더스카이","월세","84.6900","202506","23","11,900","30","7","2021","흰바위로 277","202509~202709","갱신","-","11,900","29","아파트"
"41598","인천광역시 중구 운남동","1779","1779","0000","영종센트럴푸르지오자이","전세","84.7955","202506","23","26,000","0","14","2019","은하수로 412","202507~202707","신규","-","","","아파트"
"41599","인천광역시 중구 중산동","1871-3","1871","0003","하늘도시우미린2단지","전세","84.7989","202506","23","22,000","0","1","2012","하늘달빛로 113","202508~202708","신규","-","","","아파트"
"41600","인천광역시 중구 중산동","1872-2","1872","0002","인천영종동보노빌리티","전세","84.9600","202506","23","16,275","0","5","2012","하늘달빛로 65","202507~202707","갱신","사용","15,500","0","아파트"
"41601","인천광역시 중구 중산동","1911-2","1911","0002","영종국제도시한신더휴스카이파크","전세","59.9824","202506","23","23,000","0","28","2019","은하수로 229","202508~202708","신규","-","","","아파트"
"41602","인천광역시 중구 중산동","1872-2","1872","0002","인천영종동보노빌리티","월세","84.6720","202506","23","15,500","40","26","2012","하늘달빛로 65","202508~202708","신규","-","","","아파트"
"41603","인천광역시 중구 중산동","1881-1","1881","0001","하늘도시우미린1단지","전세","59.5500","202506","23","13,860","0","17","2012","은하수로 351","202508~202708","갱신","사용","13,200","0","아파트"
"41604","인천광역시 중구 중산동","1881-1","1881","0001","하늘도시우미린1단지","전세","59.9600","202506","23","15,750","0","6","2012","은하수로 351","202508~202708","갱신","사용","15,000","0","아파트"
"41605","인천광역시 중구 중산동","1889-2","1889","0002","영종국제도시화성파크드림","전세","84.9421","202506","23","25,200","0","31","2019","하늘별빛로 112","202508~202708","갱신","사용","24,000","0","아파트"
"41606","인천광역시 미추홀구 도화동","1004","1004","0000","e편한세상도화5단지","월세","59.7900","202506","23","9,108","34","25","2018","숙골로112번길 11","202509~202709","갱신","-","9,108","34","아파트"
"41607","인천광역시 중구 운서동","3102-1","3102","0001","영종엘에이치2단지","월세","36.2100","202506","23","2,170","18","6","2018","영종대로252번길 12","202407~202609","갱신","-","2,970","16","아파트"
"41608","인천광역시 중구 운서동","3102-1","3102","0001","영종엘에이치2단지","월세","22.4100","202506","23","2,137","10","8","2018","영종대로252번길 12","202509~202708","갱신","-","2,075","9","아파트"
"41609","인천광역시 중구 운남동","1778","1778","0000","운서역푸르지오더스카이","월세","74.6600","202506","23","7,000","38","11","2021","흰바위로 277","202509~202709","갱신","-","7,000","36","아파트"
"41610","인천광역시 중구 운남동","1680-2","1680","0002","e편한세상영종하늘도시","월세","84.3203","202506","23","10,000","85","10","2018","숲쟁이로 12","202507~202707","신규","-","","","아파트"
"41611","인천광역시 미추홀구 도화동","1002","1002","0000","더샵인천스카이타워2단지","월세","84.9353","202506","23","5,000","145","38","2020","숙골로87번길 5","202508~202708","신규","-","","","아파트"
"41612","인천광역시 미추홀구 도화동","1008","1008","0000","e편한세상도화6-2단지","월세","59.2200","202506","23","10,176","28","15","2018","숙골로88번길 56","202507~202707","신규","-","","","아파트"
"41613","인천광역시 미추홀구 도화동","1008","1008","0000","e편한세상도화6-2단지","월세","59.2200","202506","23","8,176","33","14","2018","숙골로88번길 56","202507~202707","신규","-","","","아파트"
"41614","인천광역시 중구 운남동","1709-1","1709","0001","영종베르힐스카이시티","월세","84.7341","202506","23","1,000","130","22","2024","찬들로 141","202507~202707","신규","-","","","아파트"
"41615","인천광역시 중구 운남동","1778","1778","0000","운서역푸르지오더스카이","월세","84.6900","202506","23","11,900","30","7","2021","흰바위로 277","202509~202709","갱신","-","11,900","29","아파트"
"41616","인천광역시 중구 운남동","1709-1","1709","0001","영종베르힐스카이시티","월세","84.3391","202506","23","2,000","120","6","2024","찬들로 141","202507~202507","신규","-","","","아파트"
"41617","인천광역시 중구 운남동","1779","1779","0000","영종센트럴푸르지오자이","월세","64.7794","202506","23","2,000","100","9","2019","은하수로 412","202508~202708","신규","-","","","아파트"
"41618","인천광역시 중구 운남동","1778","1778","0000","운서역푸르지오더스카이","월세","84.5100","202506","23","11,900","30","19","2021","흰바위로 277","202509~202709","갱신","-","11,900","29","아파트"
"41619","인천광역시 미추홀구 학익동","707-5","0707","0005","정광","전세","59.2100","202506","23","15,000","0","9","1998","한나루로357번길 87-18","202508~202708","신규","-","","","아파트"
"41620","인천광역시 미추홀구 용현동","627-40","0627","0040","금호타운","월세","147.0100","202506","23","3,000","30","4","1991","낙섬동로 9","202506~202706","신규","-","","","아파트"
"41621","인천광역시 미추홀구 용현동","627-12","0627","0012","용현오션뷰경남아너스빌","전세","59.8058","202506","23","23,000","0","24","2023","아암대로 118","202507~202707","신규","-","","","아파트"
"41622","인천광역시 미추홀구 용현동","574-21","0574","0021","금동(1동)","전세","45.0000","202506","23","6,200","0","5","2003","아암대로 41","202506~202706","갱신","-","6,700","0","아파트"
"41623","인천광역시 미추홀구 용현동","647","0647","0000","용현2단지금호타운","월세","132.0900","202506","23","2,000","140","11","2000","매소홀로 68","202507~202707","신규","-","","","아파트"
"41624","인천광역시 남동구 구월동","1486","1486","0000","구월아시아드선수촌1단지","월세","59.9900","202506","23","3,000","105","19","2015","선수촌공원로 85","202507~202707","신규","-","","","아파트"
"41625","인천광역시 남동구 서창동","636","0636","0000","인천서창엘에이치1단지","월세","46.4400","202506","23","3,422","23","13","2015","서창남순환로 124-14","202508~202707","갱신","-","3,322","22","아파트"
"41626","인천광역시 남동구 서창동","717","0717","0000","인천서창엘에이치12단지","월세","46.7500","202506","23","1,294","27","13","2014","서창남로 2","202507~202706","갱신","-","746","27","아파트"
"41627","인천광역시 남동구 서창동","717","0717","0000","인천서창엘에이치12단지","월세","29.9700","202506","23","449","16","1","2014","서창남로 2","202506~202708","갱신","-","1,449","14","아파트"
"41628","인천광역시 남동구 구월동","1143-31","1143","0031","에코라이프주상복합","월세","20.1900","202506","23","500","48","14","2013","인주대로623번길 31","202508~202607","신규","-","","","아파트"
"41629","인천광역시 남동구 만수동","13","0013","0000","만수주공4단지","전세","61.5200","202506","23","13,000","0","14","1987","백범로124번길 126","202509~202709","신규","-","","","아파트"
"41630","인천광역시 남동구 구월동","24","0024","0000","롯데캐슬골드","전세","115.6671","202506","23","31,500","0","3","2007","호구포로 803","202506~202706","갱신","사용","30,000","0","아파트"
"41631","인천광역시 남동구 구월동","1486","1486","0000","구월아시아드선수촌1단지","월세","59.9900","202506","23","3,000","105","19","2015","선수촌공원로 85","202507~202707","신규","-","","","아파트"
"41632","인천광역시 남동구 구월동","1551","1551","0000","구월아시아드선수촌7단지","월세","36.6939","202506","23","7,142","28","6","2023","선수촌로 7","202507~202706","갱신","-","5,870","23","아파트"
"41633","인천광역시 남동구 만수동","13","0013","0000","만수주공4단지","전세","64.6200","202506","23","14,000","0","11","1987","백범로124번길 126","-","-","-","","","아파트"
"41634","인천광역시 남동구 만수동","13","0013","0000","만수주공4단지","전세","54.9000","202506","23","14,500","0","7","1987","백범로124번길 126","202508~202708","신규","-","","","아파트"
"41635","인천광역시 남동구 만수동","1049","1049","0000","담방마을","전세","46.1200","202506","23","12,000","0","5","1994","매소홀로 1030","202507~202707","신규","-","","","아파트"
"41636","인천광역시 남동구 간석동","893-1","0893","0001","우성","월세","54.5200","202506","23","2,000","75","7","1990","방축로 501","202507~202707","신규","-","","","아파트"
"41637","인천광역시 미추홀구 주안동","929-16","0929","0016","보미리즌빌","전세","84.9800","202506","23","22,500","0","16","2011","경원대로 890","202506~202706","갱신","-","24,500","0","아파트"
"41638","인천광역시 연수구 동춘동","가-","0000","0000","송도파크레인동일하이빌","월세","74.2443","202506","23","2,000","130","14","2019","능허대로 343","202506~202606","신규","-","","","아파트"
"41639","인천광역시 연수구 동춘동","932","0932","0000","한양2","전세","84.9700","202506","23","23,000","0","5","1994","원인재로 59","202506~202706","신규","-","","","아파트"
"41640","인천광역시 연수구 동춘동","929","0929","0000","풍림2","월세","84.2200","202506","23","1,000","125","1","1993","경원대로119번길 21","202507~202606","신규","-","","","아파트"
"41641","인천광역시 연수구 송도동","9-31","0009","0031","송도웰카운티1단지","월세","101.9900","202506","23","5,000","130","2","2008","해송로 143","202506~202706","갱신","사용","5,000","120","아파트"
"41642","인천광역시 연수구 송도동","23-4","0023","0004","더샵센트럴파크2","전세","146.9993","202506","23","90,000","0","11","2011","센트럴로 194","202506~202706","신규","-","","","아파트"
"41643","인천광역시 연수구 송도동","30-2","0030","0002","힐스테이트송도더스카이","월세","84.8957","202506","23","5,000","200","38","2024","인천타워대로 365","202507~202707","신규","-","","","아파트"
"41644","인천광역시 연수구 송도동","397-11","0397","0011","힐스테이트레이크송도1차","월세","84.9200","202506","23","2,000","150","10","2019","아카데미로312번길 177","202507~202707","갱신","-","2,000","130","아파트"
"41645","인천광역시 연수구 송도동","18-6","0018","0006","더샵그린워크1차","월세","84.3408","202506","23","1,000","230","4","2014","아트센터대로97번길 30","202507~202607","신규","-","","","아파트"
"41646","인천광역시 연수구 송도동","18-10","0018","0010","송도더샵하버뷰(D14)","전세","101.4540","202506","23","44,000","0","3","2011","아트센터대로97번길 76","202507~202707","갱신","사용","42,000","0","아파트"
"41647","인천광역시 연수구 송도동","190-4","0190","0004","송도더샵센트럴시티","전세","72.9900","202506","23","42,000","0","32","2018","송도국제대로 261","202507~202607","갱신","-","32,000","0","아파트"
"41648","인천광역시 연수구 송도동","3-38","0003","0038","송도금호어울림","전세","148.9700","202506","23","47,000","0","6","2005","해돋이로84번길 30","202508~202708","갱신","사용","45,000","0","아파트"
"41649","인천광역시 연수구 송도동","18-5","0018","0005","송도더샵그린워크3차(17-1블럭)","전세","84.7300","202506","23","36,700","0","12","2015","아트센터대로97번길 20","202507~202707","갱신","-","35,000","0","아파트"
"41650","인천광역시 연수구 송도동","319-1","0319","0001","e편한세상송도","전세","70.3826","202506","23","30,500","0","27","2018","랜드마크로 113","202507~202707","신규","-","","","아파트"
"41651","인천광역시 연수구 송도동","396-1","0396","0001","송도LuxeOceanSKVIEW","월세","84.9620","202506","23","5,000","130","44","2025","랜드마크로 350","202507~202707","신규","-","","","아파트"
"41652","인천광역시 연수구 송도동","396-1","0396","0001","송도LuxeOceanSKVIEW","월세","84.9987","202506","23","3,000","150","13","2025","랜드마크로 350","202508~202608","신규","-","","","아파트"
"41653","인천광역시 연수구 송도동","101","0101","0000","송도더샵퍼스트파크F14BL","월세","68.9600","202506","23","3,000","137","31","2017","컨벤시아대로252번길 50","202506~202706","갱신","사용","3,000","130","아파트"
"41654","인천광역시 연수구 송도동","190-4","0190","0004","송도더샵센트럴시티","전세","59.9900","202506","23","35,000","0","16","2018","송도국제대로 261","202509~202709","신규","-","","","아파트"
"41655","인천광역시 연수구 송도동","192-1","0192","0001","더샵그린스퀘어","전세","98.2428","202506","23","45,000","0","41","2014","송도문화로28번길 81","202507~202707","갱신","-","40,000","0","아파트"
"41656","인천광역시 연수구 송도동","308-1","0308","0001","더샵송도마리나베이","월세","84.2020","202506","23","3,000","140","17","2020","랜드마크로 160","202508~202708","신규","-","","","아파트"
"41657","인천광역시 연수구 송도동","315-1","0315","0001","송도SKVIEW","월세","84.8146","202506","23","23,000","50","33","2019","랜드마크로 19","-","-","-","","","아파트"
"41658","인천광역시 연수구 송도동","308-1","0308","0001","더샵송도마리나베이","월세","84.4546","202506","23","2,000","160","7","2020","랜드마크로 160","202507~202707","신규","-","","","아파트"
"41659","인천광역시 연수구 송도동","310-1","0310","0001","송도오션파크베르디움","월세","84.7950","202506","23","20,000","50","5","2020","랜드마크로 110","202507~202607","갱신","사용","30,000","0","아파트"
"41660","인천광역시 연수구 송도동","315-1","0315","0001","송도SKVIEW","월세","84.8146","202506","23","23,000","50","33","2019","랜드마크로 19","202507~202707","신규","-","","","아파트"
"41661","인천광역시 연수구 송도동","190-4","0190","0004","송도더샵센트럴시티","전세","59.9900","202506","23","34,000","0","35","2018","송도국제대로 261","202508~202708","신규","-","","","아파트"
"41662","인천광역시 연수구 송도동","190-4","0190","0004","송도더샵센트럴시티","전세","59.9900","202506","23","34,000","0","35","2018","송도국제대로 261","202508~202708","신규","-","","","아파트"
"41663","인천광역시 연수구 송도동","396-11","0396","0011","송도자이더스타","월세","84.7098","202506","23","3,000","180","15","2024","아카데미로343번길 63","202508~202708","신규","-","","","아파트"
"41664","인천광역시 연수구 송도동","396-11","0396","0011","송도자이더스타","월세","84.7098","202506","23","3,000","180","15","2024","아카데미로343번길 63","202507~202707","신규","-","","","아파트"
"41665","인천광역시 연수구 송도동","20-4","0020","0004","송도아이비원","월세","59.3215","202506","23","3,000","150","5","2024","컨벤시아대로42번길 21","202508~202708","신규","-","","","아파트"
"41666","인천광역시 연수구 송도동","192-8","0192","0008","베르디움더퍼스트","전세","84.9572","202506","23","36,500","0","2","2017","송도문화로84번길 84","202509~202709","신규","-","","","아파트"
"41667","인천광역시 연수구 송도동","315-1","0315","0001","송도SKVIEW","전세","84.6541","202506","23","35,000","0","37","2019","랜드마크로 19","202508~202708","신규","-","","","아파트"
"41668","인천광역시 연수구 송도동","308-1","0308","0001","더샵송도마리나베이","전세","84.9766","202506","23","43,000","0","23","2020","랜드마크로 160","202508~202510","신규","-","","","아파트"
"41669","인천광역시 연수구 송도동","308-1","0308","0001","더샵송도마리나베이","전세","84.9766","202506","23","43,000","0","23","2020","랜드마크로 160","202507~202511","신규","-","","","아파트"
"41670","인천광역시 연수구 송도동","30-2","0030","0002","힐스테이트송도더스카이","월세","84.8787","202506","23","5,000","195","6","2024","인천타워대로 365","202507~202707","신규","-","","","아파트"
"41671","인천광역시 연수구 송도동","30-2","0030","0002","힐스테이트송도더스카이","월세","84.8957","202506","23","3,000","220","38","2024","인천타워대로 365","202507~202707","신규","-","","","아파트"
"41672","인천광역시 연수구 송도동","396-1","0396","0001","송도LuxeOceanSKVIEW","월세","84.9673","202506","23","5,000","145","31","2025","랜드마크로 350","202508~202708","신규","-","","","아파트"
"41673","인천광역시 연수구 송도동","190-4","0190","0004","송도더샵센트럴시티","전세","59.9900","202506","23","35,000","0","16","2018","송도국제대로 261","202508~202708","신규","-","","","아파트"
"41674","인천광역시 연수구 송도동","396-11","0396","0011","송도자이더스타","전세","84.7098","202506","23","45,000","0","39","2024","아카데미로343번길 63","202509~202709","신규","-","","","아파트"
"41675","인천광역시 연수구 송도동","155","0155","0000","송도아메리칸타운아이파크","월세","84.4661","202506","23","5,000","159","10","2018","송도과학로27번길 15","202507~202707","갱신","-","5,000","150","아파트"
"41676","인천광역시 연수구 선학동","350","0350","0000","금호타운","월세","101.8800","202506","23","2,000","130","15","1992","선학로 100","202507~202707","신규","-","","","아파트"
"41677","인천광역시 연수구 선학동","387","0387","0000","윤성","월세","84.9300","202506","23","2,000","80","1","1995","넘말로79번길 45","202508~202708","신규","-","","","아파트"
"41678","인천광역시 연수구 동춘동","1149","1149","0000","서해그랑블포레스트","월세","59.8632","202506","23","15,500","12","8","2019","능허대로446번길 12","202507~202707","갱신","-","15,500","12","아파트"
"41679","인천광역시 연수구 옥련동","637-1","0637","0001","현대4","전세","84.6000","202506","23","24,000","0","13","1997","한나루로105번길 68","202507~202707","신규","-","","","아파트"
"41680","인천광역시 미추홀구 관교동","508","0508","0000","신비마을","월세","49.3500","202506","23","500","55","4","1994","경원대로 689","202506~202706","신규","-","","","아파트"
"41681","인천광역시 미추홀구 주안동","1678","1678","0000","힐스테이트푸르지오주안","전세","59.9600","202506","23","22,000","0","6","2023","남주길 150","202507~202707","갱신","사용","21,000","0","아파트"
"41682","인천광역시 미추홀구 주안동","928-20","0928","0020","대경월드(928-20)","월세","59.9900","202506","23","2,000","55","5","2003","주안로 186","202507~202707","신규","-","","","아파트"
"41683","인천광역시 미추홀구 주안동","1556-59","1556","0059","캐슬앤더샵","전세","59.9789","202506","23","26,000","0","8","2022","경원대로780번길 22","202507~202707","신규","-","","","아파트"
"41684","인천광역시 미추홀구 주안동","1678","1678","0000","힐스테이트푸르지오주안","월세","45.9700","202506","23","6,000","80","17","2023","남주길 150","202507~202707","신규","-","","","아파트"
"41685","인천광역시 미추홀구 주안동","1678","1678","0000","힐스테이트푸르지오주안","전세","74.9700","202506","23","26,200","0","16","2023","남주길 150","202507~202707","갱신","사용","25,000","0","아파트"
"41686","인천광역시 미추홀구 주안동","1614","1614","0000","월드스테이트(101~111,124~132)","전세","59.9960","202506","23","21,000","0","1","2008","경원대로 884","202506~202706","갱신","사용","20,000","0","아파트"
"41687","인천광역시 연수구 청학동","449","0449","0000","성호","전세","84.0200","202506","23","18,000","0","5","1993","솔샘로43번길 15","202508~202708","신규","-","","","아파트"
"41688","인천광역시 연수구 연수동","533","0533","0000","연수주공2차","전세","49.9400","202506","23","16,000","0","11","1992","원인재로 315","202508~202708","신규","-","","","아파트"
"41689","인천광역시 연수구 연수동","582-2","0582","0002","솔밭마을아파트","월세","49.5600","202506","23","500","70","1","1993","원인재로 232","202506~202706","신규","-","","","아파트"
"41690","인천광역시 연수구 연수동","635","0635","0000","우성1","전세","101.9700","202506","23","30,000","0","9","1994","청능대로 175","202509~202709","신규","-","","","아파트"
"41691","인천광역시 연수구 연수동","582-2","0582","0002","승기마을,연수1차시영","월세","26.8200","202506","23","500","50","4","1992","원인재로 212","202507~202707","신규","-","","","아파트"
"41692","인천광역시 남동구 논현동","740-2","0740","0002","소래휴먼시아3단지","월세","46.8000","202506","23","5,239","13","7","2010","앵고개로815번길 22","202507~202706","갱신","-","5,153","13","아파트"
"41693","인천광역시 남동구 논현동","599-1","0599","0001","주공14단지(등대마을)","월세","46.8100","202506","23","2,334","27","3","2006","청능대로715번길 22","202507~202706","갱신","-","2,229","26","아파트"
"41694","인천광역시 남동구 논현동","577","0577","0000","풍림","전세","85.0000","202506","23","25,500","0","19","2000","청능대로718번길 7","202506~202707","신규","-","","","아파트"
"41695","인천광역시 부평구 삼산동","453-1","0453","0001","삼산타운7단지","전세","84.0700","202506","23","49,000","0","10","2004","체육관로 27","202507~202712","신규","-","","","아파트"
"41696","인천광역시 부평구 십정동","630","0630","0000","더샵부평센트럴시티","월세","69.3321","202506","23","16,500","46","30","2022","열우물로 90","202509~202708","갱신","-","16,500","46","아파트"
"41697","인천광역시 부평구 십정동","642","0642","0000","힐스테이트부평","전세","46.9800","202506","23","28,000","0","33","2023","경원대로 1192","202508~202708","신규","-","","","아파트"
"41698","인천광역시 부평구 삼산동","454-13","0454","0013","삼산타운6단지","전세","84.0700","202506","23","32,550","0","2","2004","체육관로 57","202507~202707","갱신","사용","31,000","0","아파트"
"41699","인천광역시 부평구 삼산동","56-3","0056","0003","삼보","월세","55.1200","202506","23","2,000","55","2","1990","후정동로47번길 4","202507~202707","신규","-","","","아파트"
"41700","인천광역시 부평구 삼산동","512","0512","0000","삼산3휴먼시아1단지","월세","46.9000","202506","23","6,534","15","3","2010","영성동로18번길 19","202509~202708","갱신","-","3,156","25","아파트"
"41701","인천광역시 부평구 삼산동","440-1","0440","0001","삼산타운주공1단지","월세","59.9900","202506","23","24,000","5","18","2005","굴포로 105","202507~202707","갱신","사용","24,000","0","아파트"
"41702","인천광역시 부평구 청천동","456","0456","0000","e편한세상부평그랑힐스","월세","67.8698","202506","23","5,000","140","36","2024","산청로 97","202507~202707","신규","-","","","아파트"
"41703","인천광역시 부평구 십정동","630","0630","0000","더샵부평센트럴시티","월세","69.3321","202506","23","16,500","46","30","2022","열우물로 90","202509~202708","신규","-","","","아파트"
"41704","인천광역시 부평구 십정동","630","0630","0000","더샵부평센트럴시티","월세","69.3321","202506","23","10,500","64","33","2022","열우물로 90","202508~202708","신규","-","","","아파트"
"41705","인천광역시 부평구 십정동","642","0642","0000","힐스테이트부평","전세","59.9900","202506","23","26,250","0","23","2023","경원대로 1192","202507~202707","갱신","-","25,000","0","아파트"
"41706","인천광역시 부평구 십정동","642","0642","0000","힐스테이트부평","전세","59.9800","202506","23","30,000","0","16","2023","경원대로 1192","202507~202707","갱신","-","25,000","0","아파트"
"41707","인천광역시 부평구 청천동","259","0259","0000","쌍용","전세","56.2500","202506","23","21,000","0","10","1990","길주로494번길 12","202508~202708","신규","-","","","아파트"
"41708","인천광역시 부평구 산곡동","82-116","0082","0116","동원(82-116)","월세","49.0800","202506","23","1,000","45","1","1990","원적로287번길 38","202508~202708","신규","-","","","아파트"
"41709","인천광역시 부평구 산곡동","519","0519","0000","쌍용더플래티넘부평","전세","39.5000","202506","23","21,000","0","6","2022","원적로287번길 25","202507~202707","갱신","-","21,000","0","아파트"
"41710","인천광역시 부평구 산곡동","519","0519","0000","쌍용더플래티넘부평","전세","39.5000","202506","23","19,950","0","3","2022","원적로287번길 25","202506~202706","갱신","-","19,000","0","아파트"
"41711","인천광역시 부평구 산곡동","307","0307","0000","현대1차","전세","84.9600","202506","23","26,000","0","8","1986","경원대로 1269","202509~202709","신규","-","","","아파트"
"41712","인천광역시 부평구 산곡동","519","0519","0000","쌍용더플래티넘부평","전세","39.5000","202506","23","21,000","0","6","2022","원적로287번길 25","202507~202707","갱신","-","21,000","0","아파트"
"41713","인천광역시 부평구 부개동","499-2","0499","0002","푸른마을한신,삼부","전세","99.8600","202506","23","42,000","0","9","1999","부개로 58","202507~202707","신규","-","","","아파트"
"41714","인천광역시 부평구 부개동","499-2","0499","0002","푸른마을한신,삼부","전세","99.8600","202506","23","42,000","0","9","1999","부개로 58","202507~202707","신규","-","","","아파트"
"41715","인천광역시 부평구 부개동","498-5","0498","0005","부개주공3","전세","49.9600","202506","23","15,000","0","14","1996","길주남로 144","202507~202707","갱신","사용","15,000","0","아파트"
"41716","인천광역시 부평구 부개동","502-8","0502","0008","부개주공7단지","전세","59.9900","202506","23","27,900","0","18","1998","동수천로 118","202509~202709","신규","-","","","아파트"
"41717","인천광역시 부평구 부개동","525","0525","0000","부개역코오롱하늘채","월세","31.9340","202506","23","3,500","70","15","2021","부평문화로 216","202509~202708","신규","-","","","아파트"
"41718","인천광역시 부평구 청천동","259-5","0259","0005","미도7","전세","59.9100","202506","23","15,000","0","4","1989","원길로24번길 5","202507~202701","갱신","-","15,000","0","아파트"
"41719","인천광역시 부평구 부평동","185-77","0185","0077","이림","전세","21.2800","202506","23","6,300","0","13","2012","광장로30번길 24","202506~202606","갱신","-","8,500","0","아파트"
"41720","인천광역시 부평구 부평동","185-77","0185","0077","이림","전세","21.2800","202506","23","7,000","0","13","2012","광장로30번길 24","202506~202606","갱신","-","8,500","0","아파트"
"41721","인천광역시 부평구 부평동","115-9","0115","0009","부평센트레빌","월세","44.0200","202506","23","100","50","10","2013","부흥로 361","202506~202606","신규","-","","","아파트"
"41722","인천광역시 부평구 부평동","937","0937","0000","부평LH1단지(국민임대)","월세","49.9300","202506","23","2,836","34","15","2012","동수로120번길 57","202507~202706","갱신","-","6,785","39","아파트"
"41723","인천광역시 부평구 부평동","1002","1002","0000","인천부평우미린더센트럴","월세","59.8335","202506","23","2,000","130","19","2023","부흥북로 89","202507~202607","신규","-","","","아파트"
"41724","인천광역시 부평구 부평동","65-7","0065","0007","욱일","전세","84.1600","202506","23","20,000","0","5","1990","부흥로243번길 39","202508~202708","신규","-","","","아파트"
"41725","인천광역시 부평구 청천동","236","0236","0000","대진","월세","56.3400","202506","23","2,000","50","2","1995","원길로 12","202507~202707","신규","-","","","아파트"
"41726","인천광역시 남동구 논현동","603-1","0603","0001","휴먼시아동산마을","전세","84.6000","202506","23","23,100","0","5","2006","소래역로 119","202507~202707","갱신","사용","22,000","0","아파트"
"41727","인천광역시 남동구 논현동","633-1","0633","0001","논현휴먼시아달맞이마을(5단지)","월세","46.5500","202506","23","2,358","27","8","2007","논현로 105","202508~202707","갱신","-","2,289","27","아파트"
"41728","인천광역시 남동구 논현동","740-2","0740","0002","소래휴먼시아3단지","월세","46.8000","202506","23","2,939","25","14","2010","앵고개로815번길 22","202507~202706","갱신","-","2,853","24","아파트"
"41729","인천광역시 남동구 논현동","755-4","0755","0004","에코메트로12","전세","122.5790","202506","23","43,000","0","10","2009","논고개로 10","202507~202707","신규","-","","","아파트"
"41730","인천광역시 서구 가좌동","627","0627","0000","가재울역트루엘에코시티","전세","69.9900","202506","23","35,000","0","14","2024","열우물로240번길 20","202509~202709","신규","-","","","아파트"
"41731","인천광역시 계양구 작전동","28-9","0028","0009","삼우","전세","45.0000","202506","23","9,000","0","6","1989","주부토로472번길 33","202508~202708","갱신","-","9,000","0","아파트"
"41732","인천광역시 계양구 동양동","581","0581","0000","동양주공2단지(임대)","월세","39.8400","202506","23","3,854","9","2","2006","동양로 96","202507~202706","갱신","-","3,775","8","아파트"
"41733","인천광역시 계양구 효성동","24-49","0024","0049","현대2","월세","84.9450","202506","23","2,000","80","18","1992","길마로 83","202506~202706","신규","-","","","아파트"
"41734","인천광역시 서구 당하동","1254-1","1254","0001","검단신도시한신더휴캐널파크(THEHUECANALPARK)","월세","84.3400","202506","23","4,000","130","16","2021","이음3로 125","202507~202707","신규","-","","","아파트"
"41735","인천광역시 서구 신현동","304-2","0304","0002","루원시티루에블리","월세","49.9900","202506","23","8,975","18","22","2018","봉오재1로 49","202505~202706","갱신","-","3,875","43","아파트"
"41736","인천광역시 계양구 작전동","140-2","0140","0002","신진","월세","40.6600","202506","23","1,000","48","2","1987","봉오대로744번길 17","202508~202708","신규","-","","","아파트"
"41737","인천광역시 서구 가정동","603-1","0603","0001","루원제일풍경채","월세","84.2814","202506","23","4,000","135","20","2018","봉오재3로 11","202507~202703","신규","-","","","아파트"
"41738","인천광역시 서구 가정동","610-1","0610","0001","루원시티프라디움","전세","84.9970","202506","23","43,000","0","25","2018","봉오재3로 66","202508~202708","신규","-","","","아파트"
"41739","인천광역시 계양구 작전동","915-1","0915","0001","까치마을태화","월세","37.3800","202506","23","1,000","46","5","1997","효서로 393","202506~202604","갱신","사용","1,000","46","아파트"
"41740","인천광역시 계양구 효성동","225-1","0225","0001","풍림","전세","59.9900","202506","23","20,000","0","3","1997","아나지로213번길 22","202507~202707","신규","-","","","아파트"
"41741","인천광역시 계양구 효성동","273","0273","0000","유승","전세","59.8500","202506","23","15,000","0","4","1996","아나지로197번길 9","202508~202708","신규","-","","","아파트"
"41742","인천광역시 서구 연희동","729-1","0729","0001","우성","월세","59.9290","202506","23","2,000","65","2","1997","대평로56번길 32","202508~202708","신규","-","","","아파트"
"41743","인천광역시 계양구 작전동","915-1","0915","0001","까치마을태화","전세","59.9100","202506","23","23,000","0","8","1997","효서로 393","202509~202709","신규","-","","","아파트"
"41744","인천광역시 계양구 계산동","348-2","0348","0002","하나","전세","39.9600","202506","23","10,000","0","4","1987","경명대로1114번길 6","202506~202702","신규","-","","","아파트"
"41745","인천광역시 계양구 작전동","915-1","0915","0001","까치마을태화","전세","59.9100","202506","23","23,000","0","8","1997","효서로 393","202509~202709","신규","-","","","아파트"
"41746","인천광역시 계양구 계산동","1085-2","1085","0002","은행마을(아주)","월세","60.3300","202506","23","2,000","100","3","1997","용종로 26","202508~202708","신규","-","","","아파트"
"41747","인천광역시 계양구 계산동","954-30","0954","0030","서해3","월세","58.3300","202506","23","1,000","58","2","1991","주부토로501번길 26","202507~202707","갱신","-","1,000","55","아파트"
"41748","인천광역시 계양구 계산동","36","0036","0000","태산","월세","42.3300","202506","23","1,000","45","2","1990","계산새로33번길 26","202507~202707","신규","-","","","아파트"
"41749","인천광역시 서구 석남동","206","0206","0000","신광(206)","전세","51.8100","202506","23","11,000","0","13","1997","율도로16번길 28","202508~202708","신규","-","","","아파트"
"41750","인천광역시 서구 석남동","208-1","0208","0001","동남","전세","42.2100","202506","23","5,000","0","5","1989","새오개로 19","202507~202707","신규","-","","","아파트"
"41751","인천광역시 서구 석남동","206","0206","0000","신광(206)","전세","51.8100","202506","23","11,000","0","13","1997","율도로16번길 28","202508~202708","신규","-","","","아파트"
"41752","인천광역시 서구 당하동","1314","1314","0000","검단신안인스빌어반퍼스트","월세","84.7322","202506","23","3,000","130","21","2022","이음1로 173","202507~202707","신규","-","","","아파트"
"41753","인천광역시 서구 당하동","1327-1","1327","0001","인천검단엘에이치36단지","월세","37.9700","202506","23","5,149","10","13","2023","독정로 111","202509~202708","갱신","-","2,474","22","아파트"
"41754","인천광역시 서구 당하동","1316-2","1316","0002","검단신도시대성베르힐라프리미어","전세","84.4003","202506","23","31,000","0","4","2022","이음1로 154","202508~202704","신규","-","","","아파트"
"41755","인천광역시 서구 당하동","1031","1031","0000","원당풍림아이원","전세","59.8320","202506","23","22,500","0","14","2004","원당대로840번길 21","202507~202707","갱신","-","19,000","0","아파트"
"41756","인천광역시 서구 당하동","1327-1","1327","0001","인천검단엘에이치36단지","월세","46.1800","202506","23","7,306","13","9","2023","독정로 111","202509~202708","갱신","-","3,792","29","아파트"
"41757","인천광역시 서구 당하동","1327-1","1327","0001","인천검단엘에이치36단지","월세","46.0300","202506","23","7,293","13","14","2023","독정로 111","202509~202708","갱신","-","3,780","29","아파트"
"41758","인천광역시 서구 당하동","1305-1","1305","0001","우미린파크뷰1단지","월세","59.9380","202506","23","3,000","110","7","2023","이음2로 89","202506~202706","신규","-","","","아파트"
"41759","인천광역시 서구 당하동","1327-1","1327","0001","인천검단엘에이치36단지","월세","37.9700","202506","23","3,474","16","6","2023","독정로 111","202308~202510","갱신","-","2,474","22","아파트"
"41760","인천광역시 서구 검암동","595-3","0595","0003","서해그랑블","월세","69.6616","202506","23","30,000","10","1","2003","승학로495번길 7","202508~202708","신규","-","","","아파트"
"41761","인천광역시 서구 마전동","1131-1","1131","0001","검단 양우내안애 퍼스트힐","전세","59.6939","202506","23","23,000","0","12","2022","검단로609번길 23","202508~202708","신규","-","","","아파트"
"41762","인천광역시 서구 마전동","1131-1","1131","0001","검단 양우내안애 퍼스트힐","전세","59.6939","202506","23","23,000","0","12","2022","검단로609번길 23","202508~202708","신규","-","","","아파트"
"41763","인천광역시 서구 검암동","595-3","0595","0003","서해그랑블","전세","69.6616","202506","23","33,000","0","1","2003","승학로495번길 7","202508~202708","신규","-","","","아파트"
"41764","인천광역시 계양구 병방동","433-1","0433","0001","학마을한진","월세","59.7300","202506","23","2,000","90","13","1998","용종로 124","202506~202706","신규","-","","","아파트"
"41765","인천광역시 계양구 병방동","432-5","0432","0005","학마을서해","월세","59.7900","202506","23","3,000","85","11","1997","장제로 878","202509~202709","신규","-","","","아파트"
"41766","인천광역시 계양구 병방동","433-1","0433","0001","학마을한진","월세","39.8400","202506","23","1,000","65","12","1998","용종로 124","202506~202706","신규","-","","","아파트"
"41767","인천광역시 계양구 병방동","432-5","0432","0005","학마을서해","월세","59.7900","202506","23","3,000","95","6","1997","장제로 878","202508~202708","신규","-","","","아파트"
"41768","인천광역시 계양구 박촌동","310","0310","0000","한화꿈에그린","전세","84.9700","202506","23","26,250","0","11","2005","동양로 10","202507~202707","갱신","사용","25,000","0","아파트"
"41769","인천광역시 서구 백석동","가-","0000","0000","검암역로열파크씨티푸르지오2단지","전세","101.9582","202506","23","46,725","0","28","2023","한들로 73","202508~202708","갱신","사용","44,500","0","아파트"
"41770","인천광역시 서구 백석동","가-","0000","0000","검암역로열파크씨티푸르지오2단지","월세","84.9785","202506","23","5,000","170","20","2023","한들로 73","202506~202706","신규","-","","","아파트"
"41771","인천광역시 서구 가좌동","7","0007","0000","한신휴플러스","전세","59.9900","202506","23","15,724","0","19","2007","건지로 402","202507~202707","신규","-","","","아파트"
"41772","인천광역시 계양구 작전동","580","0580","0000","현대2-2차","전세","84.9300","202506","23","23,000","0","8","1993","효서로 381","202506~202706","갱신","-","20,000","0","아파트"
"41773","인천광역시 서구 공촌동","314","0314","0000","경남","전세","84.8900","202506","23","22,000","0","12","1998","심곡로194번길 30","202509~202709","신규","-","","","아파트"
"41774","인천광역시 서구 가좌동","627","0627","0000","가재울역트루엘에코시티","월세","49.4100","202506","23","15,600","19","26","2024","열우물로240번길 20","202505~202707","갱신","-","10,800","47","아파트"
"41775","인천광역시 서구 당하동","1276-2","1276","0002","파라곤센트럴파크","전세","84.9860","202506","22","35,000","0","21","2022","이음2로 29","202508~202708","신규","-","","","아파트"
"41776","인천광역시 계양구 작전동","953","0953","0000","힐스테이트자이계양","월세","53.8000","202506","22","3,000","123","5","2024","봉오대로651번길 9","202508~202708","신규","-","","","아파트"
"41777","인천광역시 계양구 작전동","953","0953","0000","힐스테이트자이계양","월세","53.8000","202506","22","3,000","123","5","2024","봉오대로651번길 9","202508~202708","신규","-","","","아파트"
"41778","인천광역시 계양구 작전동","102-3","0102","0003","뉴서울1","전세","39.6000","202506","22","8,000","0","1","1988","봉오대로744번길 7","202508~202708","갱신","-","8,000","0","아파트"
"41779","인천광역시 서구 검암동","512-1","0512","0001","삼보해피하임3","월세","84.8122","202506","22","5,000","90","7","2003","검암로20번길 52","202507~202707","신규","-","","","아파트"
"41780","인천광역시 서구 검암동","501-1","0501","0001","풍림아이원2차","전세","59.9400","202506","22","21,000","0","18","2004","검암로 53","202507~202707","갱신","사용","20,000","0","아파트"
"41781","인천광역시 서구 신현동","302-1","0302","0001","루원e-편한세상하늘채아파트","전세","84.9280","202506","22","30,000","0","8","2010","가정로 387","202509~202709","신규","-","","","아파트"
"41782","인천광역시 서구 가정동","603-1","0603","0001","루원제일풍경채","전세","84.2814","202506","22","29,400","0","20","2018","봉오재3로 11","202507~202707","신규","-","","","아파트"
"41783","인천광역시 서구 신현동","302-1","0302","0001","루원e-편한세상하늘채아파트","전세","84.9280","202506","22","30,000","0","8","2010","가정로 387","202509~202709","신규","-","","","아파트"
"41784","인천광역시 서구 신현동","107-4","0107","0004","은영","전세","55.0500","202506","22","9,000","0","5","1989","염곡로397번길 5","202508~202708","신규","-","","","아파트"
"41785","인천광역시 계양구 오류동","180","0180","0000","신동아","월세","59.9500","202506","22","2,000","75","7","1997","황어로115번길 12","202507~202707","신규","-","","","아파트"
"41786","인천광역시 계양구 계산동","1084-3","1084","0003","은행마을(태산)","월세","100.5900","202506","22","3,500","120","3","1997","오조산로62번길 10","202506~202906","갱신","-","3,500","100","아파트"
"41787","인천광역시 서구 연희동","729-1","0729","0001","우성","전세","59.9290","202506","22","17,000","0","14","1997","대평로56번길 32","202508~202511","갱신","-","19,000","0","아파트"
"41788","인천광역시 서구 연희동","729-1","0729","0001","우성","전세","59.9290","202506","22","17,000","0","14","1997","대평로56번길 32","202506~202511","갱신","-","19,000","0","아파트"
"41789","인천광역시 계양구 효성동","207-1","0207","0001","뉴서울3차","월세","81.0200","202506","22","2,000","80","11","1994","새벌로 88","202509~202709","신규","-","","","아파트"
"41790","인천광역시 서구 가좌동","407","0407","0000","유영아파트","월세","33.0774","202506","22","500","45","1","2004","여우재로75번길 3","202507~202707","신규","-","","","아파트"
"41791","인천광역시 서구 당하동","895-1","0895","0001","탑스빌(영남,신대진,성웅)아파트","전세","59.9950","202506","22","24,000","0","15","1998","서곶로 818","202508~202708","신규","-","","","아파트"
"41792","인천광역시 서구 당하동","1027-15","1027","0015","신안실크벨리","월세","59.9639","202506","22","2,000","90","3","2004","원당대로840번길 22","202509~202709","신규","-","","","아파트"
"41793","인천광역시 서구 당하동","1113-1","1113","0001","당하KCC스위첸","전세","84.9970","202506","22","26,250","0","14","2005","청마로 124","202507~202707","갱신","사용","25,000","0","아파트"
"41794","인천광역시 남동구 만수동","983-1","0983","0001","삼환1단지","전세","43.5500","202506","22","12,000","0","15","1995","인주대로 857","202508~202708","신규","-","","","아파트"
"41795","인천광역시 남동구 만수동","905","0905","0000","효성상아","월세","84.9550","202506","22","5,000","70","14","1989","백범로227번길 76","202508~202708","신규","-","","","아파트"
"41796","인천광역시 남동구 서창동","676","0676","0000","더포레스트","월세","59.9300","202506","22","5,282","48","13","2017","서창남순환로 140","202505~202707","갱신","-","4,682","51","아파트"
"41797","인천광역시 남동구 구월동","1143-31","1143","0031","에코라이프주상복합","월세","20.5400","202506","22","500","48","13","2013","인주대로623번길 31","202506~202608","신규","-","","","아파트"
"41798","인천광역시 서구 불로동","864","0864","0000","힐스테이트검단포레스트","전세","84.9857","202506","22","28,000","0","7","2024","용해로 20","202508~202708","신규","-","","","아파트"
"41799","인천광역시 서구 원당동","1022","1022","0000","호반써밋1차","전세","72.5409","202506","22","35,000","0","16","2021","이음5로 15","202508~202708","신규","-","","","아파트"
"41800","인천광역시 서구 불로동","가-","0000","0000","신검단중앙역풍경채어바니티2차","월세","110.8875","202506","22","3,000","130","12","2025","고산후로 305","202506~202706","신규","-","","","아파트"
"41801","인천광역시 서구 원당동","1022","1022","0000","호반써밋1차","전세","84.8981","202506","22","32,500","0","22","2021","이음5로 15","202506~202706","갱신","사용","31,500","0","아파트"
"41802","인천광역시 서구 청라동","103-27","0103","0027","청라힐스테이트","전세","84.9770","202506","22","31,000","0","11","2012","청라한내로 7","202508~202708","신규","-","","","아파트"
"41803","인천광역시 서구 원당동","1022","1022","0000","호반써밋1차","전세","72.2112","202506","22","35,000","0","7","2021","이음5로 15","202508~202708","신규","-","","","아파트"
"41804","인천광역시 미추홀구 학익동","719","0719","0000","동아풍림","월세","123.5100","202506","22","7,000","50","10","1999","소성로 120","202506~202706","신규","-","","","아파트"
"41805","인천광역시 중구 운남동","1779","1779","0000","영종센트럴푸르지오자이","월세","84.4253","202506","22","3,000","120","12","2019","은하수로 412","202506~202706","신규","-","","","아파트"
"41806","인천광역시 미추홀구 도화동","132-1","0132","0001","신태양3차","월세","50.9100","202506","22","1,000","50","3","1983","석정로302번길 23","202508~202708","신규","-","","","아파트"
"41807","인천광역시 중구 운서동","3099-4","3099","0004","운서역반도유보라퍼스티지","전세","83.9551","202506","22","31,500","0","9","2022","영종대로196번길 15-25","202507~202707","신규","-","","","아파트"
"41808","인천광역시 중구 운서동","2923","2923","0000","영종어울림1차","월세","126.2800","202506","22","1,000","120","2","2009","운서4로 18","202507~202707","갱신","-","1,000","95","아파트"
"41809","인천광역시 부평구 부개동","500-1","0500","0001","주공5","전세","59.9900","202506","22","25,000","0","5","1998","부개로 11","202508~202708","갱신","-","20,000","0","아파트"
"41810","인천광역시 부평구 부개동","477-5","0477","0005","동아","전세","40.1400","202506","22","13,000","0","4","1988","길주남로113번길 12","202507~202707","신규","-","","","아파트"
"41811","인천광역시 부평구 부개동","477-5","0477","0005","동아","전세","40.1400","202506","22","13,000","0","4","1988","길주남로113번길 12","-","-","-","","","아파트"
"41812","인천광역시 부평구 산곡동","518","0518","0000","부평샬레아넬리스","전세","84.8818","202506","22","25,000","0","11","2019","원적로 238","202507~202609","갱신","사용","25,000","0","아파트"
"41813","인천광역시 부평구 산곡동","507","0507","0000","금호이수마운트밸리","전세","84.9588","202506","22","29,400","0","12","2007","원적로 344","202507~202707","갱신","사용","28,000","0","아파트"
"41814","인천광역시 남동구 논현동","634-1","0634","0001","어진마을한화꿈에그린(6단지)","전세","119.9510","202506","22","39,000","0","19","2007","논현로 106","202510~202710","신규","-","","","아파트"
"41815","인천광역시 부평구 십정동","630","0630","0000","더샵부평센트럴시티","전세","59.8032","202506","22","30,000","0","13","2022","열우물로 90","202509~202709","신규","-","","","아파트"
"41816","인천광역시 부평구 부평동","65-7","0065","0007","욱일","월세","84.1600","202506","22","4,000","88","3","1991","부흥로243번길 39","202506~202706","신규","-","","","아파트"
"41817","인천광역시 부평구 십정동","629","0629","0000","서희스타힐스부평센트럴","전세","59.9376","202506","22","25,000","0","14","2021","상정로 41","202507~202707","신규","-","","","아파트"
"41818","인천광역시 부평구 부평동","956","0956","0000","부평역한라비발디트레비앙","전세","59.8250","202506","22","35,000","0","14","2023","동수북로 188","202508~202708","신규","-","","","아파트"
"41819","인천광역시 부평구 부개동","120-46","0120","0046","백영","월세","59.5000","202506","22","2,000","75","2","1999","수변로 115","202508~202708","신규","-","","","아파트"
"41820","인천광역시 연수구 송도동","312-1","0312","0001","호반써밋송도","월세","84.8714","202506","22","2,000","147","15","2023","랜드마크로 20","202506~202706","갱신","사용","2,000","140","아파트"
"41821","인천광역시 연수구 송도동","16-7","0016","0007","송도더샵그린애비뉴8단지","전세","84.9920","202506","22","42,500","0","5","2012","컨벤시아대로42번길 61","202507~202707","갱신","사용","40,500","0","아파트"
"41822","인천광역시 미추홀구 주안동","1678","1678","0000","힐스테이트푸르지오주안","전세","59.9800","202506","22","21,000","0","4","2023","남주길 150","202507~202707","갱신","사용","20,000","0","아파트"
"41823","인천광역시 미추홀구 주안동","1628","1628","0000","주안역센트레빌","전세","59.9698","202506","22","30,000","0","13","2021","염전로 414","202508~202708","갱신","-","24,000","0","아파트"
"41824","인천광역시 미추홀구 주안동","1628","1628","0000","주안역센트레빌","전세","47.9816","202506","22","21,000","0","8","2021","염전로 414","202507~202707","갱신","사용","20,000","0","아파트"
"41825","인천광역시 미추홀구 주안동","1678","1678","0000","힐스테이트푸르지오주안","월세","59.7200","202506","22","22,000","4","11","2023","남주길 150","202508~202708","갱신","사용","22,000","0","아파트"
"41826","인천광역시 연수구 동춘동","919","0919","0000","하나타운2","전세","99.4200","202506","22","28,500","0","6","1994","앵고개로205번길 41","202511~202711","신규","-","","","아파트"
"41827","인천광역시 연수구 동춘동","919","0919","0000","하나타운2","전세","99.4200","202506","22","28,500","0","6","1994","앵고개로205번길 41","202509~202709","신규","-","","","아파트"
"41828","인천광역시 연수구 연수동","593-3","0593","0003","연수푸르지오1단지","월세","122.9500","202506","22","5,000","160","28","2011","벚꽃로 130-3","202506~202706","갱신","-","5,000","130","아파트"
"41829","인천광역시 연수구 연수동","634","0634","0000","우성2","전세","84.7800","202506","22","26,000","0","7","1995","원인재로 180","202506~202706","갱신","사용","25,000","0","아파트"
"41830","인천광역시 연수구 송도동","315-1","0315","0001","송도SKVIEW","전세","84.9753","202506","22","31,500","0","22","2019","랜드마크로 19","202506~202706","갱신","사용","30,000","0","아파트"
"41831","인천광역시 연수구 송도동","102","0102","0000","송도더샵퍼스트파크F15BL","월세","84.9000","202506","22","21,000","100","36","2017","컨벤시아대로252번길 30","202509~202709","신규","-","","","아파트"
"41832","인천광역시 연수구 동춘동","928","0928","0000","현대1","전세","84.9700","202506","22","21,400","0","2","1993","원인재로 56","202506~202706","갱신","-","20,500","0","아파트"
"41833","인천광역시 연수구 동춘동","928","0928","0000","현대1","전세","84.9700","202506","22","25,700","0","3","1993","원인재로 56","202509~202709","신규","-","","","아파트"
"41834","인천광역시 연수구 송도동","16-7","0016","0007","송도더샵그린애비뉴8단지","전세","84.9920","202506","22","42,500","0","5","2012","컨벤시아대로42번길 61","202507~202707","갱신","사용","40,500","0","아파트"
"41835","인천광역시 미추홀구 관교동","13-11","0013","0011","동부(관교동부)","전세","84.8765","202506","22","22,000","0","5","1991","주승로 253","202509~202709","신규","-","","","아파트"
"41836","인천광역시 연수구 동춘동","가-","0000","0000","송도파크레인동일하이빌","월세","74.2443","202506","22","3,000","130","17","2019","능허대로 343","202508~202708","신규","-","","","아파트"
"41837","인천광역시 연수구 송도동","16-8","0016","0008","송도더샵그린애비뉴7단지","전세","101.8106","202506","21","57,000","0","7","2012","컨벤시아대로42번길 35","-","-","-","","","아파트"
"41838","인천광역시 연수구 송도동","315-1","0315","0001","송도SKVIEW","월세","75.6180","202506","21","3,000","150","11","2019","랜드마크로 19","202502~202701","갱신","-","3,000","140","아파트"
"41839","인천광역시 연수구 송도동","190-2","0190","0002","글로벌캠퍼스푸르지오","월세","134.9600","202506","21","5,000","250","18","2013","송도문화로28번길 28","202507~202602","갱신","-","5,000","200","아파트"
"41840","인천광역시 연수구 청학동","451","0451","0000","시대","월세","35.7430","202506","21","10,000","2","2","1994","용담로 3","202507~202707","갱신","-","10,000","0","아파트"
"41841","인천광역시 연수구 청학동","451","0451","0000","시대","월세","35.7430","202506","21","10,000","2","2","1994","용담로 3","202507~202707","갱신","-","10,000","0","아파트"
"41842","인천광역시 연수구 동춘동","932","0932","0000","한양2","월세","84.9700","202506","21","3,000","95","4","1994","원인재로 59","202507~202707","신규","-","","","아파트"
"41843","인천광역시 연수구 동춘동","924-3","0924","0003","래미안","전세","95.7600","202506","21","28,000","0","2","1993","원인재로 81","202508~202708","신규","-","","","아파트"
"41844","인천광역시 연수구 동춘동","가-","0000","0000","송도파크자이","월세","84.8904","202506","21","3,000","140","19","2019","앵고개로104번길 22","202507~202707","갱신","사용","3,000","135","아파트"
"41845","인천광역시 연수구 동춘동","924-3","0924","0003","래미안","전세","95.7600","202506","21","28,000","0","2","1993","원인재로 81","202508~202708","신규","-","","","아파트"
"41846","인천광역시 연수구 동춘동","943","0943","0000","동남","월세","52.1400","202506","21","2,000","70","5","1994","먼우금로 19","202506~202706","신규","-","","","아파트"
"41847","인천광역시 연수구 송도동","3-10","0003","0010","송도풍림아이원2단지","전세","84.9400","202506","21","31,500","0","15","2005","해돋이로120번길 16","-","-","-","","","아파트"
"41848","인천광역시 연수구 송도동","396-1","0396","0001","송도LuxeOceanSKVIEW","월세","84.9673","202506","21","3,000","140","14","2025","랜드마크로 350","202507~202707","신규","-","","","아파트"
"41849","인천광역시 연수구 송도동","308-1","0308","0001","더샵송도마리나베이","전세","84.9766","202506","21","35,000","0","12","2020","랜드마크로 160","202509~202708","신규","-","","","아파트"
"41850","인천광역시 연수구 송도동","103","0103","0000","송도더샵파크애비뉴","전세","95.1800","202506","21","53,000","0","2","2018","컨벤시아대로252번길 10","202508~202701","신규","-","","","아파트"
"41851","인천광역시 연수구 송도동","192-8","0192","0008","베르디움더퍼스트","전세","113.8722","202506","21","40,000","0","32","2017","송도문화로84번길 84","202506~202706","갱신","-","38,000","0","아파트"
"41852","인천광역시 연수구 연수동","532","0532","0000","대림","월세","62.4820","202506","21","2,000","79","11","1993","원인재로 300","202507~202707","갱신","사용","2,000","75","아파트"
"41853","인천광역시 연수구 옥련동","118-44","0118","0044","송도역서해그랑블더파크","월세","84.7350","202506","21","1,500","125","4","2025","한진로 77","202507~202606","신규","-","","","아파트"
"41854","인천광역시 미추홀구 주안동","1678","1678","0000","힐스테이트푸르지오주안","전세","74.9700","202506","21","27,300","0","30","2023","남주길 150","202507~202707","갱신","사용","26,000","0","아파트"
"41855","인천광역시 미추홀구 주안동","1662","1662","0000","주안파크자이더플래티넘","월세","84.8247","202506","21","10,000","90","2","2023","인하로222번길 20","202507~202707","신규","-","","","아파트"
"41856","인천광역시 미추홀구 주안동","1678","1678","0000","힐스테이트푸르지오주안","전세","59.9600","202506","21","22,050","0","21","2023","남주길 150","202507~202707","갱신","사용","21,000","0","아파트"
"41857","인천광역시 미추홀구 주안동","1678","1678","0000","힐스테이트푸르지오주안","전세","84.9700","202506","21","29,400","0","30","2023","남주길 150","202507~202707","갱신","사용","28,000","0","아파트"
"41858","인천광역시 미추홀구 주안동","1678","1678","0000","힐스테이트푸르지오주안","전세","59.9600","202506","21","25,200","0","20","2023","남주길 150","202507~202707","갱신","사용","24,000","0","아파트"
"41859","인천광역시 미추홀구 주안동","1628","1628","0000","주안역센트레빌","전세","74.9245","202506","21","28,800","0","24","2021","염전로 414","202507~202707","갱신","사용","27,500","0","아파트"
"41860","인천광역시 미추홀구 주안동","1628","1628","0000","주안역센트레빌","전세","59.9712","202506","21","29,000","0","27","2021","염전로 414","202509~202709","신규","-","","","아파트"
"41861","인천광역시 미추홀구 주안동","1621","1621","0000","관교한신휴플러스","전세","59.9652","202506","21","19,950","0","9","2010","경원대로 717","202507~202707","갱신","-","19,000","0","아파트"
"41862","인천광역시 미추홀구 주안동","22-33","0022","0033","선정","전세","84.0244","202506","21","20,000","0","2","2001","염창로 101","202511~202711","신규","-","","","아파트"
"41863","인천광역시 미추홀구 주안동","1688","1688","0000","e편한세상주안에듀서밋","월세","84.8360","202506","21","5,000","130","18","2024","주승로 51","202509~202804","신규","-","","","아파트"
"41864","인천광역시 연수구 송도동","19-6","0019","0006","송도자이하버뷰1단지","전세","94.4770","202506","21","40,900","0","18","2011","컨벤시아대로130번길 58","202507~202707","갱신","사용","39,000","0","아파트"
"41865","인천광역시 연수구 송도동","109","0109","0000","더샵송도프라임뷰20BL","월세","70.9200","202506","21","2,000","175","17","2022","인천타워대로231번길 97","202507~202510","신규","-","","","아파트"
"41866","인천광역시 연수구 송도동","396-1","0396","0001","송도LuxeOceanSKVIEW","전세","84.9620","202506","21","35,000","0","14","2025","랜드마크로 350","202507~202707","신규","-","","","아파트"
"41867","인천광역시 연수구 송도동","16-8","0016","0008","송도더샵그린애비뉴7단지","전세","101.8106","202506","21","57,000","0","7","2012","컨벤시아대로42번길 35","202508~202708","신규","-","","","아파트"
"41868","인천광역시 연수구 송도동","2-12","0002","0012","성지리벨루스","월세","84.5860","202506","21","1,000","140","14","2006","신송로6번길 7","202508~202511","신규","-","","","아파트"
"41869","인천광역시 연수구 송도동","397-8","0397","0008","힐스테이트레이크송도2차","전세","84.9600","202506","21","31,000","0","3","2020","아카데미로 446","202508~202708","신규","-","","","아파트"
"41870","인천광역시 연수구 송도동","191-2","0191","0002","송도글로벌파크베르디움","전세","63.9721","202506","21","34,500","0","28","2017","송도문화로28번길 27","202507~202707","갱신","사용","33,000","0","아파트"
"41871","인천광역시 연수구 연수동","635","0635","0000","우성1","월세","101.9700","202506","21","3,000","130","1","1994","청능대로 175","202508~202708","신규","-","","","아파트"
"41872","인천광역시 연수구 연수동","576","0576","0000","태산","전세","84.5600","202506","21","28,000","0","1","1993","먼우금로 282","202507~202707","갱신","사용","28,000","0","아파트"
"41873","인천광역시 연수구 연수동","582-2","0582","0002","솔밭마을아파트","월세","49.5600","202506","21","1,000","70","2","1993","원인재로 232","202508~202708","신규","-","","","아파트"
"41874","인천광역시 연수구 연수동","582-2","0582","0002","승기마을,연수1차시영","월세","50.6700","202506","21","600","58","8","1992","원인재로 212","202507~202707","신규","-","","","아파트"
"41875","인천광역시 연수구 송도동","191-4","0191","0004","송도에듀포레푸르지오","전세","84.5170","202506","21","36,750","0","14","2016","송도문화로84번길 24","202508~202708","갱신","사용","35,000","0","아파트"
"41876","인천광역시 연수구 송도동","105-2","0105","0002","더샵송도센터니얼","전세","75.9200","202506","21","36,750","0","26","2023","컨벤시아대로274번길 62","202506~202706","갱신","사용","35,000","0","아파트"
"41877","인천광역시 연수구 연수동","578-2","0578","0002","주공3","월세","44.6600","202506","21","1,000","70","9","1993","새말로 154","202507~202707","신규","-","","","아파트"
"41878","인천광역시 연수구 송도동","19-7","0019","0007","송도자이하버뷰2단지","전세","84.7470","202506","21","39,900","0","8","2011","컨벤시아대로130번길 32","202508~202708","갱신","사용","38,000","0","아파트"
"41879","인천광역시 연수구 송도동","16-8","0016","0008","송도더샵그린애비뉴7단지","전세","101.9444","202506","21","43,000","0","16","2012","컨벤시아대로42번길 35","202506~202706","갱신","사용","41,000","0","아파트"
"41880","인천광역시 연수구 송도동","3-10","0003","0010","송도풍림아이원2단지","전세","84.9400","202506","21","36,000","0","15","2005","해돋이로120번길 16","202507~202707","갱신","-","36,000","0","아파트"
"41881","인천광역시 연수구 송도동","2-7","0002","0007","송도풍림아이원1단지","전세","84.7167","202506","21","34,300","0","5","2005","신송로118번길 6","202508~202707","갱신","사용","33,000","0","아파트"
"41882","인천광역시 연수구 동춘동","943","0943","0000","동남","전세","52.1400","202506","21","14,000","0","2","1994","먼우금로 19","202507~202707","갱신","-","13,000","1","아파트"
"41883","인천광역시 연수구 송도동","17-3","0017","0003","더샵그린워크2차","전세","117.8951","202506","21","67,000","0","26","2014","아트센터대로97번길 15","202508~202708","신규","-","","","아파트"
"41884","인천광역시 연수구 송도동","191-2","0191","0002","송도글로벌파크베르디움","전세","74.9307","202506","21","40,950","0","3","2017","송도문화로28번길 27","202508~202708","갱신","사용","39,000","0","아파트"
"41885","인천광역시 연수구 송도동","112","0112","0000","송도더샵마스터뷰23-1BL","전세","84.9200","202506","21","37,000","0","6","2015","컨벤시아대로274번길 15","202508~202708","신규","-","","","아파트"
"41886","인천광역시 연수구 송도동","161-3","0161","0003","송도캐슬&해모로","전세","123.3070","202506","21","41,000","0","3","2013","송도과학로51번길 136","202508~202708","신규","-","","","아파트"
"41887","인천광역시 연수구 송도동","18-7","0018","0007","송도더샵하버뷰(D15)","전세","118.7895","202506","21","68,250","0","22","2012","아트센터대로97번길 56","202508~202708","갱신","사용","65,000","0","아파트"
"41888","인천광역시 연수구 송도동","17-3","0017","0003","더샵그린워크2차","월세","84.9859","202506","21","3,000","200","19","2014","아트센터대로97번길 15","202507~202707","신규","-","","","아파트"
"41889","인천광역시 연수구 송도동","190-4","0190","0004","송도더샵센트럴시티","월세","59.9700","202506","21","3,000","140","6","2018","송도국제대로 261","202507~202707","신규","-","","","아파트"
"41890","인천광역시 연수구 송도동","18-7","0018","0007","송도더샵하버뷰(D15)","전세","119.4815","202506","21","63,000","0","5","2012","아트센터대로97번길 56","202509~202709","신규","-","","","아파트"
"41891","인천광역시 연수구 송도동","396-1","0396","0001","송도LuxeOceanSKVIEW","전세","84.9673","202506","21","42,000","0","19","2025","랜드마크로 350","202508~202708","신규","-","","","아파트"
"41892","인천광역시 연수구 송도동","312-1","0312","0001","호반써밋송도","전세","84.8714","202506","21","37,800","0","32","2023","랜드마크로 20","202509~202709","갱신","사용","36,000","0","아파트"
"41893","인천광역시 연수구 송도동","397-11","0397","0011","힐스테이트레이크송도1차","전세","84.9700","202506","21","31,500","0","18","2019","아카데미로312번길 177","202508~202708","갱신","사용","30,000","0","아파트"
"41894","인천광역시 연수구 송도동","308-1","0308","0001","더샵송도마리나베이","전세","84.4546","202506","21","33,000","0","14","2020","랜드마크로 160","202509~202709","갱신","-","28,000","0","아파트"
"41895","인천광역시 연수구 송도동","190-4","0190","0004","송도더샵센트럴시티","전세","59.9900","202506","21","30,870","0","10","2018","송도국제대로 261","202508~202708","신규","-","","","아파트"
"41896","인천광역시 연수구 송도동","308-1","0308","0001","더샵송도마리나베이","월세","74.8994","202506","21","3,000","140","32","2020","랜드마크로 160","202506~202606","갱신","사용","3,000","135","아파트"
"41897","인천광역시 연수구 송도동","190-4","0190","0004","송도더샵센트럴시티","월세","59.9700","202506","21","2,000","150","35","2018","송도국제대로 261","202507~202707","신규","-","","","아파트"
"41898","인천광역시 연수구 송도동","319-1","0319","0001","e편한세상송도","월세","70.2331","202506","21","1,000","135","15","2018","랜드마크로 113","202507~202707","갱신","사용","1,000","130","아파트"
"41899","인천광역시 연수구 연수동","540","0540","0000","문남마을","월세","49.2400","202506","21","500","75","5","1994","함박뫼로 100","202507~202707","신규","-","","","아파트"
"41900","인천광역시 연수구 연수동","578-2","0578","0002","주공3","전세","44.6600","202506","21","14,200","0","10","1993","새말로 154","202508~202708","신규","-","","","아파트"
"41901","인천광역시 연수구 연수동","582-2","0582","0002","승기마을,연수1차시영","전세","26.8200","202506","21","9,000","0","3","1992","원인재로 212","202507~202707","신규","-","","","아파트"
"41902","인천광역시 연수구 연수동","576","0576","0000","태산","전세","84.5600","202506","21","28,000","0","1","1993","먼우금로 282","202506~202706","갱신","사용","28,000","0","아파트"
"41903","인천광역시 연수구 동춘동","929","0929","0000","풍림2","전세","45.3600","202506","21","17,000","0","5","1993","경원대로119번길 21","202507~202707","신규","-","","","아파트"
"41904","인천광역시 연수구 동춘동","924-3","0924","0003","래미안","전세","95.7600","202506","21","28,000","0","2","1993","원인재로 81","202508~202708","신규","-","","","아파트"
"41905","인천광역시 연수구 동춘동","941","0941","0000","대동","전세","84.5850","202506","21","23,000","0","3","1994","먼우금로 69","202507~202707","갱신","-","23,000","0","아파트"
"41906","인천광역시 미추홀구 주안동","1443","1443","0000","남광로얄","월세","89.0300","202506","21","1,000","50","5","1980","인주대로366번길 23","202507~202707","신규","-","","","아파트"
"41907","인천광역시 미추홀구 주안동","972-4","0972","0004","주안아파트","전세","55.0600","202506","21","12,000","0","4","2016","주안로174번길 23","202508~202708","신규","-","","","아파트"
"41908","인천광역시 미추홀구 주안동","1678","1678","0000","힐스테이트푸르지오주안","전세","84.9700","202506","21","33,600","0","29","2023","남주길 150","202507~202707","갱신","사용","32,000","0","아파트"
"41909","인천광역시 미추홀구 주안동","1678","1678","0000","힐스테이트푸르지오주안","전세","59.7200","202506","21","22,050","0","7","2023","남주길 150","202508~202708","갱신","사용","21,000","0","아파트"
"41910","인천광역시 미추홀구 주안동","972-4","0972","0004","주안아파트","전세","55.0600","202506","21","12,000","0","4","2016","주안로174번길 23","202508~202708","신규","-","","","아파트"
"41911","인천광역시 미추홀구 주안동","1662","1662","0000","주안파크자이더플래티넘","월세","59.9600","202506","21","3,000","100","17","2023","인하로222번길 20","202507~202707","신규","-","","","아파트"
"41912","인천광역시 미추홀구 주안동","1678","1678","0000","힐스테이트푸르지오주안","전세","74.7800","202506","21","25,200","0","6","2023","남주길 150","202507~202707","갱신","사용","24,000","0","아파트"
"41913","인천광역시 미추홀구 주안동","1678","1678","0000","힐스테이트푸르지오주안","전세","59.9600","202506","21","19,950","0","4","2023","남주길 150","202507~202707","갱신","사용","19,000","0","아파트"
"41914","인천광역시 미추홀구 주안동","22-33","0022","0033","선정","전세","84.0244","202506","21","20,000","0","2","2001","염창로 101","202511~202711","신규","-","","","아파트"
"41915","인천광역시 미추홀구 주안동","1556-59","1556","0059","캐슬앤더샵","전세","59.9789","202506","21","27,000","0","12","2022","경원대로780번길 22","202507~202707","신규","-","","","아파트"
"41916","인천광역시 미추홀구 주안동","1678","1678","0000","힐스테이트푸르지오주안","전세","59.9600","202506","21","21,000","0","20","2023","남주길 150","202507~202707","갱신","사용","20,000","0","아파트"
"41917","인천광역시 미추홀구 주안동","1662","1662","0000","주안파크자이더플래티넘","월세","59.9600","202506","21","3,000","100","17","2023","인하로222번길 20","-","-","-","","","아파트"
"41918","인천광역시 미추홀구 주안동","1678","1678","0000","힐스테이트푸르지오주안","전세","59.7200","202506","21","21,000","0","10","2023","남주길 150","202507~202707","갱신","사용","20,000","0","아파트"
"41919","인천광역시 서구 청라동","139-1","0139","0001","청라한화꿈에그린","월세","125.6483","202506","21","6,000","175","18","2012","크리스탈로 148","202508~202708","신규","-","","","아파트"
"41920","인천광역시 서구 왕길동","295-1","0295","0001","유승","월세","84.9600","202506","21","1,000","75","1","2000","단봉로 12","202507~202707","신규","-","","","아파트"
"41921","인천광역시 서구 왕길동","295-1","0295","0001","유승","월세","84.9600","202506","21","1,000","75","1","2000","단봉로 12","202507~202707","신규","-","","","아파트"
"41922","인천광역시 서구 왕길동","649-1","0649","0001","검단풍림아이원","월세","84.9350","202506","21","2,000","95","15","2004","봉수대로1440번길 10","202507~202707","신규","-","","","아파트"
"41923","인천광역시 서구 왕길동","295-1","0295","0001","유승","월세","84.9600","202506","21","1,000","75","1","2000","단봉로 12","202507~202707","신규","-","","","아파트"
"41924","인천광역시 강화군 선원면 창리","714","0714","0000","강화서희스타힐스1단지","전세","84.9495","202506","21","24,000","0","15","2024","중앙로 162-31","202508~202708","신규","-","","","아파트"
"41925","인천광역시 강화군 선원면 창리","714","0714","0000","강화서희스타힐스1단지","월세","71.9635","202506","21","2,000","70","12","2024","중앙로 162-31","202507~202707","신규","-","","","아파트"
"41926","인천광역시 강화군 선원면 창리","714","0714","0000","강화서희스타힐스1단지","월세","59.9669","202506","21","2,000","65","10","2024","중앙로 162-31","202507~202707","신규","-","","","아파트"
"41927","인천광역시 서구 원당동","987","0987","0000","검단신도시로제비앙라포레","전세","84.4159","202506","21","30,400","0","2","2022","서로3로 277","202507~202607","갱신","사용","29,000","0","아파트"
"41928","인천광역시 서구 원당동","987-1","0987","0001","검단신도시디에트르더힐","전세","75.8458","202506","21","30,000","0","11","2022","서로3로 255","202508~202508","신규","-","","","아파트"
"41929","인천광역시 서구 원당동","987-1","0987","0001","검단신도시디에트르더힐","전세","75.8458","202506","21","27,000","0","19","2022","서로3로 255","202507~202707","신규","-","","","아파트"
"41930","인천광역시 서구 원당동","987-1","0987","0001","검단신도시디에트르더힐","전세","108.5045","202506","21","36,000","0","5","2022","서로3로 255","202508~202708","신규","-","","","아파트"
"41931","인천광역시 서구 원당동","1084-1","1084","0001","검단신도시대방디에트르리버파크","전세","59.9971","202506","21","24,150","0","9","2022","이음1로 332","202507~202707","갱신","사용","23,000","0","아파트"
"41932","인천광역시 서구 원당동","1084-1","1084","0001","검단신도시대방디에트르리버파크","전세","84.9968","202506","21","31,500","0","25","2022","이음1로 332","202507~202707","갱신","사용","30,000","0","아파트"
"41933","인천광역시 서구 원당동","1022","1022","0000","호반써밋1차","전세","72.5409","202506","21","32,000","0","23","2021","이음5로 15","202507~202707","갱신","-","30,000","0","아파트"
"41934","인천광역시 서구 원당동","987","0987","0000","검단신도시로제비앙라포레","월세","84.4159","202506","21","1,000","130","11","2022","서로3로 277","202507~202704","신규","-","","","아파트"
"41935","인천광역시 서구 원당동","1022","1022","0000","호반써밋1차","전세","84.8981","202506","21","36,000","0","19","2021","이음5로 15","202507~202707","신규","-","","","아파트"
"41936","인천광역시 서구 원당동","1024","1024","0000","검단 금호어울림 센트럴","전세","84.5200","202506","21","37,000","0","23","2021","이음5로 65","202508~202708","신규","-","","","아파트"
"41937","인천광역시 서구 원당동","1024","1024","0000","검단 금호어울림 센트럴","전세","84.5200","202506","21","37,000","0","23","2021","이음5로 65","-","-","-","","","아파트"
"41938","인천광역시 서구 원당동","852-1","0852","0001","대림e편한세상(원당지구78BL1L)","전세","84.9810","202506","21","26,500","0","6","2004","고산로40번길 12","202507~202707","신규","-","","","아파트"
"41939","인천광역시 서구 원당동","1024","1024","0000","검단 금호어울림 센트럴","전세","84.5200","202506","21","37,000","0","8","2021","이음5로 65","202508~202708","신규","-","","","아파트"
"41940","인천광역시 서구 원당동","1022-1","1022","0001","우미린더시그니처","전세","84.9732","202506","21","44,000","0","23","2022","이음5로 39","202509~202709","신규","-","","","아파트"
"41941","인천광역시 서구 원당동","1014","1014","0000","검단신도시예미지트리플에듀","월세","98.4860","202506","21","5,000","180","7","2022","서로4로 89","202506~202612","신규","-","","","아파트"
"41942","인천광역시 서구 원당동","1022","1022","0000","호반써밋1차","전세","72.2112","202506","21","30,000","0","11","2021","이음5로 15","202509~202709","갱신","사용","29,000","0","아파트"
"41943","인천광역시 서구 원당동","1024","1024","0000","검단 금호어울림 센트럴","전세","84.5200","202506","21","37,000","0","19","2021","이음5로 65","202508~202708","신규","-","","","아파트"
"41944","인천광역시 서구 원당동","1024","1024","0000","검단 금호어울림 센트럴","전세","84.5200","202506","21","37,000","0","13","2021","이음5로 65","202509~202609","신규","-","","","아파트"
"41945","인천광역시 서구 오류동","1719-4","1719","0004","왕길역아테라","전세","84.9710","202506","21","26,500","0","4","2025","봉화로 60-11","202508~202708","신규","-","","","아파트"
"41946","인천광역시 서구 오류동","1719-4","1719","0004","왕길역아테라","전세","59.9810","202506","21","25,000","0","12","2025","봉화로 60-11","202509~202709","신규","-","","","아파트"
"41947","인천광역시 서구 청라동","102-2","0102","0002","청라한양수자인","전세","121.4449","202506","21","40,000","0","28","2011","비즈니스로 41","202508~202708","신규","-","","","아파트"
"41948","인천광역시 서구 청라동","102-10","0102","0010","청라디이스트","전세","114.4530","202506","21","39,000","0","25","2012","비즈니스로28번길 13","202508~202704","신규","-","","","아파트"
"41949","인천광역시 서구 청라동","166-1","0166","0001","청라웰카운티 2차","전세","97.2600","202506","21","34,000","0","8","2012","청라에메랄드로 112","202508~202708","갱신","-","30,000","0","아파트"
"41950","인천광역시 서구 청라동","185-1","0185","0001","힐데스하임","전세","59.9435","202506","21","23,000","0","23","2011","청라라임로 17","202506~202706","갱신","-","23,000","0","아파트"
"41951","인천광역시 서구 청라동","103-6","0103","0006","청라우미린","전세","84.9507","202506","21","23,000","0","22","2011","청라한내로 39","202506~202706","갱신","사용","22,000","0","아파트"
"41952","인천광역시 서구 청라동","173-1","0173","0001","청라29블럭호반베르디움","전세","84.9482","202506","21","39,000","0","21","2012","청라커낼로 163","202508~202708","신규","-","","","아파트"
"41953","인천광역시 서구 청라동","139-1","0139","0001","청라한화꿈에그린","월세","136.3519","202506","21","5,000","200","6","2012","크리스탈로 148","202508~202708","신규","-","","","아파트"
"41954","인천광역시 서구 청라동","173-1","0173","0001","청라29블럭호반베르디움","전세","84.9934","202506","21","37,000","0","29","2012","청라커낼로 163","202509~202709","신규","-","","","아파트"
"41955","인천광역시 서구 청라동","173-1","0173","0001","청라29블럭호반베르디움","전세","84.9934","202506","21","37,000","0","29","2012","청라커낼로 163","202509~202709","신규","-","","","아파트"
"41956","인천광역시 서구 청라동","83-1","0083","0001","청라국제업무단지센텀대광로제비앙","전세","82.6715","202506","21","28,350","0","14","2018","비즈니스로 166","202508~202708","갱신","사용","27,000","0","아파트"
"41957","인천광역시 서구 청라동","165-13","0165","0013","청라지구중흥S-CLASS2단지","월세","140.3340","202506","21","4,000","185","5","2010","청라에메랄드로 113","202508~202708","신규","-","","","아파트"
"41958","인천광역시 서구 청라동","173-1","0173","0001","청라29블럭호반베르디움","전세","84.9289","202506","21","30,000","0","6","2012","청라커낼로 163","202507~202707","갱신","사용","30,000","0","아파트"
"41959","인천광역시 서구 청라동","83-1","0083","0001","청라국제업무단지센텀대광로제비앙","전세","82.9117","202506","21","29,400","0","22","2018","비즈니스로 166","202506~202706","갱신","사용","28,000","0","아파트"
"41960","인천광역시 서구 청라동","159-1","0159","0001","청라롯데캐슬","전세","127.1200","202506","21","48,000","0","12","2013","청라커낼로 252","202508~202708","신규","-","","","아파트"
"41961","인천광역시 서구 청라동","173-1","0173","0001","청라29블럭호반베르디움","전세","84.9382","202506","21","31,000","0","22","2012","청라커낼로 163","202508~202708","갱신","-","25,500","0","아파트"
"41962","인천광역시 서구 청라동","150-1","0150","0001","대우푸르지오","전세","114.1040","202506","21","52,000","0","20","2013","크리스탈로102번길 25","202509~202709","신규","-","","","아파트"
"41963","인천광역시 서구 청라동","85-1","0085","0001","청라국제금융단지한양수자인레이크블루","전세","59.9849","202506","21","34,000","0","19","2019","청라한내로 132","202508~202708","신규","-","","","아파트"
"41964","인천광역시 서구 청라동","159-1","0159","0001","청라롯데캐슬","전세","127.1200","202506","21","48,000","0","12","2013","청라커낼로 252","202508~202708","신규","-","","","아파트"
"41965","인천광역시 서구 청라동","85-1","0085","0001","청라국제금융단지한양수자인레이크블루","전세","59.9849","202506","21","34,000","0","19","2019","청라한내로 132","202508~202708","신규","-","","","아파트"
"41966","인천광역시 서구 불로동","가-","0000","0000","신검단중앙역풍경채어바니티2차","전세","84.7923","202506","21","30,000","0","11","2025","고산후로 305","202508~202708","신규","-","","","아파트"
"41967","인천광역시 서구 불로동","1001","1001","0000","힐스테이트신검단센트럴","전세","84.4775","202506","21","31,000","0","24","2025","고산후로 249","202507~202707","신규","-","","","아파트"
"41968","인천광역시 서구 불로동","308","0308","0000","월드","전세","84.9300","202506","21","19,500","0","5","1998","검단로 836","202508~202708","신규","-","","","아파트"
"41969","인천광역시 서구 금곡동","736-1","0736","0001","검단우방아이유쉘","전세","59.8184","202506","21","25,000","0","8","2017","완정로 208","-","-","-","","","아파트"
"41970","인천광역시 서구 금곡동","736-1","0736","0001","검단우방아이유쉘","전세","59.8184","202506","21","25,000","0","8","2017","완정로 208","202508~202708","신규","-","","","아파트"
"41971","인천광역시 서구 백석동","가-","0000","0000","검암역로열파크씨티푸르지오1단지","월세","74.0021","202506","21","3,150","121","36","2023","한들로 33","202508~202708","갱신","사용","3,000","115","아파트"
"41972","인천광역시 서구 심곡동","285","0285","0000","대동","월세","59.9100","202506","21","2,000","75","13","1996","심곡로 135","202507~202707","신규","-","","","아파트"
"41973","인천광역시 서구 당하동","1316-2","1316","0002","검단신도시대성베르힐라프리미어","월세","84.9376","202506","21","5,000","120","9","2022","이음1로 154","202506~202706","신규","-","","","아파트"
"41974","인천광역시 서구 당하동","1311-1","1311","0001","우미린파크뷰2단지","월세","59.9380","202506","21","3,000","110","1","2023","이음2로 90","202508~202706","신규","-","","","아파트"
"41975","인천광역시 서구 가정동","597-2","0597","0002","엘에이치웨스턴블루힐","전세","84.9900","202506","21","30,000","0","8","2015","봉오재2로 37","202509~202709","신규","-","","","아파트"
"41976","인천광역시 서구 가정동","610-1","0610","0001","루원시티프라디움","전세","84.9951","202506","21","33,600","0","15","2018","봉오재3로 66","202508~202708","갱신","사용","32,000","0","아파트"
"41977","인천광역시 서구 가정동","597-1","0597","0001","루원더퍼스트","전세","59.9600","202506","21","25,000","0","21","2019","봉오재2로 13","202507~202707","갱신","사용","24,000","0","아파트"
"41978","인천광역시 서구 가정동","597-2","0597","0002","엘에이치웨스턴블루힐","전세","74.9900","202506","21","31,000","0","21","2015","봉오재2로 37","202508~202708","신규","-","","","아파트"
"41979","인천광역시 계양구 용종동","207-1","0207","0001","인천계양코아루센트럴파크","전세","84.9900","202506","21","38,000","0","1","2017","계양문화로 119","202508~202708","신규","-","","","아파트"
"41980","인천광역시 서구 당하동","1276-2","1276","0002","파라곤센트럴파크","전세","84.9860","202506","21","34,000","0","24","2022","이음2로 29","202508~202708","신규","-","","","아파트"
"41981","인천광역시 계양구 효성동","24","0024","0000","뉴서울2","월세","34.7400","202506","21","500","35","5","1986","안남로 560","202506~202706","신규","-","","","아파트"
"41982","인천광역시 서구 백석동","가-","0000","0000","검암역로열파크씨티푸르지오2단지","월세","74.0057","202506","21","3,000","115","12","2023","한들로 73","202509~202709","갱신","사용","3,000","110","아파트"
"41983","인천광역시 서구 검암동","595-3","0595","0003","서해그랑블","전세","69.6616","202506","21","29,500","0","15","2003","승학로495번길 7","202507~202707","신규","-","","","아파트"
"41984","인천광역시 계양구 귤현동","489","0489","0000","귤현현대아이파크","전세","84.9871","202506","21","28,000","0","9","2004","장군봉길 12","202510~202710","신규","-","","","아파트"
"41985","인천광역시 서구 검암동","595-3","0595","0003","서해그랑블","전세","69.6616","202506","21","35,000","0","16","2003","승학로495번길 7","202508~202708","신규","-","","","아파트"
"41986","인천광역시 계양구 방축동","235","0235","0000","계양하늘채파크포레","전세","59.9931","202506","21","25,000","0","9","2023","박촌로 19","202506~202706","갱신","사용","24,000","0","아파트"
"41987","인천광역시 계양구 방축동","235","0235","0000","계양하늘채파크포레","월세","59.9931","202506","21","3,700","90","7","2023","박촌로 19","202506~202706","갱신","-","2,500","90","아파트"
"41988","인천광역시 서구 당하동","1272-2","1272","0002","유승한내들 에듀파크","전세","84.2411","202506","21","31,000","0","11","2021","이음3로 130","202508~202708","신규","-","","","아파트"
"41989","인천광역시 서구 검암동","595-3","0595","0003","서해그랑블","전세","84.9634","202506","21","29,400","0","14","2003","승학로495번길 7","202508~202708","갱신","사용","28,000","0","아파트"
"41990","인천광역시 서구 가좌동","627","0627","0000","가재울역트루엘에코시티","월세","84.9800","202506","21","4,000","150","22","2024","열우물로240번길 20","202509~202709","신규","-","","","아파트"
"41991","인천광역시 서구 가좌동","30-2","0030","0002","진주1","월세","52.1600","202506","21","1,000","45","5","1981","원적로 82","202507~202707","신규","-","","","아파트"
"41992","인천광역시 서구 당하동","1305-1","1305","0001","우미린파크뷰1단지","전세","59.8198","202506","21","21,000","0","20","2023","이음2로 89","202507~202707","신규","-","","","아파트"
"41993","인천광역시 서구 당하동","1311-1","1311","0001","우미린파크뷰2단지","전세","84.8773","202506","21","30,000","0","6","2023","이음2로 90","202508~202708","신규","-","","","아파트"
"41994","인천광역시 서구 심곡동","285","0285","0000","대동","월세","59.9100","202506","21","2,000","75","10","1996","심곡로 135","202508~202708","신규","-","","","아파트"
"41995","인천광역시 서구 당하동","1316-1","1316","0001","예미지더시그너스","전세","84.9559","202506","21","29,000","0","10","2023","이음1로 136","202508~202708","신규","-","","","아파트"
"41996","인천광역시 서구 당하동","1305-1","1305","0001","우미린파크뷰1단지","전세","59.8198","202506","21","22,000","0","5","2023","이음2로 89","202508~202708","갱신","사용","21,000","0","아파트"
"41997","인천광역시 서구 당하동","1311-1","1311","0001","우미린파크뷰2단지","전세","84.8773","202506","21","28,350","0","23","2023","이음2로 90","202508~202708","갱신","사용","27,000","0","아파트"
"41998","인천광역시 서구 당하동","1027-15","1027","0015","신안실크벨리","월세","59.9639","202506","21","2,000","90","15","2004","원당대로840번길 22","202508~202708","신규","-","","","아파트"
"41999","인천광역시 서구 당하동","1305-1","1305","0001","우미린파크뷰1단지","전세","59.9380","202506","21","23,100","0","15","2023","이음2로 89","202508~202608","갱신","사용","22,000","0","아파트"
"42000","인천광역시 계양구 작전동","951","0951","0000","브라운스톤계양스카이","전세","75.6880","202506","21","33,600","0","26","2020","아나지로299번길 11","202507~202707","신규","-","","","아파트"
"42001","인천광역시 계양구 작전동","140-2","0140","0002","신진","월세","40.6600","202506","21","500","45","4","1987","봉오대로744번길 17","202506~202706","신규","-","","","아파트"
"42002","인천광역시 계양구 작전동","420","0420","0000","미도아파트","월세","59.9300","202506","21","2,000","70","12","1990","아나지로299번길 17","202508~202708","신규","-","","","아파트"
"42003","인천광역시 서구 당하동","1316-2","1316","0002","검단신도시대성베르힐라프리미어","전세","110.3995","202506","21","34,000","0","24","2022","이음1로 154","202509~202709","신규","-","","","아파트"
"42004","인천광역시 서구 당하동","1311-1","1311","0001","우미린파크뷰2단지","전세","59.9380","202506","21","24,150","0","23","2023","이음2로 90","202509~202709","갱신","사용","23,000","0","아파트"
"42005","인천광역시 서구 당하동","895-1","0895","0001","탑스빌(영남,신대진,성웅)아파트","전세","59.9950","202506","21","17,850","0","10","1998","서곶로 818","202506~202706","갱신","사용","17,000","0","아파트"
"42006","인천광역시 서구 당하동","1305-1","1305","0001","우미린파크뷰1단지","전세","59.9380","202506","21","23,100","0","15","2023","이음2로 89","202508~202608","갱신","사용","22,000","0","아파트"
"42007","인천광역시 부평구 일신동","410","0410","0000","일신주공아파트(100~112동)","전세","59.9800","202506","21","17,640","0","6","1995","항동로75번길 11","202509~202709","갱신","사용","16,800","0","아파트"
"42008","인천광역시 서구 당하동","820-1","0820","0001","태평","월세","59.9700","202506","21","2,000","75","13","1999","독정로25번길 26-6","202508~202708","신규","-","","","아파트"
"42009","인천광역시 서구 당하동","1311-1","1311","0001","우미린파크뷰2단지","전세","59.9380","202506","21","22,000","0","8","2023","이음2로 90","202507~202707","갱신","사용","21,000","0","아파트"
"42010","인천광역시 서구 신현동","151-3","0151","0003","효성","전세","70.8200","202506","21","14,000","0","2","1991","새오개로 53","202507~202707","신규","-","","","아파트"
"42011","인천광역시 서구 신현동","151-3","0151","0003","효성","전세","70.8200","202506","21","14,500","0","3","1991","새오개로 53","202507~202707","신규","-","","","아파트"
"42012","인천광역시 서구 신현동","304-1","0304","0001","루원시티 대성베르힐","전세","99.4743","202506","21","35,000","0","7","2017","봉오재1로 15","202508~202708","신규","-","","","아파트"
"42013","인천광역시 서구 신현동","302-1","0302","0001","루원e-편한세상하늘채아파트","전세","59.9990","202506","21","30,000","0","9","2010","가정로 387","202508~202708","신규","-","","","아파트"
"42014","인천광역시 서구 마전동","916","0916","0000","목화","월세","43.9950","202506","21","500","30","5","1990","완정로178번길 31","202507~202707","신규","-","","","아파트"
"42015","인천광역시 계양구 계산동","348-2","0348","0002","하나","월세","37.1700","202506","21","1,500","35","4","1988","경명대로1114번길 6","202506~202606","갱신","-","500","35","아파트"
"42016","인천광역시 서구 백석동","가-","0000","0000","검암역로열파크씨티푸르지오2단지","월세","59.8599","202506","21","3,000","120","27","2023","한들로 73","202506~202612","갱신","-","3,000","100","아파트"
"42017","인천광역시 남동구 구월동","24","0024","0000","롯데캐슬골드","전세","83.8726","202506","21","32,000","0","14","2007","호구포로 803","202508~202708","신규","-","","","아파트"
"42018","인천광역시 남동구 구월동","24","0024","0000","롯데캐슬골드","전세","83.7769","202506","21","34,000","0","16","2007","호구포로 803","202508~202708","신규","-","","","아파트"
"42019","인천광역시 남동구 구월동","1636","1636","0000","한화포레나인천구월","월세","59.9847","202506","21","4,000","120","10","2023","용천로105번길 8","202508~202708","신규","-","","","아파트"
"42020","인천광역시 남동구 구월동","1513","1513","0000","구월아시아드선수촌5단지","전세","74.9400","202506","21","32,000","0","14","2015","선수촌로 56","202501~202701","갱신","사용","32,000","0","아파트"
"42021","인천광역시 남동구 구월동","1608","1608","0000","신영구월지웰시티푸르지오","전세","84.9180","202506","21","40,000","0","4","2020","남동대로799번길 34","202508~202708","신규","-","","","아파트"
"42022","인천광역시 남동구 구월동","1636","1636","0000","한화포레나인천구월","전세","59.9871","202506","21","32,000","0","15","2023","용천로105번길 8","202508~202708","신규","-","","","아파트"
"42023","인천광역시 남동구 구월동","1142-2","1142","0002","대명어반스테이","월세","17.0706","202506","21","2,700","34","7","2018","미래로 30","202507~202607","신규","-","","","아파트"
"42024","인천광역시 남동구 구월동","23","0023","0000","구월힐스테이트1단지","월세","115.6671","202506","21","15,750","84","22","2007","구월로 192","202507~202707","갱신","사용","15,000","80","아파트"
"42025","인천광역시 남동구 구월동","1125-8","1125","0008","필하우스","전세","78.2100","202506","21","16,000","0","7","2009","예술로174번길 40","202507~202707","신규","-","","","아파트"
"42026","인천광역시 남동구 구월동","1554","1554","0000","구월아시아드선수촌8단지","전세","84.9700","202506","21","37,000","0","18","2015","선수촌로 8","202508~202708","신규","-","","","아파트"
"42027","인천광역시 남동구 구월동","1136-3","1136","0003","위너스타워","월세","36.8700","202506","21","2,800","60","12","2017","인주대로591번길 94","202507~202707","신규","-","","","아파트"
"42028","인천광역시 남동구 구월동","1636","1636","0000","한화포레나인천구월","전세","59.9871","202506","21","32,000","0","15","2023","용천로105번길 8","202508~202708","신규","-","","","아파트"
"42029","인천광역시 남동구 구월동","1608","1608","0000","신영구월지웰시티푸르지오","전세","84.9180","202506","21","43,000","0","33","2020","남동대로799번길 34","202508~202708","신규","-","","","아파트"
"42030","인천광역시 남동구 구월동","24","0024","0000","롯데캐슬골드","전세","75.3036","202506","21","33,000","0","14","2007","호구포로 803","202508~202708","신규","-","","","아파트"
"42031","인천광역시 남동구 구월동","1142-2","1142","0002","대명어반스테이","월세","17.0706","202506","21","500","47","6","2018","미래로 30","202506~202606","신규","-","","","아파트"
"42032","인천광역시 남동구 구월동","1133","1133","0000","현대홈타운","월세","44.5394","202506","21","3,000","60","5","2015","예술로226번길 28","202507~202707","신규","-","","","아파트"
"42033","인천광역시 남동구 구월동","24","0024","0000","롯데캐슬골드","전세","83.7769","202506","21","28,350","0","28","2007","호구포로 803","202509~202709","갱신","사용","27,000","0","아파트"
"42034","인천광역시 남동구 구월동","24","0024","0000","롯데캐슬골드","전세","83.7769","202506","21","34,000","0","16","2007","호구포로 803","202508~202708","신규","-","","","아파트"
"42035","인천광역시 남동구 서창동","640","0640","0000","청광플러스원아파트","전세","84.9944","202506","21","34,000","0","24","2017","서창남순환로 82","202508~202708","신규","-","","","아파트"
"42036","인천광역시 남동구 간석동","939-1","0939","0001","간석래미안자이","전세","119.3600","202506","21","44,000","0","13","2008","남동대로 860","202508~202708","갱신","사용","42,000","0","아파트"
"42037","인천광역시 남동구 간석동","938-1","0938","0001","어울림마을","월세","84.9600","202506","21","4,000","120","10","2005","석산로 138","202508~202708","신규","-","","","아파트"
"42038","인천광역시 남동구 간석동","900-153","0900","0153","현대홈타운(900-153)","월세","123.1034","202506","21","4,000","120","13","2003","구월로 65","202507~202707","신규","-","","","아파트"
"42039","인천광역시 남동구 간석동","917-2","0917","0002","두진","전세","59.4300","202506","21","17,000","0","11","1994","호구포로899번길 8","202507~202707","갱신","-","16,000","0","아파트"
"42040","인천광역시 남동구 간석동","939-1","0939","0001","간석래미안자이","전세","59.9100","202506","21","30,000","0","16","2008","남동대로 860","202507~202707","신규","-","","","아파트"
"42041","인천광역시 남동구 간석동","229-1","0229","0001","청실프라자","월세","69.1200","202506","21","2,000","70","8","1994","동암남로26번길 39","202507~202707","신규","-","","","아파트"
"42042","인천광역시 남동구 간석동","944","0944","0000","인천시청역힐스테이트","전세","59.8800","202506","21","35,000","0","7","2024","구월로37번길 10","202508~202708","신규","-","","","아파트"
"42043","인천광역시 남동구 간석동","894-1","0894","0001","광명(894-1)","전세","59.7600","202506","21","13,000","0","4","1989","방축로 492","202508~202708","신규","-","","","아파트"
"42044","인천광역시 남동구 간석동","893-1","0893","0001","우성","전세","54.5200","202506","21","19,950","0","6","1990","방축로 501","202508~202510","신규","-","","","아파트"
"42045","인천광역시 남동구 만수동","13","0013","0000","만수주공4단지","월세","75.2400","202506","21","10,000","20","8","1987","백범로124번길 126","202508~202708","갱신","-","2,000","55","아파트"
"42046","인천광역시 남동구 만수동","29","0029","0000","만수주공2단지","전세","54.9000","202506","21","13,000","0","6","1987","백범로124번길 43","202508~202708","신규","-","","","아파트"
"42047","인천광역시 남동구 만수동","29","0029","0000","만수주공2단지","월세","64.6200","202506","21","2,000","60","6","1987","백범로124번길 43","202508~202708","신규","-","","","아파트"
"42048","인천광역시 남동구 만수동","1115-1","1115","0001","포레시안","전세","84.9500","202506","21","29,000","0","17","2011","만수서로 55","202506~202706","갱신","사용","33,000","0","아파트"
"42049","인천광역시 남동구 만수동","20","0020","0000","만수주공6단지","월세","47.2500","202506","21","1,000","55","2","1986","만수로50번길 19","202506~202706","신규","-","","","아파트"
"42050","인천광역시 남동구 만수동","1114","1114","0000","벽산","전세","59.8050","202506","21","20,000","0","9","2000","호구포로 924","202507~202707","신규","-","","","아파트"
"42051","인천광역시 남동구 만수동","17","0017","0000","만수주공5단지","월세","41.3000","202506","21","500","45","9","1987","백범로124번길 127","202508~202708","신규","-","","","아파트"
"42052","인천광역시 남동구 만수동","983-1","0983","0001","삼환1단지","월세","43.5500","202506","21","1,000","50","3","1995","인주대로 857","202508~202708","신규","-","","","아파트"
"42053","인천광역시 부평구 부평동","946","0946","0000","래미안부평(임대)","월세","39.0530","202506","21","2,000","80","13","2014","길주남로10번길 11","202506~202706","신규","-","","","아파트"
"42054","인천광역시 부평구 부평동","222-2","0222","0002","스위트홈","월세","44.2200","202506","21","3,000","58","6","2014","시장로 67","202505~202705","갱신","사용","3,000","58","아파트"
"42055","인천광역시 부평구 삼산동","393-4","0393","0004","삼산주공미래타운5차","월세","84.3400","202506","21","5,000","100","9","2000","영성중로 16","202508~202708","신규","-","","","아파트"
"42056","인천광역시 부평구 산곡동","534","0534","0000","부평두산위브더파크","월세","84.9317","202506","21","5,000","150","2","2022","마곡로 14","202508~202708","신규","-","","","아파트"
"42057","인천광역시 부평구 부개동","477-1","0477","0001","대동","전세","46.1450","202506","21","12,600","0","1","1989","길주로 640","202506~202706","갱신","사용","12,000","0","아파트"
"42058","인천광역시 남동구 논현동","564-1","0564","0001","주공1단지","전세","59.1300","202506","21","15,750","0","6","1998","호구포로 294","202507~202707","갱신","사용","15,000","0","아파트"
"42059","인천광역시 남동구 논현동","603-1","0603","0001","휴먼시아동산마을","전세","84.6000","202506","21","29,000","0","1","2006","소래역로 119","202507~202707","신규","-","","","아파트"
"42060","인천광역시 남동구 논현동","618-1","0618","0001","논현신일해피트리","전세","101.8720","202506","21","33,000","0","1","2007","은봉로 288","202509~202709","신규","-","","","아파트"
"42061","인천광역시 남동구 논현동","773-1","0773","0001","에코메트로10","전세","117.9920","202506","21","50,000","0","24","2010","아암대로1503번길 21","202509~202709","신규","-","","","아파트"
"42062","인천광역시 부평구 부개동","512","0512","0000","부개역푸르지오","전세","59.9730","202506","21","30,000","0","11","2010","부일로 69","202507~202707","갱신","사용","30,000","0","아파트"
"42063","인천광역시 부평구 부개동","498-5","0498","0005","부개주공3","월세","39.9900","202506","21","1,000","65","4","1996","길주남로 144","202507~202707","신규","-","","","아파트"
"42064","인천광역시 부평구 부개동","520","0520","0000","부평코오롱하늘채","전세","72.9227","202506","21","35,000","0","8","2020","동수천로 117","202506~202706","갱신","-","39,000","0","아파트"
"42065","인천광역시 부평구 산곡동","519","0519","0000","쌍용더플래티넘부평","전세","84.7400","202506","21","35,000","0","2","2022","원적로287번길 25","202506~202706","갱신","-","30,000","0","아파트"
"42066","인천광역시 부평구 산곡동","524","0524","0000","부평신일해피트리더루츠","전세","74.9570","202506","21","38,500","0","5","2022","산곡로 31","202507~202707","신규","-","","","아파트"
"42067","인천광역시 부평구 산곡동","307","0307","0000","현대1차","전세","84.6000","202506","21","25,000","0","5","1985","경원대로 1269","202508~202708","신규","-","","","아파트"
"42068","인천광역시 부평구 산곡동","550","0550","0000","부평캐슬&더샵퍼스트","월세","72.6394","202506","21","5,000","140","9","2024","산청로 60","202507~202707","신규","-","","","아파트"
"42069","인천광역시 부평구 산곡동","534","0534","0000","부평두산위브더파크","전세","84.9317","202506","21","39,000","0","13","2022","마곡로 14","202508~202708","신규","-","","","아파트"
"42070","인천광역시 부평구 산곡동","307","0307","0000","현대1차","전세","84.6000","202506","21","20,000","0","2","1985","경원대로 1269","202507~202607","갱신","-","20,000","0","아파트"
"42071","인천광역시 부평구 산곡동","294-35","0294","0035","우성1차2차(294-35)","월세","84.8400","202506","21","3,000","85","5","1989","부영로 165","202507~202707","갱신","사용","3,000","80","아파트"
"42072","인천광역시 부평구 십정동","642","0642","0000","힐스테이트부평","전세","59.9800","202506","21","24,150","0","10","2023","경원대로 1192","202507~202707","갱신","사용","23,000","0","아파트"
"42073","인천광역시 부평구 십정동","642","0642","0000","힐스테이트부평","전세","59.9900","202506","21","33,000","0","20","2023","경원대로 1192","202507~202707","신규","-","","","아파트"
"42074","인천광역시 부평구 산곡동","82-36","0082","0036","동원(82-36)","전세","46.8000","202506","21","12,000","0","6","1989","길주로326번길 45","-","-","-","","","아파트"
"42075","인천광역시 부평구 십정동","642","0642","0000","힐스테이트부평","전세","59.9900","202506","21","33,000","0","20","2023","경원대로 1192","202507~202707","신규","-","","","아파트"
"42076","인천광역시 부평구 십정동","642","0642","0000","힐스테이트부평","전세","84.9900","202506","21","40,000","0","28","2023","경원대로 1192","202508~202708","신규","-","","","아파트"
"42077","인천광역시 부평구 십정동","406-3","0406","0003","동암비버리씨티","월세","12.0023","202506","21","1,200","21","7","2014","열우물로25번길 14-3","202506~202706","신규","-","","","아파트"
"42078","인천광역시 부평구 십정동","642","0642","0000","힐스테이트부평","전세","59.9900","202506","21","26,250","0","1","2023","경원대로 1192","202507~202707","갱신","사용","25,000","0","아파트"
"42079","인천광역시 부평구 십정동","642","0642","0000","힐스테이트부평","전세","59.9800","202506","21","33,000","0","14","2023","경원대로 1192","202507~202707","신규","-","","","아파트"
"42080","인천광역시 부평구 십정동","642","0642","0000","힐스테이트부평","전세","75.9500","202506","21","31,500","0","15","2023","경원대로 1192","202508~202708","갱신","사용","30,000","0","아파트"
"42081","인천광역시 부평구 십정동","642","0642","0000","힐스테이트부평","전세","59.9800","202506","21","34,000","0","16","2023","경원대로 1192","202508~202708","신규","-","","","아파트"
"42082","인천광역시 부평구 십정동","642","0642","0000","힐스테이트부평","월세","59.9900","202506","21","3,000","130","8","2023","경원대로 1192","202509~202709","신규","-","","","아파트"
"42083","인천광역시 부평구 십정동","642","0642","0000","힐스테이트부평","월세","46.9800","202506","21","3,000","80","22","2023","경원대로 1192","202508~202708","신규","-","","","아파트"
"42084","인천광역시 부평구 십정동","642","0642","0000","힐스테이트부평","월세","59.9900","202506","21","3,000","130","8","2023","경원대로 1192","202508~202708","신규","-","","","아파트"
"42085","인천광역시 부평구 갈산동","369","0369","0000","한국1,동아,팬더","월세","84.3600","202506","21","3,000","90","17","1993","갈월동로 42","202508~202707","신규","-","","","아파트"
"42086","인천광역시 부평구 갈산동","361-3","0361","0003","대동2","전세","45.0000","202506","21","17,000","0","7","1993","주부토로 201","202508~202708","갱신","-","19,000","0","아파트"
"42087","인천광역시 부평구 산곡동","91-2","0091","0002","부평IPARK","월세","69.2800","202506","21","5,000","130","13","2020","길주로364번길 9","202507~202707","신규","-","","","아파트"
"42088","인천광역시 부평구 부평동","70-5","0070","0005","동아(1차)","월세","52.4300","202506","21","2,000","70","13","1986","부평문화로 37","202507~202707","신규","-","","","아파트"
"42089","인천광역시 부평구 부평동","376-1","0376","0001","효행복마을","월세","63.5600","202506","21","1,000","90","10","2015","부평문화로 134","202506~202706","신규","-","","","아파트"
"42090","인천광역시 부평구 부평동","431-37","0431","0037","부평타워큐","월세","19.5100","202506","21","500","40","7","2012","부평대로 114","202506~202606","신규","-","","","아파트"
"42091","인천광역시 부평구 부평동","70-5","0070","0005","동아(1차)","전세","76.7400","202506","21","27,000","0","5","1986","부평문화로 37","202507~202707","갱신","-","24,000","0","아파트"
"42092","인천광역시 부평구 청천동","200","0200","0000","부평1,2차금호타운","전세","59.8050","202506","21","20,000","0","22","1998","안남로 272","202509~202709","갱신","사용","20,000","0","아파트"
"42093","인천광역시 부평구 청천동","16-8","0016","0008","청천","월세","47.4000","202506","21","1,000","30","5","1978","청중로51번길 3","202509~202709","신규","-","","","아파트"
"42094","인천광역시 부평구 청천동","259-5","0259","0005","미도7","월세","52.8900","202506","21","1,000","45","5","1989","원길로24번길 5","202507~202707","신규","-","","","아파트"
"42095","인천광역시 부평구 청천동","456","0456","0000","e편한세상부평그랑힐스","전세","59.8924","202506","21","21,000","0","4","2024","산청로 97","202512~202712","갱신","사용","20,000","0","아파트"
"42096","인천광역시 부평구 청천동","200","0200","0000","부평1,2차금호타운","전세","59.8050","202506","21","20,000","0","22","1998","안남로 272","202509~202709","갱신","사용","20,000","0","아파트"
"42097","인천광역시 부평구 부평동","962","0962","0000","부평SKVIEW해모로","전세","74.6086","202506","21","42,000","0","22","2023","동수천로 71","202506~202706","신규","-","","","아파트"
"42098","인천광역시 부평구 부평동","65-124","0065","0124","한국1","전세","84.9400","202506","21","24,600","0","13","1998","부영로166번길 12","202509~202709","갱신","사용","23,500","0","아파트"
"42099","인천광역시 부평구 부평동","506-2","0506","0002","대흥","월세","69.9800","202506","21","1,000","60","6","2003","충선로 4","202506~202706","신규","-","","","아파트"
"42100","인천광역시 중구 운서동","2788-2","2788","0002","영종2차금호베스트빌","월세","84.9701","202506","21","2,000","120","9","2003","흰바위로 14","202506~202706","신규","-","","","아파트"
"42101","인천광역시 중구 중산동","1887-2","1887","0002","영종힐스테이트","전세","83.2940","202506","21","23,000","0","24","2012","하늘별빛로 66","202509~202709","신규","-","","","아파트"
"42102","인천광역시 중구 중산동","1881-1","1881","0001","하늘도시우미린1단지","전세","59.5500","202506","21","17,500","0","3","2012","은하수로 351","202507~202706","갱신","-","16,000","0","아파트"
"42103","인천광역시 중구 운서동","2743-1","2743","0001","풍림아이원5단지","전세","59.9600","202506","21","14,200","0","3","2002","신도시북로43번길 83","202506~202606","갱신","-","13,200","0","아파트"
"42104","인천광역시 미추홀구 도화동","1011","1011","0000","더샵인천스카이타워1단지","전세","84.9353","202506","21","31,500","0","21","2020","숙골로88번길 12","202507~202707","갱신","사용","30,000","0","아파트"
"42105","인천광역시 동구 송림동","341","0341","0000","송림휴먼시아1단지","월세","59.7500","202506","21","2,000","80","24","2009","송향로 31","-","-","-","","","아파트"
"42106","인천광역시 중구 중산동","1878-1","1878","0001","인천영종한양수자인","월세","59.2156","202506","21","3,000","80","13","2012","은하수로 377","202507~202707","신규","-","","","아파트"
"42107","인천광역시 중구 운남동","1598-1","1598","0001","운서SKVIEWskycityⅡ","월세","70.5732","202506","21","1,000","125","13","2022","흰바위로 249","202507~202707","신규","-","","","아파트"
"42108","인천광역시 중구 중산동","1879-1","1879","0001","영종하늘도시KCC스위첸","전세","60.5410","202506","21","25,500","0","16","2019","은하수로 380","202508~202708","신규","-","","","아파트"
"42109","인천광역시 중구 중산동","1871-1","1871","0001","e편한세상영종국제도시센텀베뉴","월세","98.0214","202506","21","3,000","160","27","2023","하늘달빛로 139","202507~202707","신규","-","","","아파트"
"42110","인천광역시 중구 중산동","1872-2","1872","0002","인천영종동보노빌리티","전세","84.8370","202506","21","23,000","0","9","2012","하늘달빛로 65","202508~202708","신규","-","","","아파트"
"42111","인천광역시 중구 중산동","1872-1","1872","0001","영종신명스카이뷰주얼리","월세","57.0160","202506","21","10,000","45","3","2013","하늘달빛로 95","202507~202707","신규","-","","","아파트"
"42112","인천광역시 중구 중산동","1881-1","1881","0001","하늘도시우미린1단지","월세","59.5500","202506","21","4,000","70","4","2012","은하수로 351","202507~202707","신규","-","","","아파트"
"42113","인천광역시 중구 중산동","1878-1","1878","0001","인천영종한양수자인","전세","59.1270","202506","21","20,000","0","5","2012","은하수로 377","202507~202707","신규","-","","","아파트"
"42114","인천광역시 미추홀구 학익동","125-1","0125","0001","신동아1","월세","41.9600","202506","21","1,000","60","8","1988","소성로 211","202508~202708","신규","-","","","아파트"
"42115","인천광역시 미추홀구 용현동","664","0664","0000","인천 SK Sky VIEW","전세","109.2162","202506","21","40,000","0","31","2016","용정공원로 33","202508~202708","신규","-","","","아파트"
"42116","인천광역시 중구 운서동","3104-1","3104","0001","운서SKVIEWSkycity","전세","77.8532","202506","21","27,000","0","4","2022","흰바위로 203","202509~202709","신규","-","","","아파트"
"42117","인천광역시 중구 중산동","1872-2","1872","0002","인천영종동보노빌리티","전세","84.6120","202506","21","20,000","0","9","2012","하늘달빛로 65","202508~202708","신규","-","","","아파트"
"42118","인천광역시 중구 중산동","1887-2","1887","0002","영종힐스테이트","전세","83.3720","202506","21","22,000","0","11","2012","하늘별빛로 66","202509~202709","갱신","사용","21,000","0","아파트"
"42119","인천광역시 중구 중산동","1878-1","1878","0001","인천영종한양수자인","전세","59.2156","202506","21","15,750","0","5","2012","은하수로 377","202507~202707","갱신","사용","15,000","0","아파트"
"42120","인천광역시 중구 운서동","3102-1","3102","0001","영종엘에이치2단지","월세","36.2100","202506","20","4,080","19","10","2018","영종대로252번길 12","202507~202708","신규","-","","","아파트"
"42121","인천광역시 중구 운서동","3102-1","3102","0001","영종엘에이치2단지","월세","16.5700","202506","20","1,656","8","20","2018","영종대로252번길 12","202507~202708","신규","-","","","아파트"
"42122","인천광역시 중구 운서동","3102-1","3102","0001","영종엘에이치2단지","월세","26.6400","202506","20","2,664","12","4","2018","영종대로252번길 12","202507~202708","신규","-","","","아파트"
"42123","인천광역시 중구 운서동","3102-1","3102","0001","영종엘에이치2단지","월세","36.2100","202506","20","3,672","17","15","2018","영종대로252번길 12","202507~202708","신규","-","","","아파트"
"42124","인천광역시 중구 운서동","3102-1","3102","0001","영종엘에이치2단지","월세","16.5700","202506","20","1,656","8","12","2018","영종대로252번길 12","202507~202708","신규","-","","","아파트"
"42125","인천광역시 중구 운서동","3102-1","3102","0001","영종엘에이치2단지","월세","36.2100","202506","20","4,080","19","13","2018","영종대로252번길 12","202507~202708","신규","-","","","아파트"
"42126","인천광역시 중구 운서동","3102-1","3102","0001","영종엘에이치2단지","월세","26.6400","202506","20","2,664","12","11","2018","영종대로252번길 12","202507~202708","신규","-","","","아파트"
"42127","인천광역시 중구 운서동","3102-1","3102","0001","영종엘에이치2단지","월세","36.2100","202506","20","3,672","17","14","2018","영종대로252번길 12","202507~202708","신규","-","","","아파트"
"42128","인천광역시 중구 운서동","3102-1","3102","0001","영종엘에이치2단지","월세","36.2100","202506","20","3,672","17","7","2018","영종대로252번길 12","202507~202708","신규","-","","","아파트"
"42129","인천광역시 중구 운서동","3103-9","3103","0009","영종1단지엘에이치","월세","59.8300","202506","20","4,517","27","5","2012","영종대로278번길 50","202507~202708","신규","-","","","아파트"
"42130","인천광역시 중구 운서동","2709-3","2709","0003","주공스카이빌7단지","전세","51.4900","202506","20","17,000","0","7","2002","신도시북로 18","202509~202708","신규","-","","","아파트"
"42131","인천광역시 중구 신생동","38-5","0038","0005","삼성","전세","59.0550","202506","20","16,500","0","10","2001","인중로 111","202506~202706","신규","-","","","아파트"
"42132","인천광역시 중구 신생동","38-5","0038","0005","삼성","전세","59.0550","202506","20","16,500","0","10","2001","인중로 111","-","-","-","","","아파트"
"42133","인천광역시 미추홀구 학익동","125-1","0125","0001","신동아1","전세","56.2500","202506","20","17,000","0","7","1988","소성로 211","202508~202708","신규","-","","","아파트"
"42134","인천광역시 미추홀구 학익동","721","0721","0000","풍림아이원","전세","84.9767","202506","20","34,000","0","17","2007","매소홀로 340","202508~202708","신규","-","","","아파트"
"42135","인천광역시 동구 송림동","347","0347","0000","엘에이치브리즈힐","월세","59.9900","202506","20","3,000","90","3","2021","송림로162번길 9","202507~202707","신규","-","","","아파트"
"42136","인천광역시 동구 송림동","348","0348","0000","동인천역파크푸르지오","전세","70.1725","202506","20","30,000","0","15","2023","화도진로 16","202506~202909","신규","-","","","아파트"
"42137","인천광역시 동구 송림동","348","0348","0000","동인천역파크푸르지오","월세","59.8701","202506","20","14,000","37","5","2023","화도진로 16","202508~202708","갱신","-","14,000","37","아파트"
"42138","인천광역시 중구 운남동","1778","1778","0000","운서역푸르지오더스카이","월세","62.6200","202506","20","3,000","36","9","2021","흰바위로 277","202509~202709","갱신","-","3,000","36","아파트"
"42139","인천광역시 동구 송현동","154","0154","0000","솔빛마을주공","전세","59.8100","202506","20","17,850","0","15","2003","송현로 50","202506~202706","갱신","사용","17,000","0","아파트"
"42140","인천광역시 미추홀구 용현동","610-113","0610","0113","동아","전세","51.9000","202506","20","10,000","0","2","1989","용오로 82","202507~202707","신규","-","","","아파트"
"42141","인천광역시 미추홀구 용현동","690","0690","0000","엘에이치미추홀3단지","월세","21.9700","202506","20","3,096","14","24","2018","낙섬중로 129","202507~202708","신규","-","","","아파트"
"42142","인천광역시 미추홀구 용현동","690","0690","0000","엘에이치미추홀3단지","월세","16.9800","202506","20","2,244","10","17","2018","낙섬중로 129","202507~202708","신규","-","","","아파트"
"42143","인천광역시 미추홀구 용현동","690","0690","0000","엘에이치미추홀3단지","월세","29.7800","202506","20","4,104","19","14","2018","낙섬중로 129","202507~202708","신규","-","","","아파트"
"42144","인천광역시 미추홀구 용현동","690","0690","0000","엘에이치미추홀3단지","월세","16.9800","202506","20","2,376","11","17","2018","낙섬중로 129","202507~202708","신규","-","","","아파트"
"42145","인천광역시 미추홀구 용현동","690","0690","0000","엘에이치미추홀3단지","월세","29.7800","202506","20","3,876","18","11","2018","낙섬중로 129","202507~202708","신규","-","","","아파트"
"42146","인천광역시 미추홀구 용현동","690","0690","0000","엘에이치미추홀3단지","월세","21.9700","202506","20","2,924","13","19","2018","낙섬중로 129","202507~202708","신규","-","","","아파트"
"42147","인천광역시 미추홀구 용현동","690","0690","0000","엘에이치미추홀3단지","월세","21.9700","202506","20","3,096","14","20","2018","낙섬중로 129","202507~202708","신규","-","","","아파트"
"42148","인천광역시 미추홀구 용현동","690","0690","0000","엘에이치미추홀3단지","월세","29.7800","202506","20","4,104","19","19","2018","낙섬중로 129","202507~202708","신규","-","","","아파트"
"42149","인천광역시 미추홀구 용현동","690","0690","0000","엘에이치미추홀3단지","월세","29.7800","202506","20","4,104","19","10","2018","낙섬중로 129","202507~202708","신규","-","","","아파트"
"42150","인천광역시 미추홀구 용현동","690","0690","0000","엘에이치미추홀3단지","월세","16.9800","202506","20","2,244","10","11","2018","낙섬중로 129","202507~202708","신규","-","","","아파트"
"42151","인천광역시 중구 운남동","1598-1","1598","0001","운서SKVIEWskycityⅡ","월세","84.9126","202506","20","3,000","120","13","2022","흰바위로 249","202507~202707","신규","-","","","아파트"
"42152","인천광역시 중구 운남동","1598-1","1598","0001","운서SKVIEWskycityⅡ","월세","84.7979","202506","20","2,000","120","3","2022","흰바위로 249","202508~202708","신규","-","","","아파트"
"42153","인천광역시 중구 운남동","1779","1779","0000","영종센트럴푸르지오자이","전세","64.7792","202506","20","25,000","0","8","2019","은하수로 412","202507~202707","신규","-","","","아파트"
"42154","인천광역시 중구 운남동","1778","1778","0000","운서역푸르지오더스카이","월세","62.6200","202506","20","8,100","27","12","2021","흰바위로 277","202509~202709","갱신","-","8,100","26","아파트"
"42155","인천광역시 중구 운남동","1778","1778","0000","운서역푸르지오더스카이","월세","84.8300","202506","20","8,000","42","1","2021","흰바위로 277","202509~202709","갱신","-","8,000","40","아파트"
"42156","인천광역시 중구 신흥동3가","31-13","0031","0013","인천유림노르웨이숲에듀오션","월세","56.1965","202506","20","2,000","85","30","2023","서해대로 278","202507~202707","신규","-","","","아파트"
"42157","인천광역시 미추홀구 도화동","601-1","0601","0001","동아","전세","84.9500","202506","20","19,000","0","13","1992","경인로 203-12","202509~202709","신규","-","","","아파트"
"42158","인천광역시 중구 중산동","1871-1","1871","0001","e편한세상영종국제도시센텀베뉴","전세","84.9819","202506","20","24,100","0","21","2023","하늘달빛로 139","202506~202706","갱신","사용","23,000","0","아파트"
"42159","인천광역시 중구 중산동","1913-1","1913","0001","영종엘에이치67단지","월세","37.3300","202506","20","3,514","22","17","2022","두미포로 244","202507~202708","신규","-","","","아파트"
"42160","인천광역시 중구 중산동","1872-1","1872","0001","영종신명스카이뷰주얼리","전세","56.6190","202506","20","14,000","0","28","2013","하늘달빛로 95","202507~202707","갱신","사용","14,000","0","아파트"
"42161","인천광역시 중구 중산동","1878-1","1878","0001","인천영종한양수자인","월세","59.2156","202506","20","2,100","74","27","2012","은하수로 377","-","-","-","","","아파트"
"42162","인천광역시 중구 중산동","1887-5","1887","0005","영종49단지행복주택","월세","26.2900","202506","20","2,448","12","12","2020","두미포로 140","202507~202708","신규","-","","","아파트"
"42163","인천광역시 중구 중산동","1913-1","1913","0001","영종엘에이치67단지","월세","37.3300","202506","20","3,514","22","13","2022","두미포로 244","202507~202708","신규","-","","","아파트"
"42164","인천광역시 중구 중산동","1913-1","1913","0001","영종엘에이치67단지","월세","37.3300","202506","20","3,514","22","10","2022","두미포로 244","202507~202708","신규","-","","","아파트"
"42165","인천광역시 중구 중산동","1911-2","1911","0002","영종국제도시한신더휴스카이파크","월세","59.9824","202506","20","5,000","70","4","2019","은하수로 229","202506~202706","신규","-","","","아파트"
"42166","인천광역시 미추홀구 도화동","1004","1004","0000","e편한세상도화5단지","월세","84.9100","202506","20","6,775","58","25","2018","숙골로112번길 11","202508~202708","갱신","-","6,775","58","아파트"
"42167","인천광역시 미추홀구 도화동","550-7","0550","0007","세림펠리체","전세","35.8170","202506","20","12,680","0","6","2019","경인로 255","202508~202708","신규","-","","","아파트"
"42168","인천광역시 미추홀구 도화동","1009","1009","0000","e편한세상도화6-1단지","월세","59.7900","202506","20","9,108","34","28","2018","숙골로88번길 46","202506~202706","갱신","-","9,108","34","아파트"
"42169","인천광역시 미추홀구 도화동","1004","1004","0000","e편한세상도화5단지","월세","84.9100","202506","20","6,578","56","24","2018","숙골로112번길 11","202506~202706","갱신","-","6,578","56","아파트"
"42170","인천광역시 미추홀구 숭의동","362-19","0362","0019","힐스테이트숭의역","월세","59.9680","202506","20","2,000","120","38","2025","인주대로 5","202507~202707","신규","-","","","아파트"
"42171","인천광역시 중구 운서동","3102-1","3102","0001","영종엘에이치2단지","월세","16.5700","202506","20","1,656","8","14","2018","영종대로252번길 12","202507~202708","신규","-","","","아파트"
"42172","인천광역시 중구 운서동","3102-1","3102","0001","영종엘에이치2단지","월세","16.5700","202506","20","1,656","8","15","2018","영종대로252번길 12","202507~202708","신규","-","","","아파트"
"42173","인천광역시 중구 운서동","3102-1","3102","0001","영종엘에이치2단지","월세","36.2100","202506","20","4,080","19","12","2018","영종대로252번길 12","202507~202708","신규","-","","","아파트"
"42174","인천광역시 중구 운서동","3102-1","3102","0001","영종엘에이치2단지","월세","22.4100","202506","20","2,268","11","9","2018","영종대로252번길 12","202507~202708","신규","-","","","아파트"
"42175","인천광역시 중구 운서동","3102-1","3102","0001","영종엘에이치2단지","월세","36.2100","202506","20","4,080","19","15","2018","영종대로252번길 12","202507~202708","신규","-","","","아파트"
"42176","인천광역시 계양구 작전동","912-4","0912","0004","도두리마을동남","전세","59.5200","202506","20","23,000","0","15","1997","도두리로 62","202509~202709","신규","-","","","아파트"
"42177","인천광역시 서구 백석동","가-","0000","0000","검암역로열파크씨티푸르지오1단지","전세","59.8599","202506","20","26,250","0","21","2023","한들로 33","202507~202707","갱신","사용","25,000","0","아파트"
"42178","인천광역시 서구 당하동","820-1","0820","0001","태평","전세","59.9900","202506","20","18,000","0","10","1999","독정로25번길 26-6","202507~202707","신규","-","","","아파트"
"42179","인천광역시 서구 당하동","1327-1","1327","0001","인천검단엘에이치36단지","월세","46.0300","202506","20","7,293","13","4","2023","독정로 111","202509~202708","갱신","-","3,780","29","아파트"
"42180","인천광역시 서구 당하동","1027-15","1027","0015","신안실크벨리","전세","59.9639","202506","20","18,900","0","5","2004","원당대로840번길 22","202509~202709","갱신","사용","18,000","0","아파트"
"42181","인천광역시 서구 당하동","1316-1","1316","0001","예미지더시그너스","전세","84.9559","202506","20","28,000","0","2","2023","이음1로 136","202508~202708","신규","-","","","아파트"
"42182","인천광역시 서구 당하동","1314-2","1314","0002","호반써밋프라임뷰","월세","84.2832","202506","20","15,000","80","9","2022","이음2로 70","202508~202707","신규","-","","","아파트"
"42183","인천광역시 서구 당하동","1027-15","1027","0015","신안실크벨리","전세","84.9922","202506","20","21,000","0","1","2004","원당대로840번길 22","202507~202707","갱신","사용","20,000","0","아파트"
"42184","인천광역시 서구 당하동","1327-1","1327","0001","인천검단엘에이치36단지","월세","46.1800","202506","20","6,806","13","11","2023","독정로 111","202505~202706","갱신","-","3,906","30","아파트"
"42185","인천광역시 서구 당하동","1090-1","1090","0001","검단힐스테이트4차","전세","115.7167","202506","20","40,000","0","12","2012","청마로 92","202506~202706","갱신","-","33,000","0","아파트"
"42186","인천광역시 계양구 용종동","207-1","0207","0001","인천계양코아루센트럴파크","전세","84.9500","202506","20","35,000","0","5","2017","계양문화로 119","202510~202710","신규","-","","","아파트"
"42187","인천광역시 서구 가정동","610-1","0610","0001","루원시티프라디움","전세","95.1578","202506","20","31,500","0","2","2018","봉오재3로 66","202507~202707","갱신","사용","30,000","0","아파트"
"42188","인천광역시 계양구 계산동","342-1","0342","0001","삼보1","전세","49.5900","202506","20","10,500","0","5","1987","주부토로 528","202506~202703","신규","-","","","아파트"
"42189","인천광역시 서구 가좌동","627","0627","0000","가재울역트루엘에코시티","전세","49.4100","202506","20","28,000","0","18","2024","열우물로240번길 20","202508~202708","신규","-","","","아파트"
"42190","인천광역시 서구 가좌동","143-62","0143","0062","지구미가로","월세","64.9599","202506","20","2,000","80","7","2007","가정로98번길 25-10","202507~202707","신규","-","","","아파트"
"42191","인천광역시 서구 가좌동","627","0627","0000","가재울역트루엘에코시티","전세","49.4100","202506","20","28,000","0","18","2024","열우물로240번길 20","202507~202707","신규","-","","","아파트"
"42192","인천광역시 계양구 작전동","103-2","0103","0002","무지개","전세","43.1600","202506","20","9,000","0","1","1989","봉오대로744번길 4","202507~202707","신규","-","","","아파트"
"42193","인천광역시 계양구 작전동","912-4","0912","0004","도두리마을동남","전세","59.5200","202506","20","23,000","0","15","1997","도두리로 62","202509~202709","신규","-","","","아파트"
"42194","인천광역시 계양구 병방동","432-3","0432","0003","학마을서원","전세","59.9400","202506","20","25,000","0","8","1997","용종로 123","202508~202708","신규","-","","","아파트"
"42195","인천광역시 계양구 효성동","273","0273","0000","유승","월세","59.8500","202506","20","14,000","20","19","1996","아나지로197번길 9","202507~202707","신규","-","","","아파트"
"42196","인천광역시 계양구 효성동","123-57","0123","0057","태산","전세","84.7650","202506","20","22,000","0","5","1997","봉오대로477번길 20","202508~202708","신규","-","","","아파트"
"42197","인천광역시 계양구 효성동","123-57","0123","0057","태산","전세","59.9600","202506","20","16,000","0","11","1997","봉오대로477번길 20","202509~202709","신규","-","","","아파트"
"42198","인천광역시 계양구 효성동","207-1","0207","0001","뉴서울3차","월세","84.6900","202506","20","2,000","70","7","1993","새벌로 88","202508~202708","신규","-","","","아파트"
"42199","인천광역시 계양구 효성동","207-1","0207","0001","뉴서울3차","월세","84.6900","202506","20","2,000","80","7","1993","새벌로 88","202508~202708","신규","-","","","아파트"
"42200","인천광역시 계양구 효성동","228-1","0228","0001","미도","전세","65.9700","202506","20","12,000","0","5","1985","효서로 115","202507~202707","신규","-","","","아파트"
"42201","인천광역시 서구 신현동","304-2","0304","0002","루원시티루에블리","전세","59.9600","202506","20","29,500","0","9","2018","봉오재1로 49","202507~202707","신규","-","","","아파트"
"42202","인천광역시 서구 마전동","1003-1","1003","0001","동아","전세","84.9000","202506","20","25,000","0","14","1999","완정로34번길 20","202506~202706","신규","-","","","아파트"
"42203","인천광역시 서구 마전동","1030-1","1030","0001","검단금호어울림","전세","84.9918","202506","20","21,000","0","6","2004","완정로65번안길 17","202506~202706","갱신","사용","20,000","0","아파트"
"42204","인천광역시 서구 마전동","1148-3","1148","0003","대원레스피아1차","월세","84.8494","202506","20","18,000","10","16","2004","가현로 41","202508~202708","신규","-","","","아파트"
"42205","인천광역시 서구 마전동","1003-1","1003","0001","동아","월세","84.9000","202506","20","2,000","95","14","1999","완정로34번길 20","202507~202707","신규","-","","","아파트"
"42206","인천광역시 서구 마전동","1003-1","1003","0001","동아","월세","84.9000","202506","20","2,000","95","14","1999","완정로34번길 20","202507~202707","신규","-","","","아파트"
"42207","인천광역시 서구 마전동","1003-1","1003","0001","동아","전세","59.9800","202506","20","17,800","0","15","1999","완정로34번길 9","202506~202706","갱신","사용","17,000","0","아파트"
"42208","인천광역시 연수구 연수동","578-2","0578","0002","주공3","전세","44.6600","202506","20","14,000","0","14","1993","새말로 154","202506~202606","갱신","-","19,000","0","아파트"
"42209","인천광역시 연수구 연수동","533","0533","0000","연수주공2차","월세","49.9400","202506","20","1,000","67","9","1992","원인재로 315","202508~202708","갱신","-","1,000","63","아파트"
"42210","인천광역시 연수구 옥련동","633","0633","0000","현대2차아파트","전세","59.9850","202506","20","19,000","0","20","1995","독배로 58","202507~202702","신규","-","","","아파트"
"42211","인천광역시 연수구 동춘동","가-","0000","0000","송도파크자이","전세","84.9246","202506","20","35,000","0","23","2019","앵고개로104번길 22","202509~202709","신규","-","","","아파트"
"42212","인천광역시 미추홀구 주안동","1628","1628","0000","주안역센트레빌","전세","59.9813","202506","20","26,250","0","2","2021","염전로 414","202508~202708","갱신","-","25,000","0","아파트"
"42213","인천광역시 미추홀구 주안동","1614","1614","0000","월드스테이트(101~111,124~132)","월세","59.9960","202506","20","14,910","27","13","2008","경원대로 884","-","-","-","","","아파트"
"42214","인천광역시 미추홀구 주안동","1678","1678","0000","힐스테이트푸르지오주안","월세","45.9700","202506","20","2,000","95","17","2023","남주길 150","202507~202707","신규","-","","","아파트"
"42215","인천광역시 미추홀구 주안동","77-3","0077","0003","주안지웰에스테이트","월세","59.7443","202506","20","2,000","95","20","2019","경인로 403","202507~202607","신규","-","","","아파트"
"42216","인천광역시 연수구 옥련동","634-1","0634","0001","삼성","전세","84.9700","202506","20","22,000","0","5","1996","독배로40번길 18","202507~202707","신규","-","","","아파트"
"42217","인천광역시 미추홀구 주안동","1628","1628","0000","주안역센트레빌","전세","84.9881","202506","20","40,000","0","21","2021","염전로 414","202509~202709","신규","-","","","아파트"
"42218","인천광역시 연수구 연수동","582-2","0582","0002","승기마을,연수1차시영","월세","26.8200","202506","20","500","40","8","1992","원인재로 212","202506~202612","신규","-","","","아파트"
"42219","인천광역시 연수구 동춘동","924-3","0924","0003","자이(xi)","월세","95.5500","202506","20","3,000","120","11","1993","원인재로 81","202508~202708","신규","-","","","아파트"
"42220","인천광역시 연수구 옥련동","118-44","0118","0044","송도역서해그랑블더파크","월세","84.2780","202506","20","3,000","120","13","2025","한진로 77","202506~202706","신규","-","","","아파트"
"42221","인천광역시 연수구 동춘동","943","0943","0000","동남","월세","52.1400","202506","20","1,000","70","6","1994","먼우금로 19","202506~202706","갱신","-","1,000","63","아파트"
"42222","인천광역시 미추홀구 주안동","1678","1678","0000","힐스테이트푸르지오주안","전세","84.9700","202506","20","29,400","0","24","2023","남주길 150","202507~202707","갱신","사용","28,000","0","아파트"
"42223","인천광역시 연수구 동춘동","928","0928","0000","현대1","전세","84.9700","202506","20","26,000","0","4","1993","원인재로 56","202506~202706","갱신","-","23,100","0","아파트"
"42224","인천광역시 미추홀구 주안동","1556-59","1556","0059","캐슬앤더샵","월세","49.3611","202506","20","2,000","110","15","2022","경원대로780번길 22","202506~202706","신규","-","","","아파트"
"42225","인천광역시 미추홀구 주안동","25-34","0025","0034","베스티움","월세","13.4150","202506","20","80","43","14","2012","염창로 35","202506~202512","신규","-","","","아파트"
"42226","인천광역시 연수구 송도동","397-2","0397","0002","힐스테이트레이크송도4차","전세","84.9900","202506","20","39,000","0","15","2025","아카데미로312번길 31","202508~202708","신규","-","","","아파트"
"42227","인천광역시 연수구 송도동","311","0311","0000","랜드마크시티센트럴더샵","월세","84.7966","202506","20","2,000","147","43","2020","랜드마크로 68","202506~202612","갱신","사용","2,000","140","아파트"
"42228","인천광역시 연수구 송도동","312-1","0312","0001","호반써밋송도","월세","84.7005","202506","20","3,000","155","6","2023","랜드마크로 20","202507~202707","신규","-","","","아파트"
"42229","인천광역시 연수구 송도동","18-5","0018","0005","송도더샵그린워크3차(17-1블럭)","전세","104.8500","202506","20","67,000","0","25","2015","아트센터대로97번길 20","202508~202708","신규","-","","","아파트"
"42230","인천광역시 연수구 송도동","149","0149","0000","롯데캐슬캠퍼스타운","전세","84.5780","202506","20","43,000","0","40","2016","송도과학로27번길 55","202507~202707","신규","-","","","아파트"
"42231","인천광역시 연수구 송도동","100","0100","0000","송도더샵퍼스트파크F13-1BL","전세","95.8700","202506","20","44,000","0","3","2017","컨벤시아대로252번길 70","202507~202707","갱신","-","44,000","0","아파트"
"42232","인천광역시 연수구 송도동","9-31","0009","0031","송도웰카운티1단지","월세","101.6900","202506","20","3,000","180","8","2008","해송로 143","202507~202707","신규","-","","","아파트"
"42233","인천광역시 연수구 송도동","396-1","0396","0001","송도LuxeOceanSKVIEW","전세","84.9987","202506","20","33,000","0","16","2025","랜드마크로 350","202506~202706","신규","-","","","아파트"
"42234","인천광역시 연수구 송도동","192-1","0192","0001","더샵그린스퀘어","전세","84.8669","202506","20","35,000","0","19","2014","송도문화로28번길 81","202506~202706","갱신","사용","35,000","0","아파트"
"42235","인천광역시 연수구 송도동","149","0149","0000","롯데캐슬캠퍼스타운","전세","101.3056","202506","20","34,000","0","4","2016","송도과학로27번길 55","202506~202606","갱신","사용","34,000","0","아파트"
"42236","인천광역시 연수구 송도동","308-1","0308","0001","더샵송도마리나베이","전세","84.9738","202506","20","33,000","0","24","2020","랜드마크로 160","202508~202707","신규","-","","","아파트"
"42237","인천광역시 연수구 송도동","396-1","0396","0001","송도LuxeOceanSKVIEW","전세","84.9577","202506","20","48,000","0","31","2025","랜드마크로 350","202506~202706","신규","-","","","아파트"
"42238","인천광역시 연수구 송도동","396-1","0396","0001","송도LuxeOceanSKVIEW","월세","84.9833","202506","20","3,000","170","36","2025","랜드마크로 350","202508~202707","신규","-","","","아파트"
"42239","인천광역시 연수구 송도동","110","0110","0000","송도더샵마스터뷰21BL","전세","84.9200","202506","20","36,000","0","12","2015","컨벤시아대로274번길 55","202509~202709","신규","-","","","아파트"
"42240","인천광역시 연수구 송도동","10-30","0010","0030","송도SK뷰센트럴","전세","84.6566","202506","20","34,000","0","4","2020","하모니로188번길 17","202507~202707","신규","-","","","아파트"
"42241","인천광역시 연수구 송도동","319-1","0319","0001","e편한세상송도","전세","84.2538","202506","20","31,500","0","31","2018","랜드마크로 113","202508~202708","갱신","사용","30,000","0","아파트"
"42242","인천광역시 연수구 송도동","396-11","0396","0011","송도자이더스타","전세","84.9282","202506","20","45,000","0","35","2024","아카데미로343번길 63","202507~202707","신규","-","","","아파트"
"42243","인천광역시 연수구 송도동","16-8","0016","0008","송도더샵그린애비뉴7단지","전세","101.9444","202506","20","60,000","0","11","2012","컨벤시아대로42번길 35","202508~202708","신규","-","","","아파트"
"42244","인천광역시 연수구 송도동","191-2","0191","0002","송도글로벌파크베르디움","전세","84.8939","202506","20","50,000","0","9","2017","송도문화로28번길 27","202507~202707","신규","-","","","아파트"
"42245","인천광역시 연수구 송도동","149","0149","0000","롯데캐슬캠퍼스타운","전세","59.8604","202506","20","31,500","0","51","2016","송도과학로27번길 55","202507~202707","갱신","-","30,000","0","아파트"
"42246","인천광역시 연수구 송도동","396-1","0396","0001","송도LuxeOceanSKVIEW","전세","84.9987","202506","20","45,000","0","47","2025","랜드마크로 350","202507~202707","신규","-","","","아파트"
"42247","인천광역시 연수구 송도동","315-1","0315","0001","송도SKVIEW","전세","84.6541","202506","20","34,600","0","7","2019","랜드마크로 19","202507~202707","갱신","사용","33,000","0","아파트"
"42248","인천광역시 연수구 송도동","191-4","0191","0004","송도에듀포레푸르지오","전세","59.8590","202506","20","33,500","0","5","2016","송도문화로84번길 24","202508~202708","갱신","-","30,500","0","아파트"
"42249","인천광역시 연수구 송도동","4-1","0004","0001","더샵퍼스트월드","월세","116.1250","202506","20","5,000","208","52","2009","해돋이로 107","202507~202707","갱신","-","5,000","200","아파트"
"42250","인천광역시 연수구 연수동","582-2","0582","0002","승기마을,연수1차시영","월세","26.8200","202506","20","500","45","8","1992","원인재로 212","202507~202707","신규","-","","","아파트"
"42251","인천광역시 연수구 옥련동","633","0633","0000","현대2차아파트","전세","59.9850","202506","20","18,500","0","12","1995","독배로 58","202509~202709","갱신","사용","18,000","0","아파트"
"42252","인천광역시 미추홀구 주안동","25-34","0025","0034","베스티움","월세","13.2670","202506","20","60","42","10","2012","염창로 35","202506~202606","신규","-","","","아파트"
"42253","인천광역시 미추홀구 주안동","124-1","0124","0001","주안행복주택","월세","16.8300","202506","20","2,196","10","15","2017","주안로 117-16","202507~202708","신규","-","","","아파트"
"42254","인천광역시 미추홀구 주안동","124-1","0124","0001","주안행복주택","월세","16.8300","202506","20","2,074","10","11","2017","주안로 117-16","202507~202708","신규","-","","","아파트"
"42255","인천광역시 미추홀구 주안동","1628","1628","0000","주안역센트레빌","전세","59.9813","202506","20","26,250","0","2","2021","염전로 414","202508~202708","갱신","-","25,000","0","아파트"
"42256","인천광역시 연수구 연수동","537","0537","0000","효정","월세","84.9500","202506","20","4,000","90","7","1993","새말로 6","202507~202707","신규","-","","","아파트"
"42257","인천광역시 연수구 연수동","582-2","0582","0002","승기마을,연수1차시영","월세","26.8200","202506","20","1,000","40","5","1992","원인재로 212","202506~202706","신규","-","","","아파트"
"42258","인천광역시 강화군 선원면 창리","714","0714","0000","강화서희스타힐스1단지","월세","71.9635","202506","20","2,000","75","15","2024","중앙로 162-31","202507~202607","신규","-","","","아파트"
"42259","인천광역시 서구 원당동","1022","1022","0000","호반써밋1차","전세","84.8917","202506","20","35,000","0","20","2021","이음5로 15","202506~202706","신규","-","","","아파트"
"42260","인천광역시 서구 원당동","1024","1024","0000","검단 금호어울림 센트럴","월세","84.5200","202506","20","3,000","160","13","2021","이음5로 65","202508~202708","신규","-","","","아파트"
"42261","인천광역시 서구 원당동","1024","1024","0000","검단 금호어울림 센트럴","월세","84.5200","202506","20","3,000","160","13","2021","이음5로 65","202508~202708","신규","-","","","아파트"
"42262","인천광역시 서구 원당동","1094","1094","0000","인천검단엘에이치20단지","월세","14.7800","202506","20","1,584","7","7","2021","이음3로 220","202501~202703","갱신","-","1,584","7","아파트"
"42263","인천광역시 서구 원당동","1020-1","1020","0001","검단신도시파라곤보타닉파크","월세","84.9947","202506","20","3,000","130","7","2022","서로3로 225","202507~202707","신규","-","","","아파트"
"42264","인천광역시 서구 불로동","803-1","0803","0001","검단대광로제비앙센트럴포레","전세","61.8494","202506","20","26,000","0","6","2022","검단로768번길 46","202507~202707","신규","-","","","아파트"
"42265","인천광역시 서구 불로동","1001","1001","0000","힐스테이트신검단센트럴","월세","84.4775","202506","20","17,000","65","18","2025","고산후로 249","202507~202707","신규","-","","","아파트"
"42266","인천광역시 서구 청라동","185-1","0185","0001","힐데스하임","전세","59.8871","202506","20","31,500","0","17","2011","청라라임로 17","202507~202707","신규","-","","","아파트"
"42267","인천광역시 서구 청라동","116-4","0116","0004","청라지구중흥S-CLASS1단지","전세","140.3317","202506","20","47,000","0","20","2010","청라라임로 131","202507~202707","신규","-","","","아파트"
"42268","인천광역시 서구 청라동","115-1","0115","0001","청라제일풍경채","전세","101.9831","202506","20","33,600","0","19","2012","청라한울로 95","202508~202708","갱신","사용","32,000","0","아파트"
"42269","인천광역시 서구 청라동","185-1","0185","0001","힐데스하임","전세","59.9435","202506","20","20,500","0","3","2011","청라라임로 17","202506~202706","갱신","-","10,000","55","아파트"
"42270","인천광역시 서구 청라동","115-1","0115","0001","청라제일풍경채","전세","101.9831","202506","20","33,600","0","19","2012","청라한울로 95","202508~202708","갱신","사용","32,000","0","아파트"
"42271","인천광역시 서구 청라동","155-2","0155","0002","청라하우스토리커낼뷰","전세","124.2090","202506","20","31,500","0","3","2011","청라루비로 106","202507~202707","갱신","사용","30,000","0","아파트"
"42272","인천광역시 서구 왕길동","696-1","0696","0001","검단자이2단지","전세","84.7430","202506","20","27,000","0","11","2010","오동로 32","202507~202707","신규","-","","","아파트"
"42273","인천광역시 부평구 부평동","222-2","0222","0002","스위트홈","월세","41.3900","202506","20","2,000","65","5","2014","시장로 67","202507~202707","신규","-","","","아파트"
"42274","인천광역시 부평구 십정동","630","0630","0000","더샵부평센트럴시티","월세","59.5385","202506","20","10,000","55","34","2022","열우물로 90","202507~202707","갱신","-","10,000","55","아파트"
"42275","인천광역시 부평구 삼산동","387-2","0387","0002","삼산주공미래타운1차","전세","59.3900","202506","20","25,000","0","15","2000","부평북로 431","202506~202610","신규","-","","","아파트"
"42276","인천광역시 부평구 삼산동","388-7","0388","0007","삼산주공미래타운2차","전세","49.4000","202506","20","15,500","0","9","2000","부평북로 432","202506~202706","갱신","사용","15,000","0","아파트"
"42277","인천광역시 부평구 삼산동","440-1","0440","0001","삼산타운주공1단지","전세","59.9900","202506","20","33,000","0","8","2005","굴포로 105","202506~202706","신규","-","","","아파트"
"42278","인천광역시 남동구 논현동","599-1","0599","0001","주공14단지(등대마을)","월세","46.8100","202506","20","857","32","1","2006","청능대로715번길 22","202506~202708","신규","-","","","아파트"
"42279","인천광역시 남동구 논현동","599-1","0599","0001","주공14단지(등대마을)","월세","46.8100","202506","20","2,357","32","7","2006","청능대로715번길 22","202506~202708","신규","-","","","아파트"
"42280","인천광역시 남동구 논현동","599-1","0599","0001","주공14단지(등대마을)","월세","46.8100","202506","20","857","32","7","2006","청능대로715번길 22","202506~202708","신규","-","","","아파트"
"42281","인천광역시 부평구 산곡동","124-23","0124","0023","한화1단지","전세","84.3700","202506","20","22,000","0","1","1997","원적로 361","202506~202706","갱신","사용","21,000","0","아파트"
"42282","인천광역시 부평구 십정동","630","0630","0000","더샵부평센트럴시티","전세","69.3321","202506","20","36,000","0","45","2022","열우물로 90","202508~202708","신규","-","","","아파트"
"42283","인천광역시 남동구 논현동","633-1","0633","0001","논현휴먼시아달맞이마을(5단지)","월세","46.5500","202506","20","858","32","10","2007","논현로 105","202506~202708","갱신","-","2,358","27","아파트"
"42284","인천광역시 남동구 논현동","563-2","0563","0002","동보","전세","109.8600","202506","20","22,000","0","14","1999","남동대로370번길 122","202507~202706","갱신","-","22,000","0","아파트"
"42285","인천광역시 남동구 논현동","599-1","0599","0001","주공14단지(등대마을)","월세","46.8100","202506","20","2,357","27","3","2006","청능대로715번길 22","202506~202708","신규","-","","","아파트"
"42286","인천광역시 남동구 논현동","599-1","0599","0001","주공14단지(등대마을)","월세","46.8100","202506","20","857","32","16","2006","청능대로715번길 22","202506~202708","신규","-","","","아파트"
"42287","인천광역시 부평구 십정동","630","0630","0000","더샵부평센트럴시티","월세","59.5385","202506","20","10,000","55","34","2022","열우물로 90","202507~202707","갱신","-","10,000","55","아파트"
"42288","인천광역시 부평구 부평동","956","0956","0000","부평역한라비발디트레비앙","전세","84.8660","202506","20","40,000","0","8","2023","동수북로 188","202508~202708","신규","-","","","아파트"
"42289","인천광역시 부평구 청천동","200","0200","0000","부평1,2차금호타운","전세","133.5850","202506","20","41,000","0","10","1998","안남로 272","202509~202709","신규","-","","","아파트"
"42290","인천광역시 부평구 갈산동","359","0359","0000","주공1단지","전세","38.6400","202506","20","10,000","0","9","1992","굴포로 81","202510~202710","신규","-","","","아파트"
"42291","인천광역시 부평구 부평동","962","0962","0000","부평SKVIEW해모로","월세","36.0986","202506","20","3,000","80","12","2023","동수천로 71","202507~202707","신규","-","","","아파트"
"42292","인천광역시 부평구 삼산동","440-1","0440","0001","삼산타운주공1단지","전세","59.9900","202506","20","33,000","0","5","2005","굴포로 105","202506~202706","신규","-","","","아파트"
"42293","인천광역시 부평구 삼산동","512","0512","0000","삼산3휴먼시아1단지","월세","51.9700","202506","20","2,127","38","10","2010","영성동로18번길 19","202507~202708","갱신","-","4,127","32","아파트"
"42294","인천광역시 부평구 십정동","642","0642","0000","힐스테이트부평","전세","84.9900","202506","20","46,000","0","17","2023","경원대로 1192","202508~202708","신규","-","","","아파트"
"42295","인천광역시 부평구 십정동","642","0642","0000","힐스테이트부평","전세","84.9900","202506","20","42,000","0","19","2023","경원대로 1192","202508~202708","갱신","-","32,000","0","아파트"
"42296","인천광역시 부평구 십정동","630","0630","0000","더샵부평센트럴시티","월세","59.5385","202506","20","10,000","55","34","2022","열우물로 90","202507~202707","신규","-","","","아파트"
"42297","인천광역시 부평구 십정동","642","0642","0000","힐스테이트부평","전세","59.9900","202506","20","29,400","0","25","2023","경원대로 1192","202507~202707","갱신","사용","28,000","0","아파트"
"42298","인천광역시 부평구 부개동","494-1","0494","0001","대동(494-1)","전세","84.9400","202506","20","28,000","0","3","1991","부일로113번길 11","202507~202707","신규","-","","","아파트"
"42299","인천광역시 부평구 부개동","496-2","0496","0002","부개주공1","월세","49.9600","202506","20","4,000","60","11","1996","길주남로 143","202507~202707","신규","-","","","아파트"
"42300","인천광역시 부평구 부개동","512","0512","0000","부개역푸르지오","월세","131.8340","202506","20","5,000","160","21","2010","부일로 69","202507~202707","신규","-","","","아파트"
"42301","인천광역시 부평구 부개동","499-2","0499","0002","푸른마을한신,삼부","전세","99.9350","202506","20","40,000","0","11","1999","부개로 58","202508~202708","신규","-","","","아파트"
"42302","인천광역시 부평구 부개동","477-1","0477","0001","대동","월세","43.2950","202506","20","1,000","44","1","1989","길주로 640","202506~202706","갱신","-","1,000","42","아파트"
"42303","인천광역시 부평구 부개동","498-5","0498","0005","부개주공3","전세","59.9300","202506","20","18,000","0","16","1996","길주남로 144","202506~202509","신규","-","","","아파트"
"42304","인천광역시 부평구 부개동","494","0494","0000","성일","월세","58.9800","202506","20","2,000","75","3","1990","수변로52번길 6","202506~202706","신규","-","","","아파트"
"42305","인천광역시 부평구 부개동","477-1","0477","0001","대동","전세","40.4450","202506","20","11,000","0","1","1989","길주로 640","202507~202707","갱신","사용","11,000","0","아파트"
"42306","인천광역시 부평구 부개동","502-8","0502","0008","부개주공7단지","월세","59.8000","202506","20","4,000","65","15","1998","동수천로 118","202508~202708","신규","-","","","아파트"
"42307","인천광역시 부평구 갈산동","361-3","0361","0003","대동2","전세","45.0000","202506","20","15,490","0","12","1993","주부토로 201","202506~202706","갱신","사용","15,000","0","아파트"
"42308","인천광역시 부평구 산곡동","524","0524","0000","부평신일해피트리더루츠","전세","39.7240","202506","20","21,000","0","6","2022","산곡로 31","202508~202708","신규","-","","","아파트"
"42309","인천광역시 부평구 산곡동","534","0534","0000","부평두산위브더파크","전세","84.9317","202506","20","44,000","0","15","2022","마곡로 14","202507~202707","신규","-","","","아파트"
"42310","인천광역시 부평구 십정동","609","0609","0000","부평금호어울림","전세","84.7900","202506","20","28,000","0","11","2008","경원대로1110번길 20","202507~202707","신규","-","","","아파트"
"42311","인천광역시 부평구 산곡동","124-23","0124","0023","한화1단지","전세","59.8800","202506","20","24,000","0","16","1997","원적로 361","202507~202707","갱신","-","23,000","0","아파트"
"42312","인천광역시 부평구 산곡동","524","0524","0000","부평신일해피트리더루츠","전세","39.7240","202506","20","21,000","0","6","2022","산곡로 31","202508~202708","신규","-","","","아파트"
"42313","인천광역시 부평구 산곡동","91-2","0091","0002","부평IPARK","전세","84.5800","202506","20","42,000","0","37","2020","길주로364번길 9","202506~202706","갱신","사용","40,000","0","아파트"
"42314","인천광역시 부평구 산곡동","124-23","0124","0023","한화2단지","전세","59.8800","202506","20","24,000","0","2","1999","원적로 361","202508~202708","신규","-","","","아파트"
"42315","인천광역시 부평구 갈산동","359","0359","0000","주공1단지","전세","41.3000","202506","20","15,800","0","11","1992","굴포로 81","202506~202601","갱신","-","15,800","0","아파트"
"42316","인천광역시 부평구 갈산동","359","0359","0000","주공1단지","전세","44.9400","202506","20","10,000","0","8","1992","굴포로 81","202508~202708","신규","-","","","아파트"
"42317","인천광역시 남동구 만수동","1049","1049","0000","담방마을","전세","45.7600","202506","20","13,000","0","3","1994","매소홀로 1030","202508~202602","갱신","-","13,000","0","아파트"
"42318","인천광역시 남동구 구월동","24","0024","0000","롯데캐슬골드","전세","46.8778","202506","20","24,000","0","21","2007","호구포로 803","202510~202710","갱신","사용","23,000","0","아파트"
"42319","인천광역시 남동구 구월동","1636","1636","0000","한화포레나인천구월","전세","39.8967","202506","20","21,600","0","6","2023","용천로105번길 8","202506~202611","신규","-","","","아파트"
"42320","인천광역시 남동구 만수동","1049","1049","0000","담방마을","전세","46.1200","202506","20","12,000","0","4","1994","매소홀로 1030","202507~202707","신규","-","","","아파트"
"42321","인천광역시 남동구 만수동","1044","1044","0000","만수뉴서울아파트","월세","34.6500","202506","20","460","48","5","1992","담방로21번길 61","202506~202706","갱신","-","500","48","아파트"
"42322","인천광역시 남동구 구월동","1485","1485","0000","구월아시아드선수촌2단지","월세","51.9500","202506","20","2,000","90","3","2015","선수촌공원로 96","202507~202605","신규","-","","","아파트"
"42323","인천광역시 남동구 서창동","636","0636","0000","인천서창엘에이치1단지","월세","46.4400","202506","20","3,422","23","16","2015","서창남순환로 124-14","202506~202508","신규","-","","","아파트"
"42324","인천광역시 남동구 서창동","682","0682","0000","서창센트럴푸르지오","전세","74.9800","202506","20","35,000","0","23","2018","서창남순환로 55","202507~202707","신규","-","","","아파트"
"42325","인천광역시 남동구 서창동","699","0699","0000","서창퍼스트뷰(7단지)","월세","84.2800","202506","20","3,000","110","5","2012","서창남순환로 190-15","202507~202707","신규","-","","","아파트"
"42326","인천광역시 남동구 서창동","699","0699","0000","서창퍼스트뷰(7단지)","월세","84.5500","202506","20","24,000","30","5","2012","서창남순환로 190-15","202507~202707","신규","-","","","아파트"
"42327","인천광역시 남동구 서창동","636","0636","0000","인천서창엘에이치1단지","월세","46.4400","202506","20","822","31","15","2015","서창남순환로 124-14","202506~202708","신규","-","","","아파트"
"42328","인천광역시 남동구 구월동","24","0024","0000","롯데캐슬골드","전세","115.6671","202506","20","40,000","0","19","2007","호구포로 803","202509~202709","신규","-","","","아파트"
"42329","인천광역시 남동구 구월동","23","0023","0000","구월힐스테이트1단지","월세","75.3036","202506","20","3,000","110","12","2007","구월로 192","202508~202708","갱신","사용","3,000","100","아파트"
"42330","인천광역시 남동구 간석동","938-1","0938","0001","어울림마을","전세","59.8700","202506","20","26,000","0","16","2005","석산로 138","202507~202707","갱신","-","22,000","0","아파트"
"42331","인천광역시 남동구 간석동","129-7","0129","0007","유영","월세","76.5925","202506","20","2,000","80","5","2005","남동대로916번길 76","202507~202707","신규","-","","","아파트"
"42332","인천광역시 남동구 간석동","940","0940","0000","인천간석휴먼시아1단지","전세","84.8700","202506","20","18,000","0","19","2014","백범로294번길 15","202506~202706","신규","-","","","아파트"
"42333","인천광역시 남동구 간석동","495-5","0495","0005","금호","전세","43.0800","202506","20","17,000","0","14","1987","구월로 73","202508~202708","신규","-","","","아파트"
"42334","인천광역시 남동구 간석동","893-1","0893","0001","우성","월세","72.9400","202506","19","3,000","80","12","1990","방축로 501","202506~202706","신규","-","","","아파트"
"42335","인천광역시 남동구 만수동","1005","1005","0000","주공8단지","전세","38.6400","202506","19","10,000","0","12","1989","담방로 105","202508~202708","신규","-","","","아파트"
"42336","인천광역시 남동구 서창동","636","0636","0000","인천서창엘에이치1단지","월세","26.6200","202506","19","260","5","6","2015","서창남순환로 124-14","202506~202708","신규","-","","","아파트"
"42337","인천광역시 남동구 서창동","636","0636","0000","인천서창엘에이치1단지","월세","29.6300","202506","19","1,416","14","9","2015","서창남순환로 124-14","202506~202708","신규","-","","","아파트"
"42338","인천광역시 남동구 서창동","639","0639","0000","엘에이치청아안","월세","61.7200","202506","19","0","30","4","2016","서창남순환로 110","202506~202706","신규","-","","","아파트"
"42339","인천광역시 남동구 서창동","717","0717","0000","인천서창엘에이치12단지","월세","29.9700","202506","19","1,449","14","2","2014","서창남로 2","202506~202708","신규","-","","","아파트"
"42340","인천광역시 남동구 서창동","676","0676","0000","더포레스트","월세","59.9300","202506","19","11,582","22","4","2017","서창남순환로 140","202508~202707","갱신","-","4,472","48","아파트"
"42341","인천광역시 남동구 서창동","545","0545","0000","현대모닝사이드","전세","84.9767","202506","19","5,400","0","3","2002","매소홀로 1103","202506~202707","신규","-","","","아파트"
"42342","인천광역시 남동구 서창동","702","0702","0000","호반베르디움","월세","84.7403","202506","19","3,000","145","1","2017","서창남순환로 200","202507~202707","신규","-","","","아파트"
"42343","인천광역시 남동구 서창동","699","0699","0000","서창퍼스트뷰(7단지)","전세","120.4200","202506","19","30,000","0","13","2012","서창남순환로 190-15","202507~202707","신규","-","","","아파트"
"42344","인천광역시 남동구 서창동","636","0636","0000","인천서창엘에이치1단지","월세","46.4400","202506","19","3,422","23","10","2015","서창남순환로 124-14","202506~202708","신규","-","","","아파트"
"42345","인천광역시 남동구 구월동","1129","1129","0000","아델라이","월세","18.4100","202506","19","500","40","15","2012","예술로204번길 26","202506~202606","신규","-","","","아파트"
"42346","인천광역시 남동구 구월동","23","0023","0000","구월힐스테이트1단지","월세","83.8913","202506","19","3,000","130","30","2007","구월로 192","202509~202709","신규","-","","","아파트"
"42347","인천광역시 남동구 구월동","1551","1551","0000","구월아시아드선수촌7단지","월세","36.6939","202506","19","10,252","23","29","2023","선수촌로 7","202508~202707","갱신","-","5,870","6","아파트"
"42348","인천광역시 남동구 만수동","1048","1048","0000","금호타운","전세","124.0500","202506","19","32,000","0","11","1992","담방로 22-16","202509~202709","신규","-","","","아파트"
"42349","인천광역시 남동구 만수동","46","0046","0000","만수주공3단지","월세","61.7700","202506","19","1,000","60","5","1986","백범로124번길 16","202507~202707","신규","-","","","아파트"
"42350","인천광역시 남동구 만수동","17","0017","0000","만수주공5단지","월세","41.3000","202506","19","1,000","40","3","1987","백범로124번길 127","202507~202607","갱신","-","1,000","38","아파트"
"42351","인천광역시 남동구 간석동","939-1","0939","0001","간석래미안자이","전세","84.9700","202506","19","31,500","0","11","2008","남동대로 860","202506~202706","갱신","사용","30,000","0","아파트"
"42352","인천광역시 남동구 구월동","1551","1551","0000","구월아시아드선수촌7단지","월세","36.6939","202506","19","1,060","19","4","2023","선수촌로 7","202507~202706","갱신","-","4,892","27","아파트"
"42353","인천광역시 남동구 구월동","24","0024","0000","롯데캐슬골드","월세","75.3036","202506","19","5,000","105","11","2007","호구포로 803","202507~202707","갱신","사용","5,000","100","아파트"
"42354","인천광역시 남동구 만수동","844-125","0844","0125","산호(844-125)","월세","59.9727","202506","19","2,000","70","2","2004","서판로 22","202507~202707","신규","-","","","아파트"
"42355","인천광역시 남동구 만수동","13","0013","0000","만수주공4단지","전세","64.6200","202506","19","15,000","0","13","1987","백범로124번길 126","202508~202708","신규","-","","","아파트"
"42356","인천광역시 연수구 동춘동","943","0943","0000","동남","월세","52.1400","202506","19","3,000","70","7","1994","먼우금로 19","202507~202707","신규","-","","","아파트"
"42357","인천광역시 연수구 선학동","352","0352","0000","뉴서울","전세","84.5300","202506","19","24,000","0","1","1992","선학로 101","202508~202708","신규","-","","","아파트"
"42358","인천광역시 연수구 옥련동","642-1","0642","0001","한국","전세","59.9860","202506","19","16,790","0","6","1997","청량로199번길 29","202507~202707","갱신","-","16,790","0","아파트"
"42359","인천광역시 미추홀구 관교동","13-6","0013","0006","삼환1(관교삼환나우빌)","전세","156.2700","202506","19","30,000","0","9","1992","주승로 223","202508~202708","신규","-","","","아파트"
"42360","인천광역시 연수구 송도동","311","0311","0000","랜드마크시티센트럴더샵","전세","95.8548","202506","19","42,000","0","27","2020","랜드마크로 68","202508~202708","신규","-","","","아파트"
"42361","인천광역시 연수구 송도동","23-3","0023","0003","더샵센트럴파크1","전세","106.9262","202506","19","60,000","0","39","2010","센트럴로 232","202508~202708","신규","-","","","아파트"
"42362","인천광역시 연수구 송도동","396-11","0396","0011","송도자이더스타","월세","99.7748","202506","19","5,000","280","36","2024","아카데미로343번길 63","202507~202707","신규","-","","","아파트"
"42363","인천광역시 연수구 송도동","396-11","0396","0011","송도자이더스타","월세","84.9282","202506","19","3,000","180","24","2024","아카데미로343번길 63","202508~202707","신규","-","","","아파트"
"42364","인천광역시 연수구 송도동","17-3","0017","0003","더샵그린워크2차","전세","84.3408","202506","19","50,000","0","8","2014","아트센터대로97번길 15","202507~202707","신규","-","","","아파트"
"42365","인천광역시 연수구 송도동","149","0149","0000","롯데캐슬캠퍼스타운","월세","101.3056","202506","19","5,000","170","2","2016","송도과학로27번길 55","202507~202707","신규","-","","","아파트"
"42366","인천광역시 연수구 송도동","315-1","0315","0001","송도SKVIEW","전세","84.6541","202506","19","29,400","0","18","2019","랜드마크로 19","202507~202707","갱신","사용","28,000","0","아파트"
"42367","인천광역시 연수구 송도동","19-5","0019","0005","송도푸르지오하버뷰","월세","150.9032","202506","19","10,000","340","16","2011","컨벤시아대로130번길 80","202508~202708","신규","-","","","아파트"
"42368","인천광역시 연수구 송도동","396-1","0396","0001","송도LuxeOceanSKVIEW","전세","84.9987","202506","19","34,000","0","32","2025","랜드마크로 350","202508~202708","신규","-","","","아파트"
"42369","인천광역시 연수구 송도동","192-8","0192","0008","베르디움더퍼스트","전세","84.9572","202506","19","42,000","0","15","2017","송도문화로84번길 84","202508~202708","갱신","사용","45,000","0","아파트"
"42370","인천광역시 연수구 송도동","100","0100","0000","송도더샵퍼스트파크F13-1BL","전세","68.7200","202506","19","35,000","0","24","2017","컨벤시아대로252번길 70","202507~202707","신규","-","","","아파트"
"42371","인천광역시 연수구 송도동","9-29","0009","0029","송도웰카운티2단지","월세","101.6900","202506","19","15,000","110","4","2007","해송로 70","202506~202706","신규","-","","","아파트"
"42372","인천광역시 연수구 송도동","190-4","0190","0004","송도더샵센트럴시티","월세","84.9700","202506","19","2,000","150","12","2018","송도국제대로 261","202508~202601","신규","-","","","아파트"
"42373","인천광역시 연수구 송도동","102","0102","0000","송도더샵퍼스트파크F15BL","전세","59.9800","202506","19","30,000","0","15","2017","컨벤시아대로252번길 30","202508~202608","갱신","사용","30,000","0","아파트"
"42374","인천광역시 연수구 송도동","191-2","0191","0002","송도글로벌파크베르디움","전세","74.9307","202506","19","38,890","0","10","2017","송도문화로28번길 27","202509~202708","신규","-","","","아파트"
"42375","인천광역시 연수구 송도동","23-4","0023","0004","더샵센트럴파크2","전세","146.5057","202506","19","90,000","0","5","2011","센트럴로 194","202507~202707","신규","-","","","아파트"
"42376","인천광역시 연수구 송도동","308-1","0308","0001","더샵송도마리나베이","월세","84.9738","202506","19","3,000","160","15","2020","랜드마크로 160","202507~202612","신규","-","","","아파트"
"42377","인천광역시 연수구 송도동","192-8","0192","0008","베르디움더퍼스트","전세","84.9572","202506","19","42,000","0","15","2017","송도문화로84번길 84","202508~202708","갱신","-","45,000","0","아파트"
"42378","인천광역시 연수구 송도동","192-8","0192","0008","베르디움더퍼스트","전세","74.9413","202506","19","35,000","0","17","2017","송도문화로84번길 84","202508~202708","갱신","-","35,000","0","아파트"
"42379","인천광역시 연수구 송도동","161-3","0161","0003","송도캐슬&해모로","전세","84.4024","202506","19","30,000","0","1","2013","송도과학로51번길 136","202507~202707","신규","-","","","아파트"
"42380","인천광역시 연수구 송도동","100","0100","0000","송도더샵퍼스트파크F13-1BL","전세","68.7200","202506","19","35,000","0","24","2017","컨벤시아대로252번길 70","202507~202707","신규","-","","","아파트"
"42381","인천광역시 연수구 송도동","23-5","0023","0005","송도센트럴파크푸르지오","전세","143.6803","202506","19","105,000","0","43","2015","센트럴로 160","202506~202706","신규","-","","","아파트"
"42382","인천광역시 연수구 송도동","3-13","0003","0013","송도풍림아이원3단지","전세","84.9400","202506","19","35,000","0","19","2005","해돋이로84번길 29","202508~202708","갱신","-","35,000","0","아파트"
"42383","인천광역시 연수구 송도동","155","0155","0000","송도아메리칸타운아이파크","월세","84.4661","202506","19","4,000","160","20","2018","송도과학로27번길 15","202507~202707","신규","-","","","아파트"
"42384","인천광역시 연수구 송도동","149","0149","0000","롯데캐슬캠퍼스타운","전세","59.9715","202506","19","32,000","0","20","2016","송도과학로27번길 55","202507~202707","갱신","-","31,000","0","아파트"
"42385","인천광역시 연수구 송도동","17-5","0017","0005","송도더샵하버뷰(D13)","전세","147.8230","202506","19","105,000","0","14","2011","아트센터대로97번길 75","202509~202708","신규","-","","","아파트"
"42386","인천광역시 연수구 송도동","2-7","0002","0007","송도풍림아이원1단지","월세","84.7167","202506","19","2,000","130","16","2005","신송로118번길 6","202508~202708","갱신","-","2,000","115","아파트"
"42387","인천광역시 미추홀구 주안동","1487-7","1487","0007","광명8","월세","48.6000","202506","19","2,000","40","1","1988","인주대로418번길 19","202507~202707","신규","-","","","아파트"
"42388","인천광역시 미추홀구 주안동","69-7","0069","0007","세복","월세","69.0328","202506","19","1,000","80","9","2010","경원대로851번길 42","202507~202707","신규","-","","","아파트"
"42389","인천광역시 미추홀구 주안동","1678","1678","0000","힐스테이트푸르지오주안","월세","84.9700","202506","19","10,000","110","40","2023","남주길 150","202508~202708","갱신","-","10,000","100","아파트"
"42390","인천광역시 미추홀구 주안동","1662","1662","0000","주안파크자이더플래티넘","전세","73.9559","202506","19","33,000","0","15","2023","인하로222번길 20","202509~202709","신규","-","","","아파트"
"42391","인천광역시 미추홀구 주안동","1628","1628","0000","주안역센트레빌","전세","59.9824","202506","19","26,300","0","7","2021","염전로 414","202509~202709","갱신","사용","25,500","0","아파트"
"42392","인천광역시 미추홀구 주안동","1678","1678","0000","힐스테이트푸르지오주안","전세","59.9800","202506","19","21,000","0","16","2023","남주길 150","202507~202707","갱신","사용","20,000","0","아파트"
"42393","인천광역시 미추홀구 주안동","1628","1628","0000","주안역센트레빌","월세","47.9558","202506","19","9,520","41","15","2021","염전로 414","202507~202708","신규","-","","","아파트"
"42394","인천광역시 미추홀구 주안동","1678","1678","0000","힐스테이트푸르지오주안","전세","59.9600","202506","19","30,000","0","29","2023","남주길 150","202507~202707","신규","-","","","아파트"
"42395","인천광역시 미추홀구 주안동","1614","1614","0000","월드스테이트(112~123)","전세","84.9900","202506","19","25,200","0","21","2008","경원대로 884","202506~202706","갱신","-","24,000","0","아파트"
"42396","인천광역시 미추홀구 주안동","1662","1662","0000","주안파크자이더플래티넘","전세","36.8110","202506","19","18,480","0","5","2023","인하로222번길 20","202506~202706","갱신","사용","17,600","0","아파트"
"42397","인천광역시 연수구 연수동","633","0633","0000","대동","전세","52.1400","202506","19","20,500","0","14","1993","벚꽃로 172","202507~202707","신규","-","","","아파트"
"42398","인천광역시 연수구 연수동","582-2","0582","0002","승기마을,연수1차시영","전세","50.6700","202506","19","14,500","0","11","1992","원인재로 212","202508~202708","신규","-","","","아파트"
"42399","인천광역시 연수구 연수동","578-2","0578","0002","주공3","월세","44.6600","202506","19","1,000","65","12","1993","새말로 154","202507~202707","신규","-","","","아파트"
"42400","인천광역시 연수구 연수동","532","0532","0000","경남","전세","84.9350","202506","19","27,000","0","13","1993","원인재로 312","202508~202708","신규","-","","","아파트"
"42401","인천광역시 연수구 연수동","578-2","0578","0002","주공3","월세","44.6600","202506","19","500","57","5","1993","새말로 154","202507~202707","갱신","-","500","53","아파트"
"42402","인천광역시 연수구 연수동","633","0633","0000","대동","전세","52.1400","202506","19","20,500","0","14","1993","벚꽃로 172","202507~202707","신규","-","","","아파트"
"42403","인천광역시 연수구 동춘동","925-7","0925","0007","연수대우.삼환","전세","90.1800","202506","19","29,000","0","14","1994","원인재로 88","202509~202709","신규","-","","","아파트"
"42404","인천광역시 연수구 동춘동","925-7","0925","0007","연수대우.삼환","전세","90.1800","202506","19","29,000","0","14","1994","원인재로 88","202509~202709","신규","-","","","아파트"
"42405","인천광역시 연수구 동춘동","924","0924","0000","현대","전세","96.2300","202506","19","25,000","0","2","1993","먼우금로 126","202507~202707","신규","-","","","아파트"
"42406","인천광역시 연수구 동춘동","1131-1","1131","0001","연수서해그랑블1단지","월세","84.9500","202506","19","500","55","2","2017","봉재산로 20","202506~202606","신규","-","","","아파트"
"42407","인천광역시 중구 운서동","3102-1","3102","0001","영종엘에이치2단지","월세","26.6400","202506","19","3,959","5","6","2018","영종대로252번길 12","202508~202707","갱신","-","2,484","13","아파트"
"42408","인천광역시 중구 중산동","1878-1","1878","0001","인천영종한양수자인","월세","59.2156","202506","19","1,000","90","22","2012","은하수로 377","202507~202707","갱신","-","1,000","80","아파트"
"42409","인천광역시 미추홀구 용현동","690","0690","0000","엘에이치미추홀3단지","월세","21.9700","202506","19","3,276","14","21","2018","낙섬중로 129","202507~202706","갱신","-","2,830","13","아파트"
"42410","인천광역시 미추홀구 용현동","690","0690","0000","엘에이치미추홀3단지","월세","16.9800","202506","19","2,376","11","5","2018","낙섬중로 129","202507~202708","신규","-","","","아파트"
"42411","인천광역시 미추홀구 용현동","690","0690","0000","엘에이치미추홀3단지","월세","21.9700","202506","19","3,096","14","12","2018","낙섬중로 129","202507~202708","신규","-","","","아파트"
"42412","인천광역시 미추홀구 용현동","690","0690","0000","엘에이치미추홀3단지","월세","29.7800","202506","19","4,104","19","5","2018","낙섬중로 129","202507~202708","신규","-","","","아파트"
"42413","인천광역시 동구 송림동","348","0348","0000","동인천역파크푸르지오","월세","59.6045","202506","19","10,500","59","24","2023","화도진로 16","202507~202707","신규","-","","","아파트"
"42414","인천광역시 동구 송림동","339","0339","0000","풍림아이원","월세","84.9360","202506","19","3,000","100","15","2009","송미로 6","202507~202707","신규","-","","","아파트"
"42415","인천광역시 동구 송림동","339","0339","0000","풍림아이원","전세","59.9700","202506","19","21,500","0","11","2009","송미로 6","202508~202708","신규","-","","","아파트"
"42416","인천광역시 중구 운서동","2743-1","2743","0001","풍림아이원5단지","전세","59.9600","202506","19","16,500","0","3","2002","신도시북로43번길 83","202506~202706","갱신","-","16,500","0","아파트"
"42417","인천광역시 중구 운서동","2744-1","2744","0001","풍림아이원2단지2차","월세","84.7040","202506","19","1,000","90","2","2002","신도시북로43번길 12","202508~202708","갱신","사용","1,000","85","아파트"
"42418","인천광역시 중구 운서동","2788-6","2788","0006","영종주공스카이빌10단지","월세","59.6400","202506","19","2,000","85","1","2001","흰바위로 34","202507~202707","신규","-","","","아파트"
"42419","인천광역시 미추홀구 용현동","690","0690","0000","엘에이치미추홀3단지","월세","16.9800","202506","19","2,376","11","22","2018","낙섬중로 129","202507~202708","신규","-","","","아파트"
"42420","인천광역시 미추홀구 용현동","690","0690","0000","엘에이치미추홀3단지","월세","21.9700","202506","19","3,096","14","16","2018","낙섬중로 129","202507~202708","신규","-","","","아파트"
"42421","인천광역시 미추홀구 용현동","690","0690","0000","엘에이치미추홀3단지","월세","29.7800","202506","19","4,104","19","12","2018","낙섬중로 129","202507~202708","신규","-","","","아파트"
"42422","인천광역시 미추홀구 용현동","690","0690","0000","엘에이치미추홀3단지","월세","16.9800","202506","19","2,376","11","19","2018","낙섬중로 129","202507~202708","신규","-","","","아파트"
"42423","인천광역시 미추홀구 용현동","690","0690","0000","엘에이치미추홀3단지","월세","16.9800","202506","19","2,244","10","10","2018","낙섬중로 129","202507~202708","신규","-","","","아파트"
"42424","인천광역시 미추홀구 용현동","690","0690","0000","엘에이치미추홀3단지","월세","29.7800","202506","19","4,104","19","21","2018","낙섬중로 129","202507~202708","신규","-","","","아파트"
"42425","인천광역시 미추홀구 용현동","690","0690","0000","엘에이치미추홀3단지","월세","16.9800","202506","19","2,376","11","22","2018","낙섬중로 129","202507~202708","신규","-","","","아파트"
"42426","인천광역시 미추홀구 용현동","690","0690","0000","엘에이치미추홀3단지","월세","29.7800","202506","19","4,104","19","26","2018","낙섬중로 129","202507~202708","신규","-","","","아파트"
"42427","인천광역시 미추홀구 용현동","690","0690","0000","엘에이치미추홀3단지","월세","29.7800","202506","19","4,104","19","20","2018","낙섬중로 129","202507~202708","신규","-","","","아파트"
"42428","인천광역시 미추홀구 용현동","690","0690","0000","엘에이치미추홀3단지","월세","21.9700","202506","19","3,096","14","9","2018","낙섬중로 129","202507~202708","신규","-","","","아파트"
"42429","인천광역시 미추홀구 용현동","690","0690","0000","엘에이치미추홀3단지","월세","21.9700","202506","19","3,096","14","25","2018","낙섬중로 129","202507~202708","신규","-","","","아파트"
"42430","인천광역시 미추홀구 용현동","690","0690","0000","엘에이치미추홀3단지","월세","29.7800","202506","19","4,104","19","13","2018","낙섬중로 129","202507~202708","신규","-","","","아파트"
"42431","인천광역시 미추홀구 용현동","690","0690","0000","엘에이치미추홀3단지","월세","21.9700","202506","19","3,096","14","24","2018","낙섬중로 129","202507~202708","신규","-","","","아파트"
"42432","인천광역시 미추홀구 용현동","690","0690","0000","엘에이치미추홀3단지","월세","16.9800","202506","19","2,376","11","14","2018","낙섬중로 129","202507~202708","신규","-","","","아파트"
"42433","인천광역시 미추홀구 용현동","690","0690","0000","엘에이치미추홀3단지","월세","29.7800","202506","19","3,876","18","21","2018","낙섬중로 129","202507~202708","신규","-","","","아파트"
"42434","인천광역시 중구 중산동","1872-1","1872","0001","영종신명스카이뷰주얼리","전세","57.0160","202506","19","14,332","0","4","2013","하늘달빛로 95","202508~202708","신규","-","","","아파트"
"42435","인천광역시 중구 중산동","1871-5","1871","0005","영종7단지엘에이치","월세","51.7000","202506","19","3,282","20","10","2012","은하수로 465","202507~202708","신규","-","","","아파트"
"42436","인천광역시 중구 운남동","1680-2","1680","0002","e편한세상영종하늘도시","월세","84.3203","202506","19","6,000","85","1","2018","숲쟁이로 12","202506~202706","신규","-","","","아파트"
"42437","인천광역시 중구 운서동","2748-1","2748","0001","풍림아이원2단지1차","전세","59.9919","202506","19","15,000","0","5","2002","영종대로27번길 40","202508~202707","신규","-","","","아파트"
"42438","인천광역시 미추홀구 도화동","1040","1040","0000","주안역미추홀더리브","월세","84.8397","202506","19","2,000","135","5","2023","경인로325번길 27","202507~202707","신규","-","","","아파트"
"42439","인천광역시 미추홀구 도화동","1011","1011","0000","더샵인천스카이타워1단지","전세","84.9353","202506","19","30,400","0","33","2020","숙골로88번길 12","202507~202707","갱신","사용","29,000","0","아파트"
"42440","인천광역시 미추홀구 도화동","550-7","0550","0007","세림펠리체","전세","36.6620","202506","19","11,970","0","6","2019","경인로 255","202507~202707","신규","-","","","아파트"
"42441","인천광역시 중구 중산동","1887-5","1887","0005","영종49단지행복주택","월세","26.2900","202506","19","2,448","12","25","2020","두미포로 140","202507~202708","신규","-","","","아파트"
"42442","인천광역시 중구 운서동","3102-1","3102","0001","영종엘에이치2단지","월세","36.2100","202506","19","4,080","19","13","2018","영종대로252번길 12","202507~202708","신규","-","","","아파트"
"42443","인천광역시 중구 중산동","1887-5","1887","0005","영종49단지행복주택","월세","26.2900","202506","19","2,448","12","21","2020","두미포로 140","202507~202708","신규","-","","","아파트"
"42444","인천광역시 중구 중산동","1887-5","1887","0005","영종49단지행복주택","월세","36.4700","202506","19","3,528","18","25","2020","두미포로 140","202507~202708","신규","-","","","아파트"
"42445","인천광역시 중구 운서동","3102-1","3102","0001","영종엘에이치2단지","월세","22.4100","202506","19","2,188","11","8","2018","영종대로252번길 12","202508~202707","갱신","-","2,124","11","아파트"
"42446","인천광역시 중구 운서동","3102-1","3102","0001","영종엘에이치2단지","월세","16.5700","202506","19","1,656","8","5","2018","영종대로252번길 12","202507~202708","신규","-","","","아파트"
"42447","인천광역시 중구 중산동","1913-1","1913","0001","영종엘에이치67단지","월세","37.3300","202506","19","914","29","14","2022","두미포로 244","202507~202708","갱신","-","3,514","22","아파트"
"42448","인천광역시 미추홀구 도화동","1011","1011","0000","더샵인천스카이타워1단지","전세","84.9823","202506","19","30,450","0","23","2020","숙골로88번길 12","202507~202707","갱신","사용","29,000","0","아파트"
"42449","인천광역시 미추홀구 학익동","711-3","0711","0003","현광1차","전세","58.6650","202506","19","15,000","0","15","2000","한나루로357번길 165","202507~202707","갱신","사용","15,000","0","아파트"
"42450","인천광역시 미추홀구 학익동","595-28","0595","0028","시티오씨엘4단지","월세","74.9500","202506","19","3,000","120","3","2025","학익로 30","202507~202707","신규","-","","","아파트"
"42451","인천광역시 미추홀구 학익동","595-28","0595","0028","시티오씨엘4단지","월세","74.9500","202506","19","2,500","125","3","2025","학익로 30","202507~202707","신규","-","","","아파트"
"42452","인천광역시 중구 운남동","1709-1","1709","0001","영종베르힐스카이시티","월세","84.6853","202506","19","10,000","80","13","2024","찬들로 141","202507~202707","신규","-","","","아파트"
"42453","인천광역시 중구 운서동","3102-1","3102","0001","영종엘에이치2단지","월세","36.2100","202506","19","3,672","17","19","2018","영종대로252번길 12","202507~202708","신규","-","","","아파트"
"42454","인천광역시 중구 송월동1가","10-1","0010","0001","송월","월세","56.1000","202506","19","1,000","32","5","1980","참외전로 13","202506~202706","신규","-","","","아파트"
"42455","인천광역시 중구 신흥동3가","7-235","0007","0235","신흥아이파크","월세","59.9040","202506","19","2,000","70","7","2002","인항로 30","202508~202708","신규","-","","","아파트"
"42456","인천광역시 중구 중산동","1913-1","1913","0001","영종엘에이치67단지","월세","37.3300","202506","19","3,514","22","14","2022","두미포로 244","202507~202708","신규","-","","","아파트"
"42457","인천광역시 중구 운서동","3102-1","3102","0001","영종엘에이치2단지","월세","36.2100","202506","19","4,080","19","8","2018","영종대로252번길 12","202507~202708","신규","-","","","아파트"
"42458","인천광역시 중구 운서동","3102-1","3102","0001","영종엘에이치2단지","월세","22.4100","202506","19","2,268","11","5","2018","영종대로252번길 12","202507~202708","신규","-","","","아파트"
"42459","인천광역시 중구 운서동","3102-1","3102","0001","영종엘에이치2단지","월세","36.2100","202506","19","4,080","19","9","2018","영종대로252번길 12","202507~202708","신규","-","","","아파트"
"42460","인천광역시 중구 운남동","1778","1778","0000","운서역푸르지오더스카이","월세","84.8300","202506","19","11,900","31","23","2021","흰바위로 277","202509~202709","갱신","-","11,900","29","아파트"
"42461","인천광역시 중구 운남동","1778","1778","0000","운서역푸르지오더스카이","월세","84.5100","202506","19","11,900","30","17","2021","흰바위로 277","202509~202709","갱신","-","11,900","29","아파트"
"42462","인천광역시 중구 운남동","1778","1778","0000","운서역푸르지오더스카이","월세","84.8300","202506","19","8,000","42","8","2021","흰바위로 277","202509~202709","갱신","-","8,000","40","아파트"
"42463","인천광역시 중구 운남동","1778","1778","0000","운서역푸르지오더스카이","월세","84.8300","202506","19","11,900","31","12","2021","흰바위로 277","202508~202708","갱신","-","11,900","29","아파트"
"42464","인천광역시 중구 운남동","1778","1778","0000","운서역푸르지오더스카이","월세","84.8300","202506","19","11,900","31","14","2021","흰바위로 277","202509~202708","갱신","-","11,900","29","아파트"
"42465","인천광역시 미추홀구 용현동","574-7","0574","0007","금동(3동)","월세","45.0000","202506","19","1,000","45","2","2003","아암대로 37","202507~202707","신규","-","","","아파트"
"42466","인천광역시 중구 중산동","1871-5","1871","0005","영종7단지엘에이치","월세","29.7500","202506","19","1,262","8","3","2012","은하수로 465","202507~202708","신규","-","","","아파트"
"42467","인천광역시 중구 중산동","1871-5","1871","0005","영종7단지엘에이치","월세","51.7000","202506","19","3,282","20","4","2012","은하수로 465","202507~202708","신규","-","","","아파트"
"42468","인천광역시 중구 중산동","1871-1","1871","0001","e편한세상영종국제도시센텀베뉴","월세","98.0425","202506","19","3,000","160","11","2023","하늘달빛로 139","202508~202708","신규","-","","","아파트"
"42469","인천광역시 중구 중산동","1887-4","1887","0004","e편한세상영종국제도시오션하임","전세","84.9777","202506","19","18,000","0","16","2018","두미포로 112","202507~202707","갱신","사용","18,000","0","아파트"
"42470","인천광역시 중구 중산동","1872-1","1872","0001","영종신명스카이뷰주얼리","전세","56.6190","202506","19","20,000","0","20","2013","하늘달빛로 95","202507~202707","신규","-","","","아파트"
"42471","인천광역시 중구 중산동","1871-1","1871","0001","e편한세상영종국제도시센텀베뉴","월세","98.0425","202506","19","3,000","160","11","2023","하늘달빛로 139","-","-","-","","","아파트"
"42472","인천광역시 중구 중산동","1889-2","1889","0002","영종국제도시화성파크드림","전세","84.7363","202506","19","27,000","0","24","2019","하늘별빛로 112","202507~202707","신규","-","","","아파트"
"42473","인천광역시 중구 중산동","1887-4","1887","0004","e편한세상영종국제도시오션하임","전세","84.9777","202506","19","29,000","0","12","2018","두미포로 112","202507~202707","신규","-","","","아파트"
"42474","인천광역시 중구 운서동","3102-1","3102","0001","영종엘에이치2단지","월세","16.5700","202506","19","1,656","8","10","2018","영종대로252번길 12","202507~202708","신규","-","","","아파트"
"42475","인천광역시 중구 운서동","3102-1","3102","0001","영종엘에이치2단지","월세","36.2100","202506","19","4,080","19","7","2018","영종대로252번길 12","202507~202708","신규","-","","","아파트"
"42476","인천광역시 중구 운서동","3102-1","3102","0001","영종엘에이치2단지","월세","16.5700","202506","19","1,656","8","7","2018","영종대로252번길 12","202507~202708","신규","-","","","아파트"
"42477","인천광역시 중구 운서동","3102-1","3102","0001","영종엘에이치2단지","월세","16.5700","202506","19","1,564","7","17","2018","영종대로252번길 12","202507~202708","신규","-","","","아파트"
"42478","인천광역시 중구 운서동","3102-1","3102","0001","영종엘에이치2단지","월세","26.6400","202506","19","2,812","13","2","2018","영종대로252번길 12","202507~202708","신규","-","","","아파트"
"42479","인천광역시 중구 운서동","3102-1","3102","0001","영종엘에이치2단지","월세","22.8400","202506","19","2,304","11","18","2018","영종대로252번길 12","202507~202708","신규","-","","","아파트"
"42480","인천광역시 중구 운서동","3085-1","3085","0001","영종유승한내들스카이2차","월세","83.0447","202506","19","22,000","25","11","2025","영종대로277번길 47-9","-","-","-","","","아파트"
"42481","인천광역시 중구 운서동","3103-9","3103","0009","영종1단지엘에이치","월세","36.3400","202506","19","1,757","11","14","2012","영종대로278번길 50","202507~202708","신규","-","","","아파트"
"42482","인천광역시 중구 운서동","3102-1","3102","0001","영종엘에이치2단지","월세","36.2100","202506","19","4,080","19","13","2018","영종대로252번길 12","202507~202708","신규","-","","","아파트"
"42483","인천광역시 중구 중산동","1871-5","1871","0005","영종7단지엘에이치","월세","36.3400","202506","19","1,641","10","14","2012","은하수로 465","202507~202708","신규","-","","","아파트"
"42484","인천광역시 미추홀구 도화동","1009","1009","0000","e편한세상도화6-1단지","월세","72.8400","202506","19","6,254","51","11","2018","숙골로88번길 46","202507~202707","갱신","-","6,254","51","아파트"
"42485","인천광역시 미추홀구 도화동","1009","1009","0000","e편한세상도화6-1단지","월세","72.1400","202506","19","9,381","43","21","2018","숙골로88번길 46","202507~202707","갱신","-","9,381","43","아파트"
"42486","인천광역시 중구 중산동","1913-1","1913","0001","영종엘에이치67단지","월세","37.3300","202506","19","3,514","22","10","2022","두미포로 244","202507~202708","신규","-","","","아파트"
"42487","인천광역시 미추홀구 도화동","1009","1009","0000","e편한세상도화6-1단지","월세","72.1400","202506","19","6,072","49","26","2018","숙골로88번길 46","202507~202707","갱신","-","6,072","49","아파트"
"42488","인천광역시 미추홀구 용현동","573-2","0573","0002","용현대우","전세","84.9700","202506","19","21,500","0","14","2001","아암대로29번길 13","202508~202708","신규","-","","","아파트"
"42489","인천광역시 서구 마전동","999-18","0999","0018","검단2차풍림아이원","전세","84.8495","202506","19","23,000","0","11","2005","완정로64번길 23","202508~202708","신규","-","","","아파트"
"42490","인천광역시 서구 가좌동","7","0007","0000","한신휴플러스","월세","59.9900","202506","19","3,144","39","7","2007","건지로 402","202508~202702","갱신","-","3,455","43","아파트"
"42491","인천광역시 계양구 계산동","36","0036","0000","태산","전세","42.3300","202506","19","8,000","0","6","1990","계산새로33번길 26","202509~202708","신규","-","","","아파트"
"42492","인천광역시 서구 가정동","597-1","0597","0001","루원더퍼스트","월세","59.9600","202506","19","3,000","100","12","2019","봉오재2로 13","202507~202707","신규","-","","","아파트"
"42493","인천광역시 서구 가정동","604-1","0604","0001","가정엘에이치3단지(국민임대)","월세","59.8100","202506","19","9,624","20","8","2012","봉오재3로 14","202507~202706","갱신","-","4,974","41","아파트"
"42494","인천광역시 서구 당하동","1318-8","1318","0008","검단신도시모아미래도엘리트파크","전세","84.6561","202506","19","31,000","0","17","2022","서로3로 50","202508~202708","신규","-","","","아파트"
"42495","인천광역시 서구 당하동","1327-1","1327","0001","인천검단엘에이치36단지","월세","46.0300","202506","19","3,893","30","4","2023","독정로 111","202509~202708","신규","-","","","아파트"
"42496","인천광역시 서구 검암동","595-3","0595","0003","서해그랑블","전세","84.9634","202506","19","28,300","0","7","2003","승학로495번길 7","202507~202707","갱신","사용","27,000","0","아파트"
"42497","인천광역시 서구 검암동","595-3","0595","0003","서해그랑블","월세","69.6616","202506","19","3,000","120","17","2003","승학로495번길 7","202507~202707","신규","-","","","아파트"
"42498","인천광역시 계양구 방축동","235","0235","0000","계양하늘채파크포레","월세","59.8946","202506","19","5,000","110","13","2023","박촌로 19","202507~202707","신규","-","","","아파트"
"42499","인천광역시 계양구 계산동","18-13","0018","0013","팬더1","전세","40.7600","202506","19","8,500","0","5","1989","경명대로1142번길 7","202507~202707","신규","-","","","아파트"
"42500","인천광역시 계양구 계산동","753","0753","0000","서해2","전세","58.1400","202506","19","12,600","0","5","1990","계산로 18-1","202509~202709","신규","-","","","아파트"
"42501","인천광역시 계양구 계산동","18-4","0018","0004","팬더2","전세","40.7600","202506","19","8,000","0","6","1989","경명대로1142번길 15","202508~202708","신규","-","","","아파트"
"42502","인천광역시 계양구 계산동","1084-3","1084","0003","은행마을(태산)","월세","100.5900","202506","19","23,000","25","2","1997","오조산로62번길 10","202508~202708","신규","-","","","아파트"
"42503","인천광역시 서구 심곡동","259-2","0259","0002","극동늘푸른","전세","84.8600","202506","19","20,000","0","5","1997","승학로 198","202507~202707","갱신","-","18,000","0","아파트"
"42504","인천광역시 서구 당하동","1327-1","1327","0001","인천검단엘에이치36단지","월세","46.1800","202506","19","7,306","13","21","2023","독정로 111","202509~202708","갱신","-","3,792","29","아파트"
"42505","인천광역시 계양구 계산동","20","0020","0000","주공","월세","36.1600","202506","19","500","45","14","1990","경명대로1142번길 3","202506~202706","신규","-","","","아파트"
"42506","인천광역시 서구 당하동","1272-4","1272","0004","인천검단엘에이치13단지","월세","29.3700","202506","19","769","19","6","2022","서로3로 49","202505~202706","갱신","-","1,569","17","아파트"
"42507","인천광역시 계양구 계산동","36","0036","0000","태산","월세","54.5400","202506","19","1,000","60","3","1990","계산새로33번길 26","202507~202707","신규","-","","","아파트"
"42508","인천광역시 서구 당하동","1327-1","1327","0001","인천검단엘에이치36단지","월세","37.0400","202506","19","5,087","9","13","2023","독정로 111","202509~202708","갱신","-","2,415","22","아파트"
"42509","인천광역시 서구 마전동","1003-1","1003","0001","동아","전세","84.9000","202506","19","22,000","0","7","1999","완정로34번길 20","202505~202705","갱신","사용","22,000","0","아파트"
"42510","인천광역시 서구 마전동","1123-1","1123","0001","검단2차우방아이유쉘","전세","59.9375","202506","19","24,150","0","15","2018","완정로 126","202507~202707","신규","-","","","아파트"
"42511","인천광역시 계양구 작전동","915-1","0915","0001","까치마을태화","전세","37.3800","202506","19","12,500","0","17","1997","효서로 393","202507~202707","갱신","-","12,000","0","아파트"
"42512","인천광역시 계양구 작전동","915-1","0915","0001","까치마을태화","전세","37.3800","202506","19","12,500","0","6","1997","효서로 393","202507~202707","갱신","-","12,000","0","아파트"
"42513","인천광역시 계양구 작전동","912-5","0912","0005","도두리마을대동","전세","59.8400","202506","19","22,000","0","5","1997","도두리로 74","202506~202706","갱신","-","21,000","0","아파트"
"42514","인천광역시 서구 가좌동","7","0007","0000","한신휴플러스","전세","59.9900","202506","19","15,724","0","3","2007","건지로 402","202508~202708","갱신","-","17,277","0","아파트"
"42515","인천광역시 서구 마전동","997-3","0997","0003","검단힐스테이트","월세","69.8251","202506","19","2,000","100","3","2007","완정로92번길 11","202508~202708","신규","-","","","아파트"
"42516","인천광역시 서구 신현동","304-1","0304","0001","루원시티 대성베르힐","전세","75.7336","202506","19","23,000","0","19","2017","봉오재1로 15","202508~202708","신규","-","","","아파트"
"42517","인천광역시 서구 당하동","1327-1","1327","0001","인천검단엘에이치36단지","월세","37.9700","202506","19","2,549","23","17","2023","독정로 111","202509~202708","갱신","-","2,474","22","아파트"
"42518","인천광역시 계양구 효성동","677","0677","0000","e편한세상 계양 더프리미어","전세","84.9299","202506","19","43,000","0","8","2021","효서로 145","202507~202707","갱신","-","41,000","0","아파트"
"42519","인천광역시 서구 백석동","가-","0000","0000","검암역로열파크씨티푸르지오2단지","월세","84.9785","202506","19","5,000","170","19","2023","한들로 73","202508~202608","신규","-","","","아파트"
"42520","인천광역시 서구 신현동","304-1","0304","0001","루원시티 대성베르힐","전세","75.7336","202506","19","23,000","0","19","2017","봉오재1로 15","202508~202708","신규","-","","","아파트"
"42521","인천광역시 계양구 작전동","915-1","0915","0001","까치마을한진","전세","37.3800","202506","19","12,400","0","1","1997","효서로 393","202507~202707","갱신","-","12,000","0","아파트"
"42522","인천광역시 계양구 작전동","949","0949","0000","작전역서해그랑블","월세","59.9930","202506","19","3,000","110","8","2020","아나지로247번길 22","202507~202707","신규","-","","","아파트"
"42523","인천광역시 계양구 효성동","200-1","0200","0001","현대4","월세","59.6100","202506","19","10,000","40","12","1995","새벌로112번길 12","202507~202703","신규","-","","","아파트"
"42524","인천광역시 계양구 효성동","200-1","0200","0001","현대4","월세","59.4000","202506","19","5,000","70","18","1995","새벌로112번길 12","202507~202707","신규","-","","","아파트"
"42525","인천광역시 부평구 부평동","124-32","0124","0032","갤럭시","월세","49.9700","202506","19","2,000","70","3","2015","장제로 160","202507~202707","신규","-","","","아파트"
"42526","인천광역시 남동구 논현동","563-3","0563","0003","주공2단지","전세","83.8400","202506","19","24,000","0","16","1998","함박뫼로 439","202507~202707","신규","-","","","아파트"
"42527","인천광역시 남동구 논현동","749-1","0749","0001","논현센트럴뷰","전세","59.8400","202506","19","31,500","0","14","2014","논고개로68번길 34","202508~202708","신규","-","","","아파트"
"42528","인천광역시 남동구 논현동","740-2","0740","0002","소래휴먼시아3단지","월세","46.8000","202506","19","2,968","25","5","2010","앵고개로815번길 22","202506~202708","신규","-","","","아파트"
"42529","인천광역시 남동구 논현동","740-1","0740","0001","소래휴먼시아1단지","월세","36.6200","202506","19","2,002","19","8","2011","앵고개로815번길 70","202506~202708","신규","-","","","아파트"
"42530","인천광역시 남동구 논현동","633-1","0633","0001","논현휴먼시아달맞이마을(5단지)","월세","46.5500","202506","19","2,358","27","2","2007","논현로 105","202506~202708","신규","-","","","아파트"
"42531","인천광역시 남동구 논현동","603-1","0603","0001","휴먼시아동산마을","전세","84.6000","202506","19","29,000","0","21","2006","소래역로 119","202508~202708","신규","-","","","아파트"
"42532","인천광역시 남동구 논현동","600-1","0600","0001","주공12단지(산뒤마을)","월세","46.5200","202506","19","2,330","27","9","2005","청능대로715번길 59","202506~202708","신규","-","","","아파트"
"42533","인천광역시 남동구 논현동","599-1","0599","0001","주공14단지(등대마을)","월세","39.7900","202506","19","1,993","23","14","2006","청능대로715번길 22","202506~202708","신규","-","","","아파트"
"42534","인천광역시 남동구 논현동","599-1","0599","0001","주공14단지(등대마을)","월세","46.8100","202506","19","2,357","27","18","2006","청능대로715번길 22","202506~202708","신규","-","","","아파트"
"42535","인천광역시 남동구 논현동","599-1","0599","0001","주공14단지(등대마을)","월세","39.7900","202506","19","1,993","23","2","2006","청능대로715번길 22","202506~202708","신규","-","","","아파트"
"42536","인천광역시 남동구 논현동","599-1","0599","0001","주공14단지(등대마을)","월세","39.7900","202506","19","1,993","23","12","2006","청능대로715번길 22","202506~202708","신규","-","","","아파트"
"42537","인천광역시 남동구 논현동","599-1","0599","0001","주공14단지(등대마을)","월세","39.7900","202506","19","1,993","23","3","2006","청능대로715번길 22","202506~202708","신규","-","","","아파트"
"42538","인천광역시 남동구 논현동","599-1","0599","0001","주공14단지(등대마을)","월세","46.8100","202506","19","2,357","27","5","2006","청능대로715번길 22","202506~202708","신규","-","","","아파트"
"42539","인천광역시 남동구 논현동","599-1","0599","0001","주공14단지(등대마을)","월세","46.8100","202506","19","2,357","27","11","2006","청능대로715번길 22","202506~202708","신규","-","","","아파트"
"42540","인천광역시 부평구 부평동","938","0938","0000","부평LH2단지","월세","108.6200","202506","19","4,000","120","2","2012","동수로120번길 43","202507~202707","신규","-","","","아파트"
"42541","인천광역시 부평구 갈산동","171-5","0171","0005","정광","월세","43.7000","202506","19","500","55","2","1990","평천로306번길 27","202507~202707","신규","-","","","아파트"
"42542","인천광역시 부평구 갈산동","359","0359","0000","주공1단지","전세","41.3000","202506","19","15,000","0","8","1992","굴포로 81","202507~202707","신규","-","","","아파트"
"42543","인천광역시 부평구 갈산동","369","0369","0000","한국1,동아,팬더","전세","84.3600","202506","19","23,000","0","12","1993","갈월동로 40","202506~202706","갱신","-","22,000","0","아파트"
"42544","인천광역시 부평구 부평동","577-2","0577","0002","퍼스트City56","월세","49.7200","202506","19","2,000","80","9","2015","대정로 76","202506~202706","신규","-","","","아파트"
"42545","인천광역시 부평구 십정동","607","0607","0000","동암신동아","전세","59.8000","202506","19","22,000","0","20","2000","아트센터로 118","202509~202805","신규","-","","","아파트"
"42546","인천광역시 부평구 십정동","182-95","0182","0095","대주파크빌","월세","84.5030","202506","19","3,000","115","8","2001","마장로 49","202507~202707","신규","-","","","아파트"
"42547","인천광역시 부평구 삼산동","448-1","0448","0001","신성미소지움3단지","전세","101.4800","202506","19","42,000","0","7","2005","수변로 334","202509~202709","신규","-","","","아파트"
"42548","인천광역시 부평구 삼산동","512","0512","0000","삼산3휴먼시아1단지","월세","46.9000","202506","19","3,272","26","7","2010","영성동로18번길 19","202507~202708","신규","-","","","아파트"
"42549","인천광역시 부평구 삼산동","388-7","0388","0007","삼산주공미래타운2차","전세","49.4000","202506","19","18,000","0","20","2000","부평북로 432","202509~202709","신규","-","","","아파트"
"42550","인천광역시 부평구 산곡동","519","0519","0000","쌍용더플래티넘부평","전세","84.8200","202506","19","39,000","0","5","2022","원적로287번길 25","202508~202708","신규","-","","","아파트"
"42551","인천광역시 남동구 논현동","740-2","0740","0002","소래휴먼시아3단지","월세","36.6200","202506","19","1,965","20","1","2010","앵고개로815번길 22","202506~202708","신규","-","","","아파트"
"42552","인천광역시 남동구 논현동","643-1","0643","0001","논현휴먼시아범마을(2단지)","월세","46.9000","202506","19","2,559","28","8","2008","은봉로166번길 27","202506~202707","신규","-","","","아파트"
"42553","인천광역시 남동구 논현동","600-1","0600","0001","주공12단지(산뒤마을)","월세","46.5200","202506","19","5,331","12","13","2005","청능대로715번길 59","202508~202707","갱신","-","5,226","11","아파트"
"42554","인천광역시 남동구 논현동","599-1","0599","0001","주공14단지(등대마을)","월세","39.7900","202506","19","1,993","23","3","2006","청능대로715번길 22","202506~202708","신규","-","","","아파트"
"42555","인천광역시 남동구 논현동","773-1","0773","0001","에코메트로10","월세","117.9920","202506","19","5,000","170","9","2010","아암대로1503번길 21","202509~202709","신규","-","","","아파트"
"42556","인천광역시 부평구 부평동","161-12","0161","0012","현대렉스힐","월세","38.9800","202506","19","1,000","60","11","2013","동수천로 1","202506~202606","갱신","사용","9,500","0","아파트"
"42557","인천광역시 남동구 논현동","764-4","0764","0004","논현유승한내들","전세","56.1574","202506","19","28,000","0","17","2018","에코중앙로66번길 6","202507~202707","신규","-","","","아파트"
"42558","인천광역시 남동구 논현동","764-4","0764","0004","논현유승한내들","전세","56.8743","202506","19","25,200","0","27","2018","에코중앙로66번길 6","202508~202708","갱신","사용","24,000","0","아파트"
"42559","인천광역시 남동구 논현동","618-1","0618","0001","논현신일해피트리","전세","116.8040","202506","19","40,000","0","22","2007","은봉로 288","202507~202707","갱신","-","34,650","0","아파트"
"42560","인천광역시 부평구 부개동","499-2","0499","0002","푸른마을한신,삼부","월세","134.9650","202506","19","5,000","147","8","1999","부개로 58","202507~202706","신규","-","","","아파트"
"42561","인천광역시 부평구 부개동","494-1","0494","0001","대동(494-1)","전세","84.9400","202506","19","26,000","0","12","1991","부일로113번길 11","202507~202707","갱신","사용","25,000","0","아파트"
"42562","인천광역시 부평구 부개동","477-3","0477","0003","뉴서울","전세","39.4800","202506","19","13,500","0","8","1989","충선로 191","202509~202709","신규","-","","","아파트"
"42563","인천광역시 부평구 부평동","519-9","0519","0009","벨라루체","월세","41.1000","202506","19","500","80","9","2015","장제로 99","202506~202706","신규","-","","","아파트"
"42564","인천광역시 부평구 부평동","995","0995","0000","부평역화성파크드림","월세","84.7388","202506","19","4,000","150","28","2020","동수로 80","202508~202708","신규","-","","","아파트"
"42565","인천광역시 부평구 부평동","70-5","0070","0005","동아(1차)","전세","76.7400","202506","19","26,500","0","7","1988","부평문화로 37","202411~202611","갱신","사용","26,500","0","아파트"
"42566","인천광역시 부평구 부평동","70-5","0070","0005","동아(1차)","월세","52.4300","202506","19","2,000","75","7","1988","부평문화로 37","202507~202707","신규","-","","","아파트"
"42567","인천광역시 부평구 산곡동","180-116","0180","0116","삼보","월세","57.4200","202506","19","2,000","50","2","1985","원적로 288","202507~202707","신규","-","","","아파트"
"42568","인천광역시 서구 원당동","1018","1018","0000","검단신도시푸르지오더베뉴","전세","84.9300","202506","19","36,500","0","10","2021","이음6로 33","202511~202711","갱신","사용","35,000","0","아파트"
"42569","인천광역시 서구 청라동","82-1","0082","0001","청라모아미래도","월세","71.0928","202506","19","3,000","145","15","2018","비즈니스로 165","202507~202707","신규","-","","","아파트"
"42570","인천광역시 서구 청라동","82-1","0082","0001","청라모아미래도","월세","71.0928","202506","19","3,000","145","15","2018","비즈니스로 165","-","-","-","","","아파트"
"42571","인천광역시 강화군 선원면 창리","714","0714","0000","강화서희스타힐스1단지","월세","71.9635","202506","19","2,500","65","15","2024","중앙로 162-31","202507~202707","신규","-","","","아파트"
"42572","인천광역시 서구 청라동","107-1","0107","0001","청라한라비발디","전세","113.9149","202506","19","33,000","0","22","2011","청라한울로 17","202508~202608","갱신","-","33,000","0","아파트"
"42573","인천광역시 서구 청라동","103-2","0103","0002","청라골드클래스","전세","117.1169","202506","19","37,000","0","8","2012","청라사파이어로 158","202508~202708","신규","-","","","아파트"
"42574","인천광역시 서구 청라동","83-1","0083","0001","청라국제업무단지센텀대광로제비앙","월세","82.9117","202506","19","17,500","80","7","2018","비즈니스로 166","202507~202707","신규","-","","","아파트"
"42575","인천광역시 서구 왕길동","295-1","0295","0001","유승","전세","84.9600","202506","19","17,000","0","5","2000","단봉로 12","202508~202708","신규","-","","","아파트"
"42576","인천광역시 서구 원당동","823-1","0823","0001","원당LG자이(원당지구69BL1L)","전세","84.9511","202506","19","25,000","0","9","2004","원당대로839번길 34","202508~202708","신규","-","","","아파트"
"42577","인천광역시 서구 원당동","1014","1014","0000","검단신도시예미지트리플에듀","월세","102.8576","202506","19","5,000","107","14","2022","서로4로 89","202507~202708","신규","-","","","아파트"
"42578","인천광역시 서구 원당동","1022-1","1022","0001","우미린더시그니처","전세","74.0973","202506","19","37,500","0","7","2022","이음5로 39","202509~202709","신규","-","","","아파트"
"42579","인천광역시 서구 원당동","1022","1022","0000","호반써밋1차","월세","84.8981","202506","19","31,000","20","19","2021","이음5로 15","202509~202709","갱신","사용","31,000","0","아파트"
"42580","인천광역시 서구 청라동","150-1","0150","0001","대우푸르지오","월세","114.1040","202506","19","10,000","215","25","2013","크리스탈로102번길 25","202508~202708","신규","-","","","아파트"
"42581","인천광역시 서구 청라동","102-16","0102","0016","청라반도유보라2.0","월세","101.9765","202506","19","3,000","140","8","2012","비즈니스로 10","202507~202707","신규","-","","","아파트"
"42582","인천광역시 서구 청라동","156-1","0156","0001","청라센트럴에일린의뜰","전세","84.9704","202506","19","41,000","0","23","2018","청라커낼로 300","202508~202708","신규","-","","","아파트"
"42583","인천광역시 서구 청라동","154-1","0154","0001","청라더샵레이크파크","전세","106.8930","202506","19","52,500","0","48","2013","크리스탈로74번길 26","202507~202707","신규","-","","","아파트"
"42584","인천광역시 서구 왕길동","697-1","0697","0001","드림파크어울림1단지","전세","84.9025","202506","19","25,000","0","13","2010","봉화로 18","202507~202707","신규","-","","","아파트"
"42585","인천광역시 서구 오류동","1719-1","1719","0001","오류풍림아이원","전세","84.9800","202506","19","20,000","0","5","2011","봉화로 78","202507~202707","신규","-","","","아파트"
"42586","인천광역시 서구 불로동","316-1","0316","0001","퀸스타운(동성)","월세","84.9900","202506","19","2,000","80","3","1999","검단로 788","202508~202708","신규","-","","","아파트"
"42587","인천광역시 서구 불로동","1005-4","1005","0004","신검단중앙역풍경채어바니티","월세","84.9789","202506","19","5,000","125","8","2024","금정로 12","202507~202707","신규","-","","","아파트"
"42588","인천광역시 서구 불로동","1001","1001","0000","힐스테이트신검단센트럴","월세","99.7011","202506","19","3,000","130","3","2025","고산후로 249","202507~202707","신규","-","","","아파트"
"42589","인천광역시 서구 왕길동","295-1","0295","0001","유승","전세","84.9600","202506","19","17,000","0","5","2000","단봉로 12","202508~202708","신규","-","","","아파트"
"42590","인천광역시 서구 청라동","159-1","0159","0001","청라롯데캐슬","전세","141.1803","202506","18","42,000","0","8","2013","청라커낼로 252","202508~202708","신규","-","","","아파트"
"42591","인천광역시 서구 청라동","85-1","0085","0001","청라국제금융단지한양수자인레이크블루","전세","84.3477","202506","18","36,000","0","17","2019","청라한내로 132","202507~202707","신규","-","","","아파트"
"42592","인천광역시 서구 청라동","185-1","0185","0001","힐데스하임","전세","59.8871","202506","18","24,150","0","5","2011","청라라임로 17","202507~202707","갱신","사용","23,000","0","아파트"
"42593","인천광역시 서구 청라동","156-1","0156","0001","청라센트럴에일린의뜰","전세","84.9704","202506","18","33,600","0","6","2018","청라커낼로 300","202508~202708","갱신","사용","32,000","0","아파트"
"42594","인천광역시 서구 청라동","150-1","0150","0001","대우푸르지오","월세","94.7410","202506","18","6,000","190","14","2013","크리스탈로102번길 25","202506~202706","신규","-","","","아파트"
"42595","인천광역시 서구 청라동","164-1","0164","0001","청라 엑슬루타워","월세","102.6200","202506","18","3,000","190","49","2011","중봉대로586번길 22","202508~202708","신규","-","","","아파트"
"42596","인천광역시 서구 청라동","159-1","0159","0001","청라롯데캐슬","전세","141.1803","202506","18","35,000","0","8","2013","청라커낼로 252","202508~202708","신규","-","","","아파트"
"42597","인천광역시 서구 청라동","155-9","0155","0009","한일베라체","전세","104.3760","202506","18","34,000","0","12","2011","청라루비로 68","202507~202707","신규","-","","","아파트"
"42598","인천광역시 서구 청라동","185-1","0185","0001","힐데스하임","월세","59.9435","202506","18","2,000","120","18","2011","청라라임로 17","202506~202706","신규","-","","","아파트"
"42599","인천광역시 서구 청라동","185-1","0185","0001","힐데스하임","전세","59.8871","202506","18","24,150","0","5","2011","청라라임로 17","202507~202707","갱신","사용","23,000","0","아파트"
"42600","인천광역시 서구 청라동","156-1","0156","0001","청라센트럴에일린의뜰","전세","84.9834","202506","18","40,000","0","5","2018","청라커낼로 300","202509~202709","신규","-","","","아파트"
"42601","인천광역시 서구 청라동","155-9","0155","0009","한일베라체","전세","104.3760","202506","18","34,000","0","12","2011","청라루비로 68","202506~202707","신규","-","","","아파트"
"42602","인천광역시 서구 청라동","116-6","0116","0006","호반베르디움(116-6)","월세","84.9589","202506","18","3,000","137","18","2011","청라라임로 109","202509~202708","갱신","사용","3,000","130","아파트"
"42603","인천광역시 서구 청라동","185-1","0185","0001","힐데스하임","전세","59.9435","202506","18","24,150","0","5","2011","청라라임로 17","202507~202707","갱신","사용","23,000","0","아파트"
"42604","인천광역시 서구 청라동","159-1","0159","0001","청라롯데캐슬","전세","127.1200","202506","18","42,000","0","23","2013","청라커낼로 252","202507~202707","갱신","사용","40,000","0","아파트"
"42605","인천광역시 서구 청라동","155-9","0155","0009","한일베라체","전세","104.3760","202506","18","34,000","0","12","2011","청라루비로 68","202507~202707","신규","-","","","아파트"
"42606","인천광역시 서구 불로동","308","0308","0000","월드","월세","84.9300","202506","18","3,000","85","6","1998","검단로 836","202509~202709","신규","-","","","아파트"
"42607","인천광역시 서구 원당동","1094","1094","0000","인천검단엘에이치20단지","월세","36.6000","202506","18","6,440","8","13","2021","이음3로 220","202505~202708","갱신","-","4,440","20","아파트"
"42608","인천광역시 서구 원당동","1014","1014","0000","검단신도시예미지트리플에듀","전세","84.9227","202506","18","34,500","0","14","2022","서로4로 89","202508~202708","신규","-","","","아파트"
"42609","인천광역시 서구 원당동","1014","1014","0000","검단신도시예미지트리플에듀","전세","84.9227","202506","18","33,000","0","3","2022","서로4로 89","202508~202708","신규","-","","","아파트"
"42610","인천광역시 서구 금곡동","736-1","0736","0001","검단우방아이유쉘","월세","59.8184","202506","18","2,000","110","3","2017","완정로 208","202508~202708","신규","-","","","아파트"
"42611","인천광역시 중구 운서동","3103-9","3103","0009","영종1단지엘에이치","월세","59.8300","202506","18","4,517","27","4","2012","영종대로278번길 50","202507~202708","신규","-","","","아파트"
"42612","인천광역시 중구 운서동","3102-1","3102","0001","영종엘에이치2단지","월세","16.5700","202506","18","1,656","8","15","2018","영종대로252번길 12","202507~202708","신규","-","","","아파트"
"42613","인천광역시 중구 운서동","3102-1","3102","0001","영종엘에이치2단지","월세","16.5700","202506","18","1,656","8","14","2018","영종대로252번길 12","202507~202708","신규","-","","","아파트"
"42614","인천광역시 중구 운서동","3102-1","3102","0001","영종엘에이치2단지","월세","36.2100","202506","18","4,080","19","10","2018","영종대로252번길 12","202507~202708","신규","-","","","아파트"
"42615","인천광역시 미추홀구 도화동","557-1","0557","0001","동원","전세","47.0700","202506","18","11,000","0","4","1987","주안로 27","202508~202708","신규","-","","","아파트"
"42616","인천광역시 미추홀구 도화동","1009","1009","0000","e편한세상도화6-1단지","월세","59.7900","202506","18","9,108","34","22","2018","숙골로88번길 46","202508~202708","갱신","-","9,108","34","아파트"
"42617","인천광역시 미추홀구 도화동","1004","1004","0000","e편한세상도화5단지","월세","84.9100","202506","18","13,662","38","7","2018","숙골로112번길 11","202507~202707","갱신","-","13,662","38","아파트"
"42618","인천광역시 미추홀구 학익동","683-2","0683","0002","대동2","전세","50.2700","202506","18","6,500","0","5","1988","매소홀로 404","202507~202707","신규","-","","","아파트"
"42619","인천광역시 미추홀구 학익동","681-6","0681","0006","하나아파트","월세","26.3950","202506","18","1,000","40","7","1997","매소홀로418번길 21","202506~202706","신규","-","","","아파트"
"42620","인천광역시 미추홀구 학익동","732-3","0732","0003","엑슬루타워","전세","59.7900","202506","18","24,000","0","8","2010","매소홀로309번길 32","202508~202708","신규","-","","","아파트"
"42621","인천광역시 미추홀구 학익동","732-3","0732","0003","엑슬루타워","전세","59.7900","202506","18","24,000","0","8","2010","매소홀로309번길 32","202508~202708","신규","-","","","아파트"
"42622","인천광역시 중구 중산동","1913-1","1913","0001","영종엘에이치67단지","월세","37.3300","202506","18","1,214","28","3","2022","두미포로 244","202507~202708","갱신","-","3,514","22","아파트"
"42623","인천광역시 중구 중산동","1913-1","1913","0001","영종엘에이치67단지","월세","37.3300","202506","18","3,514","22","18","2022","두미포로 244","202507~202708","신규","-","","","아파트"
"42624","인천광역시 중구 중산동","1913-1","1913","0001","영종엘에이치67단지","월세","37.3300","202506","18","3,514","22","3","2022","두미포로 244","202507~202708","신규","-","","","아파트"
"42625","인천광역시 중구 중산동","1913-1","1913","0001","영종엘에이치67단지","월세","46.0100","202506","18","5,384","28","17","2022","두미포로 244","202507~202708","신규","-","","","아파트"
"42626","인천광역시 중구 중산동","1913-1","1913","0001","영종엘에이치67단지","월세","37.3300","202506","18","3,514","22","17","2022","두미포로 244","202507~202708","신규","-","","","아파트"
"42627","인천광역시 중구 중산동","1913-1","1913","0001","영종엘에이치67단지","월세","37.3300","202506","18","3,514","22","16","2022","두미포로 244","202507~202708","신규","-","","","아파트"
"42628","인천광역시 중구 중산동","1913-1","1913","0001","영종엘에이치67단지","월세","37.3300","202506","18","3,514","22","5","2022","두미포로 244","202507~202708","신규","-","","","아파트"
"42629","인천광역시 중구 운서동","3103-9","3103","0009","영종1단지엘에이치","월세","46.1300","202506","18","2,886","17","5","2012","영종대로278번길 50","202507~202708","신규","-","","","아파트"
"42630","인천광역시 중구 운서동","3102-1","3102","0001","영종엘에이치2단지","월세","16.5700","202506","18","1,564","7","9","2018","영종대로252번길 12","202507~202708","신규","-","","","아파트"
"42631","인천광역시 중구 운서동","3102-1","3102","0001","영종엘에이치2단지","월세","36.2100","202506","18","3,672","17","8","2018","영종대로252번길 12","202507~202708","신규","-","","","아파트"
"42632","인천광역시 중구 운서동","3102-1","3102","0001","영종엘에이치2단지","월세","36.2100","202506","18","4,080","19","16","2018","영종대로252번길 12","202507~202708","신규","-","","","아파트"
"42633","인천광역시 중구 운서동","3099-4","3099","0004","운서역반도유보라퍼스티지","전세","84.8964","202506","18","33,000","0","9","2022","영종대로196번길 15-25","202507~202707","신규","-","","","아파트"
"42634","인천광역시 중구 운서동","2923","2923","0000","영종어울림1차","월세","126.2800","202506","18","3,500","110","9","2009","운서4로 18","202509~202709","신규","-","","","아파트"
"42635","인천광역시 중구 중산동","1887-5","1887","0005","영종49단지행복주택","월세","36.4700","202506","18","3,332","17","20","2020","두미포로 140","202507~202708","신규","-","","","아파트"
"42636","인천광역시 중구 중산동","1887-5","1887","0005","영종49단지행복주택","월세","26.2900","202506","18","2,448","12","17","2020","두미포로 140","202507~202708","신규","-","","","아파트"
"42637","인천광역시 중구 중산동","1887-5","1887","0005","영종49단지행복주택","월세","26.2900","202506","18","2,448","12","12","2020","두미포로 140","202507~202708","신규","-","","","아파트"
"42638","인천광역시 중구 중산동","1871-3","1871","0003","하늘도시우미린2단지","전세","84.7834","202506","18","24,000","0","4","2012","하늘달빛로 113","202507~202707","갱신","-","19,000","0","아파트"
"42639","인천광역시 중구 중산동","1887-1","1887","0001","영종하늘도시한라비발디","전세","101.7629","202506","18","21,000","0","21","2012","하늘별빛로 86","202506~202706","갱신","사용","20,000","0","아파트"
"42640","인천광역시 중구 운서동","3099-4","3099","0004","운서역반도유보라퍼스티지","전세","84.8964","202506","18","33,000","0","9","2022","영종대로196번길 15-25","202507~202707","신규","-","","","아파트"
"42641","인천광역시 미추홀구 용현동","690","0690","0000","엘에이치미추홀3단지","월세","21.9700","202506","18","3,096","14","17","2018","낙섬중로 129","202507~202708","신규","-","","","아파트"
"42642","인천광역시 미추홀구 용현동","690","0690","0000","엘에이치미추홀3단지","월세","29.7800","202506","18","4,104","19","5","2018","낙섬중로 129","202507~202708","신규","-","","","아파트"
"42643","인천광역시 미추홀구 용현동","690","0690","0000","엘에이치미추홀3단지","월세","21.9700","202506","18","3,096","14","5","2018","낙섬중로 129","202507~202708","신규","-","","","아파트"
"42644","인천광역시 미추홀구 용현동","690","0690","0000","엘에이치미추홀3단지","월세","29.7800","202506","18","4,104","19","19","2018","낙섬중로 129","202507~202708","신규","-","","","아파트"
"42645","인천광역시 미추홀구 용현동","690","0690","0000","엘에이치미추홀3단지","월세","29.7800","202506","18","3,876","18","13","2018","낙섬중로 129","202507~202708","신규","-","","","아파트"
"42646","인천광역시 미추홀구 용현동","690","0690","0000","엘에이치미추홀3단지","월세","21.9700","202506","18","3,370","7","4","2018","낙섬중로 129","202510~202709","갱신","-","2,301","12","아파트"
"42647","인천광역시 미추홀구 용현동","690","0690","0000","엘에이치미추홀3단지","월세","29.7800","202506","18","4,104","19","3","2018","낙섬중로 129","202507~202708","신규","-","","","아파트"
"42648","인천광역시 미추홀구 용현동","690","0690","0000","엘에이치미추홀3단지","월세","21.9700","202506","18","3,096","14","27","2018","낙섬중로 129","202507~202708","신규","-","","","아파트"
"42649","인천광역시 미추홀구 용현동","690","0690","0000","엘에이치미추홀3단지","월세","21.9700","202506","18","2,924","13","19","2018","낙섬중로 129","202507~202708","신규","-","","","아파트"
"42650","인천광역시 중구 운서동","3099-4","3099","0004","운서역반도유보라퍼스티지","전세","84.8964","202506","18","33,000","0","9","2022","영종대로196번길 15-25","202507~202707","신규","-","","","아파트"
"42651","인천광역시 동구 송현동","66-24","0066","0024","삼두2","월세","41.3100","202506","18","500","55","2","1987","화수로 21","202506~202606","신규","-","","","아파트"
"42652","인천광역시 중구 신흥동2가","54-5","0054","0005","삼익","월세","80.3000","202506","18","500","65","7","1979","인중로 97-1","202507~202707","신규","-","","","아파트"
"42653","인천광역시 동구 송림동","348","0348","0000","동인천역파크푸르지오","월세","59.8701","202506","18","8,500","66","12","2023","화도진로 16","202509~202709","갱신","-","8,500","66","아파트"
"42654","인천광역시 미추홀구 용현동","690","0690","0000","엘에이치미추홀3단지","월세","21.9700","202506","18","2,924","13","18","2018","낙섬중로 129","202507~202708","신규","-","","","아파트"
"42655","인천광역시 미추홀구 용현동","129-17","0129","0017","대진(129-17)","전세","73.5000","202506","18","12,000","0","6","2004","수봉남로6번길 52-10","202506~202706","신규","-","","","아파트"
"42656","인천광역시 미추홀구 용현동","690","0690","0000","엘에이치미추홀3단지","월세","21.9700","202506","18","596","21","14","2018","낙섬중로 129","202507~202708","갱신","-","3,096","14","아파트"
"42657","인천광역시 미추홀구 용현동","664","0664","0000","인천 SK Sky VIEW","전세","109.2162","202506","18","38,000","0","1","2016","용정공원로 33","202507~202707","신규","-","","","아파트"
"42658","인천광역시 미추홀구 용현동","690","0690","0000","엘에이치미추홀3단지","월세","21.9700","202506","18","3,096","14","8","2018","낙섬중로 129","202507~202708","신규","-","","","아파트"
"42659","인천광역시 미추홀구 용현동","690","0690","0000","엘에이치미추홀3단지","월세","21.9700","202506","18","3,096","14","14","2018","낙섬중로 129","202507~202708","신규","-","","","아파트"
"42660","인천광역시 미추홀구 용현동","690","0690","0000","엘에이치미추홀3단지","월세","16.9800","202506","18","2,244","10","10","2018","낙섬중로 129","202507~202708","신규","-","","","아파트"
"42661","인천광역시 중구 운서동","3103-9","3103","0009","영종1단지엘에이치","월세","36.3400","202506","18","457","14","9","2012","영종대로278번길 50","202507~202708","신규","-","","","아파트"
"42662","인천광역시 중구 운서동","2748-1","2748","0001","풍림아이원2단지1차","월세","59.9919","202506","18","1,000","80","4","2002","영종대로27번길 40","202504~202704","신규","-","","","아파트"
"42663","인천광역시 중구 운서동","3102-1","3102","0001","영종엘에이치2단지","월세","36.2100","202506","18","780","29","16","2018","영종대로252번길 12","202507~202708","갱신","-","4,080","19","아파트"
"42664","인천광역시 중구 운서동","3101-1","3101","0001","영종하늘도시유승한내들","월세","80.1472","202506","18","16,785","29","8","2019","영종대로252번길 38","-","-","-","","","아파트"
"42665","인천광역시 중구 중산동","1878-1","1878","0001","인천영종한양수자인","전세","59.1270","202506","18","17,000","0","5","2012","은하수로 377","202508~202708","신규","-","","","아파트"
"42666","인천광역시 미추홀구 학익동","744-1","0744","0001","힐스테이트학익","전세","84.9993","202506","18","37,000","0","16","2021","독배로251번길 24","202507~202707","신규","-","","","아파트"
"42667","인천광역시 미추홀구 학익동","678-3","0678","0003","동진","전세","54.5400","202506","18","9,000","0","6","1990","매소홀로438번길 8","202507~202707","신규","-","","","아파트"
"42668","인천광역시 미추홀구 학익동","산36-10","0036","0010","서원","전세","55.8660","202506","18","7,500","0","2","1990","학익소로61번길 36-23","202507~202707","신규","-","","","아파트"
"42669","인천광역시 미추홀구 학익동","681-6","0681","0006","하나아파트","월세","26.3950","202506","18","1,000","40","7","1997","매소홀로418번길 21","202506~202706","신규","-","","","아파트"
"42670","인천광역시 중구 운남동","1778","1778","0000","운서역푸르지오더스카이","월세","62.6200","202506","18","3,000","42","8","2021","흰바위로 277","202509~202709","갱신","-","3,000","41","아파트"
"42671","인천광역시 중구 운남동","1778","1778","0000","운서역푸르지오더스카이","월세","84.5100","202506","18","11,900","30","11","2021","흰바위로 277","202509~202709","갱신","-","11,900","29","아파트"
"42672","인천광역시 중구 운남동","1778","1778","0000","운서역푸르지오더스카이","월세","84.8300","202506","18","3,000","56","9","2021","흰바위로 277","202509~202709","갱신","-","3,000","55","아파트"
"42673","인천광역시 중구 운남동","1778","1778","0000","운서역푸르지오더스카이","월세","84.8300","202506","18","11,900","31","14","2021","흰바위로 277","202508~202708","갱신","-","11,900","29","아파트"
"42674","인천광역시 중구 운남동","1778","1778","0000","운서역푸르지오더스카이","월세","84.6600","202506","18","3,000","49","6","2021","흰바위로 277","202509~202709","갱신","-","3,000","48","아파트"
"42675","인천광역시 중구 운남동","1680-2","1680","0002","e편한세상영종하늘도시","전세","84.8885","202506","18","28,000","0","21","2018","숲쟁이로 12","202507~202707","신규","-","","","아파트"
"42676","인천광역시 중구 운남동","1779","1779","0000","영종센트럴푸르지오자이","전세","84.7955","202506","18","20,000","0","16","2019","은하수로 412","202506~202706","갱신","-","17,000","0","아파트"
"42677","인천광역시 중구 운남동","1778","1778","0000","운서역푸르지오더스카이","월세","62.6200","202506","18","6,000","33","2","2021","흰바위로 277","202509~202709","갱신","-","6,000","32","아파트"
"42678","인천광역시 중구 운남동","1778","1778","0000","운서역푸르지오더스카이","월세","74.6600","202506","18","7,000","38","5","2021","흰바위로 277","202509~202709","갱신","-","7,000","36","아파트"
"42679","인천광역시 중구 운남동","1766-2","1766","0002","영종국제도시화성파크드림2차","월세","64.3367","202506","18","2,000","90","5","2022","은하수로 436","202503~202703","갱신","-","2,000","80","아파트"
"42680","인천광역시 중구 중산동","1871-5","1871","0005","영종7단지엘에이치","월세","36.3400","202506","18","1,641","10","8","2012","은하수로 465","202507~202708","신규","-","","","아파트"
"42681","인천광역시 중구 중산동","1888-1","1888","0001","호반써밋스카이센트럴","월세","74.5850","202506","18","3,000","120","10","2022","두미포로 113","202508~202607","신규","-","","","아파트"
"42682","인천광역시 중구 중산동","1887-1","1887","0001","영종하늘도시한라비발디","전세","101.7629","202506","18","21,000","0","21","2012","하늘별빛로 86","202506~202706","갱신","사용","20,000","0","아파트"
"42683","인천광역시 중구 중산동","1871-5","1871","0005","영종7단지엘에이치","월세","36.3400","202506","18","1,641","10","3","2012","은하수로 465","202507~202708","신규","-","","","아파트"
"42684","인천광역시 중구 중산동","1871-5","1871","0005","영종7단지엘에이치","월세","36.3400","202506","18","1,641","10","1","2012","은하수로 465","202507~202708","신규","-","","","아파트"
"42685","인천광역시 미추홀구 용현동","690","0690","0000","엘에이치미추홀3단지","월세","29.7800","202506","18","4,104","19","12","2018","낙섬중로 129","202507~202708","신규","-","","","아파트"
"42686","인천광역시 미추홀구 용현동","664","0664","0000","인천 SK Sky VIEW","월세","84.9939","202506","18","3,000","140","37","2016","용정공원로 33","202508~202708","신규","-","","","아파트"
"42687","인천광역시 중구 운서동","3102-1","3102","0001","영종엘에이치2단지","월세","16.5700","202506","18","1,656","8","16","2018","영종대로252번길 12","202507~202708","신규","-","","","아파트"
"42688","인천광역시 남동구 구월동","1609","1609","0000","센트럴시티그랑베르","전세","59.8859","202506","18","26,000","0","16","2021","구월로265번길 12-11","202507~202707","갱신","사용","25,000","0","아파트"
"42689","인천광역시 남동구 서창동","717","0717","0000","인천서창엘에이치12단지","월세","59.9700","202506","18","4,953","34","7","2014","서창남로 2","202506~202708","신규","-","","","아파트"
"42690","인천광역시 남동구 서창동","717","0717","0000","인천서창엘에이치12단지","월세","29.9700","202506","18","1,449","14","1","2014","서창남로 2","202506~202708","신규","-","","","아파트"
"42691","인천광역시 남동구 서창동","699","0699","0000","서창퍼스트뷰(7단지)","전세","120.4200","202506","18","20,000","0","14","2012","서창남순환로 190-15","202507~202607","갱신","사용","40,000","0","아파트"
"42692","인천광역시 남동구 서창동","636","0636","0000","인천서창엘에이치1단지","월세","46.4400","202506","18","3,422","23","14","2015","서창남순환로 124-14","202506~202708","신규","-","","","아파트"
"42693","인천광역시 남동구 서창동","636","0636","0000","인천서창엘에이치1단지","월세","46.4400","202506","18","3,422","23","17","2015","서창남순환로 124-14","202506~202708","신규","-","","","아파트"
"42694","인천광역시 남동구 간석동","214-15","0214","0015","웰스하임","월세","18.9700","202506","18","500","45","16","2014","백범로 381","202506~202606","신규","-","","","아파트"
"42695","인천광역시 남동구 간석동","214-15","0214","0015","웰스하임","월세","18.9700","202506","18","500","45","15","2014","백범로 381","202506~202606","신규","-","","","아파트"
"42696","인천광역시 남동구 간석동","617-31","0617","0031","영남","월세","43.5900","202506","18","500","40","2","1988","경원대로 950","202506~202706","신규","-","","","아파트"
"42697","인천광역시 남동구 구월동","1133","1133","0000","현대홈타운","전세","44.5394","202506","18","12,500","0","13","2015","예술로226번길 28","202508~202708","신규","-","","","아파트"
"42698","인천광역시 남동구 구월동","23","0023","0000","구월힐스테이트1단지","월세","59.9000","202506","18","3,000","100","18","2007","구월로 192","202507~202707","신규","-","","","아파트"
"42699","인천광역시 남동구 구월동","1551","1551","0000","구월아시아드선수촌7단지","월세","26.4406","202506","18","4,992","20","27","2023","선수촌로 7","202507~202706","갱신","-","4,476","18","아파트"
"42700","인천광역시 남동구 만수동","1036","1036","0000","진흥(1036)","월세","57.6900","202506","18","500","50","4","1991","장승남로81번길 16","202506~202706","갱신","-","500","50","아파트"
"42701","인천광역시 남동구 만수동","17","0017","0000","만수주공5단지","월세","41.3000","202506","18","1,000","48","12","1987","백범로124번길 127","202506~202706","신규","-","","","아파트"
"42702","인천광역시 남동구 만수동","17","0017","0000","만수주공5단지","전세","41.3000","202506","18","9,300","0","1","1987","백범로124번길 127","202509~202709","신규","-","","","아파트"
"42703","인천광역시 남동구 서창동","717","0717","0000","인천서창엘에이치12단지","월세","29.9700","202506","18","1,449","14","8","2014","서창남로 2","202506~202708","신규","-","","","아파트"
"42704","인천광역시 남동구 서창동","685","0685","0000","이편한세상서창","전세","84.9200","202506","18","32,000","0","11","2017","서창남순환로 9","202506~202706","갱신","-","28,000","0","아파트"
"42705","인천광역시 남동구 서창동","636","0636","0000","인천서창엘에이치1단지","월세","46.4400","202506","18","3,422","23","12","2015","서창남순환로 124-14","202506~202708","신규","-","","","아파트"
"42706","인천광역시 남동구 서창동","717","0717","0000","인천서창엘에이치12단지","월세","59.9700","202506","18","6,956","20","4","2014","서창남로 2","202407~202606","신규","-","","","아파트"
"42707","인천광역시 남동구 만수동","1044","1044","0000","만수뉴서울아파트","월세","34.6500","202506","18","500","50","2","1992","담방로21번길 61","202508~202708","신규","-","","","아파트"
"42708","인천광역시 남동구 구월동","24","0024","0000","롯데캐슬골드","전세","83.8726","202506","18","27,300","0","11","2007","호구포로 803","202509~202709","갱신","사용","26,000","0","아파트"
"42709","인천광역시 남동구 구월동","24","0024","0000","롯데캐슬골드","전세","46.8778","202506","18","21,000","0","8","2007","호구포로 803","-","-","-","","","아파트"
"42710","인천광역시 남동구 서창동","745","0745","0000","인천서창꿈에그린","월세","84.9400","202506","18","6,000","65","10","2019","운연천로 11","202509~202709","갱신","-","6,000","64","아파트"
"42711","인천광역시 남동구 서창동","636","0636","0000","인천서창엘에이치1단지","월세","46.4400","202506","18","3,422","23","5","2015","서창남순환로 124-14","202506~202708","신규","-","","","아파트"
"42712","인천광역시 남동구 서창동","636","0636","0000","인천서창엘에이치1단지","월세","29.6300","202506","18","1,416","14","7","2015","서창남순환로 124-14","202506~202708","신규","-","","","아파트"
"42713","인천광역시 남동구 구월동","24","0024","0000","롯데캐슬골드","전세","46.8778","202506","18","21,000","0","8","2007","호구포로 803","202506~202706","갱신","사용","21,000","0","아파트"
"42714","인천광역시 연수구 송도동","312-1","0312","0001","호반써밋송도","전세","84.7005","202506","18","36,000","0","14","2023","랜드마크로 20","202509~202709","신규","-","","","아파트"
"42715","인천광역시 연수구 송도동","315-1","0315","0001","송도SKVIEW","월세","84.8146","202506","18","23,000","50","33","2019","랜드마크로 19","-","-","-","","","아파트"
"42716","인천광역시 연수구 송도동","396-1","0396","0001","송도LuxeOceanSKVIEW","전세","84.9577","202506","18","35,000","0","7","2025","랜드마크로 350","202507~202707","신규","-","","","아파트"
"42717","인천광역시 미추홀구 주안동","124-1","0124","0001","주안행복주택","월세","16.8300","202506","18","2,196","10","7","2017","주안로 117-16","-","-","-","","","아파트"
"42718","인천광역시 미추홀구 주안동","1678","1678","0000","힐스테이트푸르지오주안","전세","74.9700","202506","18","26,250","0","39","2023","남주길 150","202507~202707","갱신","사용","25,000","0","아파트"
"42719","인천광역시 연수구 청학동","454","0454","0000","용담마을","월세","49.9950","202506","18","1,000","70","1","1994","용담로 25","202507~202707","신규","-","","","아파트"
"42720","인천광역시 연수구 청학동","449","0449","0000","성호","월세","84.0200","202506","18","1,500","100","6","1993","솔샘로43번길 15","202506~202706","신규","-","","","아파트"
"42721","인천광역시 연수구 청학동","451","0451","0000","시대","전세","49.5850","202506","18","15,000","0","13","1994","용담로 3","202508~202708","신규","-","","","아파트"
"42722","인천광역시 미추홀구 주안동","1678","1678","0000","힐스테이트푸르지오주안","전세","74.7800","202506","18","24,600","0","6","2023","남주길 150","202507~202707","갱신","사용","23,500","0","아파트"
"42723","인천광역시 미추홀구 주안동","1628","1628","0000","주안역센트레빌","전세","59.9813","202506","18","29,000","0","5","2021","염전로 414","202507~202707","신규","-","","","아파트"
"42724","인천광역시 미추홀구 주안동","1678","1678","0000","힐스테이트푸르지오주안","월세","74.9700","202506","18","4,000","145","6","2023","남주길 150","202506~202706","신규","-","","","아파트"
"42725","인천광역시 미추홀구 주안동","1678","1678","0000","힐스테이트푸르지오주안","전세","59.9800","202506","18","22,050","0","9","2023","남주길 150","202506~202706","갱신","사용","21,000","0","아파트"
"42726","인천광역시 미추홀구 주안동","1628","1628","0000","주안역센트레빌","전세","74.9245","202506","18","29,400","0","11","2021","염전로 414","202507~202707","갱신","사용","28,000","0","아파트"
"42727","인천광역시 미추홀구 주안동","1556-59","1556","0059","캐슬앤더샵","전세","72.2459","202506","18","30,000","0","28","2022","경원대로780번길 22","202508~202708","신규","-","","","아파트"
"42728","인천광역시 미추홀구 주안동","1556-59","1556","0059","캐슬앤더샵","전세","72.2459","202506","18","30,000","0","28","2022","경원대로780번길 22","202508~202708","신규","-","","","아파트"
"42729","인천광역시 연수구 송도동","17-5","0017","0005","송도더샵하버뷰(D13)","전세","116.3160","202506","18","57,700","0","3","2011","아트센터대로97번길 75","202507~202707","갱신","사용","55,000","0","아파트"
"42730","인천광역시 연수구 연수동","533","0533","0000","연수주공2차","월세","41.3000","202506","18","1,000","56","14","1992","원인재로 315","202508~202708","갱신","-","1,000","53","아파트"
"42731","인천광역시 연수구 연수동","582-2","0582","0002","승기마을,연수1차시영","월세","26.8200","202506","18","500","40","14","1992","원인재로 212","202506~202706","갱신","-","500","35","아파트"
"42732","인천광역시 연수구 연수동","538","0538","0000","성일","전세","39.7400","202506","18","12,000","0","1","1994","새말로 20","202510~202710","신규","-","","","아파트"
"42733","인천광역시 연수구 연수동","578-2","0578","0002","주공3","전세","44.6600","202506","18","12,600","0","9","1993","새말로 154","202508~202708","갱신","사용","12,000","0","아파트"
"42734","인천광역시 연수구 연수동","578-2","0578","0002","주공3","전세","44.6600","202506","18","12,600","0","9","1993","새말로 154","202508~202708","갱신","사용","12,000","0","아파트"
"42735","인천광역시 연수구 연수동","582-2","0582","0002","솔밭마을아파트","전세","49.5600","202506","18","13,600","0","9","1993","원인재로 232","202511~202711","갱신","-","13,600","0","아파트"
"42736","인천광역시 연수구 동춘동","931","0931","0000","무지개마을","전세","84.9650","202506","18","30,000","0","2","1995","원인재로 14","202507~202707","갱신","-","30,000","0","아파트"
"42737","인천광역시 연수구 동춘동","943","0943","0000","동남","전세","52.1400","202506","18","18,000","0","6","1994","먼우금로 19","202508~202708","신규","-","","","아파트"
"42738","인천광역시 연수구 동춘동","924-3","0924","0003","자이(xi)","전세","95.5500","202506","18","27,000","0","15","1993","원인재로 81","202507~202707","신규","-","","","아파트"
"42739","인천광역시 연수구 동춘동","가-","0000","0000","송도파크자이","월세","76.7563","202506","18","3,000","130","23","2019","앵고개로104번길 22","202507~202707","신규","-","","","아파트"
"42740","인천광역시 연수구 동춘동","929","0929","0000","풍림2","월세","45.3600","202506","18","1,000","80","1","1993","경원대로119번길 21","202506~202706","신규","-","","","아파트"
"42741","인천광역시 연수구 송도동","312-1","0312","0001","호반써밋송도","전세","84.8714","202506","18","36,000","0","17","2023","랜드마크로 20","202507~202707","신규","-","","","아파트"
"42742","인천광역시 연수구 송도동","30-2","0030","0002","힐스테이트송도더스카이","월세","120.2763","202506","18","10,000","330","27","2024","인천타워대로 365","202507~202601","신규","-","","","아파트"
"42743","인천광역시 연수구 송도동","315-1","0315","0001","송도SKVIEW","전세","84.9753","202506","18","37,000","0","38","2019","랜드마크로 19","202506~202706","신규","-","","","아파트"
"42744","인천광역시 연수구 송도동","22-6","0022","0006","송도아리스타프라임아파트","월세","41.1000","202506","18","2,000","110","6","2023","해돋이로171번길 9-4","202507~202707","신규","-","","","아파트"
"42745","인천광역시 연수구 송도동","30-5","0030","0005","더샵송도아크베이","전세","84.8100","202506","18","41,000","0","47","2025","워터프런트로 150","202507~202707","신규","-","","","아파트"
"42746","인천광역시 연수구 송도동","310-1","0310","0001","송도오션파크베르디움","월세","84.8470","202506","18","3,400","110","13","2020","랜드마크로 110","202508~202708","신규","-","","","아파트"
"42747","인천광역시 연수구 송도동","397-8","0397","0008","힐스테이트레이크송도2차","전세","99.9800","202506","18","42,000","0","33","2020","아카데미로 446","202509~202709","신규","-","","","아파트"
"42748","인천광역시 연수구 옥련동","642-1","0642","0001","한국","월세","59.9860","202506","18","5,000","60","17","1997","청량로199번길 29","202507~202707","신규","-","","","아파트"
"42749","인천광역시 연수구 송도동","149","0149","0000","롯데캐슬캠퍼스타운","전세","59.9715","202506","18","36,000","0","51","2016","송도과학로27번길 55","202507~202707","신규","-","","","아파트"
"42750","인천광역시 연수구 송도동","315-1","0315","0001","송도SKVIEW","전세","84.6932","202506","18","29,400","0","38","2019","랜드마크로 19","202508~202708","갱신","사용","28,000","0","아파트"
"42751","인천광역시 연수구 송도동","100","0100","0000","송도더샵퍼스트파크F13-1BL","전세","68.7200","202506","18","35,000","0","40","2017","컨벤시아대로252번길 70","202507~202707","신규","-","","","아파트"
"42752","인천광역시 연수구 송도동","4-1","0004","0001","더샵퍼스트월드","전세","125.9670","202506","18","51,000","0","56","2009","해돋이로 107","202506~202706","갱신","사용","50,000","0","아파트"
"42753","인천광역시 연수구 송도동","190-4","0190","0004","송도더샵센트럴시티","월세","59.9900","202506","18","3,000","130","36","2018","송도국제대로 261","202507~202707","신규","-","","","아파트"
"42754","인천광역시 연수구 송도동","311","0311","0000","랜드마크시티센트럴더샵","월세","84.8166","202506","18","1,000","250","18","2020","랜드마크로 68","202506~202606","신규","-","","","아파트"
"42755","인천광역시 연수구 송도동","310-1","0310","0001","송도오션파크베르디움","전세","84.8470","202506","18","34,000","0","13","2020","랜드마크로 110","202508~202708","신규","-","","","아파트"
"42756","인천광역시 연수구 송도동","396-1","0396","0001","송도LuxeOceanSKVIEW","전세","84.9577","202506","18","29,000","0","3","2025","랜드마크로 350","202508~202708","신규","-","","","아파트"
"42757","인천광역시 연수구 송도동","310-1","0310","0001","송도오션파크베르디움","전세","84.8470","202506","18","34,000","0","13","2020","랜드마크로 110","202508~202708","신규","-","","","아파트"
"42758","인천광역시 연수구 송도동","18-7","0018","0007","송도더샵하버뷰(D15)","전세","99.8516","202506","18","51,000","0","8","2012","아트센터대로97번길 56","202508~202708","신규","-","","","아파트"
"42759","인천광역시 미추홀구 주안동","31-1","0031","0001","동인","월세","73.4400","202506","18","500","45","4","1978","염창로 72","202506~202606","신규","-","","","아파트"
"42760","인천광역시 미추홀구 주안동","124-1","0124","0001","주안행복주택","월세","16.8300","202506","18","2,074","10","9","2017","주안로 117-16","202507~202708","신규","-","","","아파트"
"42761","인천광역시 미추홀구 주안동","124-1","0124","0001","주안행복주택","월세","16.8300","202506","18","374","14","9","2017","주안로 117-16","202507~202708","갱신","-","2,074","10","아파트"
"42762","인천광역시 미추홀구 주안동","1600","1600","0000","신비마을","전세","49.3500","202506","18","12,000","0","4","1994","주승로 148","202508~202708","신규","-","","","아파트"
"42763","인천광역시 미추홀구 주안동","1678","1678","0000","힐스테이트푸르지오주안","전세","74.9700","202506","18","26,250","0","39","2023","남주길 150","202507~202707","갱신","사용","25,000","0","아파트"
"42764","인천광역시 연수구 송도동","149","0149","0000","롯데캐슬캠퍼스타운","전세","84.5780","202506","18","40,000","0","29","2016","송도과학로27번길 55","202508~202708","갱신","-","45,000","0","아파트"
"42765","인천광역시 남동구 논현동","740-2","0740","0002","소래휴먼시아3단지","월세","36.6200","202506","18","1,965","20","5","2010","앵고개로815번길 22","202506~202708","신규","-","","","아파트"
"42766","인천광역시 부평구 부개동","477-2","0477","0002","대진","전세","39.6000","202506","18","11,000","0","6","1988","길주로 654","202507~202707","신규","-","","","아파트"
"42767","인천광역시 부평구 부개동","477-5","0477","0005","동아","전세","40.1400","202506","18","11,000","0","4","1988","길주남로113번길 12","202507~202707","신규","-","","","아파트"
"42768","인천광역시 부평구 부개동","520","0520","0000","부평코오롱하늘채","전세","72.9227","202506","18","20,000","0","10","2020","동수천로 117","202506~202706","신규","-","","","아파트"
"42769","인천광역시 부평구 부개동","497-1","0497","0001","상우신명보람","월세","111.4100","202506","18","29,750","20","5","1998","길주남로 175","202507~202707","갱신","사용","29,750","30","아파트"
"42770","인천광역시 부평구 부개동","477-5","0477","0005","동아","월세","49.2000","202506","18","1,000","60","1","1988","길주남로113번길 12","202506~202706","신규","-","","","아파트"
"42771","인천광역시 부평구 부개동","148-16","0148","0016","주영팰리스Ⅱ","월세","49.8700","202506","18","3,000","70","13","2015","동수천로 39","202507~202707","신규","-","","","아파트"
"42772","인천광역시 남동구 논현동","635-1","0635","0001","논현휴먼시아하늘마을(3단지)","월세","46.9000","202506","18","2,466","27","15","2008","논현로 45","202506~202708","신규","-","","","아파트"
"42773","인천광역시 남동구 논현동","740-2","0740","0002","소래휴먼시아3단지","월세","46.8000","202506","18","2,968","25","1","2010","앵고개로815번길 22","202506~202708","신규","-","","","아파트"
"42774","인천광역시 남동구 논현동","599-1","0599","0001","주공14단지(등대마을)","월세","46.8100","202506","18","2,357","27","19","2006","청능대로715번길 22","202506~202708","신규","-","","","아파트"
"42775","인천광역시 남동구 논현동","599-1","0599","0001","주공14단지(등대마을)","월세","46.8100","202506","18","2,357","27","5","2006","청능대로715번길 22","202506~202708","신규","-","","","아파트"
"42776","인천광역시 남동구 논현동","635-1","0635","0001","논현휴먼시아하늘마을(3단지)","월세","59.8800","202506","18","4,247","35","7","2008","논현로 45","202506~202708","신규","-","","","아파트"
"42777","인천광역시 남동구 논현동","599-1","0599","0001","주공14단지(등대마을)","월세","39.7900","202506","18","1,993","23","4","2006","청능대로715번길 22","202506~202708","신규","-","","","아파트"
"42778","인천광역시 남동구 논현동","600-1","0600","0001","주공12단지(산뒤마을)","월세","39.7000","202506","18","1,971","22","9","2005","청능대로715번길 59","202506~202708","신규","-","","","아파트"
"42779","인천광역시 남동구 논현동","599-1","0599","0001","주공14단지(등대마을)","월세","39.7900","202506","18","1,993","23","2","2006","청능대로715번길 22","202506~202708","신규","-","","","아파트"
"42780","인천광역시 남동구 논현동","599-1","0599","0001","주공14단지(등대마을)","월세","46.8100","202506","18","2,357","27","16","2006","청능대로715번길 22","202506~202708","신규","-","","","아파트"
"42781","인천광역시 남동구 논현동","635-1","0635","0001","논현휴먼시아하늘마을(3단지)","월세","39.9800","202506","18","1,978","22","15","2008","논현로 45","202506~202708","신규","-","","","아파트"
"42782","인천광역시 남동구 논현동","740-2","0740","0002","소래휴먼시아3단지","월세","59.4000","202506","18","5,119","35","14","2010","앵고개로815번길 22","202506~202708","신규","-","","","아파트"
"42783","인천광역시 남동구 논현동","600-1","0600","0001","주공12단지(산뒤마을)","월세","46.5200","202506","18","2,330","27","9","2005","청능대로715번길 59","202506~202708","신규","-","","","아파트"
"42784","인천광역시 남동구 논현동","563-3","0563","0003","주공2단지","전세","38.9500","202506","18","13,000","0","4","1998","함박뫼로 439","202508~202708","갱신","사용","12,500","0","아파트"
"42785","인천광역시 남동구 논현동","740-2","0740","0002","소래휴먼시아3단지","월세","51.9200","202506","18","3,838","29","1","2010","앵고개로815번길 22","202506~202708","신규","-","","","아파트"
"42786","인천광역시 남동구 논현동","740-1","0740","0001","소래휴먼시아1단지","월세","29.4800","202506","18","1,697","12","6","2011","앵고개로815번길 70","202506~202708","신규","-","","","아파트"
"42787","인천광역시 남동구 논현동","633-1","0633","0001","논현휴먼시아달맞이마을(5단지)","월세","46.5500","202506","18","2,358","27","10","2007","논현로 105","202506~202708","신규","-","","","아파트"
"42788","인천광역시 남동구 논현동","599-1","0599","0001","주공14단지(등대마을)","월세","46.8100","202506","18","2,357","27","7","2006","청능대로715번길 22","202506~202708","신규","-","","","아파트"
"42789","인천광역시 남동구 논현동","599-1","0599","0001","주공14단지(등대마을)","월세","39.7900","202506","18","1,993","23","1","2006","청능대로715번길 22","202506~202708","신규","-","","","아파트"
"42790","인천광역시 남동구 논현동","599-1","0599","0001","주공14단지(등대마을)","월세","46.8100","202506","18","2,357","27","5","2006","청능대로715번길 22","202506~202708","신규","-","","","아파트"
"42791","인천광역시 남동구 논현동","599-1","0599","0001","주공14단지(등대마을)","월세","39.7900","202506","18","1,993","23","17","2006","청능대로715번길 22","202506~202708","신규","-","","","아파트"
"42792","인천광역시 남동구 논현동","599-1","0599","0001","주공14단지(등대마을)","월세","39.7900","202506","18","1,993","23","17","2006","청능대로715번길 22","202506~202708","신규","-","","","아파트"
"42793","인천광역시 남동구 논현동","599-1","0599","0001","주공14단지(등대마을)","월세","46.8100","202506","18","4,901","22","5","2006","청능대로715번길 22","202507~202706","갱신","-","5,121","26","아파트"
"42794","인천광역시 남동구 논현동","599-1","0599","0001","주공14단지(등대마을)","월세","39.7900","202506","18","1,993","23","13","2006","청능대로715번길 22","202506~202708","신규","-","","","아파트"
"42795","인천광역시 남동구 논현동","732-1","0732","0001","논현힐스테이트","전세","84.9179","202506","18","40,000","0","14","2010","논고개로68번길 49","202506~202706","신규","-","","","아파트"
"42796","인천광역시 남동구 논현동","599-1","0599","0001","주공14단지(등대마을)","월세","39.7900","202506","18","1,993","23","11","2006","청능대로715번길 22","202506~202708","신규","-","","","아파트"
"42797","인천광역시 남동구 논현동","749-1","0749","0001","논현센트럴뷰","전세","59.8400","202506","18","31,500","0","14","2014","논고개로68번길 34","-","-","-","","","아파트"
"42798","인천광역시 남동구 논현동","599-1","0599","0001","주공14단지(등대마을)","월세","46.8100","202506","18","2,357","27","17","2006","청능대로715번길 22","202506~202708","신규","-","","","아파트"
"42799","인천광역시 부평구 십정동","630","0630","0000","더샵부평센트럴시티","월세","69.3321","202506","18","16,500","46","17","2022","열우물로 90","202508~202708","신규","-","","","아파트"
"42800","인천광역시 부평구 십정동","630","0630","0000","더샵부평센트럴시티","월세","69.2824","202506","18","3,000","135","32","2022","열우물로 90","202508~202708","신규","-","","","아파트"
"42801","인천광역시 부평구 부평동","70-5","0070","0005","동아(1차)","전세","84.8700","202506","18","25,200","0","13","1987","부평문화로 37","202507~202707","갱신","사용","24,000","0","아파트"
"42802","인천광역시 부평구 부평동","947","0947","0000","래미안부평","전세","84.9630","202506","18","36,500","0","9","2014","길주남로10번길 21","202508~202708","신규","-","","","아파트"
"42803","인천광역시 부평구 부평동","937","0937","0000","부평LH1단지(국민임대)","월세","39.9400","202506","18","5,125","29","5","2012","동수로120번길 57","202507~202708","신규","-","","","아파트"
"42804","인천광역시 부평구 부평동","492-10","0492","0010","한결(102동)","월세","55.9500","202506","18","2,000","90","12","2015","부일로 21","202506~202706","신규","-","","","아파트"
"42805","인천광역시 부평구 부평동","937","0937","0000","부평LH1단지(국민임대)","월세","49.9300","202506","18","5,125","29","12","2012","동수로120번길 57","202507~202708","신규","-","","","아파트"
"42806","인천광역시 부평구 부평동","937","0937","0000","부평LH1단지(국민임대)","월세","49.9300","202506","18","5,125","29","8","2012","동수로120번길 57","202507~202708","신규","-","","","아파트"
"42807","인천광역시 부평구 부평동","995","0995","0000","부평역화성파크드림","전세","59.9300","202506","18","31,500","0","12","2020","동수로 80","202506~202706","갱신","사용","30,000","0","아파트"
"42808","인천광역시 부평구 부평동","937","0937","0000","부평LH1단지(국민임대)","월세","39.9400","202506","18","3,250","19","5","2012","동수로120번길 57","202507~202508","신규","-","","","아파트"
"42809","인천광역시 부평구 삼산동","206-2","0206","0002","동남","전세","59.9100","202506","18","10,500","0","2","1989","후정동로25번길 3-10","202509~202805","신규","-","","","아파트"
"42810","인천광역시 부평구 삼산동","440-1","0440","0001","삼산타운주공1단지","전세","51.8600","202506","18","22,000","0","16","2005","굴포로 105","202508~202708","갱신","사용","21,500","0","아파트"
"42811","인천광역시 부평구 삼산동","453-1","0453","0001","삼산타운7단지","전세","84.0700","202506","18","49,000","0","10","2004","체육관로 27","202507~202707","신규","-","","","아파트"
"42812","인천광역시 부평구 삼산동","512","0512","0000","삼산3휴먼시아1단지","월세","51.9700","202506","18","4,127","32","10","2010","영성동로18번길 19","202507~202708","신규","-","","","아파트"
"42813","인천광역시 부평구 삼산동","553","0553","0000","브라운스톤부평","전세","59.9900","202506","18","32,000","0","10","2023","후정로 8","202508~202708","신규","-","","","아파트"
"42814","인천광역시 부평구 삼산동","440-1","0440","0001","삼산타운주공1단지","전세","51.8600","202506","18","22,000","0","16","2005","굴포로 105","202508~202708","갱신","사용","22,000","0","아파트"
"42815","인천광역시 부평구 부평동","962","0962","0000","부평SKVIEW해모로","월세","36.0986","202506","18","1,000","95","4","2023","동수천로 71","202506~202606","신규","-","","","아파트"
"42816","인천광역시 부평구 부평동","962","0962","0000","부평SKVIEW해모로","월세","84.9825","202506","18","4,000","140","4","2023","동수천로 71","202507~202508","갱신","-","4,000","140","아파트"
"42817","인천광역시 부평구 부평동","799-5","0799","0005","가나안미도","월세","59.3100","202506","18","2,000","55","4","1986","부평대로165번길 40","202507~202707","신규","-","","","아파트"
"42818","인천광역시 부평구 부평동","61-9","0061","0009","로뎀레뷰","전세","52.0000","202506","18","12,860","0","2","2014","부평대로159번길 33","-","-","-","","","아파트"
"42819","인천광역시 부평구 산곡동","311-126","0311","0126","현대2차","월세","84.9600","202506","18","3,000","89","5","1989","안남로 91","202508~202708","갱신","-","3,000","84","아파트"
"42820","인천광역시 부평구 산곡동","311-126","0311","0126","현대2차","전세","84.9600","202506","18","23,000","0","12","1989","안남로 91","202508~202708","신규","-","","","아파트"
"42821","인천광역시 부평구 산곡동","182","0182","0000","한양(182)","월세","91.9850","202506","18","2,000","70","1","1985","마장로 287","202508~202708","신규","-","","","아파트"
"42822","인천광역시 부평구 청천동","377-9","0377","0009","인향","월세","84.9500","202506","18","5,000","37","11","1994","청안로 8","202507~202606","갱신","-","5,000","37","아파트"
"42823","인천광역시 부평구 청천동","5-5","0005","0005","영진","월세","59.7700","202506","18","2,000","60","5","1995","청중로 81","202508~202708","신규","-","","","아파트"
"42824","인천광역시 부평구 청천동","453","0453","0000","청천우민늘푸른아파트","월세","59.4568","202506","18","13,300","15","2","2020","평천로141번길 11","202509~202708","갱신","-","9,642","33","아파트"
"42825","인천광역시 부평구 청천동","453","0453","0000","청천우민늘푸른아파트","월세","59.4568","202506","18","9,600","42","2","2020","평천로141번길 11","202507~202708","신규","-","","","아파트"
"42826","인천광역시 부평구 청천동","236-5","0236","0005","미도6","전세","45.3300","202506","18","12,000","0","4","1988","길주로494번길 50","202509~202709","신규","-","","","아파트"
"42827","인천광역시 부평구 산곡동","261-8","0261","0008","경남5차","전세","84.9700","202506","18","5,000","0","11","1992","마장로264번길 66","202508~202509","신규","-","","","아파트"
"42828","인천광역시 계양구 작전동","953","0953","0000","힐스테이트자이계양","월세","59.7900","202506","18","5,000","130","23","2024","봉오대로651번길 9","202508~202708","신규","-","","","아파트"
"42829","인천광역시 부평구 일신동","410","0410","0000","일신주공아파트(100~112동)","전세","39.9900","202506","18","13,000","0","9","1995","항동로75번길 11","202507~202707","갱신","-","12,500","0","아파트"
"42830","인천광역시 서구 가좌동","171-3","0171","0003","아주","전세","55.0800","202506","18","10,500","0","1","1984","건지로318번길 4","202507~202707","신규","-","","","아파트"
"42831","인천광역시 서구 가좌동","236-23","0236","0023","대미안","월세","82.4500","202506","18","6,000","65","2","2002","장고개로 265","202508~202708","신규","-","","","아파트"
"42832","인천광역시 서구 가좌동","224-2","0224","0002","하나","전세","63.3600","202506","18","12,000","0","3","1984","신진말로28번길 26","202507~202707","신규","-","","","아파트"
"42833","인천광역시 계양구 병방동","433-1","0433","0001","학마을한진","월세","49.7700","202506","18","2,000","55","9","1998","용종로 124","202506~202706","갱신","-","2,000","50","아파트"
"42834","인천광역시 계양구 병방동","432-3","0432","0003","학마을서원","전세","34.4400","202506","18","13,500","0","16","1997","용종로 123","202508~202708","갱신","사용","13,000","0","아파트"
"42835","인천광역시 계양구 병방동","433-1","0433","0001","학마을한진","월세","49.7700","202506","18","2,000","75","11","1998","용종로 124","202507~202707","신규","-","","","아파트"
"42836","인천광역시 계양구 효성동","24","0024","0000","뉴서울2","월세","34.7400","202506","18","500","32","1","1986","안남로 560","202506~202606","신규","-","","","아파트"
"42837","인천광역시 서구 당하동","1075-9","1075","0009","검단힐스테이트5차","전세","84.9656","202506","18","28,350","0","12","2013","청마로34번길 6","202508~202708","갱신","사용","27,000","0","아파트"
"42838","인천광역시 서구 당하동","1311-1","1311","0001","우미린파크뷰2단지","전세","59.9380","202506","18","24,000","0","18","2023","이음2로 90","202509~202709","갱신","사용","23,000","0","아파트"
"42839","인천광역시 서구 당하동","895-1","0895","0001","탑스빌(영남,신대진,성웅)아파트","전세","84.9400","202506","18","26,000","0","15","1998","서곶로 818","202508~202707","신규","-","","","아파트"
"42840","인천광역시 계양구 임학동","60-6","0060","0006","중원","월세","52.3800","202506","18","1,000","50","4","1986","임학안로 25","202508~202708","신규","-","","","아파트"
"42841","인천광역시 서구 석남동","503","0503","0000","중앙1","전세","73.4400","202506","18","12,500","0","3","1984","옻우물로 6","202508~202708","신규","-","","","아파트"
"42842","인천광역시 계양구 계산동","898-4","0898","0004","삼환2","전세","73.4800","202506","18","18,000","0","1","1989","경명대로1045번길 21-12","202507~202707","신규","-","","","아파트"
"42843","인천광역시 계양구 계산동","348-2","0348","0002","하나","월세","37.1700","202506","18","500","45","4","1988","경명대로1114번길 6","202507~202707","신규","-","","","아파트"
"42844","인천광역시 계양구 계산동","899","0899","0000","극동","월세","57.0500","202506","18","1,000","60","4","1985","하느재로19번길 8","202507~202707","신규","-","","","아파트"
"42845","인천광역시 서구 검암동","501-1","0501","0001","풍림아이원2차","전세","84.9300","202506","18","25,000","0","12","2004","검암로 53","202506~202706","갱신","사용","24,000","0","아파트"
"42846","인천광역시 서구 신현동","306-1","0306","0001","루원시티센트럴타운","전세","74.9600","202506","18","33,000","0","8","2017","봉오재1로 36","202507~202707","신규","-","","","아파트"
"42847","인천광역시 서구 가정동","가-","0000","0000","루원시티SKLeaders'VIEW","월세","84.8254","202506","18","12,000","110","30","2022","가정로 437","202507~202707","신규","-","","","아파트"
"42848","인천광역시 서구 가정동","가-","0000","0000","루원시티SKLeaders'VIEW","월세","75.8201","202506","18","5,000","145","29","2022","가정로 437","202508~202708","신규","-","","","아파트"
"42849","인천광역시 서구 백석동","가-","0000","0000","검암역로열파크씨티푸르지오2단지","전세","101.9582","202506","18","46,200","0","27","2023","한들로 73","202510~202710","갱신","사용","44,000","0","아파트"
"42850","인천광역시 서구 가정동","341-14","0341","0014","하나2","전세","84.9900","202506","18","18,000","0","3","1992","봉오대로318번길 23","202508~202708","신규","-","","","아파트"
"42851","인천광역시 서구 가정동","597-2","0597","0002","엘에이치웨스턴블루힐","전세","84.9900","202506","18","28,000","0","5","2015","봉오재2로 37","202508~202708","신규","-","","","아파트"
"42852","인천광역시 서구 가정동","597-2","0597","0002","엘에이치웨스턴블루힐","전세","84.9900","202506","18","28,000","0","5","2015","봉오재2로 37","202508~202708","신규","-","","","아파트"
"42853","인천광역시 서구 가정동","597-1","0597","0001","루원더퍼스트","전세","59.9000","202506","18","24,000","0","9","2019","봉오재2로 13","202507~202707","갱신","사용","23,000","0","아파트"
"42854","인천광역시 서구 석남동","499","0499","0000","태산","월세","36.5200","202506","18","500","35","6","1989","가정로262번길 19","202507~202707","신규","-","","","아파트"
"42855","인천광역시 서구 마전동","1003-1","1003","0001","동아","전세","84.9000","202506","18","22,000","0","20","1999","완정로34번길 20","202508~202708","신규","-","","","아파트"
"42856","인천광역시 서구 마전동","1003-1","1003","0001","동아","전세","84.9000","202506","18","24,000","0","13","1999","완정로34번길 20","202508~202803","신규","-","","","아파트"
"42857","인천광역시 서구 마전동","1003-1","1003","0001","동아","전세","84.9000","202506","18","24,000","0","13","1999","완정로34번길 20","202508~202708","신규","-","","","아파트"
"42858","인천광역시 서구 마전동","1003-1","1003","0001","동아","월세","134.9760","202506","18","3,000","120","2","1999","완정로34번길 20","202508~202708","신규","-","","","아파트"
"42859","인천광역시 서구 경서동","1032","1032","0000","북청라하우스토리","월세","59.8661","202506","18","3,000","100","13","2022","경서로31번길 15","202508~202708","신규","-","","","아파트"
"42860","인천광역시 서구 당하동","895-1","0895","0001","탑스빌(영남,신대진,성웅)아파트","전세","84.9400","202506","18","26,000","0","15","1998","서곶로 818","202508~202707","신규","-","","","아파트"
"42861","인천광역시 계양구 작전동","953","0953","0000","힐스테이트자이계양","월세","59.7900","202506","18","5,000","130","23","2024","봉오대로651번길 9","202508~202708","신규","-","","","아파트"
"42862","인천광역시 계양구 작전동","26-1","0026","0001","뉴서울2","전세","84.2700","202506","18","23,000","0","13","1992","장제로743번길 14","202509~202709","신규","-","","","아파트"
"42863","인천광역시 계양구 작전동","169","0169","0000","풍림아이원","전세","84.9312","202506","18","34,000","0","7","2003","효서로 324","202508~202708","신규","-","","","아파트"
"42864","인천광역시 계양구 작전동","953","0953","0000","힐스테이트자이계양","월세","59.7900","202506","18","5,000","140","25","2024","봉오대로651번길 9","202507~202802","신규","-","","","아파트"
"42865","인천광역시 계양구 작전동","580","0580","0000","현대2-1차","전세","78.0400","202506","18","24,000","0","6","1991","효서로 381","202510~202710","신규","-","","","아파트"
"42866","인천광역시 계양구 작전동","915-1","0915","0001","까치마을태화","전세","37.3800","202506","18","12,000","0","1","1997","효서로 393","202506~202706","갱신","사용","12,000","0","아파트"
"42867","인천광역시 서구 가좌동","611","0611","0000","인천가좌두산위브트레지움1,2단지","전세","84.8200","202506","17","27,300","0","4","2017","여우재로 136","202506~202706","갱신","사용","26,000","0","아파트"
"42868","인천광역시 서구 검암동","595-5","0595","0005","마젤란21","전세","84.5879","202506","17","27,300","0","4","2006","도요지로189번길 104","202506~202706","갱신","사용","26,000","0","아파트"
"42869","인천광역시 서구 석남동","522-3","0522","0003","보광네오센스","월세","59.9600","202506","17","500","38","5","2003","염곡로272번길 13","202506~202606","신규","-","","","아파트"
"42870","인천광역시 서구 당하동","1305-1","1305","0001","우미린파크뷰1단지","전세","59.9380","202506","17","22,700","0","19","2023","이음2로 89","202508~202707","갱신","사용","21,700","0","아파트"
"42871","인천광역시 서구 당하동","1099-2","1099","0002","당하푸르지오","전세","84.9430","202506","17","23,100","0","10","2005","청마로 170","202506~202706","갱신","사용","22,000","0","아파트"
"42872","인천광역시 서구 당하동","1305-1","1305","0001","우미린파크뷰1단지","전세","59.9380","202506","17","29,000","0","19","2023","이음2로 89","-","-","-","","","아파트"
"42873","인천광역시 서구 당하동","1327-1","1327","0001","인천검단엘에이치36단지","월세","46.1800","202506","17","7,306","13","11","2023","독정로 111","202509~202708","갱신","-","3,792","29","아파트"
"42874","인천광역시 서구 당하동","1305-1","1305","0001","우미린파크뷰1단지","전세","59.9380","202506","17","29,000","0","19","2023","이음2로 89","202508~202708","신규","-","","","아파트"
"42875","인천광역시 서구 당하동","1027-3","1027","0003","원당동문굿모닝힐","월세","84.9670","202506","17","3,000","100","4","2004","원당대로820번길 3","202508~202708","신규","-","","","아파트"
"42876","인천광역시 서구 가정동","가-","0000","0000","루원시티SKLeaders'VIEW","전세","84.8254","202506","17","37,000","0","19","2022","가정로 437","202507~202707","신규","-","","","아파트"
"42877","인천광역시 서구 가좌동","30-2","0030","0002","진주1","월세","58.3600","202506","17","2,000","60","9","1983","원적로 82","202507~202706","신규","-","","","아파트"
"42878","인천광역시 서구 가좌동","7","0007","0000","한신휴플러스","월세","84.9500","202506","17","5,000","94","20","2007","건지로 402","202507~202707","갱신","사용","5,000","90","아파트"
"42879","인천광역시 서구 가좌동","627","0627","0000","가재울역트루엘에코시티","전세","59.9600","202506","17","30,000","0","15","2024","열우물로240번길 20","202507~202707","신규","-","","","아파트"
"42880","인천광역시 계양구 작전동","949","0949","0000","작전역서해그랑블","전세","59.9887","202506","17","31,000","0","4","2020","아나지로247번길 22","202509~202709","신규","-","","","아파트"
"42881","인천광역시 계양구 작전동","580","0580","0000","현대2-1차","전세","84.9950","202506","17","20,475","0","13","1991","효서로 381","202508~202708","갱신","사용","19,500","0","아파트"
"42882","인천광역시 서구 경서동","994","0994","0000","인천경서아시아드대광로제비앙","월세","84.0741","202506","17","3,000","120","7","2017","모월곶로 41","202306~202706","갱신","-","3,000","110","아파트"
"42883","인천광역시 서구 백석동","가-","0000","0000","검암역로열파크씨티푸르지오1단지","월세","84.9785","202506","17","4,000","150","6","2023","한들로 33","202507~202707","신규","-","","","아파트"
"42884","인천광역시 서구 마전동","1029-2","1029","0002","검단1차대주피오레","월세","84.9734","202506","17","2,000","110","12","2007","완정로65번안길 10","202506~202706","신규","-","","","아파트"
"42885","인천광역시 서구 마전동","999-8","0999","0008","검단우림필유","전세","84.9487","202506","17","26,000","0","13","2007","완정로34번길 29","202508~202708","신규","-","","","아파트"
"42886","인천광역시 계양구 병방동","432-5","0432","0005","학마을서해","전세","59.7900","202506","17","24,000","0","13","1997","장제로 878","202509~202709","갱신","사용","23,000","0","아파트"
"42887","인천광역시 계양구 병방동","432-5","0432","0005","학마을서해","월세","26.0100","202506","17","500","45","3","1997","장제로 878","202506~202706","신규","-","","","아파트"
"42888","인천광역시 서구 심곡동","282","0282","0000","삼용타워","전세","59.8500","202506","17","7,700","0","5","1996","탁옥로 89","202505~202705","갱신","-","8,000","0","아파트"
"42889","인천광역시 계양구 효성동","24","0024","0000","뉴서울2","월세","34.7400","202506","17","3,000","10","2","1986","안남로 560","202506~202706","갱신","-","3,500","5","아파트"
"42890","인천광역시 계양구 병방동","432-5","0432","0005","학마을서해","월세","26.0100","202506","17","500","42","3","1997","장제로 878","202507~202707","신규","-","","","아파트"
"42891","인천광역시 계양구 계산동","49-4","0049","0004","태평","월세","44.8100","202506","17","500","50","2","1990","주부토로532번길 42","202507~202707","갱신","-","500","45","아파트"
"42892","인천광역시 계양구 계산동","930","0930","0000","삼환1","전세","73.4800","202506","17","20,000","0","3","1989","하느재로 15","202506~202706","신규","-","","","아파트"
"42893","인천광역시 계양구 계산동","342-1","0342","0001","삼보1","월세","40.5900","202506","17","1,000","40","5","1987","주부토로 528","202506~202706","신규","-","","","아파트"
"42894","인천광역시 서구 검암동","595-5","0595","0005","마젤란21","전세","84.5879","202506","17","27,300","0","4","2006","도요지로189번길 104","-","-","-","","","아파트"
"42895","인천광역시 남동구 간석동","216-5","0216","0005","간석리페(1차)도시형생활주택","월세","12.3730","202506","17","300","30","6","2013","경인로653번길 11","202506~202606","신규","-","","","아파트"
"42896","인천광역시 남동구 도림동","629-1","0629","0001","주공그린빌1차","월세","51.7200","202506","17","1,948","25","4","2003","논고개로334번길 17","202508~202707","신규","-","","","아파트"
"42897","인천광역시 남동구 도림동","629-1","0629","0001","주공그린빌1차","월세","51.7200","202506","17","1,891","25","13","2003","논고개로334번길 17","202507~202706","갱신","사용","1,805","24","아파트"
"42898","인천광역시 남동구 간석동","501","0501","0000","극동","월세","56.3700","202506","17","2,000","70","6","1989","구월로 78","202506~202706","신규","-","","","아파트"
"42899","인천광역시 남동구 간석동","939-1","0939","0001","간석래미안자이","전세","84.9700","202506","17","21,600","0","20","2008","남동대로 860","202507~202509","신규","-","","","아파트"
"42900","인천광역시 남동구 간석동","939-1","0939","0001","간석래미안자이","전세","119.3600","202506","17","42,000","0","4","2008","남동대로 860","202508~202708","신규","-","","","아파트"
"42901","인천광역시 남동구 간석동","894-1","0894","0001","광명(894-1)","월세","49.1700","202506","17","1,000","45","1","1989","방축로 492","202507~202707","신규","-","","","아파트"
"42902","인천광역시 남동구 구월동","1551","1551","0000","구월아시아드선수촌7단지","월세","36.6939","202506","17","2,852","23","10","2023","선수촌로 7","202507~202706","갱신","-","5,870","32","아파트"
"42903","인천광역시 남동구 구월동","1551","1551","0000","구월아시아드선수촌7단지","월세","36.6939","202506","17","9,152","23","3","2023","선수촌로 7","202507~202706","갱신","-","5,870","11","아파트"
"42904","인천광역시 남동구 구월동","1129-1","1129","0001","룩소르빌딩(1129-1)","월세","22.4200","202506","17","2,000","57","14","2014","인주대로591번길 38","202506~202606","신규","-","","","아파트"
"42905","인천광역시 남동구 만수동","13","0013","0000","만수주공4단지","전세","64.6200","202506","17","17,000","0","9","1987","백범로124번길 126","202506~202606","신규","-","","","아파트"
"42906","인천광역시 남동구 만수동","1044","1044","0000","만수뉴서울아파트","월세","34.6500","202506","17","2,000","40","14","1992","담방로21번길 61","202506~202706","신규","-","","","아파트"
"42907","인천광역시 남동구 만수동","1005","1005","0000","주공8단지","월세","38.6400","202506","17","1,000","50","13","1990","담방로 105","202506~202706","갱신","사용","1,000","50","아파트"
"42908","인천광역시 남동구 만수동","1044","1044","0000","만수뉴서울아파트","월세","34.6500","202506","17","1,000","50","12","1992","담방로21번길 61","202507~202707","신규","-","","","아파트"
"42909","인천광역시 남동구 만수동","1044","1044","0000","만수뉴서울아파트","월세","34.6500","202506","17","1,000","50","3","1992","담방로21번길 61","202506~202706","신규","-","","","아파트"
"42910","인천광역시 남동구 만수동","3-9","0003","0009","정광","월세","52.2600","202506","17","1,000","45","2","1988","만수서로105번길 48","202507~202707","신규","-","","","아파트"
"42911","인천광역시 남동구 만수동","1005","1005","0000","주공8단지","월세","38.6400","202506","17","500","50","3","1990","담방로 105","202507~202707","신규","-","","","아파트"
"42912","인천광역시 서구 청라동","85-1","0085","0001","청라국제금융단지한양수자인레이크블루","전세","84.6444","202506","17","36,750","0","23","2019","청라한내로 132","202507~202707","갱신","사용","35,000","0","아파트"
"42913","인천광역시 서구 청라동","154-1","0154","0001","청라더샵레이크파크","월세","106.8930","202506","17","4,000","190","33","2013","크리스탈로74번길 26","202507~202707","신규","-","","","아파트"
"42914","인천광역시 서구 불로동","179","0179","0000","동부","월세","59.9400","202506","17","1,000","70","15","1999","검단로 851","202507~202707","신규","-","","","아파트"
"42915","인천광역시 서구 청라동","173-1","0173","0001","청라29블럭호반베르디움","전세","84.9382","202506","17","27,000","0","19","2012","청라커낼로 163","202506~202706","갱신","사용","27,000","0","아파트"
"42916","인천광역시 서구 청라동","160-1","0160","0001","청라린스트라우스","전세","124.4115","202506","17","49,350","0","41","2013","청라라임로 85","202508~202708","갱신","사용","47,000","0","아파트"
"42917","인천광역시 서구 불로동","가-","0000","0000","신검단중앙역풍경채어바니티2차","전세","110.9811","202506","17","30,000","0","9","2025","고산후로 305","202507~202707","신규","-","","","아파트"
"42918","인천광역시 서구 청라동","185-1","0185","0001","힐데스하임","월세","59.9435","202506","17","10,000","80","9","2011","청라라임로 17","202507~202710","신규","-","","","아파트"
"42919","인천광역시 서구 왕길동","697-1","0697","0001","드림파크어울림1단지","월세","84.9025","202506","17","2,000","105","12","2010","봉화로 18","202506~202706","갱신","-","2,000","90","아파트"
"42920","인천광역시 서구 청라동","184-1","0184","0001","청라엘에이치","월세","84.8600","202506","17","3,000","105","4","2011","청라커낼로 232","202507~202707","갱신","사용","3,000","95","아파트"
"42921","인천광역시 서구 원당동","1018","1018","0000","검단신도시푸르지오더베뉴","전세","84.9300","202506","17","37,000","0","26","2021","이음6로 33","202508~202708","신규","-","","","아파트"
"42922","인천광역시 서구 청라동","173-1","0173","0001","청라29블럭호반베르디움","전세","84.9289","202506","17","31,500","0","15","2012","청라커낼로 163","202507~202707","갱신","사용","30,000","0","아파트"
"42923","인천광역시 서구 원당동","823-1","0823","0001","원당LG자이(원당지구69BL1L)","전세","84.9511","202506","17","24,000","0","1","2004","원당대로839번길 34","202508~202708","신규","-","","","아파트"
"42924","인천광역시 서구 원당동","823-1","0823","0001","원당LG자이(원당지구69BL1L)","월세","84.9511","202506","17","12,000","50","3","2004","원당대로839번길 34","202507~202707","신규","-","","","아파트"
"42925","인천광역시 서구 청라동","102-16","0102","0016","청라반도유보라2.0","전세","121.7338","202506","17","31,500","0","15","2012","비즈니스로 10","202507~202707","갱신","사용","30,000","0","아파트"
"42926","인천광역시 서구 청라동","184-1","0184","0001","청라엘에이치","전세","84.8600","202506","17","31,000","0","12","2011","청라커낼로 232","202508~202708","신규","-","","","아파트"
"42927","인천광역시 서구 청라동","184-1","0184","0001","청라엘에이치","전세","84.8600","202506","17","38,000","0","12","2011","청라커낼로 232","202506~202509","갱신","-","38,000","0","아파트"
"42928","인천광역시 서구 불로동","가-","0000","0000","신검단중앙역풍경채어바니티2차","전세","110.9811","202506","17","31,000","0","19","2025","고산후로 305","202508~202708","신규","-","","","아파트"
"42929","인천광역시 서구 청라동","103-16","0103","0016","청라SKVIEW","전세","128.7778","202506","17","36,000","0","1","2011","솔빛로 93","202507~202707","신규","-","","","아파트"
"42930","인천광역시 중구 운남동","1680-2","1680","0002","e편한세상영종하늘도시","전세","59.9292","202506","17","20,000","0","1","2018","숲쟁이로 12","202508~202708","신규","-","","","아파트"
"42931","인천광역시 중구 중산동","1881-1","1881","0001","하늘도시우미린1단지","전세","59.8500","202506","17","20,000","0","8","2012","은하수로 351","202509~202709","신규","-","","","아파트"
"42932","인천광역시 중구 중산동","1881-1","1881","0001","하늘도시우미린1단지","전세","59.9600","202506","17","20,000","0","23","2012","은하수로 351","202508~202708","신규","-","","","아파트"
"42933","인천광역시 중구 중산동","1881-1","1881","0001","하늘도시우미린1단지","전세","59.8500","202506","17","19,000","0","25","2012","은하수로 351","202507~202707","갱신","-","16,000","0","아파트"
"42934","인천광역시 중구 중산동","1881-1","1881","0001","하늘도시우미린1단지","월세","59.9600","202506","17","1,000","95","28","2012","은하수로 351","202508~202708","갱신","-","1,000","85","아파트"
"42935","인천광역시 중구 운서동","2708-8","2708","0008","풍림아이원6-2단지","전세","59.9919","202506","17","14,700","0","5","2002","신도시북로 68","202509~202708","갱신","사용","14,000","0","아파트"
"42936","인천광역시 중구 운서동","2708-8","2708","0008","풍림아이원6-2단지","월세","59.9919","202506","17","1,500","80","1","2002","신도시북로 68","202507~202707","신규","-","","","아파트"
"42937","인천광역시 중구 운서동","3103-9","3103","0009","영종1단지엘에이치","월세","59.8300","202506","17","4,517","27","7","2012","영종대로278번길 50","202508~202707","갱신","-","4,386","26","아파트"
"42938","인천광역시 중구 운서동","3102-1","3102","0001","영종엘에이치2단지","월세","22.8400","202506","17","3,225","6","18","2018","영종대로252번길 12","202508~202707","갱신","-","2,160","11","아파트"
"42939","인천광역시 중구 신흥동3가","31-13","0031","0013","인천유림노르웨이숲에듀오션","전세","59.8723","202506","17","19,500","0","15","2023","서해대로 278","202508~202708","신규","-","","","아파트"
"42940","인천광역시 동구 송현동","1-9","0001","0009","송현2","월세","46.4400","202506","17","500","35","3","1984","인중로 635","202508~202708","신규","-","","","아파트"
"42941","인천광역시 중구 신흥동2가","54-5","0054","0005","삼익","월세","80.3000","202506","17","1,000","45","14","1979","인중로 97-1","202506~202606","신규","-","","","아파트"
"42942","인천광역시 동구 송림동","339","0339","0000","풍림아이원","월세","59.9700","202506","17","2,000","75","6","2009","송미로 6","202506~202706","신규","-","","","아파트"
"42943","인천광역시 미추홀구 용현동","664","0664","0000","인천 SK Sky VIEW","월세","84.9801","202506","17","3,000","140","17","2016","용정공원로 33","202506~202706","신규","-","","","아파트"
"42944","인천광역시 미추홀구 용현동","690","0690","0000","엘에이치미추홀3단지","월세","16.9800","202506","17","2,904","7","16","2018","낙섬중로 129","202508~202707","갱신","-","2,140","10","아파트"
"42945","인천광역시 미추홀구 용현동","647","0647","0000","용현2단지금호타운","전세","59.9400","202506","17","20,000","0","15","1999","매소홀로 68","202508~202708","신규","-","","","아파트"
"42946","인천광역시 미추홀구 학익동","739","0739","0000","인천학익두산위브","전세","125.8790","202506","17","39,000","0","23","2011","노적산로 43","202507~202707","신규","-","","","아파트"
"42947","인천광역시 미추홀구 학익동","711-3","0711","0003","현광1차","전세","84.6450","202506","17","21,000","0","6","2000","한나루로357번길 165","202507~202707","신규","-","","","아파트"
"42948","인천광역시 미추홀구 학익동","739","0739","0000","인천학익두산위브","전세","125.8790","202506","17","39,000","0","23","2011","노적산로 43","202507~202707","신규","-","","","아파트"
"42949","인천광역시 미추홀구 학익동","684-4","0684","0004","대동1","월세","42.7200","202506","17","2,000","40","3","1988","매소홀로 402","202507~202707","신규","-","","","아파트"
"42950","인천광역시 미추홀구 학익동","38","0038","0000","한국공영","월세","46.4500","202506","17","1,000","48","1","1982","학익소로63번길 37","202507~202707","신규","-","","","아파트"
"42951","인천광역시 중구 운남동","1778","1778","0000","운서역푸르지오더스카이","월세","84.8300","202506","17","3,000","56","8","2021","흰바위로 277","202509~202709","갱신","-","3,000","55","아파트"
"42952","인천광역시 중구 운남동","1778","1778","0000","운서역푸르지오더스카이","월세","84.6900","202506","17","3,000","56","8","2021","흰바위로 277","202508~202708","갱신","-","3,000","54","아파트"
"42953","인천광역시 중구 운남동","1778","1778","0000","운서역푸르지오더스카이","월세","84.8300","202506","17","11,900","31","17","2021","흰바위로 277","202509~202708","갱신","-","11,900","29","아파트"
"42954","인천광역시 중구 운남동","1709-1","1709","0001","영종베르힐스카이시티","월세","84.3391","202506","17","2,000","110","24","2024","찬들로 141","202507~202707","신규","-","","","아파트"
"42955","인천광역시 중구 운남동","1779","1779","0000","영종센트럴푸르지오자이","전세","84.6348","202506","17","22,000","0","12","2019","은하수로 412","-","-","-","","","아파트"
"42956","인천광역시 중구 운남동","1779","1779","0000","영종센트럴푸르지오자이","전세","84.6348","202506","17","22,000","0","12","2019","은하수로 412","202506~202509","갱신","-","22,000","0","아파트"
"42957","인천광역시 중구 운남동","1779","1779","0000","영종센트럴푸르지오자이","전세","84.6872","202506","17","26,000","0","14","2019","은하수로 412","202506~202706","신규","-","","","아파트"
"42958","인천광역시 중구 운남동","1709-1","1709","0001","영종베르힐스카이시티","월세","84.3391","202506","17","2,000","110","24","2024","찬들로 141","202507~202707","신규","-","","","아파트"
"42959","인천광역시 미추홀구 도화동","1002","1002","0000","더샵인천스카이타워2단지","전세","74.9643","202506","17","31,000","0","8","2020","숙골로87번길 5","202508~202708","신규","-","","","아파트"
"42960","인천광역시 미추홀구 도화동","982","0982","0000","도화동신동아파밀리에","월세","84.7280","202506","17","5,000","65","1","2012","송림로 194","202507~202707","신규","-","","","아파트"
"42961","인천광역시 미추홀구 도화동","105-1","0105","0001","태화","월세","64.8550","202506","17","500","50","1","1984","석정로 291","202508~202608","신규","-","","","아파트"
"42962","인천광역시 남동구 논현동","755-1","0755","0001","에코메트로5","월세","84.9470","202506","17","3,000","140","19","2010","소래역남로 39","202506~202706","갱신","사용","3,000","135","아파트"
"42963","인천광역시 부평구 부평동","947","0947","0000","래미안부평","전세","59.9230","202506","17","36,000","0","14","2014","길주남로10번길 21","202507~202707","갱신","-","33,000","0","아파트"
"42964","인천광역시 부평구 부개동","531","0531","0000","e편한세상부평역어반루체","월세","59.9924","202506","17","10,000","90","10","2022","경인로1024번길 21","202507~202707","신규","-","","","아파트"
"42965","인천광역시 부평구 부개동","498-5","0498","0005","부개주공3","월세","39.9900","202506","17","1,000","65","11","1996","길주남로 144","202506~202508","갱신","-","15,000","0","아파트"
"42966","인천광역시 부평구 부개동","477-3","0477","0003","뉴서울","전세","39.4800","202506","17","13,000","0","2","1989","충선로 191","202506~202706","갱신","사용","13,000","0","아파트"
"42967","인천광역시 부평구 부개동","520","0520","0000","부평코오롱하늘채","전세","72.9227","202506","17","39,500","0","7","2020","동수천로 117","202506~202706","갱신","사용","39,500","0","아파트"
"42968","인천광역시 부평구 부개동","497-1","0497","0001","상우신명보람","전세","111.4100","202506","17","37,000","0","16","1998","길주남로 175","202507~202707","갱신","-","29,000","0","아파트"
"42969","인천광역시 부평구 부개동","477-1","0477","0001","대동","월세","48.4800","202506","17","1,000","50","1","1988","길주로 640","202509~202709","신규","-","","","아파트"
"42970","인천광역시 부평구 부평동","115-9","0115","0009","부평센트레빌","월세","34.6500","202506","17","1,000","70","11","2013","부흥로 361","202506~202706","신규","-","","","아파트"
"42971","인천광역시 부평구 삼산동","445-5","0445","0005","삼산타운2단지","전세","84.9800","202506","17","42,000","0","7","2005","수변로 333","202508~202708","신규","-","","","아파트"
"42972","인천광역시 부평구 삼산동","456-8","0456","0008","주공삼산타운4단지","월세","45.3200","202506","17","4,527","10","6","2004","체육관로 111","202505~202706","신규","-","","","아파트"
"42973","인천광역시 부평구 삼산동","512","0512","0000","삼산3휴먼시아1단지","월세","39.5700","202506","17","4,668","9","12","2010","영성동로18번길 19","202509~202708","갱신","-","2,357","19","아파트"
"42974","인천광역시 부평구 삼산동","512","0512","0000","삼산3휴먼시아1단지","월세","46.9000","202506","17","6,108","11","5","2010","영성동로18번길 19","202508~202707","갱신","-","3,064","25","아파트"
"42975","인천광역시 부평구 삼산동","512","0512","0000","삼산3휴먼시아1단지","월세","39.5700","202506","17","2,468","20","12","2010","영성동로18번길 19","202509~202708","갱신","-","2,357","19","아파트"
"42976","인천광역시 부평구 십정동","642","0642","0000","힐스테이트부평","전세","84.9900","202506","17","37,800","0","22","2023","경원대로 1192","202507~202707","갱신","사용","36,000","0","아파트"
"42977","인천광역시 부평구 십정동","642","0642","0000","힐스테이트부평","전세","59.9900","202506","17","26,250","0","23","2023","경원대로 1192","202507~202707","갱신","사용","25,000","0","아파트"
"42978","인천광역시 부평구 십정동","630","0630","0000","더샵부평센트럴시티","월세","69.3321","202506","17","16,500","44","34","2022","열우물로 90","202508~202708","신규","-","","","아파트"
"42979","인천광역시 부평구 십정동","630","0630","0000","더샵부평센트럴시티","월세","69.4834","202506","17","16,500","46","24","2022","열우물로 90","202508~202708","신규","-","","","아파트"
"42980","인천광역시 부평구 십정동","630","0630","0000","더샵부평센트럴시티","월세","59.5385","202506","17","13,000","36","8","2022","열우물로 90","202507~202707","신규","-","","","아파트"
"42981","인천광역시 부평구 십정동","642","0642","0000","힐스테이트부평","전세","59.9900","202506","17","28,000","0","15","2023","경원대로 1192","202506~202706","갱신","-","23,000","0","아파트"
"42982","인천광역시 부평구 십정동","630","0630","0000","더샵부평센트럴시티","월세","84.1614","202506","17","14,000","66","26","2022","열우물로 90","202508~202708","갱신","-","14,000","64","아파트"
"42983","인천광역시 부평구 십정동","630","0630","0000","더샵부평센트럴시티","월세","69.2824","202506","17","10,500","65","23","2022","열우물로 90","202508~202708","갱신","-","10,500","63","아파트"
"42984","인천광역시 부평구 십정동","630","0630","0000","더샵부평센트럴시티","월세","69.3321","202506","17","16,500","44","34","2022","열우물로 90","202507~202707","갱신","-","16,500","44","아파트"
"42985","인천광역시 부평구 십정동","642","0642","0000","힐스테이트부평","전세","46.9800","202506","17","21,000","0","18","2023","경원대로 1192","202507~202707","갱신","사용","20,000","0","아파트"
"42986","인천광역시 부평구 십정동","607","0607","0000","동암신동아","전세","59.8000","202506","17","17,325","0","13","2000","아트센터로 118","202507~202707","갱신","사용","16,500","0","아파트"
"42987","인천광역시 부평구 십정동","630","0630","0000","더샵부평센트럴시티","월세","59.5385","202506","17","13,000","36","8","2022","열우물로 90","202507~202707","갱신","-","13,000","36","아파트"
"42988","인천광역시 부평구 십정동","630","0630","0000","더샵부평센트럴시티","월세","59.5385","202506","17","13,000","36","8","2022","열우물로 90","202507~202707","갱신","-","13,000","36","아파트"
"42989","인천광역시 부평구 산곡동","550","0550","0000","부평캐슬&더샵퍼스트","전세","84.8843","202506","17","44,000","0","7","2024","산청로 60","202508~202708","신규","-","","","아파트"
"42990","인천광역시 부평구 산곡동","124-23","0124","0023","한화1단지","전세","59.6600","202506","17","23,000","0","7","1997","원적로 361","202508~202708","신규","-","","","아파트"
"42991","인천광역시 부평구 산곡동","507","0507","0000","금호이수마운트밸리","전세","59.8167","202506","17","23,625","0","16","2007","원적로 344","202507~202707","갱신","사용","22,500","0","아파트"
"42992","인천광역시 부평구 산곡동","255-1","0255","0001","뉴서울아파트","월세","84.8750","202506","17","3,000","90","8","1991","마장로264번길 33","202508~202708","신규","-","","","아파트"
"42993","인천광역시 부평구 산곡동","370-399","0370","0399","현대3차","전세","125.3400","202506","17","23,100","0","9","1990","마장로 121","202508~202708","갱신","사용","22,000","0","아파트"
"42994","인천광역시 부평구 부평동","956","0956","0000","부평역한라비발디트레비앙","전세","59.8250","202506","17","28,500","0","25","2023","동수북로 188","202508~202708","신규","-","","","아파트"
"42995","인천광역시 부평구 부평동","534-96","0534","0096","두산위브","월세","59.7600","202506","17","2,000","90","10","2005","경원대로1344번길 8","202508~202708","신규","-","","","아파트"
"42996","인천광역시 부평구 부평동","995","0995","0000","부평역화성파크드림","전세","75.8025","202506","17","34,500","0","26","2020","동수로 80","202507~202707","신규","-","","","아파트"
"42997","인천광역시 부평구 산곡동","38-36","0038","0036","동남","월세","44.2800","202506","17","1,000","40","4","1988","산청로 32","202507~202707","신규","-","","","아파트"
"42998","인천광역시 부평구 산곡동","307","0307","0000","현대1차","월세","84.6000","202506","17","5,000","90","4","1986","경원대로 1269","202507~202707","신규","-","","","아파트"
"42999","인천광역시 부평구 산곡동","524","0524","0000","부평신일해피트리더루츠","전세","39.7240","202506","17","22,700","0","20","2022","산곡로 31","202508~202708","신규","-","","","아파트"
"43000","인천광역시 남동구 논현동","599-1","0599","0001","주공14단지(등대마을)","월세","46.8100","202506","17","2,334","27","9","2006","청능대로715번길 22","202507~202706","갱신","-","2,229","27","아파트"
"43001","인천광역시 남동구 논현동","755-1","0755","0001","에코메트로5","전세","84.9470","202506","17","31,000","0","34","2010","소래역남로 39","202508~202708","갱신","사용","30,000","0","아파트"
"43002","인천광역시 남동구 논현동","764-4","0764","0004","논현유승한내들","전세","56.8743","202506","17","30,000","0","3","2018","에코중앙로66번길 6","202509~202709","신규","-","","","아파트"
"43003","인천광역시 남동구 논현동","774-1","0774","0001","에코메트로11","전세","84.9930","202506","17","30,450","0","21","2009","논고개로 17","202506~202706","갱신","사용","29,000","0","아파트"
"43004","인천광역시 남동구 논현동","66-24","0066","0024","유호엔시티101-103동","월세","101.1212","202506","17","3,000","110","2","2013","포구로 35","202506~202706","갱신","-","2,000","100","아파트"
"43005","인천광역시 남동구 논현동","549","0549","0000","한라","월세","59.7000","202506","17","2,000","60","4","1996","포구로 64-6","202506~202606","신규","-","","","아파트"
"43006","인천광역시 남동구 논현동","764-4","0764","0004","논현유승한내들","월세","56.1574","202506","17","4,000","100","23","2018","에코중앙로66번길 6","202506~202606","신규","-","","","아파트"
"43007","인천광역시 연수구 송도동","190-4","0190","0004","송도더샵센트럴시티","월세","59.9700","202506","17","5,000","79","3","2018","송도국제대로 261","202509~202709","신규","-","","","아파트"
"43008","인천광역시 연수구 송도동","396-11","0396","0011","송도자이더스타","전세","84.7098","202506","17","45,000","0","18","2024","아카데미로343번길 63","202507~202707","신규","-","","","아파트"
"43009","인천광역시 연수구 송도동","30-1","0030","0001","디에트르송도시그니처뷰","월세","114.9815","202506","17","5,000","250","28","2023","인천타워대로 393","202508~202708","신규","-","","","아파트"
"43010","인천광역시 연수구 송도동","112","0112","0000","송도더샵마스터뷰23-1BL","월세","84.9400","202506","17","3,630","133","22","2015","컨벤시아대로274번길 15","202506~202606","갱신","사용","3,460","127","아파트"
"43011","인천광역시 연수구 송도동","315-1","0315","0001","송도SKVIEW","전세","84.6541","202506","17","36,000","0","5","2019","랜드마크로 19","202507~202707","신규","-","","","아파트"
"43012","인천광역시 연수구 송도동","396-1","0396","0001","송도LuxeOceanSKVIEW","월세","84.9620","202506","17","3,000","150","32","2025","랜드마크로 350","202507~202707","신규","-","","","아파트"
"43013","인천광역시 연수구 송도동","105-2","0105","0002","더샵송도센터니얼","전세","98.9700","202506","17","55,000","0","12","2023","컨벤시아대로274번길 62","202509~202709","신규","-","","","아파트"
"43014","인천광역시 연수구 송도동","397-8","0397","0008","힐스테이트레이크송도2차","전세","84.9600","202506","17","33,000","0","9","2020","아카데미로 446","202506~202706","갱신","사용","47,000","0","아파트"
"43015","인천광역시 연수구 송도동","312-1","0312","0001","호반써밋송도","전세","84.8714","202506","17","18,000","0","13","2023","랜드마크로 20","202507~202707","신규","-","","","아파트"
"43016","인천광역시 연수구 송도동","18-6","0018","0006","더샵그린워크1차","전세","84.3408","202506","17","45,000","0","4","2014","아트센터대로97번길 30","202506~202706","갱신","-","44,000","0","아파트"
"43017","인천광역시 연수구 송도동","21-16","0021","0016","월드메르디앙송도","전세","78.9789","202506","17","40,000","0","9","2023","신송로 165-17","202507~202707","신규","-","","","아파트"
"43018","인천광역시 연수구 송도동","192-1","0192","0001","더샵그린스퀘어","월세","125.9313","202506","17","5,000","250","41","2014","송도문화로28번길 81","202507~202707","신규","-","","","아파트"
"43019","인천광역시 연수구 송도동","30-2","0030","0002","힐스테이트송도더스카이","전세","102.8888","202506","17","60,000","0","24","2024","인천타워대로 365","202507~202707","신규","-","","","아파트"
"43020","인천광역시 연수구 송도동","191-4","0191","0004","송도에듀포레푸르지오","전세","59.9410","202506","17","33,075","0","18","2016","송도문화로84번길 24","202508~202708","신규","-","","","아파트"
"43021","인천광역시 연수구 옥련동","640-1","0640","0001","아주1","월세","29.7000","202506","17","500","55","5","1997","옥련로99번길 42","202507~202607","신규","-","","","아파트"
"43022","인천광역시 연수구 청학동","455","0455","0000","하나타운1","월세","59.7900","202506","17","2,000","75","7","1995","용담로 14","202506~202706","신규","-","","","아파트"
"43023","인천광역시 연수구 송도동","19-3","0019","0003","송도더샵그린워크3차(18-1블럭)","전세","84.7300","202506","17","39,900","0","25","2015","컨벤시아대로130번길 100","202507~202707","갱신","사용","38,000","0","아파트"
"43024","인천광역시 연수구 옥련동","642-1","0642","0001","한국","전세","84.5660","202506","17","22,000","0","14","1997","청량로199번길 29","202508~202708","신규","-","","","아파트"
"43025","인천광역시 연수구 옥련동","626","0626","0000","럭키송도","전세","101.4900","202506","17","28,000","0","5","1993","능허대로79번길 30","202504~202604","갱신","-","31,000","0","아파트"
"43026","인천광역시 연수구 송도동","20-4","0020","0004","송도아이비원","월세","59.3215","202506","17","5,000","150","10","2024","컨벤시아대로42번길 21","202507~202707","신규","-","","","아파트"
"43027","인천광역시 연수구 송도동","17-3","0017","0003","더샵그린워크2차","월세","99.9837","202506","17","3,000","250","12","2014","아트센터대로97번길 15","202507~202707","갱신","-","3,000","230","아파트"
"43028","인천광역시 연수구 송도동","110","0110","0000","송도더샵마스터뷰21BL","전세","84.9200","202506","17","37,000","0","28","2015","컨벤시아대로274번길 55","202508~202708","신규","-","","","아파트"
"43029","인천광역시 미추홀구 주안동","1628","1628","0000","주안역센트레빌","전세","59.9698","202506","17","24,150","0","25","2021","염전로 414","202508~202708","갱신","사용","23,000","0","아파트"
"43030","인천광역시 미추홀구 주안동","1614","1614","0000","월드스테이트(101~111,124~132)","전세","126.9190","202506","17","40,000","0","19","2008","경원대로 884","202507~202707","신규","-","","","아파트"
"43031","인천광역시 미추홀구 주안동","1210-3","1210","0003","주안아파트","월세","44.4150","202506","17","500","55","1","1986","주승로 141-17","202507~202707","신규","-","","","아파트"
"43032","인천광역시 미추홀구 주안동","1678","1678","0000","힐스테이트푸르지오주안","월세","93.9700","202506","17","5,000","137","2","2023","남주길 150","202507~202707","갱신","사용","5,000","130","아파트"
"43033","인천광역시 미추홀구 주안동","1465-36","1465","0036","욱일","월세","47.4350","202506","17","500","45","2","1982","인하로299번길 21","202506~202706","신규","-","","","아파트"
"43034","인천광역시 미추홀구 주안동","1662","1662","0000","주안파크자이더플래티넘","전세","36.8110","202506","17","17,850","0","10","2023","인하로222번길 20","202508~202708","갱신","사용","17,000","0","아파트"
"43035","인천광역시 미추홀구 주안동","1628","1628","0000","주안역센트레빌","전세","59.9813","202506","17","31,000","0","15","2021","염전로 414","202508~202708","신규","-","","","아파트"
"43036","인천광역시 미추홀구 주안동","1628","1628","0000","주안역센트레빌","전세","59.9813","202506","17","24,150","0","4","2021","염전로 414","202507~202707","갱신","사용","23,000","0","아파트"
"43037","인천광역시 미추홀구 주안동","1614","1614","0000","월드스테이트(101~111,124~132)","전세","126.9190","202506","17","37,000","0","29","2008","경원대로 884","202507~202707","갱신","-","35,000","0","아파트"
"43038","인천광역시 미추홀구 주안동","1628","1628","0000","주안역센트레빌","월세","59.9824","202506","17","5,000","95","18","2021","염전로 414","202508~202708","신규","-","","","아파트"
"43039","인천광역시 연수구 송도동","396-11","0396","0011","송도자이더스타","전세","84.7098","202506","17","40,000","0","25","2024","아카데미로343번길 63","202508~202708","신규","-","","","아파트"
"43040","인천광역시 연수구 송도동","310-1","0310","0001","송도오션파크베르디움","월세","84.9128","202506","17","3,000","150","2","2020","랜드마크로 110","202507~202707","신규","-","","","아파트"
"43041","인천광역시 연수구 송도동","17-3","0017","0003","더샵그린워크2차","월세","84.9859","202506","17","4,000","200","25","2014","아트센터대로97번길 15","202507~202707","신규","-","","","아파트"
"43042","인천광역시 연수구 송도동","190-2","0190","0002","글로벌캠퍼스푸르지오","전세","101.2500","202506","17","47,000","0","11","2013","송도문화로28번길 28","202509~202708","신규","-","","","아파트"
"43043","인천광역시 연수구 송도동","396-1","0396","0001","송도LuxeOceanSKVIEW","월세","84.9833","202506","17","3,000","160","41","2025","랜드마크로 350","202508~202708","신규","-","","","아파트"
"43044","인천광역시 연수구 송도동","396-1","0396","0001","송도LuxeOceanSKVIEW","월세","130.7783","202506","17","10,000","270","14","2025","랜드마크로 350","202508~202608","신규","-","","","아파트"
"43045","인천광역시 연수구 연수동","533","0533","0000","연수주공2차","전세","41.3000","202506","17","13,000","0","14","1992","원인재로 315","202508~202708","신규","-","","","아파트"
"43046","인천광역시 연수구 연수동","532","0532","0000","대림","전세","62.4820","202506","17","25,000","0","4","1993","원인재로 300","202509~202709","신규","-","","","아파트"
"43047","인천광역시 연수구 연수동","582-2","0582","0002","솔밭마을아파트","전세","49.5600","202506","17","18,000","0","6","1993","원인재로 232","202506~202706","갱신","사용","18,000","0","아파트"
"43048","인천광역시 연수구 연수동","533","0533","0000","연수주공2차","전세","49.9400","202506","17","17,000","0","11","1992","원인재로 315","202509~202709","갱신","-","13,650","0","아파트"
"43049","인천광역시 연수구 연수동","633","0633","0000","대동","전세","52.1400","202506","17","19,000","0","6","1993","벚꽃로 172","202507~202707","갱신","-","18,000","0","아파트"
"43050","인천광역시 연수구 연수동","532","0532","0000","경남","전세","70.2800","202506","17","16,000","0","2","1993","원인재로 312","202508~202708","신규","-","","","아파트"
"43051","인천광역시 연수구 연수동","533","0533","0000","연수주공2차","전세","41.3000","202506","17","13,000","0","14","1992","원인재로 315","202508~202708","신규","-","","","아파트"
"43052","인천광역시 연수구 연수동","532","0532","0000","대림","전세","62.4820","202506","17","25,000","0","4","1993","원인재로 300","202509~202709","신규","-","","","아파트"
"43053","인천광역시 연수구 연수동","532","0532","0000","경남","전세","70.2800","202506","17","16,000","0","2","1993","원인재로 312","202508~202708","신규","-","","","아파트"
"43054","인천광역시 연수구 송도동","30-1","0030","0001","디에트르송도시그니처뷰","월세","114.9815","202506","17","5,000","250","29","2023","인천타워대로 393","202508~202708","신규","-","","","아파트"
"43055","인천광역시 연수구 송도동","105-2","0105","0002","더샵송도센터니얼","전세","98.9700","202506","17","55,000","0","12","2023","컨벤시아대로274번길 62","202509~202709","신규","-","","","아파트"
"43056","인천광역시 연수구 송도동","396-1","0396","0001","송도LuxeOceanSKVIEW","월세","130.7783","202506","17","5,000","300","33","2025","랜드마크로 350","202509~202708","신규","-","","","아파트"
"43057","인천광역시 연수구 송도동","192-8","0192","0008","베르디움더퍼스트","전세","63.9487","202506","17","30,200","0","26","2017","송도문화로84번길 84","202507~202707","갱신","-","28,800","0","아파트"
"43058","인천광역시 연수구 송도동","18-6","0018","0006","더샵그린워크1차","전세","72.5113","202506","17","40,000","0","28","2014","아트센터대로97번길 30","202508~202708","신규","-","","","아파트"
"43059","인천광역시 연수구 송도동","9-29","0009","0029","송도웰카운티2단지","전세","84.9700","202506","17","31,500","0","5","2007","해송로 70","202507~202707","갱신","사용","30,000","0","아파트"
"43060","인천광역시 연수구 송도동","3-10","0003","0010","송도풍림아이원2단지","월세","84.9400","202506","17","3,000","120","2","2005","해돋이로120번길 16","202507~202707","갱신","-","2,500","120","아파트"
"43061","인천광역시 연수구 동춘동","923","0923","0000","연수타운(금호,동아)","월세","94.7700","202506","17","5,000","120","9","1993","청능대로 124","202507~202707","신규","-","","","아파트"
"43062","인천광역시 연수구 동춘동","924-3","0924","0003","래미안","전세","95.7600","202506","17","28,000","0","4","1993","원인재로 81","202508~202708","신규","-","","","아파트"
"43063","인천광역시 연수구 동춘동","925-7","0925","0007","연수대우.삼환","월세","90.1800","202506","17","3,000","120","12","1994","원인재로 88","202507~202707","신규","-","","","아파트"
"43064","인천광역시 미추홀구 주안동","1678","1678","0000","힐스테이트푸르지오주안","전세","84.9700","202506","16","40,000","0","30","2023","남주길 150","202507~202707","신규","-","","","아파트"
"43065","인천광역시 연수구 동춘동","921","0921","0000","동춘마을","월세","59.3600","202506","16","2,000","75","3","1994","먼우금로 123","202507~202707","신규","-","","","아파트"
"43066","인천광역시 연수구 동춘동","928","0928","0000","현대1","전세","84.9700","202506","16","23,500","0","7","1993","원인재로 56","202507~202707","갱신","사용","22,500","0","아파트"
"43067","인천광역시 연수구 동춘동","922","0922","0000","풍림3","전세","84.3000","202506","16","23,000","0","5","1993","먼우금로 149","202508~202708","신규","-","","","아파트"
"43068","인천광역시 연수구 청학동","451","0451","0000","시대","전세","35.7430","202506","16","12,000","0","3","1994","용담로 3","202507~202707","신규","-","","","아파트"
"43069","인천광역시 연수구 동춘동","931","0931","0000","무지개마을","월세","59.7600","202506","16","11,000","35","4","1995","원인재로 14","202507~202707","신규","-","","","아파트"
"43070","인천광역시 연수구 동춘동","925-7","0925","0007","연수대우.삼환","월세","90.1800","202506","16","3,000","120","15","1994","원인재로 88","202506~202706","신규","-","","","아파트"
"43071","인천광역시 연수구 연수동","593","0593","0000","연수푸르지오2단지","전세","122.5100","202506","16","40,000","0","19","2011","벚꽃로 130-4","202508~202708","신규","-","","","아파트"
"43072","인천광역시 연수구 연수동","578-2","0578","0002","주공3","월세","44.6600","202506","16","500","53","6","1993","새말로 154","202506~202706","갱신","-","500","50","아파트"
"43073","인천광역시 연수구 연수동","535-2","0535","0002","인향","전세","84.9750","202506","16","18,000","0","2","1992","함박뫼로 123","202509~202709","신규","-","","","아파트"
"43074","인천광역시 연수구 연수동","582-2","0582","0002","솔밭마을아파트","전세","49.5600","202506","16","15,500","0","14","1993","원인재로 232","202507~202707","갱신","-","13,600","0","아파트"
"43075","인천광역시 연수구 연수동","534","0534","0000","유천","월세","84.8700","202506","16","2,000","110","6","1993","먼우금로 302","202506~202706","신규","-","","","아파트"
"43076","인천광역시 연수구 연수동","634","0634","0000","우성2","전세","59.5900","202506","16","19,950","0","13","1995","원인재로 180","202507~202707","갱신","사용","19,000","0","아파트"
"43077","인천광역시 연수구 연수동","582","0582","0000","풍림1","전세","84.8100","202506","16","19,950","0","8","1992","함박뫼로 250","-","-","-","","","아파트"
"43078","인천광역시 연수구 연수동","634","0634","0000","우성2","전세","40.5000","202506","16","13,000","0","22","1995","원인재로 180","202507~202707","신규","-","","","아파트"
"43079","인천광역시 연수구 연수동","593","0593","0000","연수푸르지오2단지","전세","122.5100","202506","16","40,000","0","19","2011","벚꽃로 130-4","202508~202708","신규","-","","","아파트"
"43080","인천광역시 연수구 연수동","582","0582","0000","풍림1","전세","84.8100","202506","16","19,950","0","8","1992","함박뫼로 250","202508~202708","갱신","사용","19,000","0","아파트"
"43081","인천광역시 연수구 연수동","578-2","0578","0002","주공3","전세","44.6600","202506","16","15,000","0","7","1993","새말로 154","202507~202707","신규","-","","","아파트"
"43082","인천광역시 미추홀구 주안동","1678","1678","0000","힐스테이트푸르지오주안","전세","59.9600","202506","16","31,000","0","18","2023","남주길 150","202507~202707","신규","-","","","아파트"
"43083","인천광역시 미추홀구 주안동","867-8","0867","0008","경신","월세","61.2700","202506","16","300","35","3","1990","주승로31번길 6","202506~202706","신규","-","","","아파트"
"43084","인천광역시 미추홀구 주안동","1487-4","1487","0004","현광","전세","40.5000","202506","16","6,500","0","5","1987","인주대로434번길 30","202507~202707","신규","-","","","아파트"
"43085","인천광역시 연수구 옥련동","632","0632","0000","서해","월세","59.8850","202506","16","2,000","80","11","1995","청량로185번길 16","202506~202606","갱신","-","1,000","79","아파트"
"43086","인천광역시 연수구 옥련동","642-1","0642","0001","한국","전세","59.9860","202506","16","15,000","0","5","1997","청량로199번길 29","202507~202607","갱신","-","15,000","0","아파트"
"43087","인천광역시 연수구 옥련동","633","0633","0000","현대2차아파트","월세","59.9850","202506","16","1,000","95","3","1996","독배로 58","202506~202706","신규","-","","","아파트"
"43088","인천광역시 연수구 선학동","340","0340","0000","태산,대진.정광아파트","월세","64.3800","202506","16","1,500","50","6","1991","선학로 37","202507~202707","신규","-","","","아파트"
"43089","인천광역시 연수구 송도동","310-1","0310","0001","송도오션파크베르디움","전세","84.7950","202506","16","34,000","0","21","2020","랜드마크로 110","202507~202707","갱신","-","31,000","0","아파트"
"43090","인천광역시 연수구 송도동","315-1","0315","0001","송도SKVIEW","월세","84.9753","202506","16","17,000","90","7","2019","랜드마크로 19","202506~202706","갱신","-","13,000","90","아파트"
"43091","인천광역시 연수구 송도동","30-1","0030","0001","디에트르송도시그니처뷰","월세","114.9815","202506","16","5,000","250","13","2023","인천타워대로 393","202508~202708","신규","-","","","아파트"
"43092","인천광역시 연수구 송도동","396-1","0396","0001","송도LuxeOceanSKVIEW","월세","84.9620","202506","16","3,000","140","14","2025","랜드마크로 350","202507~202707","신규","-","","","아파트"
"43093","인천광역시 연수구 송도동","312-1","0312","0001","호반써밋송도","전세","101.7250","202506","16","42,000","0","36","2023","랜드마크로 20","202509~202709","갱신","사용","40,000","0","아파트"
"43094","인천광역시 연수구 송도동","155-1","0155","0001","송도아메리칸타운더샵","전세","108.6273","202506","16","65,000","0","10","2025","송도과학로27번길 27","202507~202707","신규","-","","","아파트"
"43095","인천광역시 연수구 송도동","9-31","0009","0031","송도웰카운티1단지","월세","84.9600","202506","16","3,000","170","12","2008","해송로 143","-","-","-","","","아파트"
"43096","인천광역시 연수구 송도동","396-1","0396","0001","송도LuxeOceanSKVIEW","월세","84.9620","202506","16","3,000","140","14","2025","랜드마크로 350","202507~202707","신규","-","","","아파트"
"43097","인천광역시 연수구 송도동","397-11","0397","0011","힐스테이트레이크송도1차","월세","84.9700","202506","16","1,000","150","19","2019","아카데미로312번길 177","202507~202607","신규","-","","","아파트"
"43098","인천광역시 연수구 송도동","100","0100","0000","송도더샵퍼스트파크F13-1BL","전세","68.7200","202506","16","37,000","0","21","2017","컨벤시아대로252번길 70","202508~202708","신규","-","","","아파트"
"43099","인천광역시 연수구 송도동","315-1","0315","0001","송도SKVIEW","월세","84.9753","202506","16","17,000","90","7","2019","랜드마크로 19","-","-","-","","","아파트"
"43100","인천광역시 연수구 송도동","92","0092","0000","더샵송도센트럴파크Ⅲ","전세","102.4900","202506","16","63,000","0","10","2022","인천타워대로180번길 11","202506~202706","갱신","사용","60,000","0","아파트"
"43101","인천광역시 연수구 송도동","4-1","0004","0001","더샵퍼스트월드","월세","125.9670","202506","16","5,000","210","20","2009","해돋이로 107","202507~202707","갱신","-","4,000","160","아파트"
"43102","인천광역시 연수구 송도동","9-31","0009","0031","송도웰카운티1단지","전세","119.9100","202506","16","50,000","0","8","2008","해송로 143","202508~202708","신규","-","","","아파트"
"43103","인천광역시 연수구 송도동","18-6","0018","0006","더샵그린워크1차","전세","84.8682","202506","16","42,000","0","6","2014","아트센터대로97번길 30","-","-","-","","","아파트"
"43104","인천광역시 연수구 송도동","23-4","0023","0004","더샵센트럴파크2","전세","104.7392","202506","16","55,000","0","12","2011","센트럴로 194","202508~202708","신규","-","","","아파트"
"43105","인천광역시 연수구 송도동","102","0102","0000","송도더샵퍼스트파크F15BL","월세","59.8900","202506","16","3,000","116","25","2017","컨벤시아대로252번길 30","202510~202709","갱신","-","3,000","110","아파트"
"43106","인천광역시 연수구 송도동","18-6","0018","0006","더샵그린워크1차","전세","84.8682","202506","16","42,000","0","6","2014","아트센터대로97번길 30","202509~202708","갱신","사용","40,000","0","아파트"
"43107","인천광역시 연수구 송도동","396-11","0396","0011","송도자이더스타","월세","84.7098","202506","16","3,000","180","17","2024","아카데미로343번길 63","202507~202707","신규","-","","","아파트"
"43108","인천광역시 연수구 송도동","396-11","0396","0011","송도자이더스타","전세","84.7098","202506","16","40,000","0","4","2024","아카데미로343번길 63","202508~202708","신규","-","","","아파트"
"43109","인천광역시 연수구 송도동","319-1","0319","0001","e편한세상송도","월세","84.2538","202506","16","20,000","60","5","2018","랜드마크로 113","202507~202707","신규","-","","","아파트"
"43110","인천광역시 연수구 송도동","310-1","0310","0001","송도오션파크베르디움","전세","84.7950","202506","16","27,000","0","10","2020","랜드마크로 110","202506~202706","갱신","-","24,000","0","아파트"
"43111","인천광역시 연수구 송도동","319-1","0319","0001","e편한세상송도","전세","84.4163","202506","16","34,000","0","25","2018","랜드마크로 113","202507~202707","신규","-","","","아파트"
"43112","인천광역시 연수구 송도동","308-1","0308","0001","더샵송도마리나베이","전세","84.9738","202506","16","37,000","0","22","2020","랜드마크로 160","202507~202707","신규","-","","","아파트"
"43113","인천광역시 연수구 송도동","191-2","0191","0002","송도글로벌파크베르디움","전세","63.9721","202506","16","35,000","0","27","2017","송도문화로28번길 27","202507~202707","신규","-","","","아파트"
"43114","인천광역시 연수구 송도동","33-1","0033","0001","송도아트윈푸르지오","전세","106.7800","202506","16","51,000","0","27","2015","인천타워대로 253-25","202507~202707","신규","-","","","아파트"
"43115","인천광역시 연수구 송도동","315-1","0315","0001","송도SKVIEW","전세","84.6541","202506","16","34,000","0","22","2019","랜드마크로 19","202508~202708","신규","-","","","아파트"
"43116","인천광역시 연수구 송도동","101","0101","0000","송도더샵퍼스트파크F14BL","전세","59.9800","202506","16","31,500","0","41","2017","컨벤시아대로252번길 50","202506~202706","갱신","-","30,000","0","아파트"
"43117","인천광역시 연수구 송도동","9-29","0009","0029","송도웰카운티2단지","전세","101.9900","202506","16","41,000","0","11","2007","해송로 70","202508~202708","갱신","-","35,000","0","아파트"
"43118","인천광역시 연수구 송도동","3-10","0003","0010","송도풍림아이원2단지","전세","84.9400","202506","16","30,000","0","1","2005","해돋이로120번길 16","202507~202707","신규","-","","","아파트"
"43119","인천광역시 연수구 송도동","396-1","0396","0001","송도LuxeOceanSKVIEW","전세","84.9673","202506","16","50,000","0","20","2025","랜드마크로 350","202506~202706","신규","-","","","아파트"
"43120","인천광역시 연수구 송도동","396-1","0396","0001","송도LuxeOceanSKVIEW","전세","84.9673","202506","16","50,000","0","20","2025","랜드마크로 350","202506~202706","신규","-","","","아파트"
"43121","인천광역시 연수구 송도동","308-1","0308","0001","더샵송도마리나베이","전세","74.9894","202506","16","30,000","0","12","2020","랜드마크로 160","202508~202708","신규","-","","","아파트"
"43122","인천광역시 연수구 송도동","92","0092","0000","더샵송도센트럴파크Ⅲ","전세","119.2800","202506","16","90,000","0","8","2022","인천타워대로180번길 11","202506~202706","신규","-","","","아파트"
"43123","인천광역시 연수구 송도동","18-10","0018","0010","송도더샵하버뷰(D14)","전세","101.4540","202506","16","56,000","0","12","2011","아트센터대로97번길 76","202507~202707","신규","-","","","아파트"
"43124","인천광역시 서구 청라동","156-1","0156","0001","청라센트럴에일린의뜰","전세","84.9834","202506","16","30,000","0","15","2018","청라커낼로 300","202507~202707","갱신","사용","30,000","0","아파트"
"43125","인천광역시 서구 오류동","1719-1","1719","0001","오류풍림아이원","월세","84.6000","202506","16","1,000","110","1","2011","봉화로 78","202506~202706","신규","-","","","아파트"
"43126","인천광역시 서구 원당동","1063","1063","0000","검단신도시모아엘가그랑데","전세","59.6074","202506","16","30,000","0","17","2023","이음4로 93","202509~202709","신규","-","","","아파트"
"43127","인천광역시 서구 원당동","1022-1","1022","0001","우미린더시그니처","월세","74.0973","202506","16","3,000","150","12","2022","이음5로 39","202506~202706","신규","-","","","아파트"
"43128","인천광역시 서구 원당동","1063","1063","0000","검단신도시모아엘가그랑데","전세","59.5224","202506","16","30,000","0","15","2023","이음4로 93","202506~202706","신규","-","","","아파트"
"43129","인천광역시 서구 오류동","1719-4","1719","0004","왕길역아테라","월세","59.9230","202506","16","3,000","100","17","2025","봉화로 60-11","202507~202707","신규","-","","","아파트"
"43130","인천광역시 서구 청라동","150-1","0150","0001","대우푸르지오","전세","114.1040","202506","16","50,000","0","15","2013","크리스탈로102번길 25","202508~202708","신규","-","","","아파트"
"43131","인천광역시 서구 청라동","82-1","0082","0001","청라모아미래도","전세","71.3679","202506","16","29,000","0","12","2018","비즈니스로 165","202509~202709","신규","-","","","아파트"
"43132","인천광역시 서구 원당동","854-3","0854","0003","금호어울림2차(원당지구80BL3L)","전세","84.9949","202506","16","23,000","0","14","2005","고산로 13","202508~202708","신규","-","","","아파트"
"43133","인천광역시 서구 청라동","160-1","0160","0001","청라린스트라우스","전세","101.3622","202506","16","40,000","0","13","2013","청라라임로 85","202507~202707","갱신","-","40,000","0","아파트"
"43134","인천광역시 서구 청라동","185-1","0185","0001","힐데스하임","전세","59.9435","202506","16","31,500","0","15","2011","청라라임로 17","202507~202707","신규","-","","","아파트"
"43135","인천광역시 서구 청라동","83-1","0083","0001","청라국제업무단지센텀대광로제비앙","전세","82.6715","202506","16","31,000","0","7","2018","비즈니스로 166","202507~202707","신규","-","","","아파트"
"43136","인천광역시 서구 청라동","83-1","0083","0001","청라국제업무단지센텀대광로제비앙","전세","82.9117","202506","16","30,000","0","12","2018","비즈니스로 166","202507~202707","신규","-","","","아파트"
"43137","인천광역시 서구 청라동","83-1","0083","0001","청라국제업무단지센텀대광로제비앙","전세","82.9117","202506","16","28,875","0","25","2018","비즈니스로 166","202507~202707","갱신","사용","27,500","0","아파트"
"43138","인천광역시 서구 청라동","165-10","0165","0010","서해그랑블","전세","59.9744","202506","16","25,200","0","14","2010","청라에메랄드로 65","202508~202707","갱신","사용","24,000","0","아파트"
"43139","인천광역시 서구 청라동","185-1","0185","0001","힐데스하임","전세","59.8871","202506","16","28,500","0","4","2011","청라라임로 17","202508~202708","신규","-","","","아파트"
"43140","인천광역시 서구 청라동","185-1","0185","0001","힐데스하임","전세","59.9435","202506","16","24,255","0","6","2011","청라라임로 17","202507~202707","갱신","사용","23,100","0","아파트"
"43141","인천광역시 서구 청라동","103-6","0103","0006","청라우미린","전세","84.9032","202506","16","34,000","0","14","2011","청라한내로 39","202508~202708","신규","-","","","아파트"
"43142","인천광역시 서구 청라동","156-1","0156","0001","청라센트럴에일린의뜰","전세","84.9834","202506","16","40,000","0","16","2018","청라커낼로 300","202506~202511","신규","-","","","아파트"
"43143","인천광역시 서구 가정동","610-1","0610","0001","루원시티프라디움","전세","84.9960","202506","16","38,000","0","16","2018","봉오재3로 66","202508~202708","신규","-","","","아파트"
"43144","인천광역시 서구 가정동","604-1","0604","0001","가정엘에이치3단지(국민임대)","월세","29.9800","202506","16","2,941","7","4","2012","봉오재3로 14","202508~202707","갱신","-","1,690","13","아파트"
"43145","인천광역시 서구 가정동","가-","0000","0000","루원시티SKLeaders'VIEW","전세","84.8254","202506","16","37,000","0","27","2022","가정로 437","202507~202707","신규","-","","","아파트"
"43146","인천광역시 서구 당하동","1274","1274","0000","검단한신더휴어반파크","월세","74.9625","202506","16","10,300","48","6","2023","매밭로 130","202509~202709","갱신","-","10,300","46","아파트"
"43147","인천광역시 서구 가정동","610-1","0610","0001","루원시티프라디움","전세","84.9960","202506","16","38,000","0","16","2018","봉오재3로 66","-","-","-","","","아파트"
"43148","인천광역시 서구 가정동","5-92","0005","0092","동우1","전세","37.9800","202506","16","4,000","0","5","1988","천마로13번길 6","202506~202706","신규","-","","","아파트"
"43149","인천광역시 서구 가정동","610-1","0610","0001","루원시티프라디움","전세","84.9970","202506","16","35,000","0","18","2018","봉오재3로 66","202507~202707","신규","-","","","아파트"
"43150","인천광역시 서구 가정동","341-14","0341","0014","하나2","월세","84.9900","202506","16","2,000","70","13","1992","봉오대로318번길 23","202507~202707","신규","-","","","아파트"
"43151","인천광역시 서구 가정동","610-1","0610","0001","루원시티프라디움","전세","84.9917","202506","16","35,000","0","12","2018","봉오재3로 66","202507~202606","신규","-","","","아파트"
"43152","인천광역시 서구 백석동","가-","0000","0000","검암역로열파크씨티푸르지오2단지","월세","59.8599","202506","16","3,000","140","19","2023","한들로 73","202507~202707","신규","-","","","아파트"
"43153","인천광역시 서구 당하동","1077-6","1077","0006","경원하이뷰","월세","23.6490","202506","16","500","50","10","2014","원당대로 638","202507~202607","신규","-","","","아파트"
"43154","인천광역시 서구 마전동","1055-1","1055","0001","당하3차풍림아이원","월세","59.9060","202506","16","2,000","95","6","2004","원당대로685번길 23","202509~202709","신규","-","","","아파트"
"43155","인천광역시 서구 신현동","304-1","0304","0001","루원시티 대성베르힐","전세","75.7336","202506","16","34,000","0","13","2017","봉오재1로 15","202506~202706","신규","-","","","아파트"
"43156","인천광역시 서구 신현동","304-1","0304","0001","루원시티 대성베르힐","월세","84.9778","202506","16","13,000","60","5","2017","봉오재1로 15","202507~202707","신규","-","","","아파트"
"43157","인천광역시 서구 마전동","999-5","0999","0005","영남탑스빌","전세","119.9400","202506","16","25,000","0","14","2000","완정로64번길 7","202507~202707","신규","-","","","아파트"
"43158","인천광역시 서구 가정동","603-1","0603","0001","루원제일풍경채","월세","84.2814","202506","16","3,000","140","23","2018","봉오재3로 11","202508~202708","신규","-","","","아파트"
"43159","인천광역시 서구 가정동","610-1","0610","0001","루원시티프라디움","전세","84.9970","202506","16","28,350","0","22","2018","봉오재3로 66","202506~202706","갱신","사용","27,000","0","아파트"
"43160","인천광역시 계양구 오류동","180","0180","0000","신동아","전세","84.9600","202506","16","23,500","0","10","1997","황어로115번길 12","202509~202709","신규","-","","","아파트"
"43161","인천광역시 계양구 계산동","899","0899","0000","극동","월세","57.0500","202506","16","1,000","65","2","1986","하느재로19번길 8","202509~202709","신규","-","","","아파트"
"43162","인천광역시 계양구 계산동","12-4","0012","0004","삼보3","전세","57.9600","202506","16","15,400","0","3","1988","경명대로 1126","202507~202707","신규","-","","","아파트"
"43163","인천광역시 계양구 계산동","348-2","0348","0002","하나","월세","39.9600","202506","16","1,000","40","6","1987","경명대로1114번길 6","202506~202509","신규","-","","","아파트"
"43164","인천광역시 계양구 계산동","348-2","0348","0002","하나","월세","39.9600","202506","16","1,000","47","4","1987","경명대로1114번길 6","202506~202509","신규","-","","","아파트"
"43165","인천광역시 계양구 계산동","12-4","0012","0004","삼보3","전세","57.9600","202506","16","15,400","0","3","1988","경명대로 1126","202507~202707","신규","-","","","아파트"
"43166","인천광역시 서구 백석동","가-","0000","0000","검암역로열파크씨티푸르지오2단지","월세","59.8599","202506","16","3,000","140","19","2023","한들로 73","202507~202707","신규","-","","","아파트"
"43167","인천광역시 서구 석남동","490","0490","0000","동진3","월세","37.8200","202506","16","500","35","3","1990","가석로 276","202506~202706","신규","-","","","아파트"
"43168","인천광역시 서구 가좌동","7","0007","0000","한신휴플러스","전세","59.9900","202506","16","15,724","0","16","2007","건지로 402","202507~202707","신규","-","","","아파트"
"43169","인천광역시 서구 당하동","1274","1274","0000","검단한신더휴어반파크","월세","84.9744","202506","16","5,600","64","6","2023","매밭로 130","202509~202709","신규","-","","","아파트"
"43170","인천광역시 서구 당하동","1327-1","1327","0001","인천검단엘에이치36단지","월세","46.0300","202506","16","7,183","18","4","2023","독정로 111","202509~202708","갱신","-","3,780","29","아파트"
"43171","인천광역시 서구 백석동","가-","0000","0000","검암역로열파크씨티푸르지오2단지","전세","84.9785","202506","16","34,650","0","13","2023","한들로 73","202507~202707","갱신","사용","33,000","0","아파트"
"43172","인천광역시 계양구 병방동","432-3","0432","0003","학마을서원","전세","59.9400","202506","16","21,000","0","12","1997","용종로 123","202506~202706","갱신","사용","20,000","0","아파트"
"43173","인천광역시 서구 당하동","1274","1274","0000","검단한신더휴어반파크","월세","74.9625","202506","16","17,100","33","10","2023","매밭로 130","-","-","-","","","아파트"
"43174","인천광역시 서구 당하동","1327-1","1327","0001","인천검단엘에이치36단지","월세","37.9700","202506","16","5,149","10","8","2023","독정로 111","202509~202708","갱신","-","2,474","22","아파트"
"43175","인천광역시 서구 가좌동","7","0007","0000","한신휴플러스","전세","59.9900","202506","16","15,724","0","16","2007","건지로 402","202507~202707","신규","-","","","아파트"
"43176","인천광역시 부평구 일신동","410","0410","0000","일신주공아파트(100~112동)","월세","39.9900","202506","16","1,000","50","10","1995","항동로75번길 11","202506~202706","신규","-","","","아파트"
"43177","인천광역시 서구 검암동","535-1","0535","0001","신명스카이뷰2","월세","84.9660","202506","16","2,000","110","13","2003","검암로10번길 54","202509~202709","갱신","사용","2,000","105","아파트"
"43178","인천광역시 계양구 작전동","858-9","0858","0009","삼미","월세","58.0500","202506","16","1,000","55","1","1984","주부토로459번길 5","202506~202706","신규","-","","","아파트"
"43179","인천광역시 서구 당하동","1031","1031","0000","원당풍림아이원","전세","74.0892","202506","16","24,000","0","18","2004","원당대로840번길 21","202507~202707","신규","-","","","아파트"
"43180","인천광역시 계양구 작전동","915-1","0915","0001","까치마을태화","월세","37.3800","202506","16","2,000","50","9","1997","효서로 393","202506~202706","신규","-","","","아파트"
"43181","인천광역시 계양구 작전동","912-4","0912","0004","도두리마을롯데","전세","59.5200","202506","16","23,000","0","15","1997","도두리로 62","202507~202707","신규","-","","","아파트"
"43182","인천광역시 계양구 작전동","953","0953","0000","힐스테이트자이계양","전세","59.7900","202506","16","15,000","0","21","2024","봉오대로651번길 9","202507~202603","신규","-","","","아파트"
"43183","인천광역시 서구 검암동","535-1","0535","0001","신명스카이뷰2","월세","84.9660","202506","16","5,000","90","9","2003","검암로10번길 54","202509~202709","신규","-","","","아파트"
"43184","인천광역시 계양구 작전동","915-1","0915","0001","까치마을태화","전세","59.9100","202506","16","20,000","0","19","1997","효서로 393","202507~202707","신규","-","","","아파트"
"43185","인천광역시 계양구 작전동","102-3","0102","0003","뉴서울1","전세","39.2400","202506","16","9,000","0","1","1988","봉오대로744번길 7","202507~202707","신규","-","","","아파트"
"43186","인천광역시 서구 심곡동","285","0285","0000","대동","월세","84.9600","202506","16","2,000","100","17","1996","심곡로 135","202508~202708","신규","-","","","아파트"
"43187","인천광역시 계양구 효성동","33-2","0033","0002","두산","월세","84.8600","202506","16","3,000","90","15","1997","안남로573번길 18","202507~202707","신규","-","","","아파트"
"43188","인천광역시 서구 당하동","1318-6","1318","0006","검단신도시디에트르더펠리체","전세","75.7971","202506","16","32,000","0","6","2022","이음2로 30","202507~202707","신규","-","","","아파트"
"43189","인천광역시 계양구 용종동","214-1","0214","0001","용종마을신대진","전세","37.1700","202506","16","14,000","0","12","1997","용종로 97","202506~202706","갱신","-","13,000","0","아파트"
"43190","인천광역시 계양구 용종동","207-1","0207","0001","인천계양코아루센트럴파크","전세","84.4500","202506","16","38,000","0","6","2017","계양문화로 119","202507~202707","신규","-","","","아파트"
"43191","인천광역시 서구 당하동","1080-1","1080","0001","검단힐스테이트6차","전세","84.9905","202506","16","27,000","0","3","2013","청마로51번안길 11","202508~202708","갱신","사용","27,000","0","아파트"
"43192","인천광역시 서구 당하동","1075-9","1075","0009","검단힐스테이트5차","전세","84.9956","202506","16","17,000","0","3","2013","청마로34번길 6","202507~202707","갱신","사용","16,500","0","아파트"
"43193","인천광역시 남동구 간석동","609","0609","0000","우성2","전세","84.8300","202506","16","22,000","0","8","1992","석정로551번길 20","202506~202706","신규","-","","","아파트"
"43194","인천광역시 남동구 서창동","717","0717","0000","인천서창엘에이치12단지","월세","59.9700","202506","16","8,753","15","6","2014","서창남로 2","202508~202707","갱신","-","4,731","33","아파트"
"43195","인천광역시 남동구 서창동","679","0679","0000","인천서창엘에이치15단지","월세","21.9800","202506","16","2,786","7","8","2017","서창남로 109","202508~202707","갱신","-","1,972","9","아파트"
"43196","인천광역시 남동구 서창동","679","0679","0000","인천서창엘에이치15단지","월세","21.7400","202506","16","3,348","7","15","2017","서창남로 109","202504~202706","갱신","-","2,448","12","아파트"
"43197","인천광역시 남동구 서창동","636","0636","0000","인천서창엘에이치1단지","월세","29.6300","202506","16","2,716","7","6","2015","서창남순환로 124-14","202507~202706","갱신","-","2,675","7","아파트"
"43198","인천광역시 남동구 간석동","939-1","0939","0001","간석래미안자이","전세","119.5200","202506","16","42,000","0","4","2008","남동대로 860","202509~202708","신규","-","","","아파트"
"43199","인천광역시 남동구 간석동","894-1","0894","0001","광명(894-1)","월세","49.1700","202506","16","1,000","50","2","1989","방축로 492","202507~202707","신규","-","","","아파트"
"43200","인천광역시 남동구 간석동","940","0940","0000","인천간석휴먼시아1단지","월세","39.1700","202506","16","6,000","55","23","2014","백범로294번길 15","202507~202707","신규","-","","","아파트"
"43201","인천광역시 남동구 간석동","940","0940","0000","인천간석휴먼시아1단지","월세","39.1700","202506","16","6,000","55","23","2014","백범로294번길 15","202507~202707","신규","-","","","아파트"
"43202","인천광역시 남동구 간석동","519-4","0519","0004","한진","월세","61.1900","202506","16","3,000","30","12","1981","경인로524번길 16","202507~202707","신규","-","","","아파트"
"43203","인천광역시 남동구 장수동","806-3","0806","0003","주공임대(806-3)","월세","46.2200","202506","16","4,367","26","10","2005","장수로 27","202507~202706","신규","-","","","아파트"
"43204","인천광역시 남동구 구월동","260-5","0260","0005","동아(260-5)","전세","83.4950","202506","16","23,000","0","14","1991","인주대로676번길 22","202506~202706","신규","-","","","아파트"
"43205","인천광역시 남동구 간석동","938-1","0938","0001","어울림마을","전세","84.9600","202506","16","33,600","0","6","2005","석산로 138","202507~202707","신규","-","","","아파트"
"43206","인천광역시 남동구 만수동","1113","1113","0000","주공11단지","전세","39.4100","202506","16","10,000","0","16","1997","만수서로105번길 40-18","202507~202707","신규","-","","","아파트"
"43207","인천광역시 남동구 만수동","1115-1","1115","0001","포레시안","월세","84.9300","202506","16","3,000","130","11","2011","만수서로 55","202507~202707","신규","-","","","아파트"
"43208","인천광역시 남동구 만수동","20","0020","0000","만수주공6단지","전세","47.2500","202506","16","8,000","0","5","1986","만수로50번길 19","202507~202707","신규","-","","","아파트"
"43209","인천광역시 남동구 서창동","685","0685","0000","이편한세상서창","전세","84.9500","202506","16","30,400","0","4","2017","서창남순환로 9","202507~202707","갱신","사용","29,000","0","아파트"
"43210","인천광역시 부평구 부평동","70-5","0070","0005","동아(1차)","전세","52.4300","202506","16","18,000","0","14","1986","부평문화로 37","202508~202708","신규","-","","","아파트"
"43211","인천광역시 부평구 삼산동","389-8","0389","0008","삼산주공미래타운4차","전세","49.5700","202506","16","19,000","0","16","2000","영성중로 57","202507~202707","신규","-","","","아파트"
"43212","인천광역시 부평구 삼산동","440-1","0440","0001","삼산타운주공1단지","전세","59.9900","202506","16","10,000","0","10","2005","굴포로 105","202507~202707","신규","-","","","아파트"
"43213","인천광역시 부평구 청천동","456","0456","0000","e편한세상부평그랑힐스","전세","84.5725","202506","16","43,000","0","27","2024","산청로 97","202508~202708","신규","-","","","아파트"
"43214","인천광역시 부평구 청천동","176","0176","0000","청천푸르지오","전세","84.3400","202506","16","24,150","0","4","1998","세월천로 16","202506~202706","갱신","사용","23,000","0","아파트"
"43215","인천광역시 부평구 청천동","456","0456","0000","e편한세상부평그랑힐스","월세","59.8924","202506","16","2,500","130","18","2024","산청로 97","202507~202707","신규","-","","","아파트"
"43216","인천광역시 부평구 부개동","494-1","0494","0001","대동(494-1)","전세","84.9400","202506","16","28,000","0","4","1991","부일로113번길 11","202508~202708","신규","-","","","아파트"
"43217","인천광역시 부평구 부개동","525","0525","0000","부개역코오롱하늘채","전세","59.8972","202506","16","34,000","0","14","2021","부평문화로 216","202508~202708","신규","-","","","아파트"
"43218","인천광역시 부평구 부개동","496-2","0496","0002","부개주공1","월세","59.9800","202506","16","5,000","85","2","1996","길주남로 143","202508~202708","신규","-","","","아파트"
"43219","인천광역시 부평구 부개동","496-2","0496","0002","부개주공1","전세","59.9300","202506","16","25,000","0","7","1996","길주남로 143","202507~202707","신규","-","","","아파트"
"43220","인천광역시 부평구 부개동","500-1","0500","0001","주공5","전세","59.9900","202506","16","25,000","0","16","1998","부개로 11","202508~202708","신규","-","","","아파트"
"43221","인천광역시 부평구 부개동","496-2","0496","0002","부개주공1","전세","59.9700","202506","16","23,000","0","3","1996","길주남로 143","202508~202708","신규","-","","","아파트"
"43222","인천광역시 부평구 부개동","477-3","0477","0003","뉴서울","월세","39.4800","202506","16","5,000","30","6","1989","충선로 191","202506~202706","신규","-","","","아파트"
"43223","인천광역시 부평구 부개동","477-3","0477","0003","뉴서울","전세","39.4800","202506","16","14,000","0","13","1989","충선로 191","202507~202707","신규","-","","","아파트"
"43224","인천광역시 부평구 부평동","1017","1017","0000","부평역해링턴플레이스","월세","72.9900","202506","16","5,000","130","16","2024","동수로 36","202506~202706","신규","-","","","아파트"
"43225","인천광역시 남동구 논현동","635-3","0635","0003","논현하늘마을엘에이치4단지","월세","36.6300","202506","16","6,438","9","8","2018","논현로 81","202508~202707","갱신","-","3,920","21","아파트"
"43226","인천광역시 부평구 산곡동","137-3","0137","0003","한신(137-3)","전세","41.3000","202506","16","13,000","0","13","1985","원적로416번길 20","202507~202707","신규","-","","","아파트"
"43227","인천광역시 부평구 산곡동","182","0182","0000","한양(182)","월세","75.8900","202506","16","2,000","60","4","1984","마장로 287","202508~202708","신규","-","","","아파트"
"43228","인천광역시 부평구 산곡동","124-23","0124","0023","한화2단지","전세","59.8800","202506","16","21,000","0","12","1999","원적로 361","202508~202708","갱신","사용","20,000","0","아파트"
"43229","인천광역시 부평구 산곡동","307","0307","0000","현대1차","전세","84.6000","202506","16","23,000","0","2","1986","경원대로 1269","202507~202707","신규","-","","","아파트"
"43230","인천광역시 부평구 부평동","962","0962","0000","부평SKVIEW해모로","전세","59.9750","202506","16","37,000","0","6","2023","동수천로 71","202507~202801","신규","-","","","아파트"
"43231","인천광역시 부평구 갈산동","359","0359","0000","주공1단지","전세","49.9400","202506","16","15,750","0","13","1992","굴포로 81","202506~202706","갱신","사용","15,000","0","아파트"
"43232","인천광역시 부평구 갈산동","359","0359","0000","주공1단지","월세","38.6400","202506","16","2,000","50","14","1992","굴포로 81","202506~202706","신규","-","","","아파트"
"43233","인천광역시 부평구 산곡동","142-3","0142","0003","경남1차","전세","84.4300","202506","16","21,000","0","7","1990","안남로222번길 27","202508~202708","신규","-","","","아파트"
"43234","인천광역시 부평구 십정동","642","0642","0000","힐스테이트부평","전세","59.9800","202506","16","34,000","0","23","2023","경원대로 1192","202508~202708","신규","-","","","아파트"
"43235","인천광역시 부평구 십정동","629","0629","0000","서희스타힐스부평센트럴","월세","59.9376","202506","16","22,000","10","13","2021","상정로 41","202506~202706","갱신","사용","22,000","0","아파트"
"43236","인천광역시 부평구 산곡동","142-3","0142","0003","경남1차","전세","84.4300","202506","16","21,000","0","7","1990","안남로222번길 27","202508~202708","신규","-","","","아파트"
"43237","인천광역시 부평구 산곡동","370-399","0370","0399","현대3차","전세","84.9450","202506","16","27,000","0","11","1990","마장로 121","202510~202710","신규","-","","","아파트"
"43238","인천광역시 부평구 십정동","630","0630","0000","더샵부평센트럴시티","월세","59.8032","202506","16","14,500","39","10","2022","열우물로 90","202507~202707","신규","-","","","아파트"
"43239","인천광역시 부평구 십정동","607","0607","0000","동암신동아","월세","130.8000","202506","16","3,000","120","9","2000","아트센터로 118","202509~202709","신규","-","","","아파트"
"43240","인천광역시 부평구 부개동","525","0525","0000","부개역코오롱하늘채","전세","59.8972","202506","16","34,000","0","14","2021","부평문화로 216","202508~202708","신규","-","","","아파트"
"43241","인천광역시 부평구 부개동","496-2","0496","0002","부개주공1","월세","59.9800","202506","16","5,000","85","2","1996","길주남로 143","202507~202707","신규","-","","","아파트"
"43242","인천광역시 부평구 부평동","962","0962","0000","부평SKVIEW해모로","전세","59.9750","202506","16","37,000","0","6","2023","동수천로 71","202507~202707","신규","-","","","아파트"
"43243","인천광역시 부평구 삼산동","390-6","0390","0006","삼산주공미래타운3차","전세","59.4100","202506","16","6,000","0","17","2000","부평북로 463","202506~202706","신규","-","","","아파트"
"43244","인천광역시 부평구 삼산동","454-4","0454","0004","서해그랑블5단지","전세","118.1342","202506","16","50,000","0","5","2004","굴포로 158","202509~202709","신규","-","","","아파트"
"43245","인천광역시 중구 운북동","1366-8","1366","0008","영종BENESTWeHome골든마레","월세","84.8443","202506","16","2,000","124","27","2023","자연대로 667","202506~202706","신규","-","","","아파트"
"43246","인천광역시 중구 중산동","1878-1","1878","0001","인천영종한양수자인","전세","59.7782","202506","16","22,000","0","18","2012","은하수로 377","202508~202708","신규","-","","","아파트"
"43247","인천광역시 중구 중산동","1888-1","1888","0001","호반써밋스카이센트럴","전세","84.5781","202506","16","32,000","0","16","2022","두미포로 113","202507~202707","신규","-","","","아파트"
"43248","인천광역시 중구 중산동","1887-2","1887","0002","영종힐스테이트","전세","83.0110","202506","16","22,000","0","23","2012","하늘별빛로 66","202507~202707","신규","-","","","아파트"
"43249","인천광역시 중구 중산동","1872-1","1872","0001","영종신명스카이뷰주얼리","전세","56.6190","202506","16","20,000","0","10","2013","하늘달빛로 95","202506~202706","신규","-","","","아파트"
"43250","인천광역시 중구 중산동","1887-4","1887","0004","e편한세상영종국제도시오션하임","월세","84.9684","202506","16","3,000","120","13","2018","두미포로 112","202508~202708","신규","-","","","아파트"
"43251","인천광역시 중구 중산동","1887-2","1887","0002","영종힐스테이트","전세","83.2940","202506","16","18,900","0","11","2012","하늘별빛로 66","202507~202707","갱신","사용","18,000","0","아파트"
"43252","인천광역시 중구 중산동","1887-2","1887","0002","영종힐스테이트","전세","83.2940","202506","16","18,900","0","11","2012","하늘별빛로 66","-","-","-","","","아파트"
"43253","인천광역시 중구 중산동","1872-1","1872","0001","영종신명스카이뷰주얼리","전세","56.5860","202506","16","19,000","0","16","2013","하늘달빛로 95","202507~202707","신규","-","","","아파트"
"43254","인천광역시 중구 운남동","1766-2","1766","0002","영종국제도시화성파크드림2차","월세","64.3367","202506","16","2,000","120","4","2022","은하수로 436","202507~202707","신규","-","","","아파트"
"43255","인천광역시 미추홀구 숭의동","353-22","0353","0022","한마음아파트101","전세","49.7000","202506","16","11,550","0","10","2017","인중로 19","202508~202707","신규","-","","","아파트"
"43256","인천광역시 중구 운남동","1778","1778","0000","운서역푸르지오더스카이","월세","84.6900","202506","16","11,900","30","15","2021","흰바위로 277","202508~202708","갱신","-","11,900","29","아파트"
"43257","인천광역시 중구 운남동","1778","1778","0000","운서역푸르지오더스카이","월세","62.6200","202506","16","3,000","42","16","2021","흰바위로 277","202509~202709","갱신","-","3,000","41","아파트"
"43258","인천광역시 중구 운남동","1778","1778","0000","운서역푸르지오더스카이","월세","62.6200","202506","16","8,100","27","10","2021","흰바위로 277","202509~202708","갱신","-","8,100","26","아파트"
"43259","인천광역시 중구 운남동","1778","1778","0000","운서역푸르지오더스카이","월세","84.6900","202506","16","11,900","30","7","2021","흰바위로 277","202508~202708","갱신","-","11,900","29","아파트"
"43260","인천광역시 중구 운남동","1778","1778","0000","운서역푸르지오더스카이","월세","62.6200","202506","16","8,100","27","12","2021","흰바위로 277","202508~202708","갱신","-","8,100","26","아파트"
"43261","인천광역시 중구 운남동","1778","1778","0000","운서역푸르지오더스카이","월세","74.6100","202506","16","7,000","38","21","2021","흰바위로 277","202509~202709","갱신","-","7,000","36","아파트"
"43262","인천광역시 중구 운남동","1778","1778","0000","운서역푸르지오더스카이","월세","84.6900","202506","16","3,000","56","9","2021","흰바위로 277","202509~202709","갱신","-","3,000","54","아파트"
"43263","인천광역시 중구 운남동","1778","1778","0000","운서역푸르지오더스카이","월세","84.6900","202506","16","3,000","56","18","2021","흰바위로 277","202509~202709","갱신","-","3,000","54","아파트"
"43264","인천광역시 미추홀구 학익동","703-2","0703","0002","태산","전세","84.4115","202506","16","21,000","0","3","1998","한나루로341번길 40","202507~202706","갱신","사용","20,000","0","아파트"
"43265","인천광역시 동구 송림동","348","0348","0000","동인천역파크푸르지오","월세","59.6045","202506","16","7,000","59","7","2023","화도진로 16","202507~202707","신규","-","","","아파트"
"43266","인천광역시 중구 신흥동3가","31-13","0031","0013","인천유림노르웨이숲에듀오션","월세","59.8723","202506","16","2,000","90","30","2023","서해대로 278","202507~202707","신규","-","","","아파트"
"43267","인천광역시 중구 항동7가","27-107","0027","0107","라이프비취3차","전세","84.7600","202506","16","13,000","0","6","1990","축항대로86번길 47","202507~202707","신규","-","","","아파트"
"43268","인천광역시 미추홀구 용현동","664","0664","0000","인천 SK Sky VIEW","전세","100.3095","202506","16","42,000","0","22","2016","용정공원로 33","202507~202707","신규","-","","","아파트"
"43269","인천광역시 미추홀구 용현동","649","0649","0000","성원상떼빌","월세","84.9297","202506","16","2,000","110","19","2009","낙섬동로 104","202507~202707","신규","-","","","아파트"
"43270","인천광역시 중구 운서동","2788-2","2788","0002","영종2차금호베스트빌","전세","84.9701","202506","16","25,000","0","1","2003","흰바위로 14","202506~202705","신규","-","","","아파트"
"43271","인천광역시 중구 운서동","2788-2","2788","0002","영종2차금호베스트빌","월세","84.9701","202506","16","2,000","82","6","2003","흰바위로 14","202507~202609","갱신","-","2,000","78","아파트"
"43272","인천광역시 중구 운서동","2787-2","2787","0002","풍림아이원8단지","전세","121.5154","202506","16","35,000","0","6","2003","흰바위로 15","202507~202707","신규","-","","","아파트"
"43273","인천광역시 중구 중산동","1872-2","1872","0002","인천영종동보노빌리티","전세","84.6120","202506","16","22,000","0","14","2012","하늘달빛로 65","202507~202707","신규","-","","","아파트"
"43274","인천광역시 중구 중산동","1872-2","1872","0002","인천영종동보노빌리티","전세","84.9600","202506","16","18,900","0","15","2012","하늘달빛로 65","202509~202709","갱신","사용","18,000","0","아파트"
"43275","인천광역시 중구 운남동","1779","1779","0000","영종센트럴푸르지오자이","전세","84.6872","202506","15","26,000","0","25","2019","은하수로 412","202508~202708","갱신","사용","25,000","0","아파트"
"43276","인천광역시 중구 중산동","1911-2","1911","0002","영종국제도시한신더휴스카이파크","월세","59.9824","202506","15","2,000","80","27","2019","은하수로 229","202506~202706","갱신","사용","2,000","70","아파트"
"43277","인천광역시 미추홀구 도화동","1040","1040","0000","주안역미추홀더리브","월세","59.9316","202506","15","1,000","110","12","2023","경인로325번길 27","202506~202706","신규","-","","","아파트"
"43278","인천광역시 미추홀구 숭의동","362-19","0362","0019","힐스테이트숭의역","월세","59.9945","202506","15","5,000","80","19","2025","인주대로 5","202507~202707","신규","-","","","아파트"
"43279","인천광역시 미추홀구 숭의동","78-9","0078","0009","숭의동아르떼노블","전세","15.4310","202506","15","4,000","0","13","2014","경인로 99","202506~202706","신규","-","","","아파트"
"43280","인천광역시 동구 송현동","6-26","0006","0026","송현주공","월세","35.2800","202506","15","1,000","45","5","1993","인중로 653","202506~202706","신규","-","","","아파트"
"43281","인천광역시 중구 운서동","2748-1","2748","0001","풍림아이원2단지1차","전세","59.9919","202506","15","17,500","0","4","2002","영종대로27번길 40","202508~202708","신규","-","","","아파트"
"43282","인천광역시 중구 중산동","1872-1","1872","0001","영종신명스카이뷰주얼리","전세","57.0160","202506","15","17,500","0","8","2013","하늘달빛로 95","202507~202707","신규","-","","","아파트"
"43283","인천광역시 서구 가정동","597-2","0597","0002","엘에이치웨스턴블루힐","전세","74.9900","202506","15","22,000","0","25","2015","봉오재2로 37","202506~202706","신규","-","","","아파트"
"43284","인천광역시 서구 가정동","가-","0000","0000","루원시티SKLeaders'VIEW","전세","84.8332","202506","15","41,000","0","13","2022","가정로 437","202509~202709","신규","-","","","아파트"
"43285","인천광역시 서구 당하동","1305-1","1305","0001","우미린파크뷰1단지","전세","84.8773","202506","15","29,400","0","19","2023","이음2로 89","202508~202708","갱신","사용","28,000","0","아파트"
"43286","인천광역시 서구 가정동","가-","0000","0000","루원시티SKLeaders'VIEW","전세","84.8254","202506","15","37,500","0","2","2022","가정로 437","202508~202708","신규","-","","","아파트"
"43287","인천광역시 서구 당하동","1311-1","1311","0001","우미린파크뷰2단지","전세","59.9380","202506","15","23,100","0","18","2023","이음2로 90","202507~202707","갱신","사용","22,000","0","아파트"
"43288","인천광역시 서구 당하동","1305-1","1305","0001","우미린파크뷰1단지","전세","59.9380","202506","15","22,700","0","19","2023","이음2로 89","202507~202707","갱신","사용","21,700","0","아파트"
"43289","인천광역시 서구 당하동","1305-1","1305","0001","우미린파크뷰1단지","전세","59.9380","202506","15","22,700","0","19","2023","이음2로 89","202507~202707","갱신","사용","21,700","0","아파트"
"43290","인천광역시 계양구 작전동","912-4","0912","0004","도두리마을동남","전세","59.5200","202506","15","22,000","0","15","1997","도두리로 62","202509~202709","신규","-","","","아파트"
"43291","인천광역시 계양구 작전동","861-1","0861","0001","코오롱","월세","53.0550","202506","15","6,000","32","4","1989","봉오대로691번길 4","202506~202706","신규","-","","","아파트"
"43292","인천광역시 서구 당하동","1233-1","1233","0001","아라역금강펜테리움더시글로2차","전세","84.9811","202506","15","33,000","0","3","2025","원당대로 938","202508~202708","신규","-","","","아파트"
"43293","인천광역시 서구 가좌동","627","0627","0000","가재울역트루엘에코시티","월세","59.9100","202506","15","2,000","95","18","2024","열우물로240번길 20","202508~202708","신규","-","","","아파트"
"43294","인천광역시 계양구 귤현동","532","0532","0000","계양센트레빌2단지","월세","101.8626","202506","15","5,000","140","14","2013","형제봉길 50","202508~202708","신규","-","","","아파트"
"43295","인천광역시 서구 가좌동","121-14","0121","0014","동진","전세","37.6800","202506","15","6,000","0","5","1989","원적로95번길 16","202509~202709","신규","-","","","아파트"
"43296","인천광역시 서구 가좌동","121-14","0121","0014","동진","전세","37.6800","202506","15","6,000","0","5","1989","원적로95번길 16","202509~202709","신규","-","","","아파트"
"43297","인천광역시 연수구 송도동","308-1","0308","0001","더샵송도마리나베이","전세","84.2020","202506","15","34,500","0","33","2020","랜드마크로 160","-","-","-","","","아파트"
"43298","인천광역시 연수구 송도동","191-4","0191","0004","송도에듀포레푸르지오","전세","84.8520","202506","15","42,000","0","5","2016","송도문화로84번길 24","202507~202707","신규","-","","","아파트"
"43299","인천광역시 연수구 송도동","23-3","0023","0003","더샵센트럴파크1","전세","96.3180","202506","15","42,000","0","35","2010","센트럴로 232","202508~202708","갱신","사용","43,000","0","아파트"
"43300","인천광역시 연수구 송도동","397-2","0397","0002","힐스테이트레이크송도4차","전세","84.9900","202506","15","35,000","0","17","2025","아카데미로312번길 31","202508~202708","신규","-","","","아파트"
"43301","인천광역시 연수구 송도동","396-11","0396","0011","송도자이더스타","전세","84.9964","202506","15","40,000","0","15","2024","아카데미로343번길 63","202507~202707","신규","-","","","아파트"
"43302","인천광역시 연수구 송도동","308-1","0308","0001","더샵송도마리나베이","전세","84.2020","202506","15","34,500","0","33","2020","랜드마크로 160","202506~202706","갱신","사용","33,000","0","아파트"
"43303","인천광역시 연수구 송도동","397-2","0397","0002","힐스테이트레이크송도4차","전세","84.9900","202506","15","35,000","0","17","2025","아카데미로312번길 31","202508~202708","신규","-","","","아파트"
"43304","인천광역시 연수구 연수동","634","0634","0000","우성2","전세","40.5000","202506","15","17,000","0","15","1995","원인재로 180","202507~202707","신규","-","","","아파트"
"43305","인천광역시 연수구 연수동","634","0634","0000","우성2","전세","40.5000","202506","15","14,000","0","2","1995","원인재로 180","202507~202707","신규","-","","","아파트"
"43306","인천광역시 연수구 동춘동","929","0929","0000","풍림2","전세","45.3600","202506","15","19,000","0","9","1993","경원대로119번길 21","202508~202708","신규","-","","","아파트"
"43307","인천광역시 연수구 동춘동","932","0932","0000","한양2","월세","84.9700","202506","15","3,000","100","5","1994","원인재로 59","202508~202707","신규","-","","","아파트"
"43308","인천광역시 연수구 송도동","397-11","0397","0011","힐스테이트레이크송도1차","전세","84.9700","202506","15","48,000","0","8","2019","아카데미로312번길 177","202506~202510","신규","-","","","아파트"
"43309","인천광역시 미추홀구 주안동","1678","1678","0000","힐스테이트푸르지오주안","전세","59.9800","202506","15","30,000","0","6","2023","남주길 150","-","-","-","","","아파트"
"43310","인천광역시 미추홀구 주안동","1678","1678","0000","힐스테이트푸르지오주안","월세","59.9600","202506","15","3,000","120","24","2023","남주길 150","202507~202707","신규","-","","","아파트"
"43311","인천광역시 미추홀구 주안동","757-1","0757","0001","신라(757-1)","월세","56.0100","202506","15","2,000","40","3","1984","인주대로306번길 18","202507~202707","신규","-","","","아파트"
"43312","인천광역시 미추홀구 주안동","1678","1678","0000","힐스테이트푸르지오주안","전세","59.9800","202506","15","30,000","0","6","2023","남주길 150","202508~202708","신규","-","","","아파트"
"43313","인천광역시 미추홀구 주안동","1678","1678","0000","힐스테이트푸르지오주안","전세","59.7200","202506","15","21,000","0","17","2023","남주길 150","202507~202707","갱신","사용","20,000","0","아파트"
"43314","인천광역시 연수구 송도동","396-11","0396","0011","송도자이더스타","전세","84.9964","202506","15","40,000","0","15","2024","아카데미로343번길 63","202507~202707","신규","-","","","아파트"
"43315","인천광역시 서구 원당동","1022","1022","0000","호반써밋1차","월세","72.2112","202506","15","28,000","10","15","2021","이음5로 15","202508~202708","신규","-","","","아파트"
"43316","인천광역시 서구 원당동","1024","1024","0000","검단 금호어울림 센트럴","전세","84.5200","202506","15","37,000","0","21","2021","이음5로 65","202507~202707","신규","-","","","아파트"
"43317","인천광역시 서구 원당동","823-1","0823","0001","원당LG자이(원당지구69BL1L)","전세","84.9511","202506","15","22,000","0","12","2004","원당대로839번길 34","202507~202707","갱신","사용","21,000","0","아파트"
"43318","인천광역시 서구 청라동","83-1","0083","0001","청라국제업무단지센텀대광로제비앙","월세","82.6715","202506","15","10,000","106","10","2018","비즈니스로 166","202508~202607","신규","-","","","아파트"
"43319","인천광역시 서구 불로동","가-","0000","0000","신검단중앙역풍경채어바니티2차","월세","110.8098","202506","15","3,000","130","28","2025","고산후로 305","202508~202608","신규","-","","","아파트"
"43320","인천광역시 서구 불로동","864","0864","0000","힐스테이트검단포레스트","월세","84.8616","202506","15","2,000","120","12","2024","용해로 20","202506~202706","신규","-","","","아파트"
"43321","인천광역시 서구 청라동","83-1","0083","0001","청라국제업무단지센텀대광로제비앙","전세","82.9117","202506","15","32,000","0","6","2018","비즈니스로 166","202507~202707","갱신","-","26,000","0","아파트"
"43322","인천광역시 서구 청라동","83-1","0083","0001","청라국제업무단지센텀대광로제비앙","월세","82.6715","202506","15","10,000","106","10","2018","비즈니스로 166","202508~202607","신규","-","","","아파트"
"43323","인천광역시 강화군 선원면 창리","709","0709","0000","강화서희스타힐스2단지","월세","59.9570","202506","15","2,000","65","13","2024","중앙로 162-57","202508~202708","신규","-","","","아파트"
"43324","인천광역시 부평구 십정동","642","0642","0000","힐스테이트부평","전세","75.9500","202506","15","43,500","0","11","2023","경원대로 1192","202507~202707","신규","-","","","아파트"
"43325","인천광역시 부평구 산곡동","91-2","0091","0002","부평IPARK","월세","84.5800","202506","15","3,400","147","12","2020","길주로364번길 9","202509~202709","갱신","사용","3,400","140","아파트"
"43326","인천광역시 부평구 산곡동","550","0550","0000","부평캐슬&더샵퍼스트","전세","72.6394","202506","15","37,500","0","10","2024","산청로 60","202508~202708","신규","-","","","아파트"
"43327","인천광역시 부평구 부개동","494-1","0494","0001","대동(494-1)","전세","84.9400","202506","15","29,000","0","4","1991","부일로113번길 11","202508~202708","신규","-","","","아파트"
"43328","인천광역시 부평구 청천동","456","0456","0000","e편한세상부평그랑힐스","전세","59.8924","202506","15","32,000","0","9","2024","산청로 97","202508~202708","신규","-","","","아파트"
"43329","인천광역시 부평구 삼산동","454-4","0454","0004","서해그랑블5단지","월세","118.1342","202506","15","5,250","162","17","2004","굴포로 158","202506~202706","갱신","사용","5,000","155","아파트"
"43330","인천광역시 부평구 부평동","64-20","0064","0020","대림1차","전세","50.1550","202506","15","17,000","0","15","1989","부영로 196","202508~202708","신규","-","","","아파트"
"43331","인천광역시 부평구 부평동","439-2","0439","0002","태강CITY","월세","49.9200","202506","15","2,000","82","13","2018","부평대로 108","202507~202706","신규","-","","","아파트"
"43332","인천광역시 부평구 부평동","1002","1002","0000","인천부평우미린더센트럴","월세","84.5824","202506","15","5,000","125","20","2023","부흥북로 89","202507~202707","신규","-","","","아파트"
"43333","인천광역시 부평구 부평동","222-23","0222","0023","피렌체뷰(222-23)","월세","49.0700","202506","15","3,000","90","13","2015","시장로 59-1","202507~202707","신규","-","","","아파트"
"43334","인천광역시 부평구 부평동","956","0956","0000","부평역한라비발디트레비앙","월세","59.8840","202506","15","4,000","120","11","2023","동수북로 188","202507~202707","신규","-","","","아파트"
"43335","인천광역시 부평구 부평동","962","0962","0000","부평SKVIEW해모로","전세","59.9750","202506","15","31,500","0","7","2023","동수천로 71","202506~202706","갱신","사용","30,000","0","아파트"
"43336","인천광역시 부평구 부개동","477-5","0477","0005","동아","전세","40.1400","202506","15","10,500","0","2","1988","길주남로113번길 12","202507~202607","갱신","-","10,500","0","아파트"
"43337","인천광역시 부평구 청천동","259","0259","0000","쌍용","전세","56.2500","202506","15","21,000","0","10","1990","길주로494번길 12","202508~202708","신규","-","","","아파트"
"43338","인천광역시 남동구 구월동","1486","1486","0000","구월아시아드선수촌1단지","전세","51.5600","202506","15","24,500","0","3","2015","선수촌공원로 85","202508~202708","신규","-","","","아파트"
"43339","인천광역시 남동구 간석동","168-1","0168","0001","더웰노블레스","월세","75.1200","202506","15","3,400","80","10","2020","남동대로922번길 46","202506~202706","신규","-","","","아파트"
"43340","인천광역시 남동구 만수동","1005","1005","0000","주공8단지","월세","44.9400","202506","15","1,000","51","13","1990","담방로 105","202506~202706","갱신","-","1,000","48","아파트"
"43341","인천광역시 남동구 만수동","983-1","0983","0001","삼환1단지","월세","50.2600","202506","15","1,000","55","3","1989","인주대로 857","202506~202706","갱신","-","1,000","50","아파트"
"43342","인천광역시 남동구 서창동","545","0545","0000","현대모닝사이드","전세","84.9767","202506","15","23,000","0","13","2002","매소홀로 1103","202509~202709","신규","-","","","아파트"
"43343","인천광역시 남동구 구월동","1636","1636","0000","한화포레나인천구월","전세","74.9916","202506","15","37,000","0","17","2023","용천로105번길 8","202508~202708","신규","-","","","아파트"
"43344","인천광역시 남동구 간석동","501","0501","0000","극동","월세","40.6300","202506","14","1,000","60","12","1989","구월로 78","202507~202707","신규","-","","","아파트"
"43345","인천광역시 남동구 구월동","1608","1608","0000","신영구월지웰시티푸르지오","전세","84.9123","202506","14","38,000","0","5","2020","남동대로799번길 34","202507~202707","신규","-","","","아파트"
"43346","인천광역시 남동구 구월동","1132-11","1132","0011","중앙헤리티지","월세","12.2600","202506","14","300","38","9","2012","예술로204번길 39","202506~202606","신규","-","","","아파트"
"43347","인천광역시 남동구 구월동","23","0023","0000","구월힐스테이트1단지","월세","83.7769","202506","14","4,000","105","16","2007","구월로 192","202506~202706","갱신","사용","4,000","100","아파트"
"43348","인천광역시 남동구 구월동","1636","1636","0000","한화포레나인천구월","월세","84.9916","202506","14","5,000","150","11","2023","용천로105번길 8","202507~202707","신규","-","","","아파트"
"43349","인천광역시 남동구 만수동","17","0017","0000","만수주공5단지","전세","41.3000","202506","14","9,000","0","6","1987","백범로124번길 127","202508~202708","신규","-","","","아파트"
"43350","인천광역시 남동구 만수동","29","0029","0000","만수주공2단지","전세","75.2400","202506","14","18,000","0","8","1987","백범로124번길 43","202506~202706","갱신","사용","18,000","0","아파트"
"43351","인천광역시 남동구 만수동","1079-2","1079","0002","공작아파트","전세","50.0200","202506","14","9,000","0","5","1988","장승로 20","202507~202707","신규","-","","","아파트"
"43352","인천광역시 남동구 만수동","1079-2","1079","0002","공작아파트","전세","50.0200","202506","14","9,000","0","5","1988","장승로 20","202507~202707","신규","-","","","아파트"
"43353","인천광역시 남동구 만수동","1114","1114","0000","벽산","전세","59.8050","202506","14","17,800","0","12","2000","호구포로 924","202507~202707","갱신","사용","17,000","0","아파트"
"43354","인천광역시 남동구 만수동","1005","1005","0000","주공8단지","전세","38.6400","202506","14","10,000","0","15","1989","담방로 105","202510~202710","신규","-","","","아파트"
"43355","인천광역시 남동구 만수동","1045","1045","0000","한국","전세","84.2300","202506","14","25,000","0","1","1992","담방로21번길 23","202508~202708","신규","-","","","아파트"
"43356","인천광역시 남동구 만수동","1045","1045","0000","한국","전세","84.2300","202506","14","25,000","0","1","1992","담방로21번길 23","202508~202708","신규","-","","","아파트"
"43357","인천광역시 남동구 만수동","966","0966","0000","삼환2단지","월세","59.0500","202506","14","1,000","75","14","1990","소래로 677","202508~202708","신규","-","","","아파트"
"43358","인천광역시 남동구 만수동","29","0029","0000","만수주공2단지","전세","61.5200","202506","14","14,500","0","13","1987","백범로124번길 43","202507~202707","신규","-","","","아파트"
"43359","인천광역시 남동구 만수동","13","0013","0000","만수주공4단지","전세","64.6200","202506","14","16,000","0","1","1987","백범로124번길 126","202507~202707","신규","-","","","아파트"
"43360","인천광역시 남동구 만수동","1123","1123","0000","하우스토리만수","전세","59.9769","202506","14","30,000","0","11","2020","구월로372번길 90","202510~202710","신규","-","","","아파트"
"43361","인천광역시 남동구 서창동","676","0676","0000","더포레스트","월세","59.9300","202506","14","7,000","70","22","2017","서창남순환로 140","202507~202707","신규","-","","","아파트"
"43362","인천광역시 남동구 구월동","1124-8","1124","0008","구월베스티움","월세","14.3300","202506","14","500","40","5","2014","성말로13번길 85","202506~202606","신규","-","","","아파트"
"43363","인천광역시 남동구 간석동","935","0935","0000","풍림아이원","월세","84.9560","202506","14","3,000","120","23","2004","석산로 35","202508~202708","신규","-","","","아파트"
"43364","인천광역시 남동구 간석동","900-153","0900","0153","현대홈타운(900-153)","전세","84.8638","202506","14","23,500","0","16","2003","구월로 65","202507~202707","갱신","-","22,000","0","아파트"
"43365","인천광역시 남동구 간석동","940","0940","0000","인천간석휴먼시아1단지","전세","59.9300","202506","14","26,000","0","12","2014","백범로294번길 15","202508~202708","신규","-","","","아파트"
"43366","인천광역시 남동구 간석동","501","0501","0000","극동","전세","46.7400","202506","14","14,700","0","4","1989","구월로 78","202510~202709","신규","-","","","아파트"
"43367","인천광역시 남동구 구월동","23","0023","0000","구월힐스테이트1단지","전세","133.8270","202506","14","40,000","0","15","2007","구월로 192","202506~202701","갱신","-","30,000","0","아파트"
"43368","인천광역시 미추홀구 주안동","1614","1614","0000","월드스테이트(101~111,124~132)","월세","59.9960","202506","14","3,000","100","12","2008","경원대로 884","202507~202707","신규","-","","","아파트"
"43369","인천광역시 미추홀구 관교동","13-7","0013","0007","쌍용","월세","84.9500","202506","14","3,000","100","7","1991","주승로 231","202506~202708","신규","-","","","아파트"
"43370","인천광역시 연수구 동춘동","924-3","0924","0003","자이(xi)","전세","95.5500","202506","14","28,000","0","7","1993","원인재로 81","202509~202708","신규","-","","","아파트"
"43371","인천광역시 미추홀구 주안동","1678","1678","0000","힐스테이트푸르지오주안","전세","59.7200","202506","14","31,000","0","6","2023","남주길 150","202508~202708","신규","-","","","아파트"
"43372","인천광역시 미추홀구 주안동","1628","1628","0000","주안역센트레빌","전세","59.9813","202506","14","23,000","0","5","2021","염전로 414","202508~202708","갱신","사용","23,000","0","아파트"
"43373","인천광역시 미추홀구 주안동","1628","1628","0000","주안역센트레빌","전세","59.9824","202506","14","24,000","0","12","2021","염전로 414","202507~202707","갱신","사용","23,000","0","아파트"
"43374","인천광역시 미추홀구 주안동","1614","1614","0000","월드스테이트(101~111,124~132)","전세","84.9750","202506","14","34,650","0","9","2008","경원대로 884","202509~202712","신규","-","","","아파트"
"43375","인천광역시 연수구 동춘동","943","0943","0000","동남","월세","52.1400","202506","14","2,000","70","10","1994","먼우금로 19","202507~202707","신규","-","","","아파트"
"43376","인천광역시 연수구 동춘동","932","0932","0000","한양2","전세","84.9700","202506","14","21,000","0","4","1994","원인재로 59","202508~202708","갱신","사용","21,000","0","아파트"
"43377","인천광역시 연수구 연수동","582-2","0582","0002","승기마을,연수1차시영","전세","26.8200","202506","14","8,000","0","14","1992","원인재로 212","202507~202707","신규","-","","","아파트"
"43378","인천광역시 연수구 연수동","578-2","0578","0002","주공3","전세","44.6600","202506","14","14,000","0","10","1993","새말로 154","202508~202708","신규","-","","","아파트"
"43379","인천광역시 연수구 연수동","582-2","0582","0002","솔밭마을아파트","전세","49.5600","202506","14","17,500","0","8","1993","원인재로 232","202509~202709","신규","-","","","아파트"
"43380","인천광역시 연수구 연수동","635","0635","0000","우성1","월세","101.9700","202506","14","10,000","100","4","1994","청능대로 175","202509~202709","신규","-","","","아파트"
"43381","인천광역시 연수구 연수동","634","0634","0000","우성2","전세","59.5900","202506","14","26,000","0","15","1995","원인재로 180","202508~202708","신규","-","","","아파트"
"43382","인천광역시 연수구 연수동","582-2","0582","0002","승기마을,연수1차시영","월세","26.8200","202506","14","500","45","6","1992","원인재로 212","202506~202706","신규","-","","","아파트"
"43383","인천광역시 연수구 연수동","635","0635","0000","우성1","전세","101.9700","202506","14","29,000","0","18","1994","청능대로 175","202508~202708","신규","-","","","아파트"
"43384","인천광역시 연수구 연수동","634","0634","0000","우성2","전세","40.5000","202506","14","17,000","0","15","1995","원인재로 180","202509~202709","신규","-","","","아파트"
"43385","인천광역시 연수구 연수동","634","0634","0000","우성2","월세","84.7800","202506","14","3,000","105","16","1995","원인재로 180","202509~202708","갱신","사용","3,000","100","아파트"
"43386","인천광역시 연수구 연수동","537","0537","0000","효정","월세","84.9500","202506","14","4,000","85","1","1993","새말로 6","202507~202707","신규","-","","","아파트"
"43387","인천광역시 연수구 연수동","533","0533","0000","연수주공2차","전세","49.9400","202506","14","17,000","0","3","1992","원인재로 315","202508~202708","갱신","-","17,700","0","아파트"
"43388","인천광역시 연수구 동춘동","940","0940","0000","대림3","월세","53.0100","202506","14","1,000","70","1","1993","먼우금로83번길 49","202507~202607","신규","-","","","아파트"
"43389","인천광역시 연수구 송도동","18-5","0018","0005","송도더샵그린워크3차(17-1블럭)","전세","69.9100","202506","14","42,000","0","28","2015","아트센터대로97번길 20","202508~202708","신규","-","","","아파트"
"43390","인천광역시 연수구 송도동","161-3","0161","0003","송도캐슬&해모로","전세","84.4433","202506","14","33,000","0","10","2013","송도과학로51번길 136","202506~202706","갱신","-","33,000","0","아파트"
"43391","인천광역시 연수구 송도동","191-2","0191","0002","송도글로벌파크베르디움","전세","74.9307","202506","14","43,000","0","18","2017","송도문화로28번길 27","202507~202707","신규","-","","","아파트"
"43392","인천광역시 연수구 송도동","315-1","0315","0001","송도SKVIEW","월세","99.9891","202506","14","21,000","105","35","2019","랜드마크로 19","202509~202709","갱신","사용","20,000","100","아파트"
"43393","인천광역시 연수구 송도동","16-6","0016","0006","더샵엑스포9단지","월세","113.7554","202506","14","10,000","190","7","2009","컨벤시아대로42번길 77","202507~202707","신규","-","","","아파트"
"43394","인천광역시 연수구 송도동","149","0149","0000","롯데캐슬캠퍼스타운","전세","84.5780","202506","14","41,000","0","8","2016","송도과학로27번길 55","202508~202805","신규","-","","","아파트"
"43395","인천광역시 연수구 송도동","22-18","0022","0018","스위트리아송도","월세","49.7863","202506","14","1,000","130","8","2017","컨벤시아대로130번길 12","202506~202706","신규","-","","","아파트"
"43396","인천광역시 연수구 송도동","310-1","0310","0001","송도오션파크베르디움","전세","84.9128","202506","14","33,000","0","5","2020","랜드마크로 110","202507~202707","신규","-","","","아파트"
"43397","인천광역시 연수구 송도동","101","0101","0000","송도더샵퍼스트파크F14BL","전세","84.9000","202506","14","42,000","0","22","2017","컨벤시아대로252번길 50","202507~202707","신규","-","","","아파트"
"43398","인천광역시 연수구 송도동","18-10","0018","0010","송도더샵하버뷰(D14)","월세","101.4540","202506","14","3,000","190","11","2011","아트센터대로97번길 76","202505~202601","갱신","-","3,000","190","아파트"
"43399","인천광역시 연수구 옥련동","632","0632","0000","서해","월세","59.8850","202506","14","3,000","70","1","1995","청량로185번길 16","202507~202707","신규","-","","","아파트"
"43400","인천광역시 연수구 옥련동","643-2","0643","0002","풍림","월세","44.4000","202506","14","1,000","63","12","1998","비류대로186번길 20","202506~202706","신규","-","","","아파트"
"43401","인천광역시 연수구 송도동","23-4","0023","0004","더샵센트럴파크2","전세","134.8097","202506","14","70,000","0","35","2011","센트럴로 194","202508~202708","신규","-","","","아파트"
"43402","인천광역시 연수구 송도동","311","0311","0000","랜드마크시티센트럴더샵","전세","84.7966","202506","14","34,000","0","13","2020","랜드마크로 68","202508~202708","신규","-","","","아파트"
"43403","인천광역시 연수구 송도동","311","0311","0000","랜드마크시티센트럴더샵","전세","84.7966","202506","14","34,000","0","13","2020","랜드마크로 68","202508~202708","신규","-","","","아파트"
"43404","인천광역시 연수구 송도동","312-1","0312","0001","호반써밋송도","전세","84.8714","202506","14","35,000","0","21","2023","랜드마크로 20","202508~202708","신규","-","","","아파트"
"43405","인천광역시 연수구 송도동","19-3","0019","0003","송도더샵그린워크3차(18-1블럭)","전세","84.7300","202506","14","46,000","0","3","2015","컨벤시아대로130번길 100","202508~202804","신규","-","","","아파트"
"43406","인천광역시 연수구 송도동","396-11","0396","0011","송도자이더스타","월세","84.7098","202506","14","3,000","170","2","2024","아카데미로343번길 63","202508~202708","신규","-","","","아파트"
"43407","인천광역시 연수구 송도동","17-3","0017","0003","더샵그린워크2차","월세","99.9837","202506","14","10,000","178","18","2014","아트센터대로97번길 15","202508~202708","갱신","사용","10,000","170","아파트"
"43408","인천광역시 연수구 송도동","155-1","0155","0001","송도아메리칸타운더샵","전세","84.8680","202506","14","61,000","0","45","2025","송도과학로27번길 27","202507~202707","신규","-","","","아파트"
"43409","인천광역시 연수구 송도동","23-4","0023","0004","더샵센트럴파크2","월세","104.7392","202506","14","8,000","260","22","2011","센트럴로 194","202506~202706","신규","-","","","아파트"
"43410","인천광역시 연수구 동춘동","921","0921","0000","동춘마을","월세","59.3600","202506","14","1,500","70","5","1994","먼우금로 123","202507~202707","신규","-","","","아파트"
"43411","인천광역시 연수구 송도동","10-30","0010","0030","송도SK뷰센트럴","전세","84.6566","202506","14","43,000","0","22","2020","하모니로188번길 17","202507~202707","신규","-","","","아파트"
"43412","인천광역시 연수구 송도동","23-4","0023","0004","더샵센트럴파크2","전세","134.8097","202506","14","70,000","0","35","2011","센트럴로 194","202508~202708","신규","-","","","아파트"
"43413","인천광역시 연수구 송도동","157","0157","0000","해모로월드뷰","전세","84.9778","202506","14","36,750","0","33","2012","송도과학로27번길 30","202508~202708","갱신","사용","35,000","0","아파트"
"43414","인천광역시 미추홀구 주안동","1678","1678","0000","힐스테이트푸르지오주안","전세","59.7200","202506","14","32,000","0","13","2023","남주길 150","202508~202708","신규","-","","","아파트"
"43415","인천광역시 미추홀구 주안동","1678","1678","0000","힐스테이트푸르지오주안","전세","64.7900","202506","14","23,100","0","4","2023","남주길 150","202507~202707","갱신","사용","22,000","0","아파트"
"43416","인천광역시 미추홀구 주안동","1662","1662","0000","주안파크자이더플래티넘","월세","59.9145","202506","14","2,000","140","17","2023","인하로222번길 20","202507~202707","신규","-","","","아파트"
"43417","인천광역시 미추홀구 주안동","1662","1662","0000","주안파크자이더플래티넘","월세","73.9559","202506","14","2,000","140","17","2023","인하로222번길 20","202507~202707","신규","-","","","아파트"
"43418","인천광역시 미추홀구 주안동","1614","1614","0000","월드스테이트(101~111,124~132)","전세","126.9190","202506","14","37,000","0","29","2008","경원대로 884","202507~202707","신규","-","","","아파트"
"43419","인천광역시 미추홀구 주안동","1600","1600","0000","신비마을","월세","59.9600","202506","14","2,000","60","9","1994","주승로 160","202507~202707","신규","-","","","아파트"
"43420","인천광역시 미추홀구 주안동","1614","1614","0000","월드스테이트(101~111,124~132)","전세","126.9190","202506","14","36,000","0","25","2008","경원대로 884","202507~202707","신규","-","","","아파트"
"43421","인천광역시 미추홀구 주안동","1606","1606","0000","진흥","전세","84.6450","202506","14","18,900","0","15","1995","인하로298번길 33","202508~202708","신규","-","","","아파트"
"43422","인천광역시 미추홀구 주안동","1556-59","1556","0059","캐슬앤더샵","월세","84.9992","202506","14","3,000","140","27","2022","경원대로780번길 22","202508~202708","신규","-","","","아파트"
"43423","인천광역시 미추홀구 주안동","1662","1662","0000","주안파크자이더플래티넘","월세","59.9583","202506","14","4,000","84","1","2023","인하로222번길 20","202507~202707","갱신","사용","4,000","80","아파트"
"43424","인천광역시 미추홀구 주안동","1614","1614","0000","월드스테이트(112~123)","월세","59.9960","202506","14","5,000","80","2","2008","경원대로 884","202508~202708","신규","-","","","아파트"
"43425","인천광역시 미추홀구 주안동","1678","1678","0000","힐스테이트푸르지오주안","전세","59.9600","202506","14","30,000","0","17","2023","남주길 150","202507~202706","신규","-","","","아파트"
"43426","인천광역시 미추홀구 주안동","1678","1678","0000","힐스테이트푸르지오주안","전세","93.9700","202506","14","35,700","0","19","2023","남주길 150","202507~202707","갱신","사용","34,000","0","아파트"
"43427","인천광역시 미추홀구 주안동","1678","1678","0000","힐스테이트푸르지오주안","전세","59.7200","202506","14","32,000","0","13","2023","남주길 150","-","-","-","","","아파트"
"43428","인천광역시 미추홀구 주안동","1678","1678","0000","힐스테이트푸르지오주안","전세","84.9700","202506","14","28,350","0","6","2023","남주길 150","202507~202707","갱신","사용","27,000","0","아파트"
"43429","인천광역시 연수구 동춘동","가-","0000","0000","송도파크레인동일하이빌","전세","84.9948","202506","14","34,000","0","12","2019","능허대로 343","202507~202707","신규","-","","","아파트"
"43430","인천광역시 미추홀구 주안동","1662","1662","0000","주안파크자이더플래티넘","월세","59.9583","202506","14","4,200","95","27","2023","인하로222번길 20","202506~202706","신규","-","","","아파트"
"43431","인천광역시 미추홀구 주안동","1678","1678","0000","힐스테이트푸르지오주안","전세","64.7900","202506","14","23,100","0","4","2023","남주길 150","202507~202707","갱신","사용","22,000","0","아파트"
"43432","인천광역시 미추홀구 주안동","1678","1678","0000","힐스테이트푸르지오주안","전세","74.9700","202506","14","27,300","0","36","2023","남주길 150","202507~202707","갱신","사용","26,000","0","아파트"
"43433","인천광역시 연수구 동춘동","932","0932","0000","한양2","전세","84.9700","202506","14","21,000","0","4","1994","원인재로 59","202508~202708","갱신","사용","21,000","0","아파트"
"43434","인천광역시 연수구 동춘동","가-","0000","0000","송도파크레인동일하이빌","전세","84.9044","202506","14","27,300","0","6","2019","능허대로 343","202506~202706","갱신","사용","26,000","0","아파트"
"43435","인천광역시 연수구 동춘동","931","0931","0000","무지개마을","전세","59.7600","202506","14","22,000","0","5","1995","원인재로 14","202507~202707","신규","-","","","아파트"
"43436","인천광역시 중구 운남동","1598-1","1598","0001","운서SKVIEWskycityⅡ","전세","84.9512","202506","14","26,000","0","1","2022","흰바위로 249","202507~202707","신규","-","","","아파트"
"43437","인천광역시 중구 운서동","3104-1","3104","0001","운서SKVIEWSkycity","월세","84.9630","202506","14","10,000","80","12","2022","흰바위로 203","202507~202707","신규","-","","","아파트"
"43438","인천광역시 중구 운서동","2788-2","2788","0002","영종2차금호베스트빌","전세","84.9701","202506","14","24,000","0","5","2003","흰바위로 14","-","-","-","","","아파트"
"43439","인천광역시 미추홀구 학익동","125-1","0125","0001","신동아1","월세","64.2700","202506","14","2,000","65","8","1988","소성로 211","202506~202706","신규","-","","","아파트"
"43440","인천광역시 미추홀구 학익동","125-1","0125","0001","신동아1","월세","56.2500","202506","14","2,000","70","9","1988","소성로 211","202506~202706","신규","-","","","아파트"
"43441","인천광역시 미추홀구 학익동","707-5","0707","0005","정광","전세","84.9800","202506","14","18,000","0","14","1998","한나루로357번길 87-18","202507~202707","신규","-","","","아파트"
"43442","인천광역시 미추홀구 학익동","692-1","0692","0001","호산1","전세","59.3000","202506","14","14,000","0","8","1996","한나루로358번길 6-11","202507~202707","신규","-","","","아파트"
"43443","인천광역시 미추홀구 학익동","707-5","0707","0005","정광","전세","84.9800","202506","14","18,000","0","14","1998","한나루로357번길 87-18","202507~202707","신규","-","","","아파트"
"43444","인천광역시 동구 송현동","154","0154","0000","솔빛마을주공","월세","37.0800","202506","14","1,000","55","15","2003","송현로 50","202506~202706","신규","-","","","아파트"
"43445","인천광역시 동구 송현동","154","0154","0000","송현주공솔빛마을(154)","전세","59.6400","202506","14","19,300","0","23","2003","송현로 50","202506~202706","신규","-","","","아파트"
"43446","인천광역시 동구 송현동","154","0154","0000","솔빛마을주공","월세","46.9200","202506","14","2,000","65","6","2003","송현로 50","-","-","-","","","아파트"
"43447","인천광역시 동구 송현동","154","0154","0000","송현주공솔빛마을(154)","전세","59.6400","202506","14","19,300","0","23","2003","송현로 50","202506~202706","신규","-","","","아파트"
"43448","인천광역시 동구 송현동","66-26","0066","0026","동부","전세","40.8930","202506","14","10,000","0","9","1991","화수로 38","202507~202707","신규","-","","","아파트"
"43449","인천광역시 동구 송현동","66-26","0066","0026","동부","전세","40.8930","202506","14","10,000","0","9","1991","화수로 38","202507~202707","신규","-","","","아파트"
"43450","인천광역시 중구 신흥동3가","31-13","0031","0013","인천유림노르웨이숲에듀오션","전세","66.1765","202506","14","24,000","0","10","2023","서해대로 278","202507~202707","신규","-","","","아파트"
"43451","인천광역시 중구 신흥동3가","31-13","0031","0013","인천유림노르웨이숲에듀오션","전세","59.1069","202506","14","22,000","0","20","2023","서해대로 278","202507~202707","신규","-","","","아파트"
"43452","인천광역시 중구 신흥동3가","31-13","0031","0013","인천유림노르웨이숲에듀오션","월세","59.8723","202506","14","2,000","90","10","2023","서해대로 278","202507~202707","신규","-","","","아파트"
"43453","인천광역시 동구 화수동","79-4","0079","0004","영풍","전세","59.9897","202506","14","18,000","0","2","2001","화도진로 132","202507~202707","신규","-","","","아파트"
"43454","인천광역시 중구 중산동","1871-3","1871","0003","하늘도시우미린2단지","전세","84.6182","202506","14","16,800","0","3","2012","하늘달빛로 113","202507~202707","갱신","사용","16,000","0","아파트"
"43455","인천광역시 중구 중산동","1878-1","1878","0001","인천영종한양수자인","전세","59.2156","202506","14","21,000","0","24","2012","은하수로 377","202508~202708","갱신","사용","20,000","0","아파트"
"43456","인천광역시 중구 중산동","1878-1","1878","0001","인천영종한양수자인","전세","59.1270","202506","14","18,500","0","19","2012","은하수로 377","202509~202609","갱신","사용","18,000","0","아파트"
"43457","인천광역시 중구 중산동","1887-2","1887","0002","영종힐스테이트","전세","83.2940","202506","14","20,000","0","19","2012","하늘별빛로 66","202508~202708","갱신","-","17,000","0","아파트"
"43458","인천광역시 중구 중산동","1878-1","1878","0001","인천영종한양수자인","월세","59.2185","202506","14","2,000","90","15","2012","은하수로 377","202507~202707","갱신","-","2,000","90","아파트"
"43459","인천광역시 중구 중산동","1881-1","1881","0001","하늘도시우미린1단지","전세","59.9600","202506","14","13,000","0","16","2012","은하수로 351","202507~202707","신규","-","","","아파트"
"43460","인천광역시 중구 중산동","1878-1","1878","0001","인천영종한양수자인","전세","59.2156","202506","14","19,000","0","21","2012","은하수로 377","202508~202707","신규","-","","","아파트"
"43461","인천광역시 중구 중산동","1887-2","1887","0002","영종힐스테이트","전세","83.2940","202506","14","23,000","0","14","2012","하늘별빛로 66","202507~202707","갱신","-","19,000","0","아파트"
"43462","인천광역시 중구 중산동","1872-1","1872","0001","영종신명스카이뷰주얼리","월세","56.6190","202506","14","2,000","85","32","2013","하늘달빛로 95","202506~202706","신규","-","","","아파트"
"43463","인천광역시 중구 중산동","1871-1","1871","0001","e편한세상영종국제도시센텀베뉴","전세","98.0214","202506","14","27,825","0","8","2023","하늘달빛로 139","202506~202706","갱신","사용","26,500","0","아파트"
"43464","인천광역시 중구 중산동","1871-3","1871","0003","하늘도시우미린2단지","월세","84.9907","202506","14","2,000","105","19","2012","하늘달빛로 113","202506~202706","갱신","-","1,000","80","아파트"
"43465","인천광역시 중구 중산동","1881-1","1881","0001","하늘도시우미린1단지","월세","59.9600","202506","14","3,000","80","13","2012","은하수로 351","202507~202707","신규","-","","","아파트"
"43466","인천광역시 중구 중산동","1887-4","1887","0004","e편한세상영종국제도시오션하임","전세","84.9684","202506","14","30,000","0","22","2018","두미포로 112","202507~202707","신규","-","","","아파트"
"43467","인천광역시 중구 중산동","1887-1","1887","0001","영종하늘도시한라비발디","월세","115.4255","202506","14","4,000","100","26","2012","하늘별빛로 86","202508~202708","신규","-","","","아파트"
"43468","인천광역시 중구 중산동","1878-1","1878","0001","인천영종한양수자인","월세","59.1006","202506","14","500","60","23","2012","은하수로 377","202506~202706","신규","-","","","아파트"
"43469","인천광역시 중구 운남동","1598-1","1598","0001","운서SKVIEWskycityⅡ","전세","84.9512","202506","14","26,000","0","1","2022","흰바위로 249","202507~202707","신규","-","","","아파트"
"43470","인천광역시 중구 운남동","1779","1779","0000","영종센트럴푸르지오자이","전세","84.6348","202506","14","30,000","0","11","2019","은하수로 412","202508~202708","신규","-","","","아파트"
"43471","인천광역시 중구 운남동","1681-2","1681","0002","호반써밋스카이센트럴2차","월세","84.8264","202506","14","3,000","120","15","2024","숲쟁이로 11","202507~202707","신규","-","","","아파트"
"43472","인천광역시 중구 운남동","1681-2","1681","0002","호반써밋스카이센트럴2차","월세","84.9407","202506","14","3,000","125","8","2024","숲쟁이로 11","202507~202707","신규","-","","","아파트"
"43473","인천광역시 중구 운남동","1598-1","1598","0001","운서SKVIEWskycityⅡ","전세","84.9126","202506","14","31,000","0","19","2022","흰바위로 249","202506~202710","신규","-","","","아파트"
"43474","인천광역시 미추홀구 숭의동","86-1","0086","0001","한화꿈에그린","전세","59.9701","202506","14","20,000","0","11","2007","석정로126번길 23","202507~202707","신규","-","","","아파트"
"43475","인천광역시 미추홀구 숭의동","362-19","0362","0019","힐스테이트숭의역","전세","59.9830","202506","14","27,000","0","32","2025","인주대로 5","202507~202707","신규","-","","","아파트"
"43476","인천광역시 미추홀구 숭의동","342-31","0342","0031","대준블루온101동","월세","49.1700","202506","14","2,000","65","9","2016","제물량로24번길 85","202506~202612","신규","-","","","아파트"
"43477","인천광역시 미추홀구 숭의동","362-19","0362","0019","힐스테이트숭의역","전세","59.9680","202506","14","27,000","0","46","2025","인주대로 5","202508~202708","신규","-","","","아파트"
"43478","인천광역시 미추홀구 도화동","132-1","0132","0001","신태양3차","월세","55.9850","202506","14","3,000","40","2","1983","석정로314번길 27","202507~202707","신규","-","","","아파트"
"43479","인천광역시 미추홀구 도화동","1011","1011","0000","더샵인천스카이타워1단지","월세","74.9643","202506","14","5,000","105","39","2020","숙골로88번길 12","202508~202708","신규","-","","","아파트"
"43480","인천광역시 미추홀구 도화동","1002","1002","0000","더샵인천스카이타워2단지","월세","74.9643","202506","14","5,000","95","42","2020","숙골로87번길 5","202506~202706","신규","-","","","아파트"
"43481","인천광역시 미추홀구 도화동","1002","1002","0000","더샵인천스카이타워2단지","전세","84.9353","202506","14","30,000","0","17","2020","숙골로87번길 5","202507~202707","갱신","사용","30,000","0","아파트"
"43482","인천광역시 미추홀구 용현동","627-78","0627","0078","한양1차","전세","57.5100","202506","14","14,000","0","1","1990","토금남로 55","202505~202705","갱신","-","14,000","0","아파트"
"43483","인천광역시 미추홀구 용현동","664","0664","0000","인천 SK Sky VIEW","전세","84.9974","202506","14","32,000","0","17","2016","용정공원로 33","202506~202706","갱신","사용","32,000","0","아파트"
"43484","인천광역시 미추홀구 용현동","664","0664","0000","인천 SK Sky VIEW","전세","84.9974","202506","14","38,000","0","22","2016","용정공원로 33","202507~202707","신규","-","","","아파트"
"43485","인천광역시 계양구 계산동","321-2","0321","0002","삼천리","월세","51.9250","202506","14","1,000","60","2","1986","주부토로 507","202508~202708","신규","-","","","아파트"
"43486","인천광역시 서구 백석동","가-","0000","0000","검암역로열파크씨티푸르지오2단지","전세","84.9420","202506","14","26,000","0","14","2023","한들로 73","202507~202707","갱신","-","22,000","0","아파트"
"43487","인천광역시 서구 백석동","가-","0000","0000","검암역로열파크씨티푸르지오1단지","월세","74.0021","202506","14","3,000","116","6","2023","한들로 33","202508~202708","갱신","사용","3,000","110","아파트"
"43488","인천광역시 서구 백석동","가-","0000","0000","검암역로열파크씨티푸르지오2단지","월세","59.8599","202506","14","3,000","140","10","2023","한들로 73","202507~202707","신규","-","","","아파트"
"43489","인천광역시 서구 당하동","820-1","0820","0001","태평","전세","59.9700","202506","14","16,800","0","7","1999","독정로25번길 26-6","202509~202708","신규","-","","","아파트"
"43490","인천광역시 서구 당하동","1027-15","1027","0015","신안실크벨리","전세","59.9639","202506","14","22,000","0","3","2004","원당대로840번길 22","202508~202708","신규","-","","","아파트"
"43491","인천광역시 서구 당하동","1031","1031","0000","원당풍림아이원","전세","84.5500","202506","14","21,000","0","4","2004","원당대로840번길 21","202507~202707","신규","-","","","아파트"
"43492","인천광역시 서구 당하동","1311-1","1311","0001","우미린파크뷰2단지","전세","59.9380","202506","14","30,000","0","17","2023","이음2로 90","202508~202708","신규","-","","","아파트"
"43493","인천광역시 서구 당하동","1311-1","1311","0001","우미린파크뷰2단지","전세","84.8773","202506","14","32,000","0","21","2023","이음2로 90","202509~202709","신규","-","","","아파트"
"43494","인천광역시 서구 당하동","1314","1314","0000","검단신안인스빌어반퍼스트","전세","94.9550","202506","14","31,000","0","9","2022","이음1로 173","202507~202707","신규","-","","","아파트"
"43495","인천광역시 서구 당하동","1316-2","1316","0002","검단신도시대성베르힐라프리미어","전세","110.3995","202506","14","31,000","0","22","2022","이음1로 154","202508~202708","신규","-","","","아파트"
"43496","인천광역시 서구 당하동","1099-2","1099","0002","당하푸르지오","전세","101.6130","202506","14","32,000","0","10","2005","청마로 170","202508~202708","신규","-","","","아파트"
"43497","인천광역시 서구 당하동","1314-2","1314","0002","호반써밋프라임뷰","전세","97.4814","202506","14","34,000","0","7","2022","이음2로 70","202509~202709","신규","-","","","아파트"
"43498","인천광역시 서구 당하동","223-1","0223","0001","e편한세상검단어반센트로","월세","59.6600","202506","14","3,000","100","7","2024","이음3로 101","202507~202707","신규","-","","","아파트"
"43499","인천광역시 서구 당하동","1254-1","1254","0001","검단신도시한신더휴캐널파크(THEHUECANALPARK)","전세","74.4161","202506","14","30,000","0","28","2021","이음3로 125","202508~202708","신규","-","","","아파트"
"43500","인천광역시 서구 당하동","1272-2","1272","0002","유승한내들 에듀파크","전세","84.2411","202506","14","30,800","0","1","2021","이음3로 130","202507~202707","갱신","사용","29,800","0","아파트"
"43501","인천광역시 서구 당하동","1311-1","1311","0001","우미린파크뷰2단지","월세","59.9380","202506","14","3,000","120","19","2023","이음2로 90","202507~202707","신규","-","","","아파트"
"43502","인천광역시 서구 당하동","1314","1314","0000","검단신안인스빌어반퍼스트","월세","84.7322","202506","14","2,000","120","4","2022","이음1로 173","202506~202706","신규","-","","","아파트"
"43503","인천광역시 서구 당하동","1098-1","1098","0001","대주파크빌","전세","84.8291","202506","14","20,000","0","14","2006","청마로 135","202507~202707","갱신","-","19,000","0","아파트"
"43504","인천광역시 서구 당하동","1305-1","1305","0001","우미린파크뷰1단지","월세","59.9380","202506","14","10,000","60","9","2023","이음2로 89","202509~202709","갱신","사용","10,000","50","아파트"
"43505","인천광역시 서구 당하동","1318-6","1318","0006","검단신도시디에트르더펠리체","전세","84.7748","202506","14","31,000","0","3","2022","이음2로 30","202506~202706","신규","-","","","아파트"
"43506","인천광역시 서구 당하동","1254-1","1254","0001","검단신도시한신더휴캐널파크(THEHUECANALPARK)","전세","74.4161","202506","14","30,000","0","28","2021","이음3로 125","202508~202708","신규","-","","","아파트"
"43507","인천광역시 서구 검암동","595-3","0595","0003","서해그랑블","전세","69.6616","202506","14","27,300","0","14","2003","승학로495번길 7","202507~202607","갱신","사용","26,000","0","아파트"
"43508","인천광역시 서구 마전동","928-17","0928","0017","이지미래지향","전세","84.6592","202506","14","23,000","0","5","2008","검단로501번안길 5","202507~202707","갱신","-","23,000","0","아파트"
"43509","인천광역시 서구 마전동","925","0925","0000","서해","전세","50.2200","202506","14","10,000","0","2","1992","검단로487번길 40","202507~202707","신규","-","","","아파트"
"43510","인천광역시 서구 마전동","1055-1","1055","0001","당하3차풍림아이원","전세","59.9060","202506","14","19,000","0","17","2004","원당대로685번길 23","202507~202707","갱신","-","18,000","0","아파트"
"43511","인천광역시 서구 마전동","920","0920","0000","장미","월세","42.1200","202506","14","500","50","5","1990","완정로178번길 51","202507~202707","신규","-","","","아파트"
"43512","인천광역시 서구 마전동","999-5","0999","0005","영남탑스빌","월세","84.9700","202506","14","3,000","110","2","2000","완정로64번길 7","202507~202707","신규","-","","","아파트"
"43513","인천광역시 서구 가좌동","7","0007","0000","한신휴플러스","전세","59.9900","202506","14","15,724","0","8","2007","건지로 402","202507~202707","신규","-","","","아파트"
"43514","인천광역시 서구 가좌동","261-2","0261","0002","한샘","월세","46.1700","202506","14","700","40","3","1983","원적로 31","202507~202707","신규","-","","","아파트"
"43515","인천광역시 서구 가좌동","207","0207","0000","동남","월세","50.4900","202506","14","1,500","40","4","1986","건지로318번길 55","202506~202706","갱신","-","1,500","40","아파트"
"43516","인천광역시 서구 가좌동","7","0007","0000","한신휴플러스","전세","59.9900","202506","14","15,724","0","8","2007","건지로 402","202507~202707","신규","-","","","아파트"
"43517","인천광역시 서구 신현동","302-1","0302","0001","루원e-편한세상하늘채아파트","전세","84.8570","202506","14","26,000","0","12","2010","가정로 387","202507~202707","신규","-","","","아파트"
"43518","인천광역시 계양구 병방동","432-5","0432","0005","학마을영남","전세","59.9400","202506","14","22,050","0","4","1997","장제로 878","202509~202708","신규","-","","","아파트"
"43519","인천광역시 계양구 병방동","432-5","0432","0005","학마을서해","전세","59.7900","202506","14","24,500","0","13","1997","장제로 878","202508~202708","신규","-","","","아파트"
"43520","인천광역시 계양구 병방동","433-1","0433","0001","학마을한진","전세","49.7700","202506","14","18,500","0","7","1998","용종로 124","202506~202706","갱신","-","18,000","0","아파트"
"43521","인천광역시 계양구 병방동","432-5","0432","0005","학마을영남","전세","59.9400","202506","14","22,050","0","4","1997","장제로 878","202509~202708","신규","-","","","아파트"
"43522","인천광역시 계양구 병방동","432-3","0432","0003","학마을서원","월세","59.9400","202506","14","2,000","90","2","1997","용종로 123","202508~202708","신규","-","","","아파트"
"43523","인천광역시 서구 검암동","501-1","0501","0001","풍림아이원2차","전세","84.9300","202506","14","33,000","0","14","2004","검암로 53","202508~202708","신규","-","","","아파트"
"43524","인천광역시 서구 연희동","729-1","0729","0001","우성","월세","59.9290","202506","14","2,000","80","17","1997","대평로56번길 32","202507~202707","신규","-","","","아파트"
"43525","인천광역시 계양구 작전동","912-5","0912","0005","도두리마을대동","월세","40.0500","202506","14","1,000","50","15","1997","도두리로 74","202506~202606","갱신","-","1,000","47","아파트"
"43526","인천광역시 계양구 작전동","102-3","0102","0003","뉴서울1","전세","39.2400","202506","14","9,000","0","3","1988","봉오대로744번길 7","202507~202706","갱신","사용","9,000","0","아파트"
"43527","인천광역시 계양구 작전동","912-5","0912","0005","도두리마을대동","전세","59.8400","202506","14","23,000","0","18","1997","도두리로 74","202508~202708","신규","-","","","아파트"
"43528","인천광역시 계양구 작전동","949","0949","0000","작전역서해그랑블","전세","49.5805","202506","14","25,000","0","8","2020","아나지로247번길 22","202508~202708","신규","-","","","아파트"
"43529","인천광역시 계양구 작전동","862-18","0862","0018","한오","월세","38.6100","202506","14","1,000","43","1","1987","봉오대로691번길 7","202507~202707","신규","-","","","아파트"
"43530","인천광역시 계양구 작전동","953","0953","0000","힐스테이트자이계양","월세","59.8600","202506","14","4,000","140","11","2024","봉오대로651번길 9","202509~202709","신규","-","","","아파트"
"43531","인천광역시 계양구 작전동","44","0044","0000","백합","월세","55.6200","202506","14","1,000","60","1","1985","주부토로 464","202507~202707","신규","-","","","아파트"
"43532","인천광역시 계양구 작전동","953","0953","0000","힐스테이트자이계양","월세","59.7900","202506","14","3,000","150","9","2024","봉오대로651번길 9","202507~202707","신규","-","","","아파트"
"43533","인천광역시 계양구 작전동","53","0053","0000","팬더(53)","월세","57.5700","202506","14","500","48","5","1989","주부토로448번길 2","202507~202707","신규","-","","","아파트"
"43534","인천광역시 계양구 효성동","24","0024","0000","뉴서울2","월세","34.7400","202506","14","500","35","1","1986","안남로 560","202507~202707","신규","-","","","아파트"
"43535","인천광역시 계양구 효성동","623-3","0623","0003","하나","월세","84.8700","202506","14","2,000","80","9","1996","봉오대로463번길 12","202507~202706","갱신","-","2,000","70","아파트"
"43536","인천광역시 계양구 효성동","677","0677","0000","e편한세상 계양 더프리미어","전세","46.4818","202506","14","27,500","0","6","2021","효서로 145","202508~202708","신규","-","","","아파트"
"43537","인천광역시 계양구 효성동","238-1","0238","0001","뉴서울5차","전세","59.7000","202506","14","20,000","0","13","1994","아나지로 199","202507~202707","갱신","-","20,000","0","아파트"
"43538","인천광역시 계양구 작전동","912-5","0912","0005","도두리마을대동","전세","59.8400","202506","14","23,000","0","18","1997","도두리로 74","202508~202708","신규","-","","","아파트"
"43539","인천광역시 계양구 귤현동","531","0531","0000","계양센트레빌1단지","전세","84.9860","202506","14","35,000","0","15","2013","형제봉길 100","202507~202707","신규","-","","","아파트"
"43540","인천광역시 계양구 동양동","613","0613","0000","일신휴먼빌","전세","84.7800","202506","14","28,000","0","8","2007","당미길 43","202508~202708","신규","-","","","아파트"
"43541","인천광역시 서구 석남동","209","0209","0000","대명","전세","59.7600","202506","14","15,000","0","2","1998","새오개로 4","202508~202708","신규","-","","","아파트"
"43542","인천광역시 서구 석남동","516-3","0516","0003","금성","월세","54.7200","202506","14","500","50","3","1984","가정로261번길 11","202507~202707","신규","-","","","아파트"
"43543","인천광역시 서구 석남동","499","0499","0000","태산","월세","36.5200","202506","14","500","35","4","1989","가정로262번길 19","202508~202708","신규","-","","","아파트"
"43544","인천광역시 계양구 계산동","342-1","0342","0001","삼보1","전세","40.5900","202506","14","11,000","0","2","1988","주부토로 528","202508~202708","신규","-","","","아파트"
"43545","인천광역시 계양구 계산동","899","0899","0000","극동","월세","38.1300","202506","14","1,000","40","1","1988","하느재로19번길 8","202506~202706","신규","-","","","아파트"
"43546","인천광역시 계양구 계산동","348-2","0348","0002","하나","전세","39.9600","202506","14","10,500","0","2","1987","경명대로1114번길 6","202507~202707","신규","-","","","아파트"
"43547","인천광역시 계양구 계산동","1084-2","1084","0002","은행마을(강북)","전세","102.4800","202506","14","28,350","0","17","1997","계산새로 108","202507~202707","갱신","사용","27,000","0","아파트"
"43548","인천광역시 계양구 임학동","31","0031","0000","은영칠성","월세","40.7700","202506","14","500","40","3","1988","임학안로 30","202506~202706","신규","-","","","아파트"
"43549","인천광역시 서구 가정동","597-2","0597","0002","엘에이치웨스턴블루힐","월세","74.9900","202506","14","8,000","80","15","2015","봉오재2로 37","202508~202708","신규","-","","","아파트"
"43550","인천광역시 서구 가정동","341-14","0341","0014","하나2","월세","57.7800","202506","14","1,000","57","11","1992","봉오대로318번길 23","202506~202706","신규","-","","","아파트"
"43551","인천광역시 서구 가정동","562-2","0562","0002","진흥2","전세","45.0400","202506","14","9,300","0","6","1990","서달로193번길 12-16","202507~202707","갱신","-","8,800","0","아파트"
"43552","인천광역시 서구 가정동","562-2","0562","0002","진흥2","전세","45.0400","202506","14","9,300","0","6","1990","서달로193번길 12-16","-","-","-","","","아파트"
"43553","인천광역시 계양구 박촌동","319","0319","0000","계양한양수자인","전세","84.9940","202506","14","33,500","0","2","2011","장제로 1004","202508~202708","신규","-","","","아파트"
"43554","인천광역시 서구 검암동","595-3","0595","0003","서해그랑블","전세","69.6616","202506","14","27,300","0","14","2003","승학로495번길 7","-","-","-","","","아파트"
"43555","인천광역시 부평구 삼산동","388-7","0388","0007","삼산주공미래타운2차","전세","49.4000","202506","14","16,800","0","20","2000","부평북로 432","202507~202707","갱신","사용","16,000","0","아파트"
"43556","인천광역시 부평구 십정동","630","0630","0000","더샵부평센트럴시티","월세","59.8032","202506","14","5,000","90","26","2022","열우물로 90","202507~202707","신규","-","","","아파트"
"43557","인천광역시 부평구 부평동","70-5","0070","0005","동아(1차)","월세","52.4300","202506","14","2,000","70","4","1988","부평문화로 37","202508~202707","신규","-","","","아파트"
"43558","인천광역시 부평구 부평동","431-22","0431","0022","씨티원","전세","37.2900","202506","14","15,000","0","11","2016","부평대로 124","202507~202907","갱신","-","15,000","0","아파트"
"43559","인천광역시 부평구 부평동","70-5","0070","0005","동아(1차)","월세","52.4300","202506","14","2,000","70","6","1987","부평문화로 37","202506~202706","신규","-","","","아파트"
"43560","인천광역시 부평구 부평동","70-5","0070","0005","동아(1차)","월세","84.8700","202506","14","5,000","90","7","1989","부평문화로 37","202507~202707","신규","-","","","아파트"
"43561","인천광역시 부평구 부평동","632-3","0632","0003","부평라일실크빌아파트","월세","84.9300","202506","14","3,000","110","4","2007","경인로980번길 34","202507~202707","신규","-","","","아파트"
"43562","인천광역시 부평구 부평동","70-5","0070","0005","동아(1차)","월세","52.4300","202506","14","1,500","70","10","1987","부평문화로 37","202506~202706","신규","-","","","아파트"
"43563","인천광역시 부평구 부평동","1017","1017","0000","부평역해링턴플레이스","월세","84.9680","202506","14","3,000","160","13","2024","동수로 36","202506~202706","신규","-","","","아파트"
"43564","인천광역시 부평구 부평동","151-14","0151","0014","서린레이크3차","월세","41.5000","202506","14","3,000","70","9","2016","대정로 65","202507~202707","신규","-","","","아파트"
"43565","인천광역시 부평구 부평동","431-22","0431","0022","씨티원","전세","37.2900","202506","14","14,840","0","11","2016","부평대로 124","202507~202907","갱신","-","15,000","0","아파트"
"43566","인천광역시 부평구 부평동","431-22","0431","0022","씨티원","전세","37.2900","202506","14","14,740","0","11","2016","부평대로 124","202507~202907","갱신","-","15,000","0","아파트"
"43567","인천광역시 부평구 부개동","496-2","0496","0002","부개주공1","전세","59.9800","202506","14","19,950","0","4","1996","길주남로 143","202508~202708","갱신","사용","19,000","0","아파트"
"43568","인천광역시 부평구 부개동","494-1","0494","0001","대동(494-1)","월세","84.9400","202506","14","3,000","80","14","1991","부일로113번길 11","202506~202706","신규","-","","","아파트"
"43569","인천광역시 부평구 부개동","531","0531","0000","e편한세상부평역어반루체","월세","59.9924","202506","14","3,000","120","12","2022","경인로1024번길 21","202506~202706","신규","-","","","아파트"
"43570","인천광역시 부평구 산곡동","307","0307","0000","현대1차","전세","84.6000","202506","14","20,000","0","6","1986","경원대로 1269","202507~202707","갱신","-","20,000","0","아파트"
"43571","인천광역시 부평구 산곡동","534","0534","0000","부평두산위브더파크","월세","74.8559","202506","14","3,000","116","17","2022","마곡로 14","202505~202705","갱신","사용","3,000","110","아파트"
"43572","인천광역시 부평구 산곡동","534","0534","0000","부평두산위브더파크","전세","49.9486","202506","14","26,500","0","8","2022","마곡로 14","202508~202708","신규","-","","","아파트"
"43573","인천광역시 부평구 산곡동","524","0524","0000","부평신일해피트리더루츠","전세","49.5570","202506","14","29,000","0","18","2022","산곡로 31","202507~202707","신규","-","","","아파트"
"43574","인천광역시 남동구 논현동","602-1","0602","0001","논현단풍마을트리플에듀","전세","84.7900","202506","14","26,000","0","3","2006","소래역로 94","202508~202708","신규","-","","","아파트"
"43575","인천광역시 남동구 논현동","774-1","0774","0001","에코메트로11","전세","84.9970","202506","14","35,000","0","10","2009","논고개로 17","202508~202708","신규","-","","","아파트"
"43576","인천광역시 남동구 논현동","66-24","0066","0024","유호엔시티101-103동","전세","84.5507","202506","14","28,000","0","20","2013","포구로 35","202507~202707","신규","-","","","아파트"
"43577","인천광역시 남동구 논현동","564-1","0564","0001","주공1단지","전세","59.1300","202506","14","19,000","0","16","1998","호구포로 294","202507~202707","신규","-","","","아파트"
"43578","인천광역시 남동구 논현동","755-1","0755","0001","에코메트로5","전세","84.9860","202506","14","36,750","0","15","2010","소래역남로 39","202508~202708","갱신","사용","35,000","0","아파트"
"43579","인천광역시 남동구 논현동","602-1","0602","0001","논현단풍마을트리플에듀","전세","84.7900","202506","14","26,000","0","3","2006","소래역로 94","202508~202708","신규","-","","","아파트"
"43580","인천광역시 남동구 논현동","603-1","0603","0001","휴먼시아동산마을","전세","84.6000","202506","14","23,000","0","11","2006","소래역로 119","202509~202709","갱신","사용","23,000","0","아파트"
"43581","인천광역시 부평구 청천동","397","0397","0000","동양","월세","45.5200","202506","14","300","35","4","1982","안남로417번길 35","202509~202709","신규","-","","","아파트"
"43582","인천광역시 부평구 청천동","300","0300","0000","삼익","전세","61.3800","202506","14","16,000","0","5","1986","부평대로167번길 43","202506~202706","갱신","-","16,000","0","아파트"
"43583","인천광역시 부평구 청천동","200","0200","0000","부평1,2차금호타운","전세","59.8050","202506","14","21,000","0","23","1998","안남로 272","202509~202709","갱신","사용","20,000","0","아파트"
"43584","인천광역시 부평구 청천동","200","0200","0000","부평1,2차금호타운","월세","59.8050","202506","14","3,000","81","12","1998","안남로 272","202506~202706","갱신","-","3,000","78","아파트"
"43585","인천광역시 부평구 청천동","456","0456","0000","e편한세상부평그랑힐스","월세","59.5839","202506","14","4,000","110","25","2024","산청로 97","202507~202707","신규","-","","","아파트"
"43586","인천광역시 부평구 부개동","498-5","0498","0005","부개주공3","전세","59.9700","202506","14","24,500","0","11","1996","길주남로 144","202509~202709","신규","-","","","아파트"
"43587","인천광역시 부평구 부개동","494-1","0494","0001","대동(494-1)","전세","84.9400","202506","14","23,000","0","14","1991","부일로113번길 11","202507~202707","갱신","-","22,000","0","아파트"
"43588","인천광역시 부평구 산곡동","91-2","0091","0002","부평IPARK","전세","84.5800","202506","14","46,000","0","33","2020","길주로364번길 9","202508~202708","신규","-","","","아파트"
"43589","인천광역시 부평구 갈산동","159","0159","0000","대우","전세","84.9900","202506","14","28,000","0","1","2001","평천로305번길 15","202510~202710","신규","-","","","아파트"
"43590","인천광역시 부평구 갈산동","361-3","0361","0003","대동2","전세","45.0000","202506","14","17,000","0","16","1993","주부토로 201","202508~202708","신규","-","","","아파트"
"43591","인천광역시 부평구 갈산동","359","0359","0000","주공1단지","전세","38.6400","202506","14","13,650","0","10","1992","굴포로 81","202508~202608","갱신","사용","13,000","0","아파트"
"43592","인천광역시 부평구 삼산동","440-1","0440","0001","삼산타운주공1단지","월세","59.9900","202506","14","7,000","830","11","2005","굴포로 105","202506~202706","갱신","-","7,000","80","아파트"
"43593","인천광역시 서구 왕길동","661-1","0661","0001","대림e-편한세상(검단2지구66BL1L)","월세","84.9100","202506","14","3,000","110","5","2007","검단로 446","202509~202709","신규","-","","","아파트"
"43594","인천광역시 서구 청라동","185-1","0185","0001","힐데스하임","월세","59.8871","202506","14","3,000","120","19","2011","청라라임로 17","202506~202706","신규","-","","","아파트"
"43595","인천광역시 서구 청라동","83-1","0083","0001","청라국제업무단지센텀대광로제비앙","전세","82.9117","202506","14","28,875","0","11","2018","비즈니스로 166","202507~202707","갱신","사용","27,500","0","아파트"
"43596","인천광역시 서구 청라동","85-1","0085","0001","청라국제금융단지한양수자인레이크블루","월세","84.4945","202506","14","3,500","142","7","2019","청라한내로 132","202506~202706","갱신","사용","3,500","135","아파트"
"43597","인천광역시 서구 청라동","156-1","0156","0001","청라센트럴에일린의뜰","전세","84.9834","202506","14","36,750","0","19","2018","청라커낼로 300","202508~202708","갱신","사용","35,000","0","아파트"
"43598","인천광역시 서구 청라동","156-1","0156","0001","청라센트럴에일린의뜰","전세","84.9834","202506","14","40,000","0","27","2018","청라커낼로 300","202508~202708","신규","-","","","아파트"
"43599","인천광역시 서구 청라동","173-1","0173","0001","청라29블럭호반베르디움","월세","84.9289","202506","14","18,000","80","20","2012","청라커낼로 163","202508~202608","갱신","-","18,000","70","아파트"
"43600","인천광역시 서구 청라동","173-1","0173","0001","청라29블럭호반베르디움","전세","84.9482","202506","14","27,000","0","14","2012","청라커낼로 163","202507~202607","갱신","사용","27,000","0","아파트"
"43601","인천광역시 서구 청라동","164-1","0164","0001","청라 엑슬루타워","전세","110.2200","202506","14","31,500","0","12","2011","중봉대로586번길 22","202507~202707","갱신","사용","30,000","0","아파트"
"43602","인천광역시 서구 청라동","154-1","0154","0001","청라더샵레이크파크","전세","106.8930","202506","14","46,000","0","31","2013","크리스탈로74번길 26","202508~202707","신규","-","","","아파트"
"43603","인천광역시 서구 청라동","130-4","0130","0004","호반베르디움앤영무예다음","전세","59.8600","202506","14","30,000","0","15","2011","청라에메랄드로 134","202508~202708","신규","-","","","아파트"
"43604","인천광역시 서구 청라동","116-4","0116","0004","청라지구중흥S-CLASS1단지","전세","119.5876","202506","14","38,000","0","11","2010","청라라임로 131","202508~202708","신규","-","","","아파트"
"43605","인천광역시 서구 청라동","103-27","0103","0027","청라힐스테이트","전세","84.9820","202506","14","31,000","0","8","2012","청라한내로 7","202507~202707","신규","-","","","아파트"
"43606","인천광역시 서구 청라동","103-15","0103","0015","청라호수공원한신더휴","전세","84.9878","202506","14","37,000","0","5","2020","청라한내로 40","202508~202708","신규","-","","","아파트"
"43607","인천광역시 서구 불로동","308","0308","0000","월드","월세","59.8300","202506","14","1,000","82","4","1998","검단로 836","202507~202707","신규","-","","","아파트"
"43608","인천광역시 강화군 선원면 창리","714","0714","0000","강화서희스타힐스1단지","월세","84.9495","202506","14","3,000","90","5","2024","중앙로 162-31","202506~202706","신규","-","","","아파트"
"43609","인천광역시 서구 왕길동","634-1","0634","0001","신명스카이뷰드림","월세","84.9378","202506","14","2,000","100","9","2004","봉수대로1440번길 29","202508~202708","신규","-","","","아파트"
"43610","인천광역시 서구 원당동","987-1","0987","0001","검단신도시디에트르더힐","전세","76.1198","202506","14","35,700","0","20","2022","서로3로 255","202507~202707","갱신","사용","34,000","0","아파트"
"43611","인천광역시 서구 원당동","1022","1022","0000","호반써밋1차","전세","84.8917","202506","14","32,550","0","12","2021","이음5로 15","202507~202707","갱신","사용","31,000","0","아파트"
"43612","인천광역시 서구 원당동","987-1","0987","0001","검단신도시디에트르더힐","전세","84.9861","202506","14","33,000","0","11","2022","서로3로 255","202507~202707","신규","-","","","아파트"
"43613","인천광역시 서구 원당동","854-3","0854","0003","금호어울림2차(원당지구80BL3L)","전세","84.9949","202506","14","23,000","0","1","2005","고산로 13","202507~202707","신규","-","","","아파트"
"43614","인천광역시 서구 원당동","1022","1022","0000","호반써밋1차","전세","84.8917","202506","14","29,400","0","18","2021","이음5로 15","202507~202707","갱신","사용","28,000","0","아파트"
"43615","인천광역시 서구 원당동","1024","1024","0000","검단 금호어울림 센트럴","전세","84.5200","202506","14","34,000","0","15","2021","이음5로 65","202507~202707","신규","-","","","아파트"
"43616","인천광역시 서구 원당동","1022","1022","0000","호반써밋1차","전세","72.2112","202506","14","30,000","0","19","2021","이음5로 15","202508~202708","신규","-","","","아파트"
"43617","인천광역시 서구 원당동","1022","1022","0000","호반써밋1차","전세","84.8917","202506","14","37,000","0","3","2021","이음5로 15","202507~202707","신규","-","","","아파트"
"43618","인천광역시 서구 원당동","1022","1022","0000","호반써밋1차","전세","84.8981","202506","14","35,000","0","4","2021","이음5로 15","202508~202708","신규","-","","","아파트"
"43619","인천광역시 서구 원당동","1014","1014","0000","검단신도시예미지트리플에듀","월세","84.9227","202506","14","5,000","140","2","2022","서로4로 89","202508~202608","신규","-","","","아파트"
"43620","인천광역시 서구 청라동","149-2","0149","0002","청라제일풍경채2차에듀앤파크","전세","84.9930","202506","14","34,500","0","27","2017","청라한울로 96","202507~202707","갱신","사용","33,000","0","아파트"
"43621","인천광역시 서구 오류동","1719-4","1719","0004","왕길역아테라","월세","84.9710","202506","13","3,000","120","3","2025","봉화로 60-11","202506~202706","신규","-","","","아파트"
"43622","인천광역시 서구 원당동","823-1","0823","0001","원당LG자이(원당지구69BL1L)","전세","84.9511","202506","13","21,000","0","10","2004","원당대로839번길 34","202508~202708","갱신","사용","20,000","0","아파트"
"43623","인천광역시 서구 왕길동","133-3","0133","0003","왕길역로열파크씨티푸르지오","전세","84.9858","202506","13","42,500","0","13","2024","검단로 380","202507~202707","신규","-","","","아파트"
"43624","인천광역시 서구 불로동","803-1","0803","0001","검단대광로제비앙센트럴포레","전세","74.9369","202506","13","27,000","0","17","2022","검단로768번길 46","202506~202706","신규","-","","","아파트"
"43625","인천광역시 서구 청라동","84-7","0084","0007","인천청라시티프라디움","전세","84.9995","202506","13","38,000","0","8","2021","청라한내로 131","202507~202707","신규","-","","","아파트"
"43626","인천광역시 서구 청라동","102-10","0102","0010","청라디이스트","전세","114.4530","202506","13","28,000","0","27","2012","비즈니스로28번길 13","202507~202707","갱신","사용","27,000","0","아파트"
"43627","인천광역시 서구 원당동","1022","1022","0000","호반써밋1차","전세","84.8981","202506","13","35,000","0","13","2021","이음5로 15","202508~202708","신규","-","","","아파트"
"43628","인천광역시 서구 원당동","854-3","0854","0003","금호어울림2차(원당지구80BL3L)","전세","84.9949","202506","13","23,000","0","7","2005","고산로 13","202507~202707","갱신","-","21,000","0","아파트"
"43629","인천광역시 서구 원당동","1018","1018","0000","검단신도시푸르지오더베뉴","전세","84.9300","202506","13","35,000","0","11","2021","이음6로 33","202507~202707","갱신","사용","34,500","0","아파트"
"43630","인천광역시 서구 왕길동","133-3","0133","0003","왕길역로열파크씨티푸르지오","전세","84.9858","202506","13","42,500","0","13","2024","검단로 380","202507~202707","신규","-","","","아파트"
"43631","인천광역시 서구 청라동","130-2","0130","0002","청라웰카운티1차","전세","84.9792","202506","13","25,200","0","19","2010","청라에메랄드로 156","202508~202708","갱신","사용","24,000","0","아파트"
"43632","인천광역시 서구 청라동","139-1","0139","0001","청라한화꿈에그린","전세","100.5108","202506","13","43,000","0","19","2012","크리스탈로 148","202507~202707","갱신","-","34,000","0","아파트"
"43633","인천광역시 서구 청라동","130-2","0130","0002","청라웰카운티1차","전세","84.7379","202506","13","25,000","0","4","2010","청라에메랄드로 156","202507~202707","갱신","-","23,500","0","아파트"
"43634","인천광역시 서구 청라동","115-1","0115","0001","청라제일풍경채","전세","101.9669","202506","13","31,500","0","16","2012","청라한울로 95","202507~202707","갱신","사용","30,000","0","아파트"
"43635","인천광역시 서구 원당동","854-3","0854","0003","금호어울림2차(원당지구80BL3L)","월세","84.9949","202506","13","3,000","100","10","2005","고산로 13","202506~202706","신규","-","","","아파트"
"43636","인천광역시 동구 송림동","348","0348","0000","동인천역파크푸르지오","월세","84.6973","202506","13","14,000","69","9","2023","화도진로 16","202508~202708","신규","-","","","아파트"
"43637","인천광역시 동구 송림동","348","0348","0000","동인천역파크푸르지오","월세","59.8701","202506","13","16,000","42","33","2023","화도진로 16","202508~202708","갱신","-","16,000","42","아파트"
"43638","인천광역시 중구 신흥동2가","54-5","0054","0005","삼익","월세","80.3000","202506","13","1,000","40","7","1979","인중로 97-1","202508~202708","신규","-","","","아파트"
"43639","인천광역시 중구 운남동","1778","1778","0000","운서역푸르지오더스카이","월세","84.6900","202506","13","11,900","30","9","2021","흰바위로 277","202509~202708","갱신","-","11,900","26","아파트"
"43640","인천광역시 중구 중산동","1871-3","1871","0003","하늘도시우미린2단지","월세","84.7989","202506","13","2,000","105","23","2012","하늘달빛로 113","202506~202706","갱신","-","2,000","85","아파트"
"43641","인천광역시 중구 중산동","1881-1","1881","0001","하늘도시우미린1단지","전세","59.9400","202506","13","20,000","0","2","2012","은하수로 351","202509~202709","신규","-","","","아파트"
"43642","인천광역시 미추홀구 용현동","490-37","0490","0037","대준블루온","월세","52.1483","202506","13","50","70","10","2017","인주대로 149","202506~202609","신규","-","","","아파트"
"43643","인천광역시 중구 항동7가","27-107","0027","0107","라이프비취1차","전세","72.7300","202506","13","11,000","0","11","1980","축항대로86번길 47","202506~202706","신규","-","","","아파트"
"43644","인천광역시 미추홀구 학익동","125-1","0125","0001","신동아1","전세","49.0300","202506","13","12,200","0","7","1988","소성로 211","202507~202707","신규","-","","","아파트"
"43645","인천광역시 중구 운북동","1366-8","1366","0008","영종BENESTWeHome골든마레","월세","84.9673","202506","13","500","70","25","2023","자연대로 667","202506~202706","신규","-","","","아파트"
"43646","인천광역시 중구 중산동","1871-4","1871","0004","영종국제도시동원로얄듀크마리나포레","전세","84.9841","202506","13","18,030","0","14","2022","하늘중앙로 272","202506~202705","갱신","사용","18,000","0","아파트"
"43647","인천광역시 중구 중산동","1878-1","1878","0001","인천영종한양수자인","전세","59.2156","202506","13","18,900","0","27","2012","은하수로 377","202508~202708","갱신","사용","18,000","0","아파트"
"43648","인천광역시 미추홀구 도화동","1009","1009","0000","e편한세상도화6-1단지","월세","72.8700","202506","13","11,132","36","14","2018","숙골로88번길 46","202507~202707","갱신","-","11,132","36","아파트"
"43649","인천광역시 미추홀구 숭의동","303-189","0303","0189","더프라임","전세","75.0261","202506","13","21,000","0","6","2017","독배로473번길 12","202507~202707","신규","-","","","아파트"
"43650","인천광역시 중구 운남동","1778","1778","0000","운서역푸르지오더스카이","월세","62.6200","202506","13","7,300","24","9","2021","흰바위로 277","202508~202708","갱신","-","7,300","23","아파트"
"43651","인천광역시 중구 중산동","1881-1","1881","0001","하늘도시우미린1단지","월세","59.9400","202506","13","2,000","90","12","2012","은하수로 351","202507~202707","신규","-","","","아파트"
"43652","인천광역시 중구 중산동","1911-2","1911","0002","영종국제도시한신더휴스카이파크","월세","59.9384","202506","13","2,000","93","8","2019","은하수로 229","202508~202708","신규","-","","","아파트"
"43653","인천광역시 중구 운서동","2708-8","2708","0008","풍림아이원6-2단지","월세","59.9919","202506","13","1,000","80","3","2002","신도시북로 68","202506~202706","신규","-","","","아파트"
"43654","인천광역시 중구 중산동","1887-2","1887","0002","영종힐스테이트","전세","83.2470","202506","13","17,000","0","21","2012","하늘별빛로 66","202507~202707","신규","-","","","아파트"
"43655","인천광역시 중구 운서동","2708-8","2708","0008","풍림아이원6-2단지","월세","59.9919","202506","13","2,000","75","5","2002","신도시북로 68","202507~202707","신규","-","","","아파트"
"43656","인천광역시 동구 화수동","2-7","0002","0007","미륭","월세","35.5200","202506","13","500","35","5","1990","화수로 44","202506~202706","신규","-","","","아파트"
"43657","인천광역시 중구 운남동","1778","1778","0000","운서역푸르지오더스카이","월세","84.8300","202506","13","11,900","31","21","2021","흰바위로 277","202508~202708","갱신","-","11,900","29","아파트"
"43658","인천광역시 중구 운남동","1778","1778","0000","운서역푸르지오더스카이","월세","84.8300","202506","13","3,000","56","6","2021","흰바위로 277","-","-","-","","","아파트"
"43659","인천광역시 동구 송림동","342","0342","0000","동산휴먼시아1단지","전세","59.9800","202506","13","18,000","0","7","2010","재능로 191","202508~202708","신규","-","","","아파트"
"43660","인천광역시 중구 운남동","1779","1779","0000","영종센트럴푸르지오자이","전세","74.3416","202506","13","21,000","0","15","2019","은하수로 412","202506~202706","갱신","-","21,000","0","아파트"
"43661","인천광역시 중구 운남동","1778","1778","0000","운서역푸르지오더스카이","월세","84.6900","202506","13","11,900","30","4","2021","흰바위로 277","202508~202708","신규","-","","","아파트"
"43662","인천광역시 중구 운남동","1778","1778","0000","운서역푸르지오더스카이","월세","62.6200","202506","13","3,000","36","7","2021","흰바위로 277","202509~202709","갱신","-","3,000","36","아파트"
"43663","인천광역시 중구 운남동","1778","1778","0000","운서역푸르지오더스카이","월세","74.6600","202506","13","10,000","29","5","2021","흰바위로 277","202508~202708","갱신","-","10,000","28","아파트"
"43664","인천광역시 중구 운남동","1778","1778","0000","운서역푸르지오더스카이","월세","84.8300","202506","13","3,000","56","8","2021","흰바위로 277","202508~202708","갱신","-","3,000","55","아파트"
"43665","인천광역시 중구 운남동","1778","1778","0000","운서역푸르지오더스카이","월세","84.8300","202506","13","3,000","56","10","2021","흰바위로 277","202508~202708","갱신","-","3,000","55","아파트"
"43666","인천광역시 남동구 만수동","1123","1123","0000","하우스토리만수","전세","59.9526","202506","13","23,000","0","7","2020","구월로372번길 90","202507~202707","신규","-","","","아파트"
"43667","인천광역시 남동구 서창동","692","0692","0000","서창센트라스아파트","월세","84.9600","202506","13","3,000","130","6","2014","서창남순환로 201","202506~202706","신규","-","","","아파트"
"43668","인천광역시 남동구 서창동","685","0685","0000","이편한세상서창","전세","84.9500","202506","13","28,875","0","8","2017","서창남순환로 9","202506~202706","갱신","-","27,500","0","아파트"
"43669","인천광역시 남동구 구월동","1551","1551","0000","구월아시아드선수촌7단지","월세","26.4406","202506","13","267","5","6","2023","선수촌로 7","202507~202706","갱신","-","264","5","아파트"
"43670","인천광역시 남동구 구월동","24","0024","0000","롯데캐슬골드","전세","115.6671","202506","13","40,000","0","23","2007","호구포로 803","202509~202709","신규","-","","","아파트"
"43671","인천광역시 남동구 구월동","23","0023","0000","구월힐스테이트1단지","전세","59.9000","202506","13","29,000","0","22","2007","구월로 192","202507~202707","신규","-","","","아파트"
"43672","인천광역시 남동구 구월동","23","0023","0000","구월힐스테이트1단지","월세","83.8726","202506","13","3,000","110","17","2007","구월로 192","202507~202707","신규","-","","","아파트"
"43673","인천광역시 남동구 간석동","616-6","0616","0006","간석한신더휴","전세","84.7915","202506","13","31,500","0","4","2019","석정로461번길 50","202507~202707","신규","-","","","아파트"
"43674","인천광역시 남동구 간석동","616-7","0616","0007","간석신동아파밀리에명품","전세","84.4571","202506","13","25,000","0","15","2007","염전로 440","202508~202708","신규","-","","","아파트"
"43675","인천광역시 남동구 간석동","944","0944","0000","인천시청역힐스테이트","전세","39.9600","202506","13","19,000","0","11","2024","구월로37번길 10","202507~202707","신규","-","","","아파트"
"43676","인천광역시 남동구 만수동","2-21","0002","0021","신한","전세","43.8900","202506","13","6,500","0","4","1988","수현로136번길 30","202506~202706","신규","-","","","아파트"
"43677","인천광역시 남동구 만수동","20","0020","0000","만수주공6단지","월세","38.5200","202506","13","1,000","45","1","1986","만수로50번길 19","202507~202707","신규","-","","","아파트"
"43678","인천광역시 남동구 만수동","29","0029","0000","만수주공2단지","월세","54.9000","202506","13","1,050","52","3","1987","백범로124번길 43","202506~202706","신규","-","","","아파트"
"43679","인천광역시 남동구 만수동","29","0029","0000","만수주공2단지","월세","54.9000","202506","13","2,000","60","3","1987","백범로124번길 43","202508~202708","신규","-","","","아파트"
"43680","인천광역시 남동구 만수동","20","0020","0000","만수주공6단지","전세","47.2500","202506","13","12,000","0","2","1986","만수로50번길 19","202507~202707","신규","-","","","아파트"
"43681","인천광역시 연수구 연수동","582-2","0582","0002","솔밭마을아파트","월세","49.5600","202506","13","3,000","65","11","1993","원인재로 232","202507~202707","신규","-","","","아파트"
"43682","인천광역시 미추홀구 주안동","200-15","0200","0015","NS타워텔","월세","14.2041","202506","13","0","42","8","2012","주안서로 15","202506~202512","신규","-","","","아파트"
"43683","인천광역시 미추홀구 주안동","25-34","0025","0034","베스티움","월세","13.4150","202506","13","80","43","14","2012","염창로 35","202506~202512","신규","-","","","아파트"
"43684","인천광역시 연수구 동춘동","924","0924","0000","현대","전세","96.2300","202506","13","25,000","0","3","1993","먼우금로 126","202508~202708","신규","-","","","아파트"
"43685","인천광역시 연수구 동춘동","가-","0000","0000","송도파크자이","전세","84.8904","202506","13","35,700","0","24","2019","앵고개로104번길 22","202510~202710","갱신","사용","34,000","0","아파트"
"43686","인천광역시 연수구 동춘동","924","0924","0000","대림","전세","101.7000","202506","13","27,195","0","6","1993","먼우금로 126","202508~202708","갱신","사용","25,900","0","아파트"
"43687","인천광역시 연수구 동춘동","가-","0000","0000","송도파크레인동일하이빌","월세","74.2443","202506","13","200","20","25","2019","능허대로 343","202506~202706","신규","-","","","아파트"
"43688","인천광역시 연수구 송도동","3-10","0003","0010","송도풍림아이원2단지","전세","84.9400","202506","13","36,000","0","16","2005","해돋이로120번길 16","202508~202708","신규","-","","","아파트"
"43689","인천광역시 연수구 송도동","2-12","0002","0012","성지리벨루스","전세","134.5070","202506","13","43,000","0","7","2006","신송로6번길 7","202507~202707","갱신","-","43,000","0","아파트"
"43690","인천광역시 연수구 송도동","308-1","0308","0001","더샵송도마리나베이","전세","84.9738","202506","13","50,000","0","21","2020","랜드마크로 160","202506~202706","신규","-","","","아파트"
"43691","인천광역시 연수구 송도동","191-4","0191","0004","송도에듀포레푸르지오","전세","72.2530","202506","13","37,000","0","40","2016","송도문화로84번길 24","202507~202707","신규","-","","","아파트"
"43692","인천광역시 연수구 송도동","102","0102","0000","송도더샵퍼스트파크F15BL","전세","84.9400","202506","13","44,000","0","26","2017","컨벤시아대로252번길 30","202508~202707","신규","-","","","아파트"
"43693","인천광역시 연수구 송도동","19-3","0019","0003","송도더샵그린워크3차(18-1블럭)","전세","99.8700","202506","13","52,500","0","7","2015","컨벤시아대로130번길 100","202507~202607","갱신","사용","50,000","0","아파트"
"43694","인천광역시 연수구 송도동","192-8","0192","0008","베르디움더퍼스트","전세","84.9572","202506","13","40,000","0","8","2017","송도문화로84번길 84","202509~202709","신규","-","","","아파트"
"43695","인천광역시 연수구 동춘동","943","0943","0000","동남","전세","52.1400","202506","13","14,500","0","4","1994","먼우금로 19","202508~202708","갱신","-","13,200","0","아파트"
"43696","인천광역시 연수구 동춘동","928","0928","0000","현대1","전세","84.9700","202506","13","23,100","0","1","1993","원인재로 56","202507~202707","갱신","-","23,100","0","아파트"
"43697","인천광역시 연수구 옥련동","630","0630","0000","백산","전세","59.7600","202506","13","16,000","0","7","1994","한나루로79번길 12","202507~202707","신규","-","","","아파트"
"43698","인천광역시 연수구 송도동","3-10","0003","0010","송도풍림아이원2단지","전세","84.9400","202506","13","36,000","0","16","2005","해돋이로120번길 16","202508~202708","신규","-","","","아파트"
"43699","인천광역시 연수구 송도동","192-8","0192","0008","베르디움더퍼스트","전세","63.9029","202506","13","33,000","0","11","2017","송도문화로84번길 84","202508~202708","신규","-","","","아파트"
"43700","인천광역시 연수구 송도동","4-1","0004","0001","더샵퍼스트월드","전세","101.7480","202506","13","35,000","0","19","2009","해돋이로 107","202508~202708","신규","-","","","아파트"
"43701","인천광역시 연수구 송도동","111","0111","0000","송도더샵마스터뷰22BL","월세","84.9200","202506","13","5,000","160","15","2015","컨벤시아대로274번길 35","202507~202707","신규","-","","","아파트"
"43702","인천광역시 연수구 연수동","540","0540","0000","문남마을","월세","49.2400","202506","13","600","75","2","1994","함박뫼로 100","202508~202708","신규","-","","","아파트"
"43703","인천광역시 연수구 연수동","582-2","0582","0002","승기마을,연수1차시영","전세","26.8200","202506","13","9,500","0","15","1992","원인재로 212","202507~202707","신규","-","","","아파트"
"43704","인천광역시 연수구 연수동","582-2","0582","0002","솔밭마을아파트","월세","49.5600","202506","13","3,000","65","11","1993","원인재로 232","202507~202707","신규","-","","","아파트"
"43705","인천광역시 연수구 연수동","533","0533","0000","연수주공2차","월세","49.9400","202506","13","1,000","70","14","1992","원인재로 315","202508~202608","신규","-","","","아파트"
"43706","인천광역시 연수구 연수동","582-2","0582","0002","승기마을,연수1차시영","전세","26.8200","202506","13","10,000","0","13","1992","원인재로 212","202506~202606","갱신","사용","10,000","0","아파트"
"43707","인천광역시 연수구 연수동","540","0540","0000","문남마을","월세","49.2400","202506","13","1,000","70","2","1994","함박뫼로 100","202508~202708","신규","-","","","아파트"
"43708","인천광역시 연수구 연수동","533","0533","0000","연수주공2차","전세","41.3000","202506","13","12,600","0","15","1992","원인재로 315","202507~202707","신규","-","","","아파트"
"43709","인천광역시 연수구 연수동","582-2","0582","0002","승기마을,연수1차시영","전세","26.8200","202506","13","9,500","0","15","1992","원인재로 212","202507~202707","신규","-","","","아파트"
"43710","인천광역시 연수구 연수동","578-2","0578","0002","주공3","전세","44.6600","202506","13","12,500","0","3","1993","새말로 154","202507~202707","갱신","-","11,000","0","아파트"
"43711","인천광역시 연수구 연수동","582-2","0582","0002","승기마을,연수1차시영","월세","26.8200","202506","13","500","33","5","1992","원인재로 212","202507~202607","갱신","-","500","32","아파트"
"43712","인천광역시 연수구 송도동","155","0155","0000","송도아메리칸타운아이파크","전세","84.4661","202506","13","38,850","0","10","2018","송도과학로27번길 15","202506~202706","갱신","사용","37,000","0","아파트"
"43713","인천광역시 연수구 송도동","192-1","0192","0001","더샵그린스퀘어","전세","115.7688","202506","13","52,500","0","11","2014","송도문화로28번길 81","202509~202709","신규","-","","","아파트"
"43714","인천광역시 연수구 송도동","192-8","0192","0008","베르디움더퍼스트","전세","63.9029","202506","13","33,000","0","11","2017","송도문화로84번길 84","202508~202708","신규","-","","","아파트"
"43715","인천광역시 연수구 송도동","308-1","0308","0001","더샵송도마리나베이","전세","84.4546","202506","13","35,000","0","28","2020","랜드마크로 160","202506~202706","갱신","-","32,000","0","아파트"
"43716","인천광역시 연수구 송도동","312-1","0312","0001","호반써밋송도","월세","84.7005","202506","13","3,000","130","18","2023","랜드마크로 20","202508~202608","갱신","사용","3,000","130","아파트"
"43717","인천광역시 연수구 송도동","396-11","0396","0011","송도자이더스타","전세","84.7098","202506","13","40,000","0","41","2024","아카데미로343번길 63","202507~202707","신규","-","","","아파트"
"43718","인천광역시 연수구 송도동","190-4","0190","0004","송도더샵센트럴시티","전세","59.9900","202506","13","35,500","0","5","2018","송도국제대로 261","202509~202709","갱신","사용","34,000","0","아파트"
"43719","인천광역시 연수구 송도동","23-5","0023","0005","송도센트럴파크푸르지오","전세","215.3372","202506","13","168,000","0","45","2015","센트럴로 160","202506~202706","갱신","사용","160,000","0","아파트"
"43720","인천광역시 연수구 송도동","16-8","0016","0008","송도더샵그린애비뉴7단지","전세","101.9444","202506","13","52,000","0","4","2012","컨벤시아대로42번길 35","202507~202707","갱신","사용","50,000","0","아파트"
"43721","인천광역시 연수구 송도동","3-10","0003","0010","송도풍림아이원2단지","전세","84.9400","202506","13","36,000","0","16","2005","해돋이로120번길 16","-","-","-","","","아파트"
"43722","인천광역시 연수구 송도동","161-3","0161","0003","송도캐슬&해모로","전세","84.4024","202506","13","30,000","0","9","2013","송도과학로51번길 136","202509~202709","신규","-","","","아파트"
"43723","인천광역시 연수구 송도동","308-1","0308","0001","더샵송도마리나베이","월세","74.9894","202506","13","2,000","150","6","2020","랜드마크로 160","202507~202707","신규","-","","","아파트"
"43724","인천광역시 연수구 송도동","30-5","0030","0005","더샵송도아크베이","전세","112.3000","202506","13","63,000","0","29","2025","워터프런트로 150","202507~202707","신규","-","","","아파트"
"43725","인천광역시 연수구 송도동","192-8","0192","0008","베르디움더퍼스트","전세","63.9487","202506","13","34,000","0","16","2017","송도문화로84번길 84","202508~202708","신규","-","","","아파트"
"43726","인천광역시 연수구 송도동","310-1","0310","0001","송도오션파크베르디움","전세","84.8470","202506","13","37,500","0","24","2020","랜드마크로 110","202506~202706","갱신","-","35,500","0","아파트"
"43727","인천광역시 연수구 송도동","397-11","0397","0011","힐스테이트레이크송도1차","전세","84.9300","202506","13","30,000","0","16","2019","아카데미로312번길 177","202508~202708","신규","-","","","아파트"
"43728","인천광역시 연수구 송도동","30-5","0030","0005","더샵송도아크베이","월세","84.8100","202506","13","1,000","180","25","2025","워터프런트로 150","202506~202606","신규","-","","","아파트"
"43729","인천광역시 연수구 송도동","155","0155","0000","송도아메리칸타운아이파크","월세","64.1680","202506","13","5,000","135","44","2018","송도과학로27번길 15","202507~202706","신규","-","","","아파트"
"43730","인천광역시 연수구 송도동","16-4","0016","0004","더샵엑스포10단지","월세","128.4673","202506","13","5,000","235","9","2009","컨벤시아대로42번길 95","202509~202709","갱신","사용","5,000","225","아파트"
"43731","인천광역시 연수구 송도동","17-5","0017","0005","송도더샵하버뷰(D13)","월세","118.4590","202506","13","5,000","300","4","2011","아트센터대로97번길 75","202506~202606","신규","-","","","아파트"
"43732","인천광역시 연수구 송도동","112","0112","0000","송도더샵마스터뷰23-1BL","월세","84.9200","202506","13","3,000","170","4","2015","컨벤시아대로274번길 15","202507~202707","신규","-","","","아파트"
"43733","인천광역시 연수구 송도동","312-1","0312","0001","호반써밋송도","전세","101.9864","202506","13","45,000","0","2","2023","랜드마크로 20","202508~202708","신규","-","","","아파트"
"43734","인천광역시 연수구 송도동","396-11","0396","0011","송도자이더스타","월세","84.7098","202506","13","3,000","170","16","2024","아카데미로343번길 63","202507~202707","신규","-","","","아파트"
"43735","인천광역시 연수구 송도동","161-3","0161","0003","송도캐슬&해모로","전세","84.4024","202506","13","30,000","0","9","2013","송도과학로51번길 136","202509~202709","신규","-","","","아파트"
"43736","인천광역시 연수구 송도동","396-1","0396","0001","송도LuxeOceanSKVIEW","전세","84.9620","202506","13","35,000","0","35","2025","랜드마크로 350","202507~202709","신규","-","","","아파트"
"43737","인천광역시 연수구 송도동","16-4","0016","0004","더샵엑스포10단지","월세","128.4673","202506","13","4,000","265","17","2009","컨벤시아대로42번길 95","202509~202708","신규","-","","","아파트"
"43738","인천광역시 미추홀구 주안동","1662","1662","0000","주안파크자이더플래티넘","전세","59.9145","202506","13","24,000","0","16","2023","인하로222번길 20","202507~202707","갱신","사용","23,000","0","아파트"
"43739","인천광역시 미추홀구 주안동","1662","1662","0000","주안파크자이더플래티넘","월세","59.9145","202506","13","2,000","105","5","2023","인하로222번길 20","202506~202706","갱신","-","2,000","100","아파트"
"43740","인천광역시 미추홀구 주안동","1662","1662","0000","주안파크자이더플래티넘","전세","84.8247","202506","13","38,000","0","29","2023","인하로222번길 20","202507~202707","신규","-","","","아파트"
"43741","인천광역시 미추홀구 주안동","1662","1662","0000","주안파크자이더플래티넘","전세","84.8247","202506","13","38,000","0","29","2023","인하로222번길 20","202507~202707","신규","-","","","아파트"
"43742","인천광역시 미추홀구 주안동","1678","1678","0000","힐스테이트푸르지오주안","전세","93.9700","202506","13","42,000","0","6","2023","남주길 150","202508~202708","신규","-","","","아파트"
"43743","인천광역시 남동구 논현동","756-1","0756","0001","에코메트로6","월세","84.9920","202506","13","5,000","120","30","2010","아암대로1503번길 98","202507~202702","갱신","-","5,000","120","아파트"
"43744","인천광역시 남동구 논현동","600-9","0600","0009","주공13단지(푸르내마을)","월세","51.8600","202506","13","2,000","80","12","2006","포구로 98","202506~202706","신규","-","","","아파트"
"43745","인천광역시 남동구 논현동","635-1","0635","0001","논현휴먼시아하늘마을(3단지)","월세","51.9300","202506","13","3,482","29","13","2008","논현로 45","202509~202708","갱신","-","3,326","28","아파트"
"43746","인천광역시 남동구 논현동","635-1","0635","0001","논현휴먼시아하늘마을(3단지)","월세","51.9300","202506","13","3,482","29","13","2008","논현로 45","202509~202708","갱신","-","3,326","28","아파트"
"43747","인천광역시 남동구 논현동","643-1","0643","0001","논현휴먼시아범마을(2단지)","월세","46.9000","202506","13","2,534","28","8","2008","은봉로166번길 27","202507~202706","갱신","-","2,420","27","아파트"
"43748","인천광역시 부평구 부개동","477-3","0477","0003","뉴서울","전세","39.4800","202506","13","14,000","0","5","1989","충선로 191","202508~202708","신규","-","","","아파트"
"43749","인천광역시 부평구 부개동","477-2","0477","0002","대진","전세","39.6000","202506","13","13,500","0","2","1988","길주로 654","202508~202708","신규","-","","","아파트"
"43750","인천광역시 부평구 부개동","477-2","0477","0002","대진","월세","39.6000","202506","13","500","50","1","1988","길주로 654","202506~202706","신규","-","","","아파트"
"43751","인천광역시 부평구 부개동","497-1","0497","0001","상우신명보람","월세","111.4100","202506","13","3,000","140","9","1998","길주남로 175","202509~202709","신규","-","","","아파트"
"43752","인천광역시 부평구 부개동","496-2","0496","0002","부개주공1","월세","59.9700","202506","13","4,700","77","20","1996","길주남로 143","202508~202708","신규","-","","","아파트"
"43753","인천광역시 부평구 갈산동","359","0359","0000","주공1단지","월세","38.6400","202506","13","4,000","38","12","1992","굴포로 81","202509~202709","신규","-","","","아파트"
"43754","인천광역시 부평구 갈산동","363","0363","0000","태화(363)","전세","152.1700","202506","13","20,000","0","4","1992","갈월서로 46","202506~202706","신규","-","","","아파트"
"43755","인천광역시 부평구 갈산동","359","0359","0000","주공1단지","월세","38.6400","202506","13","4,000","38","12","1992","굴포로 81","202509~202709","신규","-","","","아파트"
"43756","인천광역시 부평구 부평동","70-5","0070","0005","동아(1차)","전세","52.4300","202506","13","16,000","0","3","1988","부평문화로 37","202507~202707","신규","-","","","아파트"
"43757","인천광역시 부평구 부평동","534-92","0534","0092","아뜨리에","월세","12.3500","202506","13","100","33","7","2011","경원대로 1346","202506~202606","신규","-","","","아파트"
"43758","인천광역시 부평구 부평동","982","0982","0000","중앙하이츠프리미어부평","전세","74.8119","202506","13","33,000","0","18","2023","안남로15번길 24","202507~202707","신규","-","","","아파트"
"43759","인천광역시 부평구 부평동","938","0938","0000","부평LH2단지","전세","84.9400","202506","13","34,000","0","4","2012","동수로120번길 43","202507~202707","신규","-","","","아파트"
"43760","인천광역시 부평구 부평동","947","0947","0000","래미안부평","전세","114.9920","202506","13","53,000","0","21","2014","길주남로10번길 21","202509~202709","신규","-","","","아파트"
"43761","인천광역시 부평구 부평동","70-5","0070","0005","동아(1차)","월세","76.7400","202506","13","2,000","95","10","1989","부평문화로 37","202507~202707","신규","-","","","아파트"
"43762","인천광역시 부평구 부평동","1026","1026","0000","부평하우스토리어반그린","전세","59.8997","202506","13","23,000","0","4","2025","동수북로50번길 32","202507~202707","신규","-","","","아파트"
"43763","인천광역시 부평구 청천동","176","0176","0000","청천푸르지오","전세","59.3600","202506","13","21,000","0","8","1998","세월천로 16","202509~202709","갱신","사용","20,000","0","아파트"
"43764","인천광역시 부평구 청천동","456","0456","0000","e편한세상부평그랑힐스","전세","84.5725","202506","13","40,000","0","25","2024","산청로 97","202508~202708","신규","-","","","아파트"
"43765","인천광역시 부평구 청천동","456","0456","0000","e편한세상부평그랑힐스","월세","67.8698","202506","13","4,000","130","17","2024","산청로 97","202510~202810","신규","-","","","아파트"
"43766","인천광역시 부평구 삼산동","494","0494","0000","부평삼산엠코타운","월세","84.9080","202506","13","5,000","120","9","2007","후정로 7","202508~202708","신규","-","","","아파트"
"43767","인천광역시 부평구 삼산동","440-1","0440","0001","삼산타운주공1단지","전세","51.8600","202506","13","23,100","0","15","2005","굴포로 105","202506~202706","갱신","사용","22,000","0","아파트"
"43768","인천광역시 부평구 십정동","642","0642","0000","힐스테이트부평","월세","75.9500","202506","13","2,500","131","23","2023","경원대로 1192","202508~202708","갱신","사용","2,500","125","아파트"
"43769","인천광역시 부평구 십정동","630","0630","0000","더샵부평센트럴시티","월세","59.8032","202506","13","13,000","35","1","2022","열우물로 90","202508~202707","신규","-","","","아파트"
"43770","인천광역시 부평구 십정동","630","0630","0000","더샵부평센트럴시티","월세","59.8032","202506","13","14,500","41","12","2022","열우물로 90","202508~202708","신규","-","","","아파트"
"43771","인천광역시 부평구 십정동","642","0642","0000","힐스테이트부평","전세","35.7500","202506","13","18,500","0","29","2023","경원대로 1192","202508~202708","신규","-","","","아파트"
"43772","인천광역시 부평구 산곡동","233-26","0233","0026","태화프리상뜨","월세","84.4955","202506","13","3,000","95","2","2004","마장로220번길 65","202507~202707","신규","-","","","아파트"
"43773","인천광역시 부평구 산곡동","311-126","0311","0126","현대2차","전세","59.9000","202506","13","16,000","0","13","1987","안남로 91","202506~202706","신규","-","","","아파트"
"43774","인천광역시 부평구 산곡동","307","0307","0000","현대1차","전세","84.6000","202506","13","25,000","0","14","1986","경원대로 1269","202506~202706","신규","-","","","아파트"
"43775","인천광역시 서구 검암동","535-2","0535","0002","검암4차신명스카이뷰","전세","84.5888","202506","13","28,000","0","12","2004","검암로10번길 36","202508~202708","신규","-","","","아파트"
"43776","인천광역시 계양구 계산동","348-2","0348","0002","하나","전세","42.7500","202506","13","11,000","0","6","1987","경명대로1114번길 6","202508~202607","신규","-","","","아파트"
"43777","인천광역시 계양구 계산동","1084-2","1084","0002","은행마을(삼보)","전세","90.1800","202506","13","30,000","0","16","1997","계산새로 108","202508~202708","신규","-","","","아파트"
"43778","인천광역시 계양구 계산동","20","0020","0000","주공","월세","49.9400","202506","13","1,000","72","8","1990","경명대로1142번길 3","202506~202706","신규","-","","","아파트"
"43779","인천광역시 계양구 계산동","49-4","0049","0004","태평","전세","57.0300","202506","13","14,000","0","3","1990","주부토로532번길 42","202507~202707","신규","-","","","아파트"
"43780","인천광역시 계양구 계산동","342-1","0342","0001","삼보1","전세","49.5900","202506","13","12,000","0","5","1987","주부토로 528","202507~202707","신규","-","","","아파트"
"43781","인천광역시 계양구 계산동","20","0020","0000","주공","월세","41.3000","202506","13","1,000","60","8","1990","경명대로1142번길 3","202506~202509","신규","-","","","아파트"
"43782","인천광역시 서구 당하동","1327-1","1327","0001","인천검단엘에이치36단지","월세","37.9700","202506","13","5,149","10","11","2023","독정로 111","202509~202708","갱신","-","5,074","9","아파트"
"43783","인천광역시 계양구 작전동","912-3","0912","0003","도두리마을동보","전세","59.8800","202506","13","21,000","0","13","1996","도두리로 52","202508~202708","갱신","사용","20,000","0","아파트"
"43784","인천광역시 계양구 용종동","213-2","0213","0002","초정마을(쌍용)","전세","96.1500","202506","13","33,000","0","10","1997","계양문화로 142","202510~202812","신규","-","","","아파트"
"43785","인천광역시 서구 마전동","920","0920","0000","장미","월세","39.6450","202506","13","500","45","3","1990","완정로178번길 51","202506~202706","신규","-","","","아파트"
"43786","인천광역시 계양구 동양동","586","0586","0000","동양주공4단지(임대)","월세","51.9300","202506","13","2,492","26","5","2006","둥그재산길 27","202508~202707","갱신","-","2,380","25","아파트"
"43787","인천광역시 서구 연희동","682","0682","0000","중앙","월세","24.7925","202506","13","500","43","14","1997","승학로 334","202503~202602","갱신","-","500","43","아파트"
"43788","인천광역시 계양구 용종동","228-1","0228","0001","초정마을하나","전세","84.9900","202506","13","27,300","0","6","1997","계양문화로 168","202508~202708","갱신","사용","26,000","0","아파트"
"43789","인천광역시 계양구 작전동","953","0953","0000","힐스테이트자이계양","전세","39.9500","202506","13","19,900","0","19","2024","봉오대로651번길 9","202507~202707","신규","-","","","아파트"
"43790","인천광역시 서구 가좌동","262-1","0262","0001","신영","월세","47.7600","202506","13","500","50","2","1984","원적로37번길 23","202506~202706","신규","-","","","아파트"
"43791","인천광역시 계양구 작전동","64-1","0064","0001","삼보","월세","59.8800","202506","13","2,000","70","4","1994","주부토로472번길 36","202507~202707","신규","-","","","아파트"
"43792","인천광역시 계양구 작전동","26-1","0026","0001","뉴서울2","월세","84.2700","202506","13","2,000","90","2","1992","장제로743번길 14","202507~202707","신규","-","","","아파트"
"43793","인천광역시 서구 석남동","552-18","0552","0018","효성","전세","47.1800","202506","13","9,190","0","5","1985","서달로 77","202507~202707","신규","-","","","아파트"
"43794","인천광역시 서구 석남동","209","0209","0000","대명","전세","39.2500","202506","13","8,000","0","8","1998","새오개로 4","202508~202708","갱신","-","8,000","0","아파트"
"43795","인천광역시 서구 석남동","209","0209","0000","대명","전세","39.2500","202506","13","8,000","0","8","1998","새오개로 4","202508~202708","갱신","사용","8,000","0","아파트"
"43796","인천광역시 서구 가좌동","158-12","0158","0012","덕산","월세","41.8200","202506","13","400","35","4","1982","건지로284번길 93","202506~202706","신규","-","","","아파트"
"43797","인천광역시 서구 신현동","304-1","0304","0001","루원시티 대성베르힐","전세","75.7336","202506","13","29,925","0","23","2017","봉오재1로 15","202509~202708","갱신","사용","28,500","0","아파트"
"43798","인천광역시 서구 신현동","302-1","0302","0001","루원e-편한세상하늘채아파트","전세","114.9480","202506","13","30,000","0","12","2010","가정로 387","202507~202607","갱신","사용","30,000","0","아파트"
"43799","인천광역시 계양구 병방동","432-5","0432","0005","학마을서해","전세","59.7900","202506","13","25,000","0","13","1997","장제로 878","202505~202705","신규","-","","","아파트"
"43800","인천광역시 서구 당하동","1276-2","1276","0002","파라곤센트럴파크","전세","84.9595","202506","13","34,500","0","24","2022","이음2로 29","202507~202705","신규","-","","","아파트"
"43801","인천광역시 서구 당하동","1027-15","1027","0015","신안실크벨리","전세","59.9639","202506","13","19,500","0","15","2004","원당대로840번길 22","202506~202706","갱신","-","18,000","0","아파트"
"43802","인천광역시 서구 가정동","610-1","0610","0001","루원시티프라디움","전세","84.9951","202506","13","35,000","0","3","2018","봉오재3로 66","202507~202707","신규","-","","","아파트"
"43803","인천광역시 서구 가정동","610-1","0610","0001","루원시티프라디움","전세","84.9951","202506","13","35,000","0","3","2018","봉오재3로 66","202507~202707","신규","-","","","아파트"
"43804","인천광역시 계양구 작전동","915-1","0915","0001","까치마을태화","전세","37.3800","202506","13","10,500","0","8","1997","효서로 393","202508~202709","신규","-","","","아파트"
"43805","인천광역시 계양구 병방동","433-1","0433","0001","학마을한진","전세","49.7700","202506","13","17,500","0","4","1998","용종로 124","202507~202707","갱신","-","17,000","0","아파트"
"43806","인천광역시 계양구 작전동","34-5","0034","0005","삼천리","월세","41.8840","202506","13","4,000","25","1","1988","주부토로 470","202506~202706","갱신","-","4,000","20","아파트"
"43807","인천광역시 계양구 병방동","432-5","0432","0005","학마을서해","전세","59.7900","202506","13","25,000","0","13","1997","장제로 878","202505~202705","신규","-","","","아파트"
"43808","인천광역시 서구 연희동","701-1","0701","0001","연희해드림","월세","39.9300","202506","12","1,893","15","4","2007","간촌로 40","202507~202706","신규","-","","","아파트"
"43809","인천광역시 서구 마전동","998-1","0998","0001","검단아이파크","전세","84.2846","202506","12","25,000","0","8","2007","완정로92번길 28","202506~202706","신규","-","","","아파트"
"43810","인천광역시 계양구 동양동","586","0586","0000","동양주공4단지(임대)","월세","51.9300","202506","12","2,492","26","6","2006","둥그재산길 27","202507~202706","갱신","-","2,380","25","아파트"
"43811","인천광역시 계양구 계산동","20","0020","0000","주공","월세","49.9400","202506","12","500","75","10","1990","경명대로1142번길 3","202506~202706","신규","-","","","아파트"
"43812","인천광역시 계양구 계산동","62-1","0062","0001","현대","전세","84.9450","202506","12","24,200","0","13","1992","계산로 186","202506~202602","신규","-","","","아파트"
"43813","인천광역시 계양구 계산동","899","0899","0000","극동","월세","52.4500","202506","12","1,000","65","2","1988","하느재로19번길 8","202507~202707","신규","-","","","아파트"
"43814","인천광역시 계양구 계산동","20","0020","0000","주공","전세","41.3000","202506","12","12,000","0","6","1990","경명대로1142번길 3","202506~202706","갱신","-","12,000","0","아파트"
"43815","인천광역시 계양구 계산동","348-2","0348","0002","하나","월세","37.1700","202506","12","500","42","5","1988","경명대로1114번길 6","202506~202706","신규","-","","","아파트"
"43816","인천광역시 계양구 병방동","432-3","0432","0003","학마을서원","전세","59.9400","202506","12","25,000","0","11","1997","용종로 123","202507~202707","신규","-","","","아파트"
"43817","인천광역시 서구 당하동","1316-1","1316","0001","예미지더시그너스","월세","84.9559","202506","12","3,000","125","14","2023","이음1로 136","202506~202706","신규","-","","","아파트"
"43818","인천광역시 서구 당하동","1327-1","1327","0001","인천검단엘에이치36단지","월세","37.9700","202506","12","5,149","10","16","2023","독정로 111","202509~202708","갱신","-","2,474","22","아파트"
"43819","인천광역시 계양구 병방동","433-1","0433","0001","학마을한진","전세","49.7700","202506","12","19,500","0","9","1998","용종로 124","202508~202708","신규","-","","","아파트"
"43820","인천광역시 서구 당하동","1067-1","1067","0001","검단SKVIEW","전세","84.9705","202506","12","28,000","0","13","2017","독정로 17","-","-","-","","","아파트"
"43821","인천광역시 서구 가정동","가-","0000","0000","루원시티SKLeaders'VIEW","전세","84.8254","202506","12","34,650","0","12","2022","가정로 437","202508~202708","신규","-","","","아파트"
"43822","인천광역시 서구 가정동","가-","0000","0000","루원시티SKLeaders'VIEW","전세","84.8332","202506","12","35,700","0","22","2022","가정로 437","202506~202706","갱신","사용","34,000","0","아파트"
"43823","인천광역시 서구 가정동","603-1","0603","0001","루원제일풍경채","전세","74.7683","202506","12","34,000","0","19","2018","봉오재3로 11","202506~202706","갱신","-","30,000","0","아파트"
"43824","인천광역시 서구 백석동","가-","0000","0000","검암역로열파크씨티푸르지오2단지","전세","101.9582","202506","12","37,800","0","2","2023","한들로 73","202507~202707","갱신","사용","36,000","0","아파트"
"43825","인천광역시 서구 당하동","1233-1","1233","0001","아라역금강펜테리움더시글로2차","전세","84.9060","202506","12","32,000","0","24","2025","원당대로 938","202507~202707","신규","-","","","아파트"
"43826","인천광역시 서구 신현동","302-1","0302","0001","루원e-편한세상하늘채아파트","월세","84.9920","202506","12","3,000","125","13","2010","가정로 387","202508~202603","신규","-","","","아파트"
"43827","인천광역시 서구 가좌동","7","0007","0000","한신휴플러스","전세","84.9800","202506","12","25,000","0","12","2007","건지로 402","202507~202607","갱신","사용","25,000","0","아파트"
"43828","인천광역시 서구 가좌동","627","0627","0000","가재울역트루엘에코시티","전세","84.9800","202506","12","39,000","0","17","2024","열우물로240번길 20","202508~202708","신규","-","","","아파트"
"43829","인천광역시 서구 가좌동","611","0611","0000","인천가좌두산위브트레지움1,2단지","전세","59.7800","202506","12","29,000","0","9","2017","여우재로 136","202508~202708","신규","-","","","아파트"
"43830","인천광역시 서구 검암동","595-3","0595","0003","서해그랑블","월세","69.6616","202506","12","2,000","100","6","2003","승학로495번길 7","202506~202706","갱신","-","2,000","90","아파트"
"43831","인천광역시 서구 백석동","가-","0000","0000","검암역로열파크씨티푸르지오2단지","전세","101.9582","202506","12","38,850","0","34","2023","한들로 73","202507~202707","갱신","사용","37,000","0","아파트"
"43832","인천광역시 서구 백석동","가-","0000","0000","검암역로열파크씨티푸르지오2단지","전세","59.8599","202506","12","26,250","0","4","2023","한들로 73","202507~202707","갱신","사용","25,000","0","아파트"
"43833","인천광역시 서구 심곡동","336-1","0336","0001","광명","전세","84.7800","202506","12","23,000","0","18","1997","심곡로 11","202506~202706","갱신","-","20,000","0","아파트"
"43834","인천광역시 계양구 작전동","140-2","0140","0002","신진","월세","40.6600","202506","12","500","45","4","1987","봉오대로744번길 17","202506~202706","신규","-","","","아파트"
"43835","인천광역시 계양구 작전동","912-4","0912","0004","도두리마을동남","월세","59.5200","202506","12","2,000","81","7","1997","도두리로 62","202507~202707","신규","-","","","아파트"
"43836","인천광역시 계양구 작전동","912-5","0912","0005","도두리마을대동","전세","59.8400","202506","12","23,500","0","8","1997","도두리로 74","202509~202709","신규","-","","","아파트"
"43837","인천광역시 계양구 작전동","580","0580","0000","현대2-1차","전세","84.9950","202506","12","25,000","0","15","1991","효서로 381","202507~202507","갱신","-","25,000","0","아파트"
"43838","인천광역시 남동구 구월동","1485","1485","0000","구월아시아드선수촌2단지","전세","51.5600","202506","12","26,000","0","15","2015","선수촌공원로 96","202509~202709","신규","-","","","아파트"
"43839","인천광역시 남동구 간석동","939-1","0939","0001","간석래미안자이","전세","59.9100","202506","12","30,000","0","19","2008","남동대로 860","202509~202709","신규","-","","","아파트"
"43840","인천광역시 남동구 간석동","616-6","0616","0006","간석한신더휴","전세","59.6280","202506","12","23,000","0","10","2019","석정로461번길 50","202508~202708","신규","-","","","아파트"
"43841","인천광역시 남동구 구월동","1188","1188","0000","우정개나리","월세","56.1600","202506","12","2,000","58","3","1983","성리로35번길 20-14","202507~202707","신규","-","","","아파트"
"43842","인천광역시 남동구 구월동","23","0023","0000","구월힐스테이트1단지","월세","115.6671","202506","12","5,000","150","16","2007","구월로 192","202507~202707","신규","-","","","아파트"
"43843","인천광역시 남동구 구월동","1485","1485","0000","구월아시아드선수촌2단지","전세","51.5600","202506","12","26,000","0","15","2015","선수촌공원로 96","202509~202709","신규","-","","","아파트"
"43844","인천광역시 남동구 구월동","23","0023","0000","구월힐스테이트1단지","월세","83.7769","202506","12","3,000","130","34","2007","구월로 192","202507~202707","신규","-","","","아파트"
"43845","인천광역시 남동구 서창동","679","0679","0000","인천서창엘에이치15단지","월세","21.9800","202506","12","3,436","7","8","2017","서창남로 109","202508~202707","갱신","-","2,268","12","아파트"
"43846","인천광역시 남동구 서창동","744","0744","0000","인천서창엘에에치14단지","월세","16.6600","202506","12","2,372","6","1","2020","운연천로 9","202506~202706","갱신","-","1,872","9","아파트"
"43847","인천광역시 남동구 서창동","745","0745","0000","인천서창꿈에그린","월세","84.9900","202506","12","6,000","65","14","2019","운연천로 11","202510~202710","갱신","-","6,000","64","아파트"
"43848","인천광역시 남동구 서창동","745","0745","0000","인천서창꿈에그린","월세","84.9900","202506","12","9,000","57","6","2019","운연천로 11","202510~202710","갱신","-","9,000","56","아파트"
"43849","인천광역시 남동구 서창동","699","0699","0000","서창퍼스트뷰(7단지)","전세","59.9000","202506","12","25,500","0","5","2012","서창남순환로 190-15","202507~202707","갱신","-","23,000","0","아파트"
"43850","인천광역시 남동구 서창동","561-1","0561","0001","서창자이","월세","84.7980","202506","12","3,000","120","11","2008","장아산로 157","202507~202707","신규","-","","","아파트"
"43851","인천광역시 남동구 만수동","1049","1049","0000","담방마을","전세","49.7200","202506","12","10,500","0","3","1994","매소홀로 1030","202507~202707","신규","-","","","아파트"
"43852","인천광역시 남동구 만수동","1044","1044","0000","만수뉴서울아파트","전세","34.6500","202506","12","9,600","0","10","1992","담방로21번길 61","202507~202707","신규","-","","","아파트"
"43853","인천광역시 남동구 만수동","966","0966","0000","삼환2단지","월세","50.2600","202506","12","2,000","60","14","1990","소래로 677","202508~202708","신규","-","","","아파트"
"43854","인천광역시 남동구 만수동","29","0029","0000","만수주공1단지","월세","46.7400","202506","12","500","55","1","1986","만수로 14-25","202507~202707","신규","-","","","아파트"
"43855","인천광역시 남동구 구월동","342-1","0342","0001","신세계","전세","85.4400","202506","12","15,100","0","1","1980","호구포로 858","202507~202707","갱신","사용","15,000","0","아파트"
"43856","인천광역시 남동구 서창동","744","0744","0000","인천서창엘에에치14단지","월세","16.6600","202506","12","2,372","6","1","2020","운연천로 9","202504~202706","갱신","-","1,872","9","아파트"
"43857","인천광역시 남동구 간석동","495-5","0495","0005","금호","전세","84.7000","202506","12","20,000","0","9","1987","구월로 73","202507~202707","신규","-","","","아파트"
"43858","인천광역시 남동구 간석동","415","0415","0000","신태양","월세","43.9900","202506","12","500","50","2","1987","예술로268번길 39","202507~202707","신규","-","","","아파트"
"43859","인천광역시 서구 원당동","1022","1022","0000","호반써밋1차","월세","84.8917","202506","12","5,000","140","25","2021","이음5로 15","202507~202601","신규","-","","","아파트"
"43860","인천광역시 서구 청라동","85-1","0085","0001","청라국제금융단지한양수자인레이크블루","전세","84.3971","202506","12","38,000","0","21","2019","청라한내로 132","202507~202707","갱신","-","32,000","0","아파트"
"43861","인천광역시 서구 청라동","102-3","0102","0003","청라동양엔파트","전세","118.8538","202506","12","35,000","0","17","2012","솔빛로 13","202507~202707","신규","-","","","아파트"
"43862","인천광역시 서구 청라동","164-1","0164","0001","청라 엑슬루타워","전세","92.4300","202506","12","31,500","0","54","2011","중봉대로586번길 22","202508~202708","갱신","사용","30,000","0","아파트"
"43863","인천광역시 서구 청라동","185-1","0185","0001","힐데스하임","월세","59.9007","202506","12","3,000","120","6","2011","청라라임로 17","202508~202708","신규","-","","","아파트"
"43864","인천광역시 서구 청라동","85-1","0085","0001","청라국제금융단지한양수자인레이크블루","전세","84.4240","202506","12","31,500","0","23","2019","청라한내로 132","202507~202707","갱신","사용","30,000","0","아파트"
"43865","인천광역시 서구 청라동","185-1","0185","0001","힐데스하임","전세","59.9435","202506","12","25,400","0","17","2011","청라라임로 17","202508~202702","갱신","-","24,200","0","아파트"
"43866","인천광역시 강화군 선원면 창리","709","0709","0000","강화서희스타힐스2단지","월세","59.9570","202506","12","2,000","65","16","2024","중앙로 162-57","202506~202706","신규","-","","","아파트"
"43867","인천광역시 강화군 선원면 창리","714","0714","0000","강화서희스타힐스1단지","월세","71.9950","202506","12","3,000","70","7","2024","중앙로 162-31","202506~202606","신규","-","","","아파트"
"43868","인천광역시 강화군 선원면 창리","619","0619","0000","강화2차세광엔리치빌","전세","68.2030","202506","12","12,720","0","1","2004","중앙로 253-1","202507~202707","신규","-","","","아파트"
"43869","인천광역시 강화군 강화읍 갑곳리","83-1","0083","0001","설호","전세","66.6900","202506","12","5,500","0","5","1990","갑룡길49번길 2","202506~202706","신규","-","","","아파트"
"43870","인천광역시 서구 원당동","987","0987","0000","검단신도시로제비앙라포레","전세","84.4159","202506","12","29,000","0","19","2022","서로3로 277","202506~202706","갱신","사용","28,000","0","아파트"
"43871","인천광역시 서구 원당동","987-1","0987","0001","검단신도시디에트르더힐","전세","75.8458","202506","12","29,000","0","19","2022","서로3로 255","202506~202706","갱신","사용","28,000","0","아파트"
"43872","인천광역시 서구 원당동","1018","1018","0000","검단신도시푸르지오더베뉴","전세","105.5200","202506","12","40,000","0","7","2021","이음6로 33","202507~202707","신규","-","","","아파트"
"43873","인천광역시 서구 원당동","1022","1022","0000","호반써밋1차","전세","84.8917","202506","12","32,000","0","2","2021","이음5로 15","202508~202708","신규","-","","","아파트"
"43874","인천광역시 서구 원당동","1022","1022","0000","호반써밋1차","전세","84.8917","202506","12","35,000","0","7","2021","이음5로 15","202508~202708","신규","-","","","아파트"
"43875","인천광역시 서구 원당동","1022","1022","0000","호반써밋1차","월세","84.8917","202506","12","5,000","140","25","2021","이음5로 15","202507~202601","신규","-","","","아파트"
"43876","인천광역시 서구 원당동","987-1","0987","0001","검단신도시디에트르더힐","월세","84.6755","202506","12","3,000","140","2","2022","서로3로 255","202507~202707","신규","-","","","아파트"
"43877","인천광역시 서구 원당동","852-1","0852","0001","대림e편한세상(원당지구78BL1L)","월세","84.9810","202506","12","2,000","100","3","2004","고산로40번길 12","202506~202606","갱신","-","2,000","90","아파트"
"43878","인천광역시 서구 원당동","1084-1","1084","0001","검단신도시대방디에트르리버파크","월세","59.9971","202506","12","2,000","120","9","2022","이음1로 332","202508~202708","신규","-","","","아파트"
"43879","인천광역시 서구 원당동","1082-3","1082","0003","우미린리버포레","월세","59.3430","202506","12","12,900","25","19","2023","이음3로 221","202507~202707","신규","-","","","아파트"
"43880","인천광역시 서구 불로동","가-","0000","0000","신검단중앙역풍경채어바니티2차","월세","110.9811","202506","12","10,000","85","18","2025","고산후로 305","202507~202707","신규","-","","","아파트"
"43881","인천광역시 서구 불로동","793-1","0793","0001","삼보해피하임2단지(불로지구51BL1L)","전세","84.9911","202506","12","21,000","0","5","2007","검단로744번3길 8","202507~202707","신규","-","","","아파트"
"43882","인천광역시 서구 불로동","864","0864","0000","힐스테이트검단포레스트","월세","84.9857","202506","12","6,000","70","24","2024","용해로 20","202506~202706","신규","-","","","아파트"
"43883","인천광역시 중구 운남동","1778","1778","0000","운서역푸르지오더스카이","월세","84.6900","202506","12","11,900","30","15","2021","흰바위로 277","202508~202708","갱신","-","11,900","29","아파트"
"43884","인천광역시 중구 운남동","1778","1778","0000","운서역푸르지오더스카이","월세","74.6200","202506","12","3,000","43","17","2021","흰바위로 277","202509~202709","갱신","사용","3,000","42","아파트"
"43885","인천광역시 동구 만석동","122","0122","0000","만석비치타운 주공아파트","월세","59.8500","202506","12","2,000","70","13","2002","화도진로 187","202507~202707","신규","-","","","아파트"
"43886","인천광역시 중구 신흥동3가","31-13","0031","0013","인천유림노르웨이숲에듀오션","전세","59.8723","202506","12","22,000","0","23","2023","서해대로 278","202507~202707","신규","-","","","아파트"
"43887","인천광역시 미추홀구 학익동","681-6","0681","0006","하나아파트","월세","26.3950","202506","12","500","40","3","1997","매소홀로418번길 21","202507~202707","신규","-","","","아파트"
"43888","인천광역시 미추홀구 학익동","645","0645","0000","신동아7","전세","59.4000","202506","12","17,000","0","3","1994","학익소로61번길 83","202507~202707","신규","-","","","아파트"
"43889","인천광역시 중구 운서동","3103-9","3103","0009","영종1단지엘에이치","월세","36.3400","202506","12","1,757","11","2","2012","영종대로278번길 50","202507~202706","갱신","-","1,705","10","아파트"
"43890","인천광역시 중구 운서동","2708-1","2708","0001","풍림아이원6-1단지","전세","59.9928","202506","12","18,000","0","7","2003","신도시북로 44","202507~202707","신규","-","","","아파트"
"43891","인천광역시 중구 운서동","2708-1","2708","0001","풍림아이원6-1단지","전세","59.9928","202506","12","18,000","0","7","2003","신도시북로 44","202507~202707","신규","-","","","아파트"
"43892","인천광역시 미추홀구 용현동","664","0664","0000","인천 SK Sky VIEW","전세","84.9974","202506","12","37,000","0","34","2016","용정공원로 33","202507~202707","신규","-","","","아파트"
"43893","인천광역시 미추홀구 용현동","627-40","0627","0040","금호타운","월세","147.0100","202506","12","3,000","100","1","1991","낙섬동로 9","202508~202708","신규","-","","","아파트"
"43894","인천광역시 미추홀구 용현동","627-457","0627","0457","윤성","전세","59.8600","202506","12","13,000","0","3","1993","매소홀로 143","202506~202706","갱신","-","13,000","0","아파트"
"43895","인천광역시 미추홀구 학익동","684-4","0684","0004","대동1","전세","49.9600","202506","12","9,000","0","5","1988","매소홀로 402","202507~202607","갱신","사용","9,000","0","아파트"
"43896","인천광역시 미추홀구 학익동","671-2","0671","0002","영남","전세","70.6500","202506","12","12,000","0","1","1989","소성로 240","202508~202708","신규","-","","","아파트"
"43897","인천광역시 중구 항동7가","27-107","0027","0107","라이프비취2차","전세","54.7100","202506","12","7,000","0","7","1981","축항대로86번길 47","202506~202706","신규","-","","","아파트"
"43898","인천광역시 중구 항동7가","27-107","0027","0107","라이프비취3차","전세","163.5100","202506","12","19,000","0","13","1990","축항대로86번길 47","202507~202707","신규","-","","","아파트"
"43899","인천광역시 중구 항동7가","27-107","0027","0107","라이프비취1차","월세","72.7300","202506","12","500","50","14","1980","축항대로86번길 47","202506~202606","신규","-","","","아파트"
"43900","인천광역시 중구 중산동","1887-2","1887","0002","영종힐스테이트","전세","83.2940","202506","12","21,000","0","24","2012","하늘별빛로 66","202506~202706","갱신","-","17,000","0","아파트"
"43901","인천광역시 중구 항동7가","27-107","0027","0107","라이프비취2차","전세","54.7100","202506","12","7,000","0","7","1981","축항대로86번길 47","202506~202706","신규","-","","","아파트"
"43902","인천광역시 미추홀구 도화동","1009","1009","0000","e편한세상도화6-1단지","월세","72.8700","202506","12","11,466","38","9","2018","숙골로88번길 46","202507~202707","갱신","-","10,424","40","아파트"
"43903","인천광역시 미추홀구 도화동","1004","1004","0000","e편한세상도화5단지","월세","84.9100","202506","12","13,662","38","11","2018","숙골로112번길 11","202507~202707","신규","-","","","아파트"
"43904","인천광역시 미추홀구 도화동","1011","1011","0000","더샵인천스카이타워1단지","월세","74.9643","202506","12","5,000","120","31","2020","숙골로88번길 12","202508~202708","신규","-","","","아파트"
"43905","인천광역시 중구 중산동","1879-1","1879","0001","영종하늘도시KCC스위첸","전세","84.7380","202506","12","26,000","0","17","2019","은하수로 380","202506~202606","신규","-","","","아파트"
"43906","인천광역시 중구 중산동","1881-1","1881","0001","하늘도시우미린1단지","월세","59.9400","202506","12","2,000","90","11","2012","은하수로 351","202507~202707","갱신","-","1,000","80","아파트"
"43907","인천광역시 중구 중산동","1887-2","1887","0002","영종힐스테이트","전세","83.2940","202506","12","21,000","0","24","2012","하늘별빛로 66","202507~202707","갱신","-","17,000","0","아파트"
"43908","인천광역시 중구 중산동","1871-4","1871","0004","영종국제도시동원로얄듀크마리나포레","전세","79.2348","202506","12","26,000","0","14","2022","하늘중앙로 272","202507~202707","신규","-","","","아파트"
"43909","인천광역시 중구 운남동","1779","1779","0000","영종센트럴푸르지오자이","월세","84.6348","202506","12","2,000","120","18","2019","은하수로 412","202507~202707","신규","-","","","아파트"
"43910","인천광역시 중구 운남동","1778","1778","0000","운서역푸르지오더스카이","월세","62.6200","202506","12","8,100","27","23","2021","흰바위로 277","202508~202708","갱신","-","8,100","26","아파트"
"43911","인천광역시 중구 운남동","1778","1778","0000","운서역푸르지오더스카이","월세","84.5100","202506","12","11,900","30","16","2021","흰바위로 277","202508~202708","갱신","-","11,900","29","아파트"
"43912","인천광역시 중구 운남동","1680-2","1680","0002","e편한세상영종하늘도시","월세","84.3203","202506","12","2,000","110","5","2018","숲쟁이로 12","202507~202707","신규","-","","","아파트"
"43913","인천광역시 중구 운남동","1778","1778","0000","운서역푸르지오더스카이","월세","62.6200","202506","12","7,300","24","6","2021","흰바위로 277","202508~202708","갱신","-","7,300","23","아파트"
"43914","인천광역시 부평구 산곡동","38-26","0038","0026","진흥","월세","39.1500","202506","12","300","33","6","1988","산청로 40","202506~202706","신규","-","","","아파트"
"43915","인천광역시 부평구 산곡동","38-26","0038","0026","진흥","전세","46.2600","202506","12","10,000","0","5","1988","산청로 40","202507~202707","신규","-","","","아파트"
"43916","인천광역시 부평구 산곡동","307","0307","0000","현대1차","전세","131.1600","202506","12","35,500","0","3","1985","경원대로 1269","202508~202708","신규","-","","","아파트"
"43917","인천광역시 부평구 산곡동","518","0518","0000","부평샬레아넬리스","전세","59.8669","202506","12","22,000","0","16","2019","원적로 238","202508~202708","갱신","사용","21,000","0","아파트"
"43918","인천광역시 부평구 산곡동","307","0307","0000","현대1차","월세","72.4800","202506","12","2,000","85","4","1985","경원대로 1269","202508~202708","신규","-","","","아파트"
"43919","인천광역시 부평구 산곡동","179-69","0179","0069","현대(179-69)","전세","59.6150","202506","12","17,000","0","11","2001","원적로269번길 55-5","202508~202708","신규","-","","","아파트"
"43920","인천광역시 부평구 산곡동","519","0519","0000","쌍용더플래티넘부평","전세","84.8900","202506","12","28,300","0","5","2022","원적로287번길 25","202506~202706","갱신","사용","27,000","0","아파트"
"43921","인천광역시 부평구 산곡동","519","0519","0000","쌍용더플래티넘부평","전세","84.8900","202506","12","28,300","0","5","2022","원적로287번길 25","202506~202706","갱신","사용","27,000","0","아파트"
"43922","인천광역시 부평구 산곡동","274-5","0274","0005","경남4차","전세","84.8700","202506","12","21,000","0","13","1994","안남로206번길 18","202507~202707","갱신","사용","21,000","0","아파트"
"43923","인천광역시 부평구 청천동","236","0236","0000","대진","월세","56.3400","202506","12","500","40","5","1985","원길로 12","202507~202707","신규","-","","","아파트"
"43924","인천광역시 부평구 부평동","64-20","0064","0020","대림1차","월세","76.3880","202506","12","3,000","90","2","1989","부영로 196","202507~202707","신규","-","","","아파트"
"43925","인천광역시 부평구 부평동","962","0962","0000","부평SKVIEW해모로","월세","36.0986","202506","12","3,000","80","15","2023","동수천로 71","202506~202706","신규","-","","","아파트"
"43926","인천광역시 남동구 논현동","66-24","0066","0024","유호엔시티101-103동","전세","96.3747","202506","12","17,000","0","19","2013","포구로 35","202506~202706","갱신","-","21,000","0","아파트"
"43927","인천광역시 남동구 논현동","643-1","0643","0001","논현휴먼시아범마을(2단지)","월세","39.9800","202506","12","2,033","23","5","2008","은봉로166번길 27","202507~202706","신규","-","","","아파트"
"43928","인천광역시 남동구 논현동","563-3","0563","0003","주공2단지","전세","38.9500","202506","12","11,000","0","12","1998","함박뫼로 439","202506~202706","신규","-","","","아파트"
"43929","인천광역시 남동구 논현동","563-3","0563","0003","주공2단지","전세","38.9500","202506","12","12,800","0","6","1998","함박뫼로 439","202506~202706","신규","-","","","아파트"
"43930","인천광역시 부평구 부개동","498-5","0498","0005","부개주공3","월세","59.9800","202506","12","3,000","80","6","1996","길주남로 144","202509~202709","신규","-","","","아파트"
"43931","인천광역시 부평구 부개동","477-3","0477","0003","뉴서울","월세","39.4800","202506","12","1,000","60","8","1989","충선로 191","202507~202707","갱신","사용","1,000","58","아파트"
"43932","인천광역시 부평구 부개동","477-3","0477","0003","뉴서울","전세","39.4800","202506","12","10,000","0","15","1989","충선로 191","202507~202707","갱신","사용","10,000","0","아파트"
"43933","인천광역시 부평구 부개동","477-3","0477","0003","뉴서울","전세","39.4800","202506","12","12,000","0","11","1989","충선로 191","202508~202708","갱신","사용","12,000","0","아파트"
"43934","인천광역시 부평구 청천동","456","0456","0000","e편한세상부평그랑힐스","월세","59.8924","202506","12","5,000","120","26","2024","산청로 97","202507~202707","신규","-","","","아파트"
"43935","인천광역시 부평구 산곡동","180-116","0180","0116","삼보","월세","57.4200","202506","12","2,000","55","4","1985","원적로 288","202507~202707","신규","-","","","아파트"
"43936","인천광역시 부평구 산곡동","124-23","0124","0023","한화2단지","전세","59.8800","202506","12","24,500","0","2","1999","원적로 361","202508~202708","신규","-","","","아파트"
"43937","인천광역시 부평구 십정동","642","0642","0000","힐스테이트부평","전세","59.9900","202506","12","26,250","0","15","2023","경원대로 1192","202506~202706","갱신","사용","25,000","0","아파트"
"43938","인천광역시 부평구 십정동","630","0630","0000","더샵부평센트럴시티","월세","69.3321","202506","12","10,500","63","14","2022","열우물로 90","202508~202708","신규","-","","","아파트"
"43939","인천광역시 부평구 십정동","630","0630","0000","더샵부평센트럴시티","월세","69.2824","202506","12","16,500","44","2","2022","열우물로 90","202507~202707","신규","-","","","아파트"
"43940","인천광역시 부평구 십정동","608-4","0608","0004","십정뜨란채1단지","전세","59.9300","202506","12","17,800","0","1","2005","이규보로 79","202506~202706","갱신","사용","17,000","0","아파트"
"43941","인천광역시 부평구 산곡동","519","0519","0000","쌍용더플래티넘부평","전세","39.5000","202506","12","20,500","0","2","2022","원적로287번길 25","202507~202707","신규","-","","","아파트"
"43942","인천광역시 부평구 삼산동","454-4","0454","0004","서해그랑블5단지","전세","130.0383","202506","12","44,000","0","4","2004","굴포로 158","202508~202708","신규","-","","","아파트"
"43943","인천광역시 부평구 갈산동","359","0359","0000","주공1단지","월세","44.9400","202506","12","1,000","65","7","1992","굴포로 81","202507~202707","신규","-","","","아파트"
"43944","인천광역시 부평구 청천동","456","0456","0000","e편한세상부평그랑힐스","월세","84.5725","202506","12","5,000","150","37","2024","산청로 97","202508~202708","신규","-","","","아파트"
"43945","인천광역시 부평구 청천동","456","0456","0000","e편한세상부평그랑힐스","전세","59.8924","202506","12","33,000","0","14","2024","산청로 97","202507~202707","신규","-","","","아파트"
"43946","인천광역시 부평구 청천동","176","0176","0000","청천푸르지오","전세","59.3600","202506","12","25,000","0","21","1998","세월천로 16","202507~202707","신규","-","","","아파트"
"43947","인천광역시 부평구 청천동","300","0300","0000","삼익","전세","52.3800","202506","12","16,500","0","7","1986","부평대로167번길 43","202510~202710","갱신","-","16,500","0","아파트"
"43948","인천광역시 남동구 논현동","618-1","0618","0001","논현신일해피트리","전세","101.8720","202506","12","27,000","0","2","2007","은봉로 288","202506~202706","신규","-","","","아파트"
"43949","인천광역시 부평구 산곡동","307","0307","0000","현대1차","월세","84.6000","202506","12","1,000","85","10","1986","경원대로 1269","202506~202706","신규","-","","","아파트"
"43950","인천광역시 부평구 산곡동","311-76","0311","0076","현대(311-76)","월세","78.9570","202506","12","15,500","35","7","1991","마장로144번길 87","202507~202707","신규","-","","","아파트"
"43951","인천광역시 연수구 송도동","3-10","0003","0010","송도풍림아이원2단지","전세","84.9400","202506","12","35,000","0","9","2005","해돋이로120번길 16","202509~202709","신규","-","","","아파트"
"43952","인천광역시 연수구 송도동","112","0112","0000","송도더샵마스터뷰23-1BL","전세","125.5100","202506","12","50,000","0","6","2015","컨벤시아대로274번길 15","202507~202707","신규","-","","","아파트"
"43953","인천광역시 연수구 송도동","18-6","0018","0006","더샵그린워크1차","월세","72.5113","202506","12","3,000","200","30","2014","아트센터대로97번길 30","202507~202707","신규","-","","","아파트"
"43954","인천광역시 연수구 송도동","397-5","0397","0005","힐스테이트레이크송도3차","월세","84.8800","202506","12","3,000","160","10","2023","아카데미로 442","202508~202708","신규","-","","","아파트"
"43955","인천광역시 연수구 송도동","308-1","0308","0001","더샵송도마리나베이","전세","84.9738","202506","12","30,000","0","16","2020","랜드마크로 160","202508~202708","신규","-","","","아파트"
"43956","인천광역시 연수구 송도동","4-1","0004","0001","더샵퍼스트월드","전세","179.1690","202506","12","98,000","0","47","2009","해돋이로 107","202508~202708","신규","-","","","아파트"
"43957","인천광역시 연수구 송도동","397-8","0397","0008","힐스테이트레이크송도2차","월세","99.9200","202506","12","5,000","230","21","2020","아카데미로 446","202506~202706","신규","-","","","아파트"
"43958","인천광역시 연수구 송도동","319-1","0319","0001","e편한세상송도","전세","84.4163","202506","12","34,000","0","37","2018","랜드마크로 113","202508~202708","신규","-","","","아파트"
"43959","인천광역시 연수구 송도동","397-8","0397","0008","힐스테이트레이크송도2차","월세","99.9200","202506","12","5,000","230","21","2020","아카데미로 446","202506~202706","신규","-","","","아파트"
"43960","인천광역시 연수구 연수동","533","0533","0000","연수주공2차","월세","49.9400","202506","12","2,000","53","13","1992","원인재로 315","202506~202706","갱신","사용","2,000","50","아파트"
"43961","인천광역시 연수구 송도동","9-5","0009","0005","송도웰카운티4단지","전세","134.8800","202506","12","57,750","0","8","2010","해송로30번길 20","202508~202708","갱신","사용","55,000","0","아파트"
"43962","인천광역시 미추홀구 주안동","1662","1662","0000","주안파크자이더플래티넘","월세","59.9583","202506","12","5,600","70","3","2023","인하로222번길 20","202506~202706","갱신","-","5,000","70","아파트"
"43963","인천광역시 연수구 송도동","308-1","0308","0001","더샵송도마리나베이","전세","84.9738","202506","12","30,000","0","16","2020","랜드마크로 160","202508~202708","신규","-","","","아파트"
"43964","인천광역시 연수구 송도동","308-1","0308","0001","더샵송도마리나베이","전세","84.2262","202506","12","31,000","0","12","2020","랜드마크로 160","202507~202707","신규","-","","","아파트"
"43965","인천광역시 연수구 동춘동","925-7","0925","0007","연수대우.삼환","월세","90.1800","202506","12","3,000","120","16","1994","원인재로 88","202508~202707","신규","-","","","아파트"
"43966","인천광역시 미추홀구 주안동","1556-59","1556","0059","캐슬앤더샵","월세","84.9992","202506","12","2,000","150","6","2022","경원대로780번길 22","202506~202706","신규","-","","","아파트"
"43967","인천광역시 연수구 동춘동","1131","1131","0000","연수서해그랑블에듀파크","월세","84.8960","202506","12","4,500","140","15","2024","봉재산로 10","202507~202707","신규","-","","","아파트"
"43968","인천광역시 연수구 선학동","350","0350","0000","금호타운","월세","84.9000","202506","12","3,000","100","1","1992","선학로 100","202507~202707","신규","-","","","아파트"
"43969","인천광역시 연수구 동춘동","921","0921","0000","동춘마을","월세","59.3000","202506","12","2,000","75","2","1994","먼우금로 123","202506~202706","신규","-","","","아파트"
"43970","인천광역시 연수구 동춘동","925-7","0925","0007","연수대우.삼환","월세","90.1800","202506","12","5,000","105","15","1994","원인재로 88","202507~202707","갱신","-","5,000","100","아파트"
"43971","인천광역시 연수구 동춘동","943","0943","0000","동남","월세","52.1400","202506","12","1,500","80","5","1994","먼우금로 19","202507~202707","신규","-","","","아파트"
"43972","인천광역시 연수구 동춘동","1149","1149","0000","서해그랑블포레스트","전세","59.8632","202506","12","28,000","0","14","2019","능허대로446번길 12","202508~202708","신규","-","","","아파트"
"43973","인천광역시 연수구 동춘동","1131-1","1131","0001","연수서해그랑블1단지","전세","70.7500","202506","12","30,000","0","10","2017","봉재산로 20","202509~202709","신규","-","","","아파트"
"43974","인천광역시 연수구 동춘동","924-3","0924","0003","래미안","전세","95.7600","202506","12","29,000","0","7","1993","원인재로 81","202507~202707","신규","-","","","아파트"
"43975","인천광역시 연수구 동춘동","923","0923","0000","연수타운(금호,동아)","월세","101.9700","202506","12","2,000","80","11","1993","청능대로 124","202509~202708","신규","-","","","아파트"
"43976","인천광역시 연수구 송도동","396-11","0396","0011","송도자이더스타","전세","84.9964","202506","12","39,000","0","4","2024","아카데미로343번길 63","202507~202707","신규","-","","","아파트"
"43977","인천광역시 미추홀구 주안동","1678","1678","0000","힐스테이트푸르지오주안","전세","59.9600","202506","12","19,950","0","8","2023","남주길 150","202507~202707","갱신","-","19,000","0","아파트"
"43978","인천광역시 미추홀구 주안동","1678","1678","0000","힐스테이트푸르지오주안","전세","45.9700","202506","12","19,950","0","3","2023","남주길 150","202507~202707","신규","-","","","아파트"
"43979","인천광역시 미추홀구 주안동","1678","1678","0000","힐스테이트푸르지오주안","전세","59.9600","202506","12","32,000","0","15","2023","남주길 150","202509~202709","신규","-","","","아파트"
"43980","인천광역시 미추홀구 주안동","1628","1628","0000","주안역센트레빌","전세","59.9813","202506","12","26,700","0","18","2021","염전로 414","202508~202706","갱신","-","25,500","0","아파트"
"43981","인천광역시 미추홀구 주안동","201-2","0201","0002","삼성올레오빌","월세","50.0000","202506","12","1,000","70","10","2014","석바위로 36","202506~202706","신규","-","","","아파트"
"43982","인천광역시 연수구 송도동","396-11","0396","0011","송도자이더스타","전세","84.9964","202506","12","39,000","0","4","2024","아카데미로343번길 63","202507~202707","신규","-","","","아파트"
"43983","인천광역시 연수구 송도동","112","0112","0000","송도더샵마스터뷰23-1BL","전세","125.5100","202506","12","50,000","0","6","2015","컨벤시아대로274번길 15","202507~202707","신규","-","","","아파트"
"43984","인천광역시 연수구 청학동","451","0451","0000","시대","월세","49.5850","202506","12","2,000","65","12","1994","용담로 3","202508~202708","신규","-","","","아파트"
"43985","인천광역시 연수구 연수동","578-2","0578","0002","주공3","전세","44.6600","202506","12","13,500","0","15","1993","새말로 154","202508~202708","갱신","사용","13,000","0","아파트"
"43986","인천광역시 연수구 송도동","9-6","0009","0006","송도웰카운티3단지","전세","84.9900","202506","12","43,000","0","15","2010","해송로30번길 19","202508~202708","신규","-","","","아파트"
"43987","인천광역시 연수구 연수동","582","0582","0000","풍림1","전세","69.7400","202506","12","16,800","0","1","1992","함박뫼로 250","202507~202707","갱신","사용","16,000","0","아파트"
"43988","인천광역시 연수구 옥련동","631","0631","0000","원흥","월세","59.8600","202506","12","1,000","80","18","1994","독배로 52","202506~202606","갱신","사용","1,000","80","아파트"
"43989","인천광역시 연수구 옥련동","644-1","0644","0001","쌍용","월세","84.9800","202506","12","1,500","110","21","1998","청량로 210","202506~202706","신규","-","","","아파트"
"43990","인천광역시 연수구 옥련동","637-1","0637","0001","현대4","월세","59.9850","202506","11","1,500","90","2","1997","한나루로105번길 68","202507~202707","신규","-","","","아파트"
"43991","인천광역시 연수구 연수동","633","0633","0000","대동","전세","75.1200","202506","11","23,000","0","10","1993","벚꽃로 172","-","-","-","","","아파트"
"43992","인천광역시 연수구 연수동","633","0633","0000","대동","전세","75.1200","202506","11","23,000","0","10","1993","벚꽃로 172","-","-","-","","","아파트"
"43993","인천광역시 연수구 연수동","633","0633","0000","대동","전세","75.1200","202506","11","23,000","0","10","1993","벚꽃로 172","202507~202707","신규","-","","","아파트"
"43994","인천광역시 연수구 연수동","633","0633","0000","대동","전세","75.1200","202506","11","23,000","0","10","1993","벚꽃로 172","202507~202707","신규","-","","","아파트"
"43995","인천광역시 연수구 연수동","634","0634","0000","우성2","전세","40.5000","202506","11","17,000","0","6","1995","원인재로 180","202508~202708","갱신","-","13,000","0","아파트"
"43996","인천광역시 연수구 연수동","634","0634","0000","우성2","전세","59.5900","202506","11","27,000","0","9","1995","원인재로 180","202508~202708","신규","-","","","아파트"
"43997","인천광역시 연수구 동춘동","924-3","0924","0003","래미안","전세","95.7600","202506","11","28,300","0","11","1993","원인재로 81","202506~202706","갱신","사용","27,000","0","아파트"
"43998","인천광역시 연수구 동춘동","929","0929","0000","풍림2","전세","45.3600","202506","11","17,500","0","9","1993","경원대로119번길 21","202506~202706","신규","-","","","아파트"
"43999","인천광역시 연수구 동춘동","1131-1","1131","0001","연수서해그랑블1단지","전세","70.7500","202506","11","30,000","0","19","2017","봉재산로 20","202511~202711","신규","-","","","아파트"
"44000","인천광역시 연수구 선학동","340","0340","0000","태산,대진.정광아파트","월세","64.3800","202506","11","1,500","60","3","1991","선학로 37","202507~202707","신규","-","","","아파트"
"44001","인천광역시 연수구 옥련동","118-44","0118","0044","송도역서해그랑블더파크","월세","77.9370","202506","11","3,000","110","8","2025","한진로 77","202506~202706","신규","-","","","아파트"
"44002","인천광역시 연수구 옥련동","636-1","0636","0001","우성","월세","59.9290","202506","11","2,000","95","15","1996","독배로40번길 48","202507~202707","신규","-","","","아파트"
"44003","인천광역시 연수구 옥련동","643-2","0643","0002","풍림","전세","84.8100","202506","11","22,050","0","7","1998","비류대로186번길 21","202506~202706","갱신","사용","21,000","0","아파트"
"44004","인천광역시 연수구 동춘동","940","0940","0000","대림3","월세","53.0100","202506","11","1,000","70","1","1993","먼우금로83번길 49","202508~202708","신규","-","","","아파트"
"44005","인천광역시 연수구 동춘동","943","0943","0000","동남","월세","52.1400","202506","11","1,000","63","6","1994","먼우금로 19","202509~202708","갱신","사용","1,000","60","아파트"
"44006","인천광역시 연수구 동춘동","943","0943","0000","동남","전세","52.1400","202506","11","17,850","0","14","1994","먼우금로 19","202509~202709","갱신","사용","17,000","0","아파트"
"44007","인천광역시 연수구 송도동","23-4","0023","0004","더샵센트럴파크2","월세","71.7602","202506","11","5,000","110","19","2011","센트럴로 194","202507~202606","갱신","-","5,000","104","아파트"
"44008","인천광역시 연수구 송도동","311","0311","0000","랜드마크시티센트럴더샵","전세","84.9999","202506","11","34,000","0","7","2020","랜드마크로 68","202508~202708","신규","-","","","아파트"
"44009","인천광역시 연수구 송도동","396-11","0396","0011","송도자이더스타","전세","99.8588","202506","11","57,000","0","8","2024","아카데미로343번길 63","202507~202707","신규","-","","","아파트"
"44010","인천광역시 미추홀구 관교동","13-11","0013","0011","동부(관교동부)","전세","84.8765","202506","11","24,000","0","5","1991","주승로 253","202509~202709","신규","-","","","아파트"
"44011","인천광역시 미추홀구 주안동","229-7","0229","0007","성우아파트","월세","49.9425","202506","11","4,500","60","10","2015","미추홀대로733번길 30","202507~202707","신규","-","","","아파트"
"44012","인천광역시 미추홀구 주안동","1678","1678","0000","힐스테이트푸르지오주안","전세","84.9400","202506","11","40,000","0","20","2023","남주길 150","202507~202509","신규","-","","","아파트"
"44013","인천광역시 미추홀구 주안동","929-16","0929","0016","보미리즌빌","월세","84.9800","202506","11","2,000","85","5","2011","경원대로 890","202509~202708","신규","-","","","아파트"
"44014","인천광역시 미추홀구 주안동","1556-59","1556","0059","캐슬앤더샵","전세","84.9992","202506","11","33,000","0","8","2022","경원대로780번길 22","202508~202808","신규","-","","","아파트"
"44015","인천광역시 미추홀구 주안동","1678","1678","0000","힐스테이트푸르지오주안","월세","74.7800","202506","11","4,000","130","33","2023","남주길 150","202508~202607","신규","-","","","아파트"
"44016","인천광역시 연수구 동춘동","1131-1","1131","0001","연수서해그랑블1단지","전세","70.7500","202506","11","30,000","0","19","2017","봉재산로 20","202511~202711","신규","-","","","아파트"
"44017","인천광역시 연수구 청학동","451","0451","0000","시대","월세","49.5850","202506","11","2,000","70","4","1994","용담로 3","202507~202707","신규","-","","","아파트"
"44018","인천광역시 연수구 송도동","19-7","0019","0007","송도자이하버뷰2단지","월세","144.3610","202506","11","70,000","13","2","2011","컨벤시아대로130번길 32","202506~202706","갱신","사용","70,000","0","아파트"
"44019","인천광역시 연수구 송도동","315-1","0315","0001","송도SKVIEW","전세","84.6541","202506","11","37,000","0","14","2019","랜드마크로 19","202509~202709","갱신","-","35,000","0","아파트"
"44020","인천광역시 연수구 송도동","16-4","0016","0004","더샵엑스포10단지","전세","84.9871","202506","11","35,700","0","13","2009","컨벤시아대로42번길 95","202507~202707","갱신","사용","34,000","0","아파트"
"44021","인천광역시 연수구 송도동","155","0155","0000","송도아메리칸타운아이파크","전세","72.5170","202506","11","38,000","0","4","2018","송도과학로27번길 15","202507~202707","신규","-","","","아파트"
"44022","인천광역시 연수구 송도동","396-1","0396","0001","송도LuxeOceanSKVIEW","전세","84.9987","202506","11","32,000","0","33","2025","랜드마크로 350","202506~202706","신규","-","","","아파트"
"44023","인천광역시 연수구 송도동","396-11","0396","0011","송도자이더스타","월세","84.7098","202506","11","1,500","180","10","2024","아카데미로343번길 63","202507~202607","신규","-","","","아파트"
"44024","인천광역시 연수구 송도동","161-3","0161","0003","송도캐슬&해모로","전세","139.4227","202506","11","33,000","0","28","2013","송도과학로51번길 136","202506~202507","갱신","-","35,000","0","아파트"
"44025","인천광역시 연수구 송도동","397-11","0397","0011","힐스테이트레이크송도1차","전세","84.9300","202506","11","28,000","0","27","2019","아카데미로312번길 177","202506~202706","갱신","-","25,000","0","아파트"
"44026","인천광역시 연수구 송도동","312-1","0312","0001","호반써밋송도","전세","84.8714","202506","11","31,500","0","27","2023","랜드마크로 20","202508~202708","갱신","사용","30,000","0","아파트"
"44027","인천광역시 연수구 송도동","396-1","0396","0001","송도LuxeOceanSKVIEW","월세","84.9673","202506","11","4,000","160","6","2025","랜드마크로 350","202506~202706","신규","-","","","아파트"
"44028","인천광역시 연수구 송도동","396-11","0396","0011","송도자이더스타","월세","99.7748","202506","11","4,000","240","9","2024","아카데미로343번길 63","202506~202706","신규","-","","","아파트"
"44029","인천광역시 연수구 송도동","396-11","0396","0011","송도자이더스타","월세","84.7098","202506","11","1,500","180","10","2024","아카데미로343번길 63","202507~202607","신규","-","","","아파트"
"44030","인천광역시 연수구 송도동","396-1","0396","0001","송도LuxeOceanSKVIEW","전세","84.9577","202506","11","35,000","0","2","2025","랜드마크로 350","202507~202707","신규","-","","","아파트"
"44031","인천광역시 연수구 송도동","191-4","0191","0004","송도에듀포레푸르지오","월세","84.8520","202506","11","3,000","160","4","2016","송도문화로84번길 24","202507~202707","신규","-","","","아파트"
"44032","인천광역시 서구 청라동","185-1","0185","0001","힐데스하임","전세","59.9435","202506","11","31,000","0","12","2011","청라라임로 17","202508~202708","신규","-","","","아파트"
"44033","인천광역시 서구 청라동","85-1","0085","0001","청라국제금융단지한양수자인레이크블루","전세","59.7588","202506","11","26,250","0","28","2019","청라한내로 132","202507~202707","갱신","-","25,000","0","아파트"
"44034","인천광역시 서구 청라동","159-1","0159","0001","청라롯데캐슬","월세","113.7568","202506","11","5,000","200","25","2013","청라커낼로 252","202507~202707","신규","-","","","아파트"
"44035","인천광역시 강화군 선원면 창리","709","0709","0000","강화서희스타힐스2단지","월세","59.9570","202506","11","2,000","70","18","2024","중앙로 162-57","202506~202706","신규","-","","","아파트"
"44036","인천광역시 서구 청라동","130-4","0130","0004","호반베르디움앤영무예다음","월세","59.7380","202506","11","23,000","20","17","2011","청라에메랄드로 134","202509~202709","신규","-","","","아파트"
"44037","인천광역시 서구 청라동","165-13","0165","0013","청라지구중흥S-CLASS2단지","전세","141.3898","202506","11","38,500","0","1","2010","청라에메랄드로 113","202507~202707","갱신","사용","37,000","0","아파트"
"44038","인천광역시 서구 원당동","1018","1018","0000","검단신도시푸르지오더베뉴","전세","84.9300","202506","11","35,000","0","2","2021","이음6로 33","202507~202707","신규","-","","","아파트"
"44039","인천광역시 서구 원당동","1020-1","1020","0001","검단신도시파라곤보타닉파크","월세","84.9947","202506","11","10,000","100","5","2022","서로3로 225","202506~202702","갱신","사용","10,000","90","아파트"
"44040","인천광역시 서구 원당동","1094","1094","0000","인천검단엘에이치20단지","월세","21.5700","202506","11","3,190","6","18","2021","이음3로 220","202505~202707","갱신","-","2,390","11","아파트"
"44041","인천광역시 서구 원당동","1022","1022","0000","호반써밋1차","전세","84.8917","202506","11","33,000","0","2","2021","이음5로 15","202503~202703","갱신","-","30,000","0","아파트"
"44042","인천광역시 강화군 강화읍 갑곳리","1100","1100","0000","베이힐","전세","60.2400","202506","11","14,000","0","11","2007","강화대로 234-12","202508~202708","신규","-","","","아파트"
"44043","인천광역시 서구 청라동","159-1","0159","0001","청라롯데캐슬","월세","113.7568","202506","11","5,000","200","25","2013","청라커낼로 252","202507~202707","신규","-","","","아파트"
"44044","인천광역시 서구 청라동","159-1","0159","0001","청라롯데캐슬","전세","141.1803","202506","11","50,000","0","15","2013","청라커낼로 252","202507~202707","신규","-","","","아파트"
"44045","인천광역시 서구 왕길동","661-1","0661","0001","대림e-편한세상(검단2지구66BL1L)","월세","132.6680","202506","11","3,000","130","6","2007","검단로 446","202506~202706","갱신","-","3,000","130","아파트"
"44046","인천광역시 서구 원당동","1022","1022","0000","호반써밋1차","월세","72.2112","202506","11","3,000","140","23","2021","이음5로 15","202507~202707","신규","-","","","아파트"
"44047","인천광역시 서구 불로동","가-","0000","0000","신검단중앙역풍경채어바니티2차","월세","74.8191","202506","11","3,000","115","5","2025","고산후로 305","202506~202706","신규","-","","","아파트"
"44048","인천광역시 서구 원당동","1024","1024","0000","검단 금호어울림 센트럴","전세","74.8400","202506","11","32,000","0","4","2021","이음5로 65","202508~202708","갱신","-","29,000","0","아파트"
"44049","인천광역시 서구 청라동","155-2","0155","0002","청라하우스토리커낼뷰","전세","124.2090","202506","11","31,500","0","5","2011","청라루비로 106","202507~202707","갱신","사용","30,000","0","아파트"
"44050","인천광역시 서구 청라동","150-1","0150","0001","대우푸르지오","전세","114.1040","202506","11","51,000","0","17","2013","크리스탈로102번길 25","202507~202707","신규","-","","","아파트"
"44051","인천광역시 서구 청라동","102-16","0102","0016","청라반도유보라2.0","월세","101.9953","202506","11","3,000","160","23","2012","비즈니스로 10","202506~202706","신규","-","","","아파트"
"44052","인천광역시 강화군 선원면 창리","714","0714","0000","강화서희스타힐스1단지","월세","59.9669","202506","11","2,000","60","4","2024","중앙로 162-31","202506~202706","신규","-","","","아파트"
"44053","인천광역시 강화군 강화읍 신문리","226","0226","0000","강화신문LH1단지","월세","26.9500","202506","11","2,376","12","1","2023","남문안길32번길 7-3","202507~202706","신규","-","","","아파트"
"44054","인천광역시 서구 원당동","1014","1014","0000","검단신도시예미지트리플에듀","전세","84.5075","202506","11","34,000","0","4","2022","서로4로 89","202507~202707","신규","-","","","아파트"
"44055","인천광역시 서구 청라동","139-1","0139","0001","청라한화꿈에그린","전세","112.9319","202506","11","33,600","0","16","2012","크리스탈로 148","202507~202707","갱신","사용","32,000","0","아파트"
"44056","인천광역시 서구 청라동","116-4","0116","0004","청라지구중흥S-CLASS1단지","월세","119.5876","202506","11","300","180","16","2010","청라라임로 131","202506~202508","신규","-","","","아파트"
"44057","인천광역시 서구 청라동","156-1","0156","0001","청라센트럴에일린의뜰","전세","84.9834","202506","11","32,550","0","9","2018","청라커낼로 300","202507~202707","갱신","사용","31,000","0","아파트"
"44058","인천광역시 계양구 작전동","915-1","0915","0001","까치마을한진","월세","37.3800","202506","11","1,000","50","10","1997","효서로 393","202507~202707","신규","-","","","아파트"
"44059","인천광역시 서구 백석동","가-","0000","0000","검암역로열파크씨티푸르지오2단지","전세","59.9590","202506","11","32,000","0","34","2023","한들로 73","202508~202708","신규","-","","","아파트"
"44060","인천광역시 서구 신현동","302-1","0302","0001","루원e-편한세상하늘채아파트","전세","156.2900","202506","11","43,500","0","8","2010","가정로 387","202509~202709","신규","-","","","아파트"
"44061","인천광역시 서구 신현동","304-1","0304","0001","루원시티 대성베르힐","전세","99.4743","202506","11","33,500","0","1","2017","봉오재1로 15","202507~202707","신규","-","","","아파트"
"44062","인천광역시 부평구 일신동","410","0410","0000","일신주공아파트(100~112동)","월세","59.9800","202506","11","2,000","70","2","1995","경인로1118번길 67","202507~202707","신규","-","","","아파트"
"44063","인천광역시 서구 당하동","1027-3","1027","0003","원당동문굿모닝힐","월세","84.9670","202506","11","15,000","45","6","2004","원당대로820번길 3","202508~202708","신규","-","","","아파트"
"44064","인천광역시 계양구 서운동","230","0230","0000","계양효성해링턴플레이스","전세","59.9770","202506","11","29,400","0","9","2021","서운로 34","202507~202707","갱신","사용","28,000","0","아파트"
"44065","인천광역시 계양구 서운동","230","0230","0000","계양효성해링턴플레이스","전세","72.9980","202506","11","35,000","0","9","2021","서운로 34","202509~202709","신규","-","","","아파트"
"44066","인천광역시 서구 석남동","532","0532","0000","금호어울림","전세","84.8003","202506","11","22,050","0","13","2007","가정로223번길 28","202506~202706","갱신","사용","21,000","0","아파트"
"44067","인천광역시 서구 석남동","471-2","0471","0002","덕산","월세","72.0400","202506","11","16,200","10","1","1990","서달로 147","202507~202707","신규","-","","","아파트"
"44068","인천광역시 서구 석남동","593","0593","0000","석남동경남아너스빌","전세","84.9800","202506","11","25,000","0","4","2006","염곡로 172","202509~202709","신규","-","","","아파트"
"44069","인천광역시 서구 검암동","501-1","0501","0001","풍림아이원2차","전세","59.9400","202506","11","28,000","0","9","2004","검암로 53","202508~202708","신규","-","","","아파트"
"44070","인천광역시 서구 마전동","1055-1","1055","0001","당하3차풍림아이원","전세","84.9851","202506","11","24,000","0","16","2004","원당대로685번길 23","202506~202603","신규","-","","","아파트"
"44071","인천광역시 서구 검암동","501-1","0501","0001","풍림아이원2차","전세","59.9400","202506","11","28,000","0","9","2004","검암로 53","202509~202709","신규","-","","","아파트"
"44072","인천광역시 서구 가정동","가-","0000","0000","루원시티SKLeaders'VIEW","전세","84.6013","202506","11","40,000","0","30","2022","가정로 437","202507~202707","신규","-","","","아파트"
"44073","인천광역시 서구 가좌동","627","0627","0000","가재울역트루엘에코시티","전세","84.8600","202506","11","31,000","0","17","2024","열우물로240번길 20","202509~202709","갱신","사용","30,000","0","아파트"
"44074","인천광역시 서구 당하동","1318-6","1318","0006","검단신도시디에트르더펠리체","전세","108.9359","202506","11","27,000","0","1","2022","이음2로 30","202509~202702","신규","-","","","아파트"
"44075","인천광역시 서구 가좌동","611","0611","0000","인천가좌두산위브트레지움1,2단지","전세","59.8000","202506","11","25,200","0","10","2017","여우재로 119","202506~202706","갱신","사용","24,000","0","아파트"
"44076","인천광역시 서구 가좌동","627","0627","0000","가재울역트루엘에코시티","전세","49.4100","202506","11","28,000","0","6","2024","열우물로240번길 20","202508~202708","신규","-","","","아파트"
"44077","인천광역시 계양구 작전동","915-1","0915","0001","까치마을한진","월세","37.3800","202506","11","1,000","50","10","1997","효서로 393","202507~202707","신규","-","","","아파트"
"44078","인천광역시 서구 백석동","가-","0000","0000","검암역로열파크씨티푸르지오1단지","월세","59.8599","202506","11","15,000","50","20","2023","한들로 33","202507~202707","신규","-","","","아파트"
"44079","인천광역시 계양구 병방동","433-1","0433","0001","학마을한진","월세","39.8400","202506","11","1,500","50","7","1998","용종로 124","-","-","-","","","아파트"
"44080","인천광역시 계양구 병방동","433-1","0433","0001","학마을한진","월세","39.8400","202506","11","1,500","50","7","1998","용종로 124","202507~202707","신규","-","","","아파트"
"44081","인천광역시 계양구 병방동","432-3","0432","0003","학마을서원","전세","34.4400","202506","11","14,000","0","5","1997","용종로 123","202506~202706","갱신","사용","13,500","0","아파트"
"44082","인천광역시 계양구 작전동","951","0951","0000","브라운스톤계양스카이","월세","59.9450","202506","11","3,000","110","8","2020","아나지로299번길 11","202508~202708","신규","-","","","아파트"
"44083","인천광역시 서구 검암동","595-3","0595","0003","서해그랑블","전세","84.9634","202506","11","26,775","0","19","2003","승학로495번길 7","202508~202708","갱신","사용","25,500","0","아파트"
"44084","인천광역시 서구 석남동","446","0446","0000","서인천월드메르디앙","전세","84.9783","202506","11","24,000","0","11","2006","신석로 71","202508~202708","갱신","-","23,000","0","아파트"
"44085","인천광역시 서구 검암동","595-3","0595","0003","서해그랑블","전세","84.9634","202506","11","38,000","0","2","2003","승학로495번길 7","202507~202707","갱신","사용","38,000","0","아파트"
"44086","인천광역시 계양구 작전동","953","0953","0000","힐스테이트자이계양","전세","39.9500","202506","11","18,000","0","4","2024","봉오대로651번길 9","202507~202707","신규","-","","","아파트"
"44087","인천광역시 계양구 작전동","953","0953","0000","힐스테이트자이계양","전세","39.9500","202506","11","18,500","0","9","2024","봉오대로651번길 9","202506~202706","신규","-","","","아파트"
"44088","인천광역시 계양구 동양동","575","0575","0000","동양주공1단지(임대)","월세","49.9100","202506","11","5,050","11","1","2006","양지로 7","202508~202707","갱신","-","2,244","23","아파트"
"44089","인천광역시 계양구 계산동","321-2","0321","0002","삼천리","월세","43.1050","202506","11","1,000","45","2","1987","주부토로 507","202506~202706","신규","-","","","아파트"
"44090","인천광역시 계양구 계산동","967-21","0967","0021","(967-21)","월세","46.4500","202506","11","500","45","3","2002","계산로 107-1","202506~202706","신규","-","","","아파트"
"44091","인천광역시 계양구 계산동","36","0036","0000","태산","월세","45.3000","202506","11","1,000","40","3","1990","계산새로33번길 26","202507~202707","신규","-","","","아파트"
"44092","인천광역시 서구 가정동","597-2","0597","0002","엘에이치웨스턴블루힐","월세","59.9800","202506","11","11,492","20","20","2015","봉오재2로 37","202508~202511","갱신","-","5,050","44","아파트"
"44093","인천광역시 서구 가정동","610-1","0610","0001","루원시티프라디움","전세","84.9951","202506","11","25,200","0","16","2018","봉오재3로 66","202507~202707","갱신","사용","24,000","0","아파트"
"44094","인천광역시 서구 가정동","597-2","0597","0002","엘에이치웨스턴블루힐","월세","59.9800","202506","11","11,492","20","20","2015","봉오재2로 37","-","-","-","","","아파트"
"44095","인천광역시 계양구 오류동","180","0180","0000","신동아","월세","59.9500","202506","11","2,000","80","10","1997","황어로115번길 12","202508~202708","신규","-","","","아파트"
"44096","인천광역시 남동구 만수동","17","0017","0000","만수주공5단지","전세","41.3000","202506","11","9,000","0","13","1987","백범로124번길 127","202507~202707","신규","-","","","아파트"
"44097","인천광역시 남동구 간석동","939-1","0939","0001","간석래미안자이","전세","119.5200","202506","11","42,000","0","7","2008","남동대로 860","202507~202707","신규","-","","","아파트"
"44098","인천광역시 남동구 간석동","893-1","0893","0001","우성","월세","54.5200","202506","11","2,000","67","15","1990","방축로 501","-","-","-","","","아파트"
"44099","인천광역시 남동구 간석동","893-1","0893","0001","우성","월세","54.5200","202506","11","2,000","67","15","1990","방축로 501","202507~202707","신규","-","","","아파트"
"44100","인천광역시 남동구 만수동","983-1","0983","0001","삼환1단지","월세","50.2600","202506","11","4,000","50","8","1989","인주대로 857","202507~202707","신규","-","","","아파트"
"44101","인천광역시 남동구 만수동","29","0029","0000","만수주공2단지","월세","61.5200","202506","11","2,000","60","2","1987","백범로124번길 43","202507~202707","신규","-","","","아파트"
"44102","인천광역시 남동구 만수동","1049","1049","0000","담방마을","전세","49.7200","202506","11","13,000","0","16","1994","매소홀로 1030","202506~202706","갱신","-","12,500","0","아파트"
"44103","인천광역시 남동구 만수동","1044","1044","0000","만수뉴서울아파트","월세","34.6500","202506","11","500","50","8","1992","담방로21번길 61","202506~202706","신규","-","","","아파트"
"44104","인천광역시 남동구 만수동","29","0029","0000","만수주공2단지","월세","66.5600","202506","11","2,000","70","14","1987","백범로124번길 43","202507~202707","신규","-","","","아파트"
"44105","인천광역시 남동구 만수동","1049","1049","0000","담방마을","전세","49.7200","202506","11","12,500","0","17","1994","매소홀로 1030","202508~202708","갱신","-","12,000","0","아파트"
"44106","인천광역시 남동구 만수동","13","0013","0000","만수주공4단지","월세","66.5600","202506","11","1,000","70","15","1987","백범로124번길 126","202506~202706","신규","-","","","아파트"
"44107","인천광역시 남동구 만수동","1049","1049","0000","담방마을","월세","46.1200","202506","11","1,000","55","5","1994","매소홀로 1030","202506~202706","신규","-","","","아파트"
"44108","인천광역시 남동구 만수동","17","0017","0000","만수주공5단지","월세","49.9400","202506","11","1,000","60","15","1987","백범로124번길 127","202507~202707","신규","-","","","아파트"
"44109","인천광역시 남동구 만수동","17","0017","0000","만수주공5단지","전세","41.3000","202506","11","9,000","0","13","1987","백범로124번길 127","202507~202707","신규","-","","","아파트"
"44110","인천광역시 남동구 만수동","983-1","0983","0001","삼환1단지","월세","50.2600","202506","11","4,000","50","8","1989","인주대로 857","202507~202707","신규","-","","","아파트"
"44111","인천광역시 남동구 구월동","산16-1","0016","0001","(구)현광","월세","62.1000","202506","11","1,000","50","2","1984","구월말로39번길 10-11","202506~202706","신규","-","","","아파트"
"44112","인천광역시 남동구 구월동","1554","1554","0000","구월아시아드선수촌8단지","전세","84.8900","202506","11","32,000","0","12","2015","선수촌로 8","202506~202706","갱신","-","32,000","0","아파트"
"44113","인천광역시 남동구 구월동","24","0024","0000","롯데캐슬골드","월세","84.8114","202506","11","3,000","130","20","2007","호구포로 803","202506~202706","신규","-","","","아파트"
"44114","인천광역시 남동구 구월동","342-1","0342","0001","신세계","월세","85.4400","202506","11","1,000","65","14","1980","호구포로 858","202507~202907","신규","-","","","아파트"
"44115","인천광역시 남동구 구월동","23","0023","0000","구월힐스테이트1단지","전세","133.8270","202506","11","35,700","0","3","2007","구월로 192","202506~202706","갱신","사용","34,000","0","아파트"
"44116","인천광역시 남동구 논현동","635-1","0635","0001","논현휴먼시아하늘마을(3단지)","월세","46.9000","202506","11","2,418","27","5","2008","논현로 45","202507~202706","갱신","-","2,309","25","아파트"
"44117","인천광역시 남동구 논현동","580-1","0580","0001","논현 파크 포레","월세","84.9400","202506","11","4,000","110","22","2009","은봉로165번길 24","202506~202706","신규","-","","","아파트"
"44118","인천광역시 부평구 부개동","496-2","0496","0002","부개주공1","월세","59.9700","202506","11","3,000","90","4","1996","길주남로 143","202507~202707","신규","-","","","아파트"
"44119","인천광역시 부평구 부개동","477-2","0477","0002","대진","월세","39.6000","202506","11","1,000","45","6","1988","길주로 654","202507~202707","신규","-","","","아파트"
"44120","인천광역시 부평구 부개동","477-5","0477","0005","동아","전세","49.2000","202506","11","14,000","0","1","1988","길주남로113번길 12","202506~202706","신규","-","","","아파트"
"44121","인천광역시 부평구 갈산동","368","0368","0000","두산","전세","101.8200","202506","11","34,000","0","14","1992","갈월동로 45","202506~202706","신규","-","","","아파트"
"44122","인천광역시 부평구 삼산동","454-4","0454","0004","서해그랑블5단지","월세","118.1342","202506","11","5,000","170","15","2004","굴포로 158","202506~202706","갱신","사용","5,000","170","아파트"
"44123","인천광역시 부평구 삼산동","456-8","0456","0008","주공삼산타운4단지","월세","36.4400","202506","11","1,621","19","10","2004","체육관로 111","202506~202707","신규","-","","","아파트"
"44124","인천광역시 부평구 부평동","431-22","0431","0022","씨티원","월세","37.4900","202506","11","1,000","75","9","2016","부평대로 124","202507~202707","신규","-","","","아파트"
"44125","인천광역시 부평구 부평동","240-15","0240","0015","마린타워","월세","59.8700","202506","11","1,000","50","10","2017","시장로71번길 20","202506~202706","신규","-","","","아파트"
"44126","인천광역시 부평구 부평동","956","0956","0000","부평역한라비발디트레비앙","월세","39.8860","202506","11","12,700","16","7","2023","동수북로 188","202505~202707","갱신","-","8,800","39","아파트"
"44127","인천광역시 부평구 부평동","70-5","0070","0005","동아(1차)","전세","52.4300","202506","11","17,000","0","7","1986","부평문화로 37","202506~202706","신규","-","","","아파트"
"44128","인천광역시 남동구 논현동","599-1","0599","0001","주공14단지(등대마을)","월세","39.7900","202506","11","2,693","19","5","2006","청능대로715번길 22","202508~202707","갱신","-","2,604","18","아파트"
"44129","인천광역시 남동구 논현동","740-2","0740","0002","소래휴먼시아3단지","월세","51.9200","202506","11","6,900","13","15","2010","앵고개로815번길 22","202507~202706","갱신","-","6,789","12","아파트"
"44130","인천광역시 남동구 논현동","749-1","0749","0001","논현센트럴뷰","전세","59.8400","202506","11","32,000","0","24","2014","논고개로68번길 34","-","-","-","","","아파트"
"44131","인천광역시 부평구 삼산동","359","0359","0000","광명12차","전세","47.2600","202506","11","8,500","0","5","1990","후정동로 63","202507~202707","신규","-","","","아파트"
"44132","인천광역시 남동구 논현동","740-2","0740","0002","소래휴먼시아3단지","월세","46.8000","202506","11","5,668","12","13","2010","앵고개로815번길 22","202508~202707","갱신","-","2,882","24","아파트"
"44133","인천광역시 부평구 십정동","630","0630","0000","더샵부평센트럴시티","월세","59.8032","202506","11","14,500","41","31","2022","열우물로 90","202508~202708","신규","-","","","아파트"
"44134","인천광역시 부평구 십정동","642","0642","0000","힐스테이트부평","전세","35.7500","202506","11","18,000","0","19","2023","경원대로 1192","202508~202708","신규","-","","","아파트"
"44135","인천광역시 부평구 십정동","630","0630","0000","더샵부평센트럴시티","월세","59.8032","202506","11","14,500","41","31","2022","열우물로 90","202508~202708","갱신","-","14,500","41","아파트"
"44136","인천광역시 부평구 십정동","642","0642","0000","힐스테이트부평","전세","84.9900","202506","11","36,750","0","19","2023","경원대로 1192","202507~202707","갱신","사용","35,000","0","아파트"
"44137","인천광역시 부평구 십정동","642","0642","0000","힐스테이트부평","전세","46.9800","202506","11","19,950","0","15","2023","경원대로 1192","202506~202706","갱신","사용","19,000","0","아파트"
"44138","인천광역시 부평구 청천동","191-6","0191","0006","청천1차뷰그리안","월세","46.1000","202506","11","2,000","70","3","2018","세월천로 17","202508~202708","신규","-","","","아파트"
"44139","인천광역시 부평구 부개동","477-3","0477","0003","뉴서울","월세","39.4800","202506","11","10,000","20","2","1989","충선로 191","202507~202707","신규","-","","","아파트"
"44140","인천광역시 부평구 부개동","525","0525","0000","부개역코오롱하늘채","전세","31.9340","202506","11","22,000","0","12","2021","부평문화로 216","202506~202607","신규","-","","","아파트"
"44141","인천광역시 중구 운남동","1778","1778","0000","운서역푸르지오더스카이","월세","84.7200","202506","11","11,900","30","19","2021","흰바위로 277","202508~202708","갱신","-","11,900","29","아파트"
"44142","인천광역시 미추홀구 용현동","627-85","0627","0085","해안성신","전세","49.2000","202506","11","8,000","0","4","1986","매소홀로 23-20","202506~202706","갱신","-","8,000","0","아파트"
"44143","인천광역시 중구 운남동","1681-2","1681","0002","호반써밋스카이센트럴2차","월세","84.8264","202506","11","3,000","120","14","2024","숲쟁이로 11","202508~202707","신규","-","","","아파트"
"44144","인천광역시 중구 운남동","1779","1779","0000","영종센트럴푸르지오자이","전세","64.6430","202506","11","18,900","0","12","2019","은하수로 412","202506~202706","갱신","사용","18,000","0","아파트"
"44145","인천광역시 중구 운남동","1778","1778","0000","운서역푸르지오더스카이","월세","62.6200","202506","11","7,300","24","20","2021","흰바위로 277","-","-","-","","","아파트"
"44146","인천광역시 중구 운남동","1778","1778","0000","운서역푸르지오더스카이","월세","84.5100","202506","11","8,000","41","11","2021","흰바위로 277","202508~202708","갱신","-","8,000","40","아파트"
"44147","인천광역시 중구 운남동","1779","1779","0000","영종센트럴푸르지오자이","전세","84.4253","202506","11","21,000","0","18","2019","은하수로 412","202512~202612","갱신","-","13,000","45","아파트"
"44148","인천광역시 중구 운남동","1778","1778","0000","운서역푸르지오더스카이","월세","84.5100","202506","11","3,000","56","6","2021","흰바위로 277","202508~202708","갱신","-","3,000","54","아파트"
"44149","인천광역시 중구 운남동","1778","1778","0000","운서역푸르지오더스카이","월세","84.8300","202506","11","8,000","42","15","2021","흰바위로 277","202508~202708","갱신","-","8,000","40","아파트"
"44150","인천광역시 중구 운남동","1778","1778","0000","운서역푸르지오더스카이","월세","84.8300","202506","11","11,900","31","11","2021","흰바위로 277","202508~202708","갱신","-","11,900","29","아파트"
"44151","인천광역시 중구 운남동","1778","1778","0000","운서역푸르지오더스카이","월세","84.8300","202506","11","8,000","42","12","2021","흰바위로 277","202509~202709","갱신","-","8,000","40","아파트"
"44152","인천광역시 중구 운남동","1778","1778","0000","운서역푸르지오더스카이","월세","84.6600","202506","11","10,600","27","20","2021","흰바위로 277","202508~202708","갱신","-","10,600","26","아파트"
"44153","인천광역시 미추홀구 도화동","1009","1009","0000","e편한세상도화6-1단지","월세","84.9100","202506","11","6,775","58","15","2018","숙골로88번길 46","202507~202707","갱신","-","6,775","58","아파트"
"44154","인천광역시 미추홀구 도화동","1002","1002","0000","더샵인천스카이타워2단지","전세","84.9353","202506","11","36,000","0","12","2020","숙골로87번길 5","202508~202708","신규","-","","","아파트"
"44155","인천광역시 미추홀구 도화동","1002","1002","0000","더샵인천스카이타워2단지","전세","84.9353","202506","11","28,000","0","12","2020","숙골로87번길 5","202507~202607","갱신","-","28,000","0","아파트"
"44156","인천광역시 중구 신흥동3가","31-13","0031","0013","인천유림노르웨이숲에듀오션","월세","59.1069","202506","11","3,000","95","35","2023","서해대로 278","202507~202707","신규","-","","","아파트"
"44157","인천광역시 중구 신흥동3가","31-13","0031","0013","인천유림노르웨이숲에듀오션","전세","59.8723","202506","11","21,200","0","8","2023","서해대로 278","202507~202707","신규","-","","","아파트"
"44158","인천광역시 중구 중산동","1872-1","1872","0001","영종신명스카이뷰주얼리","월세","56.6190","202506","11","1,000","100","7","2013","하늘달빛로 95","-","-","-","","","아파트"
"44159","인천광역시 중구 중산동","1887-2","1887","0002","영종힐스테이트","전세","83.3720","202506","11","18,900","0","4","2012","하늘별빛로 66","202506~202706","신규","-","","","아파트"
"44160","인천광역시 중구 중산동","1887-1","1887","0001","영종하늘도시한라비발디","전세","101.7629","202506","11","25,000","0","13","2012","하늘별빛로 86","202508~202708","신규","-","","","아파트"
"44161","인천광역시 중구 중산동","1878-1","1878","0001","인천영종한양수자인","전세","59.1006","202506","11","10,000","0","1","2012","은하수로 377","202506~202706","신규","-","","","아파트"
"44162","인천광역시 중구 중산동","1889-2","1889","0002","영종국제도시화성파크드림","전세","84.7363","202506","11","25,000","0","3","2019","하늘별빛로 112","202507~202707","신규","-","","","아파트"
"44163","인천광역시 중구 중산동","1887-1","1887","0001","영종하늘도시한라비발디","전세","115.2344","202506","11","33,000","0","24","2012","하늘별빛로 86","202508~202708","신규","-","","","아파트"
"44164","인천광역시 중구 중산동","1881-1","1881","0001","하늘도시우미린1단지","전세","59.9600","202506","11","12,600","0","26","2012","은하수로 351","202508~202707","신규","-","","","아파트"
"44165","인천광역시 중구 항동7가","27-107","0027","0107","라이프비취2차","월세","128.5800","202506","11","1,000","90","11","1984","축항대로86번길 47","202506~202706","신규","-","","","아파트"
"44166","인천광역시 동구 송현동","66-24","0066","0024","삼두2","월세","41.3100","202506","11","1,000","45","8","1987","화수로 21","202506~202706","신규","-","","","아파트"
"44167","인천광역시 동구 송현동","154","0154","0000","송현주공솔빛마을(154)","전세","59.8100","202506","11","18,300","0","23","2003","송현로 50","202509~202709","갱신","사용","17,500","0","아파트"
"44168","인천광역시 동구 송현동","154","0154","0000","솔빛마을주공","월세","46.9200","202506","11","2,000","65","10","2003","송현로 50","202507~202707","신규","-","","","아파트"
"44169","인천광역시 미추홀구 학익동","678-3","0678","0003","동진","월세","54.5400","202506","11","600","45","5","1990","매소홀로438번길 8","202506~202606","갱신","-","600","40","아파트"
"44170","인천광역시 동구 송림동","339","0339","0000","풍림아이원","월세","40.3530","202506","11","2,000","65","1","2009","송미로 6","202506~202606","신규","-","","","아파트"
"44171","인천광역시 동구 송림동","348","0348","0000","동인천역파크푸르지오","월세","59.8701","202506","11","16,000","42","22","2023","화도진로 16","202506~202706","신규","-","","","아파트"
"44172","인천광역시 동구 송림동","348","0348","0000","동인천역파크푸르지오","월세","21.4030","202506","11","5,500","10","17","2023","화도진로 16","202508~202708","신규","-","","","아파트"
"44173","인천광역시 미추홀구 학익동","744-1","0744","0001","힐스테이트학익","전세","73.9832","202506","11","34,000","0","25","2021","독배로251번길 24","202507~202707","신규","-","","","아파트"
"44174","인천광역시 미추홀구 학익동","50","0050","0000","신동아8","전세","84.9600","202506","11","20,500","0","3","1997","매소홀로475번길 60","202507~202707","신규","-","","","아파트"
"44175","인천광역시 미추홀구 학익동","744-1","0744","0001","힐스테이트학익","전세","73.9832","202506","11","34,000","0","25","2021","독배로251번길 24","202507~202707","신규","-","","","아파트"
"44176","인천광역시 미추홀구 학익동","48-14","0048","0014","신동아3","전세","127.0200","202506","11","25,000","0","5","1991","매소홀로475번길 18","202508~202708","신규","-","","","아파트"
"44177","인천광역시 중구 신흥동1가","34-49","0034","0049","홈유레카","전세","66.0500","202506","11","17,000","0","14","2020","인중로108번길 11","202507~202707","신규","-","","","아파트"
"44178","인천광역시 중구 운서동","3104-1","3104","0001","운서SKVIEWSkycity","전세","84.9630","202506","11","29,500","0","15","2022","흰바위로 203","202507~202707","신규","-","","","아파트"
"44179","인천광역시 미추홀구 도화동","987","0987","0000","도화역금강펜테리움센트럴파크","월세","59.5000","202506","10","3,000","110","5","2020","송림로257번길 6","202507~202707","신규","-","","","아파트"
"44180","인천광역시 미추홀구 용현동","659","0659","0000","인천용현엑슬루타워","월세","134.3651","202506","10","2,000","140","2","2011","아암대로29번길 16","202507~202707","신규","-","","","아파트"
"44181","인천광역시 중구 중산동","1911-2","1911","0002","영종국제도시한신더휴스카이파크","월세","59.9026","202506","10","200","77","24","2019","은하수로 229","202507~202607","갱신","-","200","73","아파트"
"44182","인천광역시 중구 운서동","3099-4","3099","0004","운서역반도유보라퍼스티지","전세","83.9551","202506","10","36,000","0","19","2022","영종대로196번길 15-25","202508~202708","신규","-","","","아파트"
"44183","인천광역시 미추홀구 숭의동","170-12","0170","0012","대호","전세","66.7300","202506","10","8,000","0","3","1971","독배로462번길 55","202507~202707","갱신","사용","8,000","0","아파트"
"44184","인천광역시 미추홀구 용현동","610-113","0610","0113","동아","전세","54.8700","202506","10","10,000","0","1","1989","용오로 82","202507~202607","갱신","사용","10,000","0","아파트"
"44185","인천광역시 중구 운남동","1778","1778","0000","운서역푸르지오더스카이","월세","84.8300","202506","10","11,900","31","17","2021","흰바위로 277","202508~202708","갱신","-","11,900","29","아파트"
"44186","인천광역시 중구 운남동","1550","1550","0000","영종자이","월세","113.0060","202506","10","15,000","50","3","2009","운남서로 7","202506~202706","갱신","사용","15,000","45","아파트"
"44187","인천광역시 중구 운남동","1680-2","1680","0002","e편한세상영종하늘도시","월세","84.3203","202506","10","2,000","115","5","2018","숲쟁이로 12","202507~202706","신규","-","","","아파트"
"44188","인천광역시 중구 운남동","1778","1778","0000","운서역푸르지오더스카이","월세","84.6900","202506","10","11,900","30","5","2021","흰바위로 277","202508~202708","갱신","-","11,900","29","아파트"
"44189","인천광역시 중구 운남동","1778","1778","0000","운서역푸르지오더스카이","월세","74.6200","202506","10","8,900","26","10","2021","흰바위로 277","202508~202708","갱신","-","8,900","25","아파트"
"44190","인천광역시 중구 운남동","1778","1778","0000","운서역푸르지오더스카이","월세","84.8300","202506","10","3,000","56","12","2021","흰바위로 277","202509~202709","갱신","-","3,000","55","아파트"
"44191","인천광역시 미추홀구 도화동","1009","1009","0000","e편한세상도화6-1단지","월세","72.8400","202506","10","7,084","47","9","2018","숙골로88번길 46","202507~202707","갱신","-","7,084","47","아파트"
"44192","인천광역시 중구 중산동","1887-2","1887","0002","영종힐스테이트","전세","83.3720","202506","10","21,000","0","26","2012","하늘별빛로 66","202507~202707","갱신","사용","20,000","0","아파트"
"44193","인천광역시 동구 송림동","348","0348","0000","동인천역파크푸르지오","월세","84.6973","202506","10","10,000","100","20","2023","화도진로 16","202507~202707","신규","-","","","아파트"
"44194","인천광역시 미추홀구 학익동","721","0721","0000","풍림아이원","월세","84.9357","202506","10","3,000","110","9","2007","매소홀로 340","202507~202707","신규","-","","","아파트"
"44195","인천광역시 중구 운남동","1778","1778","0000","운서역푸르지오더스카이","월세","84.6900","202506","10","11,900","30","12","2021","흰바위로 277","202509~202708","갱신","-","11,900","29","아파트"
"44196","인천광역시 중구 중산동","1887-2","1887","0002","영종힐스테이트","전세","83.3720","202506","10","16,500","0","2","2012","하늘별빛로 66","202507~202707","갱신","-","15,000","0","아파트"
"44197","인천광역시 중구 중산동","1881-1","1881","0001","하늘도시우미린1단지","전세","59.5500","202506","10","14,700","0","12","2012","은하수로 351","202507~202707","갱신","사용","14,000","0","아파트"
"44198","인천광역시 중구 중산동","1881-1","1881","0001","하늘도시우미린1단지","전세","59.8500","202506","10","18,000","0","16","2012","은하수로 351","202507~202707","신규","-","","","아파트"
"44199","인천광역시 중구 중산동","1881-1","1881","0001","하늘도시우미린1단지","전세","59.9400","202506","10","15,750","0","23","2012","은하수로 351","202507~202707","갱신","사용","15,000","0","아파트"
"44200","인천광역시 중구 중산동","1878-1","1878","0001","인천영종한양수자인","전세","59.2156","202506","10","20,000","0","12","2012","은하수로 377","202507~202707","신규","-","","","아파트"
"44201","인천광역시 중구 중산동","1878-1","1878","0001","인천영종한양수자인","전세","59.2185","202506","10","15,986","0","11","2012","은하수로 377","202508~202708","갱신","-","15,225","0","아파트"
"44202","인천광역시 중구 중산동","1881-1","1881","0001","하늘도시우미린1단지","전세","59.8500","202506","10","18,000","0","16","2012","은하수로 351","202507~202707","신규","-","","","아파트"
"44203","인천광역시 중구 중산동","1881-1","1881","0001","하늘도시우미린1단지","전세","59.9400","202506","10","14,500","0","7","2012","은하수로 351","202506~202703","갱신","-","13,500","0","아파트"
"44204","인천광역시 중구 중산동","1887-4","1887","0004","e편한세상영종국제도시오션하임","전세","84.9777","202506","10","20,500","0","16","2018","두미포로 112","202507~202707","갱신","-","19,750","0","아파트"
"44205","인천광역시 서구 마전동","1131-1","1131","0001","검단 양우내안애 퍼스트힐","전세","84.9398","202506","10","28,000","0","7","2022","검단로609번길 23","202507~202707","신규","-","","","아파트"
"44206","인천광역시 계양구 효성동","99-11","0099","0011","뉴서울1","전세","44.0100","202506","10","6,000","0","3","1985","안남로573번길 16","202508~202708","신규","-","","","아파트"
"44207","인천광역시 계양구 효성동","123-57","0123","0057","태산","전세","59.9600","202506","10","17,100","0","11","1997","봉오대로477번길 20","202506~202706","갱신","-","17,100","0","아파트"
"44208","인천광역시 서구 연희동","690","0690","0000","태영","전세","84.9600","202506","10","24,000","0","1","1996","대평로 23","202507~202707","신규","-","","","아파트"
"44209","인천광역시 서구 연희동","690","0690","0000","태영","전세","84.9600","202506","10","17,000","0","14","1996","대평로 10","202509~202709","신규","-","","","아파트"
"44210","인천광역시 서구 연희동","690","0690","0000","태영","전세","84.9600","202506","10","17,000","0","14","1996","대평로 10","202508~202708","신규","-","","","아파트"
"44211","인천광역시 서구 당하동","1027-3","1027","0003","원당동문굿모닝힐","전세","84.9670","202506","10","23,000","0","15","2004","원당대로820번길 3","202508~202708","신규","-","","","아파트"
"44212","인천광역시 서구 당하동","1233-1","1233","0001","아라역금강펜테리움더시글로2차","전세","84.9679","202506","10","32,000","0","29","2025","원당대로 938","202507~202707","신규","-","","","아파트"
"44213","인천광역시 서구 당하동","1274","1274","0000","검단한신더휴어반파크","월세","84.9744","202506","10","18,400","36","17","2023","매밭로 130","202509~202709","갱신","-","18,400","33","아파트"
"44214","인천광역시 서구 가정동","가-","0000","0000","루원시티SKLeaders'VIEW","월세","84.8254","202506","10","27,000","50","34","2022","가정로 437","202506~202706","신규","-","","","아파트"
"44215","인천광역시 서구 가정동","341-14","0341","0014","하나2","전세","57.7800","202506","10","13,000","0","15","1992","봉오대로318번길 23","202507~202707","신규","-","","","아파트"
"44216","인천광역시 서구 가정동","284-401","0284","0401","뉴서울(284-401)","전세","57.2000","202506","10","10,500","0","11","1990","봉오대로283번길 6","202507~202707","갱신","사용","10,000","0","아파트"
"44217","인천광역시 서구 가정동","597-1","0597","0001","루원더퍼스트","전세","84.9400","202506","10","26,500","0","18","2019","봉오재2로 13","202509~202609","갱신","사용","26,500","0","아파트"
"44218","인천광역시 서구 가정동","610-1","0610","0001","루원시티프라디움","전세","84.9917","202506","10","35,000","0","9","2018","봉오재3로 66","202508~202708","신규","-","","","아파트"
"44219","인천광역시 서구 가정동","284-401","0284","0401","뉴서울(284-401)","월세","57.2000","202506","10","2,000","55","7","1990","봉오대로283번길 6","202506~202706","신규","-","","","아파트"
"44220","인천광역시 계양구 작전동","915-1","0915","0001","까치마을태화","월세","37.3800","202506","10","1,000","55","10","1997","효서로 393","202508~202708","신규","-","","","아파트"
"44221","인천광역시 계양구 작전동","140-2","0140","0002","신진","월세","43.3600","202506","10","500","45","3","1987","봉오대로744번길 17","202508~202708","신규","-","","","아파트"
"44222","인천광역시 계양구 작전동","580","0580","0000","현대2-1차","전세","84.9950","202506","10","24,150","0","4","1991","효서로 381","202508~202708","갱신","사용","23,000","0","아파트"
"44223","인천광역시 계양구 작전동","915-1","0915","0001","까치마을태화","월세","37.3800","202506","10","1,000","55","10","1997","효서로 393","202508~202708","신규","-","","","아파트"
"44224","인천광역시 계양구 작전동","79","0079","0000","한국(101동,102동)","전세","59.9700","202506","10","18,500","0","13","1998","봉오대로743번길 9","202508~202708","신규","-","","","아파트"
"44225","인천광역시 서구 마전동","1055-1","1055","0001","당하3차풍림아이원","전세","59.9060","202506","10","20,000","0","16","2004","원당대로685번길 23","202510~202710","갱신","-","19,000","0","아파트"
"44226","인천광역시 계양구 계산동","20","0020","0000","주공","월세","36.1600","202506","10","500","50","4","1990","경명대로1142번길 3","202506~202606","신규","-","","","아파트"
"44227","인천광역시 서구 검암동","501-1","0501","0001","풍림아이원2차","월세","75.1200","202506","10","3,000","95","8","2004","검암로 53","202507~202707","갱신","사용","3,000","90","아파트"
"44228","인천광역시 서구 가좌동","627","0627","0000","가재울역트루엘에코시티","월세","49.4100","202506","10","3,000","80","12","2024","열우물로240번길 20","202508~202708","신규","-","","","아파트"
"44229","인천광역시 서구 가좌동","7","0007","0000","한신휴플러스","전세","59.9900","202506","10","15,724","0","14","2007","건지로 402","202507~202706","갱신","-","17,277","0","아파트"
"44230","인천광역시 서구 가좌동","7","0007","0000","한신휴플러스","전세","72.6900","202506","10","18,966","0","21","2007","건지로 402","202507~202707","갱신","-","19,659","0","아파트"
"44231","인천광역시 서구 가좌동","627","0627","0000","가재울역트루엘에코시티","월세","59.9600","202506","10","2,000","100","2","2024","열우물로240번길 20","202507~202707","신규","-","","","아파트"
"44232","인천광역시 서구 가좌동","627","0627","0000","가재울역트루엘에코시티","월세","59.9600","202506","10","2,000","100","2","2024","열우물로240번길 20","-","-","-","","","아파트"
"44233","인천광역시 서구 백석동","가-","0000","0000","검암역로열파크씨티푸르지오1단지","전세","84.9785","202506","10","31,500","0","25","2023","한들로 33","202507~202707","갱신","사용","30,000","0","아파트"
"44234","인천광역시 서구 석남동","208-1","0208","0001","동남","월세","42.2100","202506","10","500","30","5","1989","새오개로 19","202507~202707","신규","-","","","아파트"
"44235","인천광역시 연수구 옥련동","635-1","0635","0001","현대3","전세","84.6000","202506","10","23,500","0","20","1996","능허대로79번길 65","202507~202707","신규","-","","","아파트"
"44236","인천광역시 연수구 옥련동","635-1","0635","0001","현대3","전세","84.6000","202506","10","23,500","0","20","1996","능허대로79번길 65","202507~202707","신규","-","","","아파트"
"44237","인천광역시 연수구 송도동","30-1","0030","0001","디에트르송도시그니처뷰","전세","114.9873","202506","10","65,000","0","32","2023","인천타워대로 393","202507~202707","신규","-","","","아파트"
"44238","인천광역시 연수구 송도동","150","0150","0000","롯데캐슬","전세","110.7602","202506","10","45,000","0","30","2012","송도과학로27번길 70","202507~202707","갱신","-","41,000","0","아파트"
"44239","인천광역시 연수구 송도동","310-1","0310","0001","송도오션파크베르디움","전세","84.9128","202506","10","33,000","0","18","2020","랜드마크로 110","202508~202708","갱신","-","22,000","0","아파트"
"44240","인천광역시 연수구 송도동","4-1","0004","0001","더샵퍼스트월드","전세","101.7480","202506","10","40,000","0","17","2009","해돋이로 107","202508~202708","신규","-","","","아파트"
"44241","인천광역시 연수구 송도동","18-5","0018","0005","송도더샵그린워크3차(17-1블럭)","전세","104.8500","202506","10","53,500","0","26","2015","아트센터대로97번길 20","202508~202708","갱신","사용","51,000","0","아파트"
"44242","인천광역시 연수구 송도동","155","0155","0000","송도아메리칸타운아이파크","월세","84.4661","202506","10","5,000","200","41","2018","송도과학로27번길 15","202508~202707","갱신","사용","5,000","190","아파트"
"44243","인천광역시 연수구 송도동","310-1","0310","0001","송도오션파크베르디움","월세","84.8470","202506","10","3,000","150","43","2020","랜드마크로 110","202506~202706","신규","-","","","아파트"
"44244","인천광역시 연수구 송도동","312-1","0312","0001","호반써밋송도","전세","84.8714","202506","10","35,000","0","12","2023","랜드마크로 20","202506~202706","신규","-","","","아파트"
"44245","인천광역시 연수구 송도동","319-1","0319","0001","e편한세상송도","전세","70.2331","202506","10","28,000","0","37","2018","랜드마크로 113","202507~202707","신규","-","","","아파트"
"44246","인천광역시 연수구 송도동","310-1","0310","0001","송도오션파크베르디움","전세","75.9833","202506","10","30,000","0","29","2020","랜드마크로 110","202507~202707","신규","-","","","아파트"
"44247","인천광역시 연수구 송도동","190-4","0190","0004","송도더샵센트럴시티","월세","59.9700","202506","10","2,000","150","11","2018","송도국제대로 261","202508~202708","갱신","-","2,000","116","아파트"
"44248","인천광역시 연수구 송도동","23-5","0023","0005","송도센트럴파크푸르지오","전세","84.9238","202506","10","47,000","0","32","2015","센트럴로 160","202508~202708","신규","-","","","아파트"
"44249","인천광역시 미추홀구 주안동","115-1","0115","0001","Wellga","월세","15.0400","202506","10","200","40","4","2014","주안로 142","202505~202605","신규","-","","","아파트"
"44250","인천광역시 연수구 송도동","397-11","0397","0011","힐스테이트레이크송도1차","월세","84.9700","202506","10","3,000","140","11","2019","아카데미로312번길 177","202507~202707","신규","-","","","아파트"
"44251","인천광역시 연수구 송도동","396-11","0396","0011","송도자이더스타","전세","84.9282","202506","10","50,000","0","28","2024","아카데미로343번길 63","202506~202706","신규","-","","","아파트"
"44252","인천광역시 연수구 송도동","17-3","0017","0003","더샵그린워크2차","월세","84.3408","202506","10","3,000","190","7","2014","아트센터대로97번길 15","202508~202708","신규","-","","","아파트"
"44253","인천광역시 연수구 송도동","23-4","0023","0004","더샵센트럴파크2","전세","101.9456","202506","10","50,500","0","9","2011","센트럴로 194","202508~202708","신규","-","","","아파트"
"44254","인천광역시 연수구 송도동","23-4","0023","0004","더샵센트럴파크2","전세","101.9456","202506","10","50,500","0","9","2011","센트럴로 194","202508~202708","신규","-","","","아파트"
"44255","인천광역시 연수구 선학동","353","0353","0000","대동","전세","84.0600","202506","10","20,000","0","1","1992","선학로74번길 17","202507~202707","신규","-","","","아파트"
"44256","인천광역시 연수구 선학동","353","0353","0000","대동","월세","73.3600","202506","10","2,000","80","2","1992","선학로74번길 17","202508~202708","신규","-","","","아파트"
"44257","인천광역시 연수구 송도동","396-1","0396","0001","송도LuxeOceanSKVIEW","전세","84.9577","202506","10","35,000","0","27","2025","랜드마크로 350","202509~202709","신규","-","","","아파트"
"44258","인천광역시 연수구 송도동","191-4","0191","0004","송도에듀포레푸르지오","월세","59.9780","202506","10","3,000","140","26","2016","송도문화로84번길 24","202506~202706","신규","-","","","아파트"
"44259","인천광역시 연수구 송도동","18-10","0018","0010","송도더샵하버뷰(D14)","월세","116.3170","202506","10","10,000","190","14","2011","아트센터대로97번길 76","202508~202708","신규","-","","","아파트"
"44260","인천광역시 연수구 송도동","191-4","0191","0004","송도에듀포레푸르지오","전세","105.9190","202506","10","43,000","0","5","2016","송도문화로84번길 24","202506~202706","갱신","-","33,000","0","아파트"
"44261","인천광역시 연수구 송도동","310-1","0310","0001","송도오션파크베르디움","전세","75.9833","202506","10","30,000","0","29","2020","랜드마크로 110","202507~202707","신규","-","","","아파트"
"44262","인천광역시 연수구 송도동","396-1","0396","0001","송도LuxeOceanSKVIEW","전세","84.9577","202506","10","35,000","0","27","2025","랜드마크로 350","202508~202708","신규","-","","","아파트"
"44263","인천광역시 연수구 송도동","15-10","0015","0010","송도코오롱더프라우3단지","전세","129.7440","202506","10","51,000","0","14","2012","컨벤시아대로42번길 20","202507~202707","갱신","-","47,000","0","아파트"
"44264","인천광역시 연수구 연수동","578-2","0578","0002","주공3","전세","44.6600","202506","10","13,650","0","8","1993","새말로 154","202506~202706","갱신","사용","13,000","0","아파트"
"44265","인천광역시 연수구 연수동","582-2","0582","0002","승기마을,연수1차시영","월세","26.8200","202506","10","500","53","7","1992","원인재로 212","202506~202706","신규","-","","","아파트"
"44266","인천광역시 연수구 연수동","634","0634","0000","우성2","전세","40.5000","202506","10","20,000","0","8","1995","원인재로 180","202506~202706","신규","-","","","아파트"
"44267","인천광역시 연수구 연수동","578-2","0578","0002","주공3","월세","44.6600","202506","10","2,000","55","9","1993","새말로 154","202506~202606","신규","-","","","아파트"
"44268","인천광역시 연수구 연수동","582-2","0582","0002","솔밭마을아파트","월세","49.5600","202506","10","1,000","75","13","1993","원인재로 232","202507~202707","신규","-","","","아파트"
"44269","인천광역시 연수구 송도동","396-1","0396","0001","송도LuxeOceanSKVIEW","전세","84.9673","202506","10","36,500","0","33","2025","랜드마크로 350","202507~202707","신규","-","","","아파트"
"44270","인천광역시 연수구 송도동","396-11","0396","0011","송도자이더스타","전세","84.7098","202506","10","40,000","0","4","2024","아카데미로343번길 63","202507~202707","신규","-","","","아파트"
"44271","인천광역시 연수구 송도동","155-1","0155","0001","송도아메리칸타운더샵","전세","108.6273","202506","10","54,500","0","4","2025","송도과학로27번길 27","202507~202707","신규","-","","","아파트"
"44272","인천광역시 연수구 송도동","30-5","0030","0005","더샵송도아크베이","월세","84.2000","202506","10","3,000","165","29","2025","워터프런트로 150","202508~202708","신규","-","","","아파트"
"44273","인천광역시 연수구 송도동","30-2","0030","0002","힐스테이트송도더스카이","전세","120.2763","202506","10","80,000","0","28","2024","인천타워대로 365","202507~202707","신규","-","","","아파트"
"44274","인천광역시 연수구 송도동","111","0111","0000","송도더샵마스터뷰22BL","전세","84.9200","202506","10","36,000","0","22","2015","컨벤시아대로274번길 35","202506~202706","신규","-","","","아파트"
"44275","인천광역시 연수구 송도동","149","0149","0000","롯데캐슬캠퍼스타운","전세","101.3056","202506","10","31,700","0","2","2016","송도과학로27번길 55","202506~202707","신규","-","","","아파트"
"44276","인천광역시 연수구 동춘동","가-","0000","0000","송도파크레인동일하이빌","월세","84.9044","202506","10","3,400","84","29","2019","능허대로 343","202507~202607","신규","-","","","아파트"
"44277","인천광역시 연수구 송도동","161-3","0161","0003","송도캐슬&해모로","전세","111.3474","202506","10","33,000","0","4","2013","송도과학로51번길 136","202508~202708","신규","-","","","아파트"
"44278","인천광역시 연수구 청학동","451","0451","0000","시대","월세","35.7430","202506","10","500","50","1","1994","용담로 3","202507~202707","신규","-","","","아파트"
"44279","인천광역시 연수구 동춘동","928","0928","0000","현대1","전세","84.9700","202506","10","26,000","0","5","1993","원인재로 56","202508~202708","신규","-","","","아파트"
"44280","인천광역시 연수구 송도동","192-8","0192","0008","베르디움더퍼스트","전세","84.8153","202506","10","31,500","0","30","2017","송도문화로84번길 84","202507~202707","갱신","사용","30,000","0","아파트"
"44281","인천광역시 연수구 송도동","319-1","0319","0001","e편한세상송도","전세","84.2538","202506","10","31,000","0","28","2018","랜드마크로 113","202507~202707","신규","-","","","아파트"
"44282","인천광역시 연수구 송도동","3-38","0003","0038","송도금호어울림","전세","84.8900","202506","10","37,000","0","3","2005","해돋이로84번길 30","202507~202707","갱신","사용","37,000","0","아파트"
"44283","인천광역시 미추홀구 주안동","1466-13","1466","0013","청운","전세","53.6400","202506","10","8,925","0","3","1983","인주대로408번길 34","202507~202707","갱신","사용","8,500","0","아파트"
"44284","인천광역시 미추홀구 주안동","1678","1678","0000","힐스테이트푸르지오주안","전세","59.9600","202506","10","22,000","0","21","2023","남주길 150","202507~202707","갱신","사용","21,000","0","아파트"
"44285","인천광역시 미추홀구 주안동","1678","1678","0000","힐스테이트푸르지오주안","전세","59.9800","202506","10","24,150","0","3","2023","남주길 150","202507~202707","갱신","사용","23,000","0","아파트"
"44286","인천광역시 미추홀구 주안동","115-1","0115","0001","Wellga","월세","15.0400","202506","10","200","39","3","2014","주안로 142","202506~202606","신규","-","","","아파트"
"44287","인천광역시 연수구 동춘동","943","0943","0000","동남","전세","52.1400","202506","10","16,000","0","6","1994","먼우금로 19","202507~202707","신규","-","","","아파트"
"44288","인천광역시 서구 왕길동","633-2","0633","0002","동남디아망","월세","84.9651","202506","10","3,000","90","13","2006","봉수대로1440번길 19","202506~202706","갱신","-","2,000","90","아파트"
"44289","인천광역시 서구 청라동","83-1","0083","0001","청라국제업무단지센텀대광로제비앙","월세","82.9117","202506","10","25,000","30","22","2018","비즈니스로 166","202506~202706","갱신","사용","25,000","0","아파트"
"44290","인천광역시 서구 청라동","156-1","0156","0001","청라센트럴에일린의뜰","월세","84.9834","202506","10","35,000","28","13","2018","청라커낼로 300","202506~202701","신규","-","","","아파트"
"44291","인천광역시 서구 청라동","156-1","0156","0001","청라센트럴에일린의뜰","월세","84.9834","202506","10","35,000","28","13","2018","청라커낼로 300","202506~202701","신규","-","","","아파트"
"44292","인천광역시 서구 청라동","154-1","0154","0001","청라더샵레이크파크","전세","100.5900","202506","10","50,000","0","40","2013","크리스탈로74번길 26","202506~202706","신규","-","","","아파트"
"44293","인천광역시 서구 청라동","160-1","0160","0001","청라린스트라우스","월세","101.9819","202506","10","18,000","115","10","2013","청라라임로 85","202508~202708","갱신","-","10,000","115","아파트"
"44294","인천광역시 서구 청라동","103-6","0103","0006","청라우미린","월세","84.9032","202506","10","3,000","126","16","2011","청라한내로 39","202507~202707","갱신","사용","3,000","120","아파트"
"44295","인천광역시 서구 청라동","168-1","0168","0001","호반베르디움","전세","84.8324","202506","10","30,975","0","28","2011","청라에메랄드로76번길 14","202509~202709","갱신","사용","29,500","0","아파트"
"44296","인천광역시 서구 청라동","165-2","0165","0002","청라메이루즈 커낼파크뷰","월세","82.3866","202506","10","4,000","135","15","2011","청라라임로 86","202508~202708","신규","-","","","아파트"
"44297","인천광역시 서구 원당동","854-3","0854","0003","금호어울림2차(원당지구80BL3L)","월세","107.5774","202506","10","17,500","45","7","2005","고산로 13","202507~202707","갱신","사용","17,500","40","아파트"
"44298","인천광역시 서구 청라동","116-4","0116","0004","청라지구중흥S-CLASS1단지","전세","119.5876","202506","10","33,600","0","17","2010","청라라임로 131","202506~202706","신규","-","","","아파트"
"44299","인천광역시 서구 원당동","987","0987","0000","검단신도시로제비앙라포레","월세","79.0123","202506","10","2,000","140","4","2022","서로3로 277","202506~202606","신규","-","","","아파트"
"44300","인천광역시 서구 원당동","1022","1022","0000","호반써밋1차","전세","84.8981","202506","10","34,000","0","18","2021","이음5로 15","202507~202707","갱신","-","30,000","0","아파트"
"44301","인천광역시 서구 불로동","792-1","0792","0001","삼보해피하임1단지(불로지구34BL1L)","전세","84.9911","202506","10","18,900","0","6","2007","검단로744번3길 7","202507~202707","갱신","사용","18,000","0","아파트"
"44302","인천광역시 서구 왕길동","696-1","0696","0001","검단자이2단지","월세","123.1900","202506","10","3,000","150","4","2010","오동로 32","202506~202706","신규","-","","","아파트"
"44303","인천광역시 서구 오류동","1721-1","1721","0001","검단힐스테이트3차2단지","월세","104.7238","202506","10","3,000","120","7","2010","버들로 46","202508~202708","신규","-","","","아파트"
"44304","인천광역시 부평구 삼산동","440-1","0440","0001","삼산타운주공1단지","월세","59.9900","202506","10","10,000","75","13","2005","굴포로 105","202506~202706","신규","-","","","아파트"
"44305","인천광역시 남동구 논현동","774-1","0774","0001","에코메트로11","월세","84.9970","202506","10","3,000","135","4","2009","논고개로 17","202508~202708","신규","-","","","아파트"
"44306","인천광역시 남동구 논현동","643-1","0643","0001","논현휴먼시아범마을(2단지)","월세","46.9000","202506","10","2,559","28","6","2008","은봉로166번길 27","202506~202707","신규","-","","","아파트"
"44307","인천광역시 남동구 논현동","563-3","0563","0003","주공2단지","전세","38.9500","202506","10","13,000","0","15","1998","함박뫼로 439","-","-","-","","","아파트"
"44308","인천광역시 남동구 논현동","740-1","0740","0001","소래휴먼시아1단지","월세","29.4800","202506","10","1,697","12","7","2011","앵고개로815번길 70","202506~202705","갱신","-","1,648","12","아파트"
"44309","인천광역시 남동구 논현동","766-1","0766","0001","에코메트로9","전세","123.8120","202506","10","40,000","0","17","2011","에코중앙로 96","202508~202708","신규","-","","","아파트"
"44310","인천광역시 부평구 부평동","521-7","0521","0007","서린레이크","월세","49.7900","202506","10","3,000","70","2","2014","장제로101번길 21","202507~202707","신규","-","","","아파트"
"44311","인천광역시 부평구 부평동","956","0956","0000","부평역한라비발디트레비앙","전세","84.8660","202506","10","33,000","0","23","2023","동수북로 188","202506~202706","신규","-","","","아파트"
"44312","인천광역시 부평구 부평동","938","0938","0000","부평LH2단지","전세","59.9800","202506","10","24,000","0","5","2012","동수로120번길 43","202507~202707","신규","-","","","아파트"
"44313","인천광역시 부평구 산곡동","550","0550","0000","부평캐슬&더샵퍼스트","전세","84.9365","202506","10","46,000","0","29","2024","산청로 60","202507~202807","신규","-","","","아파트"
"44314","인천광역시 부평구 청천동","456","0456","0000","e편한세상부평그랑힐스","전세","59.5839","202506","10","30,000","0","18","2024","산청로 97","202507~202707","신규","-","","","아파트"
"44315","인천광역시 부평구 청천동","300","0300","0000","삼익","월세","61.3800","202506","10","1,000","85","12","1986","부평대로167번길 43","202507~202707","신규","-","","","아파트"
"44316","인천광역시 부평구 갈산동","171-5","0171","0005","정광","월세","43.7000","202506","10","1,000","50","1","1990","평천로306번길 27","202507~202707","신규","-","","","아파트"
"44317","인천광역시 부평구 갈산동","361-3","0361","0003","대동2","월세","45.0000","202506","10","2,500","65","18","1993","주부토로 201","202507~202707","신규","-","","","아파트"
"44318","인천광역시 부평구 십정동","642","0642","0000","힐스테이트부평","월세","59.9900","202506","10","3,000","100","15","2023","경원대로 1192","202507~202607","갱신","사용","3,000","95","아파트"
"44319","인천광역시 부평구 십정동","607","0607","0000","동암신동아","전세","59.8000","202506","10","19,000","0","13","2000","아트센터로 118","202509~202709","신규","-","","","아파트"
"44320","인천광역시 부평구 십정동","630","0630","0000","더샵부평센트럴시티","월세","59.8032","202506","10","7,000","65","28","2022","열우물로 90","202508~202708","갱신","-","7,000","63","아파트"
"44321","인천광역시 부평구 십정동","629","0629","0000","서희스타힐스부평센트럴","전세","59.8477","202506","10","26,000","0","9","2021","상정로 41","202506~202706","갱신","-","21,000","0","아파트"
"44322","인천광역시 부평구 부개동","525","0525","0000","부개역코오롱하늘채","전세","31.9340","202506","10","17,500","0","10","2021","부평문화로 216","202506~202607","신규","-","","","아파트"
"44323","인천광역시 부평구 부개동","477-3","0477","0003","뉴서울","월세","39.4800","202506","10","1,000","60","7","1989","충선로 191","202506~202706","신규","-","","","아파트"
"44324","인천광역시 부평구 부개동","496-2","0496","0002","부개주공1","월세","49.9600","202506","10","3,000","80","14","1996","길주남로 143","202506~202706","신규","-","","","아파트"
"44325","인천광역시 부평구 부개동","525","0525","0000","부개역코오롱하늘채","전세","31.9340","202506","10","22,000","0","12","2021","부평문화로 216","202506~202607","신규","-","","","아파트"
"44326","인천광역시 부평구 산곡동","311-126","0311","0126","현대2차","월세","59.9000","202506","10","2,000","70","14","1987","안남로 91","202507~202707","신규","-","","","아파트"
"44327","인천광역시 남동구 만수동","1044","1044","0000","만수뉴서울아파트","월세","34.6500","202506","10","500","45","12","1992","담방로21번길 61","202506~202606","갱신","-","500","40","아파트"
"44328","인천광역시 남동구 만수동","1044","1044","0000","만수뉴서울아파트","월세","34.6500","202506","10","500","45","12","1992","담방로21번길 61","202506~202606","갱신","-","500","40","아파트"
"44329","인천광역시 남동구 만수동","1005","1005","0000","주공8단지","월세","38.6400","202506","10","3,000","30","14","1990","담방로 105","202508~202708","신규","-","","","아파트"
"44330","인천광역시 남동구 만수동","29","0029","0000","만수주공1단지","월세","46.7400","202506","10","1,000","50","3","1986","만수로 14-25","202507~202706","신규","-","","","아파트"
"44331","인천광역시 남동구 만수동","1005","1005","0000","주공8단지","전세","44.9400","202506","10","9,500","0","1","1990","담방로 105","202507~202707","신규","-","","","아파트"
"44332","인천광역시 남동구 구월동","1485","1485","0000","구월아시아드선수촌2단지","월세","59.5700","202506","10","2,000","120","10","2015","선수촌공원로 96","202509~202709","신규","-","","","아파트"
"44333","인천광역시 남동구 구월동","1312-6","1312","0006","벽산","월세","53.5800","202506","10","1,000","46","2","1989","구월말로4번길 9-6","202507~202707","신규","-","","","아파트"
"44334","인천광역시 남동구 간석동","939-1","0939","0001","간석래미안자이","전세","59.9100","202506","10","25,200","0","9","2008","남동대로 860","-","-","-","","","아파트"
"44335","인천광역시 남동구 서창동","685","0685","0000","이편한세상서창","월세","84.9500","202506","10","10,000","91","10","2017","서창남순환로 9","202507~202707","갱신","-","10,000","85","아파트"
"44336","인천광역시 남동구 서창동","699","0699","0000","서창퍼스트뷰(7단지)","전세","84.2800","202506","10","30,500","0","9","2012","서창남순환로 190-15","202510~202710","갱신","사용","30,000","0","아파트"
"44337","인천광역시 남동구 만수동","1005","1005","0000","주공8단지","월세","44.9400","202506","10","475","15","1","1990","담방로 105","202507~202707","신규","-","","","아파트"
"44338","인천광역시 남동구 만수동","29","0029","0000","만수주공1단지","월세","39.7200","202506","10","1,000","43","3","1986","만수로 14-25","202507~202707","신규","-","","","아파트"
"44339","인천광역시 남동구 만수동","1005","1005","0000","주공8단지","월세","38.6400","202506","10","1,000","50","11","1989","담방로 105","202506~202606","신규","-","","","아파트"
"44340","인천광역시 남동구 간석동","214-15","0214","0015","웰스하임","월세","18.9700","202506","09","300","46","14","2014","백범로 381","202506~202606","신규","-","","","아파트"
"44341","인천광역시 남동구 간석동","893-1","0893","0001","우성","전세","84.9700","202506","09","22,000","0","2","1990","방축로 501","202506~202706","갱신","-","20,000","0","아파트"
"44342","인천광역시 남동구 간석동","616-6","0616","0006","간석한신더휴","전세","74.6940","202506","09","28,000","0","21","2019","석정로461번길 50","202507~202707","신규","-","","","아파트"
"44343","인천광역시 남동구 간석동","938-1","0938","0001","어울림마을","전세","84.9600","202506","09","29,400","0","24","2005","석산로 138","202506~202706","갱신","사용","28,000","0","아파트"
"44344","인천광역시 남동구 만수동","17","0017","0000","만수주공5단지","월세","32.3900","202506","09","500","35","5","1987","백범로124번길 127","202508~202708","신규","-","","","아파트"
"44345","인천광역시 남동구 구월동","23","0023","0000","구월힐스테이트1단지","월세","83.9829","202506","09","3,000","130","3","2007","구월로 192","202508~202708","신규","-","","","아파트"
"44346","인천광역시 남동구 만수동","1123","1123","0000","하우스토리만수","월세","59.9769","202506","09","4,000","100","19","2020","구월로372번길 90","202507~202707","신규","-","","","아파트"
"44347","인천광역시 남동구 구월동","24","0024","0000","롯데캐슬골드","전세","83.8726","202506","09","34,000","0","4","2007","호구포로 803","202507~202707","갱신","-","27,000","0","아파트"
"44348","인천광역시 남동구 도림동","629-1","0629","0001","주공그린빌1차","월세","51.7200","202506","09","4,748","11","10","2003","논고개로334번길 17","202507~202706","갱신","사용","4,844","13","아파트"
"44349","인천광역시 남동구 도림동","629-1","0629","0001","주공그린빌1차","월세","59.6400","202506","09","5,257","13","9","2003","논고개로334번길 17","202509~202708","신규","-","","","아파트"
"44350","인천광역시 남동구 간석동","495-5","0495","0005","금호","전세","99.1400","202506","09","26,000","0","5","1987","구월로 73","202506~202706","갱신","-","21,000","0","아파트"
"44351","인천광역시 남동구 만수동","1044","1044","0000","만수뉴서울아파트","월세","34.6500","202506","09","1,000","50","13","1992","담방로21번길 61","202507~202707","신규","-","","","아파트"
"44352","인천광역시 남동구 만수동","29","0029","0000","만수주공1단지","전세","39.7200","202506","09","10,000","0","3","1986","만수로 14-25","202506~202706","신규","-","","","아파트"
"44353","인천광역시 남동구 만수동","966","0966","0000","삼환2단지","전세","59.0500","202506","09","17,300","0","5","1990","소래로 677","202506~202706","신규","-","","","아파트"
"44354","인천광역시 남동구 구월동","1142-21","1142","0021","나이스뷰","월세","14.3000","202506","09","500","42","14","2015","구월남로 150","202506~202606","신규","-","","","아파트"
"44355","인천광역시 연수구 연수동","582-2","0582","0002","승기마을,연수1차시영","전세","26.8200","202506","09","7,000","0","1","1992","원인재로 212","202507~202707","신규","-","","","아파트"
"44356","인천광역시 연수구 동춘동","932","0932","0000","한양2","전세","84.9700","202506","09","20,000","0","1","1994","원인재로 59","202508~202708","신규","-","","","아파트"
"44357","인천광역시 연수구 송도동","21-60","0021","0060","인천송도힐스테이트4단지","전세","142.1275","202506","09","52,000","0","7","2011","컨벤시아대로 80","202506~202706","갱신","사용","50,000","0","아파트"
"44358","인천광역시 연수구 송도동","192-8","0192","0008","베르디움더퍼스트","전세","63.9029","202506","09","29,400","0","6","2017","송도문화로84번길 84","202506~202706","갱신","사용","28,000","0","아파트"
"44359","인천광역시 연수구 송도동","308-1","0308","0001","더샵송도마리나베이","전세","84.9160","202506","09","40,000","0","8","2020","랜드마크로 160","202508~202708","신규","-","","","아파트"
"44360","인천광역시 연수구 송도동","310-1","0310","0001","송도오션파크베르디움","전세","84.7950","202506","09","31,000","0","30","2020","랜드마크로 110","202507~202707","신규","-","","","아파트"
"44361","인천광역시 연수구 송도동","18-7","0018","0007","송도더샵하버뷰(D15)","전세","120.0626","202506","09","65,000","0","19","2012","아트센터대로97번길 56","-","-","-","","","아파트"
"44362","인천광역시 연수구 송도동","315-1","0315","0001","송도SKVIEW","전세","84.6932","202506","09","37,000","0","34","2019","랜드마크로 19","202507~202707","갱신","-","35,000","0","아파트"
"44363","인천광역시 연수구 송도동","397-11","0397","0011","힐스테이트레이크송도1차","전세","84.9700","202506","09","31,000","0","23","2019","아카데미로312번길 177","202507~202707","신규","-","","","아파트"
"44364","인천광역시 연수구 송도동","161-3","0161","0003","송도캐슬&해모로","전세","84.4433","202506","09","30,000","0","11","2013","송도과학로51번길 136","202508~202708","신규","-","","","아파트"
"44365","인천광역시 연수구 송도동","19-5","0019","0005","송도푸르지오하버뷰","월세","162.3109","202506","09","45,000","220","4","2011","컨벤시아대로130번길 80","202506~202706","신규","-","","","아파트"
"44366","인천광역시 연수구 송도동","315-1","0315","0001","송도SKVIEW","월세","84.6932","202506","09","25,000","42","11","2019","랜드마크로 19","202507~202707","신규","-","","","아파트"
"44367","인천광역시 연수구 송도동","161-3","0161","0003","송도캐슬&해모로","전세","84.4433","202506","09","30,000","0","11","2013","송도과학로51번길 136","202508~202708","신규","-","","","아파트"
"44368","인천광역시 연수구 송도동","17-5","0017","0005","송도더샵하버뷰(D13)","월세","118.4590","202506","09","10,000","300","7","2011","아트센터대로97번길 75","202508~202708","신규","-","","","아파트"
"44369","인천광역시 연수구 송도동","109","0109","0000","더샵송도프라임뷰20BL","전세","107.4500","202506","09","57,500","0","15","2022","인천타워대로231번길 97","202508~202708","신규","-","","","아파트"
"44370","인천광역시 연수구 송도동","397-11","0397","0011","힐스테이트레이크송도1차","전세","99.5900","202506","09","32,000","0","16","2019","아카데미로312번길 177","202507~202707","갱신","-","31,000","0","아파트"
"44371","인천광역시 연수구 송도동","396-1","0396","0001","송도LuxeOceanSKVIEW","전세","84.9620","202506","09","34,000","0","23","2025","랜드마크로 350","202509~202708","신규","-","","","아파트"
"44372","인천광역시 연수구 송도동","161-3","0161","0003","송도캐슬&해모로","전세","84.4433","202506","09","30,000","0","11","2013","송도과학로51번길 136","202508~202708","신규","-","","","아파트"
"44373","인천광역시 연수구 송도동","310-1","0310","0001","송도오션파크베르디움","전세","84.7950","202506","09","31,000","0","30","2020","랜드마크로 110","202508~202708","신규","-","","","아파트"
"44374","인천광역시 연수구 송도동","319-1","0319","0001","e편한세상송도","전세","84.4163","202506","09","33,000","0","24","2018","랜드마크로 113","202506~202706","신규","-","","","아파트"
"44375","인천광역시 연수구 송도동","19-5","0019","0005","송도푸르지오하버뷰","월세","162.3109","202506","09","45,000","220","4","2011","컨벤시아대로130번길 80","202506~202706","신규","-","","","아파트"
"44376","인천광역시 연수구 송도동","319-1","0319","0001","e편한세상송도","전세","84.2538","202506","09","33,000","0","23","2018","랜드마크로 113","202509~202709","신규","-","","","아파트"
"44377","인천광역시 연수구 송도동","105-2","0105","0002","더샵송도센터니얼","전세","98.9700","202506","09","57,000","0","18","2023","컨벤시아대로274번길 62","202508~202708","신규","-","","","아파트"
"44378","인천광역시 연수구 송도동","190-4","0190","0004","송도더샵센트럴시티","전세","72.9900","202506","09","29,400","0","30","2018","송도국제대로 261","202507~202701","신규","-","","","아파트"
"44379","인천광역시 연수구 연수동","582-2","0582","0002","승기마을,연수1차시영","월세","26.8200","202506","09","500","32","13","1992","원인재로 212","202506~202606","갱신","-","500","32","아파트"
"44380","인천광역시 연수구 연수동","582-2","0582","0002","승기마을,연수1차시영","월세","26.8200","202506","09","500","50","13","1992","원인재로 212","202506~202706","신규","-","","","아파트"
"44381","인천광역시 연수구 옥련동","635-1","0635","0001","현대3","전세","59.9850","202506","09","18,000","0","8","1996","능허대로79번길 65","202506~202706","갱신","사용","18,000","0","아파트"
"44382","인천광역시 연수구 옥련동","118-44","0118","0044","송도역서해그랑블더파크","전세","84.2780","202506","09","31,000","0","4","2025","한진로 77","202506~202706","신규","-","","","아파트"
"44383","인천광역시 연수구 송도동","3-38","0003","0038","송도금호어울림","전세","134.5800","202506","09","44,000","0","7","2005","해돋이로84번길 30","202506~202706","갱신","-","38,000","0","아파트"
"44384","인천광역시 연수구 송도동","192-8","0192","0008","베르디움더퍼스트","전세","84.8153","202506","09","36,750","0","11","2017","송도문화로84번길 84","202506~202706","갱신","사용","35,000","0","아파트"
"44385","인천광역시 연수구 송도동","191-4","0191","0004","송도에듀포레푸르지오","전세","84.8520","202506","09","45,000","0","39","2016","송도문화로84번길 24","202507~202707","신규","-","","","아파트"
"44386","인천광역시 연수구 송도동","396-11","0396","0011","송도자이더스타","월세","84.7098","202506","09","3,000","180","10","2024","아카데미로343번길 63","202507~202707","신규","-","","","아파트"
"44387","인천광역시 연수구 동춘동","917","0917","0000","롯데","전세","99.9100","202506","09","26,500","0","3","1993","먼우금로161번길 12","202506~202706","갱신","-","26,500","0","아파트"
"44388","인천광역시 연수구 동춘동","921","0921","0000","동춘마을","전세","59.3600","202506","09","17,000","0","4","1994","먼우금로 123","202508~202708","신규","-","","","아파트"
"44389","인천광역시 연수구 연수동","633","0633","0000","대동","전세","52.1400","202506","09","21,000","0","4","1993","벚꽃로 172","202507~202707","신규","-","","","아파트"
"44390","인천광역시 연수구 연수동","582-2","0582","0002","솔밭마을아파트","전세","49.5600","202506","09","17,000","0","13","1993","원인재로 232","202509~202708","신규","-","","","아파트"
"44391","인천광역시 연수구 연수동","633","0633","0000","대동","전세","52.1400","202506","09","18,000","0","4","1993","벚꽃로 172","202506~202706","갱신","-","18,000","0","아파트"
"44392","인천광역시 연수구 연수동","533","0533","0000","연수주공2차","월세","49.9400","202506","09","1,000","60","13","1992","원인재로 315","202506~202706","신규","-","","","아파트"
"44393","인천광역시 연수구 연수동","582","0582","0000","풍림1","월세","84.9600","202506","09","2,500","100","13","1992","함박뫼로 250","202506~202706","갱신","-","2,500","90","아파트"
"44394","인천광역시 미추홀구 주안동","26-5","0026","0005","광명(4차)","전세","79.3800","202506","09","10,000","0","1","1984","석정로 354","202507~202707","신규","-","","","아파트"
"44395","인천광역시 미추홀구 주안동","204-2","0204","0002","롯데하이텔","월세","37.8000","202506","09","500","40","7","1999","미추홀대로697번길 22","202506~202706","신규","-","","","아파트"
"44396","인천광역시 미추홀구 주안동","1678","1678","0000","힐스테이트푸르지오주안","전세","59.9600","202506","09","20,475","0","15","2023","남주길 150","202507~202707","갱신","사용","19,500","0","아파트"
"44397","인천광역시 미추홀구 주안동","1490-3","1490","0003","경민","월세","59.0400","202506","09","2,000","50","2","1984","미추홀대로578번길 41","202506~202706","신규","-","","","아파트"
"44398","인천광역시 미추홀구 주안동","394","0394","0000","스위트리아","월세","49.9600","202506","09","0","50","12","2016","주안로 53","202506~202512","신규","-","","","아파트"
"44399","인천광역시 미추홀구 주안동","1487-4","1487","0004","현광","월세","40.5000","202506","09","1,000","38","3","1987","인주대로434번길 30","202506~202706","신규","-","","","아파트"
"44400","인천광역시 미추홀구 주안동","1606","1606","0000","진흥","전세","59.9700","202506","09","18,000","0","7","1995","인하로298번길 33","202507~202707","신규","-","","","아파트"
"44401","인천광역시 미추홀구 주안동","1678","1678","0000","힐스테이트푸르지오주안","전세","84.9700","202506","09","36,000","0","5","2023","남주길 150","202507~202707","갱신","-","26,000","0","아파트"
"44402","인천광역시 미추홀구 주안동","1662","1662","0000","주안파크자이더플래티넘","월세","44.7839","202506","09","1,000","110","15","2023","인하로222번길 20","202506~202706","신규","-","","","아파트"
"44403","인천광역시 미추홀구 주안동","174-3","0174","0003","이스트힐","월세","22.9362","202506","09","500","60","12","2017","미추홀대로 706","202506~202606","신규","-","","","아파트"
"44404","인천광역시 연수구 동춘동","1131-1","1131","0001","연수서해그랑블1단지","전세","70.7500","202506","09","29,000","0","15","2017","봉재산로 20","202506~202706","갱신","-","29,000","0","아파트"
"44405","인천광역시 연수구 동춘동","943","0943","0000","동남","월세","52.1400","202506","09","2,000","73","12","1994","먼우금로 19","202507~202707","갱신","사용","2,000","70","아파트"
"44406","인천광역시 연수구 연수동","582-2","0582","0002","승기마을,연수1차시영","전세","26.8200","202506","09","10,100","0","3","1992","원인재로 212","202507~202707","신규","-","","","아파트"
"44407","인천광역시 연수구 연수동","582-2","0582","0002","승기마을,연수1차시영","전세","26.8200","202506","09","8,000","0","15","1992","원인재로 212","202507~202707","신규","-","","","아파트"
"44408","인천광역시 연수구 연수동","582-2","0582","0002","솔밭마을아파트","전세","49.5600","202506","09","17,000","0","13","1993","원인재로 232","202508~202708","신규","-","","","아파트"
"44409","인천광역시 미추홀구 용현동","664","0664","0000","인천 SK Sky VIEW","전세","84.9801","202506","09","36,000","0","8","2016","용정공원로 33","202506~202706","갱신","-","34,000","0","아파트"
"44410","인천광역시 중구 중산동","1879-1","1879","0001","영종하늘도시KCC스위첸","월세","84.8580","202506","09","2,000","120","4","2019","은하수로 380","202507~202607","신규","-","","","아파트"
"44411","인천광역시 중구 중산동","1878-1","1878","0001","인천영종한양수자인","월세","59.1270","202506","09","11,308","6","21","2012","은하수로 377","202506~202709","신규","-","","","아파트"
"44412","인천광역시 중구 중산동","1871-1","1871","0001","e편한세상영종국제도시센텀베뉴","월세","84.9819","202506","09","3,000","100","4","2023","하늘달빛로 139","202507~202707","갱신","사용","2,800","100","아파트"
"44413","인천광역시 중구 중산동","1881-1","1881","0001","하늘도시우미린1단지","전세","59.9400","202506","09","15,750","0","26","2012","은하수로 351","202507~202707","갱신","사용","15,000","0","아파트"
"44414","인천광역시 중구 중산동","1872-1","1872","0001","영종신명스카이뷰주얼리","월세","57.0160","202506","09","2,000","80","19","2013","하늘달빛로 95","202506~202706","신규","-","","","아파트"
"44415","인천광역시 중구 중산동","1871-3","1871","0003","하늘도시우미린2단지","월세","84.9172","202506","09","20,000","20","30","2012","하늘달빛로 113","202508~202708","신규","-","","","아파트"
"44416","인천광역시 중구 중산동","1911-2","1911","0002","영종국제도시한신더휴스카이파크","월세","59.9026","202506","09","13,000","50","11","2019","은하수로 229","202507~202707","신규","-","","","아파트"
"44417","인천광역시 중구 중산동","1887-1","1887","0001","영종하늘도시한라비발디","전세","115.4255","202506","09","28,000","0","2","2012","하늘별빛로 86","202507~202707","신규","-","","","아파트"
"44418","인천광역시 중구 중산동","1881-1","1881","0001","하늘도시우미린1단지","전세","59.9600","202506","09","19,000","0","13","2012","은하수로 351","202507~202707","신규","-","","","아파트"
"44419","인천광역시 중구 중산동","1872-1","1872","0001","영종신명스카이뷰주얼리","전세","57.0160","202506","09","17,500","0","34","2013","하늘달빛로 95","202508~202708","신규","-","","","아파트"
"44420","인천광역시 중구 중산동","1911-2","1911","0002","영종국제도시한신더휴스카이파크","전세","59.9026","202506","09","15,000","0","12","2019","은하수로 229","202508~202608","갱신","사용","15,000","0","아파트"
"44421","인천광역시 중구 중산동","1887-4","1887","0004","e편한세상영종국제도시오션하임","전세","84.9684","202506","09","25,200","0","5","2018","두미포로 112","202508~202708","갱신","사용","24,000","0","아파트"
"44422","인천광역시 중구 중산동","1887-1","1887","0001","영종하늘도시한라비발디","전세","115.2344","202506","09","26,250","0","28","2012","하늘별빛로 86","202507~202707","갱신","사용","25,000","0","아파트"
"44423","인천광역시 중구 중산동","1887-2","1887","0002","영종힐스테이트","월세","83.2470","202506","09","5,000","90","9","2012","하늘별빛로 66","202507~202707","신규","-","","","아파트"
"44424","인천광역시 중구 중산동","1878-1","1878","0001","인천영종한양수자인","전세","59.1347","202506","09","15,750","0","9","2012","은하수로 377","202508~202708","갱신","사용","15,000","0","아파트"
"44425","인천광역시 미추홀구 도화동","1009","1009","0000","e편한세상도화6-1단지","월세","72.8700","202506","09","6,254","51","14","2018","숙골로88번길 46","202507~202707","갱신","-","6,254","51","아파트"
"44426","인천광역시 미추홀구 학익동","48-14","0048","0014","신동아3","월세","43.8200","202506","09","1,000","60","6","1990","매소홀로475번길 18","202507~202707","갱신","-","1,000","55","아파트"
"44427","인천광역시 미추홀구 학익동","732-3","0732","0003","엑슬루타워","전세","91.3000","202506","09","30,000","0","4","2010","매소홀로309번길 32","202507~202707","신규","-","","","아파트"
"44428","인천광역시 미추홀구 학익동","595-28","0595","0028","시티오씨엘4단지","전세","84.8700","202506","09","36,000","0","34","2025","학익로 30","202507~202707","신규","-","","","아파트"
"44429","인천광역시 미추홀구 학익동","732-3","0732","0003","엑슬루타워","전세","91.3000","202506","09","30,000","0","4","2010","매소홀로309번길 32","202507~202707","신규","-","","","아파트"
"44430","인천광역시 미추홀구 도화동","1009","1009","0000","e편한세상도화6-1단지","월세","72.1400","202506","09","11,132","36","23","2018","숙골로88번길 46","202509~202708","갱신","-","11,132","36","아파트"
"44431","인천광역시 미추홀구 학익동","413-9","0413","0009","장미2","월세","46.8900","202506","09","1,000","40","1","1988","소성로 72","202507~202707","신규","-","","","아파트"
"44432","인천광역시 중구 운남동","1680-2","1680","0002","e편한세상영종하늘도시","월세","84.3203","202506","09","2,000","120","8","2018","숲쟁이로 12","202507~202707","신규","-","","","아파트"
"44433","인천광역시 중구 운남동","1778","1778","0000","운서역푸르지오더스카이","월세","84.7200","202506","09","3,000","56","4","2021","흰바위로 277","202508~202708","갱신","-","3,000","54","아파트"
"44434","인천광역시 중구 운남동","1778","1778","0000","운서역푸르지오더스카이","월세","84.6900","202506","09","11,900","30","12","2021","흰바위로 277","202508~202708","갱신","-","11,900","29","아파트"
"44435","인천광역시 중구 운남동","1778","1778","0000","운서역푸르지오더스카이","월세","84.8300","202506","09","11,900","31","5","2021","흰바위로 277","202508~202708","갱신","-","11,900","29","아파트"
"44436","인천광역시 동구 송림동","347","0347","0000","엘에이치브리즈힐","전세","59.9900","202506","09","24,000","0","11","2021","송림로162번길 9","202508~202708","신규","-","","","아파트"
"44437","인천광역시 중구 항동7가","27-107","0027","0107","라이프비취3차","전세","163.5100","202506","09","22,000","0","3","1990","축항대로86번길 47","202507~202707","신규","-","","","아파트"
"44438","인천광역시 중구 운남동","1778","1778","0000","운서역푸르지오더스카이","월세","84.6900","202506","09","8,000","41","13","2021","흰바위로 277","202509~202709","갱신","-","8,000","40","아파트"
"44439","인천광역시 중구 운남동","1778","1778","0000","운서역푸르지오더스카이","월세","74.6100","202506","09","10,000","29","10","2021","흰바위로 277","202509~202709","갱신","-","10,000","28","아파트"
"44440","인천광역시 중구 운남동","1778","1778","0000","운서역푸르지오더스카이","월세","84.8300","202506","09","11,900","31","7","2021","흰바위로 277","202508~202708","갱신","-","11,900","29","아파트"
"44441","인천광역시 중구 운남동","1778","1778","0000","운서역푸르지오더스카이","월세","84.7200","202506","09","8,000","41","9","2021","흰바위로 277","202508~202708","갱신","-","8,000","40","아파트"
"44442","인천광역시 중구 항동7가","27-107","0027","0107","라이프비취3차","전세","163.5100","202506","09","22,000","0","3","1990","축항대로86번길 47","202507~202707","신규","-","","","아파트"
"44443","인천광역시 중구 운남동","1778","1778","0000","운서역푸르지오더스카이","월세","84.6600","202506","09","3,000","49","15","2021","흰바위로 277","202508~202708","갱신","-","3,000","48","아파트"
"44444","인천광역시 중구 운남동","1778","1778","0000","운서역푸르지오더스카이","월세","74.6200","202506","09","8,900","26","11","2021","흰바위로 277","202509~202709","갱신","-","8,900","25","아파트"
"44445","인천광역시 중구 운남동","1778","1778","0000","운서역푸르지오더스카이","월세","84.8300","202506","09","3,000","56","9","2021","흰바위로 277","202508~202708","갱신","-","3,000","55","아파트"
"44446","인천광역시 중구 운서동","2787-1","2787","0001","금호베스트빌1단지","전세","84.2440","202506","09","22,000","0","9","2002","신도시남로 15","202506~202706","갱신","-","21,000","0","아파트"
"44447","인천광역시 중구 운서동","2748-1","2748","0001","풍림아이원2단지1차","전세","59.9919","202506","09","11,000","0","4","2002","영종대로27번길 40","202507~202707","신규","-","","","아파트"
"44448","인천광역시 중구 운서동","3103-9","3103","0009","영종1단지엘에이치","월세","36.3400","202506","09","1,757","11","13","2012","영종대로278번길 50","202507~202706","갱신","-","1,705","10","아파트"
"44449","인천광역시 동구 만석동","122","0122","0000","만석비치타운 주공아파트","전세","52.9200","202506","09","13,500","0","8","2002","화도진로 187","202507~202707","신규","-","","","아파트"
"44450","인천광역시 미추홀구 용현동","689","0689","0000","용현엘크루윈드포레","월세","84.7300","202506","09","3,000","110","16","2018","낙섬동로 135","202507~202707","신규","-","","","아파트"
"44451","인천광역시 미추홀구 용현동","689","0689","0000","용현엘크루윈드포레","월세","84.7300","202506","09","3,000","110","16","2018","낙섬동로 135","202507~202707","신규","-","","","아파트"
"44452","인천광역시 서구 가정동","597-2","0597","0002","엘에이치웨스턴블루힐","전세","84.9900","202506","09","25,200","0","4","2015","봉오재2로 37","202508~202708","갱신","사용","24,000","0","아파트"
"44453","인천광역시 계양구 효성동","286","0286","0000","동아","월세","45.1800","202506","09","1,000","50","4","1986","새벌로 159","202506~202706","신규","-","","","아파트"
"44454","인천광역시 계양구 계산동","954-30","0954","0030","서해3","전세","59.9700","202506","09","14,000","0","4","1991","주부토로501번길 26","202508~202708","갱신","-","14,000","0","아파트"
"44455","인천광역시 계양구 작전동","867-10","0867","0010","신동양","전세","45.8100","202506","09","7,500","0","2","1983","봉오대로686번길 8","202506~202706","신규","-","","","아파트"
"44456","인천광역시 서구 백석동","가-","0000","0000","검암역로열파크씨티푸르지오1단지","전세","74.0057","202506","09","28,350","0","5","2023","한들로 33","202508~202708","갱신","사용","27,000","0","아파트"
"44457","인천광역시 서구 백석동","가-","0000","0000","검암역로열파크씨티푸르지오1단지","월세","84.9785","202506","09","3,150","137","17","2023","한들로 33","202507~202607","갱신","사용","3,000","130","아파트"
"44458","인천광역시 서구 백석동","가-","0000","0000","검암역로열파크씨티푸르지오2단지","전세","84.9785","202506","09","31,500","0","29","2023","한들로 73","202507~202707","갱신","사용","30,000","0","아파트"
"44459","인천광역시 서구 심곡동","285","0285","0000","대동","전세","59.9100","202506","09","18,900","0","9","1996","심곡로 135","202508~202708","신규","-","","","아파트"
"44460","인천광역시 서구 석남동","552-18","0552","0018","효성","전세","49.0600","202506","09","7,500","0","1","1985","서달로 77","202508~202708","신규","-","","","아파트"
"44461","인천광역시 서구 석남동","552-18","0552","0018","효성","전세","47.1800","202506","09","9,000","0","5","1985","서달로 77","202507~202707","신규","-","","","아파트"
"44462","인천광역시 서구 당하동","1314","1314","0000","검단신안인스빌어반퍼스트","전세","84.7322","202506","09","32,000","0","19","2022","이음1로 173","202507~202707","신규","-","","","아파트"
"44463","인천광역시 서구 당하동","1314","1314","0000","검단신안인스빌어반퍼스트","전세","84.7322","202506","09","32,000","0","19","2022","이음1로 173","202507~202707","신규","-","","","아파트"
"44464","인천광역시 서구 당하동","1327-1","1327","0001","인천검단엘에이치36단지","월세","29.0900","202506","09","3,322","8","21","2023","독정로 111","202509~202708","갱신","-","1,381","17","아파트"
"44465","인천광역시 서구 당하동","1327-1","1327","0001","인천검단엘에이치36단지","월세","46.0300","202506","09","3,893","30","7","2023","독정로 111","202509~202708","갱신","-","3,780","29","아파트"
"44466","인천광역시 서구 가좌동","611","0611","0000","인천가좌두산위브트레지움1,2단지","월세","84.8200","202506","09","3,000","120","1","2017","여우재로 119","202508~202801","신규","-","","","아파트"
"44467","인천광역시 서구 가좌동","122","0122","0000","태화","월세","46.7100","202506","09","1,000","40","1","1986","원적로95번길 6","202508~202708","신규","-","","","아파트"
"44468","인천광역시 서구 가좌동","30-86","0030","0086","진주3","전세","59.3600","202506","09","17,500","0","2","1989","장고개로309번길 29","202507~202601","갱신","-","17,500","0","아파트"
"44469","인천광역시 서구 신현동","302-1","0302","0001","루원e-편한세상하늘채아파트","전세","170.3480","202506","09","45,000","0","28","2010","가정로 387","202506~202706","신규","-","","","아파트"
"44470","인천광역시 서구 신현동","304-2","0304","0002","루원시티루에블리","월세","59.9600","202506","09","12,174","22","1","2018","봉오재1로 49","202507~202706","갱신","-","5,037","48","아파트"
"44471","인천광역시 서구 신현동","306-1","0306","0001","루원시티센트럴타운","전세","74.9800","202506","09","28,000","0","18","2017","봉오재1로 36","202508~202708","갱신","-","18,000","0","아파트"
"44472","인천광역시 서구 가좌동","122","0122","0000","태화","월세","55.4400","202506","09","1,000","45","4","1986","원적로95번길 6","202506~202706","신규","-","","","아파트"
"44473","인천광역시 계양구 병방동","433-1","0433","0001","학마을한진","월세","49.7700","202506","09","2,000","70","3","1998","용종로 124","202509~202709","신규","-","","","아파트"
"44474","인천광역시 서구 당하동","1327-1","1327","0001","인천검단엘에이치36단지","월세","46.1800","202506","09","4,092","27","12","2023","독정로 111","202306~202508","갱신","-","3,792","29","아파트"
"44475","인천광역시 서구 마전동","1123-1","1123","0001","검단2차우방아이유쉘","전세","59.9393","202506","09","23,100","0","13","2018","완정로 126","202506~202706","갱신","사용","22,000","0","아파트"
"44476","인천광역시 계양구 병방동","90-1","0090","0001","영무예다음","전세","59.9700","202506","09","20,000","0","5","2007","장제로946번길 1","202506~202706","신규","-","","","아파트"
"44477","인천광역시 계양구 병방동","432-5","0432","0005","학마을서해","전세","26.0100","202506","09","8,700","0","13","1997","장제로 878","202507~202707","갱신","사용","8,500","0","아파트"
"44478","인천광역시 계양구 병방동","432-5","0432","0005","학마을서해","월세","26.0100","202506","09","500","45","12","1997","장제로 878","202506~202706","신규","-","","","아파트"
"44479","인천광역시 계양구 병방동","432-5","0432","0005","학마을영남","월세","26.0100","202506","09","1,400","30","9","1997","장제로 878","202507~202707","신규","-","","","아파트"
"44480","인천광역시 계양구 계산동","935-5","0935","0005","신동양","월세","39.1500","202506","09","500","40","1","1985","계양산로 14","202506~202706","신규","-","","","아파트"
"44481","인천광역시 서구 검암동","512-2","0512","0002","풍림아이원3차","전세","84.9368","202506","09","28,000","0","14","2004","검암로10번길 39","202509~202709","신규","-","","","아파트"
"44482","인천광역시 계양구 계산동","12-4","0012","0004","삼보3","전세","49.5900","202506","09","10,000","0","5","1988","경명대로 1126","202506~202706","갱신","-","10,000","0","아파트"
"44483","인천광역시 계양구 계산동","1084-3","1084","0003","은행마을(태산)","전세","100.5900","202506","09","30,450","0","16","1997","오조산로62번길 10","202506~202706","갱신","사용","29,000","0","아파트"
"44484","인천광역시 부평구 산곡동","261-8","0261","0008","경남5차","전세","71.9500","202506","09","22,500","0","4","1992","마장로264번길 66","202506~202706","신규","-","","","아파트"
"44485","인천광역시 부평구 십정동","630","0630","0000","더샵부평센트럴시티","월세","59.8032","202506","09","14,500","41","19","2022","열우물로 90","202508~202708","신규","-","","","아파트"
"44486","인천광역시 부평구 십정동","630","0630","0000","더샵부평센트럴시티","월세","69.4834","202506","09","10,500","63","10","2022","열우물로 90","202508~202708","신규","-","","","아파트"
"44487","인천광역시 부평구 십정동","642","0642","0000","힐스테이트부평","전세","59.9900","202506","09","23,100","0","18","2023","경원대로 1192","202508~202708","갱신","사용","22,000","0","아파트"
"44488","인천광역시 부평구 갈산동","361-3","0361","0003","대동2","전세","84.6000","202506","09","24,000","0","8","1993","주부토로 201","202506~202706","신규","-","","","아파트"
"44489","인천광역시 부평구 갈산동","359","0359","0000","주공1단지","월세","38.6400","202506","09","1,500","60","13","1992","굴포로 81","202507~202706","신규","-","","","아파트"
"44490","인천광역시 부평구 산곡동","261-8","0261","0008","경남5차","전세","71.9500","202506","09","22,500","0","4","1992","마장로264번길 66","202506~202706","신규","-","","","아파트"
"44491","인천광역시 부평구 부평동","64-20","0064","0020","대림1차","전세","50.1550","202506","09","18,000","0","6","1989","부영로 196","202507~202707","신규","-","","","아파트"
"44492","인천광역시 부평구 청천동","176","0176","0000","청천푸르지오","월세","133.7100","202506","09","2,700","120","14","1998","세월천로 16","202508~202708","신규","-","","","아파트"
"44493","인천광역시 남동구 논현동","634-1","0634","0001","어진마을한화꿈에그린(6단지)","월세","101.3100","202506","09","5,000","140","4","2007","논현로 106","202506~202706","신규","-","","","아파트"
"44494","인천광역시 남동구 논현동","643-1","0643","0001","논현휴먼시아범마을(2단지)","월세","51.9300","202506","09","6,679","14","13","2008","은봉로166번길 27","202506~202705","신규","-","","","아파트"
"44495","인천광역시 남동구 논현동","633-1","0633","0001","논현휴먼시아달맞이마을(5단지)","월세","46.5500","202506","09","3,558","21","12","2007","논현로 105","202507~202706","갱신","-","3,489","21","아파트"
"44496","인천광역시 부평구 부개동","14-2","0014","0002","진양","월세","52.9700","202506","09","1,000","58","2","1989","부흥북로107번길 30","202506~202706","신규","-","","","아파트"
"44497","인천광역시 부평구 부개동","520","0520","0000","부평코오롱하늘채","전세","34.2970","202506","09","19,000","0","19","2020","동수천로 117","202507~202707","신규","-","","","아파트"
"44498","인천광역시 부평구 부개동","402","0402","0000","광일","전세","38.3400","202506","09","8,500","0","1","1985","마분로 39","202506~202706","갱신","-","8,500","0","아파트"
"44499","인천광역시 부평구 부개동","497-1","0497","0001","상우신명보람","월세","111.4100","202506","09","3,000","145","3","1998","길주남로 175","202509~202709","신규","-","","","아파트"
"44500","인천광역시 부평구 부개동","497-1","0497","0001","상우신명보람","월세","111.4100","202506","09","3,000","145","3","1998","길주남로 175","202509~202709","신규","-","","","아파트"
"44501","인천광역시 남동구 논현동","740-2","0740","0002","소래휴먼시아3단지","월세","29.4800","202506","09","1,657","12","12","2010","앵고개로815번길 22","202507~202706","갱신","-","1,608","12","아파트"
"44502","인천광역시 부평구 청천동","456","0456","0000","e편한세상부평그랑힐스","월세","84.5725","202506","09","10,000","130","18","2024","산청로 97","202506~202706","신규","-","","","아파트"
"44503","인천광역시 부평구 부평동","962","0962","0000","부평SKVIEW해모로","월세","84.9825","202506","09","8,000","140","18","2023","동수천로 71","202507~202707","신규","-","","","아파트"
"44504","인천광역시 부평구 삼산동","388-7","0388","0007","삼산주공미래타운2차","전세","49.4000","202506","09","15,000","0","14","2000","부평북로 432","202508~202708","갱신","사용","15,000","0","아파트"
"44505","인천광역시 부평구 삼산동","445-5","0445","0005","삼산타운2단지","전세","84.9800","202506","09","29,400","0","3","2005","수변로 333","202506~202706","갱신","사용","28,000","0","아파트"
"44506","인천광역시 부평구 삼산동","494","0494","0000","부평삼산엠코타운","전세","59.9990","202506","09","30,000","0","13","2007","후정로 7","202508~202708","신규","-","","","아파트"
"44507","인천광역시 부평구 부평동","1017","1017","0000","부평역해링턴플레이스","월세","72.9900","202506","09","5,000","145","32","2024","동수로 36","202506~202706","신규","-","","","아파트"
"44508","인천광역시 부평구 부평동","146-6","0146","0006","미주아파트","월세","58.3900","202506","09","3,000","110","10","2021","부평문화로115번길 52","202507~202707","신규","-","","","아파트"
"44509","인천광역시 부평구 부평동","439-2","0439","0002","태강CITY","월세","49.9500","202506","09","2,000","90","13","2018","부평대로 108","202507~202707","신규","-","","","아파트"
"44510","인천광역시 부평구 부평동","408-4","0408","0004","캐슬베리","월세","17.1700","202506","09","500","40","7","2012","주부토로 58","202506~202706","신규","-","","","아파트"
"44511","인천광역시 부평구 십정동","630","0630","0000","더샵부평센트럴시티","월세","59.8032","202506","09","14,500","41","19","2022","열우물로 90","202507~202707","갱신","-","14,500","41","아파트"
"44512","인천광역시 부평구 십정동","642","0642","0000","힐스테이트부평","월세","59.9900","202506","09","5,000","120","6","2023","경원대로 1192","202506~202706","신규","-","","","아파트"
"44513","인천광역시 부평구 십정동","630","0630","0000","더샵부평센트럴시티","월세","69.4834","202506","09","10,500","63","10","2022","열우물로 90","202507~202707","갱신","-","10,500","63","아파트"
"44514","인천광역시 부평구 부평동","70-5","0070","0005","동아(1차)","전세","52.4300","202506","09","19,000","0","4","1986","부평문화로 37","202506~202706","갱신","-","19,000","0","아파트"
"44515","인천광역시 부평구 부평동","956","0956","0000","부평역한라비발디트레비앙","월세","84.8710","202506","09","5,000","150","3","2023","동수북로 188","202506~202706","신규","-","","","아파트"
"44516","인천광역시 부평구 갈산동","359","0359","0000","주공1단지","월세","38.6400","202506","09","1,000","60","12","1992","굴포로 81","202507~202707","신규","-","","","아파트"
"44517","인천광역시 부평구 산곡동","507","0507","0000","금호이수마운트밸리","전세","115.0311","202506","09","35,700","0","11","2007","원적로 344","202506~202706","갱신","사용","34,000","0","아파트"
"44518","인천광역시 서구 청라동","156-1","0156","0001","청라센트럴에일린의뜰","전세","95.2717","202506","09","46,000","0","15","2018","청라커낼로 300","202506~202706","신규","-","","","아파트"
"44519","인천광역시 서구 청라동","85-1","0085","0001","청라국제금융단지한양수자인레이크블루","월세","84.6444","202506","09","4,000","137","6","2019","청라한내로 132","202506~202706","갱신","사용","4,000","130","아파트"
"44520","인천광역시 서구 청라동","115-1","0115","0001","청라제일풍경채","전세","101.9669","202506","09","40,000","0","10","2012","청라한울로 95","202506~202706","갱신","-","45,000","0","아파트"
"44521","인천광역시 서구 청라동","84-7","0084","0007","인천청라시티프라디움","전세","84.9995","202506","09","38,000","0","10","2021","청라한내로 131","202508~202707","신규","-","","","아파트"
"44522","인천광역시 서구 청라동","173-1","0173","0001","청라29블럭호반베르디움","월세","84.9382","202506","09","25,000","20","1","2012","청라커낼로 163","202508~202708","신규","-","","","아파트"
"44523","인천광역시 서구 원당동","987","0987","0000","검단신도시로제비앙라포레","전세","84.8086","202506","09","29,500","0","8","2022","서로3로 277","202508~202707","신규","-","","","아파트"
"44524","인천광역시 서구 원당동","1022-1","1022","0001","우미린더시그니처","전세","84.9732","202506","09","36,750","0","5","2022","이음5로 39","202508~202703","갱신","사용","35,000","0","아파트"
"44525","인천광역시 서구 원당동","1022","1022","0000","호반써밋1차","전세","84.8917","202506","09","31,400","0","14","2021","이음5로 15","202507~202707","갱신","사용","30,000","0","아파트"
"44526","인천광역시 서구 왕길동","696-1","0696","0001","검단자이2단지","월세","84.8090","202506","09","3,000","110","9","2010","오동로 32","202507~202707","신규","-","","","아파트"
"44527","인천광역시 서구 청라동","130-2","0130","0002","청라웰카운티1차","전세","84.4963","202506","09","32,000","0","8","2010","청라에메랄드로 156","202507~202707","신규","-","","","아파트"
"44528","인천광역시 서구 왕길동","633-2","0633","0002","동남디아망","전세","84.9651","202506","09","23,000","0","12","2006","봉수대로1440번길 19","-","-","-","","","아파트"
"44529","인천광역시 서구 청라동","165-10","0165","0010","서해그랑블","전세","59.9974","202506","09","31,000","0","2","2010","청라에메랄드로 65","202507~202707","갱신","사용","31,000","0","아파트"
"44530","인천광역시 서구 왕길동","633-2","0633","0002","동남디아망","전세","84.9651","202506","09","23,000","0","12","2006","봉수대로1440번길 19","202507~202707","신규","-","","","아파트"
"44531","인천광역시 서구 청라동","164-1","0164","0001","청라 엑슬루타워","전세","110.2200","202506","09","29,400","0","32","2011","중봉대로586번길 22","202506~202706","갱신","사용","28,000","0","아파트"
"44532","인천광역시 서구 오류동","1722-1","1722","0001","검단오류역우방아이유쉘","전세","66.5160","202506","09","23,000","0","6","2021","대촌로 26","202507~202706","갱신","사용","26,000","0","아파트"
"44533","인천광역시 강화군 선원면 창리","714","0714","0000","강화서희스타힐스1단지","전세","59.9570","202506","09","18,000","0","8","2024","중앙로 162-31","202508~202708","신규","-","","","아파트"
"44534","인천광역시 서구 불로동","864","0864","0000","힐스테이트검단포레스트","전세","84.8616","202506","09","27,000","0","15","2024","용해로 20","202507~202707","신규","-","","","아파트"
"44535","인천광역시 강화군 선원면 창리","714","0714","0000","강화서희스타힐스1단지","월세","71.9635","202506","09","1,000","75","12","2024","중앙로 162-31","202507~202707","신규","-","","","아파트"
"44536","인천광역시 서구 불로동","308","0308","0000","월드","전세","59.8900","202506","09","11,000","0","4","1998","검단로 836","202506~202706","갱신","-","11,000","0","아파트"
"44537","인천광역시 강화군 길상면 온수리","455-6","0455","0006","건일온수","월세","54.0000","202506","09","1,000","56","1","1991","온수길 67","202506~202706","신규","-","","","아파트"
"44538","인천광역시 서구 원당동","1024","1024","0000","검단 금호어울림 센트럴","전세","74.8400","202506","09","27,300","0","17","2021","이음5로 65","202507~202707","갱신","사용","26,000","0","아파트"
"44539","인천광역시 서구 원당동","1024","1024","0000","검단 금호어울림 센트럴","전세","84.5200","202506","08","31,500","0","7","2021","이음5로 65","202508~202608","갱신","-","31,500","0","아파트"
"44540","인천광역시 서구 청라동","193-1","0193","0001","청라자이","월세","95.9580","202506","08","5,000","150","5","2010","청라에메랄드로 30","202507~202706","신규","-","","","아파트"
"44541","인천광역시 중구 운남동","1680-2","1680","0002","e편한세상영종하늘도시","전세","84.3203","202506","08","21,000","0","7","2018","숲쟁이로 12","202507~202511","갱신","-","21,000","0","아파트"
"44542","인천광역시 중구 운서동","3099-4","3099","0004","운서역반도유보라퍼스티지","전세","83.9551","202506","08","30,000","0","22","2022","영종대로196번길 15-25","202506~202706","신규","-","","","아파트"
"44543","인천광역시 미추홀구 용현동","573-2","0573","0002","용현대우","전세","84.9700","202506","08","20,000","0","6","2001","아암대로29번길 13","202507~202707","갱신","-","28,000","0","아파트"
"44544","인천광역시 중구 운서동","3099-4","3099","0004","운서역반도유보라퍼스티지","전세","84.9830","202506","08","30,000","0","19","2022","영종대로196번길 15-25","202508~202708","신규","-","","","아파트"
"44545","인천광역시 미추홀구 숭의동","42-1","0042","0001","제물포(42-1)","전세","56.1900","202506","08","8,000","0","1","1978","수봉로 6-11","202507~202707","신규","-","","","아파트"
"44546","인천광역시 중구 운남동","1680-2","1680","0002","e편한세상영종하늘도시","전세","84.8885","202506","08","25,000","0","3","2018","숲쟁이로 12","202508~202708","신규","-","","","아파트"
"44547","인천광역시 남동구 서창동","537","0537","0000","태평1차","전세","59.8850","202506","08","17,000","0","1","1995","장아산로128번길 22","202507~202707","신규","-","","","아파트"
"44548","인천광역시 남동구 간석동","900-153","0900","0153","현대홈타운(900-153)","전세","123.1034","202506","08","30,000","0","4","2003","구월로 65","202506~202706","신규","-","","","아파트"
"44549","인천광역시 남동구 간석동","944","0944","0000","인천시청역힐스테이트","전세","59.9700","202506","08","29,000","0","17","2024","구월로37번길 10","202507~202707","신규","-","","","아파트"
"44550","인천광역시 남동구 만수동","1044","1044","0000","만수뉴서울아파트","전세","34.6500","202506","08","9,000","0","13","1992","담방로21번길 61","202506~202706","신규","-","","","아파트"
"44551","인천광역시 연수구 송도동","190-4","0190","0004","송도더샵센트럴시티","전세","59.9700","202506","08","29,460","0","6","2018","송도국제대로 261","202507~202607","갱신","-","28,060","0","아파트"
"44552","인천광역시 연수구 송도동","191-4","0191","0004","송도에듀포레푸르지오","전세","72.2170","202506","08","39,000","0","23","2016","송도문화로84번길 24","202508~202708","신규","-","","","아파트"
"44553","인천광역시 연수구 송도동","20-4","0020","0004","송도아이비원","전세","59.3215","202506","08","34,000","0","4","2024","컨벤시아대로42번길 21","202506~202706","신규","-","","","아파트"
"44554","인천광역시 연수구 송도동","310-1","0310","0001","송도오션파크베르디움","전세","75.9833","202506","08","30,000","0","13","2020","랜드마크로 110","202508~202708","신규","-","","","아파트"
"44555","인천광역시 연수구 송도동","397-8","0397","0008","힐스테이트레이크송도2차","전세","84.9600","202506","08","28,000","0","15","2020","아카데미로 446","202508~202708","신규","-","","","아파트"
"44556","인천광역시 미추홀구 주안동","1487-7","1487","0007","광명8","월세","44.1900","202506","08","1,000","35","5","1988","인주대로418번길 19","202507~202707","신규","-","","","아파트"
"44557","인천광역시 미추홀구 주안동","1678","1678","0000","힐스테이트푸르지오주안","월세","59.9800","202506","08","3,000","115","1","2023","남주길 150","202507~202512","신규","-","","","아파트"
"44558","인천광역시 연수구 연수동","582-2","0582","0002","승기마을,연수1차시영","월세","26.8200","202506","08","500","47","12","1992","원인재로 212","202506~202706","신규","-","","","아파트"
"44559","인천광역시 미추홀구 주안동","1678","1678","0000","힐스테이트푸르지오주안","전세","59.9600","202506","08","22,000","0","25","2023","남주길 150","202507~202707","갱신","사용","21,000","0","아파트"
"44560","인천광역시 연수구 옥련동","631","0631","0000","원흥","전세","59.8600","202506","08","16,500","0","14","1994","독배로 52","202507~202707","신규","-","","","아파트"
"44561","인천광역시 연수구 옥련동","630","0630","0000","백산","전세","59.7600","202506","08","15,500","0","20","1994","한나루로79번길 11","202509~202709","신규","-","","","아파트"
"44562","인천광역시 연수구 옥련동","641-1","0641","0001","태평","전세","59.9300","202506","08","17,000","0","7","1997","한나루로193번길 16","202507~202707","신규","-","","","아파트"
"44563","인천광역시 미추홀구 주안동","18-141","0018","0141","우정","전세","55.2150","202506","08","9,500","0","5","1982","주염로 46","202507~202707","신규","-","","","아파트"
"44564","인천광역시 부평구 부개동","502-8","0502","0008","부개주공7단지","월세","59.9900","202506","08","3,000","85","20","1998","동수천로 118","202506~202706","신규","-","","","아파트"
"44565","인천광역시 부평구 부개동","531","0531","0000","e편한세상부평역어반루체","월세","59.9959","202506","08","3,000","120","26","2022","경인로1024번길 21","202507~202707","신규","-","","","아파트"
"44566","인천광역시 부평구 십정동","642","0642","0000","힐스테이트부평","전세","84.9900","202506","08","41,000","0","25","2023","경원대로 1192","202507~202707","신규","-","","","아파트"
"44567","인천광역시 부평구 산곡동","307","0307","0000","현대1차","전세","72.5400","202506","08","14,700","0","8","1986","경원대로 1269","202507~202707","갱신","사용","14,000","0","아파트"
"44568","인천광역시 서구 당하동","1031","1031","0000","원당풍림아이원","월세","84.5500","202506","08","3,000","100","6","2004","원당대로840번길 21","202507~202707","신규","-","","","아파트"
"44569","인천광역시 서구 당하동","1327-1","1327","0001","인천검단엘에이치36단지","월세","37.9700","202506","08","5,149","10","13","2023","독정로 111","202509~202708","갱신","-","2,474","22","아파트"
"44570","인천광역시 서구 마전동","999-5","0999","0005","영남탑스빌","전세","179.7300","202506","08","32,000","0","8","2000","완정로64번길 7","202507~202707","갱신","사용","32,000","0","아파트"
"44571","인천광역시 서구 검암동","535-2","0535","0002","검암4차신명스카이뷰","월세","84.5888","202506","08","3,000","95","9","2004","검암로10번길 36","-","-","-","","","아파트"
"44572","인천광역시 서구 검암동","535-2","0535","0002","검암4차신명스카이뷰","월세","84.5888","202506","08","3,000","95","9","2004","검암로10번길 36","202507~202707","갱신","사용","3,000","90","아파트"
"44573","인천광역시 부평구 구산동","360","0360","0000","부평자이","전세","59.9602","202506","08","27,000","0","14","2006","일신로 120","202508~202708","신규","-","","","아파트"
"44574","인천광역시 서구 가정동","284-401","0284","0401","뉴서울(284-401)","월세","57.2000","202506","08","1,000","55","13","1990","봉오대로283번길 6","202507~202707","신규","-","","","아파트"
"44575","인천광역시 계양구 작전동","28-9","0028","0009","삼우","전세","45.0000","202506","08","9,800","0","5","1989","주부토로472번길 33","202506~202706","갱신","-","9,800","0","아파트"
"44576","인천광역시 서구 백석동","가-","0000","0000","검암역로열파크씨티푸르지오2단지","전세","74.0021","202506","08","35,000","0","32","2023","한들로 73","202507~202707","신규","-","","","아파트"
"44577","인천광역시 계양구 장기동","131-10","0131","0010","계양벽산블루밍","전세","84.8830","202506","08","25,000","0","2","2009","황어로115번길 13","202508~202708","갱신","-","23,000","0","아파트"
"44578","인천광역시 서구 마전동","997-1","0997","0001","검단힐스테이트2차","전세","140.3950","202506","07","38,000","0","7","2010","완정로92번길 41","202507~202707","신규","-","","","아파트"
"44579","인천광역시 서구 백석동","가-","0000","0000","검암역로열파크씨티푸르지오1단지","월세","74.0057","202506","07","3,150","116","36","2023","한들로 33","202508~202707","갱신","사용","3,000","110","아파트"
"44580","인천광역시 서구 백석동","가-","0000","0000","검암역로열파크씨티푸르지오2단지","전세","84.9144","202506","07","46,000","0","14","2023","한들로 73","202507~202801","신규","-","","","아파트"
"44581","인천광역시 계양구 방축동","235","0235","0000","계양하늘채파크포레","전세","59.8946","202506","07","26,000","0","10","2023","박촌로 19","202506~202706","신규","-","","","아파트"
"44582","인천광역시 서구 신현동","302-1","0302","0001","루원e-편한세상하늘채아파트","전세","156.2900","202506","07","40,000","0","21","2010","가정로 387","202507~202707","신규","-","","","아파트"
"44583","인천광역시 서구 백석동","가-","0000","0000","검암역로열파크씨티푸르지오2단지","전세","84.9785","202506","07","47,000","0","32","2023","한들로 73","202508~202708","신규","-","","","아파트"
"44584","인천광역시 서구 검암동","595-3","0595","0003","서해그랑블","전세","69.6616","202506","07","25,200","0","9","2003","승학로495번길 7","202507~202707","갱신","사용","24,000","0","아파트"
"44585","인천광역시 서구 백석동","가-","0000","0000","검암역로열파크씨티푸르지오1단지","월세","74.0057","202506","07","3,150","110","11","2023","한들로 33","202508~202708","갱신","-","3,000","100","아파트"
"44586","인천광역시 계양구 병방동","433-1","0433","0001","학마을한진","월세","49.7700","202506","07","6,000","50","12","1998","용종로 124","202506~202706","신규","-","","","아파트"
"44587","인천광역시 서구 검암동","605-1","0605","0001","신명스카이뷰3차","월세","59.8809","202506","07","2,000","105","4","2004","승학로471번길 7","202506~202706","신규","-","","","아파트"
"44588","인천광역시 서구 검암동","628","0628","0000","삼보해피하임4","전세","71.6238","202506","07","30,000","0","15","2003","승학로 457","202507~202707","신규","-","","","아파트"
"44589","인천광역시 서구 당하동","1318-8","1318","0008","검단신도시모아미래도엘리트파크","전세","84.9395","202506","07","30,000","0","16","2022","서로3로 50","202507~202707","신규","-","","","아파트"
"44590","인천광역시 서구 당하동","1318-8","1318","0008","검단신도시모아미래도엘리트파크","전세","84.9395","202506","07","30,000","0","16","2022","서로3로 50","202507~202707","신규","-","","","아파트"
"44591","인천광역시 서구 당하동","1316-2","1316","0002","검단신도시대성베르힐라프리미어","월세","84.9376","202506","07","3,000","126","1","2022","이음1로 154","202507~202707","갱신","사용","3,000","120","아파트"
"44592","인천광역시 서구 당하동","1311-1","1311","0001","우미린파크뷰2단지","전세","59.9380","202506","07","23,100","0","12","2023","이음2로 90","202508~202708","갱신","사용","22,000","0","아파트"
"44593","인천광역시 계양구 효성동","24-3","0024","0003","중앙하이츠","월세","59.9800","202506","07","2,000","70","14","1996","안남로572번길 17","202507~202707","신규","-","","","아파트"
"44594","인천광역시 계양구 작전동","854-4","0854","0004","한양","월세","58.5000","202506","07","3,500","46","10","1985","계양대로120번길 10","202508~202708","신규","-","","","아파트"
"44595","인천광역시 서구 가정동","597-1","0597","0001","루원더퍼스트","전세","59.9600","202506","07","28,000","0","8","2019","봉오재2로 13","202507~202707","신규","-","","","아파트"
"44596","인천광역시 계양구 계산동","55-1","0055","0001","동남(55-1)","월세","58.2300","202506","07","500","63","1","1990","주부토로532번길 38","202507~202707","신규","-","","","아파트"
"44597","인천광역시 계양구 계산동","941","0941","0000","신도브래뉴","월세","84.8798","202506","07","5,000","100","14","2005","계양대로 215","202508~202708","신규","-","","","아파트"
"44598","인천광역시 서구 가정동","가-","0000","0000","루원시티2차SKLeaders`VIEW","전세","84.7350","202506","07","38,000","0","31","2023","봉오대로 270","202509~202709","신규","-","","","아파트"
"44599","인천광역시 서구 검암동","628","0628","0000","삼보해피하임4","전세","71.6238","202506","07","30,000","0","15","2003","승학로 457","202507~202707","신규","-","","","아파트"
"44600","인천광역시 서구 가정동","341-15","0341","0015","하나3","월세","59.9400","202506","07","3,000","50","15","1993","봉오대로318번길 21","202507~202801","신규","-","","","아파트"
"44601","인천광역시 서구 마전동","1003-1","1003","0001","동아","월세","84.9000","202506","07","2,000","90","4","1999","완정로34번길 20","202506~202706","갱신","-","2,000","85","아파트"
"44602","인천광역시 서구 가좌동","30-86","0030","0086","진주3","전세","49.5000","202506","07","14,500","0","3","1989","장고개로309번길 29","202508~202708","신규","-","","","아파트"
"44603","인천광역시 서구 가좌동","407","0407","0000","유영아파트","전세","55.5590","202506","07","13,000","0","8","2004","여우재로75번길 3","202506~202706","신규","-","","","아파트"
"44604","인천광역시 서구 가좌동","210-6","0210","0006","진흥","월세","48.9600","202506","07","500","45","5","1987","신진말로28번길 16","202507~202707","신규","-","","","아파트"
"44605","인천광역시 서구 검암동","605-1","0605","0001","신명스카이뷰3차","월세","59.8809","202506","07","2,000","105","4","2004","승학로471번길 7","202506~202706","신규","-","","","아파트"
"44606","인천광역시 서구 가좌동","407","0407","0000","유영아파트","전세","55.5590","202506","07","13,000","0","8","2004","여우재로75번길 3","202506~202706","신규","-","","","아파트"
"44607","인천광역시 서구 마전동","925","0925","0000","서해","월세","59.6700","202506","07","1,000","63","1","1992","검단로487번안길 16","202507~202707","신규","-","","","아파트"
"44608","인천광역시 서구 마전동","997-1","0997","0001","검단힐스테이트2차","전세","140.3950","202506","07","38,000","0","7","2010","완정로92번길 41","-","-","-","","","아파트"
"44609","인천광역시 서구 마전동","1136","1136","0000","인천마전대주파크빌","전세","84.9500","202506","07","16,800","0","4","2005","마전로99번길 8","202507~202707","갱신","사용","16,000","0","아파트"
"44610","인천광역시 서구 마전동","1148-1","1148","0001","마전금호어울림","전세","84.9978","202506","07","18,000","0","8","2007","가현로 33","202507~202707","신규","-","","","아파트"
"44611","인천광역시 서구 마전동","1053-1","1053","0001","당하2차풍림아이원","전세","59.9060","202506","07","20,000","0","16","2004","원당대로685번길 30","202506~202706","신규","-","","","아파트"
"44612","인천광역시 서구 신현동","304-1","0304","0001","루원시티 대성베르힐","전세","84.9778","202506","07","28,350","0","6","2017","봉오재1로 15","202507~202707","갱신","사용","27,000","0","아파트"
"44613","인천광역시 서구 신현동","302-1","0302","0001","루원e-편한세상하늘채아파트","전세","114.9480","202506","07","33,000","0","5","2010","가정로 387","202507~202707","신규","-","","","아파트"
"44614","인천광역시 서구 신현동","302-1","0302","0001","루원e-편한세상하늘채아파트","월세","84.9920","202506","07","3,000","125","4","2010","가정로 387","202506~202706","신규","-","","","아파트"
"44615","인천광역시 서구 마전동","999-1","0999","0001","검단2차아이파크","전세","132.3761","202506","07","25,000","0","13","2010","검단로540번길 59","202506~202606","갱신","-","25,000","0","아파트"
"44616","인천광역시 서구 당하동","1305-1","1305","0001","우미린파크뷰1단지","전세","84.8773","202506","07","27,000","0","1","2023","이음2로 89","202508~202708","갱신","사용","26,000","0","아파트"
"44617","인천광역시 서구 당하동","1305-1","1305","0001","우미린파크뷰1단지","전세","84.8773","202506","07","34,000","0","13","2023","이음2로 89","202508~202708","신규","-","","","아파트"
"44618","인천광역시 서구 석남동","446","0446","0000","서인천월드메르디앙","월세","118.0418","202506","07","4,000","130","6","2006","신석로 71","202507~202707","신규","-","","","아파트"
"44619","인천광역시 서구 당하동","1316-2","1316","0002","검단신도시대성베르힐라프리미어","월세","84.9376","202506","07","5,000","115","21","2022","이음1로 154","-","-","-","","","아파트"
"44620","인천광역시 남동구 서창동","685","0685","0000","이편한세상서창","전세","84.9500","202506","07","34,000","0","21","2017","서창남순환로 9","202507~202707","신규","-","","","아파트"
"44621","인천광역시 남동구 구월동","24","0024","0000","롯데캐슬골드","월세","59.9000","202506","07","1,000","110","20","2007","호구포로 803","202507~202707","갱신","-","2,000","95","아파트"
"44622","인천광역시 남동구 만수동","5-320","0005","0320","아주(5-320)","월세","42.5400","202506","07","700","40","3","1986","만수로105번길 18-6","202507~202707","신규","-","","","아파트"
"44623","인천광역시 남동구 간석동","387","0387","0000","한국(신)","월세","48.5600","202506","07","1,000","40","2","1989","주안로259번길 27","202509~202709","신규","-","","","아파트"
"44624","인천광역시 남동구 간석동","939-1","0939","0001","간석래미안자이","전세","119.3600","202506","07","38,000","0","5","2008","남동대로 860","202508~202708","갱신","사용","38,000","0","아파트"
"44625","인천광역시 남동구 간석동","129-7","0129","0007","유영","월세","64.2318","202506","07","2,000","70","4","2005","남동대로916번길 76","202507~202607","신규","-","","","아파트"
"44626","인천광역시 남동구 간석동","495-5","0495","0005","금호","전세","77.2000","202506","07","21,000","0","11","1987","구월로 73","202506~202706","갱신","사용","20,000","0","아파트"
"44627","인천광역시 남동구 간석동","939-1","0939","0001","간석래미안자이","전세","119.3600","202506","07","38,000","0","5","2008","남동대로 860","202507~202707","갱신","사용","38,000","0","아파트"
"44628","인천광역시 남동구 남촌동","391-3","0391","0003","남촌풍림2차","전세","59.6850","202506","07","18,000","0","15","2000","남촌동로 8","202506~202706","신규","-","","","아파트"
"44629","인천광역시 남동구 만수동","1115-1","1115","0001","포레시안","전세","59.7100","202506","07","29,000","0","4","2011","만수서로 55","202508~202708","신규","-","","","아파트"
"44630","인천광역시 남동구 만수동","983-1","0983","0001","삼환1단지","월세","43.5500","202506","07","1,000","50","3","1989","인주대로 857","202508~202708","신규","-","","","아파트"
"44631","인천광역시 남동구 만수동","5-426","0005","0426","신동아","전세","84.9100","202506","07","17,000","0","5","1990","만수로111번길 38","202506~202706","갱신","-","17,000","0","아파트"
"44632","인천광역시 남동구 만수동","5-326","0005","0326","대동(5-328)","전세","39.3300","202506","07","3,500","0","1","1987","만수로 86","202506~202706","신규","-","","","아파트"
"44633","인천광역시 남동구 구월동","1508","1508","0000","구월유승한내들퍼스티지","전세","124.0369","202506","07","51,000","0","24","2016","선수촌로 75","202508~202708","신규","-","","","아파트"
"44634","인천광역시 강화군 선원면 창리","714","0714","0000","강화서희스타힐스1단지","월세","71.9950","202506","07","2,000","70","23","2024","중앙로 162-31","202506~202706","신규","-","","","아파트"
"44635","인천광역시 서구 불로동","1001","1001","0000","힐스테이트신검단센트럴","월세","84.4775","202506","07","3,000","130","22","2025","고산후로 249","202507~202707","신규","-","","","아파트"
"44636","인천광역시 서구 불로동","803-1","0803","0001","검단대광로제비앙센트럴포레","월세","61.9135","202506","07","2,000","110","14","2022","검단로768번길 46","202506~202706","신규","-","","","아파트"
"44637","인천광역시 서구 불로동","1001","1001","0000","힐스테이트신검단센트럴","월세","84.4775","202506","07","4,000","135","2","2025","고산후로 249","202506~202706","신규","-","","","아파트"
"44638","인천광역시 서구 청라동","116-6","0116","0006","호반베르디움(116-6)","전세","84.9925","202506","07","35,000","0","24","2011","청라라임로 109","202509~202709","신규","-","","","아파트"
"44639","인천광역시 서구 청라동","115-1","0115","0001","청라제일풍경채","전세","115.9895","202506","07","38,000","0","25","2012","청라한울로 95","202507~202707","신규","-","","","아파트"
"44640","인천광역시 서구 청라동","130-2","0130","0002","청라웰카운티1차","월세","84.9792","202506","07","3,000","130","8","2010","청라에메랄드로 156","202507~202707","신규","-","","","아파트"
"44641","인천광역시 서구 청라동","155-17","0155","0017","청라힐스테이트커낼뷰","전세","121.3130","202506","07","43,000","0","10","2012","청라커낼로 297","202507~202707","신규","-","","","아파트"
"44642","인천광역시 서구 청라동","165-2","0165","0002","청라메이루즈 커낼파크뷰","월세","81.0875","202506","07","2,000","121","7","2011","청라라임로 86","202507~202707","갱신","사용","2,000","115","아파트"
"44643","인천광역시 서구 청라동","130-4","0130","0004","호반베르디움앤영무예다음","전세","59.9360","202506","07","22,000","0","24","2011","청라에메랄드로 134","202506~202706","갱신","사용","21,000","0","아파트"
"44644","인천광역시 서구 청라동","102-3","0102","0003","청라동양엔파트","전세","118.8376","202506","07","40,000","0","4","2012","솔빛로 13","202507~202707","갱신","-","35,000","0","아파트"
"44645","인천광역시 서구 청라동","193-1","0193","0001","청라자이","전세","114.9285","202506","07","41,000","0","16","2010","청라에메랄드로 30","202508~202708","신규","-","","","아파트"
"44646","인천광역시 서구 청라동","185-1","0185","0001","힐데스하임","월세","59.9435","202506","07","1,500","125","8","2011","청라라임로 17","202506~202706","신규","-","","","아파트"
"44647","인천광역시 서구 청라동","85-1","0085","0001","청라국제금융단지한양수자인레이크블루","전세","59.7588","202506","07","35,000","0","14","2019","청라한내로 132","202508~202708","신규","-","","","아파트"
"44648","인천광역시 서구 청라동","168-1","0168","0001","호반베르디움","전세","84.8520","202506","07","31,000","0","11","2011","청라에메랄드로76번길 14","202508~202708","신규","-","","","아파트"
"44649","인천광역시 서구 청라동","116-6","0116","0006","호반베르디움(116-6)","전세","84.9589","202506","07","26,250","0","19","2011","청라라임로 109","202507~202707","갱신","사용","25,000","0","아파트"
"44650","인천광역시 서구 청라동","185-1","0185","0001","힐데스하임","월세","59.9435","202506","07","5,000","95","13","2011","청라라임로 17","202507~202707","갱신","-","5,000","80","아파트"
"44651","인천광역시 서구 청라동","154-1","0154","0001","청라더샵레이크파크","전세","106.8930","202506","07","43,000","0","47","2013","크리스탈로74번길 26","202508~202708","갱신","사용","43,000","0","아파트"
"44652","인천광역시 서구 청라동","149-2","0149","0002","청라제일풍경채2차에듀앤파크","전세","84.9930","202506","07","38,000","0","9","2017","청라한울로 96","202508~202708","신규","-","","","아파트"
"44653","인천광역시 서구 청라동","85-1","0085","0001","청라국제금융단지한양수자인레이크블루","전세","84.3477","202506","07","31,500","0","13","2019","청라한내로 132","202507~202707","갱신","사용","30,000","0","아파트"
"44654","인천광역시 서구 청라동","85-1","0085","0001","청라국제금융단지한양수자인레이크블루","전세","59.7588","202506","07","35,000","0","14","2019","청라한내로 132","202508~202708","신규","-","","","아파트"
"44655","인천광역시 서구 원당동","1022","1022","0000","호반써밋1차","월세","72.5409","202506","07","5,000","125","17","2021","이음5로 15","202507~202601","신규","-","","","아파트"
"44656","인천광역시 서구 원당동","1084-1","1084","0001","검단신도시대방디에트르리버파크","월세","84.9968","202506","07","3,000","135","4","2022","이음1로 332","202507~202707","신규","-","","","아파트"
"44657","인천광역시 서구 원당동","987-1","0987","0001","검단신도시디에트르더힐","전세","84.6755","202506","07","29,400","0","6","2022","서로3로 255","202506~202706","갱신","사용","28,000","0","아파트"
"44658","인천광역시 서구 원당동","1063","1063","0000","검단신도시모아엘가그랑데","전세","59.5224","202506","07","28,000","0","16","2023","이음4로 93","-","-","-","","","아파트"
"44659","인천광역시 서구 원당동","1018","1018","0000","검단신도시푸르지오더베뉴","전세","84.9800","202506","07","36,000","0","11","2021","이음6로 33","-","-","-","","","아파트"
"44660","인천광역시 서구 원당동","1063","1063","0000","검단신도시모아엘가그랑데","전세","59.5224","202506","07","28,000","0","16","2023","이음4로 93","202508~202708","신규","-","","","아파트"
"44661","인천광역시 서구 원당동","1024","1024","0000","검단 금호어울림 센트럴","월세","84.5200","202506","07","4,000","150","4","2021","이음5로 65","202507~202607","신규","-","","","아파트"
"44662","인천광역시 서구 원당동","1022","1022","0000","호반써밋1차","월세","84.8917","202506","07","30,100","15","16","2021","이음5로 15","202507~202604","갱신","-","33,100","0","아파트"
"44663","인천광역시 서구 원당동","1022","1022","0000","호반써밋1차","전세","84.8981","202506","07","36,000","0","12","2021","이음5로 15","202507~202707","신규","-","","","아파트"
"44664","인천광역시 서구 원당동","1018","1018","0000","검단신도시푸르지오더베뉴","전세","84.9800","202506","07","36,000","0","11","2021","이음6로 33","202507~202707","신규","-","","","아파트"
"44665","인천광역시 강화군 선원면 창리","714","0714","0000","강화서희스타힐스1단지","월세","84.9495","202506","07","6,000","60","17","2024","중앙로 162-31","202507~202707","신규","-","","","아파트"
"44666","인천광역시 미추홀구 도화동","1002","1002","0000","더샵인천스카이타워2단지","전세","84.9353","202506","07","35,500","0","17","2020","숙골로87번길 5","202507~202707","신규","-","","","아파트"
"44667","인천광역시 중구 운남동","1766-2","1766","0002","영종국제도시화성파크드림2차","전세","75.2689","202506","07","28,000","0","8","2022","은하수로 436","-","-","-","","","아파트"
"44668","인천광역시 중구 운남동","1766-2","1766","0002","영종국제도시화성파크드림2차","전세","75.2689","202506","07","28,000","0","8","2022","은하수로 436","202508~202708","신규","-","","","아파트"
"44669","인천광역시 미추홀구 용현동","610-113","0610","0113","동아","월세","48.9300","202506","07","500","40","5","1989","용오로 82","202506~202706","신규","-","","","아파트"
"44670","인천광역시 중구 신흥동1가","34-8","0034","0008","풍림","전세","84.7650","202506","07","19,000","0","7","1996","인중로 109","202507~202707","신규","-","","","아파트"
"44671","인천광역시 동구 송현동","66-26","0066","0026","동부","전세","84.7480","202506","07","18,000","0","15","1990","화수로 38","-","-","-","","","아파트"
"44672","인천광역시 동구 송현동","66-26","0066","0026","동부","전세","84.7480","202506","07","18,000","0","15","1990","화수로 38","202507~202707","신규","-","","","아파트"
"44673","인천광역시 중구 운서동","3084-1","3084","0001","운서역금강펜테리움","월세","84.8300","202506","07","5,000","120","8","2024","영종대로277번길 47-10","202506~202706","신규","-","","","아파트"
"44674","인천광역시 미추홀구 용현동","664","0664","0000","인천 SK Sky VIEW","전세","59.9934","202506","07","30,000","0","36","2016","용정공원로 33","202508~202708","신규","-","","","아파트"
"44675","인천광역시 동구 화수동","2-7","0002","0007","미륭","전세","49.8300","202506","07","8,000","0","2","1990","화수로 44","202506~202706","신규","-","","","아파트"
"44676","인천광역시 미추홀구 도화동","105-1","0105","0001","태화","전세","64.8550","202506","07","10,000","0","5","1984","석정로 291","202507~202707","신규","-","","","아파트"
"44677","인천광역시 중구 중산동","1881-2","1881","0002","스카이시티자이","전세","98.9545","202506","07","28,350","0","12","2018","하늘별빛로 111","202506~202706","갱신","사용","27,000","0","아파트"
"44678","인천광역시 미추홀구 도화동","132-1","0132","0001","신태양3차","전세","55.9850","202506","07","9,500","0","4","1983","석정로314번길 21","202506~202706","신규","-","","","아파트"
"44679","인천광역시 중구 중산동","1881-2","1881","0002","스카이시티자이","전세","112.9783","202506","07","39,900","0","4","2018","하늘별빛로 111","202506~202706","갱신","-","38,000","0","아파트"
"44680","인천광역시 중구 운서동","3104-1","3104","0001","운서SKVIEWSkycity","전세","77.0014","202506","07","26,000","0","14","2022","흰바위로 203","202508~202708","신규","-","","","아파트"
"44681","인천광역시 미추홀구 용현동","627-12","0627","0012","용현오션뷰경남아너스빌","월세","75.0304","202506","07","2,000","110","33","2023","아암대로 118","202507~202707","신규","-","","","아파트"
"44682","인천광역시 중구 중산동","1911-2","1911","0002","영종국제도시한신더휴스카이파크","월세","59.9384","202506","07","2,000","100","8","2019","은하수로 229","202507~202707","신규","-","","","아파트"
"44683","인천광역시 중구 중산동","1881-1","1881","0001","하늘도시우미린1단지","전세","59.8500","202506","07","20,000","0","24","2012","은하수로 351","202507~202707","신규","-","","","아파트"
"44684","인천광역시 중구 중산동","1911-2","1911","0002","영종국제도시한신더휴스카이파크","월세","59.9026","202506","07","2,000","100","18","2019","은하수로 229","202507~202707","신규","-","","","아파트"
"44685","인천광역시 중구 중산동","1881-2","1881","0002","스카이시티자이","전세","98.9545","202506","07","28,350","0","12","2018","하늘별빛로 111","202506~202706","갱신","사용","27,000","0","아파트"
"44686","인천광역시 미추홀구 용현동","659","0659","0000","인천용현엑슬루타워","월세","93.7485","202506","07","2,000","120","10","2011","아암대로29번길 16","202506~202706","신규","-","","","아파트"
"44687","인천광역시 부평구 부개동","531","0531","0000","e편한세상부평역어반루체","전세","59.9930","202506","07","34,000","0","23","2022","경인로1024번길 21","202508~202708","신규","-","","","아파트"
"44688","인천광역시 남동구 논현동","755-4","0755","0004","에코메트로12","전세","84.9970","202506","07","34,000","0","23","2009","논고개로 10","202508~202708","신규","-","","","아파트"
"44689","인천광역시 남동구 논현동","774-1","0774","0001","에코메트로11","월세","84.9930","202506","07","3,000","140","17","2009","논고개로 17","202506~202706","신규","-","","","아파트"
"44690","인천광역시 남동구 논현동","577","0577","0000","풍림","전세","85.0000","202506","07","25,000","0","4","2000","청능대로718번길 7","202507~202707","신규","-","","","아파트"
"44691","인천광역시 남동구 논현동","600-9","0600","0009","주공13단지(푸르내마을)","월세","51.8600","202506","07","5,000","60","13","2006","포구로 98","202507~202607","신규","-","","","아파트"
"44692","인천광역시 남동구 논현동","600-9","0600","0009","주공13단지(푸르내마을)","전세","51.8600","202506","07","20,800","0","6","2006","포구로 98","202508~202708","갱신","사용","19,840","0","아파트"
"44693","인천광역시 부평구 갈산동","361-3","0361","0003","대동2","전세","45.0000","202506","07","16,700","0","7","1993","주부토로 201","202506~202706","갱신","-","16,200","0","아파트"
"44694","인천광역시 부평구 십정동","642","0642","0000","힐스테이트부평","전세","59.9900","202506","07","24,000","0","22","2023","경원대로 1192","202508~202708","갱신","사용","23,000","0","아파트"
"44695","인천광역시 부평구 십정동","187-22","0187","0022","동보","월세","24.4800","202506","07","1,000","30","6","1998","상정로 11","202507~202707","신규","-","","","아파트"
"44696","인천광역시 부평구 십정동","629","0629","0000","서희스타힐스부평센트럴","전세","59.9376","202506","07","25,000","0","13","2021","상정로 41","202508~202708","신규","-","","","아파트"
"44697","인천광역시 부평구 부평동","70-5","0070","0005","동아(1차)","전세","52.4300","202506","07","19,500","0","14","1988","부평문화로 37","202508~202708","신규","-","","","아파트"
"44698","인천광역시 부평구 부평동","70-5","0070","0005","동아(1차)","전세","52.4300","202506","07","19,000","0","11","1986","부평문화로 37","202508~202708","신규","-","","","아파트"
"44699","인천광역시 남동구 논현동","749-1","0749","0001","논현센트럴뷰","전세","59.8400","202506","07","31,500","0","7","2014","논고개로68번길 34","202507~202707","신규","-","","","아파트"
"44700","인천광역시 부평구 부평동","70-5","0070","0005","동아(1차)","전세","84.8700","202506","07","25,200","0","4","1987","부평문화로 37","202506~202706","갱신","사용","24,000","0","아파트"
"44701","인천광역시 부평구 부평동","64-20","0064","0020","대림1차","전세","50.1550","202506","07","18,000","0","11","1989","부영로 196","202507~202707","신규","-","","","아파트"
"44702","인천광역시 부평구 부평동","1017","1017","0000","부평역해링턴플레이스","월세","84.9680","202506","07","3,000","165","2","2024","동수로 36","202506~202706","신규","-","","","아파트"
"44703","인천광역시 부평구 부평동","560-2","0560","0002","웰링턴","월세","56.9300","202506","07","1,000","89","3","2019","대정로 93","202507~202607","신규","-","","","아파트"
"44704","인천광역시 부평구 부평동","70-5","0070","0005","동아(1차)","전세","84.8700","202506","07","22,000","0","11","1986","부평문화로 37","202508~202708","갱신","-","22,000","0","아파트"
"44705","인천광역시 부평구 산곡동","38-26","0038","0026","진흥","월세","46.2600","202506","07","500","55","4","1988","산청로 40","202506~202702","신규","-","","","아파트"
"44706","인천광역시 부평구 청천동","199-24","0199","0024","미가로","전세","84.9644","202506","07","26,000","0","5","2006","길주로 491","202507~202707","신규","-","","","아파트"
"44707","인천광역시 연수구 연수동","582-2","0582","0002","승기마을,연수1차시영","월세","44.2200","202506","07","3,000","33","7","1992","원인재로 212","202506~202706","갱신","-","3,000","33","아파트"
"44708","인천광역시 연수구 연수동","582-2","0582","0002","솔밭마을아파트","월세","49.5600","202506","07","1,000","70","1","1993","원인재로 232","202507~202707","신규","-","","","아파트"
"44709","인천광역시 연수구 연수동","578-1","0578","0001","세경","월세","51.7500","202506","07","2,000","70","6","1997","새말로 134","202507~202707","신규","-","","","아파트"
"44710","인천광역시 연수구 연수동","582-2","0582","0002","승기마을,연수1차시영","월세","26.8200","202506","07","500","43","9","1992","원인재로 212","202506~202706","신규","-","","","아파트"
"44711","인천광역시 연수구 연수동","582-2","0582","0002","솔밭마을아파트","전세","49.5600","202506","07","17,000","0","15","1993","원인재로 232","202508~202708","신규","-","","","아파트"
"44712","인천광역시 미추홀구 주안동","1628","1628","0000","주안역센트레빌","전세","47.9558","202506","07","26,000","0","3","2021","염전로 414","202509~202609","갱신","사용","26,000","0","아파트"
"44713","인천광역시 미추홀구 주안동","1662","1662","0000","주안파크자이더플래티넘","전세","36.8110","202506","07","16,800","0","9","2023","인하로222번길 20","202507~202707","갱신","사용","16,000","0","아파트"
"44714","인천광역시 미추홀구 주안동","229-7","0229","0007","성우아파트","월세","49.7050","202506","07","2,000","70","7","2015","미추홀대로733번길 30","202506~202606","신규","-","","","아파트"
"44715","인천광역시 미추홀구 주안동","1628","1628","0000","주안역센트레빌","전세","59.9813","202506","07","29,000","0","14","2021","염전로 414","202509~202709","갱신","-","25,000","0","아파트"
"44716","인천광역시 미추홀구 주안동","1614","1614","0000","월드스테이트(101~111,124~132)","전세","59.9960","202506","07","27,000","0","11","2008","경원대로 884","202507~202707","갱신","-","15,000","20","아파트"
"44717","인천광역시 미추홀구 주안동","1678","1678","0000","힐스테이트푸르지오주안","월세","84.9400","202506","07","4,000","140","24","2023","남주길 150","202508~202708","신규","-","","","아파트"
"44718","인천광역시 미추홀구 주안동","1628","1628","0000","주안역센트레빌","월세","59.9698","202506","07","10,000","60","24","2021","염전로 414","202507~202707","신규","-","","","아파트"
"44719","인천광역시 연수구 청학동","451","0451","0000","시대","전세","35.7430","202506","07","11,000","0","1","1994","용담로 3","202507~202707","신규","-","","","아파트"
"44720","인천광역시 연수구 청학동","451","0451","0000","시대","월세","35.7430","202506","07","1,000","50","8","1994","용담로 3","202506~202606","갱신","-","1,000","45","아파트"
"44721","인천광역시 연수구 옥련동","641-1","0641","0001","태평","월세","84.7400","202506","07","11,000","60","13","1997","한나루로193번길 16","202507~202707","신규","-","","","아파트"
"44722","인천광역시 연수구 옥련동","641-1","0641","0001","태평","월세","84.7400","202506","07","11,000","60","13","1997","한나루로193번길 16","202507~202707","신규","-","","","아파트"
"44723","인천광역시 연수구 옥련동","626","0626","0000","럭키송도","전세","84.7650","202506","07","20,500","0","13","1993","능허대로79번길 30","202506~202702","갱신","사용","20,000","0","아파트"
"44724","인천광역시 연수구 송도동","16-6","0016","0006","더샵엑스포9단지","전세","126.4763","202506","07","65,000","0","9","2009","컨벤시아대로42번길 77","202507~202707","갱신","사용","65,000","0","아파트"
"44725","인천광역시 연수구 송도동","191-2","0191","0002","송도글로벌파크베르디움","전세","74.9533","202506","07","35,000","0","9","2017","송도문화로28번길 27","202507~202703","갱신","사용","35,000","0","아파트"
"44726","인천광역시 연수구 송도동","105-2","0105","0002","더샵송도센터니얼","전세","84.9800","202506","07","44,000","0","37","2023","컨벤시아대로274번길 62","202507~202707","갱신","사용","42,000","0","아파트"
"44727","인천광역시 연수구 송도동","30-5","0030","0005","더샵송도아크베이","전세","84.8100","202506","07","40,000","0","40","2025","워터프런트로 150","202508~202708","신규","-","","","아파트"
"44728","인천광역시 연수구 송도동","19-5","0019","0005","송도푸르지오하버뷰","전세","127.1238","202506","07","57,000","0","8","2011","컨벤시아대로130번길 80","202506~202706","신규","-","","","아파트"
"44729","인천광역시 연수구 송도동","18-7","0018","0007","송도더샵하버뷰(D15)","전세","84.8786","202506","07","45,000","0","4","2012","아트센터대로97번길 56","202507~202707","신규","-","","","아파트"
"44730","인천광역시 연수구 송도동","312-1","0312","0001","호반써밋송도","전세","84.7005","202506","07","36,000","0","14","2023","랜드마크로 20","202509~202709","신규","-","","","아파트"
"44731","인천광역시 연수구 송도동","155","0155","0000","송도아메리칸타운아이파크","월세","64.1680","202506","07","2,000","160","30","2018","송도과학로27번길 15","202508~202708","신규","-","","","아파트"
"44732","인천광역시 연수구 송도동","30-5","0030","0005","더샵송도아크베이","전세","98.0600","202506","07","54,500","0","28","2025","워터프런트로 150","202506~202706","신규","-","","","아파트"
"44733","인천광역시 연수구 송도동","17-5","0017","0005","송도더샵하버뷰(D13)","월세","118.4590","202506","07","40,000","150","3","2011","아트센터대로97번길 75","202508~202708","신규","-","","","아파트"
"44734","인천광역시 연수구 송도동","111","0111","0000","송도더샵마스터뷰22BL","전세","84.9200","202506","07","37,000","0","7","2015","컨벤시아대로274번길 35","202508~202708","신규","-","","","아파트"
"44735","인천광역시 연수구 송도동","10-30","0010","0030","송도SK뷰센트럴","월세","84.7854","202506","07","3,000","170","6","2020","하모니로188번길 17","202507~202707","신규","-","","","아파트"
"44736","인천광역시 연수구 송도동","103","0103","0000","송도더샵파크애비뉴","전세","95.1800","202506","07","52,500","0","6","2018","컨벤시아대로252번길 10","202508~202708","신규","-","","","아파트"
"44737","인천광역시 연수구 송도동","103","0103","0000","송도더샵파크애비뉴","전세","95.1800","202506","07","52,500","0","6","2018","컨벤시아대로252번길 10","202508~202708","신규","-","","","아파트"
"44738","인천광역시 연수구 송도동","192-8","0192","0008","베르디움더퍼스트","전세","63.9487","202506","07","34,000","0","17","2017","송도문화로84번길 84","202508~202708","신규","-","","","아파트"
"44739","인천광역시 연수구 송도동","149","0149","0000","롯데캐슬캠퍼스타운","전세","59.8604","202506","07","33,000","0","34","2016","송도과학로27번길 55","202508~202708","신규","-","","","아파트"
"44740","인천광역시 연수구 송도동","16-4","0016","0004","더샵엑스포10단지","전세","115.0662","202506","07","53,000","0","19","2009","컨벤시아대로42번길 95","202508~202708","신규","-","","","아파트"
"44741","인천광역시 연수구 송도동","311","0311","0000","랜드마크시티센트럴더샵","전세","95.8548","202506","07","39,000","0","27","2020","랜드마크로 68","202507~202707","신규","-","","","아파트"
"44742","인천광역시 연수구 송도동","308-1","0308","0001","더샵송도마리나베이","전세","84.7583","202506","07","30,000","0","24","2020","랜드마크로 160","202507~202707","신규","-","","","아파트"
"44743","인천광역시 연수구 송도동","100","0100","0000","송도더샵퍼스트파크F13-1BL","전세","84.9000","202506","07","44,000","0","40","2017","컨벤시아대로252번길 70","202509~202709","신규","-","","","아파트"
"44744","인천광역시 연수구 송도동","17-3","0017","0003","더샵그린워크2차","월세","84.3408","202506","07","5,000","189","29","2014","아트센터대로97번길 15","202506~202706","갱신","사용","5,000","180","아파트"
"44745","인천광역시 연수구 송도동","9-5","0009","0005","송도웰카운티4단지","전세","101.2600","202506","07","51,000","0","6","2010","해송로30번길 20","202507~202707","신규","-","","","아파트"
"44746","인천광역시 연수구 송도동","9-31","0009","0031","송도웰카운티1단지","월세","119.9100","202506","07","12,000","150","10","2008","해송로 143","202509~202708","신규","-","","","아파트"
"44747","인천광역시 연수구 동춘동","932","0932","0000","한양2","전세","68.3600","202506","07","17,000","0","5","1994","원인재로 59","202506~202706","갱신","사용","16,500","0","아파트"
"44748","인천광역시 연수구 동춘동","932","0932","0000","한양2","전세","84.9700","202506","07","23,000","0","2","1994","원인재로 59","202507~202707","신규","-","","","아파트"
"44749","인천광역시 연수구 동춘동","921","0921","0000","동춘마을","전세","59.3600","202506","07","15,000","0","5","1994","먼우금로 123","202507~202707","신규","-","","","아파트"
"44750","인천광역시 연수구 동춘동","923","0923","0000","연수타운(금호,동아)","전세","94.7700","202506","07","25,500","0","2","1993","청능대로 124","202506~202706","갱신","사용","24,500","0","아파트"
"44751","인천광역시 연수구 동춘동","929","0929","0000","풍림2","월세","45.3600","202506","07","12,200","25","2","1993","경원대로119번길 21","202506~202706","갱신","-","12,200","0","아파트"
"44752","인천광역시 연수구 동춘동","929","0929","0000","풍림2","전세","84.2200","202506","07","25,000","0","1","1993","경원대로119번길 21","202507~202707","신규","-","","","아파트"
"44753","인천광역시 연수구 동춘동","924-3","0924","0003","자이(xi)","전세","95.5500","202506","07","30,000","0","6","1993","원인재로 81","202507~202707","신규","-","","","아파트"
"44754","인천광역시 연수구 동춘동","917","0917","0000","롯데","전세","99.9100","202506","07","23,500","0","4","1993","먼우금로161번길 12","202509~202709","신규","-","","","아파트"
"44755","인천광역시 연수구 동춘동","932","0932","0000","한양2","전세","68.3600","202506","07","20,000","0","1","1994","원인재로 59","202508~202708","신규","-","","","아파트"
"44756","인천광역시 연수구 송도동","9-29","0009","0029","송도웰카운티2단지","월세","134.9900","202506","06","10,000","180","1","2007","해송로 70","202508~202708","신규","-","","","아파트"
"44757","인천광역시 연수구 옥련동","626","0626","0000","럭키송도","월세","101.4900","202506","06","2,000","125","8","1993","능허대로79번길 30","202507~202603","갱신","사용","2,000","125","아파트"
"44758","인천광역시 연수구 옥련동","643-2","0643","0002","풍림","전세","44.4000","202506","06","14,500","0","3","1998","비류대로186번길 20","-","-","-","","","아파트"
"44759","인천광역시 연수구 연수동","582-2","0582","0002","솔밭마을아파트","월세","49.5600","202506","06","1,000","60","9","1993","원인재로 232","202507~202707","신규","-","","","아파트"
"44760","인천광역시 연수구 송도동","308-1","0308","0001","더샵송도마리나베이","월세","74.9894","202506","06","3,000","135","13","2020","랜드마크로 160","202506~202706","신규","-","","","아파트"
"44761","인천광역시 연수구 송도동","3-10","0003","0010","송도풍림아이원2단지","월세","84.9400","202506","06","4,000","155","21","2005","해돋이로120번길 16","202508~202708","신규","-","","","아파트"
"44762","인천광역시 연수구 송도동","308-1","0308","0001","더샵송도마리나베이","전세","84.9738","202506","06","43,000","0","19","2020","랜드마크로 160","202508~202708","신규","-","","","아파트"
"44763","인천광역시 연수구 연수동","532","0532","0000","경남","전세","70.2800","202506","06","19,500","0","3","1993","원인재로 312","202506~202706","갱신","사용","19,500","0","아파트"
"44764","인천광역시 연수구 송도동","109","0109","0000","더샵송도프라임뷰20BL","전세","84.9700","202506","06","45,000","0","10","2022","인천타워대로231번길 97","202508~202708","신규","-","","","아파트"
"44765","인천광역시 연수구 송도동","319-1","0319","0001","e편한세상송도","전세","70.3826","202506","06","26,250","0","9","2018","랜드마크로 113","202507~202707","갱신","사용","25,000","0","아파트"
"44766","인천광역시 연수구 송도동","155-1","0155","0001","송도아메리칸타운더샵","전세","84.8680","202506","06","42,000","0","19","2025","송도과학로27번길 27","202507~202707","신규","-","","","아파트"
"44767","인천광역시 연수구 송도동","2-7","0002","0007","송도풍림아이원1단지","전세","114.7008","202506","06","41,000","0","17","2005","신송로118번길 6","202509~202709","갱신","사용","40,000","0","아파트"
"44768","인천광역시 연수구 송도동","102","0102","0000","송도더샵퍼스트파크F15BL","전세","59.8900","202506","06","30,290","0","12","2017","컨벤시아대로252번길 30","202506~202706","갱신","-","28,850","0","아파트"
"44769","인천광역시 연수구 송도동","17-5","0017","0005","송도더샵하버뷰(D13)","전세","84.9280","202506","06","45,000","0","4","2011","아트센터대로97번길 75","202508~202708","신규","-","","","아파트"
"44770","인천광역시 연수구 송도동","102","0102","0000","송도더샵퍼스트파크F15BL","전세","59.9800","202506","06","36,500","0","13","2017","컨벤시아대로252번길 30","202507~202707","신규","-","","","아파트"
"44771","인천광역시 연수구 송도동","396-11","0396","0011","송도자이더스타","월세","84.9964","202506","06","5,000","180","27","2024","아카데미로343번길 63","202508~202509","신규","-","","","아파트"
"44772","인천광역시 연수구 연수동","578-2","0578","0002","주공3","월세","44.6600","202506","06","1,000","60","8","1993","새말로 154","202506~202706","신규","-","","","아파트"
"44773","인천광역시 연수구 연수동","532","0532","0000","대림","월세","62.4820","202506","06","2,000","90","5","1993","원인재로 300","202506~202706","신규","-","","","아파트"
"44774","인천광역시 연수구 연수동","582-2","0582","0002","솔밭마을아파트","전세","49.5600","202506","06","16,000","0","13","1993","원인재로 232","202507~202707","신규","-","","","아파트"
"44775","인천광역시 연수구 연수동","582","0582","0000","풍림1","전세","84.9600","202506","06","25,000","0","13","1992","함박뫼로 250","202509~202709","신규","-","","","아파트"
"44776","인천광역시 연수구 연수동","635","0635","0000","우성1","전세","101.9700","202506","06","31,000","0","2","1994","청능대로 175","202507~202707","갱신","-","29,000","0","아파트"
"44777","인천광역시 연수구 송도동","396-11","0396","0011","송도자이더스타","월세","84.9964","202506","06","5,000","180","27","2024","아카데미로343번길 63","202508~202509","신규","-","","","아파트"
"44778","인천광역시 연수구 송도동","396-1","0396","0001","송도LuxeOceanSKVIEW","월세","84.9833","202506","06","3,000","150","12","2025","랜드마크로 350","202506~202706","신규","-","","","아파트"
"44779","인천광역시 연수구 송도동","396-11","0396","0011","송도자이더스타","전세","84.9964","202506","06","39,000","0","9","2024","아카데미로343번길 63","202507~202707","신규","-","","","아파트"
"44780","인천광역시 연수구 송도동","319-1","0319","0001","e편한세상송도","전세","70.5618","202506","06","30,000","0","31","2018","랜드마크로 113","-","-","-","","","아파트"
"44781","인천광역시 연수구 송도동","192-8","0192","0008","베르디움더퍼스트","월세","63.9029","202506","06","26,000","6","2","2017","송도문화로84번길 84","202506~202706","갱신","사용","26,000","0","아파트"
"44782","인천광역시 연수구 송도동","157","0157","0000","해모로월드뷰","월세","84.9778","202506","06","5,000","158","12","2012","송도과학로27번길 30","202508~202708","갱신","사용","5,000","150","아파트"
"44783","인천광역시 연수구 동춘동","1131","1131","0000","연수서해그랑블에듀파크","월세","84.8960","202506","06","3,000","150","6","2024","봉재산로 10","202507~202707","신규","-","","","아파트"
"44784","인천광역시 연수구 동춘동","924","0924","0000","현대","전세","133.8080","202506","06","35,000","0","6","1993","먼우금로 126","202506~202706","갱신","-","45,000","0","아파트"
"44785","인천광역시 미추홀구 주안동","1662","1662","0000","주안파크자이더플래티넘","전세","36.8110","202506","06","19,500","0","14","2023","인하로222번길 20","202507~202707","신규","-","","","아파트"
"44786","인천광역시 미추홀구 주안동","1606","1606","0000","진흥","월세","59.9700","202506","06","2,000","70","16","1995","인하로298번길 33","202506~202706","신규","-","","","아파트"
"44787","인천광역시 미추홀구 주안동","1678","1678","0000","힐스테이트푸르지오주안","전세","59.9600","202506","06","26,000","0","25","2023","남주길 150","202507~202707","갱신","-","19,000","0","아파트"
"44788","인천광역시 미추홀구 주안동","1678","1678","0000","힐스테이트푸르지오주안","전세","59.7200","202506","06","21,000","0","7","2023","남주길 150","202507~202707","갱신","사용","20,000","0","아파트"
"44789","인천광역시 미추홀구 주안동","1628","1628","0000","주안역센트레빌","전세","59.9712","202506","06","23,100","0","21","2021","염전로 414","202508~202708","갱신","사용","22,000","0","아파트"
"44790","인천광역시 미추홀구 주안동","1606","1606","0000","진흥","월세","59.9700","202506","06","2,000","70","16","1995","인하로298번길 33","202506~202706","신규","-","","","아파트"
"44791","인천광역시 연수구 송도동","319-1","0319","0001","e편한세상송도","전세","70.5618","202506","06","30,000","0","31","2018","랜드마크로 113","202507~202707","신규","-","","","아파트"
"44792","인천광역시 연수구 송도동","319-1","0319","0001","e편한세상송도","전세","70.5618","202506","06","27,000","0","7","2018","랜드마크로 113","202506~202706","갱신","-","25,000","0","아파트"
"44793","인천광역시 연수구 송도동","191-2","0191","0002","송도글로벌파크베르디움","전세","74.9533","202506","06","45,000","0","13","2017","송도문화로28번길 27","202508~202708","신규","-","","","아파트"
"44794","인천광역시 미추홀구 주안동","1556-59","1556","0059","캐슬앤더샵","월세","59.9789","202506","06","3,000","110","5","2022","경원대로780번길 22","202506~202706","신규","-","","","아파트"
"44795","인천광역시 연수구 동춘동","932","0932","0000","한양2","전세","84.9700","202506","06","27,000","0","4","1994","원인재로 59","202506~202706","갱신","사용","27,000","0","아파트"
"44796","인천광역시 미추홀구 주안동","1614","1614","0000","월드스테이트(201~205)","전세","84.9750","202506","06","29,400","0","15","2008","경원대로864번길 114","202507~202707","갱신","사용","28,000","0","아파트"
"44797","인천광역시 연수구 송도동","190-4","0190","0004","송도더샵센트럴시티","전세","72.9900","202506","06","31,500","0","37","2018","송도국제대로 261","202506~202706","갱신","사용","30,000","0","아파트"
"44798","인천광역시 미추홀구 주안동","1678","1678","0000","힐스테이트푸르지오주안","전세","39.9500","202506","06","23,000","0","15","2023","남주길 150","202507~202707","신규","-","","","아파트"
"44799","인천광역시 연수구 송도동","190-4","0190","0004","송도더샵센트럴시티","월세","72.9900","202506","06","2,500","155","31","2018","송도국제대로 261","202508~202707","신규","-","","","아파트"
"44800","인천광역시 연수구 송도동","103","0103","0000","송도더샵파크애비뉴","월세","68.6400","202506","06","4,000","150","6","2018","컨벤시아대로252번길 10","202508~202708","신규","-","","","아파트"
"44801","인천광역시 연수구 청학동","451","0451","0000","시대","월세","49.5850","202506","06","1,000","70","13","1994","용담로 3","202506~202706","신규","-","","","아파트"
"44802","인천광역시 연수구 연수동","634","0634","0000","우성2","전세","59.5900","202506","06","22,000","0","19","1995","원인재로 180","202507~202707","신규","-","","","아파트"
"44803","인천광역시 연수구 연수동","582-2","0582","0002","승기마을,연수1차시영","월세","26.8200","202506","06","300","40","10","1992","원인재로 212","202506~202706","신규","-","","","아파트"
"44804","인천광역시 연수구 송도동","308-1","0308","0001","더샵송도마리나베이","월세","84.9766","202506","06","5,000","147","5","2020","랜드마크로 160","202507~202707","갱신","사용","5,000","140","아파트"
"44805","인천광역시 연수구 송도동","102","0102","0000","송도더샵퍼스트파크F15BL","전세","59.9800","202506","06","36,500","0","13","2017","컨벤시아대로252번길 30","202507~202707","신규","-","","","아파트"
"44806","인천광역시 연수구 동춘동","929","0929","0000","풍림2","전세","45.3600","202506","06","18,300","0","7","1993","경원대로119번길 21","202507~202707","신규","-","","","아파트"
"44807","인천광역시 연수구 동춘동","929","0929","0000","풍림2","월세","45.3600","202506","06","1,500","70","10","1993","경원대로119번길 21","202507~202707","신규","-","","","아파트"
"44808","인천광역시 연수구 동춘동","929","0929","0000","풍림2","전세","45.3600","202506","06","18,300","0","7","1993","경원대로119번길 21","202507~202707","신규","-","","","아파트"
"44809","인천광역시 연수구 송도동","23-5","0023","0005","송도센트럴파크푸르지오","전세","143.6803","202506","06","99,750","0","32","2015","센트럴로 160","202509~202709","갱신","사용","95,000","0","아파트"
"44810","인천광역시 연수구 송도동","17-3","0017","0003","더샵그린워크2차","월세","84.9859","202506","06","5,000","210","24","2014","아트센터대로97번길 15","202507~202607","신규","-","","","아파트"
"44811","인천광역시 강화군 선원면 창리","709","0709","0000","강화서희스타힐스2단지","전세","59.9570","202506","06","15,000","0","2","2024","중앙로 162-57","202507~202707","신규","-","","","아파트"
"44812","인천광역시 강화군 선원면 창리","714","0714","0000","강화서희스타힐스1단지","월세","71.9950","202506","06","2,500","70","7","2024","중앙로 162-31","202506~202706","신규","-","","","아파트"
"44813","인천광역시 강화군 선원면 창리","714","0714","0000","강화서희스타힐스1단지","전세","71.9950","202506","06","19,000","0","15","2024","중앙로 162-31","202507~202707","신규","-","","","아파트"
"44814","인천광역시 강화군 선원면 창리","714","0714","0000","강화서희스타힐스1단지","전세","71.9950","202506","06","19,000","0","4","2024","중앙로 162-31","202506~202706","신규","-","","","아파트"
"44815","인천광역시 강화군 선원면 창리","714","0714","0000","강화서희스타힐스1단지","월세","59.9570","202506","06","2,000","60","20","2024","중앙로 162-31","202507~202707","신규","-","","","아파트"
"44816","인천광역시 강화군 선원면 창리","714","0714","0000","강화서희스타힐스1단지","월세","59.9570","202506","06","2,000","60","11","2024","중앙로 162-31","202508~202708","신규","-","","","아파트"
"44817","인천광역시 서구 원당동","1024","1024","0000","검단 금호어울림 센트럴","전세","74.8400","202506","06","31,500","0","5","2021","이음5로 65","202507~202707","갱신","사용","30,000","0","아파트"
"44818","인천광역시 서구 원당동","1063","1063","0000","검단신도시모아엘가그랑데","월세","59.6074","202506","06","2,100","100","14","2023","이음4로 93","202508~202708","갱신","사용","2,000","95","아파트"
"44819","인천광역시 서구 원당동","1024","1024","0000","검단 금호어울림 센트럴","월세","84.5200","202506","06","5,000","140","17","2021","이음5로 65","202508~202608","신규","-","","","아파트"
"44820","인천광역시 서구 원당동","1063","1063","0000","검단신도시모아엘가그랑데","월세","59.5224","202506","06","3,000","120","12","2023","이음4로 93","202507~202707","신규","-","","","아파트"
"44821","인천광역시 서구 청라동","83-1","0083","0001","청라국제업무단지센텀대광로제비앙","전세","82.9117","202506","06","29,000","0","13","2018","비즈니스로 166","202507~202707","갱신","사용","29,000","0","아파트"
"44822","인천광역시 서구 청라동","85-1","0085","0001","청라국제금융단지한양수자인레이크블루","전세","84.3477","202506","06","42,000","0","10","2019","청라한내로 132","202508~202708","신규","-","","","아파트"
"44823","인천광역시 서구 청라동","103-27","0103","0027","청라힐스테이트","전세","84.9770","202506","06","10,000","0","2","2012","청라한내로 7","202506~202706","신규","-","","","아파트"
"44824","인천광역시 서구 청라동","149-2","0149","0002","청라제일풍경채2차에듀앤파크","전세","84.8460","202506","06","36,750","0","14","2017","청라한울로 96","202507~202707","갱신","사용","35,000","0","아파트"
"44825","인천광역시 서구 청라동","165-2","0165","0002","청라메이루즈 커낼파크뷰","전세","82.3866","202506","06","25,200","0","7","2011","청라라임로 86","202507~202707","갱신","사용","24,000","0","아파트"
"44826","인천광역시 서구 청라동","173-1","0173","0001","청라29블럭호반베르디움","전세","84.9289","202506","06","36,750","0","30","2012","청라커낼로 163","202506~202706","갱신","사용","35,000","0","아파트"
"44827","인천광역시 서구 청라동","173-1","0173","0001","청라29블럭호반베르디움","전세","84.9482","202506","06","27,825","0","9","2012","청라커낼로 163","202507~202707","갱신","사용","26,500","0","아파트"
"44828","인천광역시 서구 청라동","103-15","0103","0015","청라호수공원한신더휴","전세","84.9613","202506","06","38,500","0","12","2020","청라한내로 40","202507~202707","신규","-","","","아파트"
"44829","인천광역시 서구 청라동","85-1","0085","0001","청라국제금융단지한양수자인레이크블루","전세","84.3477","202506","06","42,000","0","10","2019","청라한내로 132","-","-","-","","","아파트"
"44830","인천광역시 서구 청라동","102-3","0102","0003","청라동양엔파트","전세","118.8352","202506","06","39,000","0","28","2012","솔빛로 13","202508~202708","신규","-","","","아파트"
"44831","인천광역시 서구 청라동","116-6","0116","0006","호반베르디움(116-6)","전세","84.9589","202506","06","30,000","0","13","2011","청라라임로 109","202506~202703","신규","-","","","아파트"
"44832","인천광역시 서구 청라동","168-1","0168","0001","호반베르디움","전세","84.8385","202506","06","29,400","0","18","2011","청라에메랄드로76번길 14","202507~202707","갱신","사용","28,000","0","아파트"
"44833","인천광역시 서구 청라동","107-1","0107","0001","청라한라비발디","전세","133.8597","202506","06","47,000","0","18","2011","청라한울로 17","202506~202706","갱신","-","42,000","0","아파트"
"44834","인천광역시 서구 청라동","83-1","0083","0001","청라국제업무단지센텀대광로제비앙","월세","82.9117","202506","06","2,000","162","11","2018","비즈니스로 166","202506~202706","신규","-","","","아파트"
"44835","인천광역시 서구 청라동","155-12","0155","0012","NPART","전세","117.9017","202506","06","37,000","0","6","2011","청라커낼로 249","202506~202702","갱신","-","32,000","50","아파트"
"44836","인천광역시 서구 청라동","107-1","0107","0001","청라한라비발디","전세","101.7327","202506","06","40,000","0","11","2011","청라한울로 17","202507~202707","신규","-","","","아파트"
"44837","인천광역시 서구 불로동","864","0864","0000","힐스테이트검단포레스트","월세","84.8616","202506","06","3,000","110","7","2024","용해로 20","202506~202706","신규","-","","","아파트"
"44838","인천광역시 서구 오류동","1719-1","1719","0001","오류풍림아이원","월세","84.9800","202506","06","1,000","100","7","2011","봉화로 78","202506~202706","신규","-","","","아파트"
"44839","인천광역시 서구 오류동","1719-4","1719","0004","왕길역아테라","월세","59.9230","202506","06","2,000","100","15","2025","봉화로 60-11","202507~202707","신규","-","","","아파트"
"44840","인천광역시 서구 당하동","1314","1314","0000","검단신안인스빌어반퍼스트","월세","84.7322","202506","06","2,000","125","22","2022","이음1로 173","202506~202706","신규","-","","","아파트"
"44841","인천광역시 부평구 일신동","410","0410","0000","일신주공아파트(100~112동)","전세","59.9700","202506","06","20,000","0","12","1995","항동로75번길 11","202507~202607","갱신","사용","20,000","0","아파트"
"44842","인천광역시 서구 검암동","628","0628","0000","삼보해피하임4","전세","71.6238","202506","06","28,000","0","15","2003","승학로 457","202508~202708","신규","-","","","아파트"
"44843","인천광역시 서구 가정동","597-1","0597","0001","루원더퍼스트","전세","59.9600","202506","06","30,000","0","11","2019","봉오재2로 13","202508~202708","신규","-","","","아파트"
"44844","인천광역시 서구 검암동","595-3","0595","0003","서해그랑블","월세","84.9634","202506","06","2,000","120","13","2003","승학로495번길 7","202507~202707","갱신","사용","2,000","120","아파트"
"44845","인천광역시 서구 석남동","208-1","0208","0001","동남","월세","42.2100","202506","06","500","40","1","1989","새오개로 19","202506~202706","신규","-","","","아파트"
"44846","인천광역시 서구 석남동","208-1","0208","0001","동남","월세","42.2100","202506","06","500","40","1","1989","새오개로 19","202506~202706","신규","-","","","아파트"
"44847","인천광역시 서구 석남동","208-1","0208","0001","동남","월세","42.2100","202506","06","500","40","1","1989","새오개로 19","202506~202706","신규","-","","","아파트"
"44848","인천광역시 계양구 작전동","382-1","0382","0001","한신","전세","84.9700","202506","06","22,000","0","4","1991","효서로 284","202508~202708","신규","-","","","아파트"
"44849","인천광역시 서구 당하동","1318-8","1318","0008","검단신도시모아미래도엘리트파크","월세","84.9395","202506","06","1,000","145","25","2022","서로3로 50","202506~202606","신규","-","","","아파트"
"44850","인천광역시 계양구 작전동","953","0953","0000","힐스테이트자이계양","전세","59.8600","202506","06","38,000","0","31","2024","봉오대로651번길 9","202508~202708","신규","-","","","아파트"
"44851","인천광역시 계양구 효성동","677","0677","0000","e편한세상 계양 더프리미어","전세","84.9299","202506","06","45,000","0","18","2021","효서로 145","202507~202707","신규","-","","","아파트"
"44852","인천광역시 서구 백석동","가-","0000","0000","검암역로열파크씨티푸르지오2단지","전세","84.9785","202506","06","43,500","0","12","2023","한들로 73","202508~202708","신규","-","","","아파트"
"44853","인천광역시 서구 경서동","994","0994","0000","인천경서아시아드대광로제비앙","전세","84.0741","202506","06","33,000","0","11","2017","모월곶로 41","202507~202707","신규","-","","","아파트"
"44854","인천광역시 계양구 작전동","140-2","0140","0002","신진","월세","40.6600","202506","06","500","45","3","1987","봉오대로744번길 17","202506~202706","신규","-","","","아파트"
"44855","인천광역시 계양구 계산동","342-1","0342","0001","삼보1","월세","49.5900","202506","06","500","50","6","1987","주부토로 528","202506~202706","신규","-","","","아파트"
"44856","인천광역시 계양구 계산동","36","0036","0000","태산","월세","45.3000","202506","06","1,000","45","5","1990","계산새로33번길 26","202507~202707","신규","-","","","아파트"
"44857","인천광역시 계양구 계산동","899","0899","0000","극동","전세","52.4500","202506","06","13,000","0","4","1988","하느재로19번길 8","202507~202707","신규","-","","","아파트"
"44858","인천광역시 서구 당하동","1099-2","1099","0002","당하푸르지오","월세","84.9430","202506","06","2,000","100","1","2005","청마로 170","202506~202706","신규","-","","","아파트"
"44859","인천광역시 서구 신현동","304-1","0304","0001","루원시티 대성베르힐","전세","84.9757","202506","06","26,200","0","1","2017","봉오재1로 15","202506~202706","갱신","사용","25,000","0","아파트"
"44860","인천광역시 계양구 작전동","915-1","0915","0001","까치마을태화","월세","37.3800","202506","06","1,000","50","2","1997","효서로 393","202507~202707","신규","-","","","아파트"
"44861","인천광역시 서구 당하동","1318-6","1318","0006","검단신도시디에트르더펠리체","전세","84.7748","202506","06","28,000","0","10","2022","이음2로 30","202507~202707","갱신","사용","28,000","0","아파트"
"44862","인천광역시 서구 백석동","가-","0000","0000","검암역로열파크씨티푸르지오1단지","월세","84.9785","202506","06","5,250","126","17","2023","한들로 33","202509~202709","갱신","사용","5,000","120","아파트"
"44863","인천광역시 서구 당하동","820-1","0820","0001","태평","월세","59.9900","202506","06","3,000","73","16","1999","독정로25번길 26-6","202507~202707","신규","-","","","아파트"
"44864","인천광역시 남동구 간석동","42-6","0042","0006","신승바이올렛","월세","66.7300","202506","06","2,000","65","6","2012","용천로168번길 10","202507~202707","신규","-","","","아파트"
"44865","인천광역시 남동구 간석동","939-1","0939","0001","간석래미안자이","월세","84.9700","202506","06","4,000","120","18","2008","남동대로 860","202507~202707","신규","-","","","아파트"
"44866","인천광역시 남동구 구월동","1513","1513","0000","구월아시아드선수촌5단지","전세","84.9700","202506","06","40,000","0","27","2015","선수촌로 56","202506~202706","갱신","-","33,000","0","아파트"
"44867","인천광역시 남동구 구월동","20","0020","0000","구월힐스테이트3단지","월세","83.8726","202506","06","3,000","100","12","2007","용천로87번길 23","202507~202601","신규","-","","","아파트"
"44868","인천광역시 남동구 구월동","1160","1160","0000","송정","월세","40.2000","202506","06","500","50","1","1988","남동대로725번길 31","202506~202706","신규","-","","","아파트"
"44869","인천광역시 남동구 서창동","695","0695","0000","에코에비뉴","전세","74.9200","202506","06","30,000","0","16","2014","서창남순환로 190-100","202508~202708","신규","-","","","아파트"
"44870","인천광역시 남동구 간석동","938-1","0938","0001","어울림마을","전세","84.9600","202506","06","29,000","0","1","2005","석산로 138","202507~202707","신규","-","","","아파트"
"44871","인천광역시 부평구 삼산동","206-2","0206","0002","동남","월세","50.1400","202506","06","1,000","49","1","1989","후정동로25번길 3-10","202509~202709","신규","-","","","아파트"
"44872","인천광역시 남동구 논현동","564-1","0564","0001","주공1단지","전세","59.1300","202506","06","18,500","0","11","1998","호구포로 294","202508~202708","신규","-","","","아파트"
"44873","인천광역시 남동구 논현동","66-24","0066","0024","유호엔시티101-103동","전세","96.3747","202506","06","24,000","0","13","2013","포구로 35","202507~202707","신규","-","","","아파트"
"44874","인천광역시 부평구 부평동","70-5","0070","0005","동아(1차)","월세","52.4300","202506","06","1,100","69","5","1988","부평문화로 37","202506~202706","신규","-","","","아파트"
"44875","인천광역시 부평구 부평동","507-2","0507","0002","M-City","월세","19.3900","202506","06","500","45","12","2014","장제로 62","202506~202606","신규","-","","","아파트"
"44876","인천광역시 부평구 부평동","1017","1017","0000","부평역해링턴플레이스","월세","84.9680","202506","06","5,000","150","26","2024","동수로 36","202506~202706","신규","-","","","아파트"
"44877","인천광역시 부평구 부평동","470-2","0470","0002","무한레뷰","월세","48.8900","202506","06","13,000","15","6","2014","충선로8번길 5","202506~202512","갱신","-","13,000","15","아파트"
"44878","인천광역시 부평구 부평동","1017","1017","0000","부평역해링턴플레이스","전세","84.9380","202506","06","35,000","0","33","2024","동수로 36","202506~202706","신규","-","","","아파트"
"44879","인천광역시 부평구 부평동","1017","1017","0000","부평역해링턴플레이스","전세","72.9900","202506","06","38,000","0","43","2024","동수로 36","202507~202707","신규","-","","","아파트"
"44880","인천광역시 부평구 삼산동","454-13","0454","0013","삼산타운6단지","전세","84.9600","202506","06","35,000","0","3","2004","체육관로 57","202506~202706","갱신","-","34,000","0","아파트"
"44881","인천광역시 부평구 부개동","477-1","0477","0001","대동","전세","43.2950","202506","06","13,000","0","3","1989","길주로 640","202507~202707","신규","-","","","아파트"
"44882","인천광역시 부평구 부개동","496-2","0496","0002","부개주공1","전세","59.9700","202506","06","21,000","0","4","1996","길주남로 143","202506~202706","갱신","사용","20,000","0","아파트"
"44883","인천광역시 부평구 부개동","501-1","0501","0001","부개주공6","전세","84.7900","202506","06","33,000","0","18","1997","부개로 12","202508~202708","신규","-","","","아파트"
"44884","인천광역시 부평구 부개동","477","0477","0000","욱일","월세","51.0100","202506","06","1,000","60","1","1998","장제로 234","202508~202708","신규","-","","","아파트"
"44885","인천광역시 부평구 부개동","477-5","0477","0005","동아","월세","49.2000","202506","06","1,000","50","6","1988","길주남로113번길 12","202508~202708","신규","-","","","아파트"
"44886","인천광역시 부평구 부개동","520","0520","0000","부평코오롱하늘채","전세","72.9227","202506","06","40,000","0","19","2020","동수천로 117","202509~202709","신규","-","","","아파트"
"44887","인천광역시 부평구 부개동","498-5","0498","0005","부개주공3","월세","49.9600","202506","06","4,500","55","5","1996","길주남로 144","202507~202707","신규","-","","","아파트"
"44888","인천광역시 부평구 부개동","477-3","0477","0003","뉴서울","월세","39.4800","202506","06","1,000","60","11","1989","충선로 191","202507~202707","신규","-","","","아파트"
"44889","인천광역시 부평구 산곡동","507","0507","0000","금호이수마운트밸리","전세","84.9588","202506","06","30,450","0","3","2007","원적로 344","202507~202707","갱신","사용","29,000","0","아파트"
"44890","인천광역시 부평구 산곡동","524","0524","0000","부평신일해피트리더루츠","전세","49.5570","202506","06","28,000","0","18","2022","산곡로 31","202508~202708","신규","-","","","아파트"
"44891","인천광역시 부평구 청천동","190-6","0190","0006","으뜸뷰그리안","월세","57.3870","202506","06","2,000","90","13","2020","세월천로 41","202508~202708","신규","-","","","아파트"
"44892","인천광역시 부평구 산곡동","145","0145","0000","경남3차","월세","59.7150","202506","06","7,000","50","10","1992","마장로272번길 76","202507~202707","신규","-","","","아파트"
"44893","인천광역시 부평구 산곡동","182","0182","0000","한양(182)","월세","55.1200","202506","06","1,000","48","5","1988","마장로 287","202507~202707","신규","-","","","아파트"
"44894","인천광역시 부평구 청천동","300","0300","0000","삼익","월세","61.3800","202506","06","3,000","80","4","1986","부평대로167번길 43","202507~202707","신규","-","","","아파트"
"44895","인천광역시 부평구 갈산동","369","0369","0000","한국1,동아,팬더","월세","84.3600","202506","06","3,000","100","1","1993","갈월동로 42","202507~202707","신규","-","","","아파트"
"44896","인천광역시 부평구 산곡동","550","0550","0000","부평캐슬&더샵퍼스트","전세","84.9365","202506","06","43,000","0","11","2024","산청로 60","202508~202808","신규","-","","","아파트"
"44897","인천광역시 부평구 갈산동","359","0359","0000","주공1단지","전세","41.3000","202506","06","13,500","0","12","1992","굴포로 81","202507~202707","갱신","사용","13,000","0","아파트"
"44898","인천광역시 부평구 갈산동","171","0171","0000","부평지웰에스테이트","전세","59.9900","202506","06","29,400","0","5","2021","주부토로249번길 17","202508~202611","갱신","사용","28,000","0","아파트"
"44899","인천광역시 부평구 삼산동","494","0494","0000","부평삼산엠코타운","월세","84.9080","202506","06","5,000","120","19","2007","후정로 7","202509~202709","신규","-","","","아파트"
"44900","인천광역시 부평구 삼산동","445-5","0445","0005","삼산타운2단지","월세","84.9800","202506","06","4,000","115","17","2005","수변로 333","202507~202707","갱신","사용","4,000","110","아파트"
"44901","인천광역시 부평구 십정동","642","0642","0000","힐스테이트부평","전세","59.9800","202506","06","24,150","0","31","2023","경원대로 1192","202506~202706","신규","-","","","아파트"
"44902","인천광역시 부평구 십정동","642","0642","0000","힐스테이트부평","전세","75.9500","202506","06","31,000","0","17","2023","경원대로 1192","202506~202706","갱신","-","28,000","0","아파트"
"44903","인천광역시 부평구 산곡동","145","0145","0000","경남3차","월세","59.7150","202506","06","7,000","50","10","1992","마장로272번길 76","202507~202707","신규","-","","","아파트"
"44904","인천광역시 부평구 삼산동","454-4","0454","0004","서해그랑블5단지","전세","118.1342","202506","06","50,000","0","19","2004","굴포로 158","202508~202708","갱신","사용","50,000","0","아파트"
"44905","인천광역시 남동구 논현동","602-1","0602","0001","논현단풍마을트리플에듀","월세","84.5500","202506","06","3,000","120","15","2006","소래역로 94","202506~202706","신규","-","","","아파트"
"44906","인천광역시 남동구 논현동","577","0577","0000","풍림","월세","59.7000","202506","06","1,500","85","1","2000","청능대로718번길 7","202506~202706","신규","-","","","아파트"
"44907","인천광역시 중구 중산동","1871-1","1871","0001","e편한세상영종국제도시센텀베뉴","전세","98.0425","202506","06","38,000","0","17","2023","하늘달빛로 139","202507~202707","신규","-","","","아파트"
"44908","인천광역시 중구 중산동","1881-2","1881","0002","스카이시티자이","전세","91.8393","202506","06","24,000","0","29","2018","하늘별빛로 111","202507~202707","갱신","사용","24,000","0","아파트"
"44909","인천광역시 중구 중산동","1887-2","1887","0002","영종힐스테이트","월세","83.3720","202506","06","1,500","110","24","2012","하늘별빛로 66","202506~202706","신규","-","","","아파트"
"44910","인천광역시 중구 중산동","1871-1","1871","0001","e편한세상영종국제도시센텀베뉴","월세","98.0214","202506","06","2,500","130","17","2023","하늘달빛로 139","202506~202706","갱신","-","2,500","120","아파트"
"44911","인천광역시 중구 운남동","1779","1779","0000","영종센트럴푸르지오자이","전세","74.3416","202506","06","23,000","0","14","2019","은하수로 412","202507~202707","신규","-","","","아파트"
"44912","인천광역시 중구 중산동","1872-2","1872","0002","인천영종동보노빌리티","전세","84.8730","202506","06","23,000","0","12","2012","하늘달빛로 65","202506~202706","신규","-","","","아파트"
"44913","인천광역시 중구 중산동","1871-1","1871","0001","e편한세상영종국제도시센텀베뉴","전세","84.9927","202506","06","24,150","0","13","2023","하늘달빛로 139","202507~202707","갱신","사용","23,000","0","아파트"
"44914","인천광역시 중구 중산동","1889-2","1889","0002","영종국제도시화성파크드림","전세","84.9421","202506","06","30,000","0","27","2019","하늘별빛로 112","202509~202709","신규","-","","","아파트"
"44915","인천광역시 중구 운서동","2787-1","2787","0001","금호베스트빌1단지","전세","84.2440","202506","06","19,950","0","6","2002","신도시남로 15","202506~202706","갱신","사용","19,000","0","아파트"
"44916","인천광역시 중구 운남동","1779","1779","0000","영종센트럴푸르지오자이","전세","74.3416","202506","06","23,000","0","14","2019","은하수로 412","-","-","-","","","아파트"
"44917","인천광역시 미추홀구 학익동","50","0050","0000","신동아8","전세","59.4000","202506","06","18,500","0","5","1997","매소홀로475번길 60","202507~202707","신규","-","","","아파트"
"44918","인천광역시 동구 화수동","79-4","0079","0004","영풍","전세","59.9897","202506","06","18,000","0","7","2001","화도진로 132","202507~202707","신규","-","","","아파트"
"44919","인천광역시 미추홀구 학익동","587-397","0587","0397","시티오씨엘1단지","월세","77.9196","202506","06","2,000","130","19","2024","학익로 116","202507~202701","신규","-","","","아파트"
"44920","인천광역시 중구 중산동","1872-2","1872","0002","인천영종동보노빌리티","전세","84.8730","202506","06","23,000","0","12","2012","하늘달빛로 65","202506~202706","신규","-","","","아파트"
"44921","인천광역시 미추홀구 학익동","681-6","0681","0006","하나아파트","월세","26.3950","202506","06","1,000","35","6","1997","매소홀로418번길 21","202508~202707","신규","-","","","아파트"
"44922","인천광역시 미추홀구 숭의동","362-19","0362","0019","힐스테이트숭의역","전세","59.9680","202506","05","32,000","0","28","2025","인주대로 5","202506~202706","신규","-","","","아파트"
"44923","인천광역시 동구 송림동","348","0348","0000","동인천역파크푸르지오","월세","59.8701","202506","05","10,500","59","15","2023","화도진로 16","202508~202708","신규","-","","","아파트"
"44924","인천광역시 중구 신흥동3가","31-13","0031","0013","인천유림노르웨이숲에듀오션","월세","59.1069","202506","05","1,050","79","23","2023","서해대로 278","202506~202706","갱신","-","1,000","75","아파트"
"44925","인천광역시 동구 만석동","122","0122","0000","만석비치타운 주공아파트","월세","49.7900","202506","05","2,000","55","4","2002","화도진로 187","202506~202706","신규","-","","","아파트"
"44926","인천광역시 미추홀구 숭의동","362-19","0362","0019","힐스테이트숭의역","전세","59.9830","202506","05","26,000","0","17","2025","인주대로 5","202507~202707","신규","-","","","아파트"
"44927","인천광역시 미추홀구 숭의동","362-19","0362","0019","힐스테이트숭의역","월세","59.9680","202506","05","2,500","110","30","2025","인주대로 5","202506~202706","신규","-","","","아파트"
"44928","인천광역시 중구 운남동","1778","1778","0000","운서역푸르지오더스카이","월세","84.8300","202506","05","11,900","31","13","2021","흰바위로 277","202508~202708","갱신","-","11,900","29","아파트"
"44929","인천광역시 중구 운남동","1778","1778","0000","운서역푸르지오더스카이","월세","74.6100","202506","05","3,000","49","12","2021","흰바위로 277","202508~202708","갱신","-","3,000","48","아파트"
"44930","인천광역시 중구 운남동","1778","1778","0000","운서역푸르지오더스카이","월세","84.8300","202506","05","11,900","31","3","2021","흰바위로 277","202508~202708","갱신","-","11,900","29","아파트"
"44931","인천광역시 중구 운남동","1778","1778","0000","운서역푸르지오더스카이","월세","84.8300","202506","05","11,900","31","11","2021","흰바위로 277","202508~202708","갱신","-","11,900","29","아파트"
"44932","인천광역시 중구 운남동","1778","1778","0000","운서역푸르지오더스카이","월세","84.5100","202506","05","11,900","30","15","2021","흰바위로 277","202508~202708","갱신","-","11,900","29","아파트"
"44933","인천광역시 중구 운남동","1778","1778","0000","운서역푸르지오더스카이","월세","84.6600","202506","05","3,000","49","13","2021","흰바위로 277","202508~202708","갱신","-","3,000","48","아파트"
"44934","인천광역시 중구 운남동","1778","1778","0000","운서역푸르지오더스카이","월세","84.8300","202506","05","11,900","31","7","2021","흰바위로 277","202509~202709","갱신","-","11,900","26","아파트"
"44935","인천광역시 중구 운남동","1779","1779","0000","영종센트럴푸르지오자이","전세","64.6430","202506","05","24,000","0","10","2019","은하수로 412","202506~202706","갱신","-","20,000","0","아파트"
"44936","인천광역시 중구 운남동","1778","1778","0000","운서역푸르지오더스카이","월세","84.6900","202506","05","11,900","30","23","2021","흰바위로 277","202508~202708","갱신","-","11,900","29","아파트"
"44937","인천광역시 중구 운남동","1778","1778","0000","운서역푸르지오더스카이","월세","62.6200","202506","05","6,000","33","18","2021","흰바위로 277","202508~202708","갱신","-","6,000","32","아파트"
"44938","인천광역시 중구 운남동","1681-2","1681","0002","호반써밋스카이센트럴2차","전세","74.3574","202506","05","29,000","0","18","2024","숲쟁이로 11","202506~202706","신규","-","","","아파트"
"44939","인천광역시 중구 중산동","1881-2","1881","0002","스카이시티자이","전세","91.8393","202506","05","26,250","0","19","2018","하늘별빛로 111","202507~202707","갱신","사용","25,000","0","아파트"
"44940","인천광역시 중구 중산동","1878-1","1878","0001","인천영종한양수자인","월세","59.9594","202506","05","1,000","95","21","2012","은하수로 377","202506~202706","갱신","-","1,000","80","아파트"
"44941","인천광역시 중구 중산동","1889-1","1889","0001","하늘도시서한이다음","월세","84.9100","202506","05","2,000","120","16","2024","하늘별빛로 142","202506~202705","신규","-","","","아파트"
"44942","인천광역시 중구 중산동","1881-1","1881","0001","하늘도시우미린1단지","전세","59.9600","202506","05","20,000","0","11","2012","은하수로 351","202507~202707","신규","-","","","아파트"
"44943","인천광역시 중구 중산동","1879-1","1879","0001","영종하늘도시KCC스위첸","전세","84.7380","202506","05","18,000","0","10","2019","은하수로 380","202506~202612","갱신","사용","18,000","0","아파트"
"44944","인천광역시 중구 중산동","1911-2","1911","0002","영종국제도시한신더휴스카이파크","전세","59.9026","202506","05","19,000","0","2","2019","은하수로 229","202507~202707","신규","-","","","아파트"
"44945","인천광역시 중구 중산동","1887-4","1887","0004","e편한세상영종국제도시오션하임","전세","84.9777","202506","05","30,000","0","11","2018","두미포로 112","202508~202708","신규","-","","","아파트"
"44946","인천광역시 중구 중산동","1887-4","1887","0004","e편한세상영종국제도시오션하임","전세","84.9777","202506","05","27,000","0","26","2018","두미포로 112","202508~202708","신규","-","","","아파트"
"44947","인천광역시 중구 중산동","1887-2","1887","0002","영종힐스테이트","전세","83.3720","202506","05","25,000","0","35","2012","하늘별빛로 66","202508~202708","신규","-","","","아파트"
"44948","인천광역시 중구 중산동","1878-1","1878","0001","인천영종한양수자인","전세","59.2185","202506","05","18,000","0","28","2012","은하수로 377","202507~202707","갱신","-","15,120","0","아파트"
"44949","인천광역시 중구 중산동","1878-1","1878","0001","인천영종한양수자인","전세","59.1347","202506","05","14,500","0","20","2012","은하수로 377","202506~202706","갱신","사용","14,000","0","아파트"
"44950","인천광역시 미추홀구 학익동","산36-10","0036","0010","서원","전세","55.8660","202506","05","10,000","0","5","1990","학익소로61번길 36-23","202507~202707","신규","-","","","아파트"
"44951","인천광역시 미추홀구 학익동","721","0721","0000","풍림아이원","전세","84.9357","202506","05","26,250","0","8","2007","매소홀로 340","202506~202706","갱신","사용","25,000","0","아파트"
"44952","인천광역시 중구 운서동","2788-6","2788","0006","영종주공스카이빌10단지","월세","59.6400","202506","05","2,000","90","1","2001","흰바위로 34","202507~202707","신규","-","","","아파트"
"44953","인천광역시 중구 운서동","2745-2","2745","0002","풍림아이원1단지","월세","120.3300","202506","05","3,000","100","4","2002","신도시북로43번길 11","202506~202606","신규","-","","","아파트"
"44954","인천광역시 서구 당하동","1254-1","1254","0001","검단신도시한신더휴캐널파크(THEHUECANALPARK)","전세","84.3400","202506","05","31,000","0","11","2021","이음3로 125","202509~202605","갱신","사용","31,000","0","아파트"
"44955","인천광역시 서구 가정동","341-14","0341","0014","하나2","월세","84.9900","202506","05","1,000","75","1","1992","봉오대로318번길 23","202507~202707","신규","-","","","아파트"
"44956","인천광역시 서구 가정동","604-1","0604","0001","가정엘에이치3단지(국민임대)","월세","29.9800","202506","05","2,841","7","8","2012","봉오재3로 14","202505~202706","갱신","-","1,741","13","아파트"
"44957","인천광역시 서구 백석동","가-","0000","0000","검암역로열파크씨티푸르지오1단지","전세","74.0057","202506","05","26,000","0","11","2023","한들로 33","202507~202707","갱신","사용","25,000","0","아파트"
"44958","인천광역시 서구 가정동","567","0567","0000","한국","전세","84.0600","202506","05","20,000","0","16","1992","서달로163번길 10","202507~202707","신규","-","","","아파트"
"44959","인천광역시 서구 가정동","597-2","0597","0002","엘에이치웨스턴블루힐","월세","84.9900","202506","05","19,838","8","20","2015","봉오재2로 37","202508~202511","갱신","-","11,825","29","아파트"
"44960","인천광역시 계양구 병방동","432-3","0432","0003","학마을서원","전세","34.4400","202506","05","12,600","0","12","1997","용종로 123","202506~202706","갱신","사용","12,000","0","아파트"
"44961","인천광역시 계양구 계산동","348-2","0348","0002","하나","전세","37.1700","202506","05","10,000","0","1","1988","경명대로1114번길 6","202507~202707","신규","-","","","아파트"
"44962","인천광역시 서구 가좌동","7","0007","0000","한신휴플러스","전세","59.9900","202506","05","15,724","0","13","2007","건지로 402","202507~202707","신규","-","","","아파트"
"44963","인천광역시 서구 가좌동","262-1","0262","0001","신영","전세","47.7600","202506","05","7,000","0","2","1984","원적로37번길 23","202507~202707","신규","-","","","아파트"
"44964","인천광역시 서구 가좌동","7","0007","0000","한신휴플러스","전세","59.9900","202506","05","15,724","0","13","2007","건지로 402","202506~202706","신규","-","","","아파트"
"44965","인천광역시 서구 신현동","302-1","0302","0001","루원e-편한세상하늘채아파트","전세","114.9480","202506","05","29,400","0","14","2010","가정로 387","202506~202706","갱신","사용","28,000","0","아파트"
"44966","인천광역시 계양구 효성동","24","0024","0000","뉴서울2","월세","34.7400","202506","05","500","40","1","1986","안남로 560","202507~202707","신규","-","","","아파트"
"44967","인천광역시 계양구 병방동","432-3","0432","0003","학마을서원","월세","34.4400","202506","05","1,000","60","10","1997","용종로 123","202506~202706","신규","-","","","아파트"
"44968","인천광역시 서구 마전동","1003-1","1003","0001","동아","전세","59.9800","202506","05","18,375","0","20","1999","완정로34번길 20","202507~202707","갱신","사용","17,500","0","아파트"
"44969","인천광역시 계양구 이화동","407","0407","0000","신동아파밀리에","전세","84.9401","202506","05","24,000","0","9","2007","황어로 139","202507~202707","신규","-","","","아파트"
"44970","인천광역시 서구 연희동","729-1","0729","0001","우성","전세","84.6920","202506","05","25,700","0","13","1997","대평로56번길 32","202509~202709","신규","-","","","아파트"
"44971","인천광역시 서구 연희동","729-1","0729","0001","우성","전세","84.6920","202506","05","25,700","0","13","1997","대평로56번길 32","202509~202709","신규","-","","","아파트"
"44972","인천광역시 계양구 용종동","228-1","0228","0001","초정마을하나","월세","84.9900","202506","05","3,000","105","1","1997","계양문화로 168","202506~202706","갱신","사용","3,000","100","아파트"
"44973","인천광역시 계양구 작전동","580","0580","0000","현대2-1차","전세","78.0400","202506","05","21,000","0","9","1991","효서로 381","202507~202707","신규","-","","","아파트"
"44974","인천광역시 계양구 작전동","915-1","0915","0001","까치마을한진","전세","37.3800","202506","05","13,000","0","13","1997","효서로 393","202507~202707","신규","-","","","아파트"
"44975","인천광역시 계양구 작전동","420","0420","0000","미도아파트","전세","59.9300","202506","05","16,500","0","8","1990","아나지로299번길 17","202506~202706","갱신","사용","15,800","0","아파트"
"44976","인천광역시 서구 당하동","895-1","0895","0001","탑스빌(영남,신대진,성웅)아파트","월세","59.9950","202506","05","2,000","80","1","1998","서곶로 818","202508~202708","신규","-","","","아파트"
"44977","인천광역시 서구 당하동","895-1","0895","0001","탑스빌(영남,신대진,성웅)아파트","전세","84.9400","202506","05","20,000","0","10","1998","서곶로 818","202506~202706","갱신","-","19,000","0","아파트"
"44978","인천광역시 미추홀구 주안동","1662","1662","0000","주안파크자이더플래티넘","전세","36.8110","202506","05","19,500","0","4","2023","인하로222번길 20","202507~202802","신규","-","","","아파트"
"44979","인천광역시 연수구 연수동","578-2","0578","0002","주공3","월세","44.6600","202506","05","2,000","50","15","1993","새말로 154","202506~202606","갱신","-","10,000","0","아파트"
"44980","인천광역시 연수구 연수동","578-2","0578","0002","주공3","전세","44.6600","202506","05","14,000","0","7","1993","새말로 154","202506~202706","신규","-","","","아파트"
"44981","인천광역시 연수구 연수동","582-2","0582","0002","승기마을,연수1차시영","전세","26.8200","202506","05","9,500","0","11","1992","원인재로 212","202507~202707","신규","-","","","아파트"
"44982","인천광역시 연수구 옥련동","643-2","0643","0002","풍림","월세","77.0000","202506","05","8,000","70","16","1998","비류대로186번길 21","202507~202707","신규","-","","","아파트"
"44983","인천광역시 연수구 옥련동","636-1","0636","0001","우성","월세","84.6920","202506","05","12,000","40","11","1996","독배로40번길 48","202507~202707","신규","-","","","아파트"
"44984","인천광역시 연수구 옥련동","628","0628","0000","현대1","전세","43.2000","202506","05","10,000","0","7","1994","옥련로 33","202506~202706","신규","-","","","아파트"
"44985","인천광역시 연수구 옥련동","628","0628","0000","현대1","전세","84.6000","202506","05","19,000","0","9","1995","옥련로 33","202507~202707","갱신","-","18,000","0","아파트"
"44986","인천광역시 연수구 송도동","3-13","0003","0013","송도풍림아이원3단지","월세","84.9400","202506","05","20,000","70","1","2005","해돋이로84번길 29","202506~202706","신규","-","","","아파트"
"44987","인천광역시 연수구 송도동","19-3","0019","0003","송도더샵그린워크3차(18-1블럭)","월세","117.3900","202506","05","5,000","300","20","2015","컨벤시아대로130번길 100","202506~202606","신규","-","","","아파트"
"44988","인천광역시 연수구 송도동","161-3","0161","0003","송도캐슬&해모로","월세","84.4691","202506","05","4,000","150","8","2013","송도과학로51번길 136","202507~202707","신규","-","","","아파트"
"44989","인천광역시 연수구 송도동","92","0092","0000","더샵송도센트럴파크Ⅲ","월세","102.4900","202506","05","20,000","210","38","2022","인천타워대로180번길 11","202506~202706","신규","-","","","아파트"
"44990","인천광역시 연수구 송도동","10-30","0010","0030","송도SK뷰센트럴","전세","84.6566","202506","05","43,000","0","16","2020","하모니로188번길 17","202508~202708","신규","-","","","아파트"
"44991","인천광역시 연수구 송도동","397-8","0397","0008","힐스테이트레이크송도2차","전세","84.9700","202506","05","31,000","0","24","2020","아카데미로 446","202507~202707","신규","-","","","아파트"
"44992","인천광역시 연수구 송도동","19-3","0019","0003","송도더샵그린워크3차(18-1블럭)","전세","84.7300","202506","05","45,000","0","31","2015","컨벤시아대로130번길 100","202508~202708","신규","-","","","아파트"
"44993","인천광역시 연수구 송도동","161-3","0161","0003","송도캐슬&해모로","월세","123.3070","202506","05","5,000","170","25","2013","송도과학로51번길 136","202508~202708","신규","-","","","아파트"
"44994","인천광역시 연수구 송도동","315-1","0315","0001","송도SKVIEW","월세","84.6541","202506","05","20,000","80","15","2019","랜드마크로 19","202507~202707","신규","-","","","아파트"
"44995","인천광역시 연수구 송도동","319-1","0319","0001","e편한세상송도","전세","70.3826","202506","05","30,000","0","13","2018","랜드마크로 113","202508~202708","신규","-","","","아파트"
"44996","인천광역시 연수구 송도동","396-11","0396","0011","송도자이더스타","전세","84.7098","202506","05","40,000","0","28","2024","아카데미로343번길 63","202508~202708","신규","-","","","아파트"
"44997","인천광역시 연수구 송도동","312-1","0312","0001","호반써밋송도","전세","84.8714","202506","05","35,000","0","39","2023","랜드마크로 20","202507~202707","신규","-","","","아파트"
"44998","인천광역시 연수구 송도동","396-7","0396","0007","송도자이크리스탈오션","월세","84.9896","202506","05","3,000","200","38","2024","랜드마크로360번길 40","202506~202706","신규","-","","","아파트"
"44999","인천광역시 연수구 송도동","190-4","0190","0004","송도더샵센트럴시티","월세","72.9900","202506","05","5,000","170","5","2018","송도국제대로 261","202506~202706","신규","-","","","아파트"
"45000","인천광역시 연수구 송도동","396-1","0396","0001","송도LuxeOceanSKVIEW","월세","84.9620","202506","05","2,000","160","48","2025","랜드마크로 350","202506~202706","신규","-","","","아파트"
"45001","인천광역시 연수구 송도동","101","0101","0000","송도더샵퍼스트파크F14BL","전세","68.7200","202506","05","31,000","0","38","2017","컨벤시아대로252번길 50","202506~202606","갱신","사용","31,000","0","아파트"
"45002","인천광역시 연수구 송도동","15-2","0015","0002","더샵엑스포6단지","전세","113.7554","202506","05","40,000","0","9","2009","컨벤시아대로42번길 96","202506~202706","갱신","사용","39,000","0","아파트"
"45003","인천광역시 연수구 송도동","396-11","0396","0011","송도자이더스타","월세","84.9282","202506","05","0","205","42","2024","아카데미로343번길 63","202506~202606","신규","-","","","아파트"
"45004","인천광역시 연수구 송도동","397-5","0397","0005","힐스테이트레이크송도3차","월세","84.8200","202506","05","3,000","170","15","2023","아카데미로 442","202508~202708","신규","-","","","아파트"
"45005","인천광역시 연수구 송도동","396-1","0396","0001","송도LuxeOceanSKVIEW","전세","84.9987","202506","05","30,000","0","37","2025","랜드마크로 350","202508~202707","신규","-","","","아파트"
"45006","인천광역시 연수구 송도동","190-2","0190","0002","글로벌캠퍼스푸르지오","전세","101.9800","202506","05","40,000","0","22","2013","송도문화로28번길 28","202507~202707","신규","-","","","아파트"
"45007","인천광역시 연수구 송도동","155","0155","0000","송도아메리칸타운아이파크","월세","101.1204","202506","05","3,000","250","21","2018","송도과학로27번길 15","202506~202706","신규","-","","","아파트"
"45008","인천광역시 연수구 송도동","23-5","0023","0005","송도센트럴파크푸르지오","월세","84.9238","202506","05","30,000","170","24","2015","센트럴로 160","202507~202707","신규","-","","","아파트"
"45009","인천광역시 연수구 송도동","18-10","0018","0010","송도더샵하버뷰(D14)","전세","116.3170","202506","05","55,500","0","11","2011","아트센터대로97번길 76","202508~202708","갱신","사용","53,000","0","아파트"
"45010","인천광역시 연수구 송도동","311","0311","0000","랜드마크시티센트럴더샵","전세","84.9999","202506","05","31,500","0","22","2020","랜드마크로 68","202506~202706","갱신","사용","30,000","0","아파트"
"45011","인천광역시 연수구 송도동","18-6","0018","0006","더샵그린워크1차","월세","84.3408","202506","05","5,000","180","24","2014","아트센터대로97번길 30","202506~202706","신규","-","","","아파트"
"45012","인천광역시 연수구 송도동","312-1","0312","0001","호반써밋송도","전세","101.8637","202506","05","41,000","0","15","2023","랜드마크로 20","202506~202706","갱신","-","39,000","0","아파트"
"45013","인천광역시 연수구 송도동","308-1","0308","0001","더샵송도마리나베이","전세","84.9160","202506","05","40,000","0","6","2020","랜드마크로 160","202506~202706","갱신","-","35,000","0","아파트"
"45014","인천광역시 연수구 송도동","192-8","0192","0008","베르디움더퍼스트","전세","84.9572","202506","05","39,900","0","8","2017","송도문화로84번길 84","202508~202708","갱신","사용","38,000","0","아파트"
"45015","인천광역시 연수구 송도동","150","0150","0000","롯데캐슬","전세","110.7602","202506","05","49,000","0","7","2012","송도과학로27번길 70","202507~202707","갱신","-","45,000","0","아파트"
"45016","인천광역시 연수구 송도동","3-13","0003","0013","송도풍림아이원3단지","월세","84.9400","202506","05","20,000","70","1","2005","해돋이로84번길 29","202506~202706","신규","-","","","아파트"
"45017","인천광역시 연수구 송도동","19-3","0019","0003","송도더샵그린워크3차(18-1블럭)","전세","84.7300","202506","05","45,000","0","31","2015","컨벤시아대로130번길 100","202508~202708","신규","-","","","아파트"
"45018","인천광역시 연수구 동춘동","931","0931","0000","무지개마을","전세","84.9650","202506","05","23,100","0","2","1995","원인재로 14","202507~202707","갱신","사용","22,000","0","아파트"
"45019","인천광역시 연수구 동춘동","가-","0000","0000","송도파크레인동일하이빌","전세","84.9948","202506","05","29,000","0","13","2019","능허대로 343","202506~202706","갱신","-","23,000","0","아파트"
"45020","인천광역시 연수구 동춘동","931","0931","0000","무지개마을","전세","84.9650","202506","05","23,100","0","2","1995","원인재로 14","202507~202707","갱신","사용","22,000","0","아파트"
"45021","인천광역시 연수구 동춘동","943","0943","0000","동남","전세","52.1400","202506","05","15,000","0","9","1994","먼우금로 19","202505~202705","갱신","-","15,000","0","아파트"
"45022","인천광역시 미추홀구 주안동","1678","1678","0000","힐스테이트푸르지오주안","전세","84.9700","202506","05","28,300","0","22","2023","남주길 150","202507~202707","갱신","사용","27,000","0","아파트"
"45023","인천광역시 미추홀구 주안동","1662","1662","0000","주안파크자이더플래티넘","전세","36.8110","202506","05","18,500","0","2","2023","인하로222번길 20","202507~202707","신규","-","","","아파트"
"45024","인천광역시 미추홀구 주안동","1614","1614","0000","월드스테이트(101~111,124~132)","전세","84.9750","202506","05","27,300","0","15","2008","경원대로 884","202507~202707","갱신","사용","26,000","0","아파트"
"45025","인천광역시 미추홀구 주안동","1678","1678","0000","힐스테이트푸르지오주안","전세","59.7200","202506","05","20,500","0","19","2023","남주길 150","202507~202707","갱신","사용","20,000","0","아파트"
"45026","인천광역시 미추홀구 주안동","1614","1614","0000","월드스테이트(101~111,124~132)","월세","84.9750","202506","05","15,000","70","15","2008","경원대로 884","202507~202707","신규","-","","","아파트"
"45027","인천광역시 미추홀구 주안동","1628","1628","0000","주안역센트레빌","전세","59.9712","202506","05","28,000","0","26","2021","염전로 414","202508~202707","갱신","사용","28,000","0","아파트"
"45028","인천광역시 미추홀구 주안동","1662","1662","0000","주안파크자이더플래티넘","전세","73.9559","202506","05","33,500","0","14","2023","인하로222번길 20","202506~202706","신규","-","","","아파트"
"45029","인천광역시 연수구 청학동","448-1","0448","0001","삼용","전세","84.9600","202506","05","19,000","0","7","1994","솔샘로 20","202506~202706","갱신","사용","19,000","0","아파트"
"45030","인천광역시 연수구 청학동","455","0455","0000","하나타운1","전세","59.7900","202506","05","15,000","0","13","1995","용담로 14","202507~202707","신규","-","","","아파트"
"45031","인천광역시 강화군 선원면 창리","714","0714","0000","강화서희스타힐스1단지","전세","59.9570","202506","05","17,000","0","6","2024","중앙로 162-31","202507~202707","신규","-","","","아파트"
"45032","인천광역시 서구 청라동","149-2","0149","0002","청라제일풍경채2차에듀앤파크","전세","84.9930","202506","05","42,000","0","8","2017","청라한울로 96","202509~202708","신규","-","","","아파트"
"45033","인천광역시 서구 청라동","165-13","0165","0013","청라지구중흥S-CLASS2단지","전세","141.3898","202506","05","45,000","0","11","2010","청라에메랄드로 113","202506~202706","갱신","-","45,000","0","아파트"
"45034","인천광역시 서구 청라동","184-1","0184","0001","청라엘에이치","월세","59.9500","202506","05","9,437","18","3","2011","청라커낼로 232","202508~202707","갱신","-","4,616","40","아파트"
"45035","인천광역시 서구 청라동","193-1","0193","0001","청라자이","전세","115.5101","202506","05","34,650","0","11","2010","청라에메랄드로 30","202507~202707","갱신","사용","33,000","0","아파트"
"45036","인천광역시 서구 청라동","185-1","0185","0001","힐데스하임","월세","59.9435","202506","05","3,000","125","4","2011","청라라임로 17","202507~202707","신규","-","","","아파트"
"45037","인천광역시 서구 청라동","156-1","0156","0001","청라센트럴에일린의뜰","월세","84.9704","202506","05","10,000","155","36","2018","청라커낼로 300","202507~202707","신규","-","","","아파트"
"45038","인천광역시 서구 청라동","83-1","0083","0001","청라국제업무단지센텀대광로제비앙","전세","82.6715","202506","05","37,000","0","15","2018","비즈니스로 166","202506~202606","신규","-","","","아파트"
"45039","인천광역시 서구 청라동","185-1","0185","0001","힐데스하임","전세","59.9435","202506","05","27,000","0","11","2011","청라라임로 17","202508~202708","갱신","사용","26,000","0","아파트"
"45040","인천광역시 서구 청라동","173-1","0173","0001","청라29블럭호반베르디움","전세","84.9289","202506","05","27,800","0","5","2012","청라커낼로 163","202507~202607","갱신","사용","26,500","0","아파트"
"45041","인천광역시 서구 청라동","164-1","0164","0001","청라 엑슬루타워","전세","102.6200","202506","05","29,400","0","23","2011","중봉대로586번길 22","202507~202607","갱신","사용","28,000","0","아파트"
"45042","인천광역시 서구 청라동","159-1","0159","0001","청라롯데캐슬","전세","141.1803","202506","05","42,000","0","15","2013","청라커낼로 252","202507~202707","갱신","사용","40,000","0","아파트"
"45043","인천광역시 강화군 선원면 창리","714","0714","0000","강화서희스타힐스1단지","월세","71.9635","202506","05","3,000","60","3","2024","중앙로 162-31","202508~202708","신규","-","","","아파트"
"45044","인천광역시 서구 불로동","308","0308","0000","월드","전세","117.3500","202506","05","21,000","0","10","1998","검단로 836","202508~202708","신규","-","","","아파트"
"45045","인천광역시 서구 오류동","1719-4","1719","0004","왕길역아테라","월세","84.9780","202506","05","3,000","120","14","2025","봉화로 60-11","202506~202706","신규","-","","","아파트"
"45046","인천광역시 서구 왕길동","697-1","0697","0001","드림파크어울림1단지","월세","101.9975","202506","05","1,000","140","12","2010","봉화로 18","202506~202606","갱신","-","1,000","120","아파트"
"45047","인천광역시 서구 원당동","987","0987","0000","검단신도시로제비앙라포레","전세","84.4159","202506","05","30,000","0","11","2022","서로3로 277","202507~202707","신규","-","","","아파트"
"45048","인천광역시 서구 원당동","1018","1018","0000","검단신도시푸르지오더베뉴","전세","105.5200","202506","05","50,500","0","7","2021","이음6로 33","202509~202709","신규","-","","","아파트"
"45049","인천광역시 서구 원당동","1018","1018","0000","검단신도시푸르지오더베뉴","전세","105.5200","202506","05","50,500","0","7","2021","이음6로 33","202508~202708","신규","-","","","아파트"
"45050","인천광역시 부평구 십정동","629","0629","0000","서희스타힐스부평센트럴","월세","66.3137","202506","05","2,000","110","12","2021","상정로 41","202506~202706","신규","-","","","아파트"
"45051","인천광역시 부평구 십정동","630","0630","0000","더샵부평센트럴시티","월세","84.1614","202506","05","17,000","56","21","2022","열우물로 90","202508~202708","신규","-","","","아파트"
"45052","인천광역시 부평구 십정동","630","0630","0000","더샵부평센트럴시티","월세","69.2824","202506","05","16,500","44","5","2022","열우물로 90","202508~202708","신규","-","","","아파트"
"45053","인천광역시 부평구 삼산동","440-1","0440","0001","삼산타운주공1단지","전세","59.9900","202506","05","34,000","0","4","2005","굴포로 105","202508~202708","신규","-","","","아파트"
"45054","인천광역시 부평구 갈산동","359","0359","0000","주공1단지","월세","38.6400","202506","05","1,000","55","1","1992","굴포로 81","202507~202707","신규","-","","","아파트"
"45055","인천광역시 부평구 갈산동","454","0454","0000","대성유니드","전세","84.8640","202506","05","23,000","0","15","2007","새갈로 57","202508~202708","신규","-","","","아파트"
"45056","인천광역시 부평구 갈산동","454","0454","0000","대성유니드","전세","84.8640","202506","05","23,000","0","15","2007","새갈로 57","202508~202708","신규","-","","","아파트"
"45057","인천광역시 남동구 논현동","549","0549","0000","한라","전세","59.7000","202506","05","16,000","0","10","1996","포구로 64-6","202507~202707","신규","-","","","아파트"
"45058","인천광역시 남동구 논현동","740-2","0740","0002","소래휴먼시아3단지","월세","59.4000","202506","05","8,768","17","6","2010","앵고개로815번길 22","202507~202706","갱신","-","4,921","34","아파트"
"45059","인천광역시 남동구 논현동","599-1","0599","0001","주공14단지(등대마을)","월세","39.7900","202506","05","3,173","22","2","2006","청능대로715번길 22","202507~202706","갱신","-","3,085","13","아파트"
"45060","인천광역시 남동구 논현동","581-1","0581","0001","논현엘에이치15단지","월세","14.7000","202506","05","1,696","6","3","2020","함박뫼로 456","202507~202706","갱신","-","1,496","7","아파트"
"45061","인천광역시 남동구 논현동","740-2","0740","0002","소래휴먼시아3단지","월세","59.4000","202506","05","9,020","17","7","2010","앵고개로815번길 22","202508~202707","갱신","-","5,068","35","아파트"
"45062","인천광역시 남동구 논현동","755-4","0755","0004","에코메트로12","전세","84.9930","202506","05","36,000","0","17","2009","논고개로 10","202507~202707","신규","-","","","아파트"
"45063","인천광역시 부평구 부평동","1017","1017","0000","부평역해링턴플레이스","전세","59.9290","202506","05","30,000","0","15","2024","동수로 36","202507~202707","신규","-","","","아파트"
"45064","인천광역시 부평구 청천동","200","0200","0000","부평1,2차금호타운","전세","84.8500","202506","05","30,400","0","21","1998","안남로 272","202507~202707","갱신","사용","29,000","0","아파트"
"45065","인천광역시 남동구 논현동","599-1","0599","0001","주공14단지(등대마을)","월세","46.8100","202506","05","2,357","27","14","2006","청능대로715번길 22","202508~202707","갱신","-","2,094","24","아파트"
"45066","인천광역시 부평구 산곡동","311-126","0311","0126","현대2차","월세","72.5400","202506","05","3,000","85","8","1987","안남로 91","202507~202707","신규","-","","","아파트"
"45067","인천광역시 부평구 산곡동","534","0534","0000","부평두산위브더파크","월세","84.9317","202506","05","3,000","145","2","2022","마곡로 14","202508~202708","신규","-","","","아파트"
"45068","인천광역시 부평구 산곡동","274-5","0274","0005","경남4차","전세","84.8700","202506","05","21,000","0","19","1994","안남로206번길 18","202506~202706","갱신","-","20,000","0","아파트"
"45069","인천광역시 부평구 산곡동","124-1","0124","0001","현대(124-1)","전세","84.9900","202506","05","30,000","0","16","1993","안남로 260","202506~202706","신규","-","","","아파트"
"45070","인천광역시 부평구 산곡동","550","0550","0000","부평캐슬&더샵퍼스트","월세","59.9295","202506","05","3,000","120","9","2024","산청로 60","202506~202706","신규","-","","","아파트"
"45071","인천광역시 부평구 삼산동","448-1","0448","0001","신성미소지움3단지","전세","101.1500","202506","05","40,000","0","1","2005","수변로 334","202509~202709","신규","-","","","아파트"
"45072","인천광역시 부평구 부개동","477","0477","0000","욱일","전세","51.0100","202506","05","15,000","0","1","1988","장제로 234","202507~202707","신규","-","","","아파트"
"45073","인천광역시 부평구 부개동","498-5","0498","0005","부개주공3","월세","59.9800","202506","05","2,000","77","12","1996","길주남로 144","202506~202706","갱신","-","2,000","70","아파트"
"45074","인천광역시 부평구 부개동","498-5","0498","0005","부개주공3","전세","59.9800","202506","05","22,700","0","11","1996","길주남로 144","202509~202709","갱신","-","18,500","0","아파트"
"45075","인천광역시 부평구 부개동","308-3","0308","0003","부개동동도센트리움","월세","33.8130","202506","05","1,000","70","3","2014","경인로1099번길 39","202508~202708","신규","-","","","아파트"
"45076","인천광역시 부평구 부개동","477-3","0477","0003","뉴서울","월세","39.4800","202506","05","500","60","14","1989","충선로 191","202506~202706","갱신","-","500","55","아파트"
"45077","인천광역시 부평구 부개동","120-347","0120","0347","동산","월세","59.4000","202506","05","500","65","4","1984","수변로107번길 35","202506~202606","신규","-","","","아파트"
"45078","인천광역시 부평구 부개동","502-8","0502","0008","부개주공7단지","월세","59.8000","202506","05","3,000","80","14","1998","동수천로 118","202507~202707","신규","-","","","아파트"
"45079","인천광역시 부평구 산곡동","534","0534","0000","부평두산위브더파크","월세","59.9316","202506","05","5,000","95","25","2022","마곡로 14","202506~202606","갱신","사용","5,000","90","아파트"
"45080","인천광역시 부평구 삼산동","440-1","0440","0001","삼산타운주공1단지","전세","51.8600","202506","05","22,000","0","3","2005","굴포로 105","202505~202705","갱신","사용","21,000","0","아파트"
"45081","인천광역시 부평구 산곡동","124-1","0124","0001","현대(124-1)","전세","84.9900","202506","05","30,000","0","16","1993","안남로 260","202506~202706","신규","-","","","아파트"
"45082","인천광역시 부평구 부평동","70-5","0070","0005","동아(1차)","월세","84.8700","202506","05","3,000","100","3","1989","부평문화로 37","202507~202707","신규","-","","","아파트"
"45083","인천광역시 남동구 서창동","561-1","0561","0001","서창자이","전세","84.7980","202506","05","27,000","0","19","2008","장아산로 157","202507~202707","신규","-","","","아파트"
"45084","인천광역시 남동구 서창동","717","0717","0000","인천서창엘에이치12단지","월세","36.9700","202506","05","3,812","8","9","2014","서창남로 2","202508~202707","갱신","-","1,731","18","아파트"
"45085","인천광역시 남동구 서창동","636","0636","0000","인천서창엘에이치1단지","월세","46.4400","202506","05","3,422","23","5","2015","서창남순환로 124-14","202508~202707","갱신","-","3,322","22","아파트"
"45086","인천광역시 남동구 구월동","23","0023","0000","구월힐스테이트1단지","전세","75.3036","202506","05","31,000","0","13","2007","구월로 192","202507~202707","신규","-","","","아파트"
"45087","인천광역시 남동구 만수동","1115-1","1115","0001","포레시안","월세","59.7100","202506","05","3,000","100","6","2011","만수서로 55","202507~202707","신규","-","","","아파트"
"45088","인천광역시 남동구 구월동","1160","1160","0000","송정","전세","40.2000","202506","05","8,300","0","5","1988","남동대로725번길 31","202507~202707","신규","-","","","아파트"
"45089","인천광역시 남동구 만수동","17","0017","0000","만수주공5단지","월세","41.3000","202506","05","1,000","50","8","1987","백범로124번길 127","202505~202705","신규","-","","","아파트"
"45090","인천광역시 남동구 구월동","1609","1609","0000","센트럴시티그랑베르","월세","59.8859","202506","05","4,500","100","24","2021","구월로265번길 12-11","202507~202707","신규","-","","","아파트"
"45091","인천광역시 남동구 간석동","501","0501","0000","극동","전세","50.9300","202506","05","18,000","0","10","1989","구월로 78","202508~202708","신규","-","","","아파트"
"45092","인천광역시 남동구 구월동","1608","1608","0000","신영구월지웰시티푸르지오","월세","95.9970","202506","05","5,000","155","16","2020","남동대로799번길 34","202507~202707","신규","-","","","아파트"
"45093","인천광역시 남동구 도림동","629-1","0629","0001","주공그린빌1차","월세","51.4900","202506","05","1,883","25","17","2003","논고개로334번길 17","202508~202707","갱신","-","1,977","26","아파트"
"45094","인천광역시 남동구 서창동","685","0685","0000","이편한세상서창","전세","84.9500","202506","05","27,300","0","3","2017","서창남순환로 9","202507~202707","갱신","사용","26,000","0","아파트"
"45095","인천광역시 남동구 간석동","941","0941","0000","인천간석휴먼시아2단지","월세","84.8600","202506","04","2,000","120","18","2014","백범로294번길 16","202506~202706","신규","-","","","아파트"
"45096","인천광역시 남동구 만수동","1037","1037","0000","현대","전세","125.8800","202506","04","30,000","0","12","1993","장승남로 82","202507~202707","신규","-","","","아파트"
"45097","인천광역시 남동구 구월동","1636","1636","0000","한화포레나인천구월","전세","74.9916","202506","04","36,000","0","12","2023","용천로105번길 8","202507~202707","신규","-","","","아파트"
"45098","인천광역시 남동구 구월동","342-1","0342","0001","신세계","전세","103.6000","202506","04","18,000","0","7","1980","호구포로 858","202506~202706","신규","-","","","아파트"
"45099","인천광역시 남동구 구월동","24","0024","0000","롯데캐슬골드","월세","83.9829","202506","04","3,000","120","14","2007","호구포로 803","202506~202706","신규","-","","","아파트"
"45100","인천광역시 남동구 만수동","1005","1005","0000","주공8단지","월세","38.6400","202506","04","500","50","1","1990","담방로 105","202506~202706","신규","-","","","아파트"
"45101","인천광역시 남동구 만수동","13","0013","0000","만수주공4단지","전세","75.2400","202506","04","16,500","0","4","1987","백범로124번길 126","202507~202707","신규","-","","","아파트"
"45102","인천광역시 남동구 서창동","745","0745","0000","인천서창꿈에그린","월세","84.9900","202506","04","6,000","61","1","2019","운연천로 11","202508~202708","신규","-","","","아파트"
"45103","인천광역시 남동구 서창동","745","0745","0000","인천서창꿈에그린","월세","84.9400","202506","04","12,000","49","18","2019","운연천로 11","202510~202710","갱신","-","12,000","48","아파트"
"45104","인천광역시 남동구 서창동","745","0745","0000","인천서창꿈에그린","월세","84.9900","202506","04","6,000","61","1","2019","운연천로 11","202506~202706","갱신","-","6,000","61","아파트"
"45105","인천광역시 남동구 도림동","654-2","0654","0002","벽산블루밍","전세","84.8500","202506","04","27,000","0","16","2008","도림로 8","202506~202706","갱신","-","25,000","0","아파트"
"45106","인천광역시 연수구 청학동","450","0450","0000","서해","월세","84.8900","202506","04","2,000","90","2","1993","미추홀대로251번길 9","202506~202706","신규","-","","","아파트"
"45107","인천광역시 연수구 청학동","451","0451","0000","시대","전세","35.7430","202506","04","12,000","0","11","1994","용담로 3","202508~202708","신규","-","","","아파트"
"45108","인천광역시 연수구 청학동","454","0454","0000","용담마을","전세","49.3050","202506","04","12,500","0","4","1994","용담로 25","202507~202707","신규","-","","","아파트"
"45109","인천광역시 연수구 청학동","454","0454","0000","용담마을","월세","49.9950","202506","04","1,000","65","4","1994","용담로 25","202507~202707","신규","-","","","아파트"
"45110","인천광역시 미추홀구 주안동","1487-7","1487","0007","광명8","월세","44.1900","202506","04","700","40","5","1988","인주대로418번길 19","202506~202706","신규","-","","","아파트"
"45111","인천광역시 미추홀구 주안동","18-2","0018","0002","미도","월세","66.0900","202506","04","500","50","5","1984","주염로 34","202507~202607","신규","-","","","아파트"
"45112","인천광역시 미추홀구 주안동","170-2","0170","0002","이안아파트","전세","77.8500","202506","04","17,000","0","8","2015","석바위로80번길 6","202506~202704","갱신","-","17,000","0","아파트"
"45113","인천광역시 미추홀구 주안동","1493-1","1493","0001","아주","월세","51.7500","202506","04","500","45","2","1983","인하로299번길 14","202506~202706","신규","-","","","아파트"
"45114","인천광역시 미추홀구 주안동","19-48","0019","0048","삼미","월세","39.5150","202506","04","2,000","35","3","1988","석정로461번길 11","202506~202706","신규","-","","","아파트"
"45115","인천광역시 미추홀구 주안동","1678","1678","0000","힐스테이트푸르지오주안","전세","59.7200","202506","04","22,000","0","15","2023","남주길 150","202508~202708","갱신","사용","21,000","0","아파트"
"45116","인천광역시 미추홀구 주안동","229-7","0229","0007","성우아파트","월세","49.7050","202506","04","12,000","30","6","2015","미추홀대로733번길 30","202507~202707","신규","-","","","아파트"
"45117","인천광역시 연수구 옥련동","628","0628","0000","현대1","전세","43.2000","202506","04","10,000","0","7","1994","옥련로 33","202506~202706","신규","-","","","아파트"
"45118","인천광역시 연수구 옥련동","628","0628","0000","현대1","전세","43.2000","202506","04","10,000","0","7","1994","옥련로 33","202506~202706","갱신","-","10,000","0","아파트"
"45119","인천광역시 연수구 옥련동","639-1","0639","0001","현대5","전세","59.9850","202506","04","19,500","0","10","1997","한진로 50","202506~202706","신규","-","","","아파트"
"45120","인천광역시 연수구 옥련동","118-44","0118","0044","송도역서해그랑블더파크","월세","75.9190","202506","04","3,000","120","13","2025","한진로 77","202506~202706","신규","-","","","아파트"
"45121","인천광역시 연수구 연수동","534","0534","0000","유천","월세","60.0700","202506","04","2,000","80","2","1993","먼우금로 302","202507~202707","신규","-","","","아파트"
"45122","인천광역시 연수구 연수동","532","0532","0000","대림","전세","84.7950","202506","04","28,000","0","4","1993","원인재로 300","202506~202606","갱신","-","28,000","0","아파트"
"45123","인천광역시 연수구 연수동","540","0540","0000","문남마을","월세","49.2400","202506","04","1,000","70","1","1994","함박뫼로 100","202506~202706","신규","-","","","아파트"
"45124","인천광역시 연수구 동춘동","가-","0000","0000","송도파크레인동일하이빌","월세","84.9044","202506","04","3,000","140","20","2019","능허대로 343","202507~202707","신규","-","","","아파트"
"45125","인천광역시 연수구 송도동","396-7","0396","0007","송도자이크리스탈오션","전세","110.9168","202506","04","70,000","0","10","2024","랜드마크로360번길 40","202506~202706","신규","-","","","아파트"
"45126","인천광역시 연수구 송도동","4-1","0004","0001","더샵퍼스트월드","전세","116.1250","202506","04","42,000","0","21","2009","해돋이로 107","202507~202707","신규","-","","","아파트"
"45127","인천광역시 연수구 송도동","30-1","0030","0001","디에트르송도시그니처뷰","전세","114.9815","202506","04","60,000","0","7","2023","인천타워대로 393","202506~202706","신규","-","","","아파트"
"45128","인천광역시 연수구 송도동","192-8","0192","0008","베르디움더퍼스트","전세","74.5812","202506","04","35,000","0","3","2017","송도문화로84번길 84","202507~202707","신규","-","","","아파트"
"45129","인천광역시 연수구 송도동","19-7","0019","0007","송도자이하버뷰2단지","전세","144.9570","202506","04","65,000","0","8","2011","컨벤시아대로130번길 32","202505~202705","갱신","-","65,000","0","아파트"
"45130","인천광역시 연수구 송도동","191-4","0191","0004","송도에듀포레푸르지오","전세","59.9410","202506","04","30,450","0","32","2016","송도문화로84번길 24","202506~202706","갱신","-","29,000","0","아파트"
"45131","인천광역시 연수구 송도동","319-1","0319","0001","e편한세상송도","전세","70.5618","202506","04","27,000","0","7","2018","랜드마크로 113","202507~202707","신규","-","","","아파트"
"45132","인천광역시 연수구 송도동","396-11","0396","0011","송도자이더스타","월세","84.9964","202506","04","1,000","205","17","2024","아카데미로343번길 63","202506~202606","신규","-","","","아파트"
"45133","인천광역시 연수구 송도동","10-30","0010","0030","송도SK뷰센트럴","전세","84.6566","202506","04","45,000","0","30","2020","하모니로188번길 17","202506~202706","신규","-","","","아파트"
"45134","인천광역시 연수구 송도동","397-11","0397","0011","힐스테이트레이크송도1차","전세","84.9200","202506","04","33,000","0","9","2019","아카데미로312번길 177","202507~202707","신규","-","","","아파트"
"45135","인천광역시 연수구 송도동","192-8","0192","0008","베르디움더퍼스트","전세","84.9572","202506","04","34,500","0","12","2017","송도문화로84번길 84","202506~202706","갱신","사용","33,000","0","아파트"
"45136","인천광역시 연수구 송도동","310-1","0310","0001","송도오션파크베르디움","전세","84.8470","202506","04","35,000","0","31","2020","랜드마크로 110","202508~202708","신규","-","","","아파트"
"45137","인천광역시 연수구 송도동","396-11","0396","0011","송도자이더스타","전세","84.7098","202506","04","44,000","0","14","2024","아카데미로343번길 63","202508~202708","신규","-","","","아파트"
"45138","인천광역시 연수구 송도동","192-8","0192","0008","베르디움더퍼스트","전세","74.9413","202506","04","33,600","0","12","2017","송도문화로84번길 84","202506~202706","갱신","-","32,000","0","아파트"
"45139","인천광역시 연수구 송도동","308-1","0308","0001","더샵송도마리나베이","전세","84.2020","202506","04","35,000","0","17","2020","랜드마크로 160","202508~202708","신규","-","","","아파트"
"45140","인천광역시 연수구 송도동","4-1","0004","0001","더샵퍼스트월드","월세","123.0200","202506","04","4,000","220","25","2009","해돋이로 107","202506~202706","신규","-","","","아파트"
"45141","인천광역시 연수구 송도동","396-1","0396","0001","송도LuxeOceanSKVIEW","전세","84.9577","202506","04","35,000","0","29","2025","랜드마크로 350","202507~202707","신규","-","","","아파트"
"45142","인천광역시 연수구 송도동","112","0112","0000","송도더샵마스터뷰23-1BL","전세","84.9200","202506","04","37,000","0","21","2015","컨벤시아대로274번길 15","202508~202708","신규","-","","","아파트"
"45143","인천광역시 연수구 송도동","19-5","0019","0005","송도푸르지오하버뷰","월세","150.2994","202506","04","15,000","350","9","2011","컨벤시아대로130번길 80","202507~202707","신규","-","","","아파트"
"45144","인천광역시 연수구 송도동","319-1","0319","0001","e편한세상송도","전세","70.5618","202506","04","27,000","0","7","2018","랜드마크로 113","202507~202707","신규","-","","","아파트"
"45145","인천광역시 연수구 송도동","396-7","0396","0007","송도자이크리스탈오션","전세","110.9168","202506","04","70,000","0","10","2024","랜드마크로360번길 40","202506~202706","신규","-","","","아파트"
"45146","인천광역시 연수구 송도동","4-1","0004","0001","더샵퍼스트월드","월세","141.1620","202506","04","10,000","200","40","2009","해돋이로 107","202508~202708","신규","-","","","아파트"
"45147","인천광역시 미추홀구 용현동","627-534","0627","0534","신창미션힐","월세","84.6488","202506","04","3,000","100","12","2004","매소홀로 171","202506~202706","신규","-","","","아파트"
"45148","인천광역시 미추홀구 용현동","690","0690","0000","엘에이치미추홀3단지","월세","29.7800","202506","04","5,472","7","8","2018","낙섬중로 129","202507~202706","갱신","-","3,468","16","아파트"
"45149","인천광역시 중구 운남동","1779","1779","0000","영종센트럴푸르지오자이","월세","84.6348","202506","04","2,000","120","8","2019","은하수로 412","202507~202707","신규","-","","","아파트"
"45150","인천광역시 중구 운남동","1709-1","1709","0001","영종베르힐스카이시티","월세","84.6853","202506","04","2,000","90","5","2024","찬들로 141","202506~202706","신규","-","","","아파트"
"45151","인천광역시 중구 운남동","1598-1","1598","0001","운서SKVIEWskycityⅡ","전세","84.9126","202506","04","26,700","0","1","2022","흰바위로 249","202507~202707","신규","-","","","아파트"
"45152","인천광역시 중구 운남동","1778","1778","0000","운서역푸르지오더스카이","월세","84.6900","202506","04","3,000","56","20","2021","흰바위로 277","202508~202708","갱신","-","3,000","54","아파트"
"45153","인천광역시 중구 운서동","3104-1","3104","0001","운서SKVIEWSkycity","전세","84.9630","202506","04","30,000","0","7","2022","흰바위로 203","202507~202707","신규","-","","","아파트"
"45154","인천광역시 중구 운남동","1778","1778","0000","운서역푸르지오더스카이","월세","84.6900","202506","04","11,900","31","17","2021","흰바위로 277","202508~202708","갱신","-","11,900","29","아파트"
"45155","인천광역시 중구 운남동","1778","1778","0000","운서역푸르지오더스카이","월세","74.6200","202506","04","3,000","43","15","2021","흰바위로 277","202508~202707","신규","-","","","아파트"
"45156","인천광역시 중구 운남동","1778","1778","0000","운서역푸르지오더스카이","월세","62.6200","202506","04","7,300","24","4","2021","흰바위로 277","202507~202707","신규","-","","","아파트"
"45157","인천광역시 중구 운남동","1778","1778","0000","운서역푸르지오더스카이","월세","84.8300","202506","04","3,000","56","8","2021","흰바위로 277","202508~202708","갱신","-","3,000","55","아파트"
"45158","인천광역시 중구 중산동","1880-1","1880","0001","영종서희스타힐스","월세","84.7100","202506","04","2,000","120","15","2025","은하수로 350","202507~202707","신규","-","","","아파트"
"45159","인천광역시 중구 중산동","1872-1","1872","0001","영종신명스카이뷰주얼리","월세","57.0160","202506","04","1,000","80","29","2013","하늘달빛로 95","202507~202707","갱신","-","1,000","70","아파트"
"45160","인천광역시 중구 중산동","1881-1","1881","0001","하늘도시우미린1단지","월세","59.9400","202506","04","2,000","80","13","2012","은하수로 351","202506~202706","갱신","사용","2,000","75","아파트"
"45161","인천광역시 중구 중산동","1887-2","1887","0002","영종힐스테이트","전세","83.2940","202506","04","15,750","0","9","2012","하늘별빛로 66","202507~202707","갱신","사용","15,000","0","아파트"
"45162","인천광역시 중구 중산동","1881-1","1881","0001","하늘도시우미린1단지","전세","59.5500","202506","04","17,000","0","16","2012","은하수로 351","202506~202706","신규","-","","","아파트"
"45163","인천광역시 중구 중산동","1879-1","1879","0001","영종하늘도시KCC스위첸","전세","84.7380","202506","04","21,000","0","9","2019","은하수로 380","202506~202706","갱신","사용","20,000","0","아파트"
"45164","인천광역시 중구 중산동","1872-1","1872","0001","영종신명스카이뷰주얼리","월세","57.0160","202506","04","2,000","80","5","2013","하늘달빛로 95","202507~202707","신규","-","","","아파트"
"45165","인천광역시 중구 중산동","1887-1","1887","0001","영종하늘도시한라비발디","전세","115.4255","202506","04","24,150","0","13","2012","하늘별빛로 86","202506~202706","갱신","사용","23,000","0","아파트"
"45166","인천광역시 중구 중산동","1881-1","1881","0001","하늘도시우미린1단지","전세","59.5500","202506","04","17,000","0","16","2012","은하수로 351","202506~202706","신규","-","","","아파트"
"45167","인천광역시 중구 중산동","1871-3","1871","0003","하늘도시우미린2단지","월세","84.7834","202506","04","15,000","60","29","2012","하늘달빛로 113","202507~202707","신규","-","","","아파트"
"45168","인천광역시 중구 중산동","1879-1","1879","0001","영종하늘도시KCC스위첸","전세","84.7380","202506","04","21,000","0","2","2019","은하수로 380","202507~202707","갱신","사용","20,000","0","아파트"
"45169","인천광역시 중구 중산동","1878-1","1878","0001","인천영종한양수자인","전세","59.1270","202506","04","16,800","0","7","2012","은하수로 377","202506~202706","갱신","사용","16,000","0","아파트"
"45170","인천광역시 중구 중산동","1871-1","1871","0001","e편한세상영종국제도시센텀베뉴","전세","98.0214","202506","04","26,250","0","18","2023","하늘달빛로 139","202506~202706","갱신","사용","25,000","0","아파트"
"45171","인천광역시 중구 운남동","1778","1778","0000","운서역푸르지오더스카이","월세","84.6600","202506","04","3,000","49","1","2021","흰바위로 277","202508~202708","갱신","-","3,000","48","아파트"
"45172","인천광역시 미추홀구 도화동","550-7","0550","0007","세림펠리체","전세","36.6730","202506","04","11,970","0","6","2019","경인로 255","202507~202707","신규","-","","","아파트"
"45173","인천광역시 미추홀구 도화동","1011","1011","0000","더샵인천스카이타워1단지","전세","74.9643","202506","04","33,000","0","17","2020","숙골로88번길 12","202508~202802","신규","-","","","아파트"
"45174","인천광역시 미추홀구 도화동","1008","1008","0000","e편한세상도화6-2단지","월세","59.2200","202506","04","10,076","27","4","2018","숙골로88번길 56","202507~202707","신규","-","","","아파트"
"45175","인천광역시 중구 운남동","1778","1778","0000","운서역푸르지오더스카이","월세","74.6200","202506","04","8,900","26","10","2021","흰바위로 277","202508~202708","갱신","-","8,900","25","아파트"
"45176","인천광역시 중구 운남동","1778","1778","0000","운서역푸르지오더스카이","월세","84.6900","202506","04","3,000","56","7","2021","흰바위로 277","202508~202708","갱신","-","3,000","54","아파트"
"45177","인천광역시 중구 운남동","1709-1","1709","0001","영종베르힐스카이시티","월세","84.3391","202506","04","3,000","100","6","2024","찬들로 141","202506~202706","신규","-","","","아파트"
"45178","인천광역시 서구 가좌동","7","0007","0000","한신휴플러스","전세","59.9900","202506","04","15,724","0","13","2007","건지로 402","202510~202709","갱신","-","17,277","0","아파트"
"45179","인천광역시 서구 가좌동","207-1","0207","0001","영남","월세","60.2100","202506","04","500","45","5","1985","건지로334번길 50","202506~202706","신규","-","","","아파트"
"45180","인천광역시 서구 가좌동","7","0007","0000","한신휴플러스","전세","59.9900","202506","04","15,724","0","15","2007","건지로 402","202510~202710","갱신","-","17,277","0","아파트"
"45181","인천광역시 서구 당하동","1254-1","1254","0001","검단신도시한신더휴캐널파크(THEHUECANALPARK)","월세","74.4161","202506","04","2,300","145","16","2021","이음3로 125","202508~202708","신규","-","","","아파트"
"45182","인천광역시 서구 가좌동","7","0007","0000","한신휴플러스","월세","72.6900","202506","04","13,276","12","4","2007","건지로 402","202508~202708","갱신","-","12,861","11","아파트"
"45183","인천광역시 서구 가좌동","30-2","0030","0002","진주1","전세","52.1600","202506","04","8,000","0","14","1981","원적로 82","202506~202706","신규","-","","","아파트"
"45184","인천광역시 서구 가좌동","7","0007","0000","한신휴플러스","전세","59.9900","202506","04","15,724","0","10","2007","건지로 402","202507~202707","신규","-","","","아파트"
"45185","인천광역시 서구 가좌동","7","0007","0000","한신휴플러스","월세","72.6900","202506","04","3,793","32","11","2007","건지로 402","202506~202706","갱신","-","3,674","31","아파트"
"45186","인천광역시 서구 가좌동","7","0007","0000","한신휴플러스","전세","59.9900","202506","04","15,724","0","19","2007","건지로 402","202510~202710","갱신","-","17,277","0","아파트"
"45187","인천광역시 서구 가좌동","7","0007","0000","한신휴플러스","월세","72.6900","202506","04","3,793","47","10","2007","건지로 402","202510~202710","갱신","-","3,931","49","아파트"
"45188","인천광역시 계양구 동양동","581","0581","0000","동양주공2단지(임대)","월세","49.9100","202506","04","2,300","24","5","2006","동양로 96","202507~202706","갱신","-","2,197","23","아파트"
"45189","인천광역시 계양구 동양동","615","0615","0000","우남푸르미아","전세","84.9240","202506","04","31,000","0","10","2011","당미5길 7","202507~202707","신규","-","","","아파트"
"45190","인천광역시 계양구 임학동","30","0030","0000","유호","전세","57.4800","202506","04","13,000","0","5","1990","임학안로 34-10","202509~202709","신규","-","","","아파트"
"45191","인천광역시 계양구 방축동","235","0235","0000","계양하늘채파크포레","전세","84.8757","202506","04","31,600","0","15","2023","박촌로 19","202505~202705","갱신","사용","31,000","0","아파트"
"45192","인천광역시 서구 당하동","895-1","0895","0001","탑스빌(영남,신대진,성웅)아파트","전세","84.9400","202506","04","27,000","0","9","1998","서곶로 818","202509~202709","신규","-","","","아파트"
"45193","인천광역시 서구 당하동","895-1","0895","0001","탑스빌(영남,신대진,성웅)아파트","전세","84.9400","202506","04","27,000","0","9","1998","서곶로 818","202509~202709","신규","-","","","아파트"
"45194","인천광역시 서구 가좌동","7","0007","0000","한신휴플러스","전세","59.9900","202506","04","15,724","0","2","2007","건지로 402","202507~202707","신규","-","","","아파트"
"45195","인천광역시 계양구 효성동","677","0677","0000","e편한세상 계양 더프리미어","전세","59.9768","202506","04","30,400","0","28","2021","효서로 145","202507~202707","갱신","사용","29,000","0","아파트"
"45196","인천광역시 서구 당하동","1077-6","1077","0006","경원하이뷰","월세","23.6490","202506","04","500","42","9","2014","원당대로 638","202506~202606","신규","-","","","아파트"
"45197","인천광역시 서구 가정동","가-","0000","0000","루원시티SKLeaders'VIEW","전세","84.6419","202506","04","38,000","0","35","2022","가정로 437","202507~202707","신규","-","","","아파트"
"45198","인천광역시 서구 가정동","597-1","0597","0001","루원더퍼스트","전세","74.9100","202506","04","31,500","0","9","2019","봉오재2로 13","202506~202706","신규","-","","","아파트"
"45199","인천광역시 계양구 효성동","123-57","0123","0057","태산","전세","84.7650","202506","04","20,000","0","5","1997","봉오대로477번길 20","202510~202710","신규","-","","","아파트"
"45200","인천광역시 계양구 작전동","912-5","0912","0005","도두리마을대동","전세","59.8400","202506","04","24,000","0","11","1997","도두리로 74","202508~202708","신규","-","","","아파트"
"45201","인천광역시 계양구 작전동","912-5","0912","0005","도두리마을대동","전세","59.8400","202506","04","24,000","0","12","1997","도두리로 74","202507~202707","신규","-","","","아파트"
"45202","인천광역시 계양구 작전동","912-4","0912","0004","도두리마을동남","월세","40.3200","202506","04","1,000","60","9","1997","도두리로 62","202506~202706","신규","-","","","아파트"
"45203","인천광역시 계양구 작전동","953","0953","0000","힐스테이트자이계양","월세","59.7900","202506","04","25,000","50","16","2024","봉오대로651번길 9","202507~202707","신규","-","","","아파트"
"45204","인천광역시 서구 당하동","820-1","0820","0001","태평","월세","59.9700","202506","04","1,059","83","17","1999","독정로25번길 26-6","202506~202606","갱신","-","1,059","83","아파트"
"45205","인천광역시 서구 당하동","1314","1314","0000","검단신안인스빌어반퍼스트","월세","84.7322","202506","04","3,000","120","19","2022","이음1로 173","202507~202707","신규","-","","","아파트"
"45206","인천광역시 서구 공촌동","314","0314","0000","경남","월세","84.8900","202506","04","19,500","10","7","1998","심곡로194번길 30","202507~202707","신규","-","","","아파트"
"45207","인천광역시 계양구 효성동","677","0677","0000","e편한세상 계양 더프리미어","전세","59.8883","202506","04","31,500","0","28","2021","효서로 145","202508~202708","갱신","사용","30,000","0","아파트"
"45208","인천광역시 서구 석남동","208-1","0208","0001","동남","전세","51.4800","202506","04","8,500","0","5","1989","새오개로 19","202507~202707","신규","-","","","아파트"
"45209","인천광역시 서구 검암동","595-3","0595","0003","서해그랑블","월세","69.6616","202506","04","3,000","118","3","2003","승학로495번길 7","202508~202708","갱신","사용","3,000","115","아파트"
"45210","인천광역시 서구 가정동","610-1","0610","0001","루원시티프라디움","전세","84.9960","202506","04","28,300","0","12","2018","봉오재3로 66","202506~202706","갱신","사용","27,000","0","아파트"
"45211","인천광역시 서구 마전동","925","0925","0000","서해","전세","59.9400","202506","04","10,000","0","4","1992","검단로487번길 42","202507~202707","신규","-","","","아파트"
"45212","인천광역시 서구 마전동","1003-1","1003","0001","동아","전세","59.9800","202506","04","16,500","0","15","1999","완정로34번길 20","202506~202706","갱신","-","15,500","0","아파트"
"45213","인천광역시 서구 당하동","1037-3","1037","0003","금호어울림1차","전세","84.9917","202506","04","25,000","0","1","2004","고산후로78번길 9","202507~202707","신규","-","","","아파트"
"45214","인천광역시 서구 마전동","987-9","0987","0009","유호A단지(A1,A2동)","전세","44.8800","202506","04","8,500","0","5","1992","검단로518번길 12","202507~202707","신규","-","","","아파트"
"45215","인천광역시 계양구 효성동","200-1","0200","0001","현대4","전세","59.4000","202506","04","18,000","0","10","1995","새벌로112번길 12","202506~202706","갱신","-","18,000","0","아파트"
"45216","인천광역시 서구 신현동","302-1","0302","0001","루원e-편한세상하늘채아파트","전세","59.9990","202506","04","32,000","0","19","2010","가정로 387","202508~202711","신규","-","","","아파트"
"45217","인천광역시 서구 신현동","304-2","0304","0002","루원시티루에블리","월세","49.9900","202506","04","8,975","18","2","2018","봉오재1로 49","202505~202707","갱신","-","3,875","43","아파트"
"45218","인천광역시 계양구 효성동","286","0286","0000","동아","월세","45.1800","202506","04","1,000","40","5","1986","새벌로 159","202506~202706","신규","-","","","아파트"
"45219","인천광역시 계양구 효성동","286","0286","0000","동아","월세","45.1800","202506","04","1,000","40","5","1986","새벌로 159","202506~202706","신규","-","","","아파트"
"45220","인천광역시 계양구 효성동","677","0677","0000","e편한세상 계양 더프리미어","전세","59.9768","202506","04","30,450","0","27","2021","효서로 145","202508~202702","갱신","사용","29,000","0","아파트"
"45221","인천광역시 남동구 논현동","602-1","0602","0001","논현단풍마을트리플에듀","월세","84.3800","202506","04","4,000","110","5","2006","소래역로 94","202507~202707","신규","-","","","아파트"
"45222","인천광역시 부평구 삼산동","393-4","0393","0004","삼산주공미래타운5차","월세","84.3400","202506","04","4,000","108","1","2000","영성중로 16","202506~202706","신규","-","","","아파트"
"45223","인천광역시 부평구 부평동","956","0956","0000","부평역한라비발디트레비앙","월세","39.8860","202506","04","12,800","16","2","2023","동수북로 188","202412~202702","갱신","-","8,800","40","아파트"
"45224","인천광역시 부평구 부평동","415-8","0415","0008","인스테이션","월세","21.0700","202506","04","500","50","8","2012","주부토로 48","202506~202606","신규","-","","","아파트"
"45225","인천광역시 부평구 부평동","431-8","0431","0008","신한타워","월세","76.0300","202506","04","1,500","110","12","2004","부평대로 144","202506~202706","신규","-","","","아파트"
"45226","인천광역시 부평구 부평동","64-20","0064","0020","대림1차","월세","50.1550","202506","04","1,000","70","2","1989","부영로 196","202507~202707","신규","-","","","아파트"
"45227","인천광역시 부평구 부평동","70-123","0070","0123","동아(2차)","전세","59.8200","202506","04","22,000","0","14","1996","부흥로 246","202506~202707","신규","-","","","아파트"
"45228","인천광역시 부평구 부평동","956","0956","0000","부평역한라비발디트레비앙","전세","39.8860","202506","04","21,300","0","13","2023","동수북로 188","202507~202707","신규","-","","","아파트"
"45229","인천광역시 부평구 부평동","457-1","0457","0001","삼성캐슬(457-1)","월세","59.9600","202506","04","2,500","75","13","2015","충선로 11","202506~202706","신규","-","","","아파트"
"45230","인천광역시 부평구 부평동","946","0946","0000","래미안부평(임대)","월세","39.0530","202506","04","4,800","60","13","2014","길주남로10번길 11","202506~202706","신규","-","","","아파트"
"45231","인천광역시 부평구 부평동","500-19","0500","0019","리코팰리스1차","전세","49.3000","202506","04","14,500","0","7","2013","동수천로7번길 10","202507~202707","신규","-","","","아파트"
"45232","인천광역시 부평구 부평동","70-5","0070","0005","동아(1차)","전세","76.7400","202506","04","24,500","0","7","1989","부평문화로 37","202509~202709","신규","-","","","아파트"
"45233","인천광역시 부평구 갈산동","361-4","0361","0004","대동1","전세","106.6200","202506","04","29,000","0","10","1992","주부토로 193","202506~202706","갱신","사용","28,000","0","아파트"
"45234","인천광역시 부평구 부개동","477-1","0477","0001","대동","전세","40.4450","202506","04","10,000","0","4","1989","길주로 640","202507~202707","신규","-","","","아파트"
"45235","인천광역시 부평구 십정동","630","0630","0000","더샵부평센트럴시티","월세","84.5552","202506","04","3,500","135","3","2022","열우물로 90","202507~202707","신규","-","","","아파트"
"45236","인천광역시 부평구 십정동","642","0642","0000","힐스테이트부평","월세","75.9500","202506","04","3,150","110","23","2023","경원대로 1192","202508~202708","갱신","사용","3,000","110","아파트"
"45237","인천광역시 부평구 십정동","630","0630","0000","더샵부평센트럴시티","월세","59.8032","202506","04","13,000","35","8","2022","열우물로 90","202508~202707","신규","-","","","아파트"
"45238","인천광역시 부평구 십정동","642","0642","0000","힐스테이트부평","전세","46.9800","202506","04","20,000","0","23","2023","경원대로 1192","202506~202706","갱신","-","19,000","0","아파트"
"45239","인천광역시 부평구 십정동","630","0630","0000","더샵부평센트럴시티","월세","69.2824","202506","04","16,500","44","16","2022","열우물로 90","202506~202706","갱신","-","16,500","44","아파트"
"45240","인천광역시 부평구 십정동","630","0630","0000","더샵부평센트럴시티","월세","59.5381","202506","04","7,000","65","18","2022","열우물로 90","202506~202706","갱신","-","7,000","63","아파트"
"45241","인천광역시 부평구 십정동","630","0630","0000","더샵부평센트럴시티","전세","69.2824","202506","04","28,875","0","22","2022","열우물로 90","202506~202706","갱신","사용","27,500","0","아파트"
"45242","인천광역시 부평구 십정동","630","0630","0000","더샵부평센트럴시티","월세","59.8032","202506","04","10,000","54","21","2022","열우물로 90","202507~202707","신규","-","","","아파트"
"45243","인천광역시 부평구 십정동","630","0630","0000","더샵부평센트럴시티","월세","59.5385","202506","04","7,000","54","15","2022","열우물로 90","202506~202706","신규","-","","","아파트"
"45244","인천광역시 부평구 십정동","630","0630","0000","더샵부평센트럴시티","월세","69.2824","202506","04","16,500","44","16","2022","열우물로 90","202506~202706","신규","-","","","아파트"
"45245","인천광역시 부평구 십정동","630","0630","0000","더샵부평센트럴시티","월세","59.8032","202506","04","13,000","35","8","2022","열우물로 90","202508~202707","신규","-","","","아파트"
"45246","인천광역시 부평구 십정동","630","0630","0000","더샵부평센트럴시티","월세","18.7080","202506","04","3,200","15","3","2022","열우물로 90","202506~202706","신규","-","","","아파트"
"45247","인천광역시 남동구 논현동","634-1","0634","0001","어진마을한화꿈에그린(6단지)","전세","126.9260","202506","04","39,000","0","24","2007","논현로 106","202507~202707","신규","-","","","아파트"
"45248","인천광역시 남동구 논현동","755-4","0755","0004","에코메트로12","전세","101.9910","202506","04","33,000","0","13","2009","논고개로 10","202506~202706","갱신","-","33,000","0","아파트"
"45249","인천광역시 남동구 논현동","643-1","0643","0001","논현휴먼시아범마을(2단지)","월세","46.9000","202506","04","6,683","24","10","2008","은봉로166번길 27","202507~202706","갱신","-","3,422","18","아파트"
"45250","인천광역시 부평구 산곡동","510","0510","0000","부평산곡푸르지오","전세","59.9050","202506","04","28,350","0","2","2011","안남로 269","202507~202707","갱신","사용","27,000","0","아파트"
"45251","인천광역시 부평구 산곡동","91-2","0091","0002","부평IPARK","전세","69.2800","202506","04","37,500","0","32","2020","길주로364번길 9","202507~202707","신규","-","","","아파트"
"45252","인천광역시 부평구 산곡동","306-3","0306","0003","우성4차","월세","84.9700","202506","04","2,000","70","12","1991","안남로123번길 46","202507~202707","신규","-","","","아파트"
"45253","인천광역시 서구 청라동","139-1","0139","0001","청라한화꿈에그린","전세","112.9319","202506","04","30,000","0","19","2012","크리스탈로 148","202506~202607","갱신","-","29,000","0","아파트"
"45254","인천광역시 서구 청라동","185-1","0185","0001","힐데스하임","월세","59.9435","202506","04","5,000","90","13","2011","청라라임로 17","202507~202707","신규","-","","","아파트"
"45255","인천광역시 서구 청라동","139-1","0139","0001","청라한화꿈에그린","월세","100.7927","202506","04","4,000","140","7","2012","크리스탈로 148","202506~202706","갱신","사용","4,000","130","아파트"
"45256","인천광역시 서구 청라동","168-1","0168","0001","호반베르디움","전세","84.8324","202506","04","35,000","0","7","2011","청라에메랄드로76번길 14","202507~202707","신규","-","","","아파트"
"45257","인천광역시 서구 청라동","107-1","0107","0001","청라한라비발디","전세","101.7327","202506","04","40,000","0","3","2011","청라한울로 17","202508~202708","신규","-","","","아파트"
"45258","인천광역시 서구 청라동","154-1","0154","0001","청라더샵레이크파크","전세","137.2240","202506","04","52,500","0","8","2013","크리스탈로74번길 26","202506~202706","갱신","사용","50,000","0","아파트"
"45259","인천광역시 서구 불로동","806","0806","0000","불로e-편한세상","전세","84.8610","202506","04","21,000","0","17","2005","고산후로 398","202508~202708","신규","-","","","아파트"
"45260","인천광역시 서구 불로동","1001","1001","0000","힐스테이트신검단센트럴","월세","99.0528","202506","04","3,000","135","17","2025","고산후로 249","202507~202607","신규","-","","","아파트"
"45261","인천광역시 서구 불로동","806","0806","0000","불로e-편한세상","전세","84.8610","202506","04","21,000","0","17","2005","고산후로 398","202508~202708","신규","-","","","아파트"
"45262","인천광역시 서구 원당동","987","0987","0000","검단신도시로제비앙라포레","전세","79.0123","202506","04","30,000","0","4","2022","서로3로 277","202506~202706","신규","-","","","아파트"
"45263","인천광역시 서구 원당동","823-1","0823","0001","원당LG자이(원당지구69BL1L)","월세","59.9490","202506","04","2,000","90","13","2004","원당대로839번길 34","202506~202706","신규","-","","","아파트"
"45264","인천광역시 서구 청라동","159-1","0159","0001","청라롯데캐슬","전세","141.1803","202506","04","53,000","0","5","2013","청라커낼로 252","202507~202707","신규","-","","","아파트"
"45265","인천광역시 서구 청라동","168-1","0168","0001","호반베르디움","전세","84.8324","202506","04","35,000","0","7","2011","청라에메랄드로76번길 14","202507~202707","신규","-","","","아파트"
"45266","인천광역시 서구 금곡동","722-2","0722","0002","동남","전세","59.7000","202506","04","16,000","0","17","1999","완정로 242","202507~202707","갱신","-","15,000","0","아파트"
"45267","인천광역시 서구 금곡동","722-2","0722","0002","동남","월세","59.7000","202506","04","16,000","21","17","1999","완정로 242","202507~202707","갱신","-","15,000","13","아파트"
"45268","인천광역시 서구 청라동","130-2","0130","0002","청라웰카운티1차","전세","84.9792","202506","04","31,500","0","13","2010","청라에메랄드로 156","202507~202707","신규","-","","","아파트"
"45269","인천광역시 서구 오류동","1719-4","1719","0004","왕길역아테라","월세","84.9780","202506","04","3,000","120","9","2025","봉화로 60-11","202506~202706","신규","-","","","아파트"
"45270","인천광역시 서구 청라동","165-10","0165","0010","서해그랑블","전세","59.9744","202506","04","30,000","0","12","2010","청라에메랄드로 65","202508~202708","신규","-","","","아파트"
"45271","인천광역시 서구 왕길동","273-5","0273","0005","원흥","전세","69.8700","202506","04","11,000","0","6","1993","검단로 419","202507~202707","신규","-","","","아파트"
"45272","인천광역시 서구 청라동","103-16","0103","0016","청라SKVIEW","전세","126.7750","202506","04","36,500","0","1","2011","솔빛로 93","202506~202706","갱신","-","35,000","0","아파트"
"45273","인천광역시 서구 청라동","154-1","0154","0001","청라더샵레이크파크","전세","100.5900","202506","04","42,000","0","46","2013","크리스탈로74번길 26","202506~202706","갱신","-","35,500","0","아파트"
"45274","인천광역시 서구 청라동","185-1","0185","0001","힐데스하임","전세","59.8871","202506","03","32,000","0","20","2011","청라라임로 17","202506~202706","신규","-","","","아파트"
"45275","인천광역시 서구 불로동","가-","0000","0000","신검단중앙역풍경채어바니티2차","전세","110.8875","202506","03","34,000","0","8","2025","고산후로 305","202508~202708","신규","-","","","아파트"
"45276","인천광역시 서구 불로동","372","0372","0000","퀸스타운(길훈)","월세","84.9900","202506","03","2,000","90","18","1999","검단로 786","202506~202706","신규","-","","","아파트"
"45277","인천광역시 서구 원당동","1084-1","1084","0001","검단신도시대방디에트르리버파크","전세","59.9971","202506","03","30,000","0","14","2022","이음1로 332","202508~202708","신규","-","","","아파트"
"45278","인천광역시 서구 원당동","1022-1","1022","0001","우미린더시그니처","전세","74.0973","202506","03","33,600","0","3","2022","이음5로 39","202508~202708","갱신","사용","32,000","0","아파트"
"45279","인천광역시 서구 청라동","130-4","0130","0004","호반베르디움앤영무예다음","전세","59.9360","202506","03","28,500","0","1","2011","청라에메랄드로 134","202507~202707","신규","-","","","아파트"
"45280","인천광역시 서구 청라동","160-1","0160","0001","청라린스트라우스","월세","101.3622","202506","03","5,000","180","33","2013","청라라임로 85","202508~202708","갱신","사용","5,000","180","아파트"
"45281","인천광역시 서구 청라동","84-7","0084","0007","인천청라시티프라디움","전세","84.9940","202506","03","38,000","0","3","2021","청라한내로 131","202508~202708","신규","-","","","아파트"
"45282","인천광역시 서구 왕길동","697-1","0697","0001","드림파크어울림1단지","전세","84.9025","202506","03","25,000","0","6","2010","봉화로 18","202507~202707","신규","-","","","아파트"
"45283","인천광역시 서구 원당동","1022-1","1022","0001","우미린더시그니처","전세","84.9732","202506","03","36,000","0","2","2022","이음5로 39","202507~202707","신규","-","","","아파트"
"45284","인천광역시 서구 왕길동","697-1","0697","0001","드림파크어울림1단지","전세","84.9025","202506","03","25,000","0","6","2010","봉화로 18","202507~202707","신규","-","","","아파트"
"45285","인천광역시 서구 원당동","1065-2","1065","0002","우미린더헤리티지","전세","59.8229","202506","03","30,000","0","5","2022","이음4로 94","202507~202707","신규","-","","","아파트"
"45286","인천광역시 서구 원당동","1022","1022","0000","호반써밋1차","전세","84.8981","202506","03","33,000","0","3","2021","이음5로 15","202508~202708","갱신","-","31,000","0","아파트"
"45287","인천광역시 서구 청라동","130-4","0130","0004","호반베르디움앤영무예다음","월세","59.8600","202506","03","2,000","105","14","2011","청라에메랄드로 134","202508~202708","갱신","사용","2,000","100","아파트"
"45288","인천광역시 서구 원당동","1063","1063","0000","검단신도시모아엘가그랑데","월세","59.5224","202506","03","2,000","130","21","2023","이음4로 93","202507~202707","신규","-","","","아파트"
"45289","인천광역시 미추홀구 용현동","557-1","0557","0001","유원용현","전세","77.9510","202506","03","19,300","0","14","1989","낙섬중로 102","202506~202706","신규","-","","","아파트"
"45290","인천광역시 미추홀구 학익동","산36-10","0036","0010","서원","전세","52.8540","202506","03","7,000","0","6","1990","학익소로61번길 36-23","202507~202707","신규","-","","","아파트"
"45291","인천광역시 미추홀구 학익동","38","0038","0000","한국공영","월세","46.4500","202506","03","1,000","30","5","1982","학익소로63번길 37","202506~202706","신규","-","","","아파트"
"45292","인천광역시 중구 중산동","1881-2","1881","0002","스카이시티자이","전세","98.9437","202506","03","32,000","0","23","2018","하늘별빛로 111","202506~202706","갱신","-","29,000","0","아파트"
"45293","인천광역시 미추홀구 용현동","647","0647","0000","용현2단지금호타운","전세","71.2500","202506","03","20,000","0","18","1999","매소홀로 68","202506~202706","갱신","사용","20,000","0","아파트"
"45294","인천광역시 미추홀구 용현동","689","0689","0000","용현엘크루윈드포레","월세","39.9500","202506","03","1,000","80","7","2018","낙섬동로 135","202506~202706","신규","-","","","아파트"
"45295","인천광역시 중구 중산동","1887-4","1887","0004","e편한세상영종국제도시오션하임","월세","84.9515","202506","03","1,000","130","17","2018","두미포로 112","202506~202606","신규","-","","","아파트"
"45296","인천광역시 중구 중산동","1887-2","1887","0002","영종힐스테이트","전세","83.3720","202506","03","23,000","0","25","2012","하늘별빛로 66","202507~202707","신규","-","","","아파트"
"45297","인천광역시 동구 송림동","347","0347","0000","엘에이치브리즈힐","월세","59.9900","202506","03","2,000","89","24","2021","송림로162번길 9","202506~202706","갱신","사용","2,000","85","아파트"
"45298","인천광역시 중구 중산동","1879-1","1879","0001","영종하늘도시KCC스위첸","월세","84.7380","202506","03","2,000","120","4","2019","은하수로 380","202508~202708","신규","-","","","아파트"
"45299","인천광역시 중구 중산동","1878-1","1878","0001","인천영종한양수자인","월세","59.1006","202506","03","300","35","21","2012","은하수로 377","202507~202606","갱신","-","300","35","아파트"
"45300","인천광역시 미추홀구 숭의동","362-19","0362","0019","힐스테이트숭의역","월세","59.9833","202506","03","5,000","80","26","2025","인주대로 5","202506~202706","신규","-","","","아파트"
"45301","인천광역시 미추홀구 숭의동","42-1","0042","0001","제물포(42-1)","전세","56.1900","202506","03","9,000","0","5","1978","수봉로 6-11","202201~202610","신규","-","","","아파트"
"45302","인천광역시 미추홀구 숭의동","159-1","0159","0001","광해리드빌","전세","67.5890","202506","03","14,500","0","8","2003","미추로 61","202507~202707","신규","-","","","아파트"
"45303","인천광역시 중구 중산동","1872-1","1872","0001","영종신명스카이뷰주얼리","월세","56.7130","202506","03","2,000","68","16","2013","하늘달빛로 95","202506~202706","갱신","사용","2,000","65","아파트"
"45304","인천광역시 중구 중산동","1871-1","1871","0001","e편한세상영종국제도시센텀베뉴","월세","84.9927","202506","03","3,000","130","11","2023","하늘달빛로 139","202506~202706","신규","-","","","아파트"
"45305","인천광역시 중구 중산동","1887-2","1887","0002","영종힐스테이트","전세","83.2940","202506","03","22,000","0","20","2012","하늘별빛로 66","202506~202706","신규","-","","","아파트"
"45306","인천광역시 중구 중산동","1881-1","1881","0001","하늘도시우미린1단지","전세","59.9400","202506","03","17,500","0","20","2012","은하수로 351","202507~202707","신규","-","","","아파트"
"45307","인천광역시 미추홀구 학익동","48-14","0048","0014","신동아3","전세","57.2300","202506","03","16,000","0","12","1991","매소홀로475번길 18","202507~202707","신규","-","","","아파트"
"45308","인천광역시 동구 만석동","122","0122","0000","만석비치타운 주공아파트","월세","52.9200","202506","03","1,000","60","12","2002","화도진로 187","202506~202706","신규","-","","","아파트"
"45309","인천광역시 중구 운북동","1366-8","1366","0008","영종BENESTWeHome골든마레","월세","84.8443","202506","03","1,000","80","14","2023","자연대로 667","202507~202607","신규","-","","","아파트"
"45310","인천광역시 중구 중산동","1872-1","1872","0001","영종신명스카이뷰주얼리","전세","56.6190","202506","03","13,500","0","6","2013","하늘달빛로 95","202507~202707","갱신","-","13,000","0","아파트"
"45311","인천광역시 남동구 간석동","917-2","0917","0002","두진","월세","59.4300","202506","03","2,000","60","10","1994","호구포로899번길 8","202506~202706","신규","-","","","아파트"
"45312","인천광역시 남동구 만수동","1115-1","1115","0001","포레시안","월세","84.9300","202506","03","3,000","115","11","2011","만수서로 55","202507~202707","신규","-","","","아파트"
"45313","인천광역시 남동구 만수동","1115-1","1115","0001","포레시안","전세","84.3500","202506","03","30,000","0","4","2011","만수서로 55","202508~202708","신규","-","","","아파트"
"45314","인천광역시 남동구 만수동","29","0029","0000","만수주공1단지","월세","47.1000","202506","03","1,000","45","5","1986","만수로 14-25","202507~202707","신규","-","","","아파트"
"45315","인천광역시 남동구 만수동","29","0029","0000","만수주공2단지","월세","61.5200","202506","03","2,000","55","10","1987","백범로124번길 43","202506~202706","신규","-","","","아파트"
"45316","인천광역시 남동구 서창동","640","0640","0000","청광플러스원아파트","월세","84.9944","202506","03","33,000","15","7","2017","서창남순환로 82","202506~202706","갱신","-","29,000","0","아파트"
"45317","인천광역시 남동구 서창동","682","0682","0000","서창센트럴푸르지오","전세","84.9800","202506","03","31,500","0","25","2018","서창남순환로 55","202506~202703","갱신","사용","30,000","0","아파트"
"45318","인천광역시 남동구 만수동","1115-1","1115","0001","포레시안","전세","84.3500","202506","03","26,250","0","20","2011","만수서로 55","202506~202706","갱신","사용","25,000","0","아파트"
"45319","인천광역시 남동구 간석동","495-5","0495","0005","금호","전세","84.7000","202506","03","21,000","0","13","1988","구월로 73","202506~202706","갱신","-","20,000","0","아파트"
"45320","인천광역시 연수구 송도동","308-1","0308","0001","더샵송도마리나베이","전세","84.4546","202506","03","32,000","0","8","2020","랜드마크로 160","202508~202708","신규","-","","","아파트"
"45321","인천광역시 연수구 송도동","397-11","0397","0011","힐스테이트레이크송도1차","전세","99.5900","202506","03","36,750","0","19","2019","아카데미로312번길 177","202508~202708","갱신","사용","35,000","0","아파트"
"45322","인천광역시 연수구 송도동","190-4","0190","0004","송도더샵센트럴시티","월세","59.9700","202506","03","10,000","58","4","2018","송도국제대로 261","-","-","-","","","아파트"
"45323","인천광역시 연수구 송도동","190-2","0190","0002","글로벌캠퍼스푸르지오","전세","84.9800","202506","03","42,000","0","38","2013","송도문화로28번길 28","202508~202708","신규","-","","","아파트"
"45324","인천광역시 연수구 송도동","111","0111","0000","송도더샵마스터뷰22BL","전세","84.9200","202506","03","41,000","0","16","2015","컨벤시아대로274번길 35","202506~202706","갱신","-","35,000","0","아파트"
"45325","인천광역시 연수구 송도동","23-5","0023","0005","송도센트럴파크푸르지오","전세","96.5158","202506","03","70,000","0","37","2015","센트럴로 160","202508~202708","신규","-","","","아파트"
"45326","인천광역시 연수구 송도동","18-6","0018","0006","더샵그린워크1차","전세","101.9294","202506","03","51,000","0","2","2014","아트센터대로97번길 30","202508~202708","신규","-","","","아파트"
"45327","인천광역시 연수구 선학동","353","0353","0000","아주","월세","84.0600","202506","03","6,000","60","1","1992","선학로 90","202506~202606","신규","-","","","아파트"
"45328","인천광역시 연수구 송도동","155","0155","0000","송도아메리칸타운아이파크","월세","72.5170","202506","03","3,000","147","35","2018","송도과학로27번길 15","202506~202706","갱신","사용","3,000","140","아파트"
"45329","인천광역시 연수구 송도동","396-11","0396","0011","송도자이더스타","전세","84.9282","202506","03","45,000","0","16","2024","아카데미로343번길 63","202506~202706","신규","-","","","아파트"
"45330","인천광역시 연수구 송도동","312-1","0312","0001","호반써밋송도","전세","84.7005","202506","03","35,000","0","35","2023","랜드마크로 20","202507~202707","신규","-","","","아파트"
"45331","인천광역시 연수구 송도동","191-4","0191","0004","송도에듀포레푸르지오","전세","72.2530","202506","03","36,000","0","26","2016","송도문화로84번길 24","202506~202706","갱신","-","34,000","0","아파트"
"45332","인천광역시 연수구 송도동","18-5","0018","0005","송도더샵그린워크3차(17-1블럭)","전세","84.7300","202506","03","39,900","0","15","2015","아트센터대로97번길 20","202508~202708","갱신","사용","38,000","0","아파트"
"45333","인천광역시 연수구 송도동","9-29","0009","0029","송도웰카운티2단지","전세","107.8100","202506","03","50,000","0","7","2007","해송로 70","202508~202708","신규","-","","","아파트"
"45334","인천광역시 연수구 송도동","3-46","0003","0046","아이파크송도","전세","134.1870","202506","03","50,000","0","9","2005","해돋이로6번길 7","202506~202706","갱신","사용","80,000","0","아파트"
"45335","인천광역시 미추홀구 주안동","395-30","0395","0030","세명102동","월세","34.7900","202506","03","300","35","6","2002","주안로47번길 18-21","202506~202706","신규","-","","","아파트"
"45336","인천광역시 연수구 옥련동","643-2","0643","0002","풍림","전세","44.4000","202506","03","14,500","0","3","1998","비류대로186번길 20","202508~202708","신규","-","","","아파트"
"45337","인천광역시 미추홀구 주안동","1614","1614","0000","월드스테이트(112~123)","전세","59.9960","202506","03","25,200","0","16","2008","경원대로 884","202506~202706","갱신","사용","24,000","0","아파트"
"45338","인천광역시 미추홀구 주안동","1662","1662","0000","주안파크자이더플래티넘","전세","59.9583","202506","03","30,000","0","16","2023","인하로222번길 20","202507~202707","신규","-","","","아파트"
"45339","인천광역시 미추홀구 주안동","77-3","0077","0003","주안지웰에스테이트","전세","59.3954","202506","03","23,000","0","11","2019","경인로 403","202507~202707","신규","-","","","아파트"
"45340","인천광역시 미추홀구 주안동","220-1","0220","0001","명주아르디에","월세","40.3400","202506","03","300","55","7","2012","미추홀대로733번길 27","202506~202606","신규","-","","","아파트"
"45341","인천광역시 연수구 동춘동","920-1","0920","0001","대우3","전세","134.1225","202506","03","30,000","0","4","1993","동곡재로117번길 22","202506~202706","갱신","-","30,000","0","아파트"
"45342","인천광역시 연수구 동춘동","1149","1149","0000","서해그랑블포레스트","전세","59.8632","202506","03","24,150","0","13","2019","능허대로446번길 12","202508~202708","갱신","사용","23,000","0","아파트"
"45343","인천광역시 연수구 동춘동","1149","1149","0000","서해그랑블포레스트","전세","59.8632","202506","03","35,000","0","15","2019","능허대로446번길 12","202506~202706","신규","-","","","아파트"
"45344","인천광역시 연수구 연수동","578-2","0578","0002","주공3","전세","44.6600","202506","03","12,600","0","14","1993","새말로 154","202507~202707","갱신","사용","12,000","0","아파트"
"45345","인천광역시 연수구 연수동","582-2","0582","0002","승기마을,연수1차시영","월세","26.8200","202506","03","500","45","8","1992","원인재로 212","202506~202706","신규","-","","","아파트"
"45346","인천광역시 연수구 청학동","455","0455","0000","하나타운1","월세","35.8100","202506","03","1,000","55","3","1995","용담로 14","202506~202706","신규","-","","","아파트"
"45347","인천광역시 연수구 송도동","319-1","0319","0001","e편한세상송도","월세","84.2538","202506","03","2,000","150","12","2018","랜드마크로 113","202506~202509","신규","-","","","아파트"
"45348","인천광역시 연수구 송도동","396-11","0396","0011","송도자이더스타","월세","84.9964","202506","03","3,000","150","11","2024","아카데미로343번길 63","202506~202706","신규","-","","","아파트"
"45349","인천광역시 미추홀구 주안동","1678","1678","0000","힐스테이트푸르지오주안","전세","59.9600","202506","03","19,950","0","6","2023","남주길 150","202508~202708","갱신","사용","19,000","0","아파트"
"45350","인천광역시 미추홀구 주안동","1678","1678","0000","힐스테이트푸르지오주안","월세","59.9600","202506","03","5,000","110","21","2023","남주길 150","202508~202708","신규","-","","","아파트"
"45351","인천광역시 미추홀구 주안동","1556-59","1556","0059","캐슬앤더샵","전세","84.9992","202506","03","29,000","0","25","2022","경원대로780번길 22","202506~202706","갱신","-","28,000","0","아파트"
"45352","인천광역시 미추홀구 주안동","1600","1600","0000","신비마을","월세","49.3500","202506","03","2,000","50","1","1994","주승로 148","202507~202707","신규","-","","","아파트"
"45353","인천광역시 연수구 송도동","308-1","0308","0001","더샵송도마리나베이","월세","84.9160","202506","03","2,000","150","1","2020","랜드마크로 160","202506~202706","신규","-","","","아파트"
"45354","인천광역시 연수구 송도동","30-1","0030","0001","디에트르송도시그니처뷰","전세","114.9815","202506","03","65,000","0","32","2023","인천타워대로 393","202510~202710","신규","-","","","아파트"
"45355","인천광역시 연수구 송도동","161-3","0161","0003","송도캐슬&해모로","전세","84.4815","202506","03","30,000","0","6","2013","송도과학로51번길 136","202508~202708","신규","-","","","아파트"
"45356","인천광역시 연수구 연수동","582-2","0582","0002","승기마을,연수1차시영","월세","26.8200","202506","03","500","52","6","1992","원인재로 212","202506~202706","신규","-","","","아파트"
"45357","인천광역시 연수구 연수동","582-2","0582","0002","승기마을,연수1차시영","월세","44.2200","202506","03","1,000","65","12","1992","원인재로 212","202507~202707","신규","-","","","아파트"
"45358","인천광역시 연수구 연수동","582-2","0582","0002","승기마을,연수1차시영","전세","26.8200","202506","03","8,500","0","1","1992","원인재로 212","202508~202708","신규","-","","","아파트"
"45359","인천광역시 연수구 연수동","633","0633","0000","대동","전세","75.1200","202506","03","23,000","0","5","1993","벚꽃로 172","202508~202708","신규","-","","","아파트"
"45360","인천광역시 미추홀구 주안동","1678","1678","0000","힐스테이트푸르지오주안","전세","59.9600","202506","03","19,950","0","20","2023","남주길 150","202507~202707","갱신","사용","19,000","0","아파트"
"45361","인천광역시 미추홀구 주안동","1487-7","1487","0007","광명8","월세","48.6000","202506","03","1,000","40","1","1988","인주대로418번길 19","202509~202709","신규","-","","","아파트"
"45362","인천광역시 미추홀구 주안동","1678","1678","0000","힐스테이트푸르지오주안","월세","84.9700","202506","03","16,000","95","16","2023","남주길 150","202508~202608","신규","-","","","아파트"
"45363","인천광역시 연수구 연수동","582-2","0582","0002","솔밭마을아파트","월세","49.5600","202506","03","1,000","70","10","1993","원인재로 232","202506~202706","신규","-","","","아파트"
"45364","인천광역시 연수구 옥련동","640-1","0640","0001","아주1","전세","84.8100","202506","03","21,000","0","5","1997","옥련로99번길 44","202508~202708","신규","-","","","아파트"
"45365","인천광역시 연수구 옥련동","643-2","0643","0002","풍림","전세","44.4000","202506","03","14,500","0","3","1998","비류대로186번길 20","202508~202708","신규","-","","","아파트"
"45366","인천광역시 연수구 송도동","312-1","0312","0001","호반써밋송도","전세","84.7005","202506","03","35,000","0","35","2023","랜드마크로 20","202507~202706","신규","-","","","아파트"
"45367","인천광역시 연수구 송도동","100","0100","0000","송도더샵퍼스트파크F13-1BL","전세","95.8700","202506","03","48,000","0","37","2017","컨벤시아대로252번길 70","202507~202707","신규","-","","","아파트"
"45368","인천광역시 연수구 송도동","319-1","0319","0001","e편한세상송도","전세","70.5618","202506","03","30,000","0","31","2018","랜드마크로 113","202507~202707","신규","-","","","아파트"
"45369","인천광역시 부평구 삼산동","387-2","0387","0002","삼산주공미래타운1차","전세","59.3900","202506","03","20,000","0","1","2000","부평북로 431","202507~202707","신규","-","","","아파트"
"45370","인천광역시 부평구 부개동","498-5","0498","0005","부개주공3","전세","49.9600","202506","03","20,500","0","10","1996","길주남로 144","202509~202709","신규","-","","","아파트"
"45371","인천광역시 부평구 갈산동","362","0362","0000","하나","월세","84.7500","202506","03","3,000","100","16","1992","갈월서로 45","202507~202707","신규","-","","","아파트"
"45372","인천광역시 부평구 갈산동","359","0359","0000","주공1단지","전세","49.9400","202506","03","18,900","0","10","1992","굴포로 81","202508~202708","신규","-","","","아파트"
"45373","인천광역시 부평구 갈산동","362","0362","0000","하나","전세","84.7500","202506","03","29,000","0","2","1992","갈월서로 45","202507~202707","신규","-","","","아파트"
"45374","인천광역시 남동구 논현동","773-1","0773","0001","에코메트로10","월세","143.2650","202506","03","5,000","190","13","2010","아암대로1503번길 21","202507~202707","신규","-","","","아파트"
"45375","인천광역시 부평구 삼산동","553","0553","0000","브라운스톤부평","전세","59.9834","202506","03","32,500","0","25","2023","후정로 8","202507~202707","신규","-","","","아파트"
"45376","인천광역시 부평구 삼산동","553","0553","0000","브라운스톤부평","전세","59.9900","202506","03","31,500","0","1","2023","후정로 8","202508~202708","신규","-","","","아파트"
"45377","인천광역시 부평구 삼산동","454-4","0454","0004","서해그랑블5단지","전세","130.0383","202506","03","59,000","0","14","2004","굴포로 158","202508~202708","신규","-","","","아파트"
"45378","인천광역시 부평구 삼산동","454-4","0454","0004","서해그랑블5단지","전세","130.0383","202506","03","59,000","0","14","2004","굴포로 158","202508~202708","신규","-","","","아파트"
"45379","인천광역시 부평구 부개동","498-5","0498","0005","부개주공3","전세","59.5600","202506","03","18,900","0","18","1996","길주남로 144","202507~202707","갱신","사용","18,000","0","아파트"
"45380","인천광역시 부평구 부개동","502-8","0502","0008","부개주공7단지","전세","59.9900","202506","03","23,000","0","7","1998","동수천로 118","202507~202707","신규","-","","","아파트"
"45381","인천광역시 부평구 부개동","498-5","0498","0005","부개주공3","월세","49.9600","202506","03","3,000","65","12","1996","길주남로 144","202506~202706","갱신","-","3,000","55","아파트"
"45382","인천광역시 부평구 십정동","630","0630","0000","더샵부평센트럴시티","전세","84.5552","202506","03","34,650","0","43","2022","열우물로 90","202507~202707","갱신","사용","33,000","0","아파트"
"45383","인천광역시 부평구 십정동","642","0642","0000","힐스테이트부평","전세","84.9900","202506","03","45,000","0","26","2023","경원대로 1192","202508~202708","신규","-","","","아파트"
"45384","인천광역시 부평구 부개동","498-5","0498","0005","부개주공3","월세","59.9300","202506","03","3,000","90","11","1996","길주남로 144","202506~202706","신규","-","","","아파트"
"45385","인천광역시 부평구 부개동","296-2","0296","0002","리노빌","월세","48.9219","202506","03","2,000","55","13","2003","수변로9번길 10","202506~202706","신규","-","","","아파트"
"45386","인천광역시 부평구 부평동","222-4","0222","0004","노블레스뷰","월세","42.8100","202506","03","1,000","75","6","2015","시장로61번길 6","202507~202707","신규","-","","","아파트"
"45387","인천광역시 부평구 부평동","612-7","0612","0007","태원애지앙아파트","전세","59.8067","202506","03","17,700","0","13","2006","장제로28번길 15","202507~202707","신규","-","","","아파트"
"45388","인천광역시 부평구 부평동","938","0938","0000","부평LH2단지","월세","84.9100","202506","03","10,000","80","14","2012","동수로120번길 43","202507~202707","신규","-","","","아파트"
"45389","인천광역시 부평구 부평동","1017","1017","0000","부평역해링턴플레이스","전세","84.8180","202506","03","40,000","0","31","2024","동수로 36","202508~202708","신규","-","","","아파트"
"45390","인천광역시 부평구 부평동","222-4","0222","0004","노블레스뷰","월세","42.8100","202506","03","1,000","75","6","2015","시장로61번길 6","202507~202707","신규","-","","","아파트"
"45391","인천광역시 부평구 부평동","160-69","0160","0069","이준리치빌","월세","15.0300","202506","03","100","42","5","2011","경원대로 1425-1","202506~202512","신규","-","","","아파트"
"45392","인천광역시 부평구 부평동","612-7","0612","0007","태원애지앙아파트","전세","59.8067","202506","03","18,000","0","13","2006","장제로28번길 15","202507~202707","신규","-","","","아파트"
"45393","인천광역시 부평구 청천동","200","0200","0000","부평1,2차금호타운","월세","59.8050","202506","03","5,000","70","20","1998","안남로 272","202507~202707","신규","-","","","아파트"
"45394","인천광역시 부평구 갈산동","359","0359","0000","주공1단지","월세","41.3000","202506","03","1,000","60","2","1992","굴포로 81","202507~202707","신규","-","","","아파트"
"45395","인천광역시 부평구 부개동","477-3","0477","0003","뉴서울","전세","39.4800","202506","03","13,200","0","7","1989","충선로 191","202507~202707","갱신","사용","13,200","0","아파트"
"45396","인천광역시 부평구 산곡동","182","0182","0000","한양(182)","월세","55.1200","202506","03","1,000","60","3","1988","마장로 287","202506~202706","신규","-","","","아파트"
"45397","인천광역시 부평구 산곡동","550","0550","0000","부평캐슬&더샵퍼스트","전세","59.9295","202506","03","34,000","0","18","2024","산청로 60","202507~202707","신규","-","","","아파트"
"45398","인천광역시 부평구 산곡동","135-4","0135","0004","부성","전세","56.0100","202506","03","13,100","0","4","1985","원적로 442","202507~202707","갱신","사용","12,500","0","아파트"
"45399","인천광역시 부평구 산곡동","307","0307","0000","현대1차","전세","72.5400","202506","03","19,000","0","14","1986","경원대로 1269","202508~202708","신규","-","","","아파트"
"45400","인천광역시 부평구 산곡동","124-23","0124","0023","한화2단지","전세","59.8800","202506","03","20,000","0","1","1999","원적로 361","202506~202706","갱신","-","16,000","0","아파트"
"45401","인천광역시 부평구 산곡동","124-23","0124","0023","한화2단지","전세","84.9500","202506","03","26,000","0","6","1999","원적로 361","202506~202706","갱신","사용","25,000","0","아파트"
"45402","인천광역시 부평구 부개동","497-1","0497","0001","상우신명보람","전세","111.4100","202506","03","43,000","0","9","1998","길주남로 175","202508~202708","신규","-","","","아파트"
"45403","인천광역시 서구 당하동","1272-2","1272","0002","유승한내들 에듀파크","전세","92.2153","202506","03","35,000","0","21","2021","이음3로 130","202507~202707","신규","-","","","아파트"
"45404","인천광역시 서구 경서동","994","0994","0000","인천경서아시아드대광로제비앙","월세","84.0741","202506","03","2,000","130","9","2017","모월곶로 41","202507~202707","갱신","-","2,000","120","아파트"
"45405","인천광역시 서구 경서동","727-1","0727","0001","가이아샹베르2차","월세","84.5496","202506","03","2,500","100","17","2005","경서로31번길 47","202507~202607","신규","-","","","아파트"
"45406","인천광역시 계양구 서운동","230","0230","0000","계양효성해링턴플레이스","전세","59.9770","202506","03","30,400","0","10","2021","서운로 34","202507~202707","갱신","사용","29,000","0","아파트"
"45407","인천광역시 계양구 서운동","230","0230","0000","계양효성해링턴플레이스","전세","84.9860","202506","03","36,750","0","19","2021","서운로 34","202506~202706","갱신","사용","35,000","0","아파트"
"45408","인천광역시 계양구 계산동","36","0036","0000","태산","월세","45.3000","202506","03","1,000","45","6","1990","계산새로33번길 26","202507~202707","신규","-","","","아파트"
"45409","인천광역시 계양구 박촌동","310","0310","0000","한화꿈에그린","월세","84.9700","202506","03","2,000","115","2","2005","동양로 10","202506~202512","신규","-","","","아파트"
"45410","인천광역시 계양구 계산동","348-2","0348","0002","하나","월세","39.9600","202506","03","1,500","45","3","1988","경명대로1114번길 6","202506~202706","신규","-","","","아파트"
"45411","인천광역시 서구 검암동","605-1","0605","0001","신명스카이뷰3차","월세","84.9660","202506","03","3,000","105","9","2004","승학로471번길 7","202507~202707","신규","-","","","아파트"
"45412","인천광역시 서구 검암동","629-1","0629","0001","신명스카이뷰1","전세","84.9660","202506","03","23,100","0","13","2003","승학로 447","202506~202706","갱신","사용","22,000","0","아파트"
"45413","인천광역시 서구 검암동","501-1","0501","0001","풍림아이원2차","전세","59.9400","202506","03","27,500","0","11","2004","검암로 53","202510~202710","신규","-","","","아파트"
"45414","인천광역시 서구 심곡동","285","0285","0000","대동","월세","59.9100","202506","03","1,575","74","15","1996","심곡로 135","202506~202706","갱신","-","1,500","70","아파트"
"45415","인천광역시 서구 석남동","489","0489","0000","효정(489)","월세","39.8700","202506","03","500","35","3","1989","서달로123번길 9","202507~202707","신규","-","","","아파트"
"45416","인천광역시 서구 석남동","489","0489","0000","효정(489)","월세","39.8700","202506","03","500","35","3","1989","서달로123번길 9","202507~202707","신규","-","","","아파트"
"45417","인천광역시 서구 석남동","520-11","0520","0011","제니스15차","전세","46.6700","202506","03","14,700","0","4","2016","염곡로260번길 12","202506~202706","갱신","-","16,000","0","아파트"
"45418","인천광역시 서구 석남동","471-2","0471","0002","덕산","전세","59.9700","202506","03","10,000","0","4","1990","서달로123번길 4","202506~202706","신규","-","","","아파트"
"45419","인천광역시 서구 마전동","1055-1","1055","0001","당하3차풍림아이원","월세","59.9060","202506","03","2,000","95","6","2004","원당대로685번길 23","202506~202509","갱신","-","18,000","0","아파트"
"45420","인천광역시 서구 마전동","1029-2","1029","0002","검단1차대주피오레","전세","123.3669","202506","03","31,000","0","4","2007","완정로65번안길 10","202506~202706","신규","-","","","아파트"
"45421","인천광역시 서구 마전동","1053-1","1053","0001","당하2차풍림아이원","전세","59.9060","202506","03","24,000","0","17","2004","원당대로685번길 30","202507~202707","신규","-","","","아파트"
"45422","인천광역시 서구 마전동","999-18","0999","0018","검단2차풍림아이원","전세","84.8495","202506","03","24,000","0","9","2005","완정로64번길 23","202508~202708","신규","-","","","아파트"
"45423","인천광역시 서구 마전동","1148-1","1148","0001","마전금호어울림","전세","84.9978","202506","03","18,000","0","9","2007","가현로 33","202509~202709","신규","-","","","아파트"
"45424","인천광역시 서구 마전동","987-11","0987","0011","유호B단지(B1,B2동)","월세","59.6400","202506","03","1,000","55","2","1992","검단로502번길 21-5","202507~202707","신규","-","","","아파트"
"45425","인천광역시 계양구 효성동","78-1","0078","0001","신한","월세","60.0000","202506","03","2,000","75","20","1996","봉오대로555번길 5","202506~202706","신규","-","","","아파트"
"45426","인천광역시 계양구 작전동","861-1","0861","0001","코오롱","월세","53.0550","202506","03","2,000","70","9","1989","봉오대로691번길 4","202507~202707","신규","-","","","아파트"
"45427","인천광역시 계양구 용종동","213-2","0213","0002","초정마을(두산)","전세","122.0400","202506","03","42,000","0","7","1997","계양문화로 142","202506~202706","갱신","사용","40,000","0","아파트"
"45428","인천광역시 계양구 용종동","213-2","0213","0002","초정마을(두산)","전세","96.1500","202506","03","36,000","0","1","1997","계양문화로 142","202507~202707","신규","-","","","아파트"
"45429","인천광역시 계양구 용종동","213-2","0213","0002","초정마을(쌍용)","전세","96.1500","202506","03","36,000","0","16","1997","계양문화로 142","202507~202707","신규","-","","","아파트"
"45430","인천광역시 서구 연희동","729-1","0729","0001","우성","전세","59.9290","202506","03","18,000","0","13","1997","대평로56번길 32","202508~202708","신규","-","","","아파트"
"45431","인천광역시 서구 가정동","564","0564","0000","진흥1","월세","57.7200","202506","03","1,000","40","1","1990","서달로179번길 6-10","202507~202707","신규","-","","","아파트"
"45432","인천광역시 서구 가정동","5-92","0005","0092","동우1","전세","37.9800","202506","03","3,000","0","4","1988","천마로13번길 6","202507~202707","신규","-","","","아파트"
"45433","인천광역시 서구 가정동","603-1","0603","0001","루원제일풍경채","전세","74.7683","202506","03","32,000","0","8","2018","봉오재3로 11","202508~202708","신규","-","","","아파트"
"45434","인천광역시 서구 가정동","610-1","0610","0001","루원시티프라디움","전세","84.9917","202506","03","34,650","0","24","2018","봉오재3로 66","202508~202708","갱신","사용","33,000","0","아파트"
"45435","인천광역시 서구 가정동","610-1","0610","0001","루원시티프라디움","전세","84.9970","202506","03","35,000","0","4","2018","봉오재3로 66","202507~202707","신규","-","","","아파트"
"45436","인천광역시 서구 당하동","1276-2","1276","0002","파라곤센트럴파크","월세","84.9595","202506","03","3,000","140","8","2022","이음2로 29","202509~202709","신규","-","","","아파트"
"45437","인천광역시 서구 당하동","1272-2","1272","0002","유승한내들 에듀파크","전세","84.2411","202506","03","29,000","0","17","2021","이음3로 130","202506~202706","갱신","사용","32,000","0","아파트"
"45438","인천광역시 서구 당하동","1305-1","1305","0001","우미린파크뷰1단지","전세","59.9380","202506","03","28,000","0","15","2023","이음2로 89","202508~202708","신규","-","","","아파트"
"45439","인천광역시 서구 당하동","1305-1","1305","0001","우미린파크뷰1단지","전세","59.9380","202506","03","28,000","0","15","2023","이음2로 89","202508~202708","신규","-","","","아파트"
"45440","인천광역시 서구 당하동","1318-8","1318","0008","검단신도시모아미래도엘리트파크","전세","84.6561","202506","03","31,000","0","12","2022","서로3로 50","202508~202708","신규","-","","","아파트"
"45441","인천광역시 서구 당하동","1075-9","1075","0009","검단힐스테이트5차","전세","99.4816","202506","03","31,500","0","4","2013","청마로34번길 6","202506~202706","갱신","사용","30,000","0","아파트"
"45442","인천광역시 서구 가좌동","30-86","0030","0086","진주3","월세","59.3600","202506","03","8,000","40","11","1989","장고개로309번길 29","202506~202708","신규","-","","","아파트"
"45443","인천광역시 계양구 계산동","931-28","0931","0028","지산그라띠아","월세","84.3173","202506","03","5,000","100","10","2003","경명대로1045번길 9-9","202506~202706","신규","-","","","아파트"
"45444","인천광역시 서구 당하동","1099-3","1099","0003","당하풍림아이원1차","월세","84.8441","202506","03","20,000","32","11","2004","청마로 160","202506~202610","갱신","-","20,000","40","아파트"
"45445","인천광역시 서구 경서동","994","0994","0000","인천경서아시아드대광로제비앙","전세","84.0741","202506","03","32,500","0","11","2017","모월곶로 41","202508~202708","신규","-","","","아파트"
"45446","인천광역시 서구 당하동","1318-6","1318","0006","검단신도시디에트르더펠리체","월세","84.7748","202506","03","5,000","131","5","2022","이음2로 30","202507~202707","갱신","사용","5,000","125","아파트"
"45447","인천광역시 서구 당하동","1311-1","1311","0001","우미린파크뷰2단지","전세","59.9380","202506","03","23,000","0","16","2023","이음2로 90","202508~202703","갱신","사용","22,000","0","아파트"
"45448","인천광역시 서구 백석동","가-","0000","0000","검암역로열파크씨티푸르지오1단지","전세","74.0057","202506","03","26,000","0","27","2023","한들로 33","202507~202707","갱신","사용","25,000","0","아파트"
"45449","인천광역시 서구 당하동","820-1","0820","0001","태평","월세","59.9700","202506","03","2,000","80","15","1999","독정로25번길 26-6","202507~202707","신규","-","","","아파트"
"45450","인천광역시 서구 마전동","999-5","0999","0005","영남탑스빌","전세","84.9700","202506","02","25,000","0","6","2000","완정로64번길 7","202507~202707","신규","-","","","아파트"
"45451","인천광역시 계양구 계산동","348-2","0348","0002","하나","월세","39.9600","202506","02","500","50","2","1987","경명대로1114번길 6","202507~202707","신규","-","","","아파트"
"45452","인천광역시 계양구 박촌동","313","0313","0000","박촌휴먼시아(임대)","월세","39.6300","202506","02","4,049","10","7","2009","장제로1025번길 20","202508~202707","갱신","-","3,957","9","아파트"
"45453","인천광역시 서구 마전동","999-8","0999","0008","검단우림필유","전세","84.9487","202506","02","21,000","0","1","2007","완정로34번길 29","202507~202707","갱신","-","18,000","0","아파트"
"45454","인천광역시 서구 마전동","1148-3","1148","0003","대원레스피아1차","전세","84.8494","202506","02","21,500","0","19","2004","가현로 41","202507~202707","신규","-","","","아파트"
"45455","인천광역시 서구 마전동","1148-3","1148","0003","대원레스피아1차","전세","84.8494","202506","02","22,000","0","19","2004","가현로 41","202507~202707","신규","-","","","아파트"
"45456","인천광역시 서구 신현동","151-3","0151","0003","효성","전세","70.8200","202506","02","15,000","0","1","1991","새오개로 53","202506~202706","신규","-","","","아파트"
"45457","인천광역시 서구 가정동","609-1","0609","0001","루원호반베르디움더센트럴","전세","73.1716","202506","02","31,500","0","16","2018","봉오재3로 75","202508~202708","신규","-","","","아파트"
"45458","인천광역시 서구 가정동","가-","0000","0000","루원시티SKLeaders'VIEW","전세","84.8254","202506","02","39,000","0","39","2022","가정로 437","202507~202707","신규","-","","","아파트"
"45459","인천광역시 서구 가정동","가-","0000","0000","루원시티SKLeaders'VIEW","전세","84.8254","202506","02","39,000","0","39","2022","가정로 437","202507~202707","신규","-","","","아파트"
"45460","인천광역시 계양구 효성동","24","0024","0000","뉴서울2","전세","39.8400","202506","02","5,000","0","5","1986","안남로 560","202506~202701","갱신","-","5,000","0","아파트"
"45461","인천광역시 계양구 동양동","582","0582","0000","한진해모로","전세","59.6100","202506","02","24,000","0","9","2006","동양로 100","202507~202707","신규","-","","","아파트"
"45462","인천광역시 계양구 효성동","286","0286","0000","동아","월세","45.1800","202506","02","1,000","45","1","1986","새벌로 159","202506~202706","신규","-","","","아파트"
"45463","인천광역시 계양구 효성동","623-16","0623","0016","새사미","월세","48.9300","202506","02","500","25","2","1985","봉오대로 441","202506~202706","신규","-","","","아파트"
"45464","인천광역시 계양구 병방동","432-5","0432","0005","학마을영남","월세","59.9400","202506","02","2,000","90","14","1997","장제로 878","202507~202707","신규","-","","","아파트"
"45465","인천광역시 서구 마전동","998-1","0998","0001","검단아이파크","전세","84.2846","202506","02","21,000","0","5","2007","완정로92번길 28","202507~202707","갱신","사용","20,000","0","아파트"
"45466","인천광역시 서구 석남동","532","0532","0000","금호어울림","전세","114.5945","202506","02","35,000","0","11","2007","가정로223번길 28","202507~202707","신규","-","","","아파트"
"45467","인천광역시 계양구 서운동","230","0230","0000","계양효성해링턴플레이스","전세","39.8820","202506","02","19,800","0","16","2021","서운로 34","202506~202706","신규","-","","","아파트"
"45468","인천광역시 서구 석남동","532","0532","0000","금호어울림","전세","114.5945","202506","02","35,000","0","11","2007","가정로223번길 28","202507~202707","신규","-","","","아파트"
"45469","인천광역시 서구 가좌동","7","0007","0000","한신휴플러스","전세","84.9500","202506","02","30,000","0","6","2007","건지로 404","202508~202708","신규","-","","","아파트"
"45470","인천광역시 서구 가좌동","199-2","0199","0002","인향","전세","43.8300","202506","02","9,000","0","5","1989","건지로334번길 39","202508~202708","신규","-","","","아파트"
"45471","인천광역시 서구 가좌동","210-6","0210","0006","진흥","월세","43.5600","202506","02","500","43","5","1987","신진말로28번길 16","202506~202706","신규","-","","","아파트"
"45472","인천광역시 서구 가좌동","199-2","0199","0002","인향","전세","43.8300","202506","02","9,000","0","5","1989","건지로334번길 39","202508~202708","신규","-","","","아파트"
"45473","인천광역시 계양구 서운동","178","0178","0000","서운동경남아너스빌","전세","101.8427","202506","02","32,000","0","3","2007","살라리로 21","202508~202708","신규","-","","","아파트"
"45474","인천광역시 서구 가좌동","199-2","0199","0002","인향","전세","43.8300","202506","02","9,000","0","5","1989","건지로334번길 39","202508~202708","신규","-","","","아파트"
"45475","인천광역시 계양구 작전동","34-5","0034","0005","삼천리","월세","41.8840","202506","02","300","45","3","1988","주부토로 470","202506~202706","신규","-","","","아파트"
"45476","인천광역시 계양구 효성동","242-6","0242","0006","신진","월세","68.3400","202506","02","11,000","20","2","1984","효서로 150","202506~202706","신규","-","","","아파트"
"45477","인천광역시 계양구 작전동","951","0951","0000","브라운스톤계양스카이","전세","59.9450","202506","02","30,000","0","13","2020","아나지로299번길 11","202506~202706","갱신","-","25,000","0","아파트"
"45478","인천광역시 계양구 동양동","586","0586","0000","동양주공4단지(임대)","월세","59.6100","202506","02","971","38","11","2006","둥그재산길 27","202505~202707","갱신","-","3,171","31","아파트"
"45479","인천광역시 계양구 작전동","915-1","0915","0001","까치마을한진","월세","37.3800","202506","02","1,000","55","2","1997","효서로 393","202506~202706","신규","-","","","아파트"
"45480","인천광역시 계양구 작전동","580","0580","0000","현대2-2차","월세","136.7700","202506","02","4,000","150","13","1993","효서로 381","202506~202706","신규","-","","","아파트"
"45481","인천광역시 계양구 방축동","235","0235","0000","계양하늘채파크포레","전세","59.8794","202506","02","21,000","0","10","2023","박촌로 19","202506~202706","갱신","사용","20,000","0","아파트"
"45482","인천광역시 서구 당하동","820-1","0820","0001","태평","전세","59.9700","202506","02","20,000","0","1","1999","독정로25번길 26-6","202508~202708","신규","-","","","아파트"
"45483","인천광역시 서구 당하동","1099-3","1099","0003","당하풍림아이원1차","전세","59.9841","202506","02","24,000","0","6","2004","청마로 160","202507~202707","신규","-","","","아파트"
"45484","인천광역시 서구 당하동","895-1","0895","0001","탑스빌(영남,신대진,성웅)아파트","월세","136.9500","202506","02","5,000","150","18","1998","서곶로 818","202506~202706","신규","-","","","아파트"
"45485","인천광역시 서구 당하동","820-1","0820","0001","태평","월세","59.9900","202506","02","2,000","80","9","1999","독정로25번길 26-6","202506~202706","신규","-","","","아파트"
"45486","인천광역시 서구 당하동","1233-1","1233","0001","아라역금강펜테리움더시글로2차","전세","84.9840","202506","02","32,000","0","2","2025","원당대로 938","202508~202708","신규","-","","","아파트"
"45487","인천광역시 계양구 계산동","20","0020","0000","주공","전세","41.3000","202506","02","13,000","0","8","1990","경명대로1142번길 3","202507~202706","신규","-","","","아파트"
"45488","인천광역시 계양구 계산동","76","0076","0000","영남","전세","59.9200","202506","02","15,000","0","3","1990","주부토로532번길 52","202507~202707","신규","-","","","아파트"
"45489","인천광역시 서구 검암동","595-5","0595","0005","마젤란21","전세","84.5879","202506","02","30,400","0","11","2006","도요지로189번길 104","202506~202706","갱신","사용","29,000","0","아파트"
"45490","인천광역시 계양구 계산동","20","0020","0000","주공","전세","49.9400","202506","02","17,000","0","8","1990","경명대로1142번길 3","202508~202708","신규","-","","","아파트"
"45491","인천광역시 계양구 병방동","433-1","0433","0001","학마을한진","월세","49.7700","202506","02","1,000","68","9","1998","용종로 124","202508~202708","갱신","사용","1,000","65","아파트"
"45492","인천광역시 계양구 계산동","906-2","0906","0002","휴인아파트","전세","68.3143","202506","02","23,000","0","3","2016","주부토로587번길 10","202507~202707","신규","-","","","아파트"
"45493","인천광역시 계양구 계산동","18-4","0018","0004","팬더2","전세","40.7600","202506","02","11,000","0","4","1989","경명대로1142번길 15","202507~202707","신규","-","","","아파트"
"45494","인천광역시 계양구 서운동","178","0178","0000","서운동경남아너스빌","전세","101.8427","202506","02","32,000","0","3","2007","살라리로 21","202508~202708","신규","-","","","아파트"
"45495","인천광역시 계양구 서운동","178","0178","0000","서운동경남아너스빌","전세","101.8427","202506","02","32,000","0","3","2007","살라리로 21","202508~202708","신규","-","","","아파트"
"45496","인천광역시 남동구 간석동","248-1","0248","0001","코지빌에이(HK)","월세","17.1600","202506","02","300","40","7","2012","예술로346번길 70","202506~202606","신규","-","","","아파트"
"45497","인천광역시 남동구 간석동","939-1","0939","0001","간석래미안자이","월세","59.9100","202506","02","2,000","135","23","2008","남동대로 860","202506~202706","신규","-","","","아파트"
"45498","인천광역시 남동구 구월동","23","0023","0000","구월힐스테이트1단지","전세","83.9829","202506","02","28,500","0","5","2007","구월로 192","202506~202606","갱신","사용","28,500","0","아파트"
"45499","인천광역시 남동구 간석동","941","0941","0000","인천간석휴먼시아2단지","월세","59.9300","202506","02","14,700","30","22","2014","백범로294번길 16","202506~202709","신규","-","","","아파트"
"45500","인천광역시 남동구 만수동","1043","1043","0000","만수주공10단지","월세","49.7700","202506","02","2,700","45","8","1994","장승남로 34","202506~202706","신규","-","","","아파트"
"45501","인천광역시 남동구 서창동","676","0676","0000","더포레스트","월세","59.9800","202506","02","10,382","22","12","2017","서창남순환로 140","202508~202707","갱신","-","4,472","48","아파트"
"45502","인천광역시 남동구 서창동","745","0745","0000","인천서창꿈에그린","월세","84.9900","202506","02","6,000","65","11","2019","운연천로 11","202509~202709","갱신","-","6,000","64","아파트"
"45503","인천광역시 남동구 간석동","383-18","0383","0018","해냄스토리아파트1","월세","62.5600","202506","02","1,000","85","5","2018","주안로259번길 6","202506~202706","신규","-","","","아파트"
"45504","인천광역시 남동구 만수동","1048","1048","0000","금호타운","월세","124.0500","202506","02","3,000","130","17","1992","담방로 22-16","202506~202706","신규","-","","","아파트"
"45505","인천광역시 남동구 만수동","881-1","0881","0001","신화","월세","43.2050","202506","02","1,000","35","1","1983","만경로8번길 41","202506~202706","신규","-","","","아파트"
"45506","인천광역시 남동구 만수동","46","0046","0000","만수주공3단지","전세","53.8500","202506","02","14,000","0","3","1986","백범로124번길 16","202506~202706","신규","-","","","아파트"
"45507","인천광역시 남동구 간석동","941","0941","0000","인천간석휴먼시아2단지","월세","59.9300","202506","02","14,700","30","22","2014","백범로294번길 16","202506~202706","신규","-","","","아파트"
"45508","인천광역시 남동구 만수동","17","0017","0000","만수주공5단지","전세","41.3000","202506","02","11,000","0","12","1987","백범로124번길 127","202506~202706","신규","-","","","아파트"
"45509","인천광역시 남동구 간석동","616-6","0616","0006","간석한신더휴","전세","84.9300","202506","02","30,500","0","16","2019","석정로461번길 50","202506~202706","갱신","-","29,000","0","아파트"
"45510","인천광역시 남동구 만수동","20","0020","0000","만수주공6단지","전세","38.5200","202506","02","9,000","0","2","1986","만수로50번길 19","202507~202707","신규","-","","","아파트"
"45511","인천광역시 남동구 구월동","1508","1508","0000","구월유승한내들퍼스티지","월세","84.3455","202506","02","3,000","160","26","2016","선수촌로 75","202507~202707","신규","-","","","아파트"
"45512","인천광역시 서구 원당동","1082-3","1082","0003","우미린리버포레","월세","59.0900","202506","02","12,900","25","26","2023","이음3로 221","202507~202707","신규","-","","","아파트"
"45513","인천광역시 강화군 선원면 창리","714","0714","0000","강화서희스타힐스1단지","월세","71.9635","202506","02","2,000","80","19","2024","중앙로 162-31","202506~202606","신규","-","","","아파트"
"45514","인천광역시 강화군 선원면 창리","714","0714","0000","강화서희스타힐스1단지","월세","71.9635","202506","02","3,000","70","12","2024","중앙로 162-31","202505~202705","신규","-","","","아파트"
"45515","인천광역시 서구 불로동","803-1","0803","0001","검단대광로제비앙센트럴포레","전세","74.9369","202506","02","27,000","0","11","2022","검단로768번길 46","202506~202706","신규","-","","","아파트"
"45516","인천광역시 서구 불로동","806","0806","0000","불로e-편한세상","월세","84.8610","202506","02","3,000","90","20","2005","고산후로 398","202507~202707","신규","-","","","아파트"
"45517","인천광역시 서구 불로동","864","0864","0000","힐스테이트검단포레스트","월세","84.9857","202506","02","3,000","110","25","2024","용해로 20","202507~202707","신규","-","","","아파트"
"45518","인천광역시 서구 불로동","가-","0000","0000","신검단중앙역풍경채어바니티2차","월세","74.8191","202506","02","2,000","120","21","2025","고산후로 305","202506~202706","신규","-","","","아파트"
"45519","인천광역시 서구 청라동","184-1","0184","0001","청라엘에이치","월세","59.9500","202506","02","3,216","43","15","2011","청라커낼로 232","202307~202506","갱신","-","4,616","40","아파트"
"45520","인천광역시 서구 청라동","159-1","0159","0001","청라롯데캐슬","전세","125.6244","202506","02","39,375","0","34","2013","청라커낼로 252","202506~202706","갱신","사용","37,500","0","아파트"
"45521","인천광역시 서구 청라동","103-27","0103","0027","청라힐스테이트","전세","84.9820","202506","02","31,000","0","12","2012","청라한내로 7","202508~202708","갱신","-","29,000","0","아파트"
"45522","인천광역시 서구 청라동","184-1","0184","0001","청라엘에이치","월세","59.9500","202506","02","2,337","47","15","2011","청라커낼로 232","202507~202706","갱신","-","4,616","40","아파트"
"45523","인천광역시 서구 청라동","139-1","0139","0001","청라한화꿈에그린","전세","100.7927","202506","02","31,500","0","5","2012","크리스탈로 148","202506~202706","갱신","사용","30,000","0","아파트"
"45524","인천광역시 서구 청라동","130-2","0130","0002","청라웰카운티1차","월세","84.4963","202506","02","3,000","135","16","2010","청라에메랄드로 156","202506~202706","신규","-","","","아파트"
"45525","인천광역시 서구 원당동","987-1","0987","0001","검단신도시디에트르더힐","전세","84.9157","202506","02","31,800","0","8","2022","서로3로 255","202506~202706","신규","-","","","아파트"
"45526","인천광역시 서구 원당동","987-1","0987","0001","검단신도시디에트르더힐","전세","84.9157","202506","02","31,800","0","8","2022","서로3로 255","202506~202506","신규","-","","","아파트"
"45527","인천광역시 서구 청라동","184-1","0184","0001","청라엘에이치","월세","36.8600","202506","02","4,053","10","15","2011","청라커낼로 232","202508~202707","갱신","-","1,792","15","아파트"
"45528","인천광역시 서구 청라동","184-1","0184","0001","청라엘에이치","월세","36.8600","202506","02","3,677","7","13","2011","청라커낼로 232","202508~202707","갱신","-","1,792","15","아파트"
"45529","인천광역시 서구 청라동","107-1","0107","0001","청라한라비발디","전세","101.7327","202506","02","28,350","0","3","2011","청라한울로 17","202507~202707","갱신","사용","27,000","0","아파트"
"45530","인천광역시 서구 청라동","139-1","0139","0001","청라한화꿈에그린","전세","100.5108","202506","02","41,500","0","2","2012","크리스탈로 148","202507~202707","신규","-","","","아파트"
"45531","인천광역시 서구 원당동","1024","1024","0000","검단 금호어울림 센트럴","월세","74.9400","202506","02","35,000","7","1","2021","이음5로 65","202507~202707","갱신","-","35,000","0","아파트"
"45532","인천광역시 서구 원당동","1020-1","1020","0001","검단신도시파라곤보타닉파크","월세","84.3259","202506","02","2,000","150","3","2022","서로3로 225","202508~202608","신규","-","","","아파트"
"45533","인천광역시 서구 청라동","173-1","0173","0001","청라29블럭호반베르디움","전세","84.9934","202506","02","37,000","0","28","2012","청라커낼로 163","202507~202707","신규","-","","","아파트"
"45534","인천광역시 중구 운남동","1778","1778","0000","운서역푸르지오더스카이","월세","84.5100","202506","02","11,900","30","8","2021","흰바위로 277","-","-","-","","","아파트"
"45535","인천광역시 중구 운서동","2924","2924","0000","영종어울림2차","전세","148.1870","202506","02","30,000","0","11","2009","영종대로327번길 12","202508~202708","신규","-","","","아파트"
"45536","인천광역시 중구 운북동","1366-8","1366","0008","영종BENESTWeHome골든마레","월세","84.8474","202506","02","1,000","80","15","2023","자연대로 667","202506~202705","신규","-","","","아파트"
"45537","인천광역시 중구 운북동","1366-8","1366","0008","영종BENESTWeHome골든마레","월세","84.9673","202506","02","1,500","60","18","2023","자연대로 667","202506~202706","신규","-","","","아파트"
"45538","인천광역시 중구 신흥동2가","54-5","0054","0005","삼익","월세","108.0000","202506","02","2,000","50","9","1979","인중로 97-1","202507~202707","신규","-","","","아파트"
"45539","인천광역시 미추홀구 도화동","1009","1009","0000","e편한세상도화6-1단지","월세","72.1400","202506","02","6,254","51","14","2018","숙골로88번길 46","202507~202706","갱신","-","6,254","51","아파트"
"45540","인천광역시 미추홀구 도화동","1009","1009","0000","e편한세상도화6-1단지","월세","72.8700","202506","02","10,120","39","21","2018","숙골로88번길 46","202507~202707","갱신","-","10,120","39","아파트"
"45541","인천광역시 미추홀구 도화동","1002","1002","0000","더샵인천스카이타워2단지","전세","84.9823","202506","02","37,000","0","23","2020","숙골로87번길 5","202506~202706","신규","-","","","아파트"
"45542","인천광역시 동구 화수동","2-7","0002","0007","미륭","전세","39.9240","202506","02","7,000","0","5","1990","화수로 44","202507~202707","신규","-","","","아파트"
"45543","인천광역시 중구 신흥동3가","31-13","0031","0013","인천유림노르웨이숲에듀오션","월세","59.8723","202506","02","3,000","80","15","2023","서해대로 278","202506~202706","신규","-","","","아파트"
"45544","인천광역시 미추홀구 학익동","413-1","0413","0001","장미1","월세","84.7800","202506","02","2,000","75","3","1984","소성로 72","202506~202706","신규","-","","","아파트"
"45545","인천광역시 미추홀구 학익동","732-3","0732","0003","엑슬루타워","전세","93.0670","202506","02","35,000","0","11","2010","매소홀로309번길 32","202506~202706","신규","-","","","아파트"
"45546","인천광역시 중구 중산동","1887-2","1887","0002","영종힐스테이트","전세","83.2940","202506","02","24,000","0","9","2012","하늘별빛로 66","202507~202712","신규","-","","","아파트"
"45547","인천광역시 중구 운서동","2743-1","2743","0001","풍림아이원5단지","월세","59.9600","202506","02","1,000","80","2","2002","신도시북로43번길 83","202506~202706","신규","-","","","아파트"
"45548","인천광역시 중구 운서동","2748-1","2748","0001","풍림아이원2단지1차","월세","59.9919","202506","02","1,000","70","5","2002","영종대로27번길 40","202506~202706","신규","-","","","아파트"
"45549","인천광역시 중구 운서동","2748-1","2748","0001","풍림아이원2단지1차","월세","59.9919","202506","02","1,000","75","4","2002","영종대로27번길 40","202507~202707","신규","-","","","아파트"
"45550","인천광역시 미추홀구 용현동","627-111","0627","0111","수정","월세","64.7600","202506","02","1,000","50","3","1985","아암대로 119","202508~202708","신규","-","","","아파트"
"45551","인천광역시 미추홀구 용현동","664","0664","0000","인천 SK Sky VIEW","전세","84.9939","202506","02","32,550","0","28","2016","용정공원로 33","202507~202707","갱신","사용","31,000","0","아파트"
"45552","인천광역시 미추홀구 용현동","659","0659","0000","인천용현엑슬루타워","월세","110.5065","202506","02","2,000","125","41","2011","아암대로29번길 16","202506~202706","신규","-","","","아파트"
"45553","인천광역시 미추홀구 용현동","가-","0000","0000","용현자이크레스트","전세","59.9700","202506","02","31,000","0","14","2023","낙섬동로 134","202508~202708","신규","-","","","아파트"
"45554","인천광역시 미추홀구 용현동","653","0653","0000","금호어울림4차","월세","84.8473","202506","02","3,000","95","14","2010","토금중로 60","202507~202707","신규","-","","","아파트"
"45555","인천광역시 중구 중산동","1881-1","1881","0001","하늘도시우미린1단지","월세","59.9400","202506","02","5,000","65","14","2012","은하수로 351","202506~202612","신규","-","","","아파트"
"45556","인천광역시 중구 중산동","1887-2","1887","0002","영종힐스테이트","월세","83.3720","202506","02","2,000","90","31","2012","하늘별빛로 66","202506~202706","갱신","-","2,000","75","아파트"
"45557","인천광역시 중구 중산동","1887-2","1887","0002","영종힐스테이트","전세","83.2940","202506","02","24,000","0","9","2012","하늘별빛로 66","202507~202712","신규","-","","","아파트"
"45558","인천광역시 중구 중산동","1872-1","1872","0001","영종신명스카이뷰주얼리","전세","56.5860","202506","02","18,000","0","19","2013","하늘달빛로 95","202507~202707","갱신","-","12,980","0","아파트"
"45559","인천광역시 중구 중산동","1889-2","1889","0002","영종국제도시화성파크드림","전세","73.7520","202506","02","18,900","0","31","2019","하늘별빛로 112","202507~202707","갱신","사용","18,000","0","아파트"
"45560","인천광역시 중구 중산동","1887-2","1887","0002","영종힐스테이트","전세","83.2940","202506","02","25,000","0","8","2012","하늘별빛로 66","202507~202707","신규","-","","","아파트"
"45561","인천광역시 중구 중산동","1878-1","1878","0001","인천영종한양수자인","월세","59.1006","202506","02","1,000","58","11","2012","은하수로 377","202506~202706","갱신","사용","1,000","55","아파트"
"45562","인천광역시 중구 중산동","1878-1","1878","0001","인천영종한양수자인","월세","59.1006","202506","02","1,000","58","11","2012","은하수로 377","202506~202706","갱신","사용","1,000","55","아파트"
"45563","인천광역시 중구 중산동","1872-3","1872","0003","영종국제도시수자인","월세","84.9000","202506","02","1,000","130","9","2024","하늘중앙로 271","202506~202706","신규","-","","","아파트"
"45564","인천광역시 중구 운남동","1778","1778","0000","운서역푸르지오더스카이","월세","84.8300","202506","02","3,000","56","10","2021","흰바위로 277","202508~202708","갱신","-","3,000","55","아파트"
"45565","인천광역시 중구 운남동","1766-2","1766","0002","영종국제도시화성파크드림2차","월세","64.3367","202506","02","2,000","105","9","2022","은하수로 436","202507~202707","신규","-","","","아파트"
"45566","인천광역시 중구 운남동","1680-2","1680","0002","e편한세상영종하늘도시","전세","84.8885","202506","02","24,150","0","4","2018","숲쟁이로 12","202506~202706","갱신","사용","23,000","0","아파트"
"45567","인천광역시 중구 운남동","1779","1779","0000","영종센트럴푸르지오자이","전세","64.6430","202506","02","24,500","0","12","2019","은하수로 412","202506~202706","갱신","-","18,500","0","아파트"
"45568","인천광역시 중구 운남동","1778","1778","0000","운서역푸르지오더스카이","월세","84.6900","202506","02","11,900","30","17","2021","흰바위로 277","202507~202707","신규","-","","","아파트"
"45569","인천광역시 중구 운남동","1778","1778","0000","운서역푸르지오더스카이","월세","62.6200","202506","02","8,100","27","14","2021","흰바위로 277","202508~202708","갱신","-","8,100","26","아파트"
"45570","인천광역시 중구 운남동","1778","1778","0000","운서역푸르지오더스카이","월세","84.8300","202506","02","3,000","56","13","2021","흰바위로 277","202508~202708","갱신","-","3,000","55","아파트"
"45571","인천광역시 중구 운남동","1778","1778","0000","운서역푸르지오더스카이","월세","84.8300","202506","02","11,900","31","15","2021","흰바위로 277","202508~202708","갱신","-","11,900","29","아파트"
"45572","인천광역시 중구 운남동","1778","1778","0000","운서역푸르지오더스카이","월세","62.6200","202506","02","8,100","27","4","2021","흰바위로 277","202508~202708","갱신","-","8,100","26","아파트"
"45573","인천광역시 중구 운남동","1778","1778","0000","운서역푸르지오더스카이","월세","62.6200","202506","02","3,000","42","4","2021","흰바위로 277","202508~202708","갱신","-","3,000","41","아파트"
"45574","인천광역시 중구 운남동","1778","1778","0000","운서역푸르지오더스카이","월세","74.6100","202506","02","3,000","49","9","2021","흰바위로 277","202508~202708","갱신","-","3,000","48","아파트"
"45575","인천광역시 중구 운남동","1778","1778","0000","운서역푸르지오더스카이","월세","84.6900","202506","02","11,900","30","17","2021","흰바위로 277","202507~202707","신규","-","","","아파트"
"45576","인천광역시 중구 항동7가","27-107","0027","0107","라이프비취2차","전세","55.9700","202506","02","6,000","0","1","1981","축항대로86번길 47","202507~202707","갱신","-","5,500","0","아파트"
"45577","인천광역시 부평구 부개동","477-3","0477","0003","뉴서울","전세","39.4800","202506","02","13,000","0","6","1989","충선로 191","202509~202708","신규","-","","","아파트"
"45578","인천광역시 부평구 갈산동","416","0416","0000","태화(416)","월세","59.9300","202506","02","3,000","70","19","1994","부평북로 313","202506~202706","신규","-","","","아파트"
"45579","인천광역시 부평구 삼산동","359","0359","0000","광명12차","전세","47.2600","202506","02","8,500","0","6","1990","후정동로 63","202506~202706","신규","-","","","아파트"
"45580","인천광역시 남동구 논현동","643-1","0643","0001","논현휴먼시아범마을(2단지)","월세","39.7200","202506","02","2,053","23","9","2008","은봉로166번길 27","202507~202706","갱신","-","1,961","22","아파트"
"45581","인천광역시 남동구 논현동","643-1","0643","0001","논현휴먼시아범마을(2단지)","월세","51.9300","202506","02","1,149","36","11","2008","은봉로166번길 27","202507~202706","신규","-","","","아파트"
"45582","인천광역시 부평구 삼산동","440-1","0440","0001","삼산타운주공1단지","월세","59.9900","202506","02","3,000","110","11","2005","굴포로 105","202507~202707","신규","-","","","아파트"
"45583","인천광역시 부평구 부개동","477-3","0477","0003","뉴서울","전세","39.4800","202506","02","13,000","0","8","1989","충선로 191","202506~202706","갱신","사용","13,000","0","아파트"
"45584","인천광역시 남동구 논현동","740-1","0740","0001","소래휴먼시아1단지","월세","29.4800","202506","02","2,697","7","9","2011","앵고개로815번길 70","202507~202706","갱신","-","2,572","6","아파트"
"45585","인천광역시 부평구 부개동","500-1","0500","0001","주공5단지(임대)","월세","49.9500","202506","02","6,262","15","1","1998","부개로 11","202507~202706","갱신","-","6,156","15","아파트"
"45586","인천광역시 남동구 논현동","773-1","0773","0001","에코메트로10","전세","143.2650","202506","02","55,000","0","38","2010","아암대로1503번길 21","202506~202706","갱신","-","55,000","0","아파트"
"45587","인천광역시 부평구 산곡동","124-23","0124","0023","한화1단지","전세","84.3700","202506","02","33,000","0","16","1997","원적로 361","202506~202706","신규","-","","","아파트"
"45588","인천광역시 부평구 산곡동","524","0524","0000","부평신일해피트리더루츠","전세","84.9860","202506","02","43,000","0","4","2022","산곡로 31","202508~202807","신규","-","","","아파트"
"45589","인천광역시 남동구 논현동","577","0577","0000","풍림","전세","85.0000","202506","02","22,000","0","4","2000","청능대로718번길 7","202506~202706","갱신","-","22,000","0","아파트"
"45590","인천광역시 남동구 논현동","635-1","0635","0001","논현휴먼시아하늘마을(3단지)","월세","51.9300","202506","02","6,682","13","8","2008","논현로 45","202507~202706","갱신","-","3,326","28","아파트"
"45591","인천광역시 부평구 삼산동","553","0553","0000","브라운스톤부평","전세","59.9900","202506","02","27,300","0","19","2023","후정로 8","202507~202707","갱신","사용","26,000","0","아파트"
"45592","인천광역시 부평구 삼산동","388-7","0388","0007","삼산주공미래타운2차","월세","49.4000","202506","02","4,000","70","18","2000","부평북로 432","202506~202706","신규","-","","","아파트"
"45593","인천광역시 부평구 삼산동","550","0550","0000","부평삼산신원아침도시","전세","59.9889","202506","02","25,200","0","3","2023","후정로 33","202507~202707","갱신","사용","24,000","0","아파트"
"45594","인천광역시 부평구 삼산동","60-6","0060","0006","태산","전세","54.1400","202506","02","12,000","0","5","1989","후정동로 50","202507~202707","신규","-","","","아파트"
"45595","인천광역시 남동구 논현동","599-1","0599","0001","주공14단지(등대마을)","월세","46.8100","202506","02","4,004","20","3","2006","청능대로715번길 22","202507~202706","갱신","-","3,896","19","아파트"
"45596","인천광역시 부평구 산곡동","370-399","0370","0399","현대3차","월세","84.9400","202506","02","3,000","100","2","1989","마장로 121","202507~202707","신규","-","","","아파트"
"45597","인천광역시 부평구 산곡동","142-3","0142","0003","경남1차","전세","124.5400","202506","02","26,250","0","10","1990","안남로222번길 27","202508~202708","갱신","-","25,000","0","아파트"
"45598","인천광역시 부평구 산곡동","306-3","0306","0003","우성4차","월세","108.9500","202506","02","5,000","100","2","1991","안남로123번길 46","202506~202606","신규","-","","","아파트"
"45599","인천광역시 부평구 부평동","519-9","0519","0009","벨라루체","전세","41.1000","202506","02","13,600","0","3","2015","장제로 99","202507~202707","갱신","-","13,860","0","아파트"
"45600","인천광역시 부평구 부평동","938","0938","0000","부평LH2단지","전세","84.9400","202506","02","30,000","0","10","2012","동수로120번길 43","202506~202706","신규","-","","","아파트"
"45601","인천광역시 부평구 산곡동","294-35","0294","0035","우성1차2차(294-35)","전세","84.8400","202506","02","22,000","0","11","1989","부영로 165","202507~202706","갱신","-","22,000","0","아파트"
"45602","인천광역시 부평구 청천동","176","0176","0000","청천푸르지오","월세","133.7100","202506","02","3,000","125","13","1998","세월천로 16","202506~202606","갱신","사용","3,000","125","아파트"
"45603","인천광역시 부평구 청천동","456","0456","0000","e편한세상부평그랑힐스","월세","59.8924","202506","02","10,000","60","15","2023","산청로 97","202506~202706","갱신","-","10,000","60","아파트"
"45604","인천광역시 부평구 십정동","630","0630","0000","더샵부평센트럴시티","월세","59.8032","202506","02","14,500","41","33","2022","열우물로 90","202508~202708","갱신","-","14,500","39","아파트"
"45605","인천광역시 부평구 십정동","642","0642","0000","힐스테이트부평","전세","59.9900","202506","02","24,675","0","33","2023","경원대로 1192","202506~202706","신규","-","","","아파트"
"45606","인천광역시 부평구 산곡동","191-3","0191","0003","무지개","전세","73.2900","202506","02","18,100","0","8","1991","마장로264번길 14","202506~202606","신규","-","","","아파트"
"45607","인천광역시 연수구 연수동","582-2","0582","0002","승기마을,연수1차시영","월세","26.8200","202506","02","500","45","12","1992","원인재로 212","202506~202606","신규","-","","","아파트"
"45608","인천광역시 연수구 연수동","533","0533","0000","연수주공2차","월세","49.9400","202506","02","1,000","67","12","1992","원인재로 315","202506~202706","신규","-","","","아파트"
"45609","인천광역시 연수구 옥련동","634-1","0634","0001","삼성","전세","59.9800","202506","02","20,000","0","2","1996","독배로40번길 18","202507~202707","갱신","-","20,000","0","아파트"
"45610","인천광역시 연수구 동춘동","939","0939","0000","태평1","전세","109.1000","202506","02","23,000","0","2","1992","앵고개로206번길 10","202507~202707","신규","-","","","아파트"
"45611","인천광역시 연수구 동춘동","가-","0000","0000","송도파크레인동일하이빌","월세","84.9948","202506","02","2,500","137","6","2019","능허대로 343","202508~202708","갱신","사용","2,500","130","아파트"
"45612","인천광역시 연수구 송도동","2-12","0002","0012","성지리벨루스","전세","84.5860","202506","02","35,000","0","10","2006","신송로6번길 7","202508~202708","신규","-","","","아파트"
"45613","인천광역시 연수구 송도동","20-4","0020","0004","송도아이비원","전세","59.3215","202506","02","30,000","0","5","2024","컨벤시아대로42번길 21","202506~202706","신규","-","","","아파트"
"45614","인천광역시 연수구 송도동","109","0109","0000","더샵송도프라임뷰20BL","전세","84.5300","202506","02","44,000","0","29","2022","인천타워대로231번길 97","202506~202706","신규","-","","","아파트"
"45615","인천광역시 연수구 송도동","315-1","0315","0001","송도SKVIEW","전세","84.6932","202506","02","32,550","0","38","2019","랜드마크로 19","202506~202706","갱신","사용","31,000","0","아파트"
"45616","인천광역시 연수구 송도동","315-1","0315","0001","송도SKVIEW","전세","84.6932","202506","02","32,550","0","38","2019","랜드마크로 19","202506~202706","갱신","사용","31,000","0","아파트"
"45617","인천광역시 연수구 송도동","319-1","0319","0001","e편한세상송도","전세","84.4163","202506","02","50,000","0","10","2018","랜드마크로 113","202506~202706","신규","-","","","아파트"
"45618","인천광역시 연수구 송도동","4-1","0004","0001","더샵퍼스트월드","전세","101.7480","202506","02","37,000","0","38","2009","해돋이로 107","202507~202707","갱신","-","35,000","0","아파트"
"45619","인천광역시 연수구 송도동","312-1","0312","0001","호반써밋송도","전세","84.8714","202506","02","26,000","0","11","2023","랜드마크로 20","202506~202706","갱신","사용","25,000","0","아파트"
"45620","인천광역시 연수구 송도동","312-1","0312","0001","호반써밋송도","전세","101.9864","202506","02","39,900","0","46","2023","랜드마크로 20","202507~202707","갱신","사용","38,000","0","아파트"
"45621","인천광역시 연수구 송도동","319-1","0319","0001","e편한세상송도","전세","84.4163","202506","02","33,000","0","25","2018","랜드마크로 113","202508~202708","신규","-","","","아파트"
"45622","인천광역시 연수구 송도동","33-1","0033","0001","송도아트윈푸르지오","월세","84.9700","202506","02","3,000","180","49","2015","인천타워대로 253-25","202507~202707","신규","-","","","아파트"
"45623","인천광역시 연수구 송도동","397-8","0397","0008","힐스테이트레이크송도2차","월세","84.9700","202506","02","2,000","150","3","2020","아카데미로 446","202506~202706","신규","-","","","아파트"
"45624","인천광역시 연수구 송도동","30-1","0030","0001","디에트르송도시그니처뷰","전세","114.9873","202506","02","65,000","0","39","2023","인천타워대로 393","202509~202708","신규","-","","","아파트"
"45625","인천광역시 연수구 송도동","30-1","0030","0001","디에트르송도시그니처뷰","전세","114.9873","202506","02","68,000","0","20","2023","인천타워대로 393","202506~202706","신규","-","","","아파트"
"45626","인천광역시 연수구 송도동","17-3","0017","0003","더샵그린워크2차","전세","84.3408","202506","02","45,000","0","8","2014","아트센터대로97번길 15","202508~202708","신규","-","","","아파트"
"45627","인천광역시 연수구 송도동","17-3","0017","0003","더샵그린워크2차","전세","84.8682","202506","02","45,000","0","6","2014","아트센터대로97번길 15","202508~202708","신규","-","","","아파트"
"45628","인천광역시 연수구 송도동","192-8","0192","0008","베르디움더퍼스트","전세","113.8722","202506","02","35,000","0","11","2017","송도문화로84번길 84","202509~202708","신규","-","","","아파트"
"45629","인천광역시 연수구 송도동","312-1","0312","0001","호반써밋송도","월세","84.7005","202506","02","3,000","155","20","2023","랜드마크로 20","202507~202707","신규","-","","","아파트"
"45630","인천광역시 연수구 송도동","2-12","0002","0012","성지리벨루스","월세","84.9140","202506","02","3,000","150","11","2006","신송로6번길 7","202507~202707","신규","-","","","아파트"
"45631","인천광역시 연수구 송도동","149","0149","0000","롯데캐슬캠퍼스타운","전세","59.7433","202506","02","30,000","0","6","2016","송도과학로27번길 55","202507~202707","신규","-","","","아파트"
"45632","인천광역시 연수구 송도동","315-1","0315","0001","송도SKVIEW","월세","84.6541","202506","02","3,000","160","12","2019","랜드마크로 19","202507~202707","신규","-","","","아파트"
"45633","인천광역시 연수구 송도동","109","0109","0000","더샵송도프라임뷰20BL","월세","84.8300","202506","02","5,000","195","24","2022","인천타워대로231번길 97","202508~202708","신규","-","","","아파트"
"45634","인천광역시 연수구 송도동","192-8","0192","0008","베르디움더퍼스트","전세","113.8722","202506","02","35,000","0","11","2017","송도문화로84번길 84","202508~202708","신규","-","","","아파트"
"45635","인천광역시 연수구 송도동","100","0100","0000","송도더샵퍼스트파크F13-1BL","월세","84.9000","202506","02","5,000","180","13","2017","컨벤시아대로252번길 70","202507~202707","신규","-","","","아파트"
"45636","인천광역시 연수구 송도동","396-1","0396","0001","송도LuxeOceanSKVIEW","전세","84.9987","202506","02","35,000","0","15","2025","랜드마크로 350","202506~202706","신규","-","","","아파트"
"45637","인천광역시 연수구 송도동","155-1","0155","0001","송도아메리칸타운더샵","전세","84.8680","202506","02","42,000","0","41","2025","송도과학로27번길 27","202507~202707","신규","-","","","아파트"
"45638","인천광역시 연수구 송도동","109","0109","0000","더샵송도프라임뷰20BL","월세","84.8300","202506","02","5,000","195","24","2022","인천타워대로231번길 97","202508~202708","신규","-","","","아파트"
"45639","인천광역시 연수구 송도동","311","0311","0000","랜드마크시티센트럴더샵","월세","84.9999","202506","02","0","150","35","2020","랜드마크로 68","202508~202511","신규","-","","","아파트"
"45640","인천광역시 미추홀구 주안동","1628","1628","0000","주안역센트레빌","전세","84.9881","202506","02","40,000","0","19","2021","염전로 414","202507~202707","신규","-","","","아파트"
"45641","인천광역시 미추홀구 주안동","219-4","0219","0004","네오빌3차","월세","17.4900","202506","02","300","32","10","2011","주안서로 40","202506~202606","신규","-","","","아파트"
"45642","인천광역시 미추홀구 주안동","1614","1614","0000","월드스테이트(101~111,124~132)","전세","59.9960","202506","02","21,000","0","5","2008","경원대로 884","202507~202707","갱신","사용","20,000","0","아파트"
"45643","인천광역시 미추홀구 주안동","394","0394","0000","스위트리아","월세","49.9600","202506","02","0","90","12","2016","주안로 53","202506~202512","신규","-","","","아파트"
"45644","인천광역시 연수구 청학동","454","0454","0000","용담마을","월세","49.9950","202506","02","1,000","70","5","1994","용담로 25","202507~202707","신규","-","","","아파트"
"45645","인천광역시 연수구 청학동","499","0499","0000","연수푸르지오4단지","월세","84.9400","202506","02","20,000","50","17","2011","먼우금로 217","202511~202711","신규","-","","","아파트"
"45646","인천광역시 미추홀구 주안동","1556-59","1556","0059","캐슬앤더샵","전세","59.6438","202506","02","23,500","0","9","2022","경원대로780번길 22","202508~202708","갱신","사용","22,500","0","아파트"
"45647","인천광역시 미추홀구 주안동","1678","1678","0000","힐스테이트푸르지오주안","전세","59.9600","202506","02","22,000","0","21","2023","남주길 150","202507~202707","갱신","사용","21,000","0","아파트"
"45648","인천광역시 연수구 옥련동","194-12","0194","0012","윤성","전세","58.6800","202506","02","9,000","0","5","1991","능허대로103번길 28","202506~202603","신규","-","","","아파트"
"45649","인천광역시 연수구 옥련동","641-1","0641","0001","태평","전세","59.9300","202506","02","18,000","0","19","1997","한나루로193번길 16","202508~202708","신규","-","","","아파트"
"45650","인천광역시 연수구 연수동","533","0533","0000","연수주공2차","전세","49.9400","202506","02","15,000","0","10","1992","원인재로 315","202506~202706","신규","-","","","아파트"
"45651","인천광역시 연수구 연수동","634","0634","0000","우성2","전세","40.5000","202506","02","15,000","0","2","1995","원인재로 180","202506~202706","신규","-","","","아파트"
"45652","인천광역시 연수구 연수동","534","0534","0000","유천","전세","84.8700","202506","02","22,000","0","2","1993","먼우금로 302","202507~202707","갱신","사용","21,000","0","아파트"
"45653","인천광역시 연수구 연수동","635","0635","0000","우성1","월세","133.6230","202506","02","4,000","150","2","1994","청능대로 175","202506~202606","신규","-","","","아파트"
"45654","인천광역시 연수구 동춘동","923","0923","0000","연수타운(금호,동아)","전세","134.6300","202506","01","35,000","0","11","1993","청능대로 124","202507~202707","신규","-","","","아파트"
"45655","인천광역시 미추홀구 주안동","23-1","0023","0001","주안프라움에스","월세","14.9040","202506","01","0","37","3","2013","주염로 8","202506~202605","신규","-","","","아파트"
"45656","인천광역시 연수구 송도동","315-1","0315","0001","송도SKVIEW","전세","75.6180","202506","01","30,000","0","26","2019","랜드마크로 19","202507~202707","신규","-","","","아파트"
"45657","인천광역시 연수구 동춘동","923","0923","0000","연수타운(금호,동아)","전세","134.6300","202506","01","35,000","0","11","1993","청능대로 124","202507~202707","신규","-","","","아파트"
"45658","인천광역시 연수구 송도동","2-9","0002","0009","송도풍림아이원4단지","전세","84.7159","202506","01","30,000","0","10","2005","신송로82번길 6","202507~202707","갱신","-","26,000","0","아파트"
"45659","인천광역시 연수구 동춘동","925-7","0925","0007","연수대우.삼환","월세","102.0000","202506","01","20,000","50","2","1994","원인재로 88","202509~202708","신규","-","","","아파트"
"45660","인천광역시 연수구 동춘동","932","0932","0000","한양2","월세","68.3600","202506","01","2,000","100","3","1994","원인재로 59","202506~202706","신규","-","","","아파트"
"45661","인천광역시 연수구 송도동","2-9","0002","0009","송도풍림아이원4단지","월세","84.7159","202506","01","3,000","140","2","2005","신송로82번길 6","202507~202707","신규","-","","","아파트"
"45662","인천광역시 미추홀구 주안동","1678","1678","0000","힐스테이트푸르지오주안","전세","59.9600","202506","01","20,000","0","7","2023","남주길 150","202509~202709","신규","-","","","아파트"
"45663","인천광역시 미추홀구 주안동","1211-31","1211","0031","경일","월세","39.4800","202506","01","500","45","2","1988","인하로318번길 16","202505~202605","신규","-","","","아파트"
"45664","인천광역시 미추홀구 주안동","1628","1628","0000","주안역센트레빌","전세","59.9698","202506","01","27,000","0","21","2021","염전로 414","202507~202707","신규","-","","","아파트"
"45665","인천광역시 서구 원당동","1022","1022","0000","호반써밋1차","월세","84.8917","202506","01","4,000","111","3","2021","이음5로 15","202506~202706","갱신","사용","4,000","105","아파트"
"45666","인천광역시 서구 왕길동","692-1","0692","0001","검단자이1단지","전세","123.5410","202506","01","25,000","0","15","2010","버들로 27","202506~202706","신규","-","","","아파트"
"45667","인천광역시 서구 원당동","1022","1022","0000","호반써밋1차","전세","84.8917","202506","01","31,200","0","3","2021","이음5로 15","202507~202707","갱신","사용","31,200","0","아파트"
"45668","인천광역시 서구 불로동","308","0308","0000","월드","월세","84.9300","202506","01","2,000","65","6","1998","검단로 836","202508~202708","신규","-","","","아파트"
"45669","인천광역시 서구 원당동","1022-1","1022","0001","우미린더시그니처","월세","74.0973","202506","01","3,000","130","20","2022","이음5로 39","202506~202706","신규","-","","","아파트"
"45670","인천광역시 서구 청라동","150-1","0150","0001","대우푸르지오","월세","114.1040","202506","01","15,000","165","48","2013","크리스탈로102번길 25","202506~202705","신규","-","","","아파트"
"45671","인천광역시 서구 청라동","173-1","0173","0001","청라29블럭호반베르디움","전세","84.9289","202506","01","29,400","0","14","2012","청라커낼로 163","202507~202707","갱신","사용","28,000","0","아파트"
"45672","인천광역시 서구 신현동","302-1","0302","0001","루원e-편한세상하늘채아파트","전세","156.2900","202506","01","35,700","0","16","2010","가정로 387","202506~202706","갱신","사용","34,000","0","아파트"
"45673","인천광역시 서구 마전동","1003-1","1003","0001","동아","전세","84.9000","202506","01","18,000","0","14","1999","완정로34번길 20","202508~202708","갱신","사용","18,000","0","아파트"
"45674","인천광역시 서구 경서동","727-1","0727","0001","가이아샹베르2차","전세","84.5496","202506","01","25,000","0","12","2005","경서로31번길 47","202507~202707","신규","-","","","아파트"
"45675","인천광역시 계양구 계산동","20","0020","0000","주공","전세","41.3000","202506","01","14,000","0","12","1990","경명대로1142번길 3","202506~202706","신규","-","","","아파트"
"45676","인천광역시 계양구 계산동","857-3","0857","0003","팬더","전세","38.7000","202506","01","6,500","0","5","1987","계산로 50-1","202507~202707","신규","-","","","아파트"
"45677","인천광역시 서구 마전동","925","0925","0000","서해","전세","59.6700","202506","01","10,500","0","6","1992","검단로487번안길 16","202506~202706","신규","-","","","아파트"
"45678","인천광역시 남동구 구월동","1129-21","1129","0021","하비스트2","전세","31.8900","202506","01","9,330","0","8","2016","미래로 13-1","202505~202705","갱신","사용","11,800","0","아파트"
"45679","인천광역시 남동구 만수동","17","0017","0000","만수주공5단지","월세","49.9400","202506","01","1,000","55","8","1987","백범로124번길 127","202506~202706","신규","-","","","아파트"
"45680","인천광역시 남동구 간석동","616-6","0616","0006","간석한신더휴","월세","84.7915","202506","01","26,000","20","5","2019","석정로461번길 50","202507~202707","신규","-","","","아파트"
"45681","인천광역시 남동구 만수동","983-1","0983","0001","삼환1단지","월세","50.2600","202506","01","2,000","60","3","1989","인주대로 857","202506~202706","신규","-","","","아파트"
"45682","인천광역시 남동구 구월동","1146","1146","0000","마커스","월세","62.8540","202506","01","3,000","80","15","2020","미래로 6","202506~202605","갱신","-","3,000","80","아파트"
"45683","인천광역시 부평구 부평동","500-1","0500","0001","삼성캐슬","월세","49.8400","202506","01","2,000","70","9","2014","동수천로 13","202507~202707","신규","-","","","아파트"
"45684","인천광역시 부평구 십정동","642","0642","0000","힐스테이트부평","전세","84.9900","202506","01","34,650","0","11","2023","경원대로 1192","202507~202707","신규","-","","","아파트"
"45685","인천광역시 부평구 십정동","630","0630","0000","더샵부평센트럴시티","월세","69.2824","202506","01","10,500","65","40","2022","열우물로 90","202508~202708","갱신","-","10,500","63","아파트"
"45686","인천광역시 부평구 십정동","642","0642","0000","힐스테이트부평","전세","59.9800","202506","01","31,500","0","22","2023","경원대로 1192","202508~202708","갱신","사용","30,000","0","아파트"
"45687","인천광역시 부평구 십정동","630","0630","0000","더샵부평센트럴시티","전세","69.3321","202506","01","28,000","0","17","2022","열우물로 90","202506~202706","갱신","-","28,000","0","아파트"
"45688","인천광역시 부평구 부개동","512","0512","0000","부개역푸르지오","전세","84.9840","202506","01","40,000","0","18","2010","부일로 69","202509~202709","신규","-","","","아파트"
"45689","인천광역시 중구 중산동","1881-1","1881","0001","하늘도시우미린1단지","전세","59.8500","202506","01","17,364","0","18","2012","은하수로 351","-","-","-","","","아파트"
"45690","인천광역시 중구 중산동","1887-2","1887","0002","영종힐스테이트","전세","83.0110","202506","01","22,000","0","23","2012","하늘별빛로 66","202507~202707","신규","-","","","아파트"
"45691","인천광역시 중구 중산동","1871-3","1871","0003","하늘도시우미린2단지","월세","84.7834","202506","01","1,000","110","8","2012","하늘달빛로 113","202506~202706","갱신","-","1,000","90","아파트"
"45692","인천광역시 중구 운서동","3104-1","3104","0001","운서SKVIEWSkycity","전세","84.9630","202506","01","30,000","0","8","2022","흰바위로 203","202506~202706","신규","-","","","아파트"
"45693","인천광역시 중구 운남동","1709-1","1709","0001","영종베르힐스카이시티","월세","84.6853","202506","01","2,000","120","12","2024","찬들로 141","202507~202707","신규","-","","","아파트"
"45694","인천광역시 중구 운남동","1598-1","1598","0001","운서SKVIEWskycityⅡ","월세","84.9126","202506","01","5,000","120","17","2022","흰바위로 249","202506~202706","신규","-","","","아파트"
"45695","인천광역시 미추홀구 숭의동","462","0462","0000","스타디움센트럴시티","전세","74.9165","202506","01","30,000","0","22","2022","참외전로 268","-","-","-","","","아파트"
"45696","인천광역시 미추홀구 숭의동","362-19","0362","0019","힐스테이트숭의역","월세","59.9830","202506","01","5,000","80","41","2025","인주대로 5","202506~202706","신규","-","","","아파트"
"45697","인천광역시 미추홀구 숭의동","462","0462","0000","스타디움센트럴시티","전세","74.9165","202506","01","30,000","0","22","2022","참외전로 268","202507~202707","신규","-","","","아파트"
"45698","인천광역시 미추홀구 숭의동","78-9","0078","0009","숭의동아르떼노블","월세","15.3910","202506","01","50","45","9","2014","경인로 99","202506~202511","신규","-","","","아파트"
"45699","인천광역시 미추홀구 학익동","413-1","0413","0001","장미1","전세","90.7800","202506","01","15,000","0","1","1984","소성로 72","202507~202707","신규","-","","","아파트"
"45700","인천광역시 중구 중산동","1881-1","1881","0001","하늘도시우미린1단지","전세","59.8500","202506","01","17,364","0","18","2012","은하수로 351","202508~202708","갱신","사용","16,538","0","아파트"
