"NO","시군구","번지","본번","부번","단지명","전월세구분","전용면적(㎡)","계약년월","계약일","보증금(만원)","월세금(만원)","층","건축년도","도로명","계약기간","계약구분","갱신요구권 사용","종전계약 보증금(만원)","종전계약 월세(만원)","주택유형"
"40451","충청남도 아산시 둔포면 둔포리","285-1","0285","0001","비둘기","월세","46.5700","202502","28","500","50","1","1999","둔포로38번길 54","202503~202603","신규","-","","","아파트"
"40452","충청남도 천안시 동남구 청당동","1001","1001","0000","청당서희스타힐스","전세","59.5163","202502","28","22,000","0","9","2022","청당4로 45","202503~202703","신규","-","","","아파트"
"40453","충청남도 아산시 음봉면 동암리","714","0714","0000","아산더샵레이크시티3차","월세","84.9900","202502","28","1,000","90","6","2015","음봉로 515-37","202503~202703","신규","-","","","아파트"
"40454","충청남도 천안시 동남구 원성동","582-1","0582","0001","메가시티2","월세","25.6109","202502","28","1,000","50","7","2016","고재1길 6","202502~202602","신규","-","","","아파트"
"40455","충청남도 천안시 동남구 원성동","582-1","0582","0001","메가시티2","월세","15.3370","202502","28","500","40","3","2016","고재1길 6","202502~202602","신규","-","","","아파트"
"40456","충청남도 아산시 신창면 남성리","177-2","0177","0002","샘마을","월세","30.4200","202502","28","300","30","14","2001","남성길 85","202503~202703","신규","-","","","아파트"
"40457","충청남도 아산시 탕정면 명암리","809","0809","0000","탕정삼성트라팰리스(1단지~3단지)","전세","125.2500","202502","28","48,000","0","20","2009","탕정면로 37","-","-","-","","","아파트"
"40458","충청남도 아산시 탕정면 매곡리","1379","1379","0000","아산탕정엘에이치5단지","월세","36.5200","202502","28","5,054","7","3","2020","한들물빛1로 7","202412~202702","갱신","-","3,254","18","아파트"
"40459","충청남도 아산시 둔포면 석곡리","1805","1805","0000","아산테크노밸리이지더원8단지","전세","76.7511","202502","28","21,000","0","7","2017","아산밸리남로 81","202504~202704","신규","-","","","아파트"
"40460","충청남도 아산시 신창면 행목리","498","0498","0000","아산신창양우내안애","월세","59.4900","202502","28","500","60","13","2014","행목로 202","202502~202702","신규","-","","","아파트"
"40461","충청남도 아산시 배방읍 세교리","1606","1606","0000","아산배방9단지","월세","46.8600","202502","28","5,350","8","23","2023","동방로 219","202502~202703","갱신","-","3,450","19","아파트"
"40462","충청남도 아산시 배방읍 세교리","1606","1606","0000","아산배방9단지","월세","46.8600","202502","28","6,440","9","22","2023","동방로 219","202502~202703","갱신","-","4,140","22","아파트"
"40463","충청남도 아산시 배방읍 세교리","424-9","0424","0009","신라","월세","39.6000","202502","28","300","40","7","1997","온천대로 2358","202503~202505","신규","-","","","아파트"
"40464","충청남도 아산시 탕정면 매곡리","1380","1380","0000","한들물빛도시하늘채","월세","55.8400","202502","28","6,180","46","7","2022","한들물빛1로 8","202503~202702","갱신","-","8,640","40","아파트"
"40465","충청남도 당진시 송악읍 가학리","690","0690","0000","당진송악e편한세상","월세","84.9690","202502","28","2,000","60","16","2010","반촌로 103","202503~202603","신규","-","","","아파트"
"40466","충청남도 아산시 탕정면 매곡리","1380","1380","0000","한들물빛도시하늘채","월세","55.8400","202502","28","8,680","41","13","2022","한들물빛1로 8","202503~202702","갱신","-","8,640","40","아파트"
"40467","충청남도 아산시 배방읍 북수리","1873","1873","0000","충남꿈비채아산배방","월세","59.4573","202502","28","5,000","17","8","2022","월천5길 30","202505~202704","갱신","-","5,000","15","아파트"
"40468","충청남도 천안시 동남구 청수동","435","0435","0000","청수행정타운금호어울림","전세","72.8318","202502","28","17,063","0","20","2023","수도산공원길 1","202503~202511","갱신","사용","16,250","0","아파트"
"40469","충청남도 천안시 동남구 청수동","435","0435","0000","청수행정타운금호어울림","전세","84.5641","202502","28","22,000","0","6","2023","수도산공원길 1","202504~202704","신규","-","","","아파트"
"40470","충청남도 아산시 탕정면 명암리","809","0809","0000","탕정삼성트라팰리스(1단지~3단지)","전세","125.2500","202502","28","48,000","0","20","2009","탕정면로 37","202503~202703","신규","-","","","아파트"
"40471","충청남도 아산시 배방읍 공수리","282","0282","0000","배방삼정그린코아","전세","38.4900","202502","28","6,300","0","6","2012","모산로126번길 17-7","202504~202704","신규","-","","","아파트"
"40472","충청남도 당진시 송악읍 기지시리","512","0512","0000","당진푸르지오센트럴파크","전세","84.9971","202502","28","18,500","0","12","2024","틀모시로 768-38","202503~202703","신규","-","","","아파트"
"40473","충청남도 당진시 송악읍 기지시리","510","0510","0000","힐스테이트당진","전세","59.9909","202502","28","14,000","0","14","2016","틀모시로 738","202505~202705","신규","-","","","아파트"
"40474","충청남도 아산시 음봉면 산동리","427-1","0427","0001","삼일원앙","월세","39.7300","202502","28","300","45","13","1997","음봉로 847","202503~202603","신규","-","","","아파트"
"40475","충청남도 아산시 배방읍 공수리","282-5","0282","0005","아산한도","월세","84.9300","202502","28","1,500","65","2","1997","모산로126번길 17-26","202503~202703","신규","-","","","아파트"
"40476","충청남도 아산시 배방읍 공수리","282","0282","0000","배방삼정그린코아","전세","38.4900","202502","28","7,300","0","6","2012","모산로126번길 17-7","202503~202703","신규","-","","","아파트"
"40477","충청남도 아산시 배방읍 공수리","282-5","0282","0005","아산한도","월세","39.9000","202502","28","500","40","3","1997","모산로126번길 17-26","202503~202602","신규","-","","","아파트"
"40478","충청남도 아산시 배방읍 공수리","282","0282","0000","배방삼정그린코아","월세","47.6700","202502","28","1,500","60","18","2012","모산로126번길 17-7","202503~202603","갱신","사용","2,000","60","아파트"
"40479","충청남도 아산시 배방읍 공수리","282","0282","0000","배방삼정그린코아","전세","38.4900","202502","28","7,100","0","6","2012","모산로126번길 17-7","202505~202705","갱신","사용","6,800","0","아파트"
"40480","충청남도 아산시 배방읍 공수리","636","0636","0000","한라비발디","전세","104.1140","202502","28","19,000","0","2","2006","배방로 131","202505~202705","신규","-","","","아파트"
"40481","충청남도 아산시 둔포면 석곡리","1805","1805","0000","아산테크노밸리이지더원8단지","전세","76.7511","202502","28","21,000","0","7","2017","아산밸리남로 81","202504~202704","신규","-","","","아파트"
"40482","충청남도 천안시 동남구 봉명동","9","0009","0000","우영","월세","39.9600","202502","28","500","35","3","1988","우영1길 10","202502~202702","신규","-","","","아파트"
"40483","충청남도 천안시 동남구 청당동","980","0980","0000","행정타운두산위브더파크","월세","84.9710","202502","28","17,000","30","17","2018","청당3길 147","202503~202703","신규","-","","","아파트"
"40484","충청남도 당진시 송악읍 기지시리","512","0512","0000","당진푸르지오센트럴파크","월세","84.9971","202502","28","3,000","75","9","2024","틀모시로 768-38","202503~202703","신규","-","","","아파트"
"40485","충청남도 당진시 송악읍 기지시리","510","0510","0000","힐스테이트당진","전세","59.9909","202502","28","15,000","0","14","2016","틀모시로 738","202504~202704","신규","-","","","아파트"
"40486","충청남도 아산시 배방읍 장재리","1844","1844","0000","천안아산역 리슈빌","월세","74.3200","202502","28","2,000","85","8","2010","장재로 27","202502~202503","신규","-","","","아파트"
"40487","충청남도 천안시 동남구 청당동","1005","1005","0000","행정타운센트럴두산위브","전세","74.4191","202502","28","16,800","0","17","2023","청당5로 20","202503~202703","갱신","사용","16,000","0","아파트"
"40488","충청남도 천안시 동남구 청당동","1005","1005","0000","행정타운센트럴두산위브","전세","74.4191","202502","28","17,800","0","22","2023","청당5로 20","202503~202703","갱신","사용","17,000","0","아파트"
"40489","충청남도 천안시 서북구 백석동","1115","1115","0000","천안백석엘에이치천년나무1단지","월세","16.8000","202502","28","1,082","11","8","2017","한들1로 88","202503~202702","갱신","-","1,758","9","아파트"
"40490","충청남도 천안시 서북구 두정동","2068","2068","0000","한화포레나천안두정","월세","76.8181","202502","28","2,500","130","13","2022","천안대로 980-17","202504~202704","신규","-","","","아파트"
"40491","충청남도 천안시 서북구 두정동","399-1","0399","0001","두정역범양레우스알파","월세","59.9857","202502","28","9,000","25","3","2020","두정공원2길 26","202504~202704","신규","-","","","아파트"
"40492","충청남도 천안시 서북구 두정동","1478","1478","0000","팔라디움","월세","18.8920","202502","28","300","38","7","2013","두정상가8길 49","202503~202602","신규","-","","","아파트"
"40493","충청남도 천안시 서북구 두정동","1293","1293","0000","천안펜타폴리스2차","월세","18.1100","202502","28","500","35","4","2013","두정로 212","202503~202603","신규","-","","","아파트"
"40494","충청남도 천안시 서북구 두정동","1451","1451","0000","석성빌","월세","21.6200","202502","28","300","38","3","2013","두정상가5길 14","202502~202602","신규","-","","","아파트"
"40495","충청남도 천안시 서북구 두정동","1365","1365","0000","오렌지빌","월세","15.6700","202502","28","300","42","2","2013","두정상가7길 12","202503~202603","신규","-","","","아파트"
"40496","충청남도 천안시 서북구 두정동","399-1","0399","0001","두정역범양레우스알파","월세","59.9857","202502","28","9,000","25","3","2020","두정공원2길 26","202504~202704","신규","-","","","아파트"
"40497","충청남도 천안시 동남구 목천읍 삼성리","9-6","0009","0006","원앙마을부영2차","월세","49.9200","202502","28","500","35","1","1999","삼성5길 41","202503~202703","신규","-","","","아파트"
"40498","충청남도 천안시 서북구 직산읍 삼은리","59-7","0059","0007","청호6차","월세","59.7650","202502","28","5,000","20","9","1995","직산로 18-41","202505~202705","신규","-","","","아파트"
"40499","충청남도 천안시 동남구 풍세면 보성리","772","0772","0000","천안한양수자인에코시티","월세","59.9177","202502","28","1,000","58","11","2023","풍세산단로 290","202503~202602","갱신","사용","1,000","55","아파트"
"40500","충청남도 천안시 서북구 성정동","717","0717","0000","주공5-1","월세","51.0200","202502","28","1,000","50","5","1988","성정로 75","202504~202704","신규","-","","","아파트"
"40501","충청남도 천안시 서북구 백석동","191-3","0191","0003","현대","전세","84.6700","202502","28","15,000","0","8","1992","백석로 136","202504~202704","신규","-","","","아파트"
"40502","충청남도 천안시 서북구 와촌동","173","0173","0000","신동아파밀리에","전세","84.9816","202502","28","18,500","0","1","2005","천안천4길 18-10","202504~202602","갱신","사용","18,000","0","아파트"
"40503","충청남도 천안시 서북구 쌍용동","2100","2100","0000","파크밸리동일하이빌","전세","84.9710","202502","28","35,000","0","11","2011","봉서산1길 35","202505~202705","신규","-","","","아파트"
"40504","충청남도 천안시 서북구 쌍용동","1273","1273","0000","상록수현대","전세","59.4450","202502","28","12,500","0","11","1995","쌍용17길 52","202503~202703","갱신","사용","14,000","0","아파트"
"40505","충청남도 천안시 서북구 쌍용동","1289","1289","0000","주공7단지3차","월세","59.8500","202502","28","9,500","15","15","1995","쌍용11길 58","202503~202703","신규","-","","","아파트"
"40506","충청남도 천안시 서북구 쌍용동","1548","1548","0000","월봉대우","전세","59.8840","202502","28","14,200","0","2","1998","월봉4로 88-11","202503~202703","갱신","사용","14,000","0","아파트"
"40507","충청남도 천안시 서북구 쌍용동","1548","1548","0000","월봉대우","전세","59.8840","202502","28","14,400","0","8","1998","월봉4로 88-11","202505~202705","신규","-","","","아파트"
"40508","충청남도 천안시 서북구 쌍용동","1920","1920","0000","쌍용마을뜨란채,주공아파트","전세","84.5700","202502","28","20,000","0","4","1999","봉서산샛길 64","202503~202703","신규","-","","","아파트"
"40509","충청남도 천안시 서북구 쌍용동","1538","1538","0000","월봉태영","전세","85.0000","202502","28","20,000","0","12","1998","월봉4로 140-16","202506~202706","신규","-","","","아파트"
"40510","충청남도 천안시 서북구 쌍용동","1367","1367","0000","월봉청솔1단지","월세","50.1600","202502","28","1,000","55","11","2000","월봉4로 140-9","202503~202703","신규","-","","","아파트"
"40511","충청남도 천안시 서북구 쌍용동","1289","1289","0000","주공7단지3차","월세","59.8500","202502","28","9,500","15","15","1995","쌍용11길 58","-","-","-","","","아파트"
"40512","충청남도 천안시 서북구 쌍용동","1914","1914","0000","주공9","전세","49.7700","202502","28","9,200","0","1","1998","봉서산샛길 65","-","-","-","","","아파트"
"40513","충청남도 천안시 서북구 쌍용동","2050","2050","0000","쌍용역푸르지오","월세","84.7460","202502","28","1,000","50","1","2006","충무로 93","202502~203002","신규","-","","","아파트"
"40514","충청남도 천안시 서북구 쌍용동","1367","1367","0000","월봉청솔1단지","전세","50.1600","202502","28","10,800","0","15","2000","월봉4로 140-9","202503~202703","신규","-","","","아파트"
"40515","충청남도 천안시 서북구 쌍용동","1363-1","1363","0001","해누리선경","전세","59.7960","202502","28","13,000","0","16","1996","충무로 158-10","202505~202705","갱신","-","13,000","0","아파트"
"40516","충청남도 천안시 서북구 쌍용동","1282","1282","0000","주공7단지2차","월세","49.7700","202502","28","1,000","50","8","1995","쌍용11길 55","202503~202603","신규","-","","","아파트"
"40517","충청남도 천안시 서북구 쌍용동","1289","1289","0000","주공7단지3차","월세","59.8500","202502","28","9,500","15","15","1995","쌍용11길 58","202503~202703","신규","-","","","아파트"
"40518","충청남도 천안시 서북구 쌍용동","1914","1914","0000","주공9","전세","49.7700","202502","28","9,200","0","1","1998","봉서산샛길 65","202503~202703","신규","-","","","아파트"
"40519","충청남도 천안시 서북구 쌍용동","1914","1914","0000","주공9","전세","39.6900","202502","28","8,000","0","2","1998","봉서산샛길 65","202505~202705","갱신","-","8,000","0","아파트"
"40520","충청남도 천안시 서북구 쌍용동","1920","1920","0000","쌍용마을뜨란채,주공아파트","전세","84.5700","202502","28","20,000","0","4","1999","봉서산샛길 64","202503~202703","신규","-","","","아파트"
"40521","충청남도 천안시 서북구 쌍용동","1914","1914","0000","주공9","월세","39.6900","202502","28","500","45","10","1998","봉서산샛길 65","202502~202702","갱신","-","500","45","아파트"
"40522","충청남도 천안시 서북구 쌍용동","2045","2045","0000","현대6차1단지","월세","107.3470","202502","28","10,000","65","8","2004","충무로 124-24","202503~202603","갱신","사용","10,000","65","아파트"
"40523","충청남도 천안시 서북구 쌍용동","1561","1561","0000","월봉청솔2차","월세","48.4500","202502","28","500","57","7","2000","월봉7길 77","202503~202703","신규","-","","","아파트"
"40524","충청남도 천안시 서북구 불당동","1614","1614","0000","천안 불당 지웰시티푸르지오 2단지","전세","99.9342","202502","28","60,000","0","4","2017","불당26로 50","202502~202602","갱신","사용","60,000","0","아파트"
"40525","충청남도 천안시 서북구 불당동","1426","1426","0000","불당풍림아이원아파트","월세","45.7798","202502","28","1,000","70","1","2016","불당14로 11","202503~202703","신규","-","","","아파트"
"40526","충청남도 천안시 서북구 불당동","1503","1503","0000","불당이안","전세","74.9300","202502","28","30,500","0","9","2015","불당23로 13","202503~202703","갱신","-","28,000","0","아파트"
"40527","충청남도 천안시 서북구 불당동","1811","1811","0000","불당호반베르디움TheFirst","전세","59.8040","202502","28","28,000","0","1","2016","불당19로 200","202503~202703","신규","-","","","아파트"
"40528","충청남도 천안시 서북구 불당동","1510","1510","0000","호반 베르디움 센트로 포레","전세","84.8939","202502","28","40,000","0","4","2017","불당23로 10","202503~202703","신규","-","","","아파트"
"40529","충청남도 천안시 서북구 성거읍 송남리","585","0585","0000","북천안자이포레스트","월세","84.8089","202502","28","10,000","50","2","2016","성거길 20","202503~202703","신규","-","","","아파트"
"40530","충청남도 천안시 서북구 성거읍 송남리","585","0585","0000","북천안자이포레스트","월세","84.8089","202502","28","10,000","50","2","2016","성거길 20","-","-","-","","","아파트"
"40531","충청남도 천안시 서북구 불당동","687","0687","0000","불당오딧세이","월세","25.3913","202502","28","1,000","60","10","2019","불당4로 111","202503~202603","갱신","사용","1,000","60","아파트"
"40532","충청남도 천안시 서북구 성정동","1438","1438","0000","학산리젠다빌3차","월세","25.4900","202502","28","300","44","8","2016","성정공원3길 4","202503~202603","신규","-","","","아파트"
"40533","충청남도 천안시 서북구 성정동","717","0717","0000","주공5-2","전세","39.6900","202502","28","10,000","0","2","1988","성정로 75","202503~202608","갱신","사용","10,000","0","아파트"
"40534","충청남도 천안시 서북구 성정동","1433","1433","0000","프라지움10차아파트","월세","53.1200","202502","28","3,000","60","15","2018","성정공원3길 14","202503~202603","신규","-","","","아파트"
"40535","충청남도 천안시 서북구 성정동","1522","1522","0000","학산리젠다빌-2차-B동","월세","23.0700","202502","28","300","40","10","2013","동서대로 129-20","202502~202602","신규","-","","","아파트"
"40536","충청남도 천안시 서북구 성정동","1292","1292","0000","에프엠21","전세","20.2716","202502","28","5,000","0","14","2014","쌍용대로 348","202503~202703","신규","-","","","아파트"
"40537","충청남도 천안시 서북구 성정동","1324","1324","0000","모아엘가워너비","월세","31.4140","202502","28","3,000","30","3","2017","성정공원7길 9","202503~202603","신규","-","","","아파트"
"40538","충청남도 천안시 서북구 성정동","413-13","0413","0013","현대2","전세","71.0300","202502","28","11,500","0","1","1990","쌍용대로 303","202502~202702","갱신","-","10,500","0","아파트"
"40539","충청남도 천안시 서북구 성정동","1323","1323","0000","프라지움8차","월세","30.2141","202502","28","500","58","4","2016","오성로 130","202503~202603","신규","-","","","아파트"
"40540","충청남도 천안시 서북구 성정동","789","0789","0000","주공6-3","월세","46.9900","202502","28","500","40","6","1991","쌍용대로 289-11","202503~202703","신규","-","","","아파트"
"40541","충청남도 아산시 온천동","74-5","0074","0005","모노팰리스","월세","31.7800","202502","28","500","44","4","2014","온천대로 1555","202502~202602","신규","-","","","아파트"
"40542","충청남도 논산시 부창동","274-43","0274","0043","주공","월세","39.6900","202502","28","100","25","2","1989","해월로 63-4","202502~202702","갱신","사용","1,600","0","아파트"
"40543","충청남도 당진시 원당동","1172","1172","0000","파크빌2차","월세","117.2090","202502","28","2,000","70","12","2005","밤절로 51","202503~202703","신규","-","","","아파트"
"40544","충청남도 천안시 동남구 신부동","986","0986","0000","신부 디 이스트","전세","59.9300","202502","28","23,000","0","13","2018","신부8길 21","202504~202704","갱신","사용","22,000","0","아파트"
"40545","충청남도 아산시 배미동","174-3","0174","0003","서진","월세","39.6000","202502","28","300","40","3","2000","서부북로 973","202503~202703","신규","-","","","아파트"
"40546","충청남도 천안시 동남구 안서동","181","0181","0000","대림1차이편한세상","월세","120.7220","202502","28","17,000","16","2","2005","성불사길 41","202504~202704","갱신","-","1,700","16","아파트"
"40547","충청남도 천안시 동남구 안서동","304-1","0304","0001","동보스타빌","월세","24.1800","202502","28","200","37","2","1996","각원사길 59-5","202502~202602","신규","-","","","아파트"
"40548","충청남도 당진시 채운동","355-3","0355","0003","한성","전세","84.9700","202502","28","7,000","0","2","1992","백암로 219-29","202503~202703","신규","-","","","아파트"
"40549","충청남도 천안시 동남구 신방동","920","0920","0000","초원그린타운","월세","39.2700","202502","28","500","40","7","1998","신촌4로 16","202502~202702","신규","-","","","아파트"
"40550","충청남도 천안시 동남구 신방동","1557","1557","0000","신방한성필하우스","월세","84.9681","202502","28","2,000","100","4","2010","통정3로 68","202502~202702","신규","-","","","아파트"
"40551","충청남도 천안시 동남구 신방동","909","0909","0000","한라동백2","전세","84.9700","202502","28","15,000","0","22","1998","서부대로 226-12","202503~202703","신규","-","","","아파트"
"40552","충청남도 천안시 동남구 신방동","1892","1892","0000","천안신방행복주택","월세","16.8100","202502","28","1,783","7","5","2018","통정11로 80","202503~202702","갱신","-","1,440","8","아파트"
"40553","충청남도 천안시 동남구 신방동","909","0909","0000","한라동백2","월세","59.9400","202502","28","5,000","50","23","1998","서부대로 226-12","202504~202704","신규","-","","","아파트"
"40554","충청남도 천안시 동남구 신방동","897","0897","0000","두레현대2","전세","84.9480","202502","28","16,000","0","18","1997","서부대로 252","202504~202704","신규","-","","","아파트"
"40555","충청남도 천안시 동남구 신방동","874","0874","0000","성지새말2","전세","59.9700","202502","28","12,600","0","24","1997","일봉로 20","202504~202704","갱신","사용","12,000","0","아파트"
"40556","충청남도 아산시 온천동","1052","1052","0000","경남아너스빌","월세","59.9100","202502","28","1,000","50","8","1996","문화로 115","202502~202702","신규","-","","","아파트"
"40557","충청남도 보령시 명천동","389","0389","0000","명천주공4","월세","49.9700","202502","28","500","50","8","1997","주공로 65","202503~202703","신규","-","","","아파트"
"40558","충청남도 공주시 월송동","619","0619","0000","공주월송LH천년나무3단지","월세","22.9300","202502","28","2,464","7","4","2017","무령로 600-25","202503~202702","갱신","-","1,775","10","아파트"
"40559","충청남도 공주시 월송동","618","0618","0000","엔에이치에프공주월송2단지","월세","59.9600","202502","28","1,193","44","15","2018","무령로 600-85","202502~202701","갱신","-","4,293","37","아파트"
"40560","충청남도 보령시 대천동","514-25","0514","0025","서오","전세","81.2700","202502","28","6,500","0","10","1990","보령북로 226","202503~202703","신규","-","","","아파트"
"40561","충청남도 논산시 대교동","336","0336","0000","논산코아루","전세","81.8980","202502","28","23,000","0","3","2015","대화로133번길 13","202504~202704","신규","-","","","아파트"
"40562","충청남도 논산시 내동","1108","1108","0000","엘에이치논산내동1단지","전세","59.4400","202502","28","20,000","0","13","2015","시민로132번길 10","202503~202703","신규","-","","","아파트"
"40563","충청남도 공주시 금흥동","627","0627","0000","공주월송지평더웰","월세","80.0037","202502","28","2,000","95","2","2022","무령로 599-50","202502~202702","신규","-","","","아파트"
"40564","충청남도 논산시 대교동","336","0336","0000","논산코아루","전세","81.8980","202502","28","23,000","0","3","2015","대화로133번길 13","202504~202704","신규","-","","","아파트"
"40565","충청남도 서산시 동문동","1000-4","1000","0004","코아루시티","월세","22.4880","202502","28","500","50","8","2018","안견로 271","202502~202602","신규","-","","","아파트"
"40566","충청남도 당진시 수청동","2199","2199","0000","하이앤","월세","59.8339","202502","28","19,000","2","26","2024","수청3로 49","-","-","-","","","아파트"
"40567","충청남도 당진시 수청동","1551","1551","0000","호반써밋시그니처Ⅰ","전세","84.8451","202502","28","25,000","0","14","2022","수청3로 20","202504~202704","신규","-","","","아파트"
"40568","충청남도 당진시 수청동","2199","2199","0000","하이앤","월세","59.8376","202502","28","19,749","2","14","2024","수청3로 49","-","-","-","","","아파트"
"40569","충청남도 천안시 서북구 신당동","705","0705","0000","e편한세상천안부성","전세","72.8643","202502","28","20,000","0","11","2018","천안대로 1287-1","202504~202704","신규","-","","","아파트"
"40570","충청남도 당진시 수청동","1551","1551","0000","호반써밋시그니처Ⅰ","전세","84.8451","202502","28","25,000","0","14","2022","수청3로 20","202504~202704","신규","-","","","아파트"
"40571","충청남도 아산시 풍기동","229-71","0229","0071","주은","월세","31.2000","202502","28","500","40","8","2000","어의정로183번길 14","202503~202702","신규","-","","","아파트"
"40572","충청남도 아산시 온천동","74-5","0074","0005","모노팰리스","월세","31.7800","202502","28","2,000","30","3","2014","온천대로 1555","202502~202602","신규","-","","","아파트"
"40573","충청남도 공주시 신관동","24-64","0024","0064","주공3","전세","39.3000","202502","28","5,000","0","2","1990","신금1길 30-3","202502~202702","신규","-","","","아파트"
"40574","충청남도 아산시 좌부동","84","0084","0000","초원설화타운2","월세","59.8800","202502","28","800","30","10","1995","고불로 669","202503~202703","신규","-","","","아파트"
"40575","충청남도 공주시 신관동","664","0664","0000","주공5차","전세","51.8800","202502","28","12,500","0","2","2005","관골2길 24-29","202504~202704","신규","-","","","아파트"
"40576","충청남도 공주시 신관동","683","0683","0000","신관주공6차:휴먼시아","월세","41.5500","202502","28","3,433","6","7","2009","관골2길 36","202502~202703","갱신","-","2,133","14","아파트"
"40577","충청남도 공주시 신관동","24-64","0024","0064","주공3","월세","47.0100","202502","28","300","60","4","1990","신금1길 30-3","202502~202602","신규","-","","","아파트"
"40578","충청남도 아산시 온천동","260-28","0260","0028","아산칸타빌센트럴시티","전세","59.9797","202502","28","18,000","0","28","2024","아산로17번길 5","202503~202703","신규","-","","","아파트"
"40579","충청남도 당진시 대덕동","1877","1877","0000","중흥S-클래스포레힐","월세","84.9637","202502","28","5,484","48","17","2024","대덕1로 102-57","202505~202705","신규","-","","","아파트"
"40580","충청남도 홍성군 홍성읍 남장리","596","0596","0000","엘에이치홍성남장천년나무4단지","월세","33.8000","202502","28","720","17","20","2016","남장중로 37","202502~202701","갱신","-","1,120","17","아파트"
"40581","충청남도 홍성군 홍성읍 남장리","112-12","0112","0012","대우아파트","월세","84.9750","202502","28","2,000","40","9","1995","문화로72번길 41","-","-","-","","","아파트"
"40582","충청남도 예산군 삽교읍 목리","1275","1275","0000","충남내포신도시1차대방엘리움더퍼스티지아파트","전세","75.7975","202502","28","15,000","0","11","2023","충예로 215","202503~202703","신규","-","","","아파트"
"40583","충청남도 서산시 성연면 일람리","1089","1089","0000","서산테크노밸리고운라피네","전세","84.6603","202502","28","18,000","0","3","2018","성연3로 57-30","202504~202704","신규","-","","","아파트"
"40584","충청남도 서산시 성연면 왕정리","719","0719","0000","이안서산테크노밸리","월세","84.9767","202502","28","2,000","65","14","2015","성연3로 36","202503~202703","신규","-","","","아파트"
"40585","충청남도 예산군 삽교읍 목리","1275","1275","0000","충남내포신도시1차대방엘리움더퍼스티지아파트","전세","75.7975","202502","28","15,000","0","11","2023","충예로 215","202503~202703","신규","-","","","아파트"
"40586","충청남도 예산군 삽교읍 목리","1275","1275","0000","충남내포신도시1차대방엘리움더퍼스티지아파트","전세","75.7975","202502","28","13,000","0","6","2023","충예로 215","202503~202703","갱신","-","13,000","0","아파트"
"40587","충청남도 서산시 지곡면 무장리","920","0920","0000","늘푸른오스카빌","전세","84.9824","202502","28","10,000","0","9","2006","충의로 762-78","202503~202703","신규","-","","","아파트"
"40588","충청남도 서산시 지곡면 무장리","920","0920","0000","늘푸른오스카빌","전세","84.9824","202502","28","9,000","0","11","2006","충의로 762-78","202503~202703","신규","-","","","아파트"
"40589","충청남도 계룡시 두마면 두계리","116","0116","0000","계룡E-편한세상","전세","106.7260","202502","28","19,950","0","8","2007","사계로 51","202503~202703","갱신","사용","19,000","0","아파트"
"40590","충청남도 계룡시 엄사면 엄사리","282","0282","0000","성원","월세","58.3200","202502","28","500","45","11","1997","엄사중앙로 66","202503~202703","신규","-","","","아파트"
"40591","충청남도 금산군 금산읍 상리","306-8","0306","0008","삼호","전세","49.8000","202502","28","5,500","0","1","1997","비호산로 57","202503~202703","갱신","-","5,500","0","아파트"
"40592","충청남도 서산시 지곡면 무장리","920","0920","0000","늘푸른오스카빌","전세","84.9824","202502","28","10,000","0","9","2006","충의로 762-78","-","-","-","","","아파트"
"40593","충청남도 서산시 성연면 일람리","1128","1128","0000","서산테크노밸리고운하이츠","월세","67.1741","202502","28","1,000","70","8","2015","성연3로 11","202409~202609","신규","-","","","아파트"
"40594","충청남도 홍성군 홍북읍 신경리","928","0928","0000","극동스타클래스센트럴","전세","59.9980","202502","28","9,000","0","1","2014","신대로 33","202503~202703","신규","-","","","아파트"
"40595","충청남도 천안시 동남구 문화동","180","0180","0000","천안역필하우스에듀시티(1단지)","전세","84.9861","202502","28","23,000","0","2","2022","성황로 40","202504~202704","갱신","사용","22,000","0","아파트"
"40596","충청남도 계룡시 두마면 농소리","971","0971","0000","한라비발디더센트럴","전세","84.8535","202502","28","20,000","0","17","2023","대실남북3길 16","202503~202703","갱신","-","19,000","0","아파트"
"40597","충청남도 홍성군 홍성읍 남장리","515","0515","0000","주공아파트1차","월세","46.2000","202502","28","3,000","20","4","2001","문화로72번길 92","202503~202703","신규","-","","","아파트"
"40598","충청남도 서산시 성연면 왕정리","712","0712","0000","힐스테이트서산아파트","월세","84.9408","202502","27","300","35","5","2017","성연3로 76","202502~202602","신규","-","","","아파트"
"40599","충청남도 천안시 동남구 문화동","179","0179","0000","힐스테이트천안","월세","59.9201","202502","27","6,000","80","32","2021","옛시청길 29","202503~202703","신규","-","","","아파트"
"40600","충청남도 천안시 동남구 문화동","180","0180","0000","천안역필하우스에듀시티(1단지)","전세","84.9861","202502","27","28,000","0","26","2022","성황로 40","202503~202703","신규","-","","","아파트"
"40601","충청남도 금산군 금산읍 양지리","468","0468","0000","e편한세상금산프라임포레","월세","59.8083","202502","27","3,000","50","10","2022","진악로 869","-","-","-","","","아파트"
"40602","충청남도 금산군 금산읍 양지리","468","0468","0000","e편한세상금산프라임포레","월세","84.4746","202502","27","5,000","60","8","2022","진악로 869","202504~202704","신규","-","","","아파트"
"40603","충청남도 천안시 동남구 문화동","180","0180","0000","천안역필하우스에듀시티(1단지)","월세","114.9932","202502","27","5,000","125","11","2022","성황로 40","202503~202703","신규","-","","","아파트"
"40604","충청남도 태안군 태안읍 동문리","92-1","0092","0001","주공","전세","49.8500","202502","27","9,500","0","10","2000","동문7길 20","202503~202703","신규","-","","","아파트"
"40605","충청남도 금산군 금산읍 중도리","684","0684","0000","e편한세상금산센터하임","전세","75.9943","202502","27","16,000","0","13","2022","금산로 1554","-","-","-","","","아파트"
"40606","충청남도 서천군 장항읍 창선2리","188-3","0188","0003","장항더포레아파트","월세","31.6200","202502","27","400","42","10","2019","장서로 77","202502~202602","신규","-","","","아파트"
"40607","충청남도 홍성군 홍북읍 신경리","1373","1373","0000","가람마을엘에이치1단지","월세","29.9200","202502","27","2,679","6","15","2023","홍예로 164","202406~202607","갱신","-","1,079","16","아파트"
"40608","충청남도 홍성군 홍성읍 월산리","851","0851","0000","부영2차(851-0)","전세","59.9870","202502","27","8,186","0","2","2004","월산로30번길 38","202505~202605","갱신","-","8,026","0","아파트"
"40609","충청남도 홍성군 홍북읍 신경리","1178","1178","0000","내포신도시반도유보라마크에디션","전세","84.8822","202502","27","17,000","0","19","2025","신대로 86","202504~202704","신규","-","","","아파트"
"40610","충청남도 홍성군 홍북읍 신경리","1178","1178","0000","내포신도시반도유보라마크에디션","전세","84.8822","202502","27","17,000","0","19","2025","신대로 86","202504~202704","신규","-","","","아파트"
"40611","충청남도 홍성군 홍북읍 신경리","1178","1178","0000","내포신도시반도유보라마크에디션","전세","84.9012","202502","27","14,000","0","7","2025","신대로 86","202503~202703","신규","-","","","아파트"
"40612","충청남도 홍성군 홍북읍 신경리","1178","1178","0000","내포신도시반도유보라마크에디션","전세","84.8822","202502","27","17,000","0","19","2025","신대로 86","202503~202703","신규","-","","","아파트"
"40613","충청남도 홍성군 홍북읍 신경리","945","0945","0000","자경마을중흥에스클래스","월세","59.9921","202502","27","7,300","42","15","2016","자경로 17","202502~202704","신규","-","","","아파트"
"40614","충청남도 서산시 성연면 일람리","1123","1123","0000","서산골드클래스","월세","84.9693","202502","27","15,270","10","3","2018","성연5로 46","202502~202608","신규","-","","","아파트"
"40615","충청남도 서산시 성연면 일람리","1089","1089","0000","서산테크노밸리고운라피네","전세","66.3755","202502","27","15,000","0","15","2018","성연3로 57-30","202504~202704","신규","-","","","아파트"
"40616","충청남도 태안군 태안읍 삭선리","281-25","0281","0025","해송마을1차","월세","39.9600","202502","27","300","30","6","1999","원이로 302","202503~202602","신규","-","","","아파트"
"40617","충청남도 예산군 삽교읍 목리","840","0840","0000","학재마을도나우에듀파크1차","월세","78.4246","202502","27","1,000","50","5","2022","예학로 112","202503~202703","신규","-","","","아파트"
"40618","충청남도 예산군 삽교읍 목리","1275","1275","0000","충남내포신도시1차대방엘리움더퍼스티지아파트","전세","75.7975","202502","27","13,500","0","14","2023","충예로 215","202503~202703","갱신","-","13,500","0","아파트"
"40619","충청남도 예산군 삽교읍 목리","884","0884","0000","내포신도시중흥S-클래스더시티","월세","84.9642","202502","27","2,000","55","8","2024","청사로 250","202505~202705","신규","-","","","아파트"
"40620","충청남도 계룡시 엄사면 엄사리","226-4","0226","0004","삼진","월세","29.1300","202502","27","200","30","15","1997","번영3길 73-12","202502~202602","신규","-","","","아파트"
"40621","충청남도 계룡시 엄사면 엄사리","367","0367","0000","두산신성","전세","84.8550","202502","27","16,000","0","3","1994","엄사중앙로 65-9","202503~202703","신규","-","","","아파트"
"40622","충청남도 서산시 지곡면 무장리","920","0920","0000","늘푸른오스카빌","월세","84.9824","202502","27","1,000","70","7","2006","충의로 762-78","202503~202603","신규","-","","","아파트"
"40623","충청남도 홍성군 홍성읍 남장리","522","0522","0000","홍성남장2주공","월세","59.8800","202502","27","3,657","22","15","2008","문화로72번길 72","202505~202704","갱신","-","3,249","19","아파트"
"40624","충청남도 천안시 동남구 문화동","63-9","0063","0009","거송그랑데리움","월세","25.4137","202502","27","500","40","12","2016","버들로 21","202503~202703","신규","-","","","아파트"
"40625","충청남도 서산시 성연면 왕정리","725","0725","0000","e편한세상서산테크노밸리","전세","74.5253","202502","27","17,000","0","3","2018","성연4로 46","202503~202703","신규","-","","","아파트"
"40626","충청남도 천안시 서북구 쌍용동","1367","1367","0000","월봉청솔1단지","전세","50.1600","202502","27","10,200","0","2","2000","월봉4로 140-9","-","-","-","","","아파트"
"40627","충청남도 천안시 서북구 차암동","442","0442","0000","e편한세상스마일시티","전세","51.9900","202502","27","15,700","0","18","2015","스마일시티1로 55","-","-","-","","","아파트"
"40628","충청남도 천안시 서북구 쌍용동","861","0861","0000","시영1차근로복지","월세","42.6600","202502","27","500","50","4","1992","봉서2길 7","202504~202604","신규","-","","","아파트"
"40629","충청남도 천안시 서북구 쌍용동","1282","1282","0000","주공7단지2차","전세","58.6500","202502","27","11,000","0","3","1995","쌍용11길 55","202503~202703","신규","-","","","아파트"
"40630","충청남도 천안시 서북구 쌍용동","1367","1367","0000","월봉청솔1단지","전세","50.1600","202502","27","10,200","0","2","2000","월봉4로 140-9","202503~202703","신규","-","","","아파트"
"40631","충청남도 천안시 서북구 성성동","827","0827","0000","천안시티자이","전세","84.9474","202502","27","27,300","0","14","2018","성성6로 21","202504~202704","갱신","사용","26,000","0","아파트"
"40632","충청남도 천안시 서북구 쌍용동","1367","1367","0000","월봉청솔1단지","전세","50.1600","202502","27","10,000","0","14","2000","월봉4로 140-9","202503~202703","신규","-","","","아파트"
"40633","충청남도 천안시 동남구 풍세면 보성리","772","0772","0000","천안한양수자인에코시티","월세","84.9647","202502","27","300","40","4","2023","풍세산단로 290","202503~202603","신규","-","","","아파트"
"40634","충청남도 천안시 서북구 불당동","788","0788","0000","불당한성필하우스","월세","59.9813","202502","27","1,000","85","10","2004","불당11로 68","202503~202703","신규","-","","","아파트"
"40635","충청남도 천안시 서북구 불당동","1463","1463","0000","천안불당엘에이치1단지","월세","16.5200","202502","27","1,009","14","21","2019","불당24로 9","202503~202702","갱신","-","1,955","10","아파트"
"40636","충청남도 천안시 서북구 불당동","1497","1497","0000","불당리더힐스","전세","74.5900","202502","27","26,250","0","9","2016","불당24로 10","202503~202703","갱신","사용","25,000","0","아파트"
"40637","충청남도 천안시 서북구 불당동","1466","1466","0000","천안불당금호어울림","전세","74.9300","202502","27","26,500","0","26","2020","불당24로 37","202508~202708","신규","-","","","아파트"
"40638","충청남도 천안시 서북구 불당동","1510","1510","0000","호반 베르디움 센트로 포레","월세","84.8939","202502","27","8,000","150","21","2017","불당23로 10","202504~202704","신규","-","","","아파트"
"40639","충청남도 천안시 서북구 두정동","527","0527","0000","주공그린(8단지)","전세","59.9700","202502","27","12,600","0","14","1996","두정중5길 33","202504~202704","신규","-","","","아파트"
"40640","충청남도 천안시 서북구 두정동","1864","1864","0000","우성","전세","59.6950","202502","27","13,900","0","7","1996","두정고7길 35","202503~202703","신규","-","","","아파트"
"40641","충청남도 천안시 서북구 두정동","1348","1348","0000","라온시티","월세","25.9200","202502","27","500","50","4","2013","두정상가2길 19","202502~202602","신규","-","","","아파트"
"40642","충청남도 천안시 서북구 두정동","1466","1466","0000","두정역펜타폴리스","전세","20.2550","202502","27","4,000","0","4","2013","성정두정로 82","202502~202702","신규","-","","","아파트"
"40643","충청남도 천안시 서북구 두정동","527","0527","0000","주공그린(8단지)","전세","59.9700","202502","27","12,600","0","14","1996","두정중5길 33","-","-","-","","","아파트"
"40644","충청남도 천안시 서북구 쌍용동","1548","1548","0000","월봉대우","전세","59.8840","202502","27","13,000","0","1","1998","월봉4로 88-11","202501~202701","갱신","-","16,000","0","아파트"
"40645","충청남도 천안시 서북구 직산읍 삼은리","76-67","0076","0067","브리엔츠아파트","월세","49.0711","202502","27","2,000","50","6","2019","삼은2길 26","202503~202703","신규","-","","","아파트"
"40646","충청남도 천안시 서북구 두정동","527","0527","0000","주공그린(8단지)","전세","59.9700","202502","27","12,600","0","14","1996","두정중5길 33","202504~202704","신규","-","","","아파트"
"40647","충청남도 천안시 서북구 두정동","1864","1864","0000","우성","전세","59.6950","202502","27","13,900","0","7","1996","두정고7길 35","-","-","-","","","아파트"
"40648","충청남도 천안시 서북구 두정동","527","0527","0000","주공그린(8단지)","전세","59.9700","202502","27","12,600","0","18","1996","봉정로 381","-","-","-","","","아파트"
"40649","충청남도 천안시 서북구 두정동","526-1","0526","0001","극동늘푸른","전세","59.9100","202502","27","14,400","0","11","1996","늘푸른6길 41","202504~202704","신규","-","","","아파트"
"40650","충청남도 천안시 서북구 쌍용동","1548","1548","0000","월봉대우","전세","59.8840","202502","27","13,000","0","1","1998","월봉4로 88-11","202501~202701","갱신","-","16,000","0","아파트"
"40651","충청남도 천안시 서북구 백석동","1115","1115","0000","천안백석엘에이치천년나무1단지","월세","36.8000","202502","27","5,531","8","5","2017","한들1로 88","202503~202702","갱신","-","3,397","18","아파트"
"40652","충청남도 천안시 서북구 백석동","1178","1178","0000","백석2차아이파크","전세","84.9868","202502","27","30,000","0","12","2014","한들3로 35-23","202504~202704","신규","-","","","아파트"
"40653","충청남도 천안시 서북구 쌍용동","565","0565","0000","한라동백","월세","59.7600","202502","27","2,500","50","5","1995","쌍용17길 13","202503~202703","갱신","사용","2,500","50","아파트"
"40654","충청남도 천안시 서북구 쌍용동","1282","1282","0000","주공7단지2차","월세","41.8500","202502","27","500","42","11","1995","쌍용11길 55","202502~202702","신규","-","","","아파트"
"40655","충청남도 천안시 서북구 성정동","1292","1292","0000","에프엠21","월세","22.0409","202502","27","1,104","4","12","2014","쌍용대로 348","202412~202703","갱신","-","384","8","아파트"
"40656","충청남도 천안시 서북구 성정동","1435","1435","0000","프라지움11차아파트","월세","37.5191","202502","27","1,000","75","15","2019","동서대로 165","202502~202602","신규","-","","","아파트"
"40657","충청남도 천안시 서북구 성정동","717","0717","0000","주공5-2","전세","39.6900","202502","27","7,000","0","5","1988","성정로 75","202502~202702","신규","-","","","아파트"
"40658","충청남도 천안시 서북구 성정동","1335","1335","0000","하이스타운3차","월세","22.3400","202502","27","1,000","35","7","2014","성정공원7길 3","202502~202602","신규","-","","","아파트"
"40659","충청남도 천안시 서북구 성정동","1435","1435","0000","프라지움11차아파트","월세","57.8767","202502","27","1,000","85","4","2019","동서대로 165","202503~202603","신규","-","","","아파트"
"40660","충청남도 천안시 서북구 성정동","1345","1345","0000","프라지움7차","전세","30.4979","202502","27","9,700","0","8","2016","성정공원6길 37","202503~202703","갱신","-","9,700","0","아파트"
"40661","충청남도 천안시 서북구 성정동","1292","1292","0000","에프엠21","월세","21.7718","202502","27","200","40","9","2014","쌍용대로 348","202503~202602","신규","-","","","아파트"
"40662","충청남도 천안시 서북구 쌍용동","2075","2075","0000","쌍용자이","전세","114.1000","202502","27","25,000","0","10","2007","월봉1길 15","202503~202703","신규","-","","","아파트"
"40663","충청남도 천안시 서북구 백석동","658-69","0658","0069","백석동펜타폴리스5차","월세","22.8220","202502","27","2,000","23","2","2016","한들1로 9-25","202502~202602","신규","-","","","아파트"
"40664","충청남도 천안시 서북구 쌍용동","2075","2075","0000","쌍용자이","전세","114.1000","202502","27","25,000","0","10","2007","월봉1길 15","202503~202703","신규","-","","","아파트"
"40665","충청남도 천안시 서북구 불당동","1463","1463","0000","천안불당엘에이치1단지","월세","16.5200","202502","27","1,897","10","11","2019","불당24로 9","202503~202702","갱신","-","1,846","10","아파트"
"40666","충청남도 천안시 서북구 불당동","820","0820","0000","대동다숲","전세","84.7824","202502","27","27,000","0","9","2004","시청로 39","202502~202702","갱신","사용","27,000","0","아파트"
"40667","충청남도 천안시 서북구 불당동","1613","1613","0000","천안불당호반써밋플레이스","전세","84.7392","202502","27","53,000","0","14","2017","불당21로 40","202505~202705","신규","-","","","아파트"
"40668","충청남도 천안시 서북구 불당동","1498","1498","0000","천안불당 지웰푸르지오","전세","84.9920","202502","27","31,500","0","4","2016","불당24로 38","202502~202702","갱신","사용","30,000","0","아파트"
"40669","충청남도 천안시 서북구 불당동","787","0787","0000","대원칸타빌","전세","59.9890","202502","27","20,475","0","12","2004","불당11로 82","202504~202704","갱신","사용","19,500","0","아파트"
"40670","충청남도 천안시 서북구 두정동","1466","1466","0000","두정역펜타폴리스","월세","20.0050","202502","27","2,000","27","5","2013","성정두정로 82","202502~202602","신규","-","","","아파트"
"40671","충청남도 천안시 서북구 두정동","525-1","0525","0001","대우그린","전세","59.9460","202502","27","15,500","0","13","1996","봉정로 365","202502~202702","갱신","사용","16,000","0","아파트"
"40672","충청남도 천안시 서북구 쌍용동","1282","1282","0000","주공7단지2차","전세","58.6500","202502","27","11,000","0","3","1995","쌍용11길 55","-","-","-","","","아파트"
"40673","충청남도 아산시 둔포면 송용리","338","0338","0000","신영모닝빌아파트","월세","39.7970","202502","27","1,500","30","1","2000","윤보선로450번길 3","202503~202603","신규","-","","","아파트"
"40674","충청남도 아산시 탕정면 명암리","809","0809","0000","탕정삼성트라팰리스(5단지)","월세","73.9348","202502","27","4,000","130","9","2014","탕정면로 37","202504~202608","신규","-","","","아파트"
"40675","충청남도 당진시 송악읍 기지시리","512","0512","0000","당진푸르지오센트럴파크","월세","84.9831","202502","27","2,000","80","21","2024","틀모시로 768-38","202503~202703","신규","-","","","아파트"
"40676","충청남도 천안시 동남구 봉명동","9","0009","0000","우영","월세","49.6500","202502","27","500","35","3","1988","우영1길 10","202503~202603","신규","-","","","아파트"
"40677","충청남도 천안시 동남구 봉명동","513","0513","0000","봉서산아이파크","전세","59.9479","202502","27","23,000","0","18","2018","봉명4길 29","202504~202704","신규","-","","","아파트"
"40678","충청남도 아산시 탕정면 매곡리","1380","1380","0000","한들물빛도시하늘채","전세","55.8400","202502","27","25,000","0","10","2022","한들물빛1로 8","202504~202704","신규","-","","","아파트"
"40679","충청남도 아산시 탕정면 매곡리","1380","1380","0000","한들물빛도시하늘채","전세","55.8400","202502","27","25,000","0","10","2022","한들물빛1로 8","-","-","-","","","아파트"
"40680","충청남도 아산시 탕정면 매곡리","1380","1380","0000","한들물빛도시하늘채","전세","59.7900","202502","27","21,000","0","12","2022","한들물빛1로 8","202502~202702","갱신","사용","20,000","0","아파트"
"40681","충청남도 아산시 탕정면 매곡리","1380","1380","0000","한들물빛도시하늘채","전세","55.8500","202502","27","17,850","0","10","2022","한들물빛1로 8","202502~202702","갱신","사용","17,000","0","아파트"
"40682","충청남도 아산시 신창면 행목리","498","0498","0000","아산신창양우내안애","월세","35.1000","202502","27","300","40","11","2014","행목로 202","202504~202603","신규","-","","","아파트"
"40683","충청남도 아산시 음봉면 산동리","427-1","0427","0001","삼일원앙","월세","59.8500","202502","27","500","55","14","1997","음봉로 847","202503~202703","신규","-","","","아파트"
"40684","충청남도 아산시 음봉면 산동리","427-1","0427","0001","삼일원앙","전세","39.7300","202502","27","5,800","0","11","1997","음봉로 847","-","-","-","","","아파트"
"40685","충청남도 아산시 배방읍 장재리","1539","1539","0000","연화마을8단지","전세","84.6200","202502","27","24,000","0","10","2009","연화로 36","202504~202704","신규","-","","","아파트"
"40686","충청남도 아산시 배방읍 장재리","1767","1767","0000","요진와이시티","전세","84.7086","202502","27","45,000","0","13","2011","광장로 210","202503~202703","신규","-","","","아파트"
"40687","충청남도 아산시 배방읍 세교리","424-9","0424","0009","신라","월세","49.6800","202502","27","500","47","10","1997","온천대로 2358","202502~202702","신규","-","","","아파트"
"40688","충청남도 아산시 배방읍 세교리","1606","1606","0000","아산배방9단지","월세","46.8600","202502","27","6,440","9","22","2023","동방로 219","202502~202703","갱신","-","4,140","22","아파트"
"40689","충청남도 아산시 신창면 읍내리","579-9","0579","0009","경희학성","월세","29.5100","202502","27","200","30","13","1996","순천향로 49","202503~202603","신규","-","","","아파트"
"40690","충청남도 당진시 송산면 유곡리","1467","1467","0000","당진송산청광아파트","월세","49.9580","202502","27","500","45","1","2016","송산로 864-10","202503~202703","신규","-","","","아파트"
"40691","충청남도 천안시 동남구 청당동","436","0436","0000","청당마을신도브래뉴","전세","84.7730","202502","27","16,000","0","12","2006","풍세로 770","-","-","-","","","아파트"
"40692","충청남도 천안시 동남구 청당동","436","0436","0000","청당마을신도브래뉴","전세","84.7730","202502","27","16,000","0","12","2006","풍세로 770","202504~202704","신규","-","","","아파트"
"40693","충청남도 당진시 송악읍 복운리","1629-1","1629","0001","동광","전세","59.9974","202502","27","9,000","0","10","2007","신복운로3길 8","202504~202704","신규","-","","","아파트"
"40694","충청남도 아산시 배방읍 북수리","1873","1873","0000","충남꿈비채아산배방","월세","59.6696","202502","27","5,000","17","14","2022","월천5길 30","202505~202509","갱신","-","5,000","15","아파트"
"40695","충청남도 아산시 배방읍 공수리","1717","1717","0000","배방메이루즈아파트","전세","59.8009","202502","27","18,900","0","19","2017","북수로25번길 33","202504~202704","신규","-","","","아파트"
"40696","충청남도 아산시 배방읍 공수리","640","0640","0000","배방한성필하우스1단지","월세","121.0007","202502","27","3,000","100","7","2006","배방로 58-43","202503~202602","신규","-","","","아파트"
"40697","충청남도 아산시 배방읍 공수리","636","0636","0000","한라비발디","전세","104.1140","202502","27","20,000","0","5","2006","배방로 131","202502~202702","갱신","-","19,000","0","아파트"
"40698","충청남도 아산시 배방읍 공수리","282","0282","0000","배방삼정그린코아","전세","38.4900","202502","27","7,400","0","19","2012","모산로126번길 17-7","202503~202703","신규","-","","","아파트"
"40699","충청남도 아산시 배방읍 공수리","1717","1717","0000","배방메이루즈아파트","전세","59.8009","202502","27","19,000","0","19","2017","북수로25번길 33","202503~202703","신규","-","","","아파트"
"40700","충청남도 당진시 우강면 창리","396","0396","0000","합덕우강유탑유블레스","월세","65.1100","202502","27","3,000","45","3","2021","합우로 323-9","202503~202603","신규","-","","","아파트"
"40701","충청남도 당진시 송악읍 기지시리","504","0504","0000","힐스테이트당진2차","월세","84.8253","202502","27","2,000","80","12","2018","틀모시로 737","202503~202603","신규","-","","","아파트"
"40702","충청남도 당진시 읍내동","1687","1687","0000","당진아이파크","전세","84.9800","202502","27","27,000","0","16","2022","당진중앙2로 290","202503~202603","신규","-","","","아파트"
"40703","충청남도 서산시 동문동","71-1","0071","0001","동문동코아루","전세","84.9800","202502","27","19,000","0","14","2007","고운로 275-14","202502~202702","신규","-","","","아파트"
"40704","충청남도 아산시 권곡동","205-1","0205","0001","청솔","월세","58.2000","202502","27","1,000","50","8","2002","문화로 257-17","202504~202704","신규","-","","","아파트"
"40705","충청남도 당진시 읍내동","283","0283","0000","벽산","전세","59.7900","202502","27","10,000","0","6","1996","계성2길 51","202503~202703","신규","-","","","아파트"
"40706","충청남도 당진시 읍내동","1687","1687","0000","당진아이파크","전세","84.9800","202502","27","27,000","0","16","2022","당진중앙2로 290","202403~202603","신규","-","","","아파트"
"40707","충청남도 당진시 읍내동","283","0283","0000","벽산","전세","59.7900","202502","27","10,000","0","6","1996","계성2길 51","202503~202703","신규","-","","","아파트"
"40708","충청남도 서산시 석림동","463-1","0463","0001","석림주공2단지","월세","37.6700","202502","27","1,000","35","4","1995","석림4로 83","202503~202703","신규","-","","","아파트"
"40709","충청남도 아산시 모종동","640","0640","0000","모종캐슬어울림2단지","월세","84.9889","202502","27","3,000","110","18","2017","모종로22번길 33","202501~202612","신규","-","","","아파트"
"40710","충청남도 천안시 동남구 용곡동","596","0596","0000","용곡한라비발디","전세","84.6434","202502","27","25,000","0","13","2010","용곡2길 43-11","202503~202703","신규","-","","","아파트"
"40711","충청남도 천안시 동남구 용곡동","596","0596","0000","용곡한라비발디","전세","84.6434","202502","27","25,000","0","13","2010","용곡2길 43-11","202503~202703","신규","-","","","아파트"
"40712","충청남도 천안시 동남구 용곡동","596","0596","0000","용곡한라비발디","전세","84.6434","202502","27","25,000","0","13","2010","용곡2길 43-11","-","-","-","","","아파트"
"40713","충청남도 당진시 수청동","1562","1562","0000","호반써밋시그니처Ⅱ","전세","84.8451","202502","27","23,000","0","8","2023","수청1로 51","202503~202703","갱신","-","17,000","0","아파트"
"40714","충청남도 당진시 수청동","2199","2199","0000","하이앤","월세","84.9641","202502","27","26,000","4","19","2024","수청3로 49","-","-","-","","","아파트"
"40715","충청남도 아산시 풍기동","231","0231","0000","인정프린스","전세","59.9100","202502","27","7,000","0","6","1993","어의정로183번길 15","202503~202703","신규","-","","","아파트"
"40716","충청남도 아산시 방축동","775","0775","0000","아산방축KD아람채","전세","59.9820","202502","27","14,883","0","12","2020","온천대로 1323-25","202503~202808","신규","-","","","아파트"
"40717","충청남도 천안시 동남구 신부동","986","0986","0000","신부 디 이스트","월세","72.7000","202502","27","9,500","60","12","2018","신원2길 61","-","-","-","","","아파트"
"40718","충청남도 천안시 동남구 신부동","451-8","0451","0008","스카이타워","월세","21.0800","202502","27","500","48","16","2014","먹거리11길 5","202502~202602","신규","-","","","아파트"
"40719","충청남도 천안시 동남구 신부동","970","0970","0000","방죽안휴먼시아","월세","84.9100","202502","27","2,000","90","6","2009","천안천8길 45","202502~202702","갱신","-","17,000","40","아파트"
"40720","충청남도 천안시 동남구 신부동","986","0986","0000","신부 디 이스트","월세","72.7000","202502","27","9,500","60","12","2018","신원2길 61","202503~202703","신규","-","","","아파트"
"40721","충청남도 천안시 동남구 신부동","970","0970","0000","방죽안휴먼시아","월세","84.7700","202502","27","3,000","100","12","2009","천안천8길 45","202503~202703","신규","-","","","아파트"
"40722","충청남도 아산시 온천동","79-14","0079","0014","갤러리휴리움","월세","21.2800","202502","27","300","37","4","2018","온천대로 1532-5","202503~202603","신규","-","","","아파트"
"40723","충청남도 논산시 취암동","508","0508","0000","에버그린","전세","26.0762","202502","27","8,500","0","4","2021","중앙로 313","202503~202703","신규","-","","","아파트"
"40724","충청남도 당진시 대덕동","1808","1808","0000","한성필하우스","전세","84.9937","202502","27","15,750","0","1","2016","남부로 200","202503~202703","갱신","-","15,000","0","아파트"
"40725","충청남도 공주시 신관동","495-83","0495","0083","리버하임","월세","16.1911","202502","27","500","40","4","2013","금벽로 357-8","202503~202602","신규","-","","","아파트"
"40726","충청남도 공주시 신관동","24-64","0024","0064","주공3","월세","39.3000","202502","27","600","40","5","1990","신금1길 30-3","202503~202703","신규","-","","","아파트"
"40727","충청남도 공주시 신관동","24-64","0024","0064","주공3","전세","39.6900","202502","27","5,500","0","6","1990","신금1길 30-3","202502~202702","신규","-","","","아파트"
"40728","충청남도 공주시 신관동","664","0664","0000","주공5차","월세","51.8800","202502","27","3,000","55","7","2005","관골2길 24-29","202505~202605","신규","-","","","아파트"
"40729","충청남도 공주시 신관동","19","0019","0000","주공4단지","월세","59.9900","202502","27","1,000","60","5","1998","신금2길 48","202504~202704","신규","-","","","아파트"
"40730","충청남도 천안시 동남구 신방동","920","0920","0000","초원그린타운","월세","39.2700","202502","27","500","45","11","1998","신촌4로 16","202503~202703","신규","-","","","아파트"
"40731","충청남도 천안시 동남구 신방동","920","0920","0000","초원그린타운","월세","39.2700","202502","27","1,000","40","10","1998","신촌4로 16","202503~202702","신규","-","","","아파트"
"40732","충청남도 당진시 채운동","1152","1152","0000","당진채운동양우내안애아파트","월세","59.9726","202502","27","1,000","60","6","2018","백암로 99","202502~202702","신규","-","","","아파트"
"40733","충청남도 천안시 동남구 신방동","920","0920","0000","초원그린타운","월세","39.2700","202502","26","300","42","1","1998","신촌4로 16","202502~202602","신규","-","","","아파트"
"40734","충청남도 천안시 동남구 신부동","978","0978","0000","힐스테이트천안신부","전세","59.3721","202502","26","23,000","0","16","2017","북일로 70","202503~202703","신규","-","","","아파트"
"40735","충청남도 당진시 채운동","276-9","0276","0009","한중","월세","84.9800","202502","26","1,000","50","1","1999","서부로 271","202504~202703","신규","-","","","아파트"
"40736","충청남도 서산시 읍내동","624-5","0624","0005","부영","전세","49.7200","202502","26","6,076","0","13","1996","부춘1로 19","202503~202602","신규","-","","","아파트"
"40737","충청남도 보령시 궁촌동","345-3","0345","0003","엘타워","월세","17.0100","202502","26","500","41","4","2015","터미널길 7","202503~202603","신규","-","","","아파트"
"40738","충청남도 공주시 신관동","683","0683","0000","신관주공6차:휴먼시아","월세","39.9800","202502","26","3,085","7","4","2009","관골2길 36","202504~202703","갱신","사용","2,998","7","아파트"
"40739","충청남도 당진시 수청동","1852","1852","0000","당진센트레빌르네블루2차","전세","59.9722","202502","26","19,000","0","1","2024","수청중앙로 86","202503~202703","신규","-","","","아파트"
"40740","충청남도 당진시 수청동","1852","1852","0000","당진센트레빌르네블루2차","월세","84.9699","202502","26","2,500","95","9","2024","수청중앙로 86","202502~202602","신규","-","","","아파트"
"40741","충청남도 보령시 명천동","436","0436","0000","명천주공1차아파트","월세","39.6900","202502","26","300","35","4","1989","보령남로 49-31","202502~202602","신규","-","","","아파트"
"40742","충청남도 보령시 명천동","389","0389","0000","명천주공5","월세","49.4400","202502","26","300","50","7","1998","주공로 65","202502~203002","신규","-","","","아파트"
"40743","충청남도 천안시 동남구 신방동","920","0920","0000","초원그린타운","전세","39.2700","202502","26","7,000","0","8","1998","신촌4로 16","-","-","-","","","아파트"
"40744","충청남도 서산시 석남동","104-1","0104","0001","센스빌","전세","51.4900","202502","26","12,000","0","15","2003","동서1로 130","202503~202703","신규","-","","","아파트"
"40745","충청남도 천안시 동남구 신방동","920","0920","0000","초원그린타운","전세","39.2700","202502","26","7,000","0","8","1998","신촌4로 16","202504~202704","갱신","-","5,500","0","아파트"
"40746","충청남도 서산시 동문동","538-2","0538","0002","삼성","전세","73.4536","202502","26","9,000","0","8","1991","서령로 137","202503~202703","신규","-","","","아파트"
"40747","충청남도 당진시 대덕동","1876","1876","0000","당진대덕수청시티프라디움1차","전세","59.9764","202502","26","16,000","0","7","2020","대덕1로 102","202504~202704","신규","-","","","아파트"
"40748","충청남도 서산시 동문동","228","0228","0000","주공","월세","46.6800","202502","26","500","35","1","1988","율지18로 24","202503~202702","신규","-","","","아파트"
"40749","충청남도 천안시 동남구 신방동","920","0920","0000","초원그린타운","전세","39.2700","202502","26","7,000","0","8","1998","신촌4로 16","-","-","-","","","아파트"
"40750","충청남도 천안시 동남구 신부동","970","0970","0000","방죽안휴먼시아","월세","51.6900","202502","26","1,500","80","9","2009","천안천8길 45","202503~202703","신규","-","","","아파트"
"40751","충청남도 천안시 동남구 신부동","978","0978","0000","힐스테이트천안신부","전세","74.9512","202502","26","30,000","0","10","2017","북일로 70","202503~202509","갱신","-","30,000","0","아파트"
"40752","충청남도 공주시 소학동","254-3","0254","0003","아이젠아파트","월세","118.2745","202502","26","5,000","60","3","2019","창벽로 42-31","202503~202702","신규","-","","","아파트"
"40753","충청남도 보령시 명천동","389","0389","0000","명천주공4","전세","49.9700","202502","26","8,000","0","6","1997","주공로 65","202502~202702","신규","-","","","아파트"
"40754","충청남도 천안시 동남구 신부동","451-8","0451","0008","스카이타워","월세","21.0800","202502","26","500","50","16","2014","먹거리11길 5","202502~202602","신규","-","","","아파트"
"40755","충청남도 아산시 용화동","712","0712","0000","용화주공3","월세","59.9900","202502","26","1,000","45","11","1998","온중로 22","202503~202603","신규","-","","","아파트"
"40756","충청남도 천안시 동남구 신부동","978","0978","0000","힐스테이트천안신부","월세","84.9845","202502","26","5,000","95","17","2017","북일로 70","202503~202703","갱신","사용","5,000","90","아파트"
"40757","충청남도 아산시 방축동","140-7","0140","0007","동아2","월세","59.8060","202502","26","1,000","45","20","1997","온천대로1333번길 10","202502~202702","신규","-","","","아파트"
"40758","충청남도 천안시 동남구 신방동","920","0920","0000","초원그린타운","전세","39.2700","202502","26","7,000","0","8","1998","신촌4로 16","-","-","-","","","아파트"
"40759","충청남도 아산시 모종동","562-1","0562","0001","모종리슈빌더스카이","월세","59.9700","202502","26","1,500","80","2","2024","번영로196번길 5","202502~202702","신규","-","","","아파트"
"40760","충청남도 당진시 읍내동","310-10","0310","0010","세원목화","전세","59.8150","202502","26","9,500","0","4","1995","계성3길 56-16","202503~202703","신규","-","","","아파트"
"40761","충청남도 당진시 원당동","1257","1257","0000","당진원당이안","전세","84.9975","202502","26","18,000","0","3","2012","원당로 52","202503~202703","신규","-","","","아파트"
"40762","충청남도 서산시 읍내동","55","0055","0000","서산읍내현대","월세","84.9360","202502","26","3,000","85","15","2001","호수공원6로 19","202503~202703","신규","-","","","아파트"
"40763","충청남도 보령시 동대동","414-2","0414","0002","동대주공2","전세","39.6000","202502","26","5,000","0","4","1991","주공로 33","202503~202702","신규","-","","","아파트"
"40764","충청남도 보령시 동대동","414-2","0414","0002","동대주공2","월세","46.9800","202502","26","300","40","1","1991","주공로 33","202503~202603","신규","-","","","아파트"
"40765","충청남도 논산시 취암동","508","0508","0000","에버그린","전세","26.0762","202502","26","7,500","0","5","2021","중앙로 313","202503~202703","신규","-","","","아파트"
"40766","충청남도 천안시 서북구 불당동","788","0788","0000","불당한성필하우스","전세","59.9813","202502","26","18,000","0","12","2004","불당11로 68","202503~202703","신규","-","","","아파트"
"40767","충청남도 천안시 서북구 쌍용동","652","0652","0000","일성3차(능수)","월세","59.6800","202502","26","1,000","69","12","1994","쌍용17길 25","202502~202702","신규","-","","","아파트"
"40768","충청남도 천안시 서북구 쌍용동","1561","1561","0000","월봉청솔2차","전세","48.4500","202502","26","10,500","0","14","2000","월봉7길 77","202503~202703","갱신","사용","10,000","0","아파트"
"40769","충청남도 천안시 서북구 쌍용동","1914","1914","0000","주공9","월세","39.6900","202502","26","500","37","3","1998","봉서산샛길 65","202411~202611","신규","-","","","아파트"
"40770","충청남도 천안시 서북구 쌍용동","1914","1914","0000","주공9","전세","49.7700","202502","26","10,700","0","15","1998","봉서산샛길 65","202502~202702","신규","-","","","아파트"
"40771","충청남도 천안시 서북구 쌍용동","1920","1920","0000","쌍용마을뜨란채,주공아파트","월세","59.9500","202502","26","4,000","40","3","1999","봉서산샛길 64","202505~202705","신규","-","","","아파트"
"40772","충청남도 천안시 서북구 쌍용동","1914","1914","0000","주공9","월세","49.7700","202502","26","500","52","13","1998","봉서산샛길 65","202502~202702","신규","-","","","아파트"
"40773","충청남도 천안시 서북구 쌍용동","1914","1914","0000","주공9","전세","59.7100","202502","26","13,000","0","4","1998","봉서산샛길 65","-","-","-","","","아파트"
"40774","충청남도 천안시 서북구 쌍용동","1367","1367","0000","월봉청솔1단지","월세","50.1600","202502","26","500","55","12","2000","월봉4로 140-9","202503~202703","신규","-","","","아파트"
"40775","충청남도 천안시 서북구 쌍용동","1914","1914","0000","주공9","전세","59.7100","202502","26","13,000","0","4","1998","봉서산샛길 65","-","-","-","","","아파트"
"40776","충청남도 천안시 서북구 쌍용동","1914","1914","0000","주공9","전세","59.7100","202502","26","13,000","0","4","1998","봉서산샛길 65","202504~202704","신규","-","","","아파트"
"40777","충청남도 천안시 서북구 성정동","141-3","0141","0003","활림1차","전세","84.1500","202502","26","12,000","0","3","1993","선영10길 12","202503~202703","신규","-","","","아파트"
"40778","충청남도 천안시 서북구 성정동","785","0785","0000","주공6-1","전세","47.0100","202502","26","7,500","0","5","1989","서부대로 648-13","202503~202703","신규","-","","","아파트"
"40779","충청남도 천안시 서북구 성정동","785","0785","0000","주공6-1","전세","50.0900","202502","26","7,000","0","3","1989","서부대로 648-13","202503~202703","신규","-","","","아파트"
"40780","충청남도 천안시 서북구 성정동","1435","1435","0000","프라지움11차아파트","월세","57.8767","202502","26","2,000","70","7","2019","동서대로 165","202504~202604","신규","-","","","아파트"
"40781","충청남도 천안시 서북구 성성동","1004","1004","0000","한화포레나천안노태1단지","전세","84.8877","202502","26","26,000","0","12","2024","한들2로 170","202505~202705","신규","-","","","아파트"
"40782","충청남도 천안시 동남구 목천읍 신계리","103-4","0103","0004","목천신도브래뉴1차","월세","84.9800","202502","26","1,000","70","5","2004","신계5길 47","202502~202702","신규","-","","","아파트"
"40783","충청남도 천안시 서북구 차암동","543","0543","0000","e편한세상스마일시티2차","월세","59.9819","202502","26","1,500","80","15","2016","스마일시티2로 2","202502~202702","신규","-","","","아파트"
"40784","충청남도 천안시 서북구 차암동","448","0448","0000","천안한화꿈에그린스마일시티","전세","74.5602","202502","26","19,500","0","22","2014","스마일시티1로 1","202503~202703","신규","-","","","아파트"
"40785","충청남도 천안시 서북구 직산읍 수헐리","16-1","0016","0001","직산부영","월세","49.6620","202502","26","500","40","6","1998","천안대로 1718","202504~202704","신규","-","","","아파트"
"40786","충청남도 천안시 서북구 직산읍 수헐리","16-1","0016","0001","직산부영","월세","49.6620","202502","26","500","40","6","1998","천안대로 1718","202504~202704","신규","-","","","아파트"
"40787","충청남도 천안시 서북구 직산읍 수헐리","16-1","0016","0001","직산부영","월세","49.6620","202502","26","500","45","9","1998","천안대로 1718","202503~202703","신규","-","","","아파트"
"40788","충청남도 천안시 서북구 성성동","827","0827","0000","천안시티자이","월세","84.9474","202502","26","3,000","130","25","2018","성성6로 21","202503~202703","신규","-","","","아파트"
"40789","충청남도 천안시 서북구 직산읍 삼은리","592","0592","0000","더샵천안레이크마크","월세","65.1500","202502","26","1,000","85","18","2024","직산로 18-33","202504~202707","신규","-","","","아파트"
"40790","충청남도 천안시 서북구 두정동","1283","1283","0000","프라지움","월세","20.5410","202502","26","300","40","10","2013","두정상가1길 27","202502~202602","신규","-","","","아파트"
"40791","충청남도 천안시 서북구 두정동","1327","1327","0000","하이스타운","월세","19.3611","202502","26","300","40","4","2013","두정상가8길 30","202503~202603","신규","-","","","아파트"
"40792","충청남도 천안시 서북구 두정동","1327","1327","0000","하이스타운","월세","19.3611","202502","26","300","40","4","2013","두정상가8길 30","202503~202603","신규","-","","","아파트"
"40793","충청남도 천안시 서북구 두정동","1416-1","1416","0001","리첸스","월세","21.4000","202502","26","500","34","4","2013","두정상가5길 10","202502~202602","신규","-","","","아파트"
"40794","충청남도 천안시 서북구 두정동","2035","2035","0000","한성필하우스3차","월세","84.9165","202502","26","2,000","90","4","2004","봉정로 366","202503~202703","신규","-","","","아파트"
"40795","충청남도 천안시 서북구 두정동","1332","1332","0000","더리치빌2","월세","20.6600","202502","26","2,000","11","8","2013","두정상가3길 20","202502~202602","신규","-","","","아파트"
"40796","충청남도 천안시 서북구 두정동","2035","2035","0000","한성필하우스3차","전세","84.9165","202502","26","22,000","0","10","2004","봉정로 366","202503~202703","신규","-","","","아파트"
"40797","충청남도 천안시 서북구 두정동","2078","2078","0000","두정역효성해링턴플레이스","전세","71.4200","202502","26","30,000","0","18","2020","봉정로 324","202504~202704","신규","-","","","아파트"
"40798","충청남도 천안시 서북구 두정동","527","0527","0000","주공그린(8단지)","전세","49.9600","202502","26","11,700","0","17","1996","봉정로 381","202412~202612","갱신","사용","15,000","0","아파트"
"40799","충청남도 천안시 서북구 두정동","2078","2078","0000","두정역효성해링턴플레이스","전세","84.9300","202502","26","34,000","0","20","2020","봉정로 324","202503~202702","신규","-","","","아파트"
"40800","충청남도 천안시 서북구 두정동","527","0527","0000","주공그린(8단지)","전세","49.9600","202502","26","11,700","0","17","1996","봉정로 381","-","-","-","","","아파트"
"40801","충청남도 천안시 서북구 두정동","2078","2078","0000","두정역효성해링턴플레이스","전세","59.9600","202502","26","25,000","0","18","2020","봉정로 324","202503~202703","신규","-","","","아파트"
"40802","충청남도 천안시 서북구 두정동","2078","2078","0000","두정역효성해링턴플레이스","전세","71.4000","202502","26","30,000","0","5","2020","봉정로 324","202504~202704","신규","-","","","아파트"
"40803","충청남도 천안시 서북구 두정동","1373","1373","0000","에프엠22","월세","21.9340","202502","26","300","42","9","2015","두정상가2길 10","202503~202602","신규","-","","","아파트"
"40804","충청남도 천안시 서북구 두정동","1417","1417","0000","해피드림3차","월세","36.2590","202502","26","500","60","8","2016","두정상가5길 6","202503~202603","신규","-","","","아파트"
"40805","충청남도 천안시 서북구 두정동","1466","1466","0000","두정역펜타폴리스","월세","20.2550","202502","26","300","40","8","2013","성정두정로 82","202503~202603","신규","-","","","아파트"
"40806","충청남도 천안시 서북구 두정동","1373","1373","0000","에프엠22","월세","21.9340","202502","26","1,500","28","5","2015","두정상가2길 10","202502~202602","신규","-","","","아파트"
"40807","충청남도 천안시 서북구 불당동","820","0820","0000","대동다숲","월세","74.7797","202502","26","2,000","71","10","2004","시청로 39","202503~202703","신규","-","","","아파트"
"40808","충청남도 천안시 서북구 성성동","734","0734","0000","천안성성비스타동원","월세","84.9617","202502","26","2,000","140","3","2024","성성6로 129","202503~202703","신규","-","","","아파트"
"40809","충청남도 천안시 서북구 성거읍 신월리","471","0471","0000","직산역서희스타힐스","전세","59.4822","202502","26","20,000","0","21","2024","천안대로 1446","202505~202705","신규","-","","","아파트"
"40810","충청남도 천안시 서북구 불당동","1426","1426","0000","불당풍림아이원아파트","전세","45.7798","202502","26","16,000","0","3","2016","불당14로 11","202503~202703","신규","-","","","아파트"
"40811","충청남도 천안시 서북구 불당동","787","0787","0000","대원칸타빌","월세","59.9890","202502","26","2,000","70","15","2004","불당11로 82","202502~202702","신규","-","","","아파트"
"40812","충청남도 천안시 서북구 성정동","413-13","0413","0013","현대2","전세","84.9400","202502","26","14,500","0","3","1990","쌍용대로 303","202505~202705","신규","-","","","아파트"
"40813","충청남도 천안시 서북구 성정동","1322","1322","0000","프라지움3차","월세","35.1568","202502","26","500","60","6","2014","성정두정로 35","202503~202603","신규","-","","","아파트"
"40814","충청남도 천안시 서북구 성정동","1319","1319","0000","에프엠25","월세","33.4949","202502","26","200","66","12","2016","성정두정로 43","202502~202602","신규","-","","","아파트"
"40815","충청남도 천안시 서북구 성정동","785","0785","0000","주공6-1","전세","50.0900","202502","26","7,000","0","3","1989","서부대로 648-13","-","-","-","","","아파트"
"40816","충청남도 천안시 서북구 성정동","785","0785","0000","주공6-1","전세","47.0100","202502","26","7,500","0","5","1989","서부대로 648-13","-","-","-","","","아파트"
"40817","충청남도 천안시 서북구 성정동","1453","1453","0000","스위스캐슬","월세","30.8374","202502","26","300","57","10","2012","성정두정로 14","202502~202602","신규","-","","","아파트"
"40818","충청남도 천안시 서북구 백석동","1178","1178","0000","백석2차아이파크","전세","122.6664","202502","26","42,000","0","20","2014","한들3로 35-23","202503~202703","신규","-","","","아파트"
"40819","충청남도 천안시 서북구 백석동","1178","1178","0000","백석2차아이파크","전세","122.6664","202502","26","42,000","0","20","2014","한들3로 35-23","-","-","-","","","아파트"
"40820","충청남도 천안시 서북구 성정동","1530","1530","0000","(1530-0)","월세","19.9475","202502","26","300","44","5","2022","성정공원1길 9-3","202503~202603","신규","-","","","아파트"
"40821","충청남도 천안시 서북구 성환읍 매주리","183","0183","0000","성환부영","월세","49.9200","202502","26","300","55","1","1998","천안대로 1843","202503~202703","신규","-","","","아파트"
"40822","충청남도 천안시 서북구 쌍용동","1920","1920","0000","쌍용마을뜨란채,주공아파트","전세","59.9500","202502","26","12,800","0","1","1999","봉서산샛길 64","202504~202704","신규","-","","","아파트"
"40823","충청남도 천안시 서북구 성거읍 신월리","2-26","0002","0026","천안삼환나우빌","전세","84.9132","202502","26","15,000","0","8","2005","봉주로 120","202503~202703","신규","-","","","아파트"
"40824","충청남도 천안시 서북구 성거읍 신월리","471","0471","0000","직산역서희스타힐스","전세","59.4822","202502","26","17,500","0","15","2024","천안대로 1446","202412~202612","신규","-","","","아파트"
"40825","충청남도 천안시 서북구 성거읍 신월리","2-26","0002","0026","천안삼환나우빌","전세","84.9132","202502","26","15,000","0","8","2005","봉주로 120","202503~202703","신규","-","","","아파트"
"40826","충청남도 천안시 서북구 성거읍 신월리","471","0471","0000","직산역서희스타힐스","전세","59.4822","202502","26","20,000","0","21","2024","천안대로 1446","202505~202705","신규","-","","","아파트"
"40827","충청남도 계룡시 엄사면 엄사리","384","0384","0000","비사벌","월세","59.8700","202502","26","1,000","40","2","1995","번영3길 43","202503~202703","신규","-","","","아파트"
"40828","충청남도 서산시 성연면 일람리","1089","1089","0000","서산테크노밸리고운라피네","월세","75.1389","202502","26","2,000","70","7","2018","성연3로 57-30","202503~202703","신규","-","","","아파트"
"40829","충청남도 태안군 태안읍 동문리","92-1","0092","0001","주공","월세","39.5100","202502","26","500","40","5","2000","동문7길 20","202502~202602","신규","-","","","아파트"
"40830","충청남도 태안군 태안읍 동문리","413-1","0413","0001","대림","전세","75.3300","202502","26","7,000","0","5","1991","한양길 61-30","202503~202703","신규","-","","","아파트"
"40831","충청남도 예산군 삽교읍 목리","884","0884","0000","내포신도시중흥S-클래스더시티","전세","73.9822","202502","26","13,000","0","10","2024","청사로 250","202503~202703","신규","-","","","아파트"
"40832","충청남도 예산군 삽교읍 목리","884","0884","0000","내포신도시중흥S-클래스더시티","월세","84.9642","202502","26","1,000","60","9","2024","청사로 250","202504~202704","신규","-","","","아파트"
"40833","충청남도 예산군 삽교읍 목리","884","0884","0000","내포신도시중흥S-클래스더시티","월세","59.9914","202502","26","1,000","55","6","2024","청사로 250","202503~202703","신규","-","","","아파트"
"40834","충청남도 예산군 삽교읍 목리","832","0832","0000","이지더원센트럴에듀","전세","73.1700","202502","26","13,000","0","4","2024","예학로 111","202503~202703","신규","-","","","아파트"
"40835","충청남도 홍성군 홍북읍 신경리","1168","1168","0000","롯데캐슬","전세","84.9696","202502","26","11,000","0","7","2012","신대로 34","202503~202703","신규","-","","","아파트"
"40836","충청남도 서산시 성연면 왕정리","712","0712","0000","힐스테이트서산아파트","전세","84.9408","202502","26","11,000","0","10","2017","성연3로 76","202503~202703","신규","-","","","아파트"
"40837","충청남도 홍성군 홍북읍 신경리","1178","1178","0000","내포신도시반도유보라마크에디션","월세","84.8822","202502","26","2,000","70","16","2025","신대로 86","202504~202704","신규","-","","","아파트"
"40838","충청남도 부여군 규암면 반산리","380","0380","0000","부여센트럴휴엔하임","월세","74.2745","202502","26","10,379","35","3","2018","흥수로 878","202503~202703","갱신","-","10,379","25","아파트"
"40839","충청남도 서산시 성연면 일람리","1081","1081","0000","서산테크노밸리우미린","월세","59.9050","202502","26","13,000","16","18","2022","성연3로 77","202504~202704","신규","-","","","아파트"
"40840","충청남도 금산군 금산읍 양지리","468","0468","0000","e편한세상금산프라임포레","전세","74.6240","202502","26","16,000","0","8","2022","진악로 869","202505~202705","신규","-","","","아파트"
"40841","충청남도 당진시 송악읍 반촌리","374-3","0374","0003","동진","월세","39.9000","202502","26","300","30","8","1995","반촌로 267","202502~202702","신규","-","","","아파트"
"40842","충청남도 아산시 탕정면 동산리","421","0421","0000","한라아파트","전세","49.9700","202502","26","10,000","0","9","1997","탕정면로 379-20","202504~202704","신규","-","","","아파트"
"40843","충청남도 아산시 배방읍 세교리","424-9","0424","0009","신라","월세","49.6800","202502","26","500","45","8","1997","온천대로 2358","202502~202602","갱신","-","8,000","0","아파트"
"40844","충청남도 아산시 배방읍 장재리","1204","1204","0000","포레스트힐","전세","114.7800","202502","26","30,000","0","9","2010","용연로 37","202502~202602","갱신","-","28,000","0","아파트"
"40845","충청남도 아산시 배방읍 장재리","1205","1205","0000","용연마을휴먼시아1단지","월세","36.9400","202502","26","1,767","10","9","2008","용연로 36","202503~202702","갱신","-","1,688","9","아파트"
"40846","충청남도 아산시 배방읍 세교리","424-9","0424","0009","신라","월세","39.6000","202502","26","200","45","3","1997","온천대로 2358","202503~202509","신규","-","","","아파트"
"40847","충청남도 아산시 배방읍 세교리","424-9","0424","0009","신라","월세","39.6000","202502","26","200","45","3","1997","온천대로 2358","202503~202509","신규","-","","","아파트"
"40848","충청남도 아산시 배방읍 세교리","1606","1606","0000","아산배방9단지","월세","21.9800","202502","26","2,780","6","12","2023","동방로 219","202502~202703","갱신","-","1,980","11","아파트"
"40849","충청남도 아산시 배방읍 세교리","1592","1592","0000","아산배방LH15단지","월세","46.9300","202502","26","927","35","6","2022","동방로 114","202501~202612","갱신","-","2,842","28","아파트"
"40850","충청남도 아산시 음봉면 월랑리","702","0702","0000","아산더샵레이크시티2차","월세","72.7800","202502","26","4,000","63","10","2015","음봉로 515-38","202503~202603","갱신","-","1,000","80","아파트"
"40851","충청남도 당진시 송악읍 복운리","1629-1","1629","0001","동광","전세","59.9974","202502","26","8,000","0","1","2007","신복운로3길 8","202502~202702","신규","-","","","아파트"
"40852","충청남도 아산시 신창면 남성리","177-2","0177","0002","샘마을","월세","39.2700","202502","26","300","33","10","2001","남성길 85","202503~202602","신규","-","","","아파트"
"40853","충청남도 아산시 신창면 남성리","852","0852","0000","아산삼부르네상스더힐","월세","59.9345","202502","26","1,000","70","3","2024","천우물로 22","202503~202703","신규","-","","","아파트"
"40854","충청남도 아산시 배방읍 북수리","1873","1873","0000","충남꿈비채아산배방","월세","44.7994","202502","26","4,000","13","4","2022","월천5길 30","202502~202704","신규","-","","","아파트"
"40855","충청남도 아산시 음봉면 산동리","1066","1066","0000","아산한라비발디스마트밸리","월세","54.8736","202502","26","2,000","80","11","2023","산동희망로 40","202502~202602","신규","-","","","아파트"
"40856","충청남도 아산시 탕정면 매곡리","1380","1380","0000","한들물빛도시하늘채","월세","55.8400","202502","26","13,380","17","17","2022","한들물빛1로 8","202503~202702","갱신","-","8,640","40","아파트"
"40857","충청남도 아산시 탕정면 매곡리","1393","1393","0000","한들물빛도시시티프라디움","전세","84.9774","202502","26","36,000","0","14","2021","한들물빛3로 36","202504~202704","신규","-","","","아파트"
"40858","충청남도 아산시 탕정면 매곡리","1380","1380","0000","한들물빛도시하늘채","전세","59.7900","202502","26","17,850","0","1","2022","한들물빛1로 8","202502~202702","갱신","사용","17,000","0","아파트"
"40859","충청남도 아산시 탕정면 매곡리","1380","1380","0000","한들물빛도시하늘채","전세","59.7900","202502","26","22,050","0","25","2022","한들물빛1로 8","202503~202603","갱신","사용","21,000","0","아파트"
"40860","충청남도 아산시 탕정면 매곡리","1386","1386","0000","신영한들물빛도시지웰시티센트럴푸르지오2단지","전세","84.7160","202502","26","45,000","0","7","2022","한들물빛도시로 70","202503~202803","신규","-","","","아파트"
"40861","충청남도 당진시 송악읍 복운리","1629-1","1629","0001","동광","월세","59.9974","202502","26","2,000","55","4","2007","신복운로3길 8","202504~202704","신규","-","","","아파트"
"40862","충청남도 천안시 동남구 봉명동","494","0494","0000","봉명청솔(3차)","월세","56.3400","202502","26","1,000","60","12","2001","봉서8길 13","202502~202702","신규","-","","","아파트"
"40863","충청남도 아산시 배방읍 공수리","632","0632","0000","중앙하이츠오르젠1단지","월세","84.9720","202502","26","2,000","80","8","2006","배방로 58-10","202503~202603","신규","-","","","아파트"
"40864","충청남도 천안시 동남구 청당동","1005","1005","0000","행정타운센트럴두산위브","전세","84.9825","202502","26","26,500","0","11","2023","청당5로 20","202504~202704","신규","-","","","아파트"
"40865","충청남도 아산시 신창면 행목리","498","0498","0000","아산신창양우내안애","전세","35.1000","202502","25","5,500","0","15","2014","행목로 202","202503~202703","신규","-","","","아파트"
"40866","충청남도 아산시 배방읍 세교리","424-9","0424","0009","신라","월세","49.6800","202502","25","300","45","5","1997","온천대로 2358","202503~202509","신규","-","","","아파트"
"40867","충청남도 아산시 배방읍 공수리","282","0282","0000","배방삼정그린코아","전세","38.4900","202502","25","7,200","0","12","2012","모산로126번길 17-7","202503~202703","신규","-","","","아파트"
"40868","충청남도 아산시 신창면 남성리","190-1","0190","0001","아산코아루","월세","84.9418","202502","25","10,000","15","8","2006","남성길 123","202503~202703","신규","-","","","아파트"
"40869","충청남도 아산시 탕정면 명암리","809","0809","0000","탕정삼성트라팰리스(5단지)","전세","73.9348","202502","25","33,000","0","5","2014","탕정면로 37","202505~202705","신규","-","","","아파트"
"40870","충청남도 당진시 송산면 유곡리","861","0861","0000","당진엠코타운","월세","84.9464","202502","25","1,000","70","7","2013","유곡로 20","202504~202704","신규","-","","","아파트"
"40871","충청남도 아산시 탕정면 갈산리","898","0898","0000","호반써밋그랜드마크Ⅲ(3차)","전세","84.6249","202502","25","22,050","0","17","2023","갈산교로 223","202507~202707","갱신","사용","21,000","0","아파트"
"40872","충청남도 아산시 탕정면 매곡리","1380","1380","0000","한들물빛도시하늘채","월세","55.8500","202502","25","7,080","44","20","2022","한들물빛1로 8","202503~202702","갱신","-","8,640","40","아파트"
"40873","충청남도 아산시 배방읍 공수리","282","0282","0000","배방삼정그린코아","전세","38.4900","202502","25","7,400","0","12","2012","모산로126번길 17-7","202503~202703","신규","-","","","아파트"
"40874","충청남도 아산시 신창면 행목리","498","0498","0000","아산신창양우내안애","전세","35.1000","202502","25","5,000","0","1","2014","행목로 202","202502~202702","갱신","-","6,500","0","아파트"
"40875","충청남도 천안시 동남구 청당동","980","0980","0000","행정타운두산위브더파크","전세","84.9710","202502","25","20,000","0","11","2018","청당3길 147","202504~202704","신규","-","","","아파트"
"40876","충청남도 천안시 동남구 청당동","1001","1001","0000","청당서희스타힐스","전세","74.9788","202502","25","25,000","0","12","2022","청당4로 45","202503~202703","신규","-","","","아파트"
"40877","충청남도 천안시 동남구 청당동","1001","1001","0000","청당서희스타힐스","전세","59.9740","202502","25","20,000","0","13","2022","청당4로 45","202503~202703","신규","-","","","아파트"
"40878","충청남도 천안시 동남구 청당동","992","0992","0000","청당코오롱하늘채","월세","59.4428","202502","25","1,000","90","23","2019","광풍로 1800","202503~202703","신규","-","","","아파트"
"40879","충청남도 당진시 송산면 금암리","16-2","0016","0002","당진대상","월세","49.1600","202502","25","500","40","13","1999","송산로 164","202502~202702","신규","-","","","아파트"
"40880","충청남도 당진시 송악읍 가학리","690","0690","0000","당진송악e편한세상","월세","84.9720","202502","25","2,000","60","13","2010","반촌로 103","202503~202703","신규","-","","","아파트"
"40881","충청남도 아산시 신창면 읍내리","579-9","0579","0009","경희학성","월세","29.5100","202502","25","200","35","13","1996","순천향로 49","202502~202702","갱신","-","200","35","아파트"
"40882","충청남도 당진시 고대면 성산리","1623","1623","0000","LH천년나무4단지","월세","26.8400","202502","25","2,343","5","10","2022","해명1로 21","202502~202703","갱신","-","1,243","11","아파트"
"40883","충청남도 아산시 배방읍 공수리","282","0282","0000","배방삼정그린코아","전세","38.4900","202502","25","7,200","0","12","2012","모산로126번길 17-7","202503~202703","신규","-","","","아파트"
"40884","충청남도 아산시 배방읍 세교리","424-9","0424","0009","신라","월세","49.6800","202502","25","200","50","10","1997","온천대로 2358","202412~202612","신규","-","","","아파트"
"40885","충청남도 아산시 신창면 행목리","498","0498","0000","아산신창양우내안애","월세","49.5000","202502","25","500","60","3","2014","행목로 202","202502~202602","신규","-","","","아파트"
"40886","충청남도 아산시 배방읍 공수리","634","0634","0000","중앙하이츠오르젠2단지","전세","84.9720","202502","25","20,000","0","13","2006","배방로 58-11","202503~202609","갱신","사용","22,000","0","아파트"
"40887","충청남도 아산시 배방읍 휴대리","28","0028","0000","한성","월세","39.9700","202502","25","300","35","3","1999","휴대길 212","202503~202703","신규","-","","","아파트"
"40888","충청남도 아산시 배방읍 공수리","282","0282","0000","배방삼정그린코아","전세","38.4900","202502","25","7,400","0","12","2012","모산로126번길 17-7","202503~202703","신규","-","","","아파트"
"40889","충청남도 아산시 배방읍 북수리","1535","1535","0000","새솔마을중앙하이츠3차","전세","84.9966","202502","25","18,500","0","11","2008","북수로 137","202503~202703","신규","-","","","아파트"
"40890","충청남도 아산시 배방읍 세교리","432","0432","0000","신한","전세","34.7200","202502","25","4,000","0","6","1996","온천대로 2332","202503~202703","신규","-","","","아파트"
"40891","충청남도 천안시 서북구 쌍용동","1914","1914","0000","주공9","월세","39.6900","202502","25","500","42","11","1998","봉서산샛길 65","202502~202702","신규","-","","","아파트"
"40892","충청남도 천안시 서북구 쌍용동","1361","1361","0000","계룡푸른마을","월세","59.8000","202502","25","1,500","68","14","1996","충무로 143-8","202503~202703","신규","-","","","아파트"
"40893","충청남도 천안시 서북구 두정동","1864","1864","0000","우성","전세","84.8550","202502","25","12,000","0","8","1996","두정고7길 36","-","-","-","","","아파트"
"40894","충청남도 천안시 서북구 두정동","2068","2068","0000","한화포레나천안두정","월세","84.9305","202502","25","7,000","95","11","2022","천안대로 980-17","-","-","-","","","아파트"
"40895","충청남도 천안시 서북구 두정동","1332","1332","0000","더리치빌2","전세","24.0200","202502","25","5,500","0","9","2013","두정상가3길 20","202504~202703","갱신","-","5,500","0","아파트"
"40896","충청남도 천안시 서북구 두정동","399-1","0399","0001","두정역범양레우스알파","월세","59.9857","202502","25","9,000","25","9","2020","두정공원2길 26","202503~202703","신규","-","","","아파트"
"40897","충청남도 천안시 서북구 두정동","2068","2068","0000","한화포레나천안두정","월세","84.9305","202502","25","7,000","95","11","2022","천안대로 980-17","-","-","-","","","아파트"
"40898","충청남도 천안시 서북구 두정동","1864","1864","0000","우성","전세","84.8550","202502","25","12,000","0","8","1996","두정고7길 36","202503~202703","신규","-","","","아파트"
"40899","충청남도 천안시 서북구 두정동","2068","2068","0000","한화포레나천안두정","월세","84.9305","202502","25","7,000","95","11","2022","천안대로 980-17","202504~202704","신규","-","","","아파트"
"40900","충청남도 천안시 서북구 두정동","2037","2037","0000","두정역푸르지오","전세","84.9826","202502","25","25,000","0","16","2009","두정역길 48","-","-","-","","","아파트"
"40901","충청남도 천안시 서북구 두정동","526-1","0526","0001","극동늘푸른","월세","84.9000","202502","25","1,000","85","6","1996","늘푸른6길 41","202503~202703","신규","-","","","아파트"
"40902","충청남도 천안시 서북구 두정동","2037","2037","0000","두정역푸르지오","전세","84.9826","202502","25","25,000","0","16","2009","두정역길 48","202504~202704","신규","-","","","아파트"
"40903","충청남도 천안시 서북구 백석동","191-3","0191","0003","현대","월세","84.6700","202502","25","2,000","65","2","1992","백석로 136","202502~202702","신규","-","","","아파트"
"40904","충청남도 천안시 서북구 백석동","930","0930","0000","브라운스톤","전세","84.9920","202502","25","19,000","0","14","2006","번영로 306-15","202504~202704","신규","-","","","아파트"
"40905","충청남도 천안시 서북구 백석동","915","0915","0000","그린빌1차","전세","84.9900","202502","25","20,500","0","14","2002","백석3로 69","202502~202702","신규","-","","","아파트"
"40906","충청남도 천안시 동남구 풍세면 보성리","772","0772","0000","천안한양수자인에코시티","월세","84.9855","202502","25","1,000","95","11","2023","풍세산단로 290","202503~202603","신규","-","","","아파트"
"40907","충청남도 천안시 동남구 목천읍 삼성리","9-12","0009","0012","원앙마을부영1차","월세","59.7600","202502","25","2,000","50","4","1999","삼성5길 42","202502~202702","갱신","사용","2,000","50","아파트"
"40908","충청남도 천안시 동남구 풍세면 보성리","772","0772","0000","천안한양수자인에코시티","월세","84.9831","202502","25","2,000","100","10","2023","풍세산단로 290","202503~202703","신규","-","","","아파트"
"40909","충청남도 천안시 동남구 풍세면 보성리","772","0772","0000","천안한양수자인에코시티","월세","84.9647","202502","25","500","58","17","2023","풍세산단로 290","202506~202606","갱신","-","500","55","아파트"
"40910","충청남도 천안시 서북구 성거읍 저리","53-2","0053","0002","삼일원앙","월세","59.4200","202502","25","1,000","50","8","1998","성거길 103","202503~202703","신규","-","","","아파트"
"40911","충청남도 천안시 서북구 직산읍 모시리","206-13","0206","0013","우성8차","전세","49.7100","202502","25","4,500","0","14","1995","자은가리1길 68","202503~202703","신규","-","","","아파트"
"40912","충청남도 천안시 동남구 병천면 가전리","68-3","0068","0003","신한","월세","42.5400","202502","25","200","35","1","1997","충절로 1638","202502~202702","신규","-","","","아파트"
"40913","충청남도 천안시 서북구 불당동","1614","1614","0000","천안 불당 지웰시티푸르지오 2단지","월세","112.2549","202502","25","5,000","200","8","2017","불당26로 50","202503~202702","갱신","사용","10,000","170","아파트"
"40914","충청남도 천안시 서북구 쌍용동","1561","1561","0000","월봉청솔2차","전세","48.4500","202502","25","10,300","0","1","2000","월봉7길 77","202503~202703","신규","-","","","아파트"
"40915","충청남도 천안시 서북구 차암동","448","0448","0000","천안한화꿈에그린스마일시티","전세","84.9742","202502","25","21,000","0","4","2014","스마일시티1로 1","202503~202703","신규","-","","","아파트"
"40916","충청남도 천안시 서북구 불당동","1289","1289","0000","펜타포트(103동)","월세","195.1070","202502","25","5,000","450","63","2011","공원로 196","202502~202702","신규","-","","","아파트"
"40917","충청남도 천안시 서북구 성정동","643","0643","0000","대우목화2","월세","79.5870","202502","25","1,000","55","5","1989","서부16길 49","202503~202703","신규","-","","","아파트"
"40918","충청남도 천안시 서북구 성정동","1523","1523","0000","학산리젠다빌-2차-A동","월세","23.5800","202502","25","300","38","8","2013","동서대로 129-22","202502~202602","신규","-","","","아파트"
"40919","충청남도 천안시 서북구 성환읍 성월리","150","0150","0000","현대한솔","월세","42.8400","202502","25","500","50","18","1997","성월2길 16","202503~202603","신규","-","","","아파트"
"40920","충청남도 천안시 서북구 성정동","1345","1345","0000","프라지움7차","월세","30.4979","202502","25","500","60","4","2016","성정공원6길 37","202503~202603","신규","-","","","아파트"
"40921","충청남도 천안시 서북구 성정동","787","0787","0000","주공6단지","월세","39.3000","202502","25","351","6","6","1990","쌍용대로 289-28","202503~202702","갱신","-","0","6","아파트"
"40922","충청남도 천안시 서북구 성정동","1270","1270","0000","프라지움6차","전세","22.5788","202502","25","6,500","0","5","2016","성정공원6길 1-12","202502~202702","신규","-","","","아파트"
"40923","충청남도 천안시 서북구 성정동","1516","1516","0000","블루힐화이트힐","월세","19.2500","202502","25","200","30","8","2012","성정공원5로 10-12","202502~202602","신규","-","","","아파트"
"40924","충청남도 천안시 서북구 성정동","717","0717","0000","주공5-1","전세","59.1200","202502","25","9,000","0","4","1988","성정로 75","-","-","-","","","아파트"
"40925","충청남도 천안시 서북구 성정동","717","0717","0000","주공5-2","전세","46.6800","202502","25","7,000","0","1","1988","성정로 75","-","-","-","","","아파트"
"40926","충청남도 천안시 서북구 성정동","1433","1433","0000","프라지움10차아파트","월세","53.1200","202502","25","2,000","80","2","2018","성정공원3길 14","202503~202603","신규","-","","","아파트"
"40927","충청남도 천안시 서북구 성정동","717","0717","0000","주공5-2","전세","46.6800","202502","25","7,000","0","1","1988","성정로 75","202503~202703","신규","-","","","아파트"
"40928","충청남도 천안시 서북구 성정동","717","0717","0000","주공5-1","전세","59.1200","202502","25","9,000","0","4","1988","성정로 75","202503~202703","신규","-","","","아파트"
"40929","충청남도 천안시 서북구 성정동","1435","1435","0000","프라지움11차아파트","월세","37.5191","202502","25","1,000","65","15","2019","동서대로 165","202504~202604","신규","-","","","아파트"
"40930","충청남도 천안시 서북구 성정동","1435","1435","0000","프라지움11차아파트","월세","37.5191","202502","25","1,000","65","15","2019","동서대로 165","-","-","-","","","아파트"
"40931","충청남도 천안시 동남구 목천읍 신계리","422","0422","0000","천안목천동우1차","월세","39.9500","202502","25","300","25","13","1997","신계1길 41","202502~202602","신규","-","","","아파트"
"40932","충청남도 천안시 동남구 목천읍 신계리","127-2","0127","0002","천안목천협성엠파이어","전세","39.8200","202502","25","6,000","0","2","2013","충절로 874","202504~202804","신규","-","","","아파트"
"40933","충청남도 천안시 서북구 쌍용동","1914","1914","0000","주공9","전세","49.7700","202502","25","10,500","0","3","1998","봉서산샛길 65","202503~202703","신규","-","","","아파트"
"40934","충청남도 천안시 서북구 쌍용동","1367","1367","0000","월봉청솔1단지","전세","50.1600","202502","25","10,700","0","4","2000","월봉4로 140-9","202504~202704","신규","-","","","아파트"
"40935","충청남도 천안시 서북구 쌍용동","1914","1914","0000","주공9","전세","39.6900","202502","25","7,875","0","3","1998","봉서산샛길 65","202503~202703","신규","-","","","아파트"
"40936","충청남도 천안시 서북구 쌍용동","1367","1367","0000","월봉청솔1단지","전세","50.1600","202502","25","10,700","0","4","2000","월봉4로 140-9","-","-","-","","","아파트"
"40937","충청남도 천안시 서북구 쌍용동","1914","1914","0000","주공9","전세","49.7700","202502","25","10,500","0","3","1998","봉서산샛길 65","202503~202703","신규","-","","","아파트"
"40938","충청남도 서산시 읍내동","624-5","0624","0005","부영","전세","49.7200","202502","25","6,076","0","14","1996","부춘1로 19","202504~202603","신규","-","","","아파트"
"40939","충청남도 아산시 방축동","773","0773","0000","삼일파라뷰더스테이","월세","59.9123","202502","25","1,000","60","10","2020","실옥로 15","202502~202604","신규","-","","","아파트"
"40940","충청남도 천안시 동남구 신방동","920","0920","0000","초원그린타운","전세","39.2700","202502","25","7,000","0","12","1998","신촌4로 16","202504~202704","신규","-","","","아파트"
"40941","충청남도 천안시 동남구 신방동","874","0874","0000","성지새말2","전세","59.9700","202502","25","13,000","0","11","1997","일봉로 20","202504~202704","신규","-","","","아파트"
"40942","충청남도 천안시 동남구 신방동","228-22","0228","0022","현대","전세","58.9200","202502","25","6,000","0","2","1993","풍세로 705","202502~202702","갱신","-","6,000","0","아파트"
"40943","충청남도 아산시 방축동","775","0775","0000","아산방축KD아람채","전세","59.9690","202502","25","14,001","0","2","2020","온천대로 1323-25","202503~202808","신규","-","","","아파트"
"40944","충청남도 천안시 서북구 신당동","705","0705","0000","e편한세상천안부성","전세","72.8643","202502","25","21,000","0","7","2018","천안대로 1287-1","202411~202511","갱신","-","21,000","0","아파트"
"40945","충청남도 논산시 대교동","336","0336","0000","논산코아루","전세","81.8980","202502","25","20,000","0","18","2015","대화로133번길 13","202504~202704","신규","-","","","아파트"
"40946","충청남도 천안시 동남구 안서동","181","0181","0000","대림1차이편한세상","월세","101.5920","202502","25","2,000","80","6","2005","성불사길 41","202503~202703","신규","-","","","아파트"
"40947","충청남도 보령시 명천동","413","0413","0000","보령명천2차","월세","36.0000","202502","25","1,700","8","3","1994","주공로 50","202504~202703","갱신","-","1,118","16","아파트"
"40948","충청남도 공주시 신관동","5-7","0005","0007","대아아이투빌","전세","84.9368","202502","25","16,000","0","6","2002","번영1로 194-7","202503~202703","신규","-","","","아파트"
"40949","충청남도 천안시 동남구 다가동","582","0582","0000","천안극동스타클래스더퍼스트","월세","59.9912","202502","25","1,000","95","13","2025","풍세로 933","202503~202703","신규","-","","","아파트"
"40950","충청남도 아산시 권곡동","623","0623","0000","모종1차삼일파라뷰더스위트","월세","59.8738","202502","25","2,000","60","2","2021","문화로 271-30","202502~202601","신규","-","","","아파트"
"40951","충청남도 아산시 배미동","174-3","0174","0003","서진","월세","39.6000","202502","25","300","35","4","2000","서부북로 973","202502~202702","신규","-","","","아파트"
"40952","충청남도 아산시 신인동","453","0453","0000","아산엘크루","전세","84.6814","202502","25","12,000","0","9","2010","순천향로 602","202503~202703","신규","-","","","아파트"
"40953","충청남도 아산시 온천동","1910","1910","0000","힐스테이트","월세","84.9870","202502","25","2,000","80","5","2006","남산로 126","202504~202704","신규","-","","","아파트"
"40954","충청남도 논산시 취암동","508","0508","0000","에버그린","전세","26.0762","202502","25","7,500","0","8","2021","중앙로 313","202502~202702","신규","-","","","아파트"
"40955","충청남도 아산시 풍기동","229-71","0229","0071","주은","월세","39.7800","202502","25","500","50","4","2000","어의정로183번길 14","202503~202703","신규","-","","","아파트"
"40956","충청남도 천안시 서북구 부대동","762","0762","0000","천안부성LH행복주택","월세","36.9800","202502","25","6,312","10","4","2022","부성18로 71","202408~202609","갱신","-","4,212","22","아파트"
"40957","충청남도 당진시 수청동","2199","2199","0000","하이앤","월세","59.9756","202502","25","19,000","2","27","2024","수청3로 49","-","-","-","","","아파트"
"40958","충청남도 당진시 수청동","1844","1844","0000","당진센트레빌르네블루1차","전세","99.9861","202502","25","32,000","0","5","2023","수청중앙로 85","202503~202703","신규","-","","","아파트"
"40959","충청남도 천안시 동남구 용곡동","605","0605","0000","용곡동일하이빌하이씨티3단지","월세","84.9495","202502","25","2,000","100","12","2015","일봉로 88","202503~202703","신규","-","","","아파트"
"40960","충청남도 당진시 수청동","1562","1562","0000","호반써밋시그니처Ⅱ","전세","84.4927","202502","25","16,800","0","25","2023","수청1로 51","202503~202703","갱신","사용","16,000","0","아파트"
"40961","충청남도 서산시 예천동","1332","1332","0000","서산예천효성해링턴플레이스","전세","84.9336","202502","25","28,000","0","9","2016","예천3로 43","202503~202612","신규","-","","","아파트"
"40962","충청남도 당진시 대덕동","1877","1877","0000","중흥S-클래스포레힐","월세","84.9352","202502","25","17,500","12","18","2024","대덕1로 102-57","202504~202704","갱신","-","17,500","12","아파트"
"40963","충청남도 계룡시 금암동","163-3","0163","0003","계룡한양아이클래스","월세","25.4900","202502","25","500","30","6","2015","서금암로 10","202504~202604","신규","-","","","아파트"
"40964","충청남도 당진시 대덕동","1877","1877","0000","중흥S-클래스포레힐","월세","84.9352","202502","25","17,500","12","18","2024","대덕1로 102-57","202505~202705","신규","-","","","아파트"
"40965","충청남도 아산시 장존동","305","0305","0000","청솔","전세","59.9880","202502","25","8,300","0","8","2004","외암로 1247","202503~202703","신규","-","","","아파트"
"40966","충청남도 아산시 용화동","712","0712","0000","용화주공3","전세","59.9900","202502","25","9,800","0","15","1997","온중로 22","202503~202703","신규","-","","","아파트"
"40967","충청남도 아산시 모종동","576-1","0576","0001","한라동백","전세","84.9300","202502","25","14,000","0","4","1998","삼동로 34","202503~202703","신규","-","","","아파트"
"40968","충청남도 아산시 모종동","637","0637","0000","모종캐슬어울림1단지","월세","84.9206","202502","25","3,000","90","10","2017","모종로22번길 7","202503~202801","신규","-","","","아파트"
"40969","충청남도 아산시 좌부동","84-3","0084","0003","초원설화타운1","월세","39.7800","202502","25","1,000","20","4","1994","고불로 667","202503~202703","신규","-","","","아파트"
"40970","충청남도 보령시 동대동","414-10","0414","0010","동대주공3단지","월세","39.6000","202502","25","300","30","5","1993","주공로 33","202502~202602","신규","-","","","아파트"
"40971","충청남도 보령시 동대동","414-10","0414","0010","동대주공3단지","월세","47.3100","202502","25","500","30","4","1993","주공로 33","202502~202602","신규","-","","","아파트"
"40972","충청남도 홍성군 홍북읍 신경리","1178","1178","0000","내포신도시반도유보라마크에디션","전세","84.8822","202502","25","17,000","0","11","2025","신대로 86","202503~202703","신규","-","","","아파트"
"40973","충청남도 예산군 삽교읍 목리","884","0884","0000","내포신도시중흥S-클래스더시티","전세","73.9822","202502","25","12,000","0","24","2024","청사로 250","202503~202703","신규","-","","","아파트"
"40974","충청남도 홍성군 홍북읍 신경리","1178","1178","0000","내포신도시반도유보라마크에디션","전세","84.8822","202502","25","17,000","0","7","2025","신대로 86","202503~202703","신규","-","","","아파트"
"40975","충청남도 홍성군 홍북읍 신경리","1370","1370","0000","한울마을모아엘가아파트","전세","84.8694","202502","25","15,000","0","26","2016","홍학로 88","202504~202704","신규","-","","","아파트"
"40976","충청남도 홍성군 홍북읍 신경리","1178","1178","0000","내포신도시반도유보라마크에디션","전세","84.8822","202502","25","17,000","0","4","2025","신대로 86","202504~202704","신규","-","","","아파트"
"40977","충청남도 홍성군 홍북읍 신경리","945","0945","0000","자경마을중흥에스클래스","전세","84.9785","202502","25","15,990","0","9","2016","자경로 17","202502~202704","신규","-","","","아파트"
"40978","충청남도 태안군 태안읍 삭선리","420-4","0420","0004","태안신동아","월세","59.9800","202502","25","1,000","45","6","1996","진벌로 34-3","-","-","-","","","아파트"
"40979","충청남도 계룡시 엄사면 유동리","460","0460","0000","블루힐스","전세","84.9790","202502","25","17,000","0","13","2012","계백로 3051","202504~202704","신규","-","","","아파트"
"40980","충청남도 예산군 삽교읍 목리","884","0884","0000","내포신도시중흥S-클래스더시티","전세","84.9642","202502","25","15,000","0","9","2024","청사로 250","202503~202703","신규","-","","","아파트"
"40981","충청남도 홍성군 홍북읍 봉신리","289-1","0289","0001","동진아파트","전세","39.9000","202502","25","3,800","0","6","1998","도청대로 211","-","-","-","","","아파트"
"40982","충청남도 계룡시 엄사면 엄사리","281","0281","0000","동아","전세","59.6700","202502","25","7,500","0","1","1994","엄사중앙로 65-10","202502~202702","신규","-","","","아파트"
"40983","충청남도 계룡시 엄사면 엄사리","226-4","0226","0004","삼진","월세","39.9300","202502","25","500","38","7","1997","번영3길 73-12","202502~202602","신규","-","","","아파트"
"40984","충청남도 계룡시 엄사면 엄사리","282","0282","0000","성원","전세","58.3200","202502","25","8,000","0","1","1997","엄사중앙로 66","202503~202703","신규","-","","","아파트"
"40985","충청남도 홍성군 홍성읍 고암리","556-7","0556","0007","미주","월세","72.3900","202502","25","500","40","3","1990","조양로232번길 20-3","202503~202703","신규","-","","","아파트"
"40986","충청남도 서산시 성연면 일람리","1128","1128","0000","서산테크노밸리고운하이츠","전세","67.1741","202502","25","9,700","0","1","2015","성연3로 11","202502~202702","신규","-","","","아파트"
"40987","충청남도 홍성군 홍성읍 월산리","851","0851","0000","부영2차(851-0)","전세","59.9870","202502","25","8,186","0","10","2004","월산로30번길 38","202504~202604","갱신","-","7,644","0","아파트"
"40988","충청남도 홍성군 홍성읍 월산리","851","0851","0000","부영2차(851-0)","전세","59.9870","202502","25","8,186","0","10","2004","월산로30번길 38","-","-","-","","","아파트"
"40989","충청남도 홍성군 홍성읍 월산리","850","0850","0000","부영1차","전세","49.8420","202502","25","6,921","0","14","2003","월산로30번길 39","202504~202604","갱신","-","6,786","0","아파트"
"40990","충청남도 계룡시 두마면 농소리","973","0973","0000","푸르지오더퍼스트","월세","59.6989","202502","25","2,000","80","9","2022","농소로 63","202503~202703","신규","-","","","아파트"
"40991","충청남도 홍성군 홍북읍 신경리","1176","1176","0000","신리마을상록아파트","전세","59.9200","202502","25","8,939","0","6","2016","홍학로 25","-","-","-","","","아파트"
"40992","충청남도 계룡시 두마면 농소리","970","0970","0000","계룡자이","월세","84.9685","202502","25","3,000","120","18","2023","대실남북로 81","202502~202702","신규","-","","","아파트"
"40993","충청남도 홍성군 홍북읍 신경리","1373","1373","0000","가람마을엘에이치1단지","월세","37.5600","202502","25","3,890","9","13","2023","홍예로 164","202501~202702","갱신","-","1,890","21","아파트"
"40994","충청남도 홍성군 홍성읍 월산리","851","0851","0000","부영2차(851-0)","월세","80.9663","202502","24","500","55","1","2004","월산로30번길 38","202502~202702","신규","-","","","아파트"
"40995","충청남도 서산시 성연면 왕정리","719","0719","0000","이안서산테크노밸리","전세","84.9541","202502","24","17,000","0","10","2015","성연3로 36","202504~202704","신규","-","","","아파트"
"40996","충청남도 예산군 예산읍 주교리","258-2","0258","0002","충남꿈비채(예산주교)","월세","44.7738","202502","24","4,000","13","1","2022","주교로 13","202503~202704","신규","-","","","아파트"
"40997","충청남도 홍성군 홍북읍 신경리","1369","1369","0000","내포신도시 경남아너스빌","전세","84.9700","202502","24","14,000","0","7","2016","청사로 15","202503~202703","신규","-","","","아파트"
"40998","충청남도 홍성군 홍북읍 신경리","1178","1178","0000","내포신도시반도유보라마크에디션","전세","84.9012","202502","24","17,000","0","18","2025","신대로 86","202503~202703","신규","-","","","아파트"
"40999","충청남도 계룡시 엄사면 엄사리","226-4","0226","0004","삼진","월세","39.9300","202502","24","500","35","14","1997","번영3길 73-12","202503~202603","신규","-","","","아파트"
"41000","충청남도 계룡시 두마면 농소리","971","0971","0000","한라비발디더센트럴","월세","59.9701","202502","24","2,000","80","20","2023","대실남북3길 16","202505~202705","신규","-","","","아파트"
"41001","충청남도 서산시 대산읍 대산리","832","0832","0000","한미","전세","59.1900","202502","24","2,500","0","3","1992","가로림로 64","202504~202704","신규","-","","","아파트"
"41002","충청남도 계룡시 두마면 농소리","971","0971","0000","한라비발디더센트럴","전세","59.9701","202502","24","10,500","0","11","2023","대실남북3길 16","202503~202703","갱신","사용","10,000","0","아파트"
"41003","충청남도 부여군 부여읍 쌍북리","727","0727","0000","왕궁","월세","59.4700","202502","24","1,000","60","3","2000","성왕로352번길 11","202504~202704","신규","-","","","아파트"
"41004","충청남도 서산시 성연면 일람리","1081","1081","0000","서산테크노밸리우미린","월세","59.9050","202502","24","13,000","16","5","2022","성연3로 77","202502~202702","신규","-","","","아파트"
"41005","충청남도 홍성군 홍북읍 신경리","928","0928","0000","극동스타클래스센트럴","전세","59.9980","202502","24","13,700","0","7","2014","신대로 33","202502~202702","신규","-","","","아파트"
"41006","충청남도 천안시 동남구 문화동","180","0180","0000","천안역필하우스에듀시티(1단지)","전세","73.9819","202502","24","24,000","0","11","2022","성황로 40","202506~202706","신규","-","","","아파트"
"41007","충청남도 예산군 삽교읍 목리","1275","1275","0000","충남내포신도시1차대방엘리움더퍼스티지아파트","월세","75.7975","202502","24","1,000","65","8","2023","충예로 215","202503~202703","신규","-","","","아파트"
"41008","충청남도 천안시 동남구 문화동","180","0180","0000","천안역필하우스에듀시티(1단지)","전세","73.9819","202502","24","24,000","0","11","2022","성황로 40","202506~202706","신규","-","","","아파트"
"41009","충청남도 천안시 동남구 문화동","181","0181","0000","천안역필하우스에듀시티(2단지)","전세","39.6978","202502","24","15,980","0","7","2022","성황로 66","202504~202704","신규","-","","","아파트"
"41010","충청남도 아산시 신창면 행목리","498","0498","0000","아산신창양우내안애","월세","35.1000","202502","24","300","45","5","2014","행목로 202","202502~202602","신규","-","","","아파트"
"41011","충청남도 아산시 배방읍 회룡리","357-1","0357","0001","삼정백조1차","전세","30.0300","202502","24","3,500","0","14","1998","솔치로 261","202502~202702","신규","-","","","아파트"
"41012","충청남도 보령시 웅천읍 대창리","975","0975","0000","보령웅천엘에이치행복주택","월세","36.6900","202502","24","1,944","13","2","2020","장터중앙길 192-8","202502~202703","신규","-","","","아파트"
"41013","충청남도 보령시 웅천읍 대창리","975","0975","0000","보령웅천엘에이치행복주택","월세","26.8300","202502","24","1,482","10","1","2020","장터중앙길 192-8","202502~202703","신규","-","","","아파트"
"41014","충청남도 보령시 웅천읍 대창리","975","0975","0000","보령웅천엘에이치행복주택","월세","36.6900","202502","24","1,944","13","6","2020","장터중앙길 192-8","202502~202703","신규","-","","","아파트"
"41015","충청남도 천안시 동남구 구성동","300-6","0300","0006","향목그라비스","전세","59.9408","202502","24","13,000","0","9","2005","충절로 303","202503~202703","신규","-","","","아파트"
"41016","충청남도 아산시 신창면 행목리","498","0498","0000","아산신창양우내안애","월세","35.1000","202502","24","2,500","17","2","2014","행목로 202","202503~202603","신규","-","","","아파트"
"41017","충청남도 아산시 배방읍 세교리","424-9","0424","0009","신라","월세","59.3400","202502","24","500","55","2","1997","온천대로 2358","202504~202604","신규","-","","","아파트"
"41018","충청남도 아산시 배방읍 세교리","424-9","0424","0009","신라","월세","59.3400","202502","24","300","60","8","1997","온천대로 2358","202503~202703","신규","-","","","아파트"
"41019","충청남도 아산시 배방읍 세교리","1478","1478","0000","별하신도시하늘채","월세","55.9600","202502","24","1,500","62","9","2023","세교길 14","202412~202702","갱신","-","8,000","43","아파트"
"41020","충청남도 아산시 배방읍 세교리","1606","1606","0000","아산배방9단지","월세","46.8600","202502","24","6,440","9","8","2023","동방로 219","202501~202702","갱신","-","4,140","22","아파트"
"41021","충청남도 아산시 배방읍 세교리","1606","1606","0000","아산배방9단지","월세","21.9800","202502","24","2,780","6","11","2023","동방로 219","202502~202703","갱신","-","1,980","11","아파트"
"41022","충청남도 아산시 배방읍 북수리","1873","1873","0000","충남꿈비채아산배방","월세","44.7994","202502","24","4,000","13","20","2022","월천5길 30","202502~202704","신규","-","","","아파트"
"41023","충청남도 아산시 신창면 행목리","498","0498","0000","아산신창양우내안애","월세","49.5000","202502","24","500","55","7","2014","행목로 202","202502~202601","신규","-","","","아파트"
"41024","충청남도 천안시 동남구 봉명동","513","0513","0000","봉서산아이파크","전세","84.9920","202502","24","28,000","0","17","2018","봉명4길 29","202504~202704","신규","-","","","아파트"
"41025","충청남도 아산시 음봉면 덕지리","580","0580","0000","더?레이크사이드","월세","84.9546","202502","24","1,000","75","7","2006","음봉로 567","202503~202703","신규","-","","","아파트"
"41026","충청남도 공주시 의당면 청룡리","641-5","0641","0005","세광엔리치빌","월세","30.6438","202502","24","300","30","5","2000","연수원길 112","202503~202603","신규","-","","","아파트"
"41027","충청남도 아산시 탕정면 명암리","809","0809","0000","탕정삼성트라팰리스(1단지~3단지)","전세","108.8600","202502","24","40,000","0","4","2009","탕정면로 37","202503~202703","신규","-","","","아파트"
"41028","충청남도 당진시 송산면 유곡리","861","0861","0000","당진엠코타운","월세","84.8896","202502","24","1,000","62","1","2013","유곡로 20","202503~202703","신규","-","","","아파트"
"41029","충청남도 당진시 신평면 거산리","6-3","0006","0003","신세대","월세","39.7500","202502","24","500","32","10","2000","거산3거리길 66","202502~202602","신규","-","","","아파트"
"41030","충청남도 당진시 송악읍 기지시리","512","0512","0000","당진푸르지오센트럴파크","월세","84.9971","202502","24","2,000","80","19","2024","틀모시로 768-38","202504~202704","신규","-","","","아파트"
"41031","충청남도 아산시 배방읍 공수리","282","0282","0000","배방삼정그린코아","월세","38.4900","202502","24","500","38","1","2012","모산로126번길 17-7","202503~202702","신규","-","","","아파트"
"41032","충청남도 천안시 동남구 구성동","300-6","0300","0006","향목그라비스","전세","59.9408","202502","24","13,000","0","9","2005","충절로 303","202503~202703","신규","-","","","아파트"
"41033","충청남도 아산시 탕정면 매곡리","1380","1380","0000","한들물빛도시하늘채","월세","55.7800","202502","24","13,280","18","17","2022","한들물빛1로 8","202412~202702","갱신","-","8,680","45","아파트"
"41034","충청남도 아산시 탕정면 매곡리","1380","1380","0000","한들물빛도시하늘채","월세","55.8500","202502","24","13,280","18","19","2022","한들물빛1로 8","202412~202702","갱신","-","8,680","45","아파트"
"41035","충청남도 아산시 탕정면 매곡리","1386","1386","0000","신영한들물빛도시지웰시티센트럴푸르지오2단지","전세","84.8986","202502","24","43,000","0","14","2022","한들물빛도시로 70","202505~202705","신규","-","","","아파트"
"41036","충청남도 아산시 신창면 읍내리","579-9","0579","0009","경희학성","월세","39.8500","202502","24","100","40","13","1996","순천향로 49","202503~202603","신규","-","","","아파트"
"41037","충청남도 아산시 배방읍 공수리","282","0282","0000","배방삼정그린코아","월세","38.4900","202502","24","500","45","11","2012","모산로126번길 17-7","202502~202602","갱신","-","500","45","아파트"
"41038","충청남도 아산시 둔포면 석곡리","1790","1790","0000","아산테크노밸리이지더원5단지","월세","72.3669","202502","24","3,000","70","11","2017","아산밸리북로 48","202502~202702","신규","-","","","아파트"
"41039","충청남도 천안시 동남구 청당동","1001","1001","0000","청당서희스타힐스","월세","84.9984","202502","24","3,000","105","19","2022","청당4로 45","202503~202603","신규","-","","","아파트"
"41040","충청남도 아산시 둔포면 석곡리","1797","1797","0000","아산테크노밸리EGthe14단지","전세","72.3450","202502","24","16,800","0","3","2016","아산밸리중앙로 67","202504~202704","갱신","사용","16,000","0","아파트"
"41041","충청남도 논산시 취암동","508","0508","0000","에버그린","월세","24.1682","202502","24","1,000","44","4","2021","중앙로 313","202503~202603","갱신","-","1,000","42","아파트"
"41042","충청남도 천안시 동남구 신부동","451-8","0451","0008","스카이타워","월세","21.0800","202502","24","500","50","13","2014","먹거리11길 5","202503~202602","신규","-","","","아파트"
"41043","충청남도 천안시 동남구 신부동","978","0978","0000","힐스테이트천안신부","전세","74.9512","202502","24","25,000","0","11","2017","북일로 70","202503~202703","신규","-","","","아파트"
"41044","충청남도 천안시 동남구 신부동","451-8","0451","0008","스카이타워","월세","21.0800","202502","24","500","50","10","2014","먹거리11길 5","202502~202602","신규","-","","","아파트"
"41045","충청남도 천안시 동남구 신부동","978","0978","0000","힐스테이트천안신부","전세","74.9512","202502","24","25,000","0","11","2017","북일로 70","202503~202703","신규","-","","","아파트"
"41046","충청남도 당진시 대덕동","1877","1877","0000","중흥S-클래스포레힐","월세","84.9637","202502","24","5,484","48","15","2024","대덕1로 102-57","202504~202704","갱신","-","5,484","48","아파트"
"41047","충청남도 당진시 대덕동","1877","1877","0000","중흥S-클래스포레힐","월세","84.9637","202502","24","5,484","48","15","2024","대덕1로 102-57","202505~202705","신규","-","","","아파트"
"41048","충청남도 당진시 대덕동","1876","1876","0000","당진대덕수청시티프라디움1차","전세","59.9764","202502","24","16,000","0","7","2020","대덕1로 102","202503~202703","신규","-","","","아파트"
"41049","충청남도 아산시 장존동","305","0305","0000","청솔","전세","39.9940","202502","24","4,000","0","15","2004","외암로 1247","-","-","-","","","아파트"
"41050","충청남도 서산시 예천동","1334","1334","0000","e편한세상서산예천","전세","59.9823","202502","24","25,000","0","15","2017","동서1로 230","202503~202703","신규","-","","","아파트"
"41051","충청남도 서산시 예천동","1270-1","1270","0001","서산예천푸르지오","월세","73.1370","202502","24","3,000","100","7","2013","호수공원11로 11","202503~202703","신규","-","","","아파트"
"41052","충청남도 아산시 장존동","305","0305","0000","청솔","전세","39.9940","202502","24","3,950","0","1","2004","외암로 1247","-","-","-","","","아파트"
"41053","충청남도 아산시 좌부동","84-3","0084","0003","초원설화타운1","전세","39.7800","202502","24","2,500","0","13","1994","고불로 667","202502~202602","신규","-","","","아파트"
"41054","충청남도 아산시 풍기동","514","0514","0000","아산풍기이지더원1차아파트","전세","72.1590","202502","24","22,500","0","10","2017","어의정로 184","202503~202703","신규","-","","","아파트"
"41055","충청남도 서산시 동문동","538-2","0538","0002","삼성","월세","73.4536","202502","24","1,000","50","3","1991","서령로 137","202503~202703","신규","-","","","아파트"
"41056","충청남도 당진시 원당동","1251","1251","0000","원당마을주공1단지","월세","59.1000","202502","24","2,000","66","5","2003","밤절로 103","202502~202503","신규","-","","","아파트"
"41057","충청남도 공주시 신관동","683","0683","0000","신관주공6차:휴먼시아","월세","46.9000","202502","24","4,797","8","13","2009","관골2길 36","202505~202704","신규","-","","","아파트"
"41058","충청남도 아산시 풍기동","229-71","0229","0071","주은","월세","59.5200","202502","24","1,000","60","2","2000","어의정로183번길 14","202503~202703","신규","-","","","아파트"
"41059","충청남도 천안시 동남구 안서동","546","0546","0000","안서코아루","전세","58.0840","202502","24","17,000","0","8","2018","각원사길 114-7","202504~202704","신규","-","","","아파트"
"41060","충청남도 당진시 수청동","2199","2199","0000","하이앤","월세","84.9675","202502","24","26,000","4","13","2024","수청3로 49","-","-","-","","","아파트"
"41061","충청남도 당진시 수청동","1562","1562","0000","호반써밋시그니처Ⅱ","전세","84.4927","202502","24","26,000","0","18","2023","수청1로 51","202502~202702","신규","-","","","아파트"
"41062","충청남도 아산시 용화동","584","0584","0000","온천마을아파트","월세","59.8000","202502","24","800","50","14","1998","어의정로 46","202501~202701","신규","-","","","아파트"
"41063","충청남도 아산시 용화동","1661","1661","0000","아산줌파크","전세","84.7600","202502","24","21,000","0","15","2023","시민로 135","202503~202703","신규","-","","","아파트"
"41064","충청남도 아산시 용화동","712","0712","0000","용화주공3","월세","59.9900","202502","24","1,000","50","4","1998","온중로 22","202503~202703","신규","-","","","아파트"
"41065","충청남도 아산시 모종동","632","0632","0000","모종2차한성필하우스","월세","79.1910","202502","24","2,000","80","10","2010","모종로 22","202504~202712","신규","-","","","아파트"
"41066","충청남도 당진시 시곡동","136-1","0136","0001","우민늘사랑","월세","54.6000","202502","24","500","40","6","2007","서해로 6216","202502~202702","신규","-","","","아파트"
"41067","충청남도 당진시 시곡동","136-1","0136","0001","우민늘사랑","월세","54.6000","202502","24","2,000","32","15","2007","서해로 6216","202502~202702","신규","-","","","아파트"
"41068","충청남도 서산시 읍내동","624-5","0624","0005","부영","전세","49.7200","202502","24","7,000","0","12","1996","부춘1로 19","202503~202703","신규","-","","","아파트"
"41069","충청남도 천안시 동남구 신방동","897","0897","0000","두레현대2","전세","59.9950","202502","24","12,000","0","17","1997","서부대로 252","202503~202703","신규","-","","","아파트"
"41070","충청남도 당진시 시곡동","120-9","0120","0009","현대그린","전세","44.4570","202502","24","5,800","0","8","1996","서해로 6258-8","202504~202704","신규","-","","","아파트"
"41071","충청남도 당진시 읍내동","238-5","0238","0005","청광플러스원","월세","59.6300","202502","24","3,000","60","2","2018","당진중앙2로 184","202502~202702","신규","-","","","아파트"
"41072","충청남도 당진시 읍내동","1451","1451","0000","당진1차푸르지오","전세","84.9475","202502","24","20,000","0","9","2011","북문로 15","-","-","-","","","아파트"
"41073","충청남도 천안시 동남구 안서동","304-1","0304","0001","동보스타빌","월세","24.1800","202502","24","200","33","7","1996","각원사길 59-5","202502~202602","신규","-","","","아파트"
"41074","충청남도 보령시 명천동","389","0389","0000","명천주공5","월세","59.8000","202502","24","1,000","65","8","1998","주공로 65","202503~202603","신규","-","","","아파트"
"41075","충청남도 아산시 온천동","74-5","0074","0005","모노팰리스","월세","39.9800","202502","24","2,000","50","5","2014","온천대로 1555","202502~202602","신규","-","","","아파트"
"41076","충청남도 아산시 온천동","74-5","0074","0005","모노팰리스","월세","31.7800","202502","24","500","44","5","2014","온천대로 1555","202502~202602","신규","-","","","아파트"
"41077","충청남도 천안시 서북구 두정동","1466","1466","0000","두정역펜타폴리스","월세","19.4350","202502","24","300","40","9","2013","성정두정로 82","202502~202602","신규","-","","","아파트"
"41078","충청남도 천안시 서북구 성거읍 저리","53-2","0053","0002","삼일원앙","월세","37.9250","202502","24","300","35","7","1998","성거길 103","202502~202602","신규","-","","","아파트"
"41079","충청남도 천안시 동남구 목천읍 신계리","127-2","0127","0002","천안목천협성엠파이어","월세","39.8200","202502","24","300","40","7","2013","충절로 874","202503~202703","신규","-","","","아파트"
"41080","충청남도 천안시 동남구 목천읍 신계리","127-2","0127","0002","천안목천협성엠파이어","월세","39.8200","202502","24","300","37","10","2013","충절로 874","202503~202703","신규","-","","","아파트"
"41081","충청남도 천안시 서북구 쌍용동","1289","1289","0000","주공7단지3차","전세","59.8500","202502","24","11,000","0","13","1995","쌍용11길 58","202504~202604","신규","-","","","아파트"
"41082","충청남도 천안시 서북구 쌍용동","1914","1914","0000","주공9","전세","59.7100","202502","24","12,000","0","7","1998","봉서산샛길 65","202505~202705","신규","-","","","아파트"
"41083","충청남도 천안시 서북구 쌍용동","1273","1273","0000","상록수현대","전세","59.4450","202502","24","12,700","0","19","1995","쌍용17길 52","202502~202702","신규","-","","","아파트"
"41084","충청남도 천안시 서북구 쌍용동","1914","1914","0000","주공9","월세","39.6900","202502","24","500","45","4","1998","봉서산샛길 65","202502~202702","갱신","사용","500","47","아파트"
"41085","충청남도 천안시 서북구 쌍용동","1282","1282","0000","주공7단지2차","월세","49.7700","202502","24","1,000","40","1","1995","쌍용11길 55","202503~202703","신규","-","","","아파트"
"41086","충청남도 천안시 서북구 불당동","1497","1497","0000","불당리더힐스","전세","59.9200","202502","24","21,000","0","20","2016","불당24로 10","202503~202703","갱신","사용","20,000","0","아파트"
"41087","충청남도 천안시 서북구 불당동","687","0687","0000","불당오딧세이","월세","25.3913","202502","24","500","17","12","2019","불당4로 111","202412~202703","갱신","-","100","20","아파트"
"41088","충청남도 천안시 서북구 불당동","1426","1426","0000","불당풍림아이원아파트","전세","45.7798","202502","24","16,000","0","4","2016","불당14로 11","202502~202702","신규","-","","","아파트"
"41089","충청남도 천안시 서북구 성정동","1292","1292","0000","에프엠21","월세","22.0409","202502","24","584","7","12","2014","쌍용대로 348","202412~202703","갱신","-","384","8","아파트"
"41090","충청남도 천안시 서북구 성정동","1322","1322","0000","프라지움3차","월세","34.9898","202502","24","1,000","55","12","2014","성정두정로 35","202502~202602","신규","-","","","아파트"
"41091","충청남도 천안시 서북구 성정동","1322","1322","0000","프라지움3차","월세","34.8928","202502","24","500","62","10","2014","성정두정로 35","202503~202602","신규","-","","","아파트"
"41092","충청남도 천안시 서북구 성정동","1347","1347","0000","평화로운나날","월세","19.2875","202502","24","300","40","9","2013","성정공원6길 36","202503~202602","신규","-","","","아파트"
"41093","충청남도 천안시 서북구 성정동","1292","1292","0000","에프엠21","월세","22.0409","202502","24","2,000","22","3","2014","쌍용대로 348","202503~202603","신규","-","","","아파트"
"41094","충청남도 천안시 서북구 성정동","1322","1322","0000","프라지움3차","월세","34.8928","202502","24","1,500","50","4","2014","성정두정로 35","202503~202603","신규","-","","","아파트"
"41095","충청남도 천안시 서북구 쌍용동","1561","1561","0000","월봉청솔2차","월세","48.4500","202502","24","500","53","1","2000","월봉7길 77","202502~202702","신규","-","","","아파트"
"41096","충청남도 천안시 서북구 성환읍 율금리","507-4","0507","0004","대영한아름","월세","59.3200","202502","24","500","35","1","1998","율금1길 309","202503~202603","신규","-","","","아파트"
"41097","충청남도 천안시 서북구 백석동","910","0910","0000","주공3단지","월세","59.6400","202502","24","2,026","27","2","2002","백석3로 70","202505~202704","갱신","-","0","26","아파트"
"41098","충청남도 천안시 동남구 목천읍 삼성리","9-12","0009","0012","원앙마을부영1차","월세","49.9200","202502","24","500","50","9","1999","삼성5길 42","202502~202702","신규","-","","","아파트"
"41099","충청남도 천안시 서북구 백석동","1193","1193","0000","백석더샵아파트","전세","84.4993","202502","24","31,000","0","12","2016","한들3로 70","202503~202703","신규","-","","","아파트"
"41100","충청남도 천안시 서북구 백석동","1193","1193","0000","백석더샵아파트","전세","84.2532","202502","24","30,000","0","6","2016","한들3로 70","202504~202704","신규","-","","","아파트"
"41101","충청남도 천안시 서북구 성성동","827","0827","0000","천안시티자이","전세","84.9474","202502","24","27,000","0","27","2018","성성6로 21","202506~202508","갱신","사용","27,000","0","아파트"
"41102","충청남도 천안시 서북구 와촌동","186","0186","0000","천안역사동아라이크텐","월세","84.8895","202502","24","2,500","115","26","2021","천안천4길 20","202504~202704","신규","-","","","아파트"
"41103","충청남도 천안시 서북구 차암동","550","0550","0000","천안스마일시티효성해링턴플레이스","전세","74.5790","202502","24","24,000","0","15","2016","스마일시티2로 1","202502~202702","갱신","사용","28,000","0","아파트"
"41104","충청남도 천안시 서북구 차암동","550","0550","0000","천안스마일시티효성해링턴플레이스","전세","51.9931","202502","24","15,200","0","6","2016","스마일시티2로 1","202503~202703","갱신","사용","14,500","0","아파트"
"41105","충청남도 천안시 서북구 차암동","550","0550","0000","천안스마일시티효성해링턴플레이스","전세","59.9476","202502","24","20,000","0","11","2016","스마일시티2로 1","202505~202705","신규","-","","","아파트"
"41106","충청남도 천안시 서북구 두정동","2037","2037","0000","두정역푸르지오","월세","84.9872","202502","24","3,000","100","12","2009","두정역길 48","202503~202703","신규","-","","","아파트"
"41107","충청남도 천안시 서북구 두정동","1417","1417","0000","해피드림3차","전세","39.3190","202502","24","9,000","0","10","2016","두정상가5길 6","202504~202704","신규","-","","","아파트"
"41108","충청남도 천안시 서북구 두정동","1078","1078","0000","계룡리슈빌","전세","84.8985","202502","24","18,000","0","3","2004","부성8길 29","-","-","-","","","아파트"
"41109","충청남도 천안시 서북구 두정동","1864","1864","0000","우성","월세","59.6950","202502","24","1,000","70","4","1996","두정고7길 36","202502~202702","신규","-","","","아파트"
"41110","충청남도 천안시 서북구 두정동","1320","1320","0000","프라지움2","월세","20.8404","202502","24","2,000","23","12","2013","두정로 216","202503~202603","신규","-","","","아파트"
"41111","충청남도 천안시 서북구 쌍용동","1561","1561","0000","월봉청솔2차","월세","48.4500","202502","24","2,500","40","1","2000","월봉7길 77","202503~202703","신규","-","","","아파트"
"41112","충청남도 천안시 서북구 쌍용동","565","0565","0000","한라동백","전세","59.7600","202502","24","14,400","0","4","1995","쌍용17길 13","202503~202703","신규","-","","","아파트"
"41113","충청남도 천안시 서북구 두정동","1478","1478","0000","팔라디움","월세","18.8920","202502","24","500","34","4","2013","두정상가8길 49","202503~202603","신규","-","","","아파트"
"41114","충청남도 천안시 서북구 두정동","1283","1283","0000","프라지움","월세","30.1433","202502","24","500","50","6","2013","두정상가1길 27","202503~202602","신규","-","","","아파트"
"41115","충청남도 천안시 서북구 두정동","1377","1377","0000","프라지움9차","월세","45.8103","202502","24","3,000","52","10","2017","오성로 115","202502~202602","신규","-","","","아파트"
