"NO","시군구","번지","본번","부번","단지명","전월세구분","전용면적(㎡)","계약년월","계약일","보증금(만원)","월세금(만원)","층","건축년도","도로명","계약기간","계약구분","갱신요구권 사용","종전계약 보증금(만원)","종전계약 월세(만원)","주택유형"
"13613","충청남도 아산시 신창면 남성리","845","0845","0000","신아산모아엘가비스타1차아파트","월세","84.9143","202510","31","1,000","75","18","2023","남성길 72","-","-","-","","","아파트"
"13614","충청남도 천안시 동남구 문화동","81-1","0081","0001","류진시티","전세","38.4000","202510","31","9,000","0","7","2015","공설시장3길 18-1","202512~202712","신규","-","","","아파트"
"13615","충청남도 천안시 동남구 문화동","81-1","0081","0001","류진시티","전세","38.4000","202510","31","8,800","0","7","2015","공설시장3길 18-1","202512~202712","신규","-","","","아파트"
"13616","충청남도 아산시 신창면 남성리","177-2","0177","0002","샘마을","월세","30.4200","202510","31","300","30","2","2001","남성길 85","202510~202710","신규","-","","","아파트"
"13617","충청남도 예산군 예산읍 신례원리","582","0582","0000","신례원현대아파트","전세","59.8500","202510","31","4,500","0","15","1994","창신로 55","202511~202711","신규","-","","","아파트"
"13618","충청남도 태안군 태안읍 동문리","935","0935","0000","동문센텀파크아파트","전세","84.6110","202510","31","12,000","0","6","2017","다락미2길 3","202510~202910","갱신","-","12,000","0","아파트"
"13619","충청남도 계룡시 엄사면 엄사리","282","0282","0000","성원","전세","58.3200","202510","31","8,000","0","14","1997","엄사중앙로 66","202512~202712","신규","-","","","아파트"
"13620","충청남도 서산시 지곡면 화천리","523-11","0523","0011","지곡미래아파트","월세","48.7330","202510","31","200","40","2","2012","화천1로 196","202511~202611","신규","-","","","아파트"
"13621","충청남도 부여군 부여읍 쌍북리","727","0727","0000","왕궁","전세","59.4700","202510","31","8,000","0","4","2000","성왕로352번길 11","-","-","-","","","아파트"
"13622","충청남도 예산군 예산읍 산성리","705","0705","0000","서오1차","월세","66.4200","202510","31","500","47","5","1991","역전로 150-6","202511~202711","신규","-","","","아파트"
"13623","충청남도 부여군 부여읍 쌍북리","727","0727","0000","왕궁","전세","59.4700","202510","31","8,000","0","4","2000","성왕로352번길 11","-","-","-","","","아파트"
"13624","충청남도 서천군 장항읍 원수리","907","0907","0000","휴먼시아","월세","46.9000","202510","31","536","18","13","2010","장항로 285","202512~202801","갱신","-","1,736","15","아파트"
"13625","충청남도 홍성군 홍성읍 오관리","808","0808","0000","세광엔리치타워","전세","119.8375","202510","31","16,000","0","5","2006","충서로 1506","202511~202711","신규","-","","","아파트"
"13626","충청남도 계룡시 두마면 농소리","971","0971","0000","한라비발디더센트럴","전세","59.9701","202510","31","22,000","0","21","2023","대실남북3길 16","202601~202801","신규","-","","","아파트"
"13627","충청남도 아산시 신창면 남성리","852","0852","0000","아산삼부르네상스더힐","월세","84.9765","202510","31","1,000","90","5","2024","천우물로 22","202511~202711","신규","-","","","아파트"
"13628","충청남도 홍성군 홍북읍 신경리","1372","1372","0000","한울마을LH2단지1BL","월세","36.9900","202510","31","629","26","14","2022","홍학로 124","202511~202710","갱신","-","3,127","18","아파트"
"13629","충청남도 홍성군 홍북읍 신경리","1176","1176","0000","신리마을상록아파트","월세","59.9200","202510","31","4,827","10","1","2016","홍학로 25","202512~202712","갱신","-","6,947","9","아파트"
"13630","충청남도 홍성군 홍북읍 신경리","947-1","0947","0001","내포신도시모아미래도메가시티2차","월세","84.9957","202510","31","2,500","75","14","2024","신대로 119","202511~202711","신규","-","","","아파트"
"13631","충청남도 예산군 응봉면 주령리","122-10","0122","0010","응봉리치빌아파트","전세","59.8144","202510","31","5,500","0","7","2017","예당로 1647-11","202511~202711","신규","-","","","아파트"
"13632","충청남도 천안시 서북구 두정동","2078","2078","0000","두정역효성해링턴플레이스","월세","59.8600","202510","31","2,000","115","10","2020","봉정로 324","202511~202711","신규","-","","","아파트"
"13633","충청남도 천안시 서북구 직산읍 모시리","253-38","0253","0038","동보호수마을","월세","25.7250","202510","31","200","25","6","1997","상덕로 32","202511~202611","신규","-","","","아파트"
"13634","충청남도 천안시 서북구 직산읍 모시리","242-5","0242","0005","대림","전세","39.9500","202510","31","4,000","0","8","1998","2공단5로 169","-","-","-","","","아파트"
"13635","충청남도 천안시 서북구 성거읍 송남리","585","0585","0000","북천안자이포레스트","월세","84.8089","202510","31","3,000","85","12","2016","성거길 20","202511~202711","신규","-","","","아파트"
"13636","충청남도 천안시 동남구 북면 상동리","91-6","0091","0006","중앙","월세","55.9400","202510","31","500","40","6","1998","충절로 1456","202511~202711","신규","-","","","아파트"
"13637","충청남도 천안시 동남구 병천면 탑원리","109-1","0109","0001","레이크팰리스","월세","59.6400","202510","31","500","50","1","2010","충절로 1896","202511~202711","신규","-","","","아파트"
"13638","충청남도 천안시 서북구 와촌동","173","0173","0000","신동아파밀리에","전세","84.9816","202510","31","20,000","0","11","2005","천안천4길 18-10","202510~202710","신규","-","","","아파트"
"13639","충청남도 천안시 서북구 불당동","757","0757","0000","불당아이파크","월세","101.6500","202510","31","5,000","150","8","2004","불당17길 14","202603~202611","신규","-","","","아파트"
"13640","충청남도 천안시 서북구 성환읍 매주리","183","0183","0000","성환부영","월세","49.9200","202510","31","1,000","50","2","1998","천안대로 1843","202512~202712","신규","-","","","아파트"
"13641","충청남도 천안시 서북구 불당동","1494","1494","0000","불당파크푸르지오2단지","전세","99.9987","202510","31","54,000","0","16","2018","불당26로 122","202601~202801","신규","-","","","아파트"
"13642","충청남도 천안시 동남구 풍세면 보성리","772","0772","0000","천안한양수자인에코시티","월세","84.9831","202510","31","1,000","80","3","2023","풍세산단로 290","202511~202611","신규","-","","","아파트"
"13643","충청남도 천안시 서북구 쌍용동","1363-1","1363","0001","해누리선경","월세","59.7960","202510","31","9,500","25","17","1996","충무로 158-10","-","-","-","","","아파트"
"13644","충청남도 천안시 서북구 쌍용동","1561","1561","0000","월봉청솔2차","월세","48.4500","202510","31","1,000","50","3","2000","월봉7길 77","202511~202711","신규","-","","","아파트"
"13645","충청남도 천안시 서북구 쌍용동","1363-1","1363","0001","해누리선경","월세","59.7960","202510","31","9,500","25","17","1996","충무로 158-10","202511~202711","신규","-","","","아파트"
"13646","충청남도 천안시 서북구 쌍용동","1289","1289","0000","주공7단지3차","월세","59.8500","202510","31","700","60","10","1995","쌍용11길 58","202511~202711","신규","-","","","아파트"
"13647","충청남도 천안시 서북구 두정동","1332","1332","0000","더리치빌2","전세","20.3200","202510","31","6,000","0","3","2013","두정상가3길 20","202511~202711","신규","-","","","아파트"
"13648","충청남도 천안시 서북구 직산읍 수헐리","16-1","0016","0001","직산부영","전세","59.7600","202510","31","8,000","0","5","1998","천안대로 1718","202511~202711","신규","-","","","아파트"
"13649","충청남도 천안시 서북구 직산읍 수헐리","16-1","0016","0001","직산부영","전세","59.7600","202510","31","8,000","0","5","1998","천안대로 1718","-","-","-","","","아파트"
"13650","충청남도 천안시 서북구 두정동","399-1","0399","0001","두정역범양레우스알파","월세","74.9633","202510","31","10,400","21","15","2020","두정공원2길 26","202512~202712","갱신","-","10,400","19","아파트"
"13651","충청남도 천안시 서북구 직산읍 상덕리","107","0107","0000","직산산호","전세","49.8000","202510","31","4,000","0","5","1997","양당율금길 4-30","202510~202710","갱신","-","4,000","0","아파트"
"13652","충청남도 천안시 서북구 두정동","393-21","0393","0021","유보라천안두정역","월세","84.9778","202510","31","13,000","30","20","2025","천안대로 1050","202512~202711","신규","-","","","아파트"
"13653","충청남도 천안시 서북구 두정동","2078","2078","0000","두정역효성해링턴플레이스","월세","51.9200","202510","31","2,000","100","18","2020","봉정로 324","-","-","-","","","아파트"
"13654","충청남도 천안시 서북구 두정동","1502","1502","0000","천안두정엘에이치2단지","월세","43.4100","202510","31","912","37","14","2022","봉정로 339","202511~202712","갱신","-","4,812","25","아파트"
"13655","충청남도 천안시 서북구 성정동","717","0717","0000","주공5-2","전세","39.6900","202510","31","5,500","0","5","1988","성정로 75","-","-","-","","","아파트"
"13656","충청남도 천안시 서북구 차암동","550","0550","0000","천안스마일시티효성해링턴플레이스","전세","74.5790","202510","31","20,000","0","20","2016","스마일시티2로 1","202512~202712","갱신","사용","20,000","0","아파트"
"13657","충청남도 천안시 서북구 성정동","717","0717","0000","주공5-1","월세","59.1200","202510","31","7,000","15","5","1988","성정로 75","202511~202711","신규","-","","","아파트"
"13658","충청남도 천안시 서북구 성정동","1290","1290","0000","성정비바루체","월세","38.8050","202510","31","100","70","6","2024","성정공원6길 6","202510~202611","신규","-","","","아파트"
"13659","충청남도 천안시 서북구 성정동","1570","1570","0000","천안역경남아너스빌어반하이츠","월세","84.7399","202510","31","3,000","90","12","2025","축구센터로 100","202512~202712","신규","-","","","아파트"
"13660","충청남도 당진시 송악읍 복운리","1629-1","1629","0001","동광","월세","59.9974","202510","31","1,000","60","8","2007","신복운로3길 8","202511~202812","갱신","사용","1,000","60","아파트"
"13661","충청남도 아산시 탕정면 갈산리","884","0884","0000","호반써밋그랜드마크II(2차)","월세","59.8867","202510","31","2,000","105","11","2023","갈산샛들로 67","202512~202804","신규","-","","","아파트"
"13662","충청남도 아산시 배방읍 장재리","1204","1204","0000","포레스트힐","전세","114.3700","202510","31","35,000","0","9","2010","용연로 37","202512~202712","신규","-","","","아파트"
"13663","충청남도 아산시 탕정면 호산리","497","0497","0000","홍익","전세","39.1500","202510","31","4,800","0","6","1999","선문로 385","202512~202712","신규","-","","","아파트"
"13664","충청남도 천안시 동남구 청당동","1012","1012","0000","천안롯데캐슬더청당","전세","84.9950","202510","31","27,000","0","15","2025","청당4로 20","202511~202711","신규","-","","","아파트"
"13665","충청남도 아산시 음봉면 덕지리","580","0580","0000","더?레이크사이드","월세","101.9343","202510","31","7,000","35","3","2006","음봉로 567","202511~202711","신규","-","","","아파트"
"13666","충청남도 아산시 음봉면 덕지리","21-3","0021","0003","초원그린타운","전세","39.2700","202510","31","4,500","0","2","1997","음봉로681번길 24","202512~202712","신규","-","","","아파트"
"13667","충청남도 아산시 둔포면 석곡리","1822","1822","0000","아산테크노밸리이지더원9단지","월세","68.9262","202510","31","1,000","110","2","2023","아산밸리남로 37","202512~202612","신규","-","","","아파트"
"13668","충청남도 천안시 동남구 청당동","992","0992","0000","청당코오롱하늘채","전세","71.3335","202510","31","25,700","0","10","2019","광풍로 1800","202511~202711","신규","-","","","아파트"
"13669","충청남도 천안시 동남구 청당동","992","0992","0000","청당코오롱하늘채","전세","71.3335","202510","31","24,000","0","13","2019","광풍로 1800","202512~202712","신규","-","","","아파트"
"13670","충청남도 아산시 음봉면 산동리","427-1","0427","0001","삼일원앙","월세","59.5200","202510","31","1,000","50","3","1997","음봉로 847","202511~202710","신규","-","","","아파트"
"13671","충청남도 아산시 음봉면 동암리","714","0714","0000","아산더샵레이크시티3차","전세","99.8300","202510","31","22,000","0","13","2015","음봉로 515-37","202601~202801","신규","-","","","아파트"
"13672","충청남도 아산시 배방읍 공수리","282","0282","0000","배방삼정그린코아","월세","38.4900","202510","31","500","50","5","2012","모산로126번길 17-7","202511~202710","신규","-","","","아파트"
"13673","충청남도 당진시 송산면 유곡리","861","0861","0000","당진엠코타운","전세","84.9464","202510","31","12,000","0","10","2013","유곡로 20","202512~202712","신규","-","","","아파트"
"13674","충청남도 천안시 동남구 구성동","259","0259","0000","신성천안미소지움","전세","115.4840","202510","31","19,000","0","10","2006","천안대로 483-8","202511~202711","갱신","-","18,000","0","아파트"
"13675","충청남도 천안시 동남구 원성동","429-133","0429","0133","e편한세상천안역","월세","84.9611","202510","31","13,000","50","20","2023","원성천1길 99","202510~202710","신규","-","","","아파트"
"13676","충청남도 아산시 신창면 행목리","498","0498","0000","아산신창양우내안애","월세","35.1000","202510","31","300","40","10","2014","행목로 202","202511~202710","신규","-","","","아파트"
"13677","충청남도 당진시 송산면 유곡리","861","0861","0000","당진엠코타운","전세","84.9464","202510","31","11,000","0","10","2013","유곡로 20","202512~202712","신규","-","","","아파트"
"13678","충청남도 아산시 탕정면 용두리","720","0720","0000","더퍼스트休","월세","15.1830","202510","31","0","42","4","2021","용머리길 109","202511~202602","신규","-","","","아파트"
"13679","충청남도 아산시 배방읍 장재리","1346","1346","0000","아산배방LH12단지","월세","16.7900","202510","31","1,887","7","12","2020","공원로 89","202512~202711","갱신","-","1,455","8","아파트"
"13680","충청남도 아산시 배방읍 장재리","1348","1348","0000","아산배방행복주택","월세","36.1400","202510","31","5,311","8","8","2018","공원로 69","202512~202711","갱신","-","3,409","18","아파트"
"13681","충청남도 천안시 동남구 신방동","920","0920","0000","초원그린타운","월세","39.2700","202510","31","500","40","3","1998","신촌4로 16","202510~202710","신규","-","","","아파트"
"13682","충청남도 서산시 예천동","464","0464","0000","예천2단지주공","월세","59.6100","202510","31","3,787","13","10","2007","예천3로 10","202512~202711","갱신","-","3,676","13","아파트"
"13683","충청남도 서산시 동문동","538-2","0538","0002","삼성","월세","73.4536","202510","31","1,000","50","3","1991","서령로 137","202511~202711","신규","-","","","아파트"
"13684","충청남도 천안시 동남구 신방동","2191","2191","0000","신방삼부르네상스","월세","75.9828","202510","31","1,000","105","16","2023","풍세로 678-22","202601~202801","신규","-","","","아파트"
"13685","충청남도 아산시 풍기동","229-71","0229","0071","주은","월세","39.7800","202510","31","500","53","6","2000","어의정로183번길 14","202511~202711","신규","-","","","아파트"
"13686","충청남도 논산시 강산동","643","0643","0000","부영","월세","48.6000","202510","31","1,000","50","10","1996","시민로307번길 28","202511~202711","신규","-","","","아파트"
"13687","충청남도 천안시 동남구 신방동","920","0920","0000","초원그린타운","월세","39.2700","202510","31","500","45","6","1998","신촌4로 16","202511~202711","신규","-","","","아파트"
"13688","충청남도 아산시 모종동","622","0622","0000","모종주공","월세","39.8400","202510","31","2,328","10","1","2006","문화로 301-16","202511~202710","신규","-","","","아파트"
"13689","충청남도 아산시 온천동","74-5","0074","0005","모노팰리스","월세","31.7800","202510","31","1,000","40","3","2014","온천대로 1555","202511~202611","신규","-","","","아파트"
"13690","충청남도 천안시 동남구 신방동","920","0920","0000","초원그린타운","월세","39.2700","202510","31","500","45","9","1998","신촌4로 16","202511~202711","신규","-","","","아파트"
"13691","충청남도 천안시 동남구 신방동","920","0920","0000","초원그린타운","월세","39.2700","202510","31","500","45","15","1998","신촌4로 16","202511~202711","신규","-","","","아파트"
"13692","충청남도 아산시 좌부동","84","0084","0000","초원설화타운2","월세","59.8800","202510","31","500","40","5","1995","고불로 669","202511~202711","신규","-","","","아파트"
"13693","충청남도 천안시 동남구 신부동","978","0978","0000","힐스테이트천안신부","전세","74.9512","202510","31","23,000","0","1","2017","북일로 70","202512~202712","신규","-","","","아파트"
"13694","충청남도 보령시 궁촌동","345-3","0345","0003","엘타워","전세","29.8700","202510","31","9,450","0","4","2015","터미널길 7","202511~202710","신규","-","","","아파트"
"13695","충청남도 당진시 수청동","1844","1844","0000","당진센트레빌르네블루1차","월세","84.9169","202510","31","3,000","115","5","2023","수청중앙로 85","202512~202712","신규","-","","","아파트"
"13696","충청남도 아산시 권곡동","627","0627","0000","아산한신더휴","월세","99.9600","202510","31","3,000","120","9","2025","문화로 257-45","202601~202801","신규","-","","","아파트"
"13697","충청남도 계룡시 금암동","167-1","0167","0001","우림루미아트","전세","84.9769","202510","31","17,000","0","6","2005","장안로 75","202512~202712","신규","-","","","아파트"
"13698","충청남도 서산시 석남동","104-1","0104","0001","센스빌","월세","51.4900","202510","31","1,000","60","7","2003","동서1로 130","202511~202711","신규","-","","","아파트"
"13699","충청남도 서산시 석남동","45-3","0045","0003","서산천지미가","월세","32.5595","202510","31","500","50","9","2015","석남1로 15-16","202511~202610","신규","-","","","아파트"
"13700","충청남도 천안시 동남구 다가동","526","0526","0000","서해그랑블","월세","84.7463","202510","31","2,000","75","2","2008","천안천공원3길 5-31","202511~202711","신규","-","","","아파트"
"13701","충청남도 천안시 동남구 다가동","582","0582","0000","천안극동스타클래스더퍼스트","월세","74.9864","202510","31","2,000","95","3","2025","풍세로 933","202511~202711","신규","-","","","아파트"
"13702","충청남도 보령시 동대동","414","0414","0000","동대주공1","월세","39.3000","202510","31","300","35","3","1990","주공로 33","202511~202611","신규","-","","","아파트"
"13703","충청남도 아산시 용화동","713","0713","0000","모아미래도","월세","84.9800","202510","31","2,000","75","8","2005","온중로 6","202601~202801","신규","-","","","아파트"
"13704","충청남도 천안시 동남구 안서동","304-1","0304","0001","동보스타빌","월세","24.1800","202510","30","200","40","4","1996","각원사길 59-5","202512~202712","신규","-","","","아파트"
"13705","충청남도 서산시 읍내동","738-6","0738","0006","롯데캐슬","월세","84.7188","202510","30","500","115","9","2006","안견로 365-10","202511~202611","신규","-","","","아파트"
"13706","충청남도 서산시 읍내동","624-5","0624","0005","부영","월세","49.7200","202510","30","500","40","9","1996","부춘1로 19","202511~202711","신규","-","","","아파트"
"13707","충청남도 아산시 용화동","1661","1661","0000","아산줌파크","월세","75.3000","202510","30","3,000","70","3","2023","시민로 135","202511~202611","신규","-","","","아파트"
"13708","충청남도 당진시 읍내동","1451","1451","0000","당진1차푸르지오","전세","84.9475","202510","30","20,900","0","2","2011","북문로 15","202510~202710","갱신","-","23,000","0","아파트"
"13709","충청남도 천안시 동남구 신부동","986","0986","0000","신부 디 이스트","전세","84.9700","202510","30","28,000","0","10","2018","신부8길 21","202512~202712","신규","-","","","아파트"
"13710","충청남도 천안시 동남구 신부동","1004","1004","0000","더샵신부센트라","전세","84.9291","202510","30","28,000","0","11","2025","북일로 85","202511~202711","신규","-","","","아파트"
"13711","충청남도 아산시 용화동","1661","1661","0000","아산줌파크","월세","84.7600","202510","30","3,000","70","5","2023","시민로 135","202510~202801","신규","-","","","아파트"
"13712","충청남도 천안시 동남구 쌍용동","558-6","0558","0006","대우장미","월세","41.5450","202510","30","200","50","2","1991","봉명1길 1","202603~202703","신규","-","","","아파트"
"13713","충청남도 아산시 풍기동","222","0222","0000","세진","월세","35.6000","202510","30","300","35","3","1998","외암로 1566-12","202511~202710","신규","-","","","아파트"
"13714","충청남도 천안시 동남구 신부동","986","0986","0000","신부 디 이스트","전세","72.7000","202510","30","23,000","0","11","2018","신부8길 21","202512~202712","신규","-","","","아파트"
"13715","충청남도 아산시 온천동","617-1","0617","0001","삼정하이츠","월세","84.7300","202510","30","1,000","50","2","1991","어의정로 41","202511~202711","신규","-","","","아파트"
"13716","충청남도 서산시 동문동","228","0228","0000","주공","월세","46.6800","202510","30","300","30","3","1988","율지18로 24","202511~202710","신규","-","","","아파트"
"13717","충청남도 논산시 내동","969","0969","0000","놀뫼타운","전세","84.9800","202510","30","13,600","0","3","1994","체육로 30","202511~202611","신규","-","","","아파트"
"13718","충청남도 공주시 신관동","268-3","0268","0003","주공2","월세","39.7200","202510","30","500","40","5","1988","신금1길 10","202512~202612","신규","-","","","아파트"
"13719","충청남도 천안시 동남구 신방동","902","0902","0000","삼일원앙","월세","28.1200","202510","30","300","30","9","1997","신촌로 5","202510~202710","신규","-","","","아파트"
"13720","충청남도 천안시 동남구 다가동","582","0582","0000","천안극동스타클래스더퍼스트","월세","74.9864","202510","30","2,000","95","25","2025","풍세로 933","202511~202711","신규","-","","","아파트"
"13721","충청남도 천안시 동남구 신방동","920","0920","0000","초원그린타운","월세","39.2700","202510","30","300","44","11","1998","신촌4로 16","202511~202711","신규","-","","","아파트"
"13722","충청남도 천안시 동남구 신방동","920","0920","0000","초원그린타운","월세","39.2700","202510","30","500","42","5","1998","신촌4로 16","202511~202711","신규","-","","","아파트"
"13723","충청남도 서산시 석림동","463-1","0463","0001","석림주공3단지","월세","37.6700","202510","30","1,282","17","4","1995","석림4로 83","202510~202711","신규","-","","","아파트"
"13724","충청남도 천안시 동남구 신방동","2191","2191","0000","신방삼부르네상스","전세","75.9828","202510","30","20,000","0","1","2023","풍세로 678-22","202512~202712","신규","-","","","아파트"
"13725","충청남도 당진시 원당동","1255","1255","0000","당진원당리한라비발디","월세","101.4141","202510","30","3,000","75","9","2009","원당로 51-10","202512~202711","신규","-","","","아파트"
"13726","충청남도 당진시 채운동","1124","1124","0000","채운공원휴먼빌","전세","84.7843","202510","30","14,000","0","1","2009","백암로 219-64","202512~202712","신규","-","","","아파트"
"13727","충청남도 서산시 석남동","104-1","0104","0001","센스빌","전세","84.8000","202510","30","19,500","0","10","2003","동서1로 130","202512~202712","신규","-","","","아파트"
"13728","충청남도 아산시 풍기동","440","0440","0000","동일하이빌(아)","월세","84.9851","202510","30","2,000","90","6","2008","남부로 353","-","-","-","","","아파트"
"13729","충청남도 공주시 옥룡동","103","0103","0000","주공2","전세","41.8500","202510","30","4,500","0","2","1994","우금티로 709-11","202511~202711","신규","-","","","아파트"
"13730","충청남도 서산시 석남동","45-3","0045","0003","서산천지미가","월세","36.5393","202510","30","50","10","7","2015","석남1로 15-16","202510~202711","신규","-","","","아파트"
"13731","충청남도 천안시 동남구 안서동","546","0546","0000","안서코아루","전세","52.6030","202510","30","16,800","0","12","2018","각원사길 114-7","202511~202711","갱신","사용","16,500","0","아파트"
"13732","충청남도 아산시 풍기동","229-71","0229","0071","주은","월세","31.2000","202510","30","500","35","2","2000","어의정로183번길 14","202511~202711","신규","-","","","아파트"
"13733","충청남도 당진시 수청동","1852","1852","0000","당진센트레빌르네블루2차","전세","84.9699","202510","30","29,000","0","28","2024","수청중앙로 86","202601~202801","신규","-","","","아파트"
"13734","충청남도 당진시 읍내동","1486","1486","0000","당진2차푸르지오","월세","74.9801","202510","30","2,000","80","9","2016","북문로 16","202511~202711","신규","-","","","아파트"
"13735","충청남도 천안시 서북구 불당동","1811","1811","0000","불당호반베르디움TheFirst","전세","99.9759","202510","30","50,000","0","16","2016","불당19로 200","202601~202801","신규","-","","","아파트"
"13736","충청남도 천안시 서북구 와촌동","106-17","0106","0017","천안역세권행복주택","월세","21.8200","202510","30","427","17","10","2022","천안천4길 32","202511~202712","갱신","-","2,227","12","아파트"
"13737","충청남도 천안시 서북구 백석동","1115","1115","0000","천안백석엘에이치천년나무1단지","월세","16.8000","202510","30","2,519","7","3","2017","한들1로 88","202512~202711","갱신","-","1,876","10","아파트"
"13738","충청남도 천안시 서북구 백석동","915","0915","0000","그린빌1차","전세","84.9900","202510","30","19,500","0","11","2002","백석3로 69","202512~202712","신규","-","","","아파트"
"13739","충청남도 천안시 서북구 쌍용동","1282","1282","0000","주공7단지2차","전세","41.8500","202510","30","7,000","0","4","1995","쌍용11길 55","202510~202710","신규","-","","","아파트"
"13740","충청남도 천안시 서북구 쌍용동","1289","1289","0000","주공7단지3차","전세","59.8500","202510","30","10,000","0","11","1995","쌍용11길 58","202511~202711","갱신","-","10,000","0","아파트"
"13741","충청남도 천안시 서북구 쌍용동","1367","1367","0000","월봉청솔1단지","월세","50.1600","202510","30","1,000","52","5","2000","월봉4로 140-9","202510~202710","갱신","-","12,500","0","아파트"
"13742","충청남도 천안시 서북구 쌍용동","388-2","0388","0002","현대3","월세","84.4500","202510","30","13,000","10","15","1994","충무로 208","-","-","-","","","아파트"
"13743","충청남도 천안시 서북구 와촌동","186","0186","0000","천안역사동아라이크텐","전세","84.9864","202510","30","27,000","0","13","2021","천안천4길 20","202601~202801","신규","-","","","아파트"
"13744","충청남도 천안시 서북구 성정동","1317","1317","0000","프라지움5차","월세","49.8400","202510","30","2,000","65","4","2015","오성로 120","202511~202611","신규","-","","","아파트"
"13745","충청남도 천안시 서북구 성정동","717","0717","0000","주공5-2","월세","39.3000","202510","30","7,000","5","5","1988","성정로 75","202511~202711","신규","-","","","아파트"
"13746","충청남도 천안시 서북구 성정동","717","0717","0000","주공5-2","월세","39.3000","202510","30","7,000","5","5","1988","성정로 75","-","-","-","","","아파트"
"13747","충청남도 천안시 서북구 와촌동","106-17","0106","0017","천안역세권행복주택","월세","44.9300","202510","30","5,240","28","16","2022","천안천4길 32","202511~202712","신규","-","","","아파트"
"13748","충청남도 천안시 서북구 두정동","525-1","0525","0001","대우그린","월세","84.9500","202510","30","2,000","100","24","1996","봉정로 365","202511~202711","신규","-","","","아파트"
"13749","충청남도 천안시 서북구 두정동","399-1","0399","0001","두정역범양레우스알파","월세","59.9857","202510","30","9,000","25","16","2020","두정공원2길 26","202601~202801","신규","-","","","아파트"
"13750","충청남도 천안시 서북구 두정동","1478","1478","0000","팔라디움","월세","19.8740","202510","30","500","34","6","2013","두정상가8길 49","202511~202611","신규","-","","","아파트"
"13751","충청남도 천안시 서북구 직산읍 부송리","152-16","0152","0016","청솔","전세","59.9400","202510","30","4,700","0","3","1995","부송로 355","-","-","-","","","아파트"
"13752","충청남도 천안시 서북구 백석동","1115","1115","0000","천안백석엘에이치천년나무1단지","월세","36.8000","202510","30","3,694","19","12","2017","한들1로 88","202511~202712","신규","-","","","아파트"
"13753","충청남도 천안시 서북구 와촌동","106-17","0106","0017","천안역세권행복주택","월세","21.8200","202510","30","2,227","12","8","2022","천안천4길 32","202511~202712","신규","-","","","아파트"
"13754","충청남도 천안시 서북구 두정동","1320","1320","0000","프라지움2","월세","20.1420","202510","30","300","40","12","2013","두정로 216","202511~202611","신규","-","","","아파트"
"13755","충청남도 천안시 서북구 두정동","527","0527","0000","주공그린(8단지)","전세","59.9700","202510","30","13,000","0","16","1996","봉정로 381","202510~202710","신규","-","","","아파트"
"13756","충청남도 천안시 서북구 와촌동","106-17","0106","0017","천안역세권행복주택","월세","44.9300","202510","30","5,240","28","8","2022","천안천4길 32","202511~202712","신규","-","","","아파트"
"13757","충청남도 천안시 서북구 쌍용동","1367","1367","0000","월봉청솔1단지","월세","50.1600","202510","30","8,000","20","2","2000","월봉4로 140-9","-","-","-","","","아파트"
"13758","충청남도 천안시 동남구 풍세면 보성리","772","0772","0000","천안한양수자인에코시티","월세","75.9331","202510","30","1,000","80","17","2023","풍세산단로 290","202511~202611","신규","-","","","아파트"
"13759","충청남도 천안시 동남구 풍세면 보성리","772","0772","0000","천안한양수자인에코시티","월세","84.9855","202510","30","1,500","90","6","2023","풍세산단로 290","202510~202605","신규","-","","","아파트"
"13760","충청남도 천안시 서북구 두정동","1280","1280","0000","서올","월세","48.4758","202510","30","1,305","35","7","2024","두정상가1길 33","202511~202712","신규","-","","","아파트"
"13761","충청남도 천안시 서북구 두정동","1280","1280","0000","서올","월세","48.4758","202510","30","1,317","36","11","2024","두정상가1길 33","202511~202712","신규","-","","","아파트"
"13762","충청남도 천안시 동남구 풍세면 보성리","772","0772","0000","천안한양수자인에코시티","월세","75.9331","202510","30","2,000","70","12","2023","풍세산단로 290","202512~202711","신규","-","","","아파트"
"13763","충청남도 천안시 동남구 풍세면 보성리","772","0772","0000","천안한양수자인에코시티","월세","75.9331","202510","30","2,000","68","9","2023","풍세산단로 290","202601~202801","갱신","사용","2,000","65","아파트"
"13764","충청남도 천안시 서북구 쌍용동","1282","1282","0000","주공7단지2차","전세","41.8500","202510","30","8,000","0","13","1995","쌍용11길 55","202512~202612","갱신","사용","9,000","0","아파트"
"13765","충청남도 천안시 서북구 두정동","1502","1502","0000","천안두정엘에이치2단지","월세","25.7300","202510","30","2,567","13","10","2022","봉정로 339","202511~202712","신규","-","","","아파트"
"13766","충청남도 천안시 서북구 성거읍 송남리","585","0585","0000","북천안자이포레스트","전세","59.7660","202510","30","14,100","0","4","2016","성거길 20","202511~202711","신규","-","","","아파트"
"13767","충청남도 천안시 서북구 불당동","1466","1466","0000","천안불당금호어울림","월세","74.9300","202510","30","4,000","130","18","2020","불당24로 37","202512~202712","신규","-","","","아파트"
"13768","충청남도 천안시 서북구 쌍용동","1914","1914","0000","주공9","전세","49.7700","202510","30","10,500","0","12","1998","봉서산샛길 65","202511~202711","갱신","사용","10,500","0","아파트"
"13769","충청남도 천안시 서북구 쌍용동","1367","1367","0000","월봉청솔1단지","월세","50.1600","202510","30","8,000","20","2","2000","월봉4로 140-9","202511~202711","신규","-","","","아파트"
"13770","충청남도 천안시 서북구 두정동","1280","1280","0000","서올","월세","48.4758","202510","30","1,317","26","11","2024","두정상가1길 33","202511~202712","신규","-","","","아파트"
"13771","충청남도 천안시 서북구 성거읍 신월리","471","0471","0000","직산역서희스타힐스","월세","84.9946","202510","30","1,000","110","13","2024","천안대로 1446","202511~202711","신규","-","","","아파트"
"13772","충청남도 천안시 서북구 쌍용동","388-2","0388","0002","현대3","월세","84.4500","202510","30","13,000","10","15","1994","충무로 208","202511~202711","신규","-","","","아파트"
"13773","충청남도 천안시 서북구 쌍용동","1914","1914","0000","주공9","전세","49.7700","202510","30","10,500","0","12","1998","봉서산샛길 65","-","-","-","","","아파트"
"13774","충청남도 천안시 서북구 쌍용동","1914","1914","0000","주공9","전세","49.7700","202510","30","11,000","0","7","1998","봉서산샛길 65","202511~202711","신규","-","","","아파트"
"13775","충청남도 천안시 서북구 불당동","1463","1463","0000","천안불당엘에이치1단지","월세","46.2300","202510","30","1,148","35","16","2019","불당24로 9","202511~202710","갱신","-","2,955","29","아파트"
"13776","충청남도 천안시 서북구 불당동","750","0750","0000","동일하이빌","전세","84.9900","202510","30","31,000","0","4","2004","시청로 73","202512~202712","신규","-","","","아파트"
"13777","충청남도 천안시 서북구 불당동","820","0820","0000","대동다숲","전세","84.7824","202510","30","23,500","0","5","2004","시청로 39","202601~202801","갱신","사용","24,150","0","아파트"
"13778","충청남도 홍성군 홍북읍 신경리","947","0947","0000","충남내포신도시2차대방엘리움더센트럴아파트","전세","84.9144","202510","30","25,000","0","18","2023","자경로 18","202512~202712","신규","-","","","아파트"
"13779","충청남도 서산시 음암면 부산리","527-1","0527","0001","한성스위트빌","월세","38.8260","202510","30","300","40","14","2001","서령로 325-23","202511~202711","신규","-","","","아파트"
"13780","충청남도 홍성군 홍북읍 신경리","1372","1372","0000","한울마을LH2단지1BL","월세","36.9900","202510","30","4,978","7","5","2022","홍학로 124","202511~202710","갱신","-","3,127","18","아파트"
"13781","충청남도 홍성군 홍북읍 신경리","1372","1372","0000","한울마을LH2단지1BL","월세","21.8400","202510","30","440","15","4","2022","홍학로 124","202511~202710","갱신","-","1,863","11","아파트"
"13782","충청남도 홍성군 홍북읍 신경리","947","0947","0000","충남내포신도시2차대방엘리움더센트럴아파트","전세","84.9144","202510","30","25,000","0","18","2023","자경로 18","202512~202712","신규","-","","","아파트"
"13783","충청남도 아산시 신창면 남성리","476-6","0476","0006","아산한미금강","월세","59.3400","202510","30","500","45","6","1995","서부북로 813","202511~202711","신규","-","","","아파트"
"13784","충청남도 아산시 신창면 남성리","177-2","0177","0002","샘마을","월세","39.2700","202510","30","300","33","9","2001","남성길 85","202511~202711","신규","-","","","아파트"
"13785","충청남도 아산시 신창면 남성리","177-2","0177","0002","샘마을","월세","39.2700","202510","30","300","33","9","2001","남성길 85","202511~202711","신규","-","","","아파트"
"13786","충청남도 아산시 신창면 남성리","476-6","0476","0006","아산한미금강","월세","59.3400","202510","30","500","45","6","1995","서부북로 813","202511~202711","신규","-","","","아파트"
"13787","충청남도 아산시 신창면 남성리","190-1","0190","0001","아산코아루","전세","84.9418","202510","30","11,000","0","13","2006","남성길 123","202601~202801","신규","-","","","아파트"
"13788","충청남도 예산군 봉산면 대지리","279-4","0279","0004","은행마을","전세","55.9675","202510","30","5,000","0","5","2003","황금뜰로 156","202511~202711","신규","-","","","아파트"
"13789","충청남도 계룡시 두마면 농소리","973","0973","0000","푸르지오더퍼스트","월세","84.0947","202510","30","2,000","120","7","2022","농소로 63","202512~202712","신규","-","","","아파트"
"13790","충청남도 계룡시 두마면 농소리","972","0972","0000","계룡대실 리슈빌","전세","59.9800","202510","30","19,000","0","17","2021","농소로 64","202601~202801","신규","-","","","아파트"
"13791","충청남도 계룡시 두마면 농소리","972","0972","0000","계룡대실 리슈빌","월세","59.9800","202510","30","2,000","73","12","2021","농소로 64","202512~202712","갱신","-","2,000","70","아파트"
"13792","충청남도 예산군 삽교읍 목리","884","0884","0000","내포신도시중흥S-클래스더시티","월세","84.9642","202510","30","2,000","80","12","2024","청사로 250","202511~202711","신규","-","","","아파트"
"13793","충청남도 아산시 배방읍 북수리","1535","1535","0000","새솔마을중앙하이츠3차","전세","84.9966","202510","30","15,500","0","8","2008","북수로 137","202511~202711","신규","-","","","아파트"
"13794","충청남도 아산시 음봉면 산동리","1066","1066","0000","아산한라비발디스마트밸리","월세","54.8736","202510","30","2,000","80","17","2023","산동희망로 40","202511~202711","신규","-","","","아파트"
"13795","충청남도 아산시 신창면 행목리","498","0498","0000","아산신창양우내안애","월세","35.1000","202510","30","200","40","8","2014","행목로 202","202510~202710","신규","-","","","아파트"
"13796","충청남도 아산시 배방읍 북수리","1530","1530","0000","자이2차","전세","84.7809","202510","30","14,700","0","2","2007","북수로 116","202510~202710","갱신","사용","14,000","0","아파트"
"13797","충청남도 공주시 유구읍 석남리","393-1","0393","0001","유구CITY아파트","전세","84.9581","202510","30","15,000","0","2","2024","유구초교길 34-2","202511~202711","신규","-","","","아파트"
"13798","충청남도 아산시 배방읍 세교리","1562","1562","0000","아산금강펜테리움센트럴파크","월세","99.4985","202510","30","5,000","150","15","2025","동방로 136","202512~202712","신규","-","","","아파트"
"13799","충청남도 아산시 둔포면 석곡리","1822","1822","0000","아산테크노밸리이지더원9단지","전세","84.9022","202510","30","21,000","0","8","2023","아산밸리남로 37","202512~202712","갱신","사용","20,000","0","아파트"
"13800","충청남도 아산시 탕정면 명암리","809","0809","0000","탕정삼성트라팰리스(1단지~3단지)","월세","144.4300","202510","30","50,000","25","15","2009","탕정면로 37","202602~202802","신규","-","","","아파트"
"13801","충청남도 아산시 배방읍 공수리","1486","1486","0000","배방3차한성필하우스","월세","79.9213","202510","30","13,252","15","9","2017","모산로 51","202511~202712","신규","-","","","아파트"
"13802","충청남도 아산시 배방읍 북수리","1530","1530","0000","자이2차","전세","84.7809","202510","30","16,000","0","14","2007","북수로 116","202510~202710","갱신","사용","16,000","0","아파트"
"13803","충청남도 천안시 동남구 봉명동","204-3","0204","0003","e편한세상봉명아너리움","월세","59.8035","202510","30","2,000","90","23","2020","쌍용대로 160","202512~202712","신규","-","","","아파트"
"13804","충청남도 천안시 동남구 봉명동","494","0494","0000","봉명청솔(3차)","전세","56.3400","202510","30","12,000","0","15","2001","봉서8길 13","202511~202711","신규","-","","","아파트"
"13805","충청남도 아산시 둔포면 석곡리","1808","1808","0000","테크노밸리EGthe11단지","월세","59.9426","202510","30","1,000","85","3","2015","아산밸리중앙로 50","202510~202710","신규","-","","","아파트"
"13806","충청남도 아산시 배방읍 공수리","282","0282","0000","배방삼정그린코아","전세","38.4900","202510","30","7,300","0","10","2012","모산로126번길 17-7","202511~202711","갱신","-","8,000","0","아파트"
"13807","충청남도 아산시 배방읍 공수리","282","0282","0000","배방삼정그린코아","전세","38.4900","202510","30","7,290","0","17","2012","모산로126번길 17-7","202601~202801","갱신","-","7,000","0","아파트"
"13808","충청남도 천안시 동남구 봉명동","494","0494","0000","봉명청솔(3차)","전세","56.3400","202510","30","12,000","0","15","2001","봉서8길 13","-","-","-","","","아파트"
"13809","충청남도 아산시 배방읍 공수리","636","0636","0000","한라비발디","전세","84.7980","202510","30","18,000","0","2","2006","배방로 131","202511~202711","신규","-","","","아파트"
"13810","충청남도 당진시 송산면 금암리","16-2","0016","0002","당진대상","전세","36.1200","202510","30","4,000","0","3","1999","송산로 164","202511~202711","신규","-","","","아파트"
"13811","충청남도 아산시 배방읍 장재리","1537","1537","0000","연화마을STXKAN6단지","전세","101.8037","202510","30","37,000","0","18","2011","연화로 11","202601~202801","신규","-","","","아파트"
"13812","충청남도 아산시 탕정면 명암리","809","0809","0000","탕정삼성트라팰리스(4단지)","전세","83.4986","202510","30","29,000","0","7","2013","탕정면로 37","202511~202803","갱신","사용","28,000","0","아파트"
"13813","충청남도 천안시 동남구 삼룡동","218-33","0218","0033","호반써밋포레센트","전세","84.9652","202510","30","28,000","0","15","2023","충절로 369","202512~202712","신규","-","","","아파트"
"13814","충청남도 아산시 탕정면 용두리","720","0720","0000","더퍼스트休","월세","15.8400","202510","30","0","45","8","2021","용머리길 109","202510~202602","신규","-","","","아파트"
"13815","충청남도 천안시 동남구 청당동","1012","1012","0000","천안롯데캐슬더청당","월세","59.9948","202510","30","2,000","95","19","2025","청당4로 20","202511~202611","신규","-","","","아파트"
"13816","충청남도 당진시 송악읍 가학리","690","0690","0000","당진송악e편한세상","전세","84.9720","202510","30","15,000","0","11","2010","반촌로 103","202511~202711","갱신","-","14,000","0","아파트"
"13817","충청남도 아산시 배방읍 공수리","1486","1486","0000","배방3차한성필하우스","월세","59.9940","202510","29","12,980","17","17","2017","모산로 51","202511~202712","신규","-","","","아파트"
"13818","충청남도 아산시 배방읍 공수리","1486","1486","0000","배방3차한성필하우스","월세","59.9940","202510","29","11,706","17","17","2017","모산로 51","202511~202712","신규","-","","","아파트"
"13819","충청남도 천안시 동남구 청수동","435","0435","0000","청수행정타운금호어울림","전세","72.8318","202510","29","21,500","0","20","2023","수도산공원길 1","202511~202711","신규","-","","","아파트"
"13820","충청남도 천안시 동남구 청수동","435","0435","0000","청수행정타운금호어울림","전세","72.8318","202510","29","21,500","0","20","2023","수도산공원길 1","202511~202711","신규","-","","","아파트"
"13821","충청남도 아산시 신창면 행목리","498","0498","0000","아산신창양우내안애","전세","35.1000","202510","29","6,000","0","6","2014","행목로 202","202511~202711","신규","-","","","아파트"
"13822","충청남도 아산시 신창면 행목리","498","0498","0000","아산신창양우내안애","월세","49.5000","202510","29","500","65","6","2014","행목로 202","202512~202712","갱신","사용","500","60","아파트"
"13823","충청남도 아산시 둔포면 석곡리","1793","1793","0000","아산테크노밸리이지더원6단지","전세","72.3669","202510","29","18,000","0","2","2017","아산밸리북로 68","202512~202712","신규","-","","","아파트"
"13824","충청남도 아산시 둔포면 석곡리","1822","1822","0000","아산테크노밸리이지더원9단지","전세","84.9673","202510","29","26,000","0","15","2023","아산밸리남로 37","202602~202802","신규","-","","","아파트"
"13825","충청남도 아산시 둔포면 석곡리","1797","1797","0000","아산테크노밸리EGthe14단지","월세","72.3450","202510","29","2,000","85","1","2016","아산밸리중앙로 67","202510~202710","신규","-","","","아파트"
"13826","충청남도 아산시 둔포면 석곡리","1793","1793","0000","아산테크노밸리이지더원6단지","전세","72.3669","202510","29","18,000","0","2","2017","아산밸리북로 68","-","-","-","","","아파트"
"13827","충청남도 아산시 둔포면 석곡리","1822","1822","0000","아산테크노밸리이지더원9단지","전세","84.9673","202510","29","26,000","0","15","2023","아산밸리남로 37","202602~202802","신규","-","","","아파트"
"13828","충청남도 아산시 배방읍 공수리","1486","1486","0000","배방3차한성필하우스","월세","59.9940","202510","29","13,385","19","8","2017","모산로 51","202511~202712","신규","-","","","아파트"
"13829","충청남도 공주시 의당면 청룡리","641-5","0641","0005","세광엔리치빌","월세","30.6438","202510","29","300","45","3","2000","연수원길 112","202511~202711","신규","-","","","아파트"
"13830","충청남도 당진시 송악읍 기지시리","510","0510","0000","힐스테이트당진","전세","72.9256","202510","29","17,500","0","2","2016","틀모시로 738","202512~202712","신규","-","","","아파트"
"13831","충청남도 아산시 배방읍 공수리","1486","1486","0000","배방3차한성필하우스","월세","59.9940","202510","29","13,378","19","15","2017","모산로 51","202511~202712","신규","-","","","아파트"
"13832","충청남도 아산시 배방읍 공수리","1486","1486","0000","배방3차한성필하우스","월세","59.9940","202510","29","11,706","17","15","2017","모산로 51","202511~202712","신규","-","","","아파트"
"13833","충청남도 천안시 동남구 원성동","582-1","0582","0001","메가시티2","전세","26.5164","202510","29","8,000","0","7","2016","고재1길 6","202512~202712","신규","-","","","아파트"
"13834","충청남도 천안시 동남구 원성동","559-15","0559","0015","극동","월세","33.9300","202510","29","500","40","8","1997","충절로 190","202511~202711","신규","-","","","아파트"
"13835","충청남도 아산시 배방읍 공수리","1486","1486","0000","배방3차한성필하우스","월세","59.9890","202510","29","11,584","16","6","2017","모산로 51","202511~202712","신규","-","","","아파트"
"13836","충청남도 아산시 배방읍 공수리","1486","1486","0000","배방3차한성필하우스","월세","59.9940","202510","29","11,738","16","8","2017","모산로 51","202511~202712","신규","-","","","아파트"
"13837","충청남도 아산시 배방읍 장재리","1348","1348","0000","아산배방행복주택","월세","16.6700","202510","29","487","12","7","2018","공원로 69","202512~202711","갱신","-","1,547","8","아파트"
"13838","충청남도 아산시 배방읍 공수리","1486","1486","0000","배방3차한성필하우스","월세","59.9940","202510","29","13,378","19","18","2017","모산로 51","202511~202712","신규","-","","","아파트"
"13839","충청남도 아산시 배방읍 공수리","1486","1486","0000","배방3차한성필하우스","월세","79.7529","202510","29","13,979","16","8","2017","모산로 51","202511~202712","신규","-","","","아파트"
"13840","충청남도 아산시 배방읍 공수리","1486","1486","0000","배방3차한성필하우스","월세","59.9859","202510","29","13,400","19","18","2017","모산로 51","202511~202712","신규","-","","","아파트"
"13841","충청남도 당진시 송악읍 복운리","1629-2","1629","0002","신성미소지움2단지","월세","84.9835","202510","29","1,000","70","12","2007","신복운로3길 28","202511~202711","신규","-","","","아파트"
"13842","충청남도 아산시 배방읍 공수리","1486","1486","0000","배방3차한성필하우스","월세","59.9940","202510","29","13,400","19","8","2017","모산로 51","202511~202712","신규","-","","","아파트"
"13843","충청남도 아산시 배방읍 공수리","1486","1486","0000","배방3차한성필하우스","월세","59.9940","202510","29","13,385","19","4","2017","모산로 51","202511~202712","신규","-","","","아파트"
"13844","충청남도 아산시 배방읍 공수리","1486","1486","0000","배방3차한성필하우스","월세","79.9213","202510","29","13,979","15","8","2017","모산로 51","202511~202712","신규","-","","","아파트"
"13845","충청남도 아산시 배방읍 공수리","1486","1486","0000","배방3차한성필하우스","월세","59.9751","202510","29","13,407","19","19","2017","모산로 51","202511~202712","신규","-","","","아파트"
"13846","충청남도 아산시 배방읍 공수리","1486","1486","0000","배방3차한성필하우스","월세","59.9890","202510","29","11,738","17","23","2017","모산로 51","202511~202712","신규","-","","","아파트"
"13847","충청남도 아산시 배방읍 공수리","1486","1486","0000","배방3차한성필하우스","월세","59.9751","202510","29","13,371","19","16","2017","모산로 51","202511~202712","신규","-","","","아파트"
"13848","충청남도 천안시 동남구 청당동","980","0980","0000","행정타운두산위브더파크","전세","72.6890","202510","29","21,000","0","15","2018","청당3길 147","202601~202801","신규","-","","","아파트"
"13849","충청남도 천안시 동남구 봉명동","494","0494","0000","봉명청솔(3차)","월세","56.3400","202510","29","2,000","50","3","2001","봉서8길 13","202511~202711","신규","-","","","아파트"
"13850","충청남도 천안시 동남구 봉명동","494","0494","0000","봉명청솔(3차)","월세","56.3400","202510","29","2,000","45","5","2001","봉서8길 13","202511~202711","신규","-","","","아파트"
"13851","충청남도 천안시 동남구 봉명동","494","0494","0000","봉명청솔(3차)","월세","56.3400","202510","29","1,000","60","6","2001","봉서8길 13","202511~202711","신규","-","","","아파트"
"13852","충청남도 아산시 배방읍 공수리","1486","1486","0000","배방3차한성필하우스","월세","79.9213","202510","29","13,979","16","11","2017","모산로 51","202511~202712","신규","-","","","아파트"
"13853","충청남도 아산시 배방읍 공수리","1486","1486","0000","배방3차한성필하우스","월세","59.9940","202510","29","13,378","19","14","2017","모산로 51","202511~202712","신규","-","","","아파트"
"13854","충청남도 아산시 배방읍 공수리","1486","1486","0000","배방3차한성필하우스","월세","59.9940","202510","29","12,980","17","13","2017","모산로 51","202511~202712","신규","-","","","아파트"
"13855","충청남도 아산시 배방읍 공수리","1486","1486","0000","배방3차한성필하우스","월세","59.9940","202510","29","13,378","18","6","2017","모산로 51","202511~202712","신규","-","","","아파트"
"13856","충청남도 아산시 배방읍 공수리","1486","1486","0000","배방3차한성필하우스","월세","59.9940","202510","29","13,385","19","5","2017","모산로 51","202511~202712","신규","-","","","아파트"
"13857","충청남도 아산시 배방읍 공수리","1486","1486","0000","배방3차한성필하우스","월세","59.9751","202510","29","11,731","17","5","2017","모산로 51","202511~202712","신규","-","","","아파트"
"13858","충청남도 아산시 배방읍 공수리","1486","1486","0000","배방3차한성필하우스","월세","59.9890","202510","29","13,624","18","10","2017","모산로 51","202511~202712","신규","-","","","아파트"
"13859","충청남도 당진시 송산면 유곡리","1312","1312","0000","당진해링턴플레이스에듀타운","전세","59.9180","202510","29","13,500","0","13","2022","서정2길 37","202510~202710","갱신","-","14,000","0","아파트"
"13860","충청남도 아산시 배방읍 공수리","1486","1486","0000","배방3차한성필하우스","월세","59.9940","202510","29","13,624","18","10","2017","모산로 51","202511~202712","신규","-","","","아파트"
"13861","충청남도 아산시 배방읍 공수리","282","0282","0000","배방삼정그린코아","월세","38.4900","202510","29","300","43","22","2012","모산로126번길 17-7","202511~202711","갱신","-","300","43","아파트"
"13862","충청남도 아산시 배방읍 세교리","1561","1561","0000","아산탕정대광로제비앙센트럴","전세","103.9672","202510","29","37,000","0","23","2024","동방로 134","202512~202803","신규","-","","","아파트"
"13863","충청남도 아산시 배방읍 세교리","1561","1561","0000","아산탕정대광로제비앙센트럴","월세","84.9233","202510","29","3,000","130","8","2024","동방로 134","202511~202711","신규","-","","","아파트"
"13864","충청남도 아산시 배방읍 공수리","1486","1486","0000","배방3차한성필하우스","월세","59.9859","202510","29","12,073","17","20","2017","모산로 51","202511~202712","신규","-","","","아파트"
"13865","충청남도 천안시 서북구 직산읍 모시리","242-5","0242","0005","대림","월세","39.9500","202510","29","300","33","7","1998","2공단5로 169","202511~202611","갱신","-","300","30","아파트"
"13866","충청남도 천안시 동남구 목천읍 신계리","134-3","0134","0003","목천이수프라임","월세","39.6800","202510","29","300","35","10","2000","충절로 892","202511~202711","신규","-","","","아파트"
"13867","충청남도 천안시 동남구 목천읍 신계리","422","0422","0000","천안목천동우1차","전세","39.9500","202510","29","2,500","0","5","1997","신계1길 41","202511~202711","신규","-","","","아파트"
"13868","충청남도 천안시 서북구 성거읍 송남리","585","0585","0000","북천안자이포레스트","월세","43.8479","202510","29","1,000","60","21","2016","성거길 20","202511~202712","신규","-","","","아파트"
"13869","충청남도 천안시 서북구 성성동","968","0968","0000","천안푸르지오레이크사이드","월세","74.9872","202510","29","2,000","150","36","2023","성성7로 36","202511~202711","신규","-","","","아파트"
"13870","충청남도 천안시 서북구 성성동","968","0968","0000","천안푸르지오레이크사이드","전세","84.9822","202510","29","37,000","0","19","2023","성성7로 36","202511~202803","갱신","-","34,000","0","아파트"
"13871","충청남도 천안시 서북구 두정동","1280","1280","0000","서올","월세","48.4758","202510","29","1,317","36","12","2024","두정상가1길 33","202511~202712","신규","-","","","아파트"
"13872","충청남도 천안시 서북구 두정동","1280","1280","0000","서올","월세","48.4758","202510","29","1,305","35","6","2024","두정상가1길 33","202511~202712","신규","-","","","아파트"
"13873","충청남도 천안시 서북구 두정동","1280","1280","0000","서올","월세","48.4758","202510","29","1,317","36","10","2024","두정상가1길 33","202511~202712","신규","-","","","아파트"
"13874","충청남도 천안시 서북구 두정동","1280","1280","0000","서올","월세","48.4758","202510","29","1,317","36","12","2024","두정상가1길 33","202511~202712","신규","-","","","아파트"
"13875","충청남도 천안시 서북구 두정동","1280","1280","0000","서올","월세","48.4758","202510","29","1,317","36","11","2024","두정상가1길 33","202511~202712","신규","-","","","아파트"
"13876","충청남도 천안시 서북구 두정동","1280","1280","0000","서올","월세","48.4758","202510","29","1,317","35","9","2024","두정상가1길 33","202511~202712","신규","-","","","아파트"
"13877","충청남도 천안시 서북구 두정동","1280","1280","0000","서올","월세","48.4758","202510","29","1,317","36","10","2024","두정상가1길 33","202511~202712","신규","-","","","아파트"
"13878","충청남도 천안시 서북구 두정동","1280","1280","0000","서올","월세","48.4758","202510","29","1,317","36","11","2024","두정상가1길 33","202511~202712","신규","-","","","아파트"
"13879","충청남도 천안시 서북구 두정동","1502","1502","0000","천안두정엘에이치2단지","월세","25.7300","202510","29","2,567","13","15","2022","봉정로 339","202511~202712","신규","-","","","아파트"
"13880","충청남도 천안시 서북구 두정동","1502","1502","0000","천안두정엘에이치2단지","월세","25.6300","202510","29","2,567","13","11","2022","봉정로 339","202511~202712","신규","-","","","아파트"
"13881","충청남도 천안시 서북구 두정동","1502","1502","0000","천안두정엘에이치2단지","월세","25.7300","202510","29","100","20","7","2022","봉정로 339","202511~202712","신규","-","","","아파트"
"13882","충청남도 천안시 서북구 두정동","1502","1502","0000","천안두정엘에이치2단지","월세","29.6500","202510","29","2,930","15","13","2022","봉정로 339","202511~202712","신규","-","","","아파트"
"13883","충청남도 천안시 서북구 두정동","1502","1502","0000","천안두정엘에이치2단지","월세","25.7300","202510","29","2,424","13","9","2022","봉정로 339","202511~202712","신규","-","","","아파트"
"13884","충청남도 천안시 서북구 두정동","1280","1280","0000","서올","월세","48.4758","202510","29","1,317","26","12","2024","두정상가1길 33","202511~202712","신규","-","","","아파트"
"13885","충청남도 천안시 서북구 두정동","526-1","0526","0001","극동늘푸른","월세","59.9100","202510","29","1,000","74","1","1996","늘푸른6길 42","202511~202711","신규","-","","","아파트"
"13886","충청남도 천안시 서북구 두정동","526-1","0526","0001","극동늘푸른","월세","59.9100","202510","29","1,000","75","9","1996","늘푸른6길 42","202511~202711","신규","-","","","아파트"
"13887","충청남도 천안시 서북구 두정동","2082","2082","0000","힐스테이트두정역","월세","84.9450","202510","29","3,000","130","11","2025","북일로 50","202511~202711","신규","-","","","아파트"
"13888","충청남도 천안시 서북구 두정동","2078","2078","0000","두정역효성해링턴플레이스","월세","59.8600","202510","29","2,000","110","10","2020","봉정로 324","202511~202711","신규","-","","","아파트"
"13889","충청남도 천안시 서북구 쌍용동","1561","1561","0000","월봉청솔2차","월세","48.4500","202510","29","1,000","55","10","2000","월봉7길 77","202511~202711","신규","-","","","아파트"
"13890","충청남도 천안시 서북구 쌍용동","1914","1914","0000","주공9","전세","59.7100","202510","29","12,800","0","15","1998","봉서산샛길 65","202512~202712","갱신","사용","12,500","0","아파트"
"13891","충청남도 천안시 서북구 성환읍 율금리","773","0773","0000","두진그린힐","전세","38.6000","202510","29","4,450","0","1","2001","율금1길 221-34","-","-","-","","","아파트"
"13892","충청남도 천안시 서북구 성환읍 율금리","773","0773","0000","두진그린힐","전세","38.6000","202510","29","3,500","0","3","2001","율금1길 221-34","-","-","-","","","아파트"
"13893","충청남도 천안시 서북구 쌍용동","388-2","0388","0002","현대3","월세","59.4000","202510","29","9,000","20","16","1994","충무로 208","202511~202711","갱신","-","9,000","20","아파트"
"13894","충청남도 천안시 서북구 쌍용동","1367","1367","0000","월봉청솔1단지","전세","50.1600","202510","29","10,000","0","8","2000","월봉4로 140-9","202510~202712","신규","-","","","아파트"
"13895","충청남도 천안시 서북구 쌍용동","889","0889","0000","대우타워","월세","101.7000","202510","29","1,000","50","10","1994","미라15길 24","202511~202711","신규","-","","","아파트"
"13896","충청남도 천안시 서북구 와촌동","106-17","0106","0017","천안역세권행복주택","월세","21.8200","202510","29","2,227","12","11","2022","천안천4길 32","202511~202712","신규","-","","","아파트"
"13897","충청남도 천안시 서북구 성환읍 수향리","466-5","0466","0005","한미래","전세","49.8000","202510","29","6,000","0","7","2003","안궁1길 2","-","-","-","","","아파트"
"13898","충청남도 천안시 서북구 와촌동","106-17","0106","0017","천안역세권행복주택","월세","44.9300","202510","29","5,240","28","5","2022","천안천4길 32","202511~202712","신규","-","","","아파트"
"13899","충청남도 천안시 서북구 와촌동","106-17","0106","0017","천안역세권행복주택","월세","21.8200","202510","29","2,358","12","11","2022","천안천4길 32","202511~202712","신규","-","","","아파트"
"13900","충청남도 천안시 서북구 와촌동","106-17","0106","0017","천안역세권행복주택","월세","44.9300","202510","29","5,240","28","8","2022","천안천4길 32","202511~202712","신규","-","","","아파트"
"13901","충청남도 천안시 서북구 백석동","910","0910","0000","주공3단지","월세","59.6400","202510","29","2,455","32","8","2002","백석3로 70","202511~202710","신규","-","","","아파트"
"13902","충청남도 천안시 서북구 쌍용동","1367","1367","0000","월봉청솔1단지","전세","50.1600","202510","29","10,500","0","8","2000","월봉4로 140-9","202511~202711","신규","-","","","아파트"
"13903","충청남도 천안시 동남구 풍세면 보성리","772","0772","0000","천안한양수자인에코시티","월세","59.9177","202510","29","1,000","70","11","2023","풍세산단로 290","202511~202611","신규","-","","","아파트"
"13904","충청남도 천안시 동남구 병천면 가전리","68-3","0068","0003","신한","월세","42.5400","202510","29","300","35","3","1997","충절로 1638","202510~202610","신규","-","","","아파트"
"13905","충청남도 천안시 서북구 성정동","717","0717","0000","주공5-2","월세","39.6900","202510","29","500","35","5","1988","성정로 75","202511~202711","신규","-","","","아파트"
"13906","충청남도 천안시 서북구 직산읍 삼은리","592","0592","0000","더샵천안레이크마크","월세","65.0200","202510","29","2,000","90","17","2024","직산로 18-33","202511~202711","신규","-","","","아파트"
"13907","충청남도 천안시 서북구 성정동","1439","1439","0000","라임스톤","월세","18.9435","202510","29","100","38","6","2014","성정공원3길 6","202511~202605","신규","-","","","아파트"
"13908","충청남도 천안시 동남구 목천읍 삼성리","9-12","0009","0012","원앙마을부영1차","월세","49.9200","202510","29","500","45","10","1999","삼성5길 42","202511~202711","신규","-","","","아파트"
"13909","충청남도 천안시 서북구 쌍용동","1561","1561","0000","월봉청솔2차","월세","48.4500","202510","29","500","55","1","2000","월봉7길 77","202510~202710","신규","-","","","아파트"
"13910","충청남도 천안시 서북구 불당동","1545","1545","0000","천안불당린스트라우스1단지","월세","99.9908","202510","29","15,000","165","11","2017","불당19로 95","202510~202710","갱신","사용","15,000","160","아파트"
"13911","충청남도 천안시 서북구 불당동","757","0757","0000","불당아이파크","전세","84.9500","202510","29","36,000","0","13","2004","불당17길 14","202512~202712","신규","-","","","아파트"
"13912","충청남도 천안시 서북구 성정동","1270","1270","0000","프라지움6차","월세","22.5788","202510","29","1,500","35","12","2016","성정공원6길 1-12","202511~202611","갱신","-","1,500","35","아파트"
"13913","충청남도 천안시 서북구 차암동","543","0543","0000","e편한세상스마일시티2차","전세","74.9402","202510","29","22,000","0","16","2016","스마일시티2로 2","202601~202804","신규","-","","","아파트"
"13914","충청남도 천안시 서북구 성환읍 성월리","150","0150","0000","현대한솔","전세","42.8400","202510","29","6,000","0","15","1997","성월2길 16","-","-","-","","","아파트"
"13915","충청남도 천안시 서북구 성환읍 성월리","150","0150","0000","현대한솔","월세","42.8400","202510","29","500","50","2","1997","성월2길 16","202511~202711","신규","-","","","아파트"
"13916","충청남도 천안시 서북구 두정동","525-1","0525","0001","대우그린","월세","59.9460","202510","29","1,000","70","1","1996","봉정로 365","202511~202711","신규","-","","","아파트"
"13917","충청남도 천안시 서북구 두정동","393-21","0393","0021","유보라천안두정역","월세","84.9608","202510","29","3,000","110","13","2025","천안대로 1050","202512~202712","신규","-","","","아파트"
"13918","충청남도 천안시 서북구 두정동","1280","1280","0000","서올","월세","48.4758","202510","29","1,317","36","10","2024","두정상가1길 33","202511~202712","신규","-","","","아파트"
"13919","충청남도 천안시 서북구 두정동","1280","1280","0000","서올","월세","48.4758","202510","29","1,305","35","6","2024","두정상가1길 33","202511~202712","신규","-","","","아파트"
"13920","충청남도 아산시 풍기동","229-71","0229","0071","주은","월세","39.7800","202510","29","500","50","11","2000","어의정로183번길 14","202512~202711","신규","-","","","아파트"
"13921","충청남도 천안시 동남구 신방동","2191","2191","0000","신방삼부르네상스","월세","59.9977","202510","29","2,000","80","23","2023","풍세로 678-22","202512~202712","신규","-","","","아파트"
"13922","충청남도 아산시 득산동","392-2","0392","0002","부영","월세","49.9200","202510","29","500","55","5","1998","온천대로 1105-17","202511~202711","신규","-","","","아파트"
"13923","충청남도 아산시 모종동","736","0736","0000","힐스테이트모종네오루체","전세","84.9876","202510","29","30,000","0","25","2023","못마루로 139","202511~202711","신규","-","","","아파트"
"13924","충청남도 아산시 모종동","622","0622","0000","모종주공","월세","39.8400","202510","29","2,774","8","5","2006","문화로 301-16","202511~202710","신규","-","","","아파트"
"13925","충청남도 서산시 석림동","463-1","0463","0001","석림주공2단지","전세","58.1400","202510","29","8,700","0","4","1996","석림4로 83","202510~202710","갱신","사용","8,700","0","아파트"
"13926","충청남도 아산시 모종동","734","0734","0000","모종2차삼일파라뷰센트럴","전세","59.8453","202510","29","22,050","0","15","2022","모종북로 22","202511~203010","신규","-","","","아파트"
"13927","충청남도 아산시 모종동","637","0637","0000","모종캐슬어울림1단지","전세","84.9206","202510","29","28,000","0","21","2017","모종로22번길 7","202601~202801","신규","-","","","아파트"
"13928","충청남도 아산시 모종동","637","0637","0000","모종캐슬어울림1단지","전세","84.9206","202510","29","28,000","0","21","2017","모종로22번길 7","202601~202801","신규","-","","","아파트"
"13929","충청남도 공주시 신관동","24-64","0024","0064","주공3","월세","46.6800","202510","29","500","50","3","1990","신금1길 30-12","202510~202710","신규","-","","","아파트"
"13930","충청남도 천안시 동남구 신부동","986","0986","0000","신부 디 이스트","월세","84.9700","202510","29","2,000","120","18","2018","신부8길 21","202511~202710","신규","-","","","아파트"
"13931","충청남도 아산시 좌부동","84-3","0084","0003","초원설화타운1","월세","56.2800","202510","29","300","35","3","1994","고불로 667","202511~202711","신규","-","","","아파트"
"13932","충청남도 아산시 좌부동","84-3","0084","0003","초원설화타운1","월세","39.7800","202510","29","300","27","4","1994","고불로 667","202511~202611","신규","-","","","아파트"
"13933","충청남도 천안시 동남구 안서동","337-2","0337","0002","메가시티1","월세","16.0500","202510","29","50","49","2","2014","문암2길 14-6","202512~202612","신규","-","","","아파트"
"13934","충청남도 보령시 명천동","1116","1116","0000","보령명천LH1단지","월세","27.7100","202510","29","2,307","7","2","2021","흥곡천변로 85","202511~202712","갱신","-","807","16","아파트"
"13935","충청남도 당진시 수청동","1844","1844","0000","당진센트레빌르네블루1차","전세","84.9169","202510","29","30,000","0","29","2023","수청중앙로 85","202512~202712","신규","-","","","아파트"
"13936","충청남도 계룡시 금암동","74","0074","0000","신성미소지움2차","전세","84.8600","202510","29","21,500","0","6","2005","서금암5길 9","202512~202712","갱신","사용","22,500","0","아파트"
"13937","충청남도 당진시 대덕동","1883","1883","0000","당진대덕수청시티프라디움2차","전세","84.9973","202510","29","18,700","0","17","2021","대덕1로 50","202512~202712","신규","-","","","아파트"
"13938","충청남도 논산시 내동","272-7","0272","0007","논산제이파크2단지","월세","84.7676","202510","29","3,000","83","4","2003","시민로258번길 10","202512~202712","신규","-","","","아파트"
"13939","충청남도 논산시 내동","968","0968","0000","아주","월세","55.2000","202510","29","1,000","50","9","1994","체육로 18","202511~202711","신규","-","","","아파트"
"13940","충청남도 보령시 동대동","339","0339","0000","현대아파트","월세","59.9000","202510","29","1,000","70","13","1997","동현로 46","202512~202612","신규","-","","","아파트"
"13941","충청남도 서산시 죽성동","74-1","0074","0001","삼성1차","전세","84.9300","202510","29","8,200","0","14","1993","남부순환로 767","202512~202712","신규","-","","","아파트"
"13942","충청남도 천안시 동남구 신방동","920","0920","0000","초원그린타운","월세","39.2700","202510","29","500","45","12","1998","신촌4로 16","202511~202711","신규","-","","","아파트"
"13943","충청남도 서산시 동문동","1000-4","1000","0004","코아루시티","월세","14.2300","202510","29","300","35","10","2018","안견로 271","202511~202611","신규","-","","","아파트"
"13944","충청남도 아산시 방축동","57-6","0057","0006","주공","월세","39.6900","202510","29","500","25","3","1990","방축로 21","202510~202710","갱신","-","500","25","아파트"
"13945","충청남도 천안시 동남구 신방동","873","0873","0000","성지새말1","전세","84.9600","202510","29","16,000","0","13","1997","일봉로 17","202511~202711","신규","-","","","아파트"
"13946","충청남도 천안시 동남구 신방동","1892","1892","0000","천안신방행복주택","월세","26.4200","202510","29","1,643","14","6","2018","통정11로 80","202512~202711","갱신","-","2,218","12","아파트"
"13947","충청남도 아산시 방축동","140-4","0140","0004","동아나래","월세","59.8060","202510","29","1,000","50","5","1997","온천대로1333번길 7","202511~202711","신규","-","","","아파트"
"13948","충청남도 천안시 서북구 부대동","761","0761","0000","부성역우남퍼스트빌","전세","84.9390","202510","29","28,000","0","20","2024","부성26로 67","202601~202801","신규","-","","","아파트"
"13949","충청남도 아산시 풍기동","222","0222","0000","세진","월세","35.6000","202510","29","300","30","3","1998","외암로 1566-12","202511~202711","신규","-","","","아파트"
"13950","충청남도 아산시 신창면 남성리","845","0845","0000","신아산모아엘가비스타1차아파트","월세","59.9660","202510","29","12,771","5","2","2023","남성길 72","202511~202711","신규","-","","","아파트"
"13951","충청남도 아산시 신창면 남성리","845","0845","0000","신아산모아엘가비스타1차아파트","월세","59.9660","202510","29","13,510","5","14","2023","남성길 72","202511~202711","신규","-","","","아파트"
"13952","충청남도 아산시 신창면 남성리","845","0845","0000","신아산모아엘가비스타1차아파트","월세","84.9143","202510","29","17,670","7","4","2023","남성길 72","202511~202711","신규","-","","","아파트"
"13953","충청남도 아산시 신창면 남성리","845","0845","0000","신아산모아엘가비스타1차아파트","월세","75.1101","202510","29","15,590","6","5","2023","남성길 72","202511~202711","신규","-","","","아파트"
"13954","충청남도 서산시 성연면 일람리","1081","1081","0000","서산테크노밸리우미린","월세","59.9050","202510","29","13,000","15","1","2022","성연3로 77","202511~202711","신규","-","","","아파트"
"13955","충청남도 계룡시 두마면 농소리","971","0971","0000","한라비발디더센트럴","월세","59.9701","202510","29","3,000","75","15","2023","대실남북3길 16","202511~202711","신규","-","","","아파트"
"13956","충청남도 서산시 성연면 왕정리","725","0725","0000","e편한세상서산테크노밸리","월세","59.9921","202510","29","1,700","56","6","2018","성연4로 46","202511~202610","갱신","사용","1,700","56","아파트"
"13957","충청남도 홍성군 홍성읍 남장리","95-51","0095","0051","거성아파트B동","월세","68.6400","202510","29","1,000","30","1","1990","홍장북로441번길 25-9","202511~202711","신규","-","","","아파트"
"13958","충청남도 계룡시 엄사면 엄사리","282","0282","0000","성원","전세","58.3200","202510","29","8,000","0","5","1997","엄사중앙로 66","202602~202802","신규","-","","","아파트"
"13959","충청남도 천안시 동남구 문화동","81-1","0081","0001","류진시티","월세","38.4000","202510","29","8,400","7","5","2015","공설시장3길 18-1","202512~202712","신규","-","","","아파트"
"13960","충청남도 홍성군 홍북읍 신경리","1372","1372","0000","한울마을LH2단지1BL","월세","36.9900","202510","29","4,978","7","21","2022","홍학로 124","202511~202710","갱신","-","3,127","18","아파트"
"13961","충청남도 홍성군 홍북읍 신경리","1169","1169","0000","효성해링턴플레이스","전세","75.7570","202510","29","14,000","0","4","2014","신대로 54","202511~202711","신규","-","","","아파트"
"13962","충청남도 서산시 성연면 일람리","1081","1081","0000","서산테크노밸리우미린","월세","59.9050","202510","29","13,000","16","10","2022","성연3로 77","202512~202712","갱신","-","13,000","15","아파트"
"13963","충청남도 계룡시 엄사면 엄사리","282","0282","0000","성원","전세","58.3200","202510","29","7,800","0","4","1997","엄사중앙로 66","202511~202711","신규","-","","","아파트"
"13964","충청남도 서산시 성연면 일람리","1081","1081","0000","서산테크노밸리우미린","월세","59.9050","202510","29","13,000","15","1","2022","성연3로 77","202511~202711","신규","-","","","아파트"
"13965","충청남도 태안군 태안읍 평천리","738","0738","0000","태안평천LH3단지","월세","29.2000","202510","29","924","15","5","2023","동평로 32","202511~202710","갱신","-","897","14","아파트"
"13966","충청남도 서천군 장항읍 신창리","160","0160","0000","스카이","월세","49.8824","202510","29","500","50","6","2020","장항로156번길 9","202511~202711","신규","-","","","아파트"
"13967","충청남도 서산시 성연면 왕정리","725","0725","0000","e편한세상서산테크노밸리","전세","74.5253","202510","29","17,000","0","2","2018","성연4로 46","202601~202801","신규","-","","","아파트"
"13968","충청남도 예산군 예산읍 신례원리","589","0589","0000","아름채","월세","59.9226","202510","29","1,000","40","6","2005","창신로 51-7","202510~202710","신규","-","","","아파트"
"13969","충청남도 논산시 강경읍 산양리","249-2","0249","0002","금강빌리지아파트","월세","39.6000","202510","29","300","35","4","2001","동안로 96","202511~202611","신규","-","","","아파트"
"13970","충청남도 아산시 신창면 남성리","177-2","0177","0002","샘마을","월세","39.2700","202510","29","200","40","13","2001","남성길 85","202510~202610","신규","-","","","아파트"
"13971","충청남도 아산시 신창면 남성리","845","0845","0000","신아산모아엘가비스타1차아파트","월세","75.8692","202510","29","14,810","6","3","2023","남성길 72","202511~202711","신규","-","","","아파트"
"13972","충청남도 아산시 신창면 남성리","845","0845","0000","신아산모아엘가비스타1차아파트","월세","84.9143","202510","29","17,670","7","14","2023","남성길 72","202511~202711","신규","-","","","아파트"
"13973","충청남도 천안시 동남구 문화동","180","0180","0000","천안역필하우스에듀시티(1단지)","전세","59.9940","202510","28","22,000","0","10","2022","성황로 40","202510~202710","신규","-","","","아파트"
"13974","충청남도 홍성군 홍북읍 신경리","945","0945","0000","자경마을중흥에스클래스","전세","59.9921","202510","28","11,990","0","15","2016","자경로 17","-","-","-","","","아파트"
"13975","충청남도 홍성군 홍북읍 신경리","1369","1369","0000","내포신도시 경남아너스빌","전세","59.9800","202510","28","13,000","0","15","2016","청사로 15","202512~202712","신규","-","","","아파트"
"13976","충청남도 홍성군 홍북읍 신경리","945","0945","0000","자경마을중흥에스클래스","전세","73.9850","202510","28","12,690","0","1","2016","자경로 17","202510~202710","신규","-","","","아파트"
"13977","충청남도 홍성군 홍북읍 신경리","1372","1372","0000","한울마을LH2단지1BL","월세","36.9900","202510","28","3,078","18","11","2022","홍학로 124","202511~202710","갱신","-","3,127","18","아파트"
"13978","충청남도 아산시 신창면 남성리","837","0837","0000","아산상아주공","월세","26.8500","202510","28","539","6","5","2008","온천대로 985","202511~202710","신규","-","","","아파트"
"13979","충청남도 아산시 신창면 남성리","476-6","0476","0006","아산한미금강","월세","49.8000","202510","28","300","38","8","1995","서부북로 813","202512~202712","신규","-","","","아파트"
"13980","충청남도 홍성군 홍북읍 신경리","1372","1372","0000","한울마을LH2단지1BL","월세","36.9900","202510","28","4,978","7","7","2022","홍학로 124","202511~202710","갱신","-","3,127","18","아파트"
"13981","충청남도 서산시 성연면 왕정리","712","0712","0000","힐스테이트서산아파트","월세","84.9408","202510","28","2,000","65","3","2017","성연3로 76","202511~202711","신규","-","","","아파트"
"13982","충청남도 계룡시 두마면 두계리","116","0116","0000","계룡E-편한세상","전세","84.7430","202510","28","20,000","0","3","2007","사계로 51","202511~202711","신규","-","","","아파트"
"13983","충청남도 홍성군 홍북읍 신경리","1370","1370","0000","한울마을모아엘가아파트","전세","84.9867","202510","28","15,000","0","12","2016","홍학로 88","-","-","-","","","아파트"
"13984","충청남도 서산시 지곡면 무장리","920","0920","0000","늘푸른오스카빌","월세","84.9824","202510","28","500","60","2","2006","충의로 762-78","202511~202610","갱신","-","1,000","53","아파트"
"13985","충청남도 홍성군 홍북읍 신경리","1369","1369","0000","내포신도시 경남아너스빌","전세","59.9800","202510","28","13,000","0","15","2016","청사로 15","202512~202712","신규","-","","","아파트"
"13986","충청남도 서산시 성연면 일람리","1081","1081","0000","서산테크노밸리우미린","월세","59.5822","202510","28","3,000","58","6","2022","성연3로 77","202511~202711","신규","-","","","아파트"
"13987","충청남도 서산시 지곡면 무장리","920","0920","0000","늘푸른오스카빌","월세","84.9824","202510","28","500","60","12","2006","충의로 762-78","202511~202711","신규","-","","","아파트"
"13988","충청남도 예산군 오가면 신석리","16-15","0016","0015","아이티임포빌청수마을아파트","월세","40.9500","202510","28","300","30","1","1997","신석길 159","202511~202611","신규","-","","","아파트"
"13989","충청남도 예산군 예산읍 예산리","17","0017","0000","애플타운나임아파트","전세","57.3436","202510","28","6,000","0","3","2001","아리랑로144번길 8","202511~202711","갱신","-","5,500","0","아파트"
"13990","충청남도 계룡시 두마면 농소리","969","0969","0000","계룡대실LH4단지","월세","37.7000","202510","28","1,666","21","4","2020","대실남북로 82","202512~202801","신규","-","","","아파트"
"13991","충청남도 계룡시 두마면 농소리","969","0969","0000","계룡대실LH4단지","월세","37.7000","202510","28","1,666","21","2","2020","대실남북로 82","202512~202801","신규","-","","","아파트"
"13992","충청남도 계룡시 두마면 농소리","969","0969","0000","계룡대실LH4단지","월세","37.7000","202510","28","1,666","21","2","2020","대실남북로 82","202512~202801","신규","-","","","아파트"
"13993","충청남도 계룡시 두마면 농소리","969","0969","0000","계룡대실LH4단지","월세","29.9200","202510","28","966","16","16","2020","대실남북로 82","202512~202601","신규","-","","","아파트"
"13994","충청남도 계룡시 두마면 농소리","972","0972","0000","계룡대실 리슈빌","전세","59.9800","202510","28","17,000","0","3","2021","농소로 64","202602~202802","신규","-","","","아파트"
"13995","충청남도 계룡시 두마면 농소리","972","0972","0000","계룡대실 리슈빌","전세","59.9800","202510","28","17,000","0","3","2021","농소로 64","202601~202801","신규","-","","","아파트"
"13996","충청남도 서산시 성연면 일람리","1123","1123","0000","서산골드클래스","월세","74.9586","202510","28","13,865","9","18","2018","성연5로 46","202510~202608","신규","-","","","아파트"
"13997","충청남도 계룡시 엄사면 엄사리","384","0384","0000","비사벌","월세","59.8700","202510","28","1,000","45","5","1995","번영3길 43","202511~202711","신규","-","","","아파트"
"13998","충청남도 천안시 서북구 와촌동","106-17","0106","0017","천안역세권행복주택","월세","21.8200","202510","28","2,358","12","9","2022","천안천4길 32","202511~202712","신규","-","","","아파트"
"13999","충청남도 천안시 서북구 쌍용동","1914","1914","0000","주공9","전세","49.7700","202510","28","8,500","0","5","1998","봉서산샛길 65","-","-","-","","","아파트"
"14000","충청남도 천안시 서북구 쌍용동","1367","1367","0000","월봉청솔1단지","월세","50.1600","202510","28","7,000","30","3","2000","월봉4로 140-9","-","-","-","","","아파트"
"14001","충청남도 천안시 서북구 쌍용동","1920","1920","0000","쌍용마을뜨란채,주공아파트","전세","59.9500","202510","28","13,000","0","14","1999","봉서산샛길 64","202511~202711","신규","-","","","아파트"
"14002","충청남도 천안시 서북구 쌍용동","1914","1914","0000","주공9","전세","49.7700","202510","28","8,500","0","5","1998","봉서산샛길 65","202511~202711","신규","-","","","아파트"
"14003","충청남도 천안시 서북구 쌍용동","1367","1367","0000","월봉청솔1단지","월세","50.1600","202510","28","7,000","30","3","2000","월봉4로 140-9","202511~202711","신규","-","","","아파트"
"14004","충청남도 천안시 서북구 쌍용동","1561","1561","0000","월봉청솔2차","전세","48.4500","202510","28","10,500","0","9","2000","월봉7길 77","202512~202708","갱신","사용","10,500","0","아파트"
"14005","충청남도 천안시 서북구 쌍용동","1367","1367","0000","월봉청솔1단지","전세","50.1600","202510","28","10,500","0","10","2000","월봉4로 140-9","202511~202711","갱신","사용","11,500","0","아파트"
"14006","충청남도 천안시 서북구 입장면 도림리","341-1","0341","0001","한성","월세","39.5120","202510","28","500","33","3","1999","도림길 10","202510~202710","신규","-","","","아파트"
"14007","충청남도 천안시 서북구 입장면 도림리","341-1","0341","0001","한성","월세","39.5120","202510","28","500","33","2","1999","도림길 10","202510~202610","신규","-","","","아파트"
"14008","충청남도 천안시 서북구 와촌동","106-17","0106","0017","천안역세권행복주택","월세","21.8200","202510","28","1,965","10","13","2022","천안천4길 32","202511~202712","신규","-","","","아파트"
"14009","충청남도 천안시 서북구 와촌동","106-17","0106","0017","천안역세권행복주택","월세","26.7000","202510","28","100","23","11","2022","천안천4길 32","202511~202712","신규","-","","","아파트"
"14010","충청남도 천안시 서북구 와촌동","106-17","0106","0017","천안역세권행복주택","월세","21.8200","202510","28","2,227","12","7","2022","천안천4길 32","202511~202712","신규","-","","","아파트"
"14011","충청남도 천안시 동남구 북면 연춘리","123-3","0123","0003","금오","전세","39.6900","202510","28","1,500","0","4","1990","복구정3길 6-5","202511~202710","신규","-","","","아파트"
"14012","충청남도 천안시 서북구 불당동","1498","1498","0000","천안불당 지웰푸르지오","월세","84.9980","202510","28","5,000","160","14","2016","불당24로 38","202602~202802","신규","-","","","아파트"
"14013","충청남도 천안시 서북구 불당동","1503","1503","0000","불당이안","월세","84.9200","202510","28","4,000","140","7","2015","불당23로 13","202601~202801","신규","-","","","아파트"
"14014","충청남도 천안시 서북구 불당동","1811","1811","0000","불당호반베르디움TheFirst","전세","59.8040","202510","28","31,000","0","12","2016","불당19로 200","202601~202801","신규","-","","","아파트"
"14015","충청남도 천안시 서북구 불당동","1498","1498","0000","천안불당 지웰푸르지오","월세","84.9980","202510","28","5,000","160","4","2016","불당24로 38","202602~202802","신규","-","","","아파트"
"14016","충청남도 천안시 서북구 불당동","787","0787","0000","대원칸타빌","전세","84.9020","202510","28","28,300","0","14","2004","불당11로 82","202512~202712","신규","-","","","아파트"
"14017","충청남도 천안시 서북구 불당동","1292","1292","0000","펜타포트(101동102동)","전세","113.7230","202510","28","56,000","0","37","2011","공원로 195","202510~202610","갱신","-","56,000","0","아파트"
"14018","충청남도 천안시 서북구 불당동","757","0757","0000","불당아이파크","전세","84.9500","202510","28","30,000","0","6","2004","불당17길 14","202511~202711","신규","-","","","아파트"
"14019","충청남도 천안시 서북구 성환읍 율금리","773","0773","0000","두진그린힐","월세","59.9800","202510","28","4,000","30","11","2001","율금1길 221-34","202511~202611","신규","-","","","아파트"
"14020","충청남도 천안시 서북구 와촌동","106-17","0106","0017","천안역세권행복주택","월세","21.8200","202510","28","2,227","12","13","2022","천안천4길 32","202511~202712","신규","-","","","아파트"
"14021","충청남도 천안시 서북구 불당동","1544","1544","0000","천안 불당 지웰시티푸르지오 1단지","월세","99.9220","202510","28","20,000","170","14","2017","불당26로 80","202512~202712","신규","-","","","아파트"
"14022","충청남도 천안시 서북구 불당동","1544","1544","0000","천안 불당 지웰시티푸르지오 1단지","월세","99.9220","202510","28","20,000","170","14","2017","불당26로 80","-","-","-","","","아파트"
"14023","충청남도 천안시 서북구 불당동","757","0757","0000","불당아이파크","전세","84.9500","202510","28","30,000","0","6","2004","불당17길 14","202511~202711","신규","-","","","아파트"
"14024","충청남도 천안시 서북구 불당동","1289","1289","0000","펜타포트(103동)","월세","169.2560","202510","28","10,000","250","24","2011","공원로 196","202511~202711","신규","-","","","아파트"
"14025","충청남도 천안시 서북구 와촌동","106-17","0106","0017","천안역세권행복주택","월세","26.7000","202510","28","2,804","15","10","2022","천안천4길 32","202511~202712","신규","-","","","아파트"
"14026","충청남도 천안시 서북구 와촌동","106-17","0106","0017","천안역세권행복주택","월세","21.8200","202510","28","2,358","12","5","2022","천안천4길 32","202511~202712","신규","-","","","아파트"
"14027","충청남도 천안시 서북구 성환읍 매주리","183","0183","0000","성환부영","월세","59.7600","202510","28","1,000","65","8","1998","천안대로 1843","202511~202711","신규","-","","","아파트"
"14028","충청남도 천안시 동남구 풍세면 보성리","772","0772","0000","천안한양수자인에코시티","월세","84.9610","202510","28","500","45","27","2023","풍세산단로 290","202510~202710","신규","-","","","아파트"
"14029","충청남도 천안시 서북구 와촌동","106-17","0106","0017","천안역세권행복주택","월세","21.8200","202510","28","2,358","12","9","2022","천안천4길 32","202511~202712","신규","-","","","아파트"
"14030","충청남도 천안시 서북구 와촌동","106-17","0106","0017","천안역세권행복주택","월세","21.8200","202510","28","2,358","12","6","2022","천안천4길 32","202511~202712","신규","-","","","아파트"
"14031","충청남도 천안시 서북구 와촌동","106-17","0106","0017","천안역세권행복주택","월세","44.9300","202510","28","5,240","28","12","2022","천안천4길 32","202511~202712","신규","-","","","아파트"
"14032","충청남도 천안시 서북구 와촌동","106-17","0106","0017","천안역세권행복주택","월세","21.8200","202510","28","2,358","12","15","2022","천안천4길 32","202511~202712","신규","-","","","아파트"
"14033","충청남도 천안시 서북구 와촌동","106-17","0106","0017","천안역세권행복주택","월세","21.8200","202510","28","2,358","12","10","2022","천안천4길 32","202511~202712","신규","-","","","아파트"
"14034","충청남도 천안시 서북구 와촌동","106-17","0106","0017","천안역세권행복주택","월세","21.8200","202510","28","2,227","12","10","2022","천안천4길 32","202511~202712","신규","-","","","아파트"
"14035","충청남도 천안시 서북구 백석동","1178","1178","0000","백석2차아이파크","전세","84.9868","202510","28","33,000","0","19","2014","한들3로 35-23","202510~202710","신규","-","","","아파트"
"14036","충청남도 천안시 서북구 백석동","1115","1115","0000","천안백석엘에이치천년나무1단지","월세","26.8700","202510","28","2,801","15","10","2017","한들1로 88","202511~202712","신규","-","","","아파트"
"14037","충청남도 천안시 서북구 백석동","1115","1115","0000","천안백석엘에이치천년나무1단지","월세","26.8700","202510","28","2,801","15","10","2017","한들1로 88","202511~202712","신규","-","","","아파트"
"14038","충청남도 천안시 서북구 백석동","1115","1115","0000","천안백석엘에이치천년나무1단지","월세","26.8700","202510","28","2,801","15","13","2017","한들1로 88","202511~202712","신규","-","","","아파트"
"14039","충청남도 천안시 서북구 두정동","1408","1408","0000","세종타워빌","월세","20.5000","202510","28","500","40","3","2014","오성로 141","202511~202611","신규","-","","","아파트"
"14040","충청남도 천안시 서북구 두정동","1466","1466","0000","두정역펜타폴리스","월세","27.2850","202510","28","500","45","5","2013","성정두정로 82","202510~202610","신규","-","","","아파트"
"14041","충청남도 천안시 서북구 두정동","530","0530","0000","대우2차","전세","84.4800","202510","28","15,000","0","13","1998","두정중5길 15","202512~202712","신규","-","","","아파트"
"14042","충청남도 천안시 서북구 두정동","530","0530","0000","대우2차","전세","84.4800","202510","28","15,000","0","13","1998","두정중5길 15","-","-","-","","","아파트"
"14043","충청남도 천안시 서북구 두정동","2068","2068","0000","한화포레나천안두정","전세","84.9305","202510","28","31,000","0","18","2022","천안대로 980-17","202601~202801","신규","-","","","아파트"
"14044","충청남도 천안시 서북구 두정동","1502","1502","0000","천안두정엘에이치2단지","월세","25.7300","202510","28","2,567","13","15","2022","봉정로 339","202511~202712","신규","-","","","아파트"
"14045","충청남도 천안시 서북구 두정동","1502","1502","0000","천안두정엘에이치2단지","월세","25.7300","202510","28","2,567","13","15","2022","봉정로 339","202511~202712","신규","-","","","아파트"
"14046","충청남도 천안시 서북구 두정동","1502","1502","0000","천안두정엘에이치2단지","월세","43.4100","202510","28","4,812","25","4","2022","봉정로 339","202511~202712","신규","-","","","아파트"
"14047","충청남도 천안시 서북구 성성동","827","0827","0000","천안시티자이","전세","84.9474","202510","28","35,000","0","17","2018","성성6로 21","202512~202803","신규","-","","","아파트"
"14048","충청남도 천안시 서북구 성성동","827","0827","0000","천안시티자이","전세","84.9474","202510","28","35,000","0","17","2018","성성6로 21","202512~202803","신규","-","","","아파트"
"14049","충청남도 천안시 서북구 성성동","827","0827","0000","천안시티자이","월세","84.9474","202510","28","5,000","135","34","2018","성성6로 21","202601~202801","신규","-","","","아파트"
"14050","충청남도 천안시 서북구 두정동","1502","1502","0000","천안두정엘에이치2단지","월세","25.7300","202510","28","2,567","13","15","2022","봉정로 339","202511~202712","신규","-","","","아파트"
"14051","충청남도 천안시 서북구 두정동","1502","1502","0000","천안두정엘에이치2단지","월세","25.7300","202510","28","2,567","13","8","2022","봉정로 339","202511~202712","신규","-","","","아파트"
"14052","충청남도 천안시 서북구 두정동","1502","1502","0000","천안두정엘에이치2단지","월세","25.7300","202510","28","2,567","13","10","2022","봉정로 339","202511~202712","신규","-","","","아파트"
"14053","충청남도 천안시 서북구 두정동","1502","1502","0000","천안두정엘에이치2단지","월세","25.7300","202510","28","2,567","13","7","2022","봉정로 339","202511~202712","신규","-","","","아파트"
"14054","충청남도 천안시 서북구 두정동","2078","2078","0000","두정역효성해링턴플레이스","전세","51.8700","202510","28","22,500","0","17","2020","봉정로 324","202512~202712","신규","-","","","아파트"
"14055","충청남도 천안시 서북구 두정동","1864","1864","0000","우성","월세","84.8550","202510","28","3,000","65","7","1996","두정고7길 36","202511~202711","신규","-","","","아파트"
"14056","충청남도 천안시 서북구 성거읍 송남리","585","0585","0000","북천안자이포레스트","전세","43.8479","202510","28","11,000","0","2","2016","성거길 20","202512~202712","신규","-","","","아파트"
"14057","충청남도 천안시 서북구 성거읍 송남리","585","0585","0000","북천안자이포레스트","월세","43.5457","202510","28","1,000","60","3","2016","성거길 20","202511~202711","신규","-","","","아파트"
"14058","충청남도 천안시 서북구 와촌동","106-17","0106","0017","천안역세권행복주택","월세","21.8200","202510","28","2,489","13","4","2022","천안천4길 32","202511~202712","신규","-","","","아파트"
"14059","충청남도 천안시 서북구 와촌동","106-17","0106","0017","천안역세권행복주택","월세","21.8200","202510","28","2,358","12","10","2022","천안천4길 32","202511~202712","신규","-","","","아파트"
"14060","충청남도 천안시 서북구 와촌동","106-17","0106","0017","천안역세권행복주택","월세","21.8200","202510","28","2,358","12","14","2022","천안천4길 32","202511~202712","신규","-","","","아파트"
"14061","충청남도 천안시 동남구 목천읍 신계리","134-3","0134","0003","목천이수프라임","월세","39.6800","202510","28","500","35","5","2000","충절로 892","202511~202710","신규","-","","","아파트"
"14062","충청남도 천안시 동남구 목천읍 신계리","134-3","0134","0003","목천이수프라임","전세","39.6800","202510","28","4,500","0","8","2000","충절로 892","202510~202710","신규","-","","","아파트"
"14063","충청남도 천안시 서북구 와촌동","106-17","0106","0017","천안역세권행복주택","월세","26.7000","202510","28","2,804","15","8","2022","천안천4길 32","202511~202712","신규","-","","","아파트"
"14064","충청남도 천안시 서북구 와촌동","106-17","0106","0017","천안역세권행복주택","월세","21.8200","202510","28","1,965","10","15","2022","천안천4길 32","202511~202712","신규","-","","","아파트"
"14065","충청남도 천안시 서북구 두정동","1502","1502","0000","천안두정엘에이치2단지","월세","43.4100","202510","28","4,812","25","14","2022","봉정로 339","202511~202712","신규","-","","","아파트"
"14066","충청남도 천안시 서북구 두정동","1502","1502","0000","천안두정엘에이치2단지","월세","29.6500","202510","28","2,930","15","15","2022","봉정로 339","202511~202712","신규","-","","","아파트"
"14067","충청남도 천안시 서북구 두정동","1502","1502","0000","천안두정엘에이치2단지","월세","26.8700","202510","28","2,653","14","4","2022","봉정로 339","202511~202712","신규","-","","","아파트"
"14068","충청남도 천안시 서북구 두정동","1502","1502","0000","천안두정엘에이치2단지","월세","29.6500","202510","28","3,093","16","4","2022","봉정로 339","202511~202712","신규","-","","","아파트"
"14069","충청남도 천안시 서북구 와촌동","186","0186","0000","천안역사동아라이크텐","월세","84.9433","202510","28","3,000","95","3","2021","천안천4길 20","202512~202712","신규","-","","","아파트"
"14070","충청남도 천안시 서북구 와촌동","106-17","0106","0017","천안역세권행복주택","월세","21.8200","202510","28","2,358","12","10","2022","천안천4길 32","202511~202512","신규","-","","","아파트"
"14071","충청남도 천안시 서북구 두정동","1502","1502","0000","천안두정엘에이치2단지","월세","25.7300","202510","28","100","20","9","2022","봉정로 339","202511~202712","신규","-","","","아파트"
"14072","충청남도 천안시 서북구 직산읍 상덕리","107","0107","0000","직산산호","월세","49.8000","202510","28","300","30","11","1997","양당율금길 4-30","202510~202610","신규","-","","","아파트"
"14073","충청남도 천안시 서북구 두정동","2078","2078","0000","두정역효성해링턴플레이스","월세","59.8600","202510","28","2,000","110","16","2020","봉정로 324","202511~202711","신규","-","","","아파트"
"14074","충청남도 천안시 서북구 두정동","1502","1502","0000","천안두정엘에이치2단지","월세","25.6300","202510","28","2,567","13","10","2022","봉정로 339","202511~202712","신규","-","","","아파트"
"14075","충청남도 천안시 서북구 두정동","1502","1502","0000","천안두정엘에이치2단지","월세","26.8700","202510","28","2,653","14","14","2022","봉정로 339","202511~202712","신규","-","","","아파트"
"14076","충청남도 천안시 서북구 성정동","1322","1322","0000","프라지움3차","월세","34.9898","202510","28","1,500","40","3","2014","성정두정로 35","202512~202712","신규","-","","","아파트"
"14077","충청남도 천안시 서북구 성정동","1522","1522","0000","학산리젠다빌-2차-B동","월세","21.8100","202510","28","300","35","15","2013","동서대로 129-20","202510~202610","신규","-","","","아파트"
"14078","충청남도 천안시 서북구 성정동","1433","1433","0000","프라지움10차아파트","월세","36.9900","202510","28","500","70","13","2018","성정공원3길 14","202510~202610","신규","-","","","아파트"
"14079","충청남도 천안시 서북구 성정동","1513","1513","0000","서올하우스","전세","31.9000","202510","28","7,425","0","6","2012","성정공원5로 10-6","202511~202711","신규","-","","","아파트"
"14080","충청남도 천안시 서북구 성정동","1319","1319","0000","에프엠25","월세","34.0329","202510","28","500","58","5","2016","성정두정로 43","202511~202611","신규","-","","","아파트"
"14081","충청남도 천안시 서북구 성정동","1347","1347","0000","평화로운나날","월세","19.2875","202510","28","300","35","6","2013","성정공원6길 36","202510~202610","신규","-","","","아파트"
"14082","충청남도 천안시 서북구 성정동","1570","1570","0000","천안역경남아너스빌어반하이츠","월세","84.7399","202510","28","2,000","100","13","2025","축구센터로 100","202511~202711","신규","-","","","아파트"
"14083","충청남도 천안시 서북구 두정동","1502","1502","0000","천안두정엘에이치2단지","월세","25.7300","202510","28","2,567","13","14","2022","봉정로 339","202511~202712","신규","-","","","아파트"
"14084","충청남도 천안시 서북구 두정동","1502","1502","0000","천안두정엘에이치2단지","월세","26.8700","202510","28","2,506","13","4","2022","봉정로 339","202511~202712","신규","-","","","아파트"
"14085","충청남도 천안시 서북구 두정동","1502","1502","0000","천안두정엘에이치2단지","월세","49.4000","202510","28","5,476","29","11","2022","봉정로 339","202511~202712","신규","-","","","아파트"
"14086","충청남도 천안시 서북구 두정동","1502","1502","0000","천안두정엘에이치2단지","월세","29.6500","202510","28","2,930","15","14","2022","봉정로 339","202511~202712","신규","-","","","아파트"
"14087","충청남도 천안시 서북구 두정동","1502","1502","0000","천안두정엘에이치2단지","월세","25.7300","202510","28","2,424","13","11","2022","봉정로 339","202511~202712","신규","-","","","아파트"
"14088","충청남도 천안시 서북구 두정동","1502","1502","0000","천안두정엘에이치2단지","월세","25.7300","202510","28","2,567","13","7","2022","봉정로 339","202511~202712","신규","-","","","아파트"
"14089","충청남도 천안시 서북구 두정동","1502","1502","0000","천안두정엘에이치2단지","월세","43.4100","202510","28","4,812","25","9","2022","봉정로 339","202511~202712","신규","-","","","아파트"
"14090","충청남도 아산시 탕정면 매곡리","1393","1393","0000","한들물빛도시시티프라디움","전세","84.9883","202510","28","37,000","0","17","2021","한들물빛3로 36","202512~202712","신규","-","","","아파트"
"14091","충청남도 아산시 탕정면 매곡리","1387","1387","0000","신영한들물빛도시지웰시티센트럴푸르지오3단지","월세","84.7160","202510","28","3,000","160","35","2022","한들물빛5로 36","202510~202710","갱신","사용","3,000","155","아파트"
"14092","충청남도 아산시 탕정면 매곡리","1393","1393","0000","한들물빛도시시티프라디움","전세","84.9774","202510","28","45,000","0","15","2021","한들물빛3로 36","202601~202801","신규","-","","","아파트"
"14093","충청남도 당진시 우강면 창리","346-12","0346","0012","신천무궁화","월세","99.8100","202510","28","500","70","9","1994","교동2길 24-20","202512~202712","신규","-","","","아파트"
"14094","충청남도 당진시 신평면 거산리","3-14","0003","0014","공간목련","월세","39.6000","202510","28","500","35","11","1998","거산3거리길 88","202510~202610","신규","-","","","아파트"
"14095","충청남도 아산시 음봉면 산동리","427-1","0427","0001","삼일원앙","전세","59.5200","202510","28","9,000","0","12","1997","음봉로 847","202512~202712","신규","-","","","아파트"
"14096","충청남도 아산시 음봉면 산동리","427-1","0427","0001","삼일원앙","전세","59.5200","202510","28","9,000","0","12","1997","음봉로 847","202512~202712","신규","-","","","아파트"
"14097","충청남도 아산시 배방읍 세교리","1522","1522","0000","엘리프아산탕정","월세","84.9700","202510","28","3,000","120","8","2025","동방로 220","202601~202703","신규","-","","","아파트"
"14098","충청남도 아산시 배방읍 세교리","1522","1522","0000","엘리프아산탕정","전세","84.9700","202510","28","33,000","0","15","2025","동방로 220","202601~202801","신규","-","","","아파트"
"14099","충청남도 아산시 배방읍 공수리","282","0282","0000","배방삼정그린코아","월세","38.4900","202510","28","500","45","11","2012","모산로126번길 17-7","202511~202710","신규","-","","","아파트"
"14100","충청남도 아산시 신창면 읍내리","579-9","0579","0009","경희학성","월세","39.8500","202510","28","100","40","12","1996","순천향로 49","202510~202610","신규","-","","","아파트"
"14101","충청남도 당진시 송악읍 기지시리","510","0510","0000","힐스테이트당진","월세","72.9256","202510","28","2,000","70","12","2016","틀모시로 738","202512~202712","신규","-","","","아파트"
"14102","충청남도 아산시 음봉면 동암리","714","0714","0000","아산더샵레이크시티3차","전세","84.9900","202510","28","19,000","0","19","2015","음봉로 515-37","202511~202711","갱신","-","17,000","0","아파트"
"14103","충청남도 당진시 송산면 유곡리","861","0861","0000","당진엠코타운","전세","84.9772","202510","28","11,000","0","6","2013","유곡로 20","202512~202712","신규","-","","","아파트"
"14104","충청남도 천안시 동남구 청당동","604","0604","0000","산운마을","월세","39.6300","202510","28","2,004","12","6","2009","청수8로 71","202511~202710","신규","-","","","아파트"
"14105","충청남도 천안시 동남구 청당동","466","0466","0000","청수 포레나(FORENA)","전세","86.6788","202510","28","27,000","0","17","2015","청수14로 13","202511~202711","신규","-","","","아파트"
"14106","충청남도 천안시 동남구 청당동","456","0456","0000","우미린","전세","151.3664","202510","28","39,000","0","3","2010","청수14로 16","202512~202712","신규","-","","","아파트"
"14107","충청남도 아산시 음봉면 덕지리","21-3","0021","0003","초원그린타운","월세","39.2700","202510","28","300","40","1","1997","음봉로681번길 24","202511~202604","신규","-","","","아파트"
"14108","충청남도 천안시 동남구 청당동","1012","1012","0000","천안롯데캐슬더청당","월세","59.9948","202510","28","2,000","100","24","2025","청당4로 20","202511~202711","신규","-","","","아파트"
"14109","충청남도 아산시 탕정면 갈산리","898","0898","0000","호반써밋그랜드마크Ⅲ(3차)","월세","84.6249","202510","28","3,000","140","24","2023","갈산교로 223","202601~202801","신규","-","","","아파트"
"14110","충청남도 아산시 탕정면 갈산리","883","0883","0000","호반써밋그랜드마크Ⅰ(1차)","월세","84.6249","202510","28","3,000","130","5","2023","갈산샛들로 57","202511~202711","신규","-","","","아파트"
"14111","충청남도 천안시 동남구 청수동","183","0183","0000","극동2차","전세","127.2200","202510","28","17,000","0","3","1992","청수로 71-7","202512~202712","신규","-","","","아파트"
"14112","충청남도 아산시 배방읍 세교리","1522","1522","0000","엘리프아산탕정","전세","84.9700","202510","28","33,000","0","15","2025","동방로 220","202601~202801","신규","-","","","아파트"
"14113","충청남도 아산시 탕정면 용두리","722","0722","0000","월드메르디앙웰리지(A동)","월세","22.8247","202510","28","200","60","4","2023","용머리길 41","202511~202610","신규","-","","","아파트"
"14114","충청남도 천안시 동남구 봉명동","494","0494","0000","봉명청솔(3차)","월세","56.3400","202510","28","1,000","60","9","2001","봉서8길 13","202511~202804","신규","-","","","아파트"
"14115","충청남도 천안시 동남구 봉명동","494","0494","0000","봉명청솔(3차)","월세","56.3400","202510","28","4,000","35","6","2001","봉서8길 13","202511~202711","신규","-","","","아파트"
"14116","충청남도 아산시 탕정면 갈산리","892","0892","0000","호반써밋그랜드마크V(5차)","전세","84.6249","202510","28","35,000","0","3","2023","갈산교로 250","202512~202712","신규","-","","","아파트"
"14117","충청남도 아산시 배방읍 장재리","1348","1348","0000","아산배방행복주택","월세","36.1400","202510","28","5,311","8","16","2018","공원로 69","202512~202711","갱신","-","3,409","18","아파트"
"14118","충청남도 아산시 배방읍 장재리","1348","1348","0000","아산배방행복주택","월세","36.1400","202510","28","5,311","8","18","2018","공원로 69","202512~202711","갱신","-","3,409","18","아파트"
"14119","충청남도 아산시 탕정면 매곡리","1386","1386","0000","신영한들물빛도시지웰시티센트럴푸르지오2단지","전세","84.7160","202510","28","45,000","0","11","2022","한들물빛도시로 70","202601~202702","신규","-","","","아파트"
"14120","충청남도 당진시 읍내동","1451","1451","0000","당진1차푸르지오","전세","102.6794","202510","28","23,500","0","4","2011","북문로 15","-","-","-","","","아파트"
"14121","충청남도 천안시 동남구 다가동","582","0582","0000","천안극동스타클래스더퍼스트","전세","59.9912","202510","28","18,000","0","19","2025","풍세로 933","202512~202711","신규","-","","","아파트"
"14122","충청남도 천안시 동남구 다가동","440-10","0440","0010","신성","월세","75.5600","202510","28","1,500","50","6","1990","다가말2길 34-5","202511~202711","신규","-","","","아파트"
"14123","충청남도 당진시 시곡동","136-1","0136","0001","우민늘사랑","전세","59.9400","202510","28","6,150","0","5","2007","서해로 6216","202512~202712","신규","-","","","아파트"
"14124","충청남도 서산시 석림동","590-1","0590","0001","석림한성필하우스","전세","75.5336","202510","28","15,000","0","1","2007","동서2로 15","202511~202711","갱신","-","15,000","0","아파트"
"14125","충청남도 서산시 석림동","463-1","0463","0001","석림주공3단지","월세","37.6700","202510","28","1,282","17","10","1995","석림4로 83","202510~202711","신규","-","","","아파트"
"14126","충청남도 당진시 대덕동","1808","1808","0000","한성필하우스","전세","84.9504","202510","28","7,500","0","12","2016","남부로 200","202511~202711","신규","-","","","아파트"
"14127","충청남도 천안시 동남구 다가동","582","0582","0000","천안극동스타클래스더퍼스트","전세","59.9912","202510","28","18,000","0","19","2025","풍세로 933","202512~202712","신규","-","","","아파트"
"14128","충청남도 아산시 풍기동","440","0440","0000","동일하이빌(아)","전세","84.9851","202510","28","19,500","0","4","2008","남부로 353","202512~202712","신규","-","","","아파트"
"14129","충청남도 당진시 수청동","1852","1852","0000","당진센트레빌르네블루2차","월세","84.9699","202510","28","4,000","110","27","2024","수청중앙로 86","202512~202712","신규","-","","","아파트"
"14130","충청남도 서산시 예천동","1334","1334","0000","e편한세상서산예천","월세","59.9848","202510","28","2,000","100","2","2017","동서1로 230","202511~202611","신규","-","","","아파트"
"14131","충청남도 아산시 온천동","3149","3149","0000","아산온천삼일파라뷰시그니처","전세","59.8123","202510","28","20,500","0","22","2024","문화공원로 42","202601~203003","신규","-","","","아파트"
"14132","충청남도 아산시 모종동","576-1","0576","0001","한라동백","월세","84.9300","202510","28","1,000","70","7","1998","삼동로 34","-","-","-","","","아파트"
"14133","충청남도 천안시 동남구 신방동","920","0920","0000","초원그린타운","월세","39.2700","202510","28","500","30","14","1998","신촌4로 16","202511~202711","신규","-","","","아파트"
"14134","충청남도 천안시 동남구 신방동","2191","2191","0000","신방삼부르네상스","월세","59.9977","202510","28","1,000","85","19","2023","풍세로 678-22","202511~202711","신규","-","","","아파트"
"14135","충청남도 천안시 동남구 신방동","902","0902","0000","삼일원앙","전세","28.1200","202510","28","4,000","0","7","1997","신촌로 7","202511~202711","갱신","-","4,000","0","아파트"
"14136","충청남도 공주시 웅진동","242-2","0242","0002","배원청실","월세","59.2600","202510","28","1,000","50","1","1993","백제문화로 2151","202512~202711","신규","-","","","아파트"
"14137","충청남도 공주시 신관동","668","0668","0000","현대힐스테이트5차","전세","143.5450","202510","27","25,000","0","3","2006","신금2길 17","202511~202711","갱신","-","20,000","0","아파트"
"14138","충청남도 논산시 대교동","336","0336","0000","논산코아루","전세","81.8980","202510","27","15,000","0","4","2015","대화로133번길 13","202510~202710","갱신","-","15,000","0","아파트"
"14139","충청남도 논산시 반월동","173-3","0173","0003","한청리츠빌","월세","59.7030","202510","27","1,000","50","4","2002","해월로 137","202512~202712","신규","-","","","아파트"
"14140","충청남도 논산시 반월동","173-3","0173","0003","한청리츠빌","월세","59.7030","202510","27","1,000","50","4","2002","해월로 137","202512~202710","신규","-","","","아파트"
"14141","충청남도 논산시 화지동","16","0016","0000","조흥","전세","84.8390","202510","27","15,000","0","17","2002","해월로259번길 14","202511~202811","신규","-","","","아파트"
"14142","충청남도 아산시 용화동","1661","1661","0000","아산줌파크","월세","84.7600","202510","27","2,000","90","7","2023","시민로 135","202512~202612","신규","-","","","아파트"
"14143","충청남도 보령시 죽정동","745","0745","0000","유성2차APT","월세","59.3600","202510","27","500","40","1","1993","봉황로 103","202511~202611","신규","-","","","아파트"
"14144","충청남도 보령시 죽정동","666-6","0666","0006","현대","월세","84.3000","202510","27","1,000","75","5","1992","현대로 26","202512~202712","신규","-","","","아파트"
"14145","충청남도 아산시 용화동","1661","1661","0000","아산줌파크","월세","84.7600","202510","27","10,000","40","4","2023","시민로 135","202602~202802","갱신","-","10,000","40","아파트"
"14146","충청남도 천안시 동남구 신방동","920","0920","0000","초원그린타운","월세","39.2700","202510","27","500","45","2","1998","신촌4로 16","202511~202711","신규","-","","","아파트"
"14147","충청남도 천안시 동남구 신방동","2191","2191","0000","신방삼부르네상스","월세","59.9977","202510","27","2,000","75","16","2023","풍세로 678-22","202602~202802","신규","-","","","아파트"
"14148","충청남도 천안시 동남구 신방동","920","0920","0000","초원그린타운","월세","39.2700","202510","27","500","45","12","1998","신촌4로 16","202511~202711","신규","-","","","아파트"
"14149","충청남도 천안시 동남구 신방동","897","0897","0000","두레현대2","월세","59.9950","202510","27","1,000","65","9","1997","서부대로 252","202511~202711","신규","-","","","아파트"
"14150","충청남도 천안시 동남구 신방동","2191","2191","0000","신방삼부르네상스","전세","59.9977","202510","27","16,800","0","10","2023","풍세로 678-22","202511~202711","갱신","사용","16,000","0","아파트"
"14151","충청남도 논산시 내동","969","0969","0000","놀뫼타운","전세","54.7800","202510","27","9,000","0","4","1994","체육로 30","202512~202712","신규","-","","","아파트"
"14152","충청남도 당진시 대덕동","1883","1883","0000","당진대덕수청시티프라디움2차","전세","84.9960","202510","27","17,300","0","3","2021","대덕1로 50","202512~202712","신규","-","","","아파트"
"14153","충청남도 당진시 대덕동","1883","1883","0000","당진대덕수청시티프라디움2차","전세","84.9973","202510","27","18,700","0","18","2021","대덕1로 50","202512~202712","신규","-","","","아파트"
"14154","충청남도 아산시 권곡동","627","0627","0000","아산한신더휴","월세","84.9700","202510","27","2,000","100","19","2025","문화로 257-45","202511~202610","신규","-","","","아파트"
"14155","충청남도 아산시 권곡동","627","0627","0000","아산한신더휴","월세","99.9600","202510","27","2,000","110","13","2025","문화로 257-45","202511~202711","신규","-","","","아파트"
"14156","충청남도 아산시 권곡동","627","0627","0000","아산한신더휴","월세","84.9700","202510","27","0","120","12","2025","문화로 257-45","202511~202611","신규","-","","","아파트"
"14157","충청남도 아산시 권곡동","96-1","0096","0001","서해그랑블2차","월세","84.4973","202510","27","300","80","3","2009","문화로 257-24","202512~202604","신규","-","","","아파트"
"14158","충청남도 당진시 시곡동","136-1","0136","0001","우민늘사랑","전세","59.9400","202510","27","6,000","0","13","2007","서해로 6216","202511~202711","신규","-","","","아파트"
"14159","충청남도 아산시 장존동","305","0305","0000","청솔","전세","59.9880","202510","27","8,500","0","7","2004","외암로 1247","202601~202801","신규","-","","","아파트"
"14160","충청남도 당진시 대덕동","1875","1875","0000","대덕마을5단지","월세","46.4600","202510","27","4,399","10","15","2013","대덕1로 120","202601~202712","갱신","-","5,333","17","아파트"
"14161","충청남도 당진시 대덕동","1883","1883","0000","당진대덕수청시티프라디움2차","전세","84.9973","202510","27","18,700","0","18","2021","대덕1로 50","202512~202712","신규","-","","","아파트"
"14162","충청남도 아산시 온천동","1928","1928","0000","아산반도유보라","월세","59.9885","202510","27","8,000","40","1","2016","아산로 116-21","-","-","-","","","아파트"
"14163","충청남도 아산시 온천동","1928","1928","0000","아산반도유보라","월세","59.9885","202510","27","8,000","40","1","2016","아산로 116-21","202511~202711","신규","-","","","아파트"
"14164","충청남도 당진시 대덕동","1883","1883","0000","당진대덕수청시티프라디움2차","전세","84.9960","202510","27","17,300","0","3","2021","대덕1로 50","202512~202712","신규","-","","","아파트"
"14165","충청남도 보령시 동대동","414","0414","0000","동대주공1","월세","39.3000","202510","27","2,000","10","4","1990","주공로 33","202511~202711","신규","-","","","아파트"
"14166","충청남도 당진시 수청동","2199","2199","0000","하이앤","월세","84.9641","202510","27","26,000","4","26","2024","수청3로 49","-","-","-","","","아파트"
"14167","충청남도 당진시 수청동","2199","2199","0000","하이앤","월세","84.9304","202510","27","27,214","4","17","2024","수청3로 49","-","-","-","","","아파트"
"14168","충청남도 당진시 채운동","1156","1156","0000","충남꿈비채(당진채운)","월세","59.3522","202510","27","5,000","19","2","2023","서부로 139","202511~202712","신규","-","","","아파트"
"14169","충청남도 천안시 동남구 신부동","451-8","0451","0008","스카이타워","월세","21.7700","202510","27","500","50","15","2014","먹거리11길 5","202511~202610","신규","-","","","아파트"
"14170","충청남도 아산시 모종동","847","0847","0000","모종금호어울림아이퍼스트","월세","84.9715","202510","27","1,000","60","18","2022","삼동로16번길 52","202510~202710","신규","-","","","아파트"
"14171","충청남도 서산시 예천동","524-5","0524","0005","현대(예천)","월세","84.7440","202510","27","13,500","10","11","1999","충의로 39","-","-","-","","","아파트"
"14172","충청남도 서산시 예천동","524-5","0524","0005","현대(예천)","월세","84.7440","202510","27","13,500","10","11","1999","충의로 39","202512~202712","신규","-","","","아파트"
"14173","충청남도 공주시 신관동","24-64","0024","0064","주공3","월세","47.0100","202510","27","1,000","50","1","1990","신금1길 30-3","202510~202710","신규","-","","","아파트"
"14174","충청남도 공주시 신관동","180-5","0180","0005","다숲1단지","전세","71.2900","202510","27","14,000","0","10","2006","공주대학로 49-5","202510~202701","갱신","-","14,000","0","아파트"
"14175","충청남도 천안시 서북구 입장면 도림리","341-1","0341","0001","한성","월세","39.5120","202510","27","500","40","4","1999","도림길 10","202510~202710","신규","-","","","아파트"
"14176","충청남도 천안시 서북구 성정동","1435","1435","0000","프라지움11차아파트","월세","37.5191","202510","27","1,000","62","5","2019","동서대로 165","202510~202610","신규","-","","","아파트"
"14177","충청남도 천안시 서북구 성정동","892","0892","0000","건일(892)","월세","59.7800","202510","27","1,000","50","2","1995","도원1길 22","202511~202711","신규","-","","","아파트"
"14178","충청남도 천안시 서북구 성정동","1319","1319","0000","에프엠25","월세","33.4949","202510","27","300","57","10","2016","성정두정로 43","202511~202611","신규","-","","","아파트"
"14179","충청남도 천안시 서북구 쌍용동","567","0567","0000","시영2차근로복지","전세","49.6700","202510","27","9,090","0","4","1994","쌍용18길 69","202511~202711","신규","-","","","아파트"
"14180","충청남도 천안시 서북구 와촌동","186","0186","0000","천안역사동아라이크텐","전세","65.4418","202510","27","23,000","0","31","2021","천안천4길 20","202512~202712","신규","-","","","아파트"
"14181","충청남도 천안시 서북구 와촌동","186","0186","0000","천안역사동아라이크텐","전세","65.4418","202510","27","23,000","0","31","2021","천안천4길 20","202512~202712","신규","-","","","아파트"
"14182","충청남도 천안시 서북구 백석동","924","0924","0000","백석벽산블루밍2차","월세","84.8860","202510","27","2,000","80","6","2006","번영로 278-11","202511~202711","신규","-","","","아파트"
"14183","충청남도 천안시 서북구 불당동","1846","1846","0000","불당호반써밋플레이스센터시티","전세","84.9737","202510","27","38,000","0","19","2017","불당25로 8","202512~202712","갱신","-","35,000","0","아파트"
"14184","충청남도 천안시 서북구 불당동","1463","1463","0000","천안불당엘에이치1단지","월세","16.5200","202510","27","2,225","10","9","2019","불당24로 9","202512~202711","갱신","-","1,966","10","아파트"
"14185","충청남도 천안시 서북구 성거읍 오목리","58","0058","0000","금정샛별","월세","36.5400","202510","27","500","35","2","2000","망향로 811","202510~202610","신규","-","","","아파트"
"14186","충청남도 천안시 서북구 불당동","1613","1613","0000","천안불당호반써밋플레이스","전세","84.7392","202510","27","49,000","0","13","2017","불당21로 40","202511~202711","갱신","-","49,000","0","아파트"
"14187","충청남도 천안시 서북구 성정동","1570","1570","0000","천안역경남아너스빌어반하이츠","월세","84.8722","202510","27","3,000","100","18","2025","축구센터로 100","202511~202711","신규","-","","","아파트"
"14188","충청남도 천안시 서북구 성정동","1474","1474","0000","해피드림2차","월세","43.1100","202510","27","1,000","60","4","2014","성정두정로 21","202511~202611","신규","-","","","아파트"
"14189","충청남도 천안시 서북구 성정동","1439","1439","0000","라임스톤","월세","18.9435","202510","27","300","35","9","2014","성정공원3길 6","202510~202610","신규","-","","","아파트"
"14190","충청남도 천안시 서북구 직산읍 모시리","206-13","0206","0013","우성8차","월세","49.7100","202510","27","300","35","6","1995","자은가리1길 68","202510~202710","신규","-","","","아파트"
"14191","충청남도 천안시 서북구 성정동","1570","1570","0000","천안역경남아너스빌어반하이츠","월세","84.8722","202510","27","3,000","100","18","2025","축구센터로 100","202511~202711","신규","-","","","아파트"
"14192","충청남도 천안시 서북구 성정동","643","0643","0000","대우목화1","월세","53.1450","202510","27","500","40","1","1986","서부16길 49","202511~202711","신규","-","","","아파트"
"14193","충청남도 천안시 서북구 성정동","643","0643","0000","대우목화1","월세","60.0300","202510","27","1,000","50","3","1986","서부16길 49","202511~202711","신규","-","","","아파트"
"14194","충청남도 천안시 서북구 두정동","401-1","0401","0001","e편한세상두정4차","월세","62.6313","202510","27","3,000","50","4","2018","두정공원2길 50","202511~202711","신규","-","","","아파트"
"14195","충청남도 천안시 서북구 두정동","526-1","0526","0001","극동늘푸른","월세","59.9100","202510","27","1,000","75","8","1996","늘푸른6길 42","202511~202711","신규","-","","","아파트"
"14196","충청남도 천안시 서북구 두정동","526-1","0526","0001","극동늘푸른","전세","59.9100","202510","27","15,200","0","7","1996","늘푸른6길 41","202510~202710","갱신","-","15,200","0","아파트"
"14197","충청남도 천안시 서북구 두정동","401-1","0401","0001","e편한세상두정4차","전세","62.6313","202510","27","19,000","0","4","2018","두정공원2길 50","202511~202711","신규","-","","","아파트"
"14198","충청남도 천안시 서북구 두정동","606","0606","0000","부경파크빌","전세","84.9605","202510","27","17,000","0","3","2003","늘푸른1길 19","202510~202710","갱신","-","17,000","0","아파트"
"14199","충청남도 천안시 서북구 입장면 도림리","341-1","0341","0001","한성","전세","59.7640","202510","27","5,500","0","4","1999","도림길 10","202512~202712","신규","-","","","아파트"
"14200","충청남도 천안시 동남구 목천읍 삼성리","9-12","0009","0012","원앙마을부영1차","월세","59.7600","202510","27","1,000","50","8","1999","삼성5길 42","202511~202711","신규","-","","","아파트"
"14201","충청남도 천안시 서북구 성성동","696","0696","0000","천안레이크타운푸르지오","전세","84.9100","202510","27","34,000","0","33","2017","성성6로 111","202601~202801","신규","-","","","아파트"
"14202","충청남도 천안시 서북구 쌍용동","1561","1561","0000","월봉청솔2차","월세","48.4500","202510","27","500","49","7","2000","월봉7길 77","202511~202711","갱신","-","500","47","아파트"
"14203","충청남도 천안시 서북구 쌍용동","1920","1920","0000","쌍용마을뜨란채,주공아파트","전세","59.9500","202510","27","13,400","0","9","1999","봉서산샛길 64","202510~202710","갱신","사용","14,000","0","아파트"
"14204","충청남도 천안시 서북구 쌍용동","1561","1561","0000","월봉청솔2차","월세","48.4500","202510","27","500","60","7","2000","월봉7길 77","202510~202610","갱신","-","500","60","아파트"
"14205","충청남도 천안시 서북구 쌍용동","1914","1914","0000","주공9","월세","49.7700","202510","27","1,000","55","13","1998","봉서산샛길 65","202511~202711","신규","-","","","아파트"
"14206","충청남도 천안시 서북구 차암동","550","0550","0000","천안스마일시티효성해링턴플레이스","전세","84.9804","202510","27","21,000","0","14","2016","스마일시티2로 1","202601~202801","갱신","사용","20,000","0","아파트"
"14207","충청남도 천안시 서북구 쌍용동","2100","2100","0000","파크밸리동일하이빌","전세","243.1220","202510","27","75,000","0","14","2011","봉서산1길 35","202603~202803","신규","-","","","아파트"
"14208","충청남도 천안시 서북구 쌍용동","1538","1538","0000","월봉벽산","월세","85.0000","202510","27","2,000","80","1","1998","월봉4로 140-14","202601~202801","신규","-","","","아파트"
"14209","충청남도 천안시 서북구 직산읍 모시리","242-5","0242","0005","대림","전세","39.9500","202510","27","4,800","0","10","1998","2공단5로 169","202510~202512","신규","-","","","아파트"
"14210","충청남도 천안시 서북구 직산읍 삼은리","70","0070","0000","직산한도","월세","63.2250","202510","27","500","50","3","1993","직산로 24","202512~202712","신규","-","","","아파트"
"14211","충청남도 계룡시 엄사면 엄사리","226-4","0226","0004","삼진","월세","37.5900","202510","27","500","35","9","1997","번영3길 73-12","202510~202610","신규","-","","","아파트"
"14212","충청남도 홍성군 홍북읍 신경리","945","0945","0000","자경마을중흥에스클래스","전세","59.9921","202510","27","11,990","0","7","2016","자경로 17","202510~202710","신규","-","","","아파트"
"14213","충청남도 홍성군 홍북읍 신경리","1372","1372","0000","한울마을LH2단지1BL","월세","21.8400","202510","27","2,640","6","8","2022","홍학로 124","202511~202710","갱신","-","1,863","11","아파트"
"14214","충청남도 홍성군 홍북읍 신경리","1372","1372","0000","한울마을LH2단지1BL","월세","21.8400","202510","27","2,640","6","13","2022","홍학로 124","202511~202710","갱신","-","1,863","11","아파트"
"14215","충청남도 홍성군 홍북읍 신경리","1372","1372","0000","한울마을LH2단지1BL","월세","21.8400","202510","27","2,040","10","8","2022","홍학로 124","202511~202710","갱신","-","1,863","11","아파트"
"14216","충청남도 홍성군 홍북읍 신경리","1372","1372","0000","한울마을LH2단지1BL","월세","36.9200","202510","27","4,974","7","5","2022","홍학로 124","202511~202710","갱신","-","3,166","19","아파트"
"14217","충청남도 서천군 서천읍 사곡리","387","0387","0000","휴먼시아","월세","46.7300","202510","27","1,956","16","11","2010","사곡로 17","202512~202801","신규","-","","","아파트"
"14218","충청남도 서천군 서천읍 사곡리","387","0387","0000","휴먼시아","월세","39.5700","202510","27","1,618","13","9","2010","사곡로 17","202512~202801","신규","-","","","아파트"
"14219","충청남도 홍성군 홍북읍 신경리","1372","1372","0000","한울마을LH2단지1BL","월세","36.9900","202510","27","4,978","7","29","2022","홍학로 124","202511~202710","갱신","-","3,127","18","아파트"
"14220","충청남도 홍성군 홍북읍 신경리","1372","1372","0000","한울마을LH2단지1BL","월세","36.9600","202510","27","4,978","7","16","2022","홍학로 124","202511~202710","갱신","-","3,127","18","아파트"
"14221","충청남도 계룡시 엄사면 엄사리","226-4","0226","0004","삼진","월세","37.5900","202510","27","500","38","12","1997","번영3길 73-12","202510~202610","신규","-","","","아파트"
"14222","충청남도 서천군 장항읍 원수리","907","0907","0000","휴먼시아","월세","39.6300","202510","27","1,403","12","14","2010","장항로 285","202512~202801","신규","-","","","아파트"
"14223","충청남도 서천군 장항읍 원수리","907","0907","0000","휴먼시아","월세","46.9000","202510","27","1,736","15","9","2010","장항로 285","202512~202801","신규","-","","","아파트"
"14224","충청남도 계룡시 두마면 농소리","969","0969","0000","계룡대실LH4단지","월세","29.9200","202510","27","966","16","3","2020","대실남북로 82","202512~202801","신규","-","","","아파트"
"14225","충청남도 계룡시 엄사면 엄사리","226-4","0226","0004","삼진","월세","29.1300","202510","27","200","29","9","1997","번영3길 73-12","202511~202611","신규","-","","","아파트"
"14226","충청남도 홍성군 홍북읍 신경리","1372","1372","0000","한울마을LH2단지1BL","월세","36.9900","202510","27","4,978","7","8","2022","홍학로 124","202511~202710","갱신","-","3,127","18","아파트"
"14227","충청남도 계룡시 두마면 농소리","972","0972","0000","계룡대실 리슈빌","전세","59.8100","202510","27","19,000","0","7","2021","농소로 64","202512~202712","신규","-","","","아파트"
"14228","충청남도 서산시 성연면 일람리","1081","1081","0000","서산테크노밸리우미린","월세","59.9050","202510","27","3,000","58","3","2022","성연3로 77","202512~202712","갱신","-","3,000","57","아파트"
"14229","충청남도 계룡시 두마면 농소리","972","0972","0000","계룡대실 리슈빌","월세","59.8100","202510","27","2,500","80","2","2021","농소로 64","202511~202711","신규","-","","","아파트"
"14230","충청남도 아산시 신창면 남성리","852","0852","0000","아산삼부르네상스더힐","월세","74.9517","202510","27","3,000","70","16","2024","천우물로 22","202511~202711","신규","-","","","아파트"
"14231","충청남도 서산시 성연면 일람리","1128","1128","0000","서산테크노밸리고운하이츠","월세","67.1741","202510","27","1,000","65","9","2015","성연3로 11","202511~202611","신규","-","","","아파트"
"14232","충청남도 홍성군 홍북읍 신경리","1176","1176","0000","신리마을상록아파트","전세","59.9200","202510","27","8,939","0","3","2016","홍학로 25","202603~202802","갱신","-","10,448","0","아파트"
"14233","충청남도 홍성군 홍북읍 신경리","928","0928","0000","극동스타클래스센트럴","월세","76.8780","202510","27","1,000","70","14","2014","신대로 33","202511~202711","신규","-","","","아파트"
"14234","충청남도 홍성군 홍북읍 신경리","1372","1372","0000","한울마을LH2단지1BL","월세","36.9900","202510","27","4,978","7","2","2022","홍학로 124","202511~202710","갱신","-","3,127","18","아파트"
"14235","충청남도 논산시 강경읍 산양리","249-2","0249","0002","금강빌리지아파트","월세","39.6000","202510","27","300","35","15","2001","동안로 96","202511~202711","신규","-","","","아파트"
"14236","충청남도 계룡시 엄사면 엄사리","282","0282","0000","성원","전세","58.3200","202510","27","7,500","0","4","1997","엄사중앙로 66","202512~202712","신규","-","","","아파트"
"14237","충청남도 서산시 성연면 일람리","1081","1081","0000","서산테크노밸리우미린","월세","59.5822","202510","27","8,000","37","12","2022","성연3로 77","202512~202712","갱신","-","8,000","36","아파트"
"14238","충청남도 서천군 장항읍 원수리","907","0907","0000","휴먼시아","월세","51.9300","202510","27","2,209","18","8","2010","장항로 285","202512~202801","신규","-","","","아파트"
"14239","충청남도 계룡시 두마면 두계리","116","0116","0000","계룡E-편한세상","전세","134.7300","202510","27","29,000","0","6","2007","사계로 51","202601~202801","신규","-","","","아파트"
"14240","충청남도 계룡시 엄사면 엄사리","384","0384","0000","비사벌","전세","59.9200","202510","27","9,000","0","15","1995","번영3길 43","202511~202611","신규","-","","","아파트"
"14241","충청남도 홍성군 홍북읍 신경리","1169","1169","0000","효성해링턴플레이스","전세","84.7880","202510","27","18,000","0","7","2014","신대로 54","202602~202802","신규","-","","","아파트"
"14242","충청남도 홍성군 홍북읍 신경리","945","0945","0000","자경마을중흥에스클래스","전세","73.9850","202510","27","13,990","0","5","2016","자경로 17","202510~202710","신규","-","","","아파트"
"14243","충청남도 계룡시 엄사면 엄사리","226-4","0226","0004","삼진","월세","37.5900","202510","27","500","33","4","1997","번영3길 73-12","202511~202711","신규","-","","","아파트"
"14244","충청남도 홍성군 홍성읍 남장리","515","0515","0000","주공아파트1차","전세","46.2000","202510","27","6,740","0","15","2001","문화로72번길 92","-","-","-","","","아파트"
"14245","충청남도 홍성군 홍북읍 신경리","1372","1372","0000","한울마을LH2단지1BL","월세","44.9000","202510","27","860","35","15","2022","홍학로 124","202511~202710","갱신","-","4,196","25","아파트"
"14246","충청남도 홍성군 홍북읍 신경리","947-2","0947","0002","내포신도시모아미래도메가시티1차","월세","84.9913","202510","27","2,000","75","12","2024","신대로 135","202511~202711","신규","-","","","아파트"
"14247","충청남도 당진시 송악읍 반촌리","987","0987","0000","당진롯데캐슬","전세","84.2729","202510","27","17,500","0","9","2012","반촌로 108","202512~202712","신규","-","","","아파트"
"14248","충청남도 당진시 송악읍 기지시리","510","0510","0000","힐스테이트당진","전세","84.9865","202510","27","21,000","0","18","2016","틀모시로 738","202512~202712","신규","-","","","아파트"
"14249","충청남도 당진시 송악읍 기지시리","510","0510","0000","힐스테이트당진","월세","72.9256","202510","27","1,000","80","1","2016","틀모시로 738","202512~202712","신규","-","","","아파트"
"14250","충청남도 당진시 송악읍 기지시리","510","0510","0000","힐스테이트당진","전세","84.9865","202510","27","19,000","0","3","2016","틀모시로 738","202511~202711","신규","-","","","아파트"
"14251","충청남도 아산시 음봉면 산동리","427-1","0427","0001","삼일원앙","월세","59.5200","202510","27","500","55","11","1997","음봉로 847","202510~202710","신규","-","","","아파트"
"14252","충청남도 아산시 음봉면 산동리","427-1","0427","0001","삼일원앙","월세","59.5200","202510","27","0","60","14","1997","음봉로 847","202511~202611","신규","-","","","아파트"
"14253","충청남도 아산시 음봉면 동암리","714","0714","0000","아산더샵레이크시티3차","월세","84.9900","202510","27","1,000","100","17","2015","음봉로 515-37","202511~202611","신규","-","","","아파트"
"14254","충청남도 아산시 탕정면 갈산리","898","0898","0000","호반써밋그랜드마크Ⅲ(3차)","전세","84.9060","202510","27","32,000","0","1","2023","갈산교로 223","202601~202701","신규","-","","","아파트"
"14255","충청남도 아산시 탕정면 갈산리","898","0898","0000","호반써밋그랜드마크Ⅲ(3차)","전세","84.9060","202510","27","32,000","0","1","2023","갈산교로 223","202601~202701","신규","-","","","아파트"
"14256","충청남도 천안시 동남구 봉명동","494","0494","0000","봉명청솔(3차)","월세","56.3400","202510","27","1,000","60","8","2001","봉서8길 13","202511~202711","신규","-","","","아파트"
"14257","충청남도 아산시 탕정면 매곡리","1393","1393","0000","한들물빛도시시티프라디움","월세","84.9774","202510","27","4,000","150","6","2021","한들물빛3로 36","202512~202712","신규","-","","","아파트"
"14258","충청남도 아산시 배방읍 공수리","282","0282","0000","배방삼정그린코아","월세","47.6700","202510","27","500","52","14","2012","모산로126번길 17-7","202511~202711","신규","-","","","아파트"
"14259","충청남도 아산시 배방읍 공수리","282-5","0282","0005","아산한도","전세","59.4000","202510","27","9,500","0","4","1997","모산로126번길 17-26","202511~202711","신규","-","","","아파트"
"14260","충청남도 아산시 배방읍 공수리","282-5","0282","0005","아산한도","전세","59.4000","202510","27","9,500","0","4","1997","모산로126번길 17-26","-","-","-","","","아파트"
"14261","충청남도 아산시 둔포면 석곡리","1822","1822","0000","아산테크노밸리이지더원9단지","전세","84.9022","202510","27","23,000","0","10","2023","아산밸리남로 37","202511~202711","갱신","사용","22,000","0","아파트"
"14262","충청남도 아산시 둔포면 석곡리","1822","1822","0000","아산테크노밸리이지더원9단지","전세","84.9673","202510","27","23,000","0","3","2023","아산밸리남로 37","202512~202712","신규","-","","","아파트"
"14263","충청남도 아산시 둔포면 석곡리","1808","1808","0000","테크노밸리EGthe11단지","월세","79.9897","202510","27","100","85","1","2015","아산밸리중앙로 50","202511~202711","신규","-","","","아파트"
"14264","충청남도 아산시 배방읍 북수리","1530","1530","0000","자이2차","전세","84.8852","202510","27","15,750","0","12","2007","북수로 116","202512~202712","갱신","사용","15,000","0","아파트"
"14265","충청남도 아산시 배방읍 북수리","1530","1530","0000","자이2차","전세","84.8852","202510","27","15,750","0","12","2007","북수로 116","-","-","-","","","아파트"
"14266","충청남도 천안시 동남구 청당동","436","0436","0000","청당마을신도브래뉴","전세","84.9310","202510","27","15,000","0","2","2006","풍세로 770","202512~202712","신규","-","","","아파트"
"14267","충청남도 천안시 동남구 청당동","992","0992","0000","청당코오롱하늘채","월세","59.9189","202510","27","2,000","83","4","2019","광풍로 1800","202511~202711","신규","-","","","아파트"
"14268","충청남도 천안시 동남구 청당동","992","0992","0000","청당코오롱하늘채","월세","59.9189","202510","27","2,000","83","4","2019","광풍로 1800","202511~202711","신규","-","","","아파트"
"14269","충청남도 천안시 동남구 청당동","458","0458","0000","한양수자인","월세","84.9458","202510","27","2,000","100","14","2011","청수4로 11","202511~202711","신규","-","","","아파트"
"14270","충청남도 천안시 동남구 청당동","980","0980","0000","행정타운두산위브더파크","전세","84.9710","202510","27","25,000","0","5","2018","청당3길 147","202510~202710","신규","-","","","아파트"
"14271","충청남도 천안시 동남구 청당동","436","0436","0000","청당마을신도브래뉴","월세","84.7730","202510","27","1,000","80","5","2006","풍세로 770","202511~202610","신규","-","","","아파트"
"14272","충청남도 아산시 탕정면 호산리","497","0497","0000","홍익","월세","39.1500","202510","27","300","40","3","1999","선문로 385","202511~202611","신규","-","","","아파트"
"14273","충청남도 아산시 탕정면 동산리","421","0421","0000","한라아파트","월세","49.9700","202510","27","500","50","8","1997","탕정면로 379-20","202511~202611","신규","-","","","아파트"
"14274","충청남도 아산시 배방읍 세교리","424-9","0424","0009","신라","전세","49.6800","202510","27","7,000","0","15","1997","온천대로 2358","202511~202711","신규","-","","","아파트"
"14275","충청남도 아산시 배방읍 세교리","424-9","0424","0009","신라","전세","59.3400","202510","27","10,500","0","4","1997","온천대로 2358","202512~202712","신규","-","","","아파트"
"14276","충청남도 아산시 배방읍 세교리","1599","1599","0000","아산배방LH14단지","월세","26.2900","202510","27","3,854","6","6","2022","동방로 131","202510~202711","갱신","-","2,354","15","아파트"
"14277","충청남도 아산시 배방읍 세교리","424-9","0424","0009","신라","전세","49.6800","202510","27","7,000","0","13","1997","온천대로 2358","202511~202711","신규","-","","","아파트"
"14278","충청남도 아산시 배방읍 세교리","424-9","0424","0009","신라","전세","49.6800","202510","27","7,000","0","13","1997","온천대로 2358","-","-","-","","","아파트"
"14279","충청남도 아산시 배방읍 세교리","424-9","0424","0009","신라","전세","59.3400","202510","27","10,500","0","4","1997","온천대로 2358","-","-","-","","","아파트"
"14280","충청남도 아산시 배방읍 세교리","424-9","0424","0009","신라","전세","49.6800","202510","27","7,000","0","15","1997","온천대로 2358","-","-","-","","","아파트"
"14281","충청남도 아산시 신창면 행목리","498","0498","0000","아산신창양우내안애","월세","35.1000","202510","27","300","45","6","2014","행목로 202","202510~202710","신규","-","","","아파트"
"14282","충청남도 아산시 배방읍 장재리","1844","1844","0000","천안아산역 리슈빌","전세","84.1100","202510","27","21,000","0","12","2010","장재로 27","202512~202712","갱신","사용","20,000","0","아파트"
"14283","충청남도 아산시 배방읍 장재리","1348","1348","0000","아산배방행복주택","월세","26.4100","202510","27","3,766","7","7","2018","공원로 69","202512~202711","갱신","-","2,491","13","아파트"
"14284","충청남도 아산시 배방읍 장재리","1348","1348","0000","아산배방행복주택","월세","36.1400","202510","27","5,311","8","3","2018","공원로 69","202601~202712","갱신","-","5,209","8","아파트"
"14285","충청남도 아산시 배방읍 장재리","1348","1348","0000","아산배방행복주택","월세","26.4100","202510","27","4,022","8","4","2018","공원로 69","202601~202712","갱신","-","2,822","15","아파트"
"14286","충청남도 아산시 배방읍 장재리","1537","1537","0000","연화마을STXKAN6단지","전세","107.7691","202510","26","36,000","0","12","2011","연화로 11","202602~202802","신규","-","","","아파트"
"14287","충청남도 아산시 배방읍 장재리","1539","1539","0000","연화마을8단지","전세","74.5200","202510","26","22,000","0","21","2009","연화로 36","202601~202801","신규","-","","","아파트"
"14288","충청남도 천안시 동남구 청당동","1012","1012","0000","천안롯데캐슬더청당","전세","84.9950","202510","26","26,000","0","18","2025","청당4로 20","202511~202711","신규","-","","","아파트"
"14289","충청남도 아산시 배방읍 공수리","282","0282","0000","배방삼정그린코아","전세","38.4900","202510","26","7,250","0","20","2012","모산로126번길 17-7","202511~202711","신규","-","","","아파트"
"14290","충청남도 아산시 배방읍 북수리","1952","1952","0000","더샵센트로","월세","84.9820","202510","26","2,000","90","3","2023","북수로 163","202601~202702","신규","-","","","아파트"
"14291","충청남도 아산시 탕정면 매곡리","1391","1391","0000","한들물빛도시예미지","월세","84.6132","202510","26","10,000","120","8","2022","한들물빛3로 14","202510~202710","신규","-","","","아파트"
"14292","충청남도 아산시 인주면 공세리","274-1","0274","0001","대진","월세","49.9900","202510","26","300","40","1","1997","공세길 29","202510~202710","신규","-","","","아파트"
"14293","충청남도 아산시 음봉면 산동리","1066","1066","0000","아산한라비발디스마트밸리","전세","65.7289","202510","26","22,000","0","26","2023","산동희망로 40","202511~202711","신규","-","","","아파트"
"14294","충청남도 아산시 탕정면 갈산리","898","0898","0000","호반써밋그랜드마크Ⅲ(3차)","전세","84.6249","202510","26","26,250","0","21","2023","갈산교로 223","202511~202711","갱신","사용","25,000","0","아파트"
"14295","충청남도 천안시 동남구 청당동","1012","1012","0000","천안롯데캐슬더청당","전세","84.9962","202510","26","28,000","0","14","2025","청당4로 20","202512~202711","신규","-","","","아파트"
"14296","충청남도 아산시 탕정면 매곡리","1387","1387","0000","신영한들물빛도시지웰시티센트럴푸르지오3단지","전세","84.7160","202510","26","45,000","0","24","2022","한들물빛5로 36","202602~202802","신규","-","","","아파트"
"14297","충청남도 아산시 배방읍 공수리","1486","1486","0000","배방3차한성필하우스","전세","59.9890","202510","26","18,375","0","4","2017","모산로 51","202511~202711","갱신","사용","17,500","0","아파트"
"14298","충청남도 천안시 서북구 두정동","1418","1418","0000","해피드림4차","월세","43.5100","202510","26","500","65","11","2017","두정상가5길 2","202510~202610","신규","-","","","아파트"
"14299","충청남도 천안시 서북구 성정동","717","0717","0000","주공5-2","전세","39.3000","202510","26","6,000","0","4","1988","성정로 75","202511~202711","신규","-","","","아파트"
"14300","충청남도 천안시 동남구 풍세면 보성리","772","0772","0000","천안한양수자인에코시티","월세","84.9647","202510","26","300","40","15","2023","풍세산단로 290","-","-","-","","","아파트"
"14301","충청남도 천안시 서북구 불당동","1510","1510","0000","호반 베르디움 센트로 포레","전세","84.9387","202510","26","47,000","0","28","2017","불당23로 10","202601~202801","갱신","사용","45,000","0","아파트"
"14302","충청남도 천안시 서북구 차암동","543","0543","0000","e편한세상스마일시티2차","월세","74.9402","202510","26","1,000","100","8","2016","스마일시티2로 2","202601~202801","신규","-","","","아파트"
"14303","충청남도 천안시 서북구 성정동","1319","1319","0000","에프엠25","월세","34.0329","202510","26","300","57","6","2016","성정두정로 43","202510~202610","신규","-","","","아파트"
"14304","충청남도 천안시 서북구 불당동","820","0820","0000","대동다숲","월세","84.7824","202510","26","2,000","110","6","2004","시청로 39","202511~202711","신규","-","","","아파트"
"14305","충청남도 천안시 서북구 불당동","787","0787","0000","대원칸타빌","전세","84.9020","202510","26","28,000","0","11","2004","불당11로 82","202602~202802","갱신","사용","28,000","0","아파트"
"14306","충청남도 천안시 동남구 풍세면 보성리","772","0772","0000","천안한양수자인에코시티","월세","84.9647","202510","26","300","40","15","2023","풍세산단로 290","202510~202710","신규","-","","","아파트"
"14307","충청남도 천안시 동남구 풍세면 보성리","772","0772","0000","천안한양수자인에코시티","월세","84.9647","202510","26","300","40","15","2023","풍세산단로 290","202510~202710","신규","-","","","아파트"
"14308","충청남도 천안시 서북구 불당동","1811","1811","0000","불당호반베르디움TheFirst","월세","99.9759","202510","26","30,000","55","4","2016","불당19로 200","202601~202801","신규","-","","","아파트"
"14309","충청남도 천안시 서북구 불당동","1545","1545","0000","천안불당린스트라우스1단지","전세","84.9729","202510","26","45,000","0","8","2017","불당19로 95","202510~202710","갱신","사용","43,000","0","아파트"
"14310","충청남도 천안시 서북구 쌍용동","1289","1289","0000","주공7단지3차","월세","59.8500","202510","26","1,000","55","2","1995","쌍용11길 58","202511~202711","신규","-","","","아파트"
"14311","충청남도 천안시 서북구 성성동","696","0696","0000","천안레이크타운푸르지오","전세","74.5657","202510","26","31,000","0","26","2017","성성6로 111","202602~202802","신규","-","","","아파트"
"14312","충청남도 공주시 금흥동","628","0628","0000","공주월송흥화하브","전세","84.8963","202510","26","27,000","0","10","2018","무령로 599-40","202511~202611","갱신","사용","26,000","0","아파트"
"14313","충청남도 아산시 용화동","1394","1394","0000","용화아이파크아파트","전세","84.9576","202510","26","25,000","0","28","2014","용화고길 46","202601~202801","신규","-","","","아파트"
"14314","충청남도 당진시 수청동","1844","1844","0000","당진센트레빌르네블루1차","전세","84.9699","202510","26","30,000","0","24","2023","수청중앙로 85","202512~202812","신규","-","","","아파트"
"14315","충청남도 당진시 수청동","1244","1244","0000","당진수청한라비발디캠퍼스","전세","59.6953","202510","26","20,000","0","19","2020","동부로 99","202511~202711","신규","-","","","아파트"
"14316","충청남도 천안시 동남구 신부동","986","0986","0000","신부 디 이스트","월세","59.9300","202510","26","2,000","90","21","2018","신부8길 21","202511~202711","신규","-","","","아파트"
"14317","충청남도 공주시 신관동","19","0019","0000","주공4단지","월세","59.9900","202510","26","2,000","55","7","1998","신금2길 48","202511~202711","갱신","사용","2,000","45","아파트"
"14318","충청남도 천안시 동남구 다가동","582","0582","0000","천안극동스타클래스더퍼스트","월세","84.9983","202510","26","2,000","95","11","2025","풍세로 933","202511~202711","신규","-","","","아파트"
"14319","충청남도 천안시 동남구 신방동","2191","2191","0000","신방삼부르네상스","전세","75.9828","202510","26","21,600","0","20","2023","풍세로 678-22","202512~202712","갱신","-","20,500","0","아파트"
"14320","충청남도 금산군 금산읍 양지리","468","0468","0000","e편한세상금산프라임포레","전세","59.8083","202510","26","14,000","0","15","2022","진악로 869","202512~202712","신규","-","","","아파트"
"14321","충청남도 홍성군 홍북읍 신경리","947","0947","0000","충남내포신도시2차대방엘리움더센트럴아파트","월세","84.9144","202510","26","2,000","75","18","2023","자경로 18","-","-","-","","","아파트"
"14322","충청남도 금산군 금산읍 양지리","468","0468","0000","e편한세상금산프라임포레","전세","59.8083","202510","26","14,000","0","15","2022","진악로 869","202512~202712","신규","-","","","아파트"
"14323","충청남도 아산시 신창면 남성리","476-6","0476","0006","아산한미금강","월세","59.3400","202510","26","300","35","1","1995","서부북로 813","202511~202711","신규","-","","","아파트"
"14324","충청남도 아산시 신창면 남성리","177-2","0177","0002","샘마을","월세","39.2700","202510","26","200","35","12","2001","남성길 85","202510~202610","신규","-","","","아파트"
"14325","충청남도 금산군 금산읍 중도리","21-21","0021","0021","낙원아파트","전세","49.6526","202510","25","4,500","0","10","1999","약초로 18","202511~202711","신규","-","","","아파트"
"14326","충청남도 서산시 성연면 일람리","1077","1077","0000","서산금호어울림에듀퍼스트","월세","84.9251","202510","25","3,000","80","5","2019","성연5로 92-7","202511~202711","신규","-","","","아파트"
"14327","충청남도 금산군 금산읍 상리","274","0274","0000","주공1차","월세","59.9100","202510","25","1,000","55","5","2000","비호산로 5","202511~202711","신규","-","","","아파트"
"14328","충청남도 홍성군 홍북읍 신경리","947-2","0947","0002","내포신도시모아미래도메가시티1차","전세","84.9957","202510","25","22,000","0","8","2024","신대로 135","202511~202711","신규","-","","","아파트"
"14329","충청남도 서산시 해미면 읍내리","513","0513","0000","이아에듀타운","월세","84.9734","202510","25","1,000","70","1","2022","성지1로 76-15","202510~202710","신규","-","","","아파트"
"14330","충청남도 계룡시 엄사면 유동리","14-6","0014","0006","대동","전세","84.9900","202510","25","14,000","0","7","2001","번영3길 91","202512~202712","신규","-","","","아파트"
"14331","충청남도 서산시 해미면 읍내리","110-1","0110","0001","가야아파트","월세","36.4500","202510","25","500","35","7","1999","일락골길 13","202510~202603","신규","-","","","아파트"
"14332","충청남도 서산시 해미면 읍내리","110-1","0110","0001","가야아파트","월세","36.4500","202510","25","500","35","7","1999","일락골길 13","202510~202603","신규","-","","","아파트"
"14333","충청남도 홍성군 홍북읍 신경리","947-2","0947","0002","내포신도시모아미래도메가시티1차","전세","84.9957","202510","25","21,000","0","18","2024","신대로 135","202511~202711","신규","-","","","아파트"
"14334","충청남도 홍성군 홍북읍 신경리","945","0945","0000","자경마을중흥에스클래스","전세","59.9921","202510","25","11,990","0","10","2016","자경로 17","202510~202710","신규","-","","","아파트"
"14335","충청남도 서산시 성연면 왕정리","719","0719","0000","이안서산테크노밸리","월세","84.9767","202510","25","1,000","80","5","2015","성연3로 36","202512~202712","신규","-","","","아파트"
"14336","충청남도 서산시 성연면 왕정리","712","0712","0000","힐스테이트서산아파트","월세","84.9408","202510","25","300","35","11","2017","성연3로 76","202510~202610","신규","-","","","아파트"
"14337","충청남도 홍성군 홍북읍 신경리","947-2","0947","0002","내포신도시모아미래도메가시티1차","월세","84.9957","202510","25","2,000","70","9","2024","신대로 135","202512~202712","신규","-","","","아파트"
"14338","충청남도 금산군 금산읍 상리","274","0274","0000","주공1차","월세","39.6300","202510","25","500","35","7","2000","비호산로 5","202511~202711","신규","-","","","아파트"
"14339","충청남도 홍성군 홍북읍 신경리","945","0945","0000","자경마을중흥에스클래스","전세","73.9850","202510","25","13,570","0","4","2016","자경로 17","202510~202710","신규","-","","","아파트"
"14340","충청남도 예산군 삽교읍 목리","894","0894","0000","원목마을이지더원2차아파트","월세","84.8530","202510","25","1,000","70","3","2022","수암천로 23","202512~202712","신규","-","","","아파트"
"14341","충청남도 천안시 서북구 차암동","543","0543","0000","e편한세상스마일시티2차","월세","59.9819","202510","25","2,000","85","1","2016","스마일시티2로 2","202601~202801","신규","-","","","아파트"
"14342","충청남도 천안시 서북구 차암동","442","0442","0000","e편한세상스마일시티","전세","72.9900","202510","25","21,000","0","12","2015","스마일시티1로 55","202601~202801","신규","-","","","아파트"
"14343","충청남도 천안시 서북구 쌍용동","1923","1923","0000","용암동아벽산","전세","99.9200","202510","25","24,500","0","4","1999","월봉로 131","202512~202712","신규","-","","","아파트"
"14344","충청남도 천안시 서북구 직산읍 부송리","60-3","0060","0003","청호4차","월세","59.5500","202510","25","500","45","2","1992","송기길 23","202510~202610","신규","-","","","아파트"
"14345","충청남도 천안시 서북구 차암동","550","0550","0000","천안스마일시티효성해링턴플레이스","전세","51.9931","202510","25","16,650","0","4","2016","스마일시티2로 1","202601~202801","신규","-","","","아파트"
"14346","충청남도 천안시 서북구 두정동","393-21","0393","0021","유보라천안두정역","월세","84.9612","202510","25","3,000","110","5","2025","천안대로 1050","202511~202711","신규","-","","","아파트"
"14347","충청남도 천안시 서북구 성거읍 저리","26-7","0026","0007","아느칸빌","월세","28.1200","202510","25","200","32","1","2004","성거길 181-1","202511~202710","신규","-","","","아파트"
"14348","충청남도 천안시 서북구 와촌동","186","0186","0000","천안역사동아라이크텐","전세","84.9864","202510","25","27,000","0","13","2021","천안천4길 20","202601~202701","갱신","사용","27,000","0","아파트"
"14349","충청남도 천안시 서북구 와촌동","186","0186","0000","천안역사동아라이크텐","전세","84.9864","202510","25","27,000","0","13","2021","천안천4길 20","202601~202701","갱신","-","27,000","0","아파트"
"14350","충청남도 천안시 서북구 두정동","527","0527","0000","주공그린(8단지)","월세","59.9700","202510","25","1,000","70","14","1996","봉정로 381","202511~202711","신규","-","","","아파트"
"14351","충청남도 천안시 서북구 두정동","1283","1283","0000","프라지움","월세","20.5410","202510","25","300","40","10","2013","두정상가1길 27","202511~202611","신규","-","","","아파트"
"14352","충청남도 천안시 동남구 풍세면 보성리","772","0772","0000","천안한양수자인에코시티","월세","75.9331","202510","25","2,000","75","5","2023","풍세산단로 290","202511~202710","신규","-","","","아파트"
"14353","충청남도 천안시 서북구 두정동","526-1","0526","0001","극동늘푸른","월세","59.9100","202510","25","1,000","65","17","1996","늘푸른6길 41","202510~202710","신규","-","","","아파트"
"14354","충청남도 천안시 서북구 두정동","1593","1593","0000","두정3푸르지오","전세","84.9000","202510","25","18,000","0","5","2003","성정두정로 142","202510~202710","신규","-","","","아파트"
"14355","충청남도 천안시 서북구 두정동","2078","2078","0000","두정역효성해링턴플레이스","전세","59.9600","202510","25","26,000","0","29","2020","봉정로 324","202601~202801","갱신","사용","25,000","0","아파트"
"14356","충청남도 천안시 서북구 차암동","442","0442","0000","e편한세상스마일시티","전세","72.9900","202510","25","21,000","0","12","2015","스마일시티1로 55","202601~202801","신규","-","","","아파트"
"14357","충청남도 천안시 서북구 백석동","890","0890","0000","그린빌2","전세","84.6500","202510","25","23,500","0","12","2004","백석3로 91","202601~202706","갱신","사용","23,500","0","아파트"
"14358","충청남도 천안시 서북구 백석동","1200","1200","0000","천안백석3차IPARK","전세","84.7263","202510","25","33,500","0","8","2017","한들3로 36-17","202510~202710","갱신","-","34,500","0","아파트"
"14359","충청남도 천안시 서북구 백석동","1219","1219","0000","천안백석센트레빌파크디션","전세","84.8100","202510","25","32,000","0","14","2024","한들3로 78-68","202601~202801","신규","-","","","아파트"
"14360","충청남도 천안시 서북구 백석동","915","0915","0000","그린빌1차","전세","84.9900","202510","25","18,000","0","7","2002","백석3로 69","202512~202712","신규","-","","","아파트"
"14361","충청남도 천안시 서북구 백석동","979","0979","0000","천안백석푸르지오","전세","84.8870","202510","25","25,000","0","15","2010","한들2로 88","202512~202712","신규","-","","","아파트"
"14362","충청남도 천안시 서북구 백석동","1193","1193","0000","백석더샵아파트","월세","84.4993","202510","25","3,000","130","10","2016","한들3로 70","202511~202801","신규","-","","","아파트"
"14363","충청남도 천안시 서북구 와촌동","186","0186","0000","천안역사동아라이크텐","전세","84.9864","202510","25","27,000","0","13","2021","천안천4길 20","202601~202701","갱신","사용","27,000","0","아파트"
"14364","충청남도 천안시 서북구 불당동","820","0820","0000","대동다숲","월세","74.7797","202510","25","2,000","98","7","2004","시청로 39","202601~202801","신규","-","","","아파트"
"14365","충청남도 천안시 서북구 불당동","1846","1846","0000","불당호반써밋플레이스센터시티","월세","98.2067","202510","25","5,000","200","11","2017","불당25로 8","202512~202712","신규","-","","","아파트"
"14366","충청남도 천안시 서북구 불당동","1515","1515","0000","엘에이치천년나무7단지","전세","59.6900","202510","25","25,000","0","15","2015","불당26로 99","202601~202801","신규","-","","","아파트"
"14367","충청남도 천안시 서북구 불당동","788","0788","0000","불당한성필하우스","전세","59.9813","202510","25","17,000","0","6","2004","불당11로 68","202601~202801","신규","-","","","아파트"
"14368","충청남도 천안시 서북구 성정동","1322","1322","0000","프라지움3차","월세","34.9898","202510","25","500","60","12","2014","성정두정로 35","202510~202610","신규","-","","","아파트"
"14369","충청남도 천안시 서북구 불당동","820","0820","0000","대동다숲","월세","84.7824","202510","25","3,000","100","4","2004","시청로 39","202512~202712","신규","-","","","아파트"
"14370","충청남도 천안시 서북구 불당동","1613","1613","0000","천안불당호반써밋플레이스","월세","99.9551","202510","25","10,000","200","24","2017","불당21로 40","202511~202711","갱신","사용","10,000","190","아파트"
"14371","충청남도 천안시 서북구 성정동","789","0789","0000","주공6-3","월세","46.9900","202510","25","500","35","1","1991","쌍용대로 289-11","202511~202711","신규","-","","","아파트"
"14372","충청남도 천안시 서북구 성성동","696","0696","0000","천안레이크타운푸르지오","전세","84.9076","202510","25","35,000","0","8","2017","성성6로 111","202601~202801","신규","-","","","아파트"
"14373","충청남도 천안시 서북구 성성동","696","0696","0000","천안레이크타운푸르지오","전세","84.9076","202510","25","35,000","0","8","2017","성성6로 111","202601~202701","신규","-","","","아파트"
"14374","충청남도 천안시 서북구 직산읍 모시리","242-5","0242","0005","대림","월세","39.9500","202510","25","300","42","2","1998","2공단5로 169","202510~202610","신규","-","","","아파트"
"14375","충청남도 천안시 서북구 쌍용동","2040","2040","0000","범양마더빌","월세","84.9140","202510","25","2,000","95","2","2005","충무로 170-5","202510~202710","갱신","-","2,000","80","아파트"
"14376","충청남도 천안시 서북구 쌍용동","1561","1561","0000","월봉청솔2차","전세","48.4500","202510","25","10,800","0","14","2000","월봉7길 77","202511~202711","신규","-","","","아파트"
"14377","충청남도 천안시 서북구 쌍용동","1361","1361","0000","계룡푸른마을","전세","59.6900","202510","25","12,800","0","10","1996","충무로 143-8","-","-","-","","","아파트"
"14378","충청남도 천안시 서북구 쌍용동","1363-1","1363","0001","해누리선경","전세","59.7960","202510","25","13,000","0","13","1996","충무로 158-10","202512~202712","신규","-","","","아파트"
"14379","충청남도 천안시 서북구 불당동","787","0787","0000","대원칸타빌","월세","59.9890","202510","25","2,000","85","3","2004","불당11로 82","202511~202711","신규","-","","","아파트"
"14380","충청남도 천안시 서북구 불당동","1811","1811","0000","불당호반베르디움TheFirst","전세","99.9759","202510","25","49,000","0","12","2016","불당19로 200","202601~202801","신규","-","","","아파트"
"14381","충청남도 천안시 서북구 불당동","750","0750","0000","동일하이빌","월세","110.1000","202510","25","5,000","150","15","2004","시청로 73","202601~202801","신규","-","","","아파트"
"14382","충청남도 천안시 서북구 쌍용동","1273","1273","0000","상록수현대","전세","84.4100","202510","25","16,000","0","7","1995","쌍용17길 52","202601~202801","신규","-","","","아파트"
"14383","충청남도 천안시 서북구 쌍용동","1361","1361","0000","계룡푸른마을","전세","59.6900","202510","25","12,800","0","10","1996","충무로 143-8","202511~202711","신규","-","","","아파트"
"14384","충청남도 천안시 서북구 쌍용동","1561","1561","0000","월봉청솔2차","전세","48.4500","202510","25","10,100","0","4","2000","월봉7길 77","202511~202710","갱신","사용","10,000","0","아파트"
"14385","충청남도 천안시 서북구 쌍용동","1367","1367","0000","월봉청솔1단지","월세","50.1600","202510","25","8,000","20","2","2000","월봉4로 140-9","-","-","-","","","아파트"
"14386","충청남도 천안시 서북구 쌍용동","1547","1547","0000","월봉일성5","전세","84.9000","202510","25","19,350","0","5","1999","월봉4로 120-16","202512~202612","갱신","사용","21,000","0","아파트"
"14387","충청남도 천안시 서북구 차암동","550","0550","0000","천안스마일시티효성해링턴플레이스","전세","51.9931","202510","25","16,200","0","2","2016","스마일시티2로 1","202511~202711","신규","-","","","아파트"
"14388","충청남도 천안시 서북구 쌍용동","566","0566","0000","세경개나리","전세","52.5900","202510","25","9,000","0","5","1994","쌍용18길 61","202511~202711","신규","-","","","아파트"
"14389","충청남도 천안시 서북구 불당동","1498","1498","0000","천안불당 지웰푸르지오","월세","84.9920","202510","25","4,000","150","26","2016","불당24로 38","202510~202801","신규","-","","","아파트"
"14390","충청남도 천안시 서북구 불당동","1846","1846","0000","불당호반써밋플레이스센터시티","월세","98.2067","202510","25","5,000","200","11","2017","불당25로 8","202512~202712","신규","-","","","아파트"
"14391","충청남도 천안시 서북구 불당동","750","0750","0000","동일하이빌","전세","74.8900","202510","25","25,000","0","4","2004","시청로 73","202601~202701","갱신","사용","25,000","0","아파트"
"14392","충청남도 천안시 서북구 불당동","687","0687","0000","불당오딧세이","월세","25.3913","202510","25","500","60","6","2019","불당4로 111","202512~202612","신규","-","","","아파트"
"14393","충청남도 아산시 배방읍 세교리","1522","1522","0000","엘리프아산탕정","전세","84.9700","202510","25","28,000","0","10","2025","동방로 220","202512~202803","신규","-","","","아파트"
"14394","충청남도 아산시 배방읍 갈매리","508","0508","0000","배방자이","전세","84.9400","202510","25","18,500","0","15","2007","호서로 460","202510~202710","갱신","-","16,500","0","아파트"
"14395","충청남도 아산시 인주면 해암리","280-4","0280","0004","미진무지개","월세","32.6100","202510","25","300","30","4","2000","현대로 862","202510~202610","신규","-","","","아파트"
"14396","충청남도 아산시 배방읍 갈매리","508","0508","0000","배방자이","월세","123.4100","202510","25","2,000","100","7","2007","호서로 460","202601~202901","신규","-","","","아파트"
"14397","충청남도 아산시 배방읍 갈매리","508","0508","0000","배방자이","월세","84.9400","202510","25","5,000","70","3","2007","호서로 460","202510~202702","갱신","-","5,000","60","아파트"
"14398","충청남도 당진시 신평면 거산리","6-3","0006","0003","신세대","월세","39.7500","202510","25","500","35","12","2000","거산3거리길 66","202511~202711","신규","-","","","아파트"
"14399","충청남도 아산시 탕정면 명암리","809","0809","0000","탕정삼성트라팰리스(1단지~3단지)","월세","84.7300","202510","25","3,000","130","32","2009","탕정면로 37","202510~202712","신규","-","","","아파트"
"14400","충청남도 아산시 탕정면 매곡리","1385","1385","0000","한들물빛도시신영지웰시티센트럴푸르지오1단지","월세","84.8150","202510","25","3,000","170","11","2022","한들물빛도시로 69","202602~202802","신규","-","","","아파트"
"14401","충청남도 당진시 신평면 거산리","880","0880","0000","풍림아이원","월세","84.9105","202510","25","2,000","60","5","2011","솔안말길 21","202512~202712","신규","-","","","아파트"
"14402","충청남도 아산시 음봉면 산동리","1066","1066","0000","아산한라비발디스마트밸리","월세","75.7226","202510","25","2,000","100","27","2023","산동희망로 40","202512~202712","신규","-","","","아파트"
"14403","충청남도 아산시 염치읍 방현리","442","0442","0000","한남프레시앙","전세","60.0000","202510","25","7,500","0","13","2002","충무로308번길 24","202512~202712","신규","-","","","아파트"
"14404","충청남도 아산시 배방읍 공수리","282","0282","0000","배방삼정그린코아","월세","38.4900","202510","25","500","50","20","2012","모산로126번길 17-7","202511~202711","신규","-","","","아파트"
"14405","충청남도 아산시 탕정면 용두리","724","0724","0000","월드메르디앙웰리지(B동)","월세","23.6732","202510","25","200","58","2","2023","용머리길 49","202510~202604","신규","-","","","아파트"
"14406","충청남도 아산시 탕정면 갈산리","892","0892","0000","호반써밋그랜드마크V(5차)","월세","59.8430","202510","25","2,000","88","4","2023","갈산교로 250","202510~202609","신규","-","","","아파트"
"14407","충청남도 아산시 배방읍 공수리","282","0282","0000","배방삼정그린코아","월세","38.4900","202510","25","500","50","20","2012","모산로126번길 17-7","202511~202711","신규","-","","","아파트"
"14408","충청남도 천안시 동남구 청당동","1012","1012","0000","천안롯데캐슬더청당","전세","84.9962","202510","25","27,000","0","7","2025","청당4로 20","202510~202710","신규","-","","","아파트"
"14409","충청남도 아산시 배방읍 북수리","1530","1530","0000","자이2차","전세","84.8852","202510","25","17,000","0","2","2007","북수로 116","202512~202712","신규","-","","","아파트"
"14410","충청남도 아산시 신창면 행목리","498","0498","0000","아산신창양우내안애","월세","35.1000","202510","25","300","45","5","2014","행목로 202","202511~202711","신규","-","","","아파트"
"14411","충청남도 아산시 신창면 읍내리","579-9","0579","0009","경희학성","월세","29.5100","202510","25","100","38","5","1996","순천향로 49","202511~202610","신규","-","","","아파트"
"14412","충청남도 당진시 송악읍 복운리","1629-3","1629","0003","신성미소지움1단지","월세","84.9970","202510","25","0","70","13","2007","신복운로3길 28","202510~202710","신규","-","","","아파트"
"14413","충청남도 아산시 배방읍 공수리","632","0632","0000","중앙하이츠오르젠1단지","월세","84.9720","202510","25","1,000","100","12","2006","배방로 58-10","202510~202710","신규","-","","","아파트"
"14414","충청남도 당진시 송산면 금암리","16-2","0016","0002","당진대상","월세","59.8300","202510","25","500","50","1","1999","송산로 164","202511~202711","신규","-","","","아파트"
"14415","충청남도 아산시 둔포면 석곡리","1822","1822","0000","아산테크노밸리이지더원9단지","전세","84.9673","202510","25","24,150","0","23","2023","아산밸리남로 37","202512~202712","신규","-","","","아파트"
"14416","충청남도 아산시 음봉면 동암리","714","0714","0000","아산더샵레이크시티3차","전세","84.9900","202510","25","19,000","0","4","2015","음봉로 515-37","202511~202711","신규","-","","","아파트"
"14417","충청남도 계룡시 금암동","190","0190","0000","신성미소지움1차","전세","84.9600","202510","25","17,000","0","3","2005","장안1길 9","202512~202712","신규","-","","","아파트"
"14418","충청남도 서산시 읍내동","76-1","0076","0001","서산푸르밸리","월세","25.1169","202510","25","500","45","9","2017","안견로 322","202510~202610","신규","-","","","아파트"
"14419","충청남도 천안시 동남구 안서동","546","0546","0000","안서코아루","월세","52.6030","202510","25","6,000","20","4","2018","각원사길 114-7","-","-","-","","","아파트"
"14420","충청남도 천안시 동남구 신부동","541","0541","0000","동아태조","전세","59.9700","202510","25","13,500","0","8","1995","터미널9길 13","202511~202711","신규","-","","","아파트"
"14421","충청남도 천안시 동남구 신부동","1004","1004","0000","더샵신부센트라","월세","84.9319","202510","25","2,000","130","16","2025","북일로 85","202511~202711","신규","-","","","아파트"
"14422","충청남도 아산시 장존동","305","0305","0000","청솔","전세","39.9940","202510","25","5,000","0","5","2004","외암로 1247","202510~202710","신규","-","","","아파트"
"14423","충청남도 서산시 죽성동","5-8","0005","0008","동아2","월세","59.5500","202510","25","500","37","3","1993","남부순환로 885","202512~202712","신규","-","","","아파트"
"14424","충청남도 공주시 신관동","24-64","0024","0064","주공3","월세","46.6800","202510","25","500","50","2","1990","신금1길 30-12","202510~202710","신규","-","","","아파트"
"14425","충청남도 논산시 내동","969","0969","0000","놀뫼타운","월세","54.7800","202510","25","1,000","50","3","1994","체육로 30","202511~202711","신규","-","","","아파트"
"14426","충청남도 천안시 동남구 신방동","920","0920","0000","초원그린타운","전세","39.2700","202510","25","6,700","0","12","1998","신촌4로 16","202512~202712","신규","-","","","아파트"
"14427","충청남도 천안시 동남구 신방동","920","0920","0000","초원그린타운","월세","39.2700","202510","25","300","40","2","1998","신촌4로 16","202510~202710","신규","-","","","아파트"
"14428","충청남도 천안시 동남구 신방동","2191","2191","0000","신방삼부르네상스","전세","84.9861","202510","25","23,100","0","3","2023","풍세로 678-22","202511~202711","갱신","사용","22,000","0","아파트"
"14429","충청남도 천안시 동남구 신방동","920","0920","0000","초원그린타운","월세","39.2700","202510","25","500","35","12","1998","신촌4로 16","202510~202710","신규","-","","","아파트"
"14430","충청남도 천안시 동남구 신방동","920","0920","0000","초원그린타운","월세","39.2700","202510","25","500","42","8","1998","신촌4로 16","202511~202711","신규","-","","","아파트"
"14431","충청남도 아산시 풍기동","514","0514","0000","아산풍기이지더원1차아파트","전세","72.5720","202510","25","23,000","0","22","2017","어의정로 184","202512~202712","신규","-","","","아파트"
"14432","충청남도 아산시 좌부동","84-3","0084","0003","초원설화타운1","월세","56.2800","202510","25","300","35","3","1994","고불로 667","202511~202711","신규","-","","","아파트"
"14433","충청남도 천안시 서북구 신당동","705","0705","0000","e편한세상천안부성","전세","59.9900","202510","25","16,000","0","1","2018","천안대로 1287-1","202511~202711","신규","-","","","아파트"
"14434","충청남도 공주시 신관동","690","0690","0000","공주신관코아루센트럴파크","월세","59.5320","202510","25","3,000","70","3","2018","관골1길 7","202512~202712","신규","-","","","아파트"
"14435","충청남도 아산시 권곡동","627","0627","0000","아산한신더휴","전세","84.9700","202510","25","22,000","0","19","2025","문화로 257-45","202512~202712","신규","-","","","아파트"
"14436","충청남도 논산시 내동","969","0969","0000","놀뫼타운","월세","54.7800","202510","25","500","40","8","1994","체육로 30","202510~202710","신규","-","","","아파트"
"14437","충청남도 당진시 수청동","1562","1562","0000","호반써밋시그니처Ⅱ","월세","84.4927","202510","25","5,000","80","12","2023","수청1로 51","202511~202710","신규","-","","","아파트"
"14438","충청남도 당진시 수청동","1844","1844","0000","당진센트레빌르네블루1차","전세","84.9169","202510","25","21,000","0","11","2023","수청중앙로 85","202601~202701","갱신","-","20,000","0","아파트"
"14439","충청남도 당진시 수청동","1844","1844","0000","당진센트레빌르네블루1차","전세","99.9861","202510","25","29,000","0","11","2023","수청중앙로 85","202511~202711","갱신","-","25,000","0","아파트"
"14440","충청남도 서산시 읍내동","55","0055","0000","서산읍내현대","월세","59.7860","202510","25","1,500","20","8","2001","호수공원6로 19","202510~202710","신규","-","","","아파트"
"14441","충청남도 아산시 온천동","307-41","0307","0041","올리브힐","월세","17.2670","202510","25","300","35","4","2016","청운로84번길 15","202510~202703","신규","-","","","아파트"
"14442","충청남도 아산시 온천동","79-14","0079","0014","갤러리휴리움","월세","18.6400","202510","25","300","33","12","2018","온천대로 1532-5","202510~202710","신규","-","","","아파트"
"14443","충청남도 천안시 동남구 안서동","546","0546","0000","안서코아루","월세","58.0840","202510","25","1,000","70","14","2018","각원사길 114-7","202511~202611","신규","-","","","아파트"
"14444","충청남도 천안시 동남구 신부동","999","0999","0000","포레나천안신부","전세","113.2933","202510","25","40,000","0","21","2023","천안대로 888","202601~202801","신규","-","","","아파트"
"14445","충청남도 천안시 동남구 신부동","672","0672","0000","대림한숲","월세","84.9780","202510","25","1,000","90","8","1995","터미널6길 12","202602~202612","신규","-","","","아파트"
"14446","충청남도 천안시 동남구 신방동","920","0920","0000","초원그린타운","전세","39.2700","202510","25","6,700","0","12","1998","신촌4로 16","-","-","-","","","아파트"
"14447","충청남도 천안시 동남구 신방동","920","0920","0000","초원그린타운","월세","39.2700","202510","25","1,000","45","15","1998","신촌4로 16","202511~202711","신규","-","","","아파트"
"14448","충청남도 천안시 동남구 신방동","920","0920","0000","초원그린타운","전세","39.2700","202510","25","6,700","0","12","1998","신촌4로 16","202512~202712","신규","-","","","아파트"
"14449","충청남도 아산시 용화동","1661","1661","0000","아산줌파크","월세","84.7600","202510","25","2,000","75","8","2023","시민로 135","202601~202801","신규","-","","","아파트"
"14450","충청남도 당진시 채운동","1125","1125","0000","신당진이안","월세","84.9600","202510","25","1,500","50","2","2010","운곡로 197-8","202511~202711","신규","-","","","아파트"
"14451","충청남도 계룡시 금암동","190","0190","0000","신성미소지움1차","전세","84.9600","202510","25","17,000","0","3","2005","장안1길 9","202512~202712","신규","-","","","아파트"
"14452","충청남도 계룡시 금암동","167-1","0167","0001","우림루미아트","월세","84.9769","202510","25","2,000","75","3","2005","장안로 75","202511~202711","신규","-","","","아파트"
"14453","충청남도 아산시 권곡동","627","0627","0000","아산한신더휴","월세","84.9100","202510","24","2,000","90","9","2025","문화로 257-45","202512~202712","신규","-","","","아파트"
"14454","충청남도 당진시 원당동","1251","1251","0000","원당마을주공1단지","월세","51.7400","202510","24","2,000","50","3","2003","밤절로 103","202510~202710","신규","-","","","아파트"
"14455","충청남도 당진시 원당동","1251","1251","0000","원당마을주공1단지","전세","51.7400","202510","24","12,000","0","13","2003","밤절로 103","202511~202711","신규","-","","","아파트"
"14456","충청남도 당진시 시곡동","136-1","0136","0001","우민늘사랑","월세","54.6000","202510","24","1,000","35","3","2007","서해로 6216","202510~202710","신규","-","","","아파트"
"14457","충청남도 계룡시 금암동","190","0190","0000","신성미소지움1차","전세","84.9600","202510","24","16,800","0","10","2005","장안1길 9","202510~202710","갱신","사용","16,000","0","아파트"
"14458","충청남도 아산시 용화동","1395","1395","0000","아산용화엘크루","월세","59.9749","202510","24","1,000","80","7","2014","어의정로 92-7","202511~202711","신규","-","","","아파트"
"14459","충청남도 천안시 동남구 신부동","544","0544","0000","대림한내","월세","59.7810","202510","24","2,000","65","12","1995","터미널9길 31","202510~202710","신규","-","","","아파트"
"14460","충청남도 논산시 내동","1105","1105","0000","힐스테이트자이논산","전세","84.5100","202510","24","35,000","0","5","2019","시민로132번길 7","202511~202711","신규","-","","","아파트"
"14461","충청남도 당진시 시곡동","136-1","0136","0001","우민늘사랑","월세","54.6000","202510","24","500","40","10","2007","서해로 6216","202510~202610","신규","-","","","아파트"
"14462","충청남도 서산시 예천동","1334","1334","0000","e편한세상서산예천","전세","84.9869","202510","24","35,000","0","7","2017","동서1로 230","202512~202712","신규","-","","","아파트"
"14463","충청남도 아산시 장존동","305","0305","0000","청솔","전세","39.9940","202510","24","4,700","0","9","2004","외암로 1247","202512~202712","갱신","-","4,500","0","아파트"
"14464","충청남도 천안시 동남구 신방동","1066","1066","0000","천안하나리움아인스파크","월세","59.9807","202510","24","10,000","23","5","2016","통정3로 77","202511~202611","신규","-","","","아파트"
"14465","충청남도 서산시 석림동","967","0967","0000","메이시티","월세","59.8586","202510","24","2,000","80","1","2023","벌말1길 39","202510~202610","신규","-","","","아파트"
"14466","충청남도 아산시 풍기동","229-71","0229","0071","주은","월세","59.5200","202510","24","1,000","67","16","2000","어의정로183번길 14","202511~202604","신규","-","","","아파트"
"14467","충청남도 공주시 신관동","495-83","0495","0083","리버하임","월세","16.1911","202510","24","500","37","2","2013","금벽로 357-8","202511~202610","신규","-","","","아파트"
"14468","충청남도 아산시 풍기동","514","0514","0000","아산풍기이지더원1차아파트","월세","72.1590","202510","24","2,000","100","11","2017","어의정로 184","202511~202711","신규","-","","","아파트"
"14469","충청남도 당진시 수청동","1844","1844","0000","당진센트레빌르네블루1차","전세","84.9169","202510","24","21,000","0","14","2023","수청중앙로 85","202511~202711","갱신","사용","20,000","0","아파트"
"14470","충청남도 당진시 수청동","1844","1844","0000","당진센트레빌르네블루1차","전세","99.9861","202510","24","28,875","0","4","2023","수청중앙로 85","202511~202711","신규","-","","","아파트"
"14471","충청남도 공주시 신관동","24-64","0024","0064","주공3","월세","39.6900","202510","24","2,500","30","2","1990","신금1길 30-3","202511~202711","갱신","-","500","40","아파트"
"14472","충청남도 계룡시 금암동","163-3","0163","0003","계룡한양아이클래스","월세","32.5800","202510","24","500","45","4","2015","서금암로 10","202511~202611","신규","-","","","아파트"
"14473","충청남도 서산시 예천동","1332","1332","0000","서산예천효성해링턴플레이스","월세","84.9336","202510","24","3,000","120","18","2016","예천3로 43","202511~202711","신규","-","","","아파트"
"14474","충청남도 서산시 예천동","1332","1332","0000","서산예천효성해링턴플레이스","전세","75.9113","202510","24","26,000","0","2","2016","예천3로 43","202511~202711","신규","-","","","아파트"
"14475","충청남도 아산시 좌부동","84-3","0084","0003","초원설화타운1","월세","56.2800","202510","24","300","30","8","1994","고불로 667","202511~202711","신규","-","","","아파트"
"14476","충청남도 아산시 모종동","361-16","0361","0016","모종한성하우시스","월세","36.1874","202510","24","1,000","50","8","2013","문화로 301-31","202511~202611","신규","-","","","아파트"
"14477","충청남도 보령시 동대동","414-10","0414","0010","동대주공3단지","월세","46.9800","202510","24","300","40","3","1993","주공로 33","202511~202611","신규","-","","","아파트"
"14478","충청남도 계룡시 금암동","190","0190","0000","신성미소지움1차","전세","84.9600","202510","24","16,800","0","10","2005","장안1길 9","202510~202710","갱신","사용","16,000","0","아파트"
"14479","충청남도 천안시 동남구 신방동","920","0920","0000","초원그린타운","월세","39.2700","202510","24","500","48","5","1998","신촌4로 16","202510~202710","신규","-","","","아파트"
"14480","충청남도 당진시 수청동","1852","1852","0000","당진센트레빌르네블루2차","전세","84.9699","202510","24","30,000","0","25","2024","수청중앙로 86","202511~202711","신규","-","","","아파트"
"14481","충청남도 천안시 동남구 쌍용동","553-1","0553","0001","임광","전세","59.7600","202510","24","11,000","0","6","1996","순천향1길 25","202512~202712","신규","-","","","아파트"
"14482","충청남도 천안시 동남구 다가동","27-2","0027","0002","아트빌","전세","39.7800","202510","24","3,600","0","13","2004","풍세로 965","202511~202711","신규","-","","","아파트"
"14483","충청남도 천안시 동남구 신방동","920","0920","0000","초원그린타운","월세","39.2700","202510","24","500","45","14","1998","신촌4로 16","202510~202710","신규","-","","","아파트"
"14484","충청남도 아산시 용화동","584","0584","0000","온천마을아파트","전세","84.9400","202510","24","14,000","0","4","1999","어의정로 46","202512~202912","신규","-","","","아파트"
"14485","충청남도 천안시 동남구 신방동","920","0920","0000","초원그린타운","월세","39.2700","202510","24","500","40","10","1998","신촌4로 16","202511~202711","신규","-","","","아파트"
"14486","충청남도 계룡시 금암동","190","0190","0000","신성미소지움1차","전세","84.9600","202510","24","16,500","0","10","2005","장안1길 9","202510~202710","갱신","-","15,000","0","아파트"
"14487","충청남도 천안시 동남구 신방동","920","0920","0000","초원그린타운","월세","39.2700","202510","24","500","40","13","1998","신촌4로 16","202510~202710","신규","-","","","아파트"
"14488","충청남도 천안시 서북구 두정동","525-1","0525","0001","대우그린","전세","59.9460","202510","24","15,500","0","1","1996","봉정로 365","202511~202711","신규","-","","","아파트"
"14489","충청남도 천안시 동남구 병천면 가전리","68-3","0068","0003","신한","월세","38.6400","202510","24","278","9","4","1997","충절로 1638","202510~202711","신규","-","","","아파트"
"14490","충청남도 천안시 동남구 풍세면 보성리","772","0772","0000","천안한양수자인에코시티","월세","84.9647","202510","24","2,000","65","18","2023","풍세산단로 290","202510~202710","신규","-","","","아파트"
"14491","충청남도 천안시 서북구 두정동","2035","2035","0000","한성필하우스3차","월세","59.9045","202510","24","2,000","80","11","2004","봉정로 366","202511~202711","신규","-","","","아파트"
"14492","충청남도 천안시 서북구 두정동","1332","1332","0000","더리치빌2","월세","20.6600","202510","24","2,000","12","9","2013","두정상가3길 20","202510~202610","신규","-","","","아파트"
"14493","충청남도 천안시 서북구 두정동","2056","2056","0000","두정역코아루스위트","전세","127.1148","202510","24","40,000","0","6","2014","천안대로 969","-","-","-","","","아파트"
"14494","충청남도 천안시 서북구 두정동","525-1","0525","0001","대우그린","전세","59.9460","202510","24","15,500","0","1","1996","봉정로 365","202511~202711","신규","-","","","아파트"
"14495","충청남도 천안시 서북구 두정동","1864","1864","0000","우성","전세","59.6950","202510","24","13,500","0","9","1996","두정고7길 35","202511~202711","신규","-","","","아파트"
"14496","충청남도 천안시 서북구 두정동","1332","1332","0000","더리치빌2","전세","20.3200","202510","24","6,000","0","3","2013","두정상가3길 20","202510~202710","신규","-","","","아파트"
"14497","충청남도 천안시 서북구 두정동","1315","1315","0000","에프엠20","월세","19.4000","202510","24","200","40","9","2013","두정상가8길 11","202510~202610","신규","-","","","아파트"
"14498","충청남도 천안시 서북구 두정동","1416-1","1416","0001","리첸스","월세","21.4000","202510","24","300","37","8","2013","두정상가5길 10","202510~202610","신규","-","","","아파트"
"14499","충청남도 천안시 서북구 두정동","393-21","0393","0021","유보라천안두정역","월세","84.9778","202510","24","3,000","110","6","2025","천안대로 1050","202510~202710","신규","-","","","아파트"
"14500","충청남도 천안시 서북구 성거읍 요방리","160-22","0160","0022","육영원룸","월세","27.6000","202510","24","200","25","1","1996","망향로 343","202510~202710","신규","-","","","아파트"
"14501","충청남도 천안시 서북구 성정동","789","0789","0000","주공6-3","월세","46.9900","202510","24","500","45","2","1991","쌍용대로 289-11","202510~202710","신규","-","","","아파트"
"14502","충청남도 천안시 서북구 성정동","789","0789","0000","주공6-3","전세","46.9900","202510","24","8,000","0","6","1991","쌍용대로 289-11","202512~202712","신규","-","","","아파트"
"14503","충청남도 천안시 서북구 쌍용동","1561","1561","0000","월봉청솔2차","전세","48.4500","202510","24","9,000","0","1","2000","월봉7길 77","202512~202712","신규","-","","","아파트"
"14504","충청남도 천안시 서북구 쌍용동","1914","1914","0000","주공9","전세","49.7700","202510","24","10,700","0","9","1998","봉서산샛길 65","202511~202711","갱신","-","12,000","0","아파트"
"14505","충청남도 천안시 서북구 쌍용동","1561","1561","0000","월봉청솔2차","월세","48.4500","202510","24","1,000","53","15","2000","월봉7길 77","202511~202711","신규","-","","","아파트"
"14506","충청남도 천안시 서북구 쌍용동","1367","1367","0000","월봉청솔1단지","월세","50.1600","202510","24","1,000","60","10","2000","월봉4로 140-9","202510~202710","신규","-","","","아파트"
"14507","충청남도 천안시 서북구 쌍용동","1367","1367","0000","월봉청솔1단지","월세","50.1600","202510","24","1,000","60","10","2000","월봉4로 140-9","202510~202710","신규","-","","","아파트"
"14508","충청남도 천안시 서북구 성성동","827","0827","0000","천안시티자이","월세","74.6803","202510","24","3,000","130","22","2018","성성6로 21","202601~202802","신규","-","","","아파트"
"14509","충청남도 천안시 서북구 불당동","820","0820","0000","대동다숲","월세","74.7797","202510","24","2,000","82","1","2004","시청로 39","202512~202712","신규","-","","","아파트"
"14510","충청남도 천안시 서북구 불당동","1614","1614","0000","천안 불당 지웰시티푸르지오 2단지","전세","99.9220","202510","24","65,000","0","10","2017","불당26로 50","202601~202801","신규","-","","","아파트"
"14511","충청남도 천안시 서북구 차암동","543","0543","0000","e편한세상스마일시티2차","전세","59.9819","202510","24","20,000","0","13","2016","스마일시티2로 2","202511~202711","신규","-","","","아파트"
"14512","충청남도 천안시 서북구 백석동","979","0979","0000","천안백석푸르지오","월세","84.9222","202510","24","2,000","100","20","2010","한들2로 88","202511~202711","신규","-","","","아파트"
"14513","충청남도 천안시 서북구 직산읍 삼은리","76-67","0076","0067","브리엔츠아파트","전세","49.0711","202510","24","10,000","0","14","2019","삼은2길 26","202510~202710","신규","-","","","아파트"
"14514","충청남도 천안시 서북구 성환읍 성월리","150","0150","0000","현대한솔","월세","42.8400","202510","24","500","50","2","1997","성월2길 16","202510~202610","신규","-","","","아파트"
"14515","충청남도 계룡시 엄사면 엄사리","280","0280","0000","경남무궁화","월세","59.5200","202510","24","2,000","35","8","1996","번영로 43","202510~202710","신규","-","","","아파트"
"14516","충청남도 논산시 강경읍 산양리","249-2","0249","0002","금강빌리지아파트","월세","39.6000","202510","24","300","35","9","2001","동안로 96","202510~202610","신규","-","","","아파트"
"14517","충청남도 예산군 삽교읍 목리","832","0832","0000","이지더원센트럴에듀","전세","84.9200","202510","24","21,000","0","11","2024","예학로 111","202601~202801","신규","-","","","아파트"
"14518","충청남도 서산시 대산읍 영탑리","596","0596","0000","풍림","월세","84.7200","202510","24","500","65","13","1993","충의로 1839-7","202511~202711","신규","-","","","아파트"
"14519","충청남도 서산시 성연면 일람리","1081","1081","0000","서산테크노밸리우미린","월세","59.9050","202510","24","3,000","58","6","2022","성연3로 77","202512~202712","신규","-","","","아파트"
"14520","충청남도 아산시 신창면 남성리","476-6","0476","0006","아산한미금강","월세","59.3400","202510","24","500","45","6","1995","서부북로 813","202511~202711","신규","-","","","아파트"
"14521","충청남도 홍성군 홍성읍 남장리","522","0522","0000","홍성남장2주공","월세","59.8800","202510","24","3,621","21","13","2008","문화로72번길 72","202601~202712","갱신","-","3,459","20","아파트"
"14522","충청남도 서산시 대산읍 영탑리","596","0596","0000","풍림","월세","84.7200","202510","24","500","70","1","1993","충의로 1839-7","202510~202610","신규","-","","","아파트"
"14523","충청남도 서산시 성연면 일람리","1089","1089","0000","서산테크노밸리고운라피네","월세","84.6603","202510","24","1,000","80","2","2018","성연3로 57-30","202512~202711","신규","-","","","아파트"
"14524","충청남도 예산군 삽교읍 목리","832","0832","0000","이지더원센트럴에듀","전세","84.9200","202510","24","21,000","0","11","2024","예학로 111","202601~202801","신규","-","","","아파트"
"14525","충청남도 예산군 삽교읍 목리","832","0832","0000","이지더원센트럴에듀","월세","84.9700","202510","24","2,000","80","4","2024","예학로 111","202512~202712","신규","-","","","아파트"
"14526","충청남도 계룡시 엄사면 엄사리","367","0367","0000","두산신성","월세","59.7600","202510","24","500","45","3","1994","엄사중앙로 65-9","202511~202711","신규","-","","","아파트"
"14527","충청남도 부여군 규암면 외리","99","0099","0000","부여코아루더퍼스트","전세","59.9791","202510","24","18,000","0","9","2018","수북로 14-16","202511~202711","신규","-","","","아파트"
"14528","충청남도 예산군 삽교읍 목리","826","0826","0000","내포신도시대광로제비앙더럭셔리","월세","120.9585","202510","24","2,000","100","15","2025","홍예로 485","202510~202710","신규","-","","","아파트"
"14529","충청남도 태안군 태안읍 삭선리","281-25","0281","0025","해송마을1차","월세","39.9600","202510","24","300","35","6","1999","원이로 302","202511~202611","신규","-","","","아파트"
"14530","충청남도 홍성군 홍북읍 신경리","1372","1372","0000","한울마을LH2단지1BL","월세","36.9900","202510","24","4,978","7","18","2022","홍학로 124","202511~202710","갱신","-","3,127","18","아파트"
"14531","충청남도 홍성군 홍북읍 신경리","1372","1372","0000","한울마을LH2단지1BL","월세","36.9900","202510","24","4,978","7","27","2022","홍학로 124","202511~202710","갱신","-","3,127","18","아파트"
"14532","충청남도 홍성군 홍북읍 신경리","1168","1168","0000","롯데캐슬","전세","84.9696","202510","24","15,000","0","15","2012","신대로 34","202510~202710","신규","-","","","아파트"
"14533","충청남도 홍성군 홍북읍 신경리","1370","1370","0000","한울마을모아엘가아파트","전세","84.9867","202510","24","16,000","0","13","2016","홍학로 88","202512~202712","신규","-","","","아파트"
"14534","충청남도 당진시 송악읍 중흥리","887","0887","0000","당진송악경남아너스빌","월세","72.4360","202510","24","2,000","60","20","2021","중흥1길 50","202511~202611","신규","-","","","아파트"
"14535","충청남도 당진시 신평면 거산리","6-3","0006","0003","신세대","월세","39.7500","202510","24","500","35","9","2000","거산3거리길 66","202510~202608","갱신","사용","500","35","아파트"
"14536","충청남도 아산시 배방읍 공수리","282","0282","0000","배방삼정그린코아","전세","38.4900","202510","24","6,700","0","21","2012","모산로126번길 17-7","202601~202801","갱신","사용","6,700","0","아파트"
"14537","충청남도 아산시 배방읍 공수리","282","0282","0000","배방삼정그린코아","전세","38.4900","202510","24","7,000","0","2","2012","모산로126번길 17-7","202511~202711","갱신","사용","7,000","0","아파트"
"14538","충청남도 아산시 배방읍 공수리","282","0282","0000","배방삼정그린코아","전세","38.4900","202510","24","6,500","0","1","2012","모산로126번길 17-7","-","-","-","","","아파트"
"14539","충청남도 아산시 배방읍 공수리","282","0282","0000","배방삼정그린코아","전세","38.4900","202510","24","7,000","0","5","2012","모산로126번길 17-7","202511~202711","신규","-","","","아파트"
"14540","충청남도 아산시 배방읍 공수리","282","0282","0000","배방삼정그린코아","전세","38.4900","202510","24","6,500","0","1","2012","모산로126번길 17-7","202512~202712","신규","-","","","아파트"
"14541","충청남도 아산시 배방읍 공수리","1162","1162","0000","배방한성필하우스2단지","전세","84.9614","202510","24","18,000","0","10","2007","배방로 58-46","202512~202712","신규","-","","","아파트"
"14542","충청남도 아산시 배방읍 공수리","634","0634","0000","중앙하이츠오르젠2단지","전세","84.9880","202510","24","15,750","0","6","2006","배방로 58-11","202511~202711","갱신","사용","15,000","0","아파트"
"14543","충청남도 아산시 신창면 행목리","248-3","0248","0003","아산대주","월세","115.5000","202510","24","3,000","30","3","1994","행목로 152","202512~202712","신규","-","","","아파트"
"14544","충청남도 아산시 탕정면 매곡리","1379","1379","0000","아산탕정엘에이치5단지","월세","36.5200","202510","24","4,467","10","11","2020","한들물빛1로 7","202512~202711","갱신","-","3,172","17","아파트"
"14545","충청남도 아산시 신창면 행목리","498","0498","0000","아산신창양우내안애","월세","35.1000","202510","24","300","40","8","2014","행목로 202","202510~202610","신규","-","","","아파트"
"14546","충청남도 아산시 배방읍 장재리","1346","1346","0000","아산배방LH12단지","월세","26.4200","202510","24","3,416","7","7","2020","공원로 89","202601~202712","갱신","-","2,224","12","아파트"
"14547","충청남도 아산시 배방읍 장재리","1348","1348","0000","아산배방행복주택","월세","36.1400","202510","24","5,311","8","15","2018","공원로 69","202512~202711","갱신","-","3,409","18","아파트"
"14548","충청남도 아산시 배방읍 장재리","1348","1348","0000","아산배방행복주택","월세","36.1400","202510","24","5,311","8","9","2018","공원로 69","202512~202711","갱신","-","3,409","18","아파트"
"14549","충청남도 아산시 배방읍 장재리","1348","1348","0000","아산배방행복주택","월세","26.4100","202510","24","4,022","8","22","2018","공원로 69","202601~202712","갱신","-","2,491","13","아파트"
"14550","충청남도 아산시 배방읍 장재리","1767","1767","0000","요진와이시티","전세","114.1455","202510","24","44,000","0","22","2011","광장로 210","202512~202712","갱신","사용","42,000","0","아파트"
"14551","충청남도 아산시 배방읍 세교리","424-9","0424","0009","신라","전세","49.6800","202510","24","8,500","0","9","1997","온천대로 2358","202511~202711","신규","-","","","아파트"
"14552","충청남도 아산시 배방읍 세교리","1562","1562","0000","아산금강펜테리움센트럴파크","월세","74.9804","202510","24","3,000","120","15","2025","동방로 136","202512~202712","신규","-","","","아파트"
"14553","충청남도 아산시 배방읍 세교리","1522","1522","0000","엘리프아산탕정","전세","84.9700","202510","24","27,000","0","28","2025","동방로 220","202601~202701","신규","-","","","아파트"
"14554","충청남도 천안시 동남구 청당동","440","0440","0000","청당마을벽산블루밍","전세","117.8810","202510","24","24,000","0","5","2007","청당2길 118","202510~202710","갱신","-","24,000","0","아파트"
"14555","충청남도 천안시 동남구 청당동","1005","1005","0000","행정타운센트럴두산위브","월세","84.1601","202510","24","3,000","110","5","2023","청당5로 20","202511~202711","신규","-","","","아파트"
"14556","충청남도 아산시 배방읍 장재리","1767","1767","0000","요진와이시티","전세","114.1455","202510","24","44,000","0","22","2011","광장로 210","202512~202712","갱신","사용","42,000","0","아파트"
"14557","충청남도 당진시 송산면 유곡리","1312","1312","0000","당진해링턴플레이스에듀타운","월세","59.9180","202510","24","2,000","65","10","2022","서정2길 37","202511~202704","갱신","-","2,000","60","아파트"
"14558","충청남도 당진시 송산면 유곡리","861","0861","0000","당진엠코타운","월세","84.9464","202510","24","1,000","65","4","2013","유곡로 20","202512~202712","신규","-","","","아파트"
"14559","충청남도 당진시 송악읍 반촌리","987","0987","0000","당진롯데캐슬","전세","99.8825","202510","24","21,000","0","13","2012","반촌로 108","202510~202710","갱신","사용","20,000","0","아파트"
"14560","충청남도 천안시 동남구 봉명동","494","0494","0000","봉명청솔(3차)","전세","56.3400","202510","24","11,000","0","9","2001","봉서8길 13","202511~202711","갱신","-","11,300","0","아파트"
"14561","충청남도 아산시 둔포면 석곡리","1822","1822","0000","아산테크노밸리이지더원9단지","전세","84.9022","202510","24","26,000","0","20","2023","아산밸리남로 37","202512~202712","신규","-","","","아파트"
"14562","충청남도 아산시 배방읍 갈매리","508","0508","0000","배방자이","전세","123.4100","202510","24","26,300","0","14","2007","호서로 460","202601~202801","신규","-","","","아파트"
"14563","충청남도 아산시 배방읍 갈매리","508","0508","0000","배방자이","전세","123.4100","202510","24","26,300","0","14","2007","호서로 460","202601~202801","신규","-","","","아파트"
"14564","충청남도 아산시 음봉면 덕지리","21-3","0021","0003","초원그린타운","월세","39.2700","202510","24","300","33","4","1997","음봉로681번길 24","202510~202610","신규","-","","","아파트"
"14565","충청남도 아산시 음봉면 덕지리","580","0580","0000","더?레이크사이드","전세","84.9546","202510","24","16,000","0","9","2006","음봉로 567","202511~202711","갱신","사용","16,000","0","아파트"
"14566","충청남도 당진시 고대면 성산리","1623","1623","0000","LH천년나무4단지","월세","37.5000","202510","24","637","22","16","2022","해명1로 21","202601~202712","갱신","-","1,277","19","아파트"
"14567","충청남도 당진시 석문면 통정리","1730","1730","0000","당진석문엘에이치천년나무3단지","월세","26.3200","202510","24","1,686","7","5","2017","해명3로 10","202601~202712","갱신","-","1,458","8","아파트"
"14568","충청남도 아산시 신창면 행목리","498","0498","0000","아산신창양우내안애","월세","35.1000","202510","24","300","40","8","2014","행목로 202","202510~202610","신규","-","","","아파트"
"14569","충청남도 아산시 탕정면 용두리","720","0720","0000","더퍼스트休","월세","16.9800","202510","24","300","45","9","2021","용머리길 109","202511~202611","신규","-","","","아파트"
"14570","충청남도 아산시 탕정면 용두리","720","0720","0000","더퍼스트休","월세","16.9800","202510","24","0","50","3","2021","용머리길 109","202511~202602","신규","-","","","아파트"
"14571","충청남도 아산시 탕정면 용두리","724","0724","0000","월드메르디앙웰리지(B동)","월세","19.9636","202510","23","200","40","2","2023","용머리길 49","202511~202601","신규","-","","","아파트"
"14572","충청남도 천안시 동남구 청당동","1012","1012","0000","천안롯데캐슬더청당","월세","84.9962","202510","23","3,000","120","13","2025","청당4로 20","202511~202711","신규","-","","","아파트"
"14573","충청남도 아산시 배방읍 세교리","1522","1522","0000","엘리프아산탕정","전세","84.9700","202510","23","25,000","0","25","2025","동방로 220","202511~202711","신규","-","","","아파트"
"14574","충청남도 아산시 배방읍 세교리","424-9","0424","0009","신라","월세","59.3400","202510","23","500","60","7","1997","온천대로 2358","202512~202712","신규","-","","","아파트"
"14575","충청남도 천안시 동남구 청당동","1012","1012","0000","천안롯데캐슬더청당","전세","84.9950","202510","23","27,000","0","19","2025","청당4로 20","202601~202805","신규","-","","","아파트"
"14576","충청남도 천안시 동남구 청당동","458","0458","0000","한양수자인","월세","84.9344","202510","23","3,000","100","13","2011","청수4로 11","202511~202611","신규","-","","","아파트"
"14577","충청남도 천안시 동남구 청당동","1012","1012","0000","천안롯데캐슬더청당","월세","84.9962","202510","23","3,000","120","13","2025","청당4로 20","202511~202711","신규","-","","","아파트"
"14578","충청남도 아산시 탕정면 용두리","724","0724","0000","월드메르디앙웰리지(B동)","월세","23.6732","202510","23","200","60","9","2023","용머리길 49","202510~202604","신규","-","","","아파트"
"14579","충청남도 아산시 탕정면 용두리","720","0720","0000","더퍼스트休","월세","16.9800","202510","23","0","50","3","2021","용머리길 109","202511~202604","신규","-","","","아파트"
"14580","충청남도 아산시 탕정면 용두리","720","0720","0000","더퍼스트休","월세","19.9520","202510","23","52","52","9","2021","용머리길 109","202510~202601","신규","-","","","아파트"
"14581","충청남도 아산시 탕정면 용두리","724","0724","0000","월드메르디앙웰리지(B동)","월세","23.6732","202510","23","200","60","6","2023","용머리길 49","202510~202610","신규","-","","","아파트"
"14582","충청남도 아산시 탕정면 용두리","720","0720","0000","더퍼스트休","월세","19.9520","202510","23","52","52","4","2021","용머리길 109","202511~202602","신규","-","","","아파트"
"14583","충청남도 아산시 탕정면 매곡리","1380","1380","0000","한들물빛도시하늘채","전세","55.8500","202510","23","28,000","0","20","2022","한들물빛1로 8","202601~202801","신규","-","","","아파트"
"14584","충청남도 아산시 배방읍 공수리","1712","1712","0000","배방2차푸르지오","전세","84.9286","202510","23","25,000","0","4","2015","배방로 58-38","202510~202710","갱신","-","25,000","0","아파트"
"14585","충청남도 아산시 배방읍 공수리","1717","1717","0000","배방메이루즈아파트","월세","59.8009","202510","23","2,000","80","16","2017","북수로25번길 33","202511~202711","신규","-","","","아파트"
"14586","충청남도 공주시 의당면 청룡리","641-5","0641","0005","세광엔리치빌","전세","30.6438","202510","23","2,500","0","1","2000","연수원길 111","202511~202710","갱신","-","1,900","0","아파트"
"14587","충청남도 아산시 음봉면 산동리","1066","1066","0000","아산한라비발디스마트밸리","월세","54.8736","202510","23","2,000","85","16","2023","산동희망로 40","202512~202712","신규","-","","","아파트"
"14588","충청남도 아산시 배방읍 갈매리","508","0508","0000","배방자이","전세","123.4100","202510","23","25,000","0","5","2007","호서로 460","202510~202601","갱신","-","25,000","0","아파트"
"14589","충청남도 당진시 신평면 금천리","1642","1642","0000","당진신평LIG리가","월세","84.8410","202510","23","1,000","60","8","2010","신평로 792","202512~202712","신규","-","","","아파트"
"14590","충청남도 아산시 둔포면 석곡리","1793","1793","0000","아산테크노밸리이지더원6단지","전세","72.3669","202510","23","18,000","0","14","2017","아산밸리북로 68","202601~202801","신규","-","","","아파트"
"14591","충청남도 아산시 둔포면 석곡리","1793","1793","0000","아산테크노밸리이지더원6단지","전세","72.3669","202510","23","18,000","0","14","2017","아산밸리북로 68","202512~202712","신규","-","","","아파트"
"14592","충청남도 천안시 동남구 봉명동","9","0009","0000","우영","전세","39.9600","202510","23","6,000","0","3","1988","우영1길 10","-","-","-","","","아파트"
"14593","충청남도 천안시 동남구 봉명동","494","0494","0000","봉명청솔(3차)","월세","56.3400","202510","23","1,000","60","13","2001","봉서8길 13","202511~202711","신규","-","","","아파트"
"14594","충청남도 당진시 송악읍 가학리","690","0690","0000","당진송악e편한세상","전세","84.9690","202510","23","18,000","0","13","2010","반촌로 103","202510~202710","갱신","-","19,000","0","아파트"
"14595","충청남도 아산시 배방읍 북수리","1534","1534","0000","롯데캐슬","전세","84.9858","202510","23","18,000","0","7","2008","북수로 183","202511~202711","신규","-","","","아파트"
"14596","충청남도 당진시 우강면 창리","396","0396","0000","합덕우강유탑유블레스","월세","76.3500","202510","23","2,000","65","19","2021","합우로 323-9","202511~202711","신규","-","","","아파트"
"14597","충청남도 당진시 송악읍 반촌리","985","0985","0000","HB한빛101동","전세","84.9700","202510","23","12,000","0","4","2007","반촌로 125","202511~202711","신규","-","","","아파트"
"14598","충청남도 아산시 배방읍 장재리","1767","1767","0000","요진와이시티","전세","59.8868","202510","23","26,000","0","11","2011","광장로 210","202512~202712","신규","-","","","아파트"
"14599","충청남도 아산시 배방읍 장재리","1541","1541","0000","연화마을휴먼시아7단지","월세","46.8400","202510","23","2,776","15","15","2008","연화로 16","202512~202711","갱신","-","2,695","14","아파트"
"14600","충청남도 아산시 배방읍 장재리","1844","1844","0000","천안아산역 리슈빌","전세","84.1100","202510","23","19,950","0","17","2010","장재로 27","202510~202710","갱신","사용","19,000","0","아파트"
"14601","충청남도 아산시 배방읍 장재리","1348","1348","0000","아산배방행복주택","월세","36.1400","202510","23","5,311","8","16","2018","공원로 69","202601~202712","갱신","-","3,409","18","아파트"
"14602","충청남도 아산시 배방읍 장재리","1767","1767","0000","요진와이시티","월세","84.7086","202510","23","3,000","80","20","2011","광장로 210","202511~202711","신규","-","","","아파트"
"14603","충청남도 아산시 신창면 행목리","498","0498","0000","아산신창양우내안애","월세","35.1000","202510","23","300","30","14","2014","행목로 202","202510~202610","신규","-","","","아파트"
"14604","충청남도 아산시 탕정면 갈산리","892","0892","0000","호반써밋그랜드마크V(5차)","월세","59.8430","202510","23","2,500","100","28","2023","갈산교로 250","202511~202711","신규","-","","","아파트"
"14605","충청남도 아산시 탕정면 갈산리","883","0883","0000","호반써밋그랜드마크Ⅰ(1차)","전세","84.9060","202510","23","35,000","0","24","2023","갈산샛들로 57","202512~202804","신규","-","","","아파트"
"14606","충청남도 아산시 탕정면 갈산리","893","0893","0000","호반써밋그랜드마크VI(6차)","전세","84.6249","202510","23","26,250","0","15","2023","갈산교로 224","202510~202710","갱신","사용","25,000","0","아파트"
"14607","충청남도 아산시 탕정면 갈산리","883","0883","0000","호반써밋그랜드마크Ⅰ(1차)","전세","84.6249","202510","23","24,150","0","27","2023","갈산샛들로 57","202510~202710","갱신","사용","23,000","0","아파트"
"14608","충청남도 천안시 동남구 영성동","67-2","0067","0002","영성펜타폴리스25","전세","59.3119","202510","23","8,971","0","15","2017","대흥로 90","202510~202712","신규","-","","","아파트"
"14609","충청남도 천안시 서북구 성성동","827","0827","0000","천안시티자이","월세","84.9474","202510","23","2,000","160","18","2018","성성6로 21","202511~202611","신규","-","","","아파트"
"14610","충청남도 천안시 서북구 쌍용동","1914","1914","0000","주공9","월세","39.6900","202510","23","500","40","4","1998","봉서산샛길 65","202510~202710","신규","-","","","아파트"
"14611","충청남도 천안시 서북구 쌍용동","1282","1282","0000","주공7단지2차","월세","41.8500","202510","23","500","45","5","1995","쌍용11길 55","202510~202710","신규","-","","","아파트"
"14612","충청남도 천안시 서북구 쌍용동","1920","1920","0000","쌍용마을뜨란채,주공아파트","월세","59.9500","202510","23","13,400","15","12","1999","봉서산샛길 64","-","-","-","","","아파트"
"14613","충청남도 천안시 서북구 백석동","915","0915","0000","그린빌1차","전세","84.9900","202510","23","20,500","0","7","2002","백석3로 69","202511~202711","신규","-","","","아파트"
"14614","충청남도 천안시 서북구 직산읍 상덕리","107","0107","0000","직산산호","월세","49.8000","202510","23","500","40","1","1997","양당율금길 4-30","202510~202610","신규","-","","","아파트"
"14615","충청남도 천안시 서북구 성환읍 수향리","466-5","0466","0005","한미래","월세","49.8000","202510","23","500","40","1","2003","안궁1길 2","202510~202710","신규","-","","","아파트"
"14616","충청남도 천안시 동남구 풍세면 보성리","772","0772","0000","천안한양수자인에코시티","월세","84.9610","202510","23","300","40","2","2023","풍세산단로 290","202510~202604","신규","-","","","아파트"
"14617","충청남도 천안시 서북구 두정동","1332","1332","0000","더리치빌2","월세","20.3200","202510","23","2,000","12","9","2013","두정상가3길 20","202511~202703","신규","-","","","아파트"
"14618","충청남도 천안시 서북구 성성동","734","0734","0000","천안성성비스타동원","월세","84.9915","202510","23","3,000","150","26","2024","성성6로 129","202512~202712","신규","-","","","아파트"
"14619","충청남도 천안시 서북구 불당동","1498","1498","0000","천안불당 지웰푸르지오","월세","84.9920","202510","23","7,000","150","13","2016","불당24로 38","202512~202712","신규","-","","","아파트"
"14620","충청남도 천안시 서북구 불당동","820","0820","0000","대동다숲","전세","74.7797","202510","23","22,000","0","5","2004","시청로 39","202512~202712","신규","-","","","아파트"
"14621","충청남도 천안시 서북구 불당동","820","0820","0000","대동다숲","전세","74.7797","202510","23","22,000","0","5","2004","시청로 39","202512~202712","신규","-","","","아파트"
"14622","충청남도 천안시 서북구 불당동","757","0757","0000","불당아이파크","월세","134.3100","202510","23","7,000","240","2","2004","불당17길 14","202512~202712","신규","-","","","아파트"
"14623","충청남도 천안시 동남구 목천읍 신계리","103-4","0103","0004","목천신도브래뉴1차","전세","84.9800","202510","23","12,000","0","8","2004","신계5길 47","202601~202801","신규","-","","","아파트"
"14624","충청남도 천안시 서북구 쌍용동","1920","1920","0000","쌍용마을뜨란채,주공아파트","월세","59.9500","202510","23","13,400","15","12","1999","봉서산샛길 64","202511~202711","신규","-","","","아파트"
"14625","충청남도 천안시 서북구 두정동","2082","2082","0000","힐스테이트두정역","전세","102.7981","202510","23","40,000","0","2","2025","북일로 50","202512~202712","신규","-","","","아파트"
"14626","충청남도 천안시 서북구 성정동","1345","1345","0000","프라지움7차","월세","27.6476","202510","23","2,000","40","12","2016","성정공원6길 37","202510~202610","신규","-","","","아파트"
"14627","충청남도 천안시 서북구 두정동","1409","1409","0000","두정래미안","월세","34.5500","202510","23","500","55","6","2012","두정상가5길 3","202510~202610","신규","-","","","아파트"
"14628","충청남도 천안시 서북구 두정동","1464","1464","0000","아크로텔천안두정","월세","17.3700","202510","23","500","28","9","2015","성정두정로 70","202511~202611","신규","-","","","아파트"
"14629","충청남도 천안시 서북구 불당동","1545","1545","0000","천안불당린스트라우스1단지","전세","84.9729","202510","23","42,000","0","16","2017","불당19로 95","202511~202711","갱신","-","42,000","0","아파트"
"14630","충청남도 천안시 서북구 와촌동","186","0186","0000","천안역사동아라이크텐","전세","84.9864","202510","23","25,000","0","3","2021","천안천4길 20","202511~202711","신규","-","","","아파트"
"14631","충청남도 천안시 서북구 두정동","399-1","0399","0001","두정역범양레우스알파","월세","59.9857","202510","23","9,000","25","5","2020","두정공원2길 26","202512~202712","신규","-","","","아파트"
"14632","충청남도 천안시 서북구 두정동","393-21","0393","0021","유보라천안두정역","전세","84.9608","202510","23","29,000","0","8","2025","천안대로 1050","202511~202711","신규","-","","","아파트"
"14633","충청남도 천안시 서북구 두정동","2055","2055","0000","이편한세상-천안두정2차","월세","84.8801","202510","23","25,000","10","12","2013","노태산로 145","202511~202711","신규","-","","","아파트"
"14634","충청남도 천안시 서북구 차암동","550","0550","0000","천안스마일시티효성해링턴플레이스","전세","59.9476","202510","23","16,000","0","3","2016","스마일시티2로 1","202602~202609","갱신","-","16,000","0","아파트"
"14635","충청남도 아산시 모종동","625","0625","0000","대림이편한세상","월세","119.4280","202510","23","2,000","105","17","2006","문화로 355","202510~202910","신규","-","","","아파트"
"14636","충청남도 논산시 취암동","80","0080","0000","주공1단지","월세","46.2000","202510","23","1,000","55","6","2002","중앙로260번길 59-5","202510~202710","신규","-","","","아파트"
"14637","충청남도 논산시 취암동","508","0508","0000","에버그린","전세","26.0762","202510","23","7,500","0","2","2021","중앙로 313","202512~202712","신규","-","","","아파트"
"14638","충청남도 아산시 풍기동","514","0514","0000","아산풍기이지더원1차아파트","전세","72.1590","202510","23","18,900","0","4","2017","어의정로 184","202512~202712","갱신","사용","18,000","0","아파트"
"14639","충청남도 아산시 풍기동","514","0514","0000","아산풍기이지더원1차아파트","전세","72.1590","202510","23","18,900","0","4","2017","어의정로 184","202512~202712","갱신","사용","18,000","0","아파트"
"14640","충청남도 당진시 원당동","1251","1251","0000","원당마을주공1단지","월세","51.7400","202510","23","2,000","55","7","2003","밤절로 103","202511~202710","신규","-","","","아파트"
"14641","충청남도 당진시 수청동","1844","1844","0000","당진센트레빌르네블루1차","전세","84.9169","202510","23","19,950","0","13","2023","수청중앙로 85","202511~202711","갱신","사용","19,000","0","아파트"
"14642","충청남도 당진시 대덕동","1877","1877","0000","중흥S-클래스포레힐","월세","84.9352","202510","23","17,500","12","5","2024","대덕1로 102-57","202601~202801","신규","-","","","아파트"
"14643","충청남도 논산시 취암동","508","0508","0000","에버그린","전세","26.0762","202510","23","7,500","0","2","2021","중앙로 313","202512~202712","신규","-","","","아파트"
"14644","충청남도 아산시 권곡동","627","0627","0000","아산한신더휴","월세","84.9700","202510","23","4,000","60","19","2025","문화로 257-45","202510~202712","신규","-","","","아파트"
"14645","충청남도 서산시 읍내동","624-5","0624","0005","부영","월세","49.7200","202510","23","400","50","13","1996","부춘1로 19","202510~202710","신규","-","","","아파트"
"14646","충청남도 서산시 읍내동","76-1","0076","0001","서산푸르밸리","전세","25.1169","202510","23","7,000","0","5","2017","안견로 322","202511~202611","신규","-","","","아파트"
"14647","충청남도 천안시 동남구 안서동","223-3","0223","0003","고운여의주","월세","59.9680","202510","23","1,000","70","7","2004","안서1길 5-16","202601~202801","신규","-","","","아파트"
"14648","충청남도 당진시 채운동","1152","1152","0000","당진채운동양우내안애아파트","월세","59.9726","202510","23","1,000","70","22","2018","백암로 99","202511~202710","신규","-","","","아파트"
"14649","충청남도 천안시 동남구 신부동","1004","1004","0000","더샵신부센트라","전세","84.9319","202510","23","27,000","0","6","2025","북일로 85","202511~202711","신규","-","","","아파트"
"14650","충청남도 천안시 동남구 신부동","986","0986","0000","신부 디 이스트","월세","59.9300","202510","23","2,000","92","12","2018","신부8길 21","202511~202711","신규","-","","","아파트"
"14651","충청남도 천안시 동남구 신방동","1911","1911","0000","신방푸르지오","전세","84.9625","202510","23","17,000","0","3","2009","통정9로 51","-","-","-","","","아파트"
"14652","충청남도 아산시 온천동","3149","3149","0000","아산온천삼일파라뷰시그니처","전세","59.8123","202510","23","20,000","0","10","2024","문화공원로 42","202601~203003","신규","-","","","아파트"
"14653","충청남도 천안시 서북구 신당동","468-7","0468","0007","SC그린아파트","월세","62.3900","202510","23","1,000","55","8","2023","천일고2길 113-16","202511~202611","신규","-","","","아파트"
"14654","충청남도 서산시 수석동","688-83","0688","0083","매화","월세","45.1300","202510","23","500","37","2","1992","한성지3로 32","202510~202710","신규","-","","","아파트"
"14655","충청남도 천안시 동남구 신방동","902","0902","0000","삼일원앙","월세","38.9200","202510","23","6,600","6","5","1997","신촌로 5","-","-","-","","","아파트"
"14656","충청남도 천안시 동남구 신방동","1911","1911","0000","신방푸르지오","전세","84.9625","202510","23","17,000","0","3","2009","통정9로 51","202511~202711","신규","-","","","아파트"
"14657","충청남도 천안시 동남구 신방동","902","0902","0000","삼일원앙","월세","38.9200","202510","23","6,600","6","5","1997","신촌로 5","202511~202711","신규","-","","","아파트"
"14658","충청남도 천안시 동남구 신방동","920","0920","0000","초원그린타운","월세","39.2700","202510","23","500","38","15","1998","신촌4로 16","202510~202710","신규","-","","","아파트"
"14659","충청남도 천안시 동남구 신방동","902","0902","0000","삼일원앙","월세","28.1200","202510","23","300","35","9","1997","신촌로 5","202510~202610","신규","-","","","아파트"
"14660","충청남도 천안시 동남구 신방동","873","0873","0000","성지새말1","전세","59.9700","202510","23","12,000","0","17","1997","일봉로 17","202511~202711","신규","-","","","아파트"
"14661","충청남도 천안시 동남구 신방동","1892","1892","0000","천안신방행복주택","월세","36.2500","202510","23","1,016","25","3","2018","통정11로 80","202512~202711","갱신","-","3,046","16","아파트"
"14662","충청남도 천안시 동남구 신방동","920","0920","0000","초원그린타운","전세","39.2700","202510","23","6,800","0","14","1998","신촌4로 16","202511~202711","신규","-","","","아파트"
"14663","충청남도 아산시 온천동","260-28","0260","0028","아산칸타빌센트럴시티","전세","59.9817","202510","23","17,500","0","21","2024","아산로17번길 5","202511~202711","신규","-","","","아파트"
"14664","충청남도 당진시 대덕동","1883","1883","0000","당진대덕수청시티프라디움2차","전세","84.9973","202510","23","16,900","0","2","2021","대덕1로 50","202512~202712","신규","-","","","아파트"
"14665","충청남도 공주시 신관동","683","0683","0000","신관주공6차:휴먼시아","월세","41.5500","202510","23","2,175","14","4","2009","관골2길 36","202510~202711","신규","-","","","아파트"
"14666","충청남도 천안시 서북구 부대동","762","0762","0000","천안부성LH행복주택","월세","20.8800","202510","23","3,547","6","5","2022","부성18로 71","202512~202711","갱신","-","2,376","12","아파트"
"14667","충청남도 공주시 신관동","19","0019","0000","주공4단지","월세","59.9900","202510","23","1,000","60","10","1998","신금2길 48","202510~202710","신규","-","","","아파트"
"14668","충청남도 공주시 소학동","254-3","0254","0003","아이젠아파트","전세","84.7875","202510","23","18,000","0","5","2019","창벽로 42-31","202511~202711","신규","-","","","아파트"
"14669","충청남도 공주시 금학동","389","0389","0000","금학e-편한세상","전세","84.6866","202510","23","21,000","0","9","2008","우금티로 580","202512~202712","신규","-","","","아파트"
"14670","충청남도 당진시 시곡동","136-1","0136","0001","우민늘사랑","전세","39.5600","202510","23","4,100","0","5","2007","서해로 6216","202510~202710","신규","-","","","아파트"
"14671","충청남도 서산시 동문동","449-3","0449","0003","평화맨션","월세","71.0100","202510","23","1,000","30","5","1986","대사동12로 19","202511~202811","신규","-","","","아파트"
"14672","충청남도 논산시 취암동","79","0079","0000","세중세미클래식","월세","36.2900","202510","23","300","45","13","2000","체육로 39","202510~202710","신규","-","","","아파트"
"14673","충청남도 아산시 신창면 남성리","177-2","0177","0002","샘마을","전세","39.2700","202510","23","3,150","0","7","2001","남성길 85","202510~202710","갱신","-","3,150","0","아파트"
"14674","충청남도 천안시 동남구 문화동","179","0179","0000","힐스테이트천안","전세","59.9201","202510","23","22,000","0","31","2021","옛시청길 29","202511~202711","신규","-","","","아파트"
"14675","충청남도 홍성군 홍북읍 신경리","947-1","0947","0001","내포신도시모아미래도메가시티2차","월세","84.9957","202510","23","3,000","70","3","2024","신대로 119","202512~202712","신규","-","","","아파트"
"14676","충청남도 계룡시 엄사면 엄사리","226-4","0226","0004","삼진","전세","37.5900","202510","23","5,000","0","6","1997","번영3길 73-12","202510~202710","신규","-","","","아파트"
"14677","충청남도 계룡시 엄사면 엄사리","587","0587","0000","계룡파라디아","전세","84.7648","202510","23","15,380","0","13","2016","번영로 113-32","202510~202612","신규","-","","","아파트"
"14678","충청남도 홍성군 홍북읍 신경리","1370","1370","0000","한울마을모아엘가아파트","전세","84.9867","202510","23","15,000","0","14","2016","홍학로 88","202511~202711","신규","-","","","아파트"
"14679","충청남도 홍성군 홍북읍 신경리","945","0945","0000","자경마을중흥에스클래스","전세","84.9785","202510","23","15,990","0","9","2016","자경로 17","202510~202710","신규","-","","","아파트"
"14680","충청남도 계룡시 엄사면 엄사리","587","0587","0000","계룡파라디아","전세","84.8435","202510","23","15,480","0","5","2016","번영로 113-32","202510~202612","신규","-","","","아파트"
"14681","충청남도 예산군 삽교읍 목리","894-1","0894","0001","내포신도시이지더원아파트","월세","84.8007","202510","23","3,000","70","15","2017","수암천로 11","202512~202712","신규","-","","","아파트"
"14682","충청남도 계룡시 두마면 농소리","972","0972","0000","계룡대실 리슈빌","전세","59.9800","202510","23","16,800","0","11","2021","농소로 64","202510~202710","갱신","사용","16,000","0","아파트"
"14683","충청남도 홍성군 홍북읍 신경리","1370","1370","0000","한울마을모아엘가아파트","전세","84.9867","202510","23","15,000","0","7","2016","홍학로 88","202511~202711","신규","-","","","아파트"
"14684","충청남도 홍성군 홍성읍 오관리","808","0808","0000","세광엔리치타워","월세","84.9595","202510","23","1,000","60","1","2006","충서로 1506","202511~202711","신규","-","","","아파트"
"14685","충청남도 서산시 대산읍 대산리","1550","1550","0000","한성필하우스아파트","전세","59.9912","202510","23","14,000","0","10","2017","정자동2로 16","202512~202712","신규","-","","","아파트"
"14686","충청남도 계룡시 두마면 농소리","973","0973","0000","푸르지오더퍼스트","월세","59.6989","202510","22","3,000","80","6","2022","농소로 63","202510~202710","신규","-","","","아파트"
"14687","충청남도 아산시 신창면 남성리","177-2","0177","0002","샘마을","월세","39.2700","202510","22","300","35","7","2001","남성길 85","202511~202711","신규","-","","","아파트"
"14688","충청남도 홍성군 홍성읍 내법리","285-78","0285","0078","현광","월세","59.9900","202510","22","1,000","35","6","1997","도청대로96번길 85-17","202511~202610","신규","-","","","아파트"
"14689","충청남도 홍성군 홍성읍 월산리","850","0850","0000","부영1차","전세","49.8420","202510","22","6,921","0","15","2003","월산로30번길 39","202601~202701","갱신","-","6,921","0","아파트"
"14690","충청남도 홍성군 홍성읍 월산리","851","0851","0000","부영2차(851-0)","전세","59.9870","202510","22","8,186","0","1","2004","월산로30번길 38","202512~202712","신규","-","","","아파트"
"14691","충청남도 논산시 강경읍 산양리","249-2","0249","0002","금강빌리지아파트","월세","39.6000","202510","22","300","35","9","2001","동안로 96","202510~202710","신규","-","","","아파트"
"14692","충청남도 아산시 신창면 남성리","845","0845","0000","신아산모아엘가비스타1차아파트","월세","84.9143","202510","22","17,670","7","16","2023","남성길 72","202511~202711","신규","-","","","아파트"
"14693","충청남도 아산시 신창면 남성리","845","0845","0000","신아산모아엘가비스타1차아파트","월세","75.1101","202510","22","15,590","6","5","2023","남성길 72","202511~202711","신규","-","","","아파트"
"14694","충청남도 아산시 신창면 남성리","845","0845","0000","신아산모아엘가비스타1차아파트","월세","59.9967","202510","22","13,447","5","5","2023","남성길 72","202510~202710","신규","-","","","아파트"
"14695","충청남도 아산시 신창면 남성리","845","0845","0000","신아산모아엘가비스타1차아파트","월세","75.8692","202510","22","15,517","6","4","2023","남성길 72","202511~202711","신규","-","","","아파트"
"14696","충청남도 아산시 신창면 남성리","845","0845","0000","신아산모아엘가비스타1차아파트","월세","84.9143","202510","22","17,670","7","6","2023","남성길 72","202510~202710","신규","-","","","아파트"
"14697","충청남도 아산시 신창면 남성리","845","0845","0000","신아산모아엘가비스타1차아파트","월세","75.1101","202510","22","15,590","6","8","2023","남성길 72","202511~202711","신규","-","","","아파트"
"14698","충청남도 아산시 신창면 남성리","845","0845","0000","신아산모아엘가비스타1차아파트","월세","84.9143","202510","22","17,670","7","12","2023","남성길 72","202511~202711","신규","-","","","아파트"
"14699","충청남도 홍성군 홍북읍 봉신리","289-1","0289","0001","동진아파트","전세","49.6800","202510","22","4,500","0","3","1998","도청대로 211","202601~202801","신규","-","","","아파트"
"14700","충청남도 서산시 성연면 왕정리","712","0712","0000","힐스테이트서산아파트","월세","75.0647","202510","22","1,000","80","3","2017","성연3로 76","202511~202711","신규","-","","","아파트"
"14701","충청남도 계룡시 두마면 농소리","970","0970","0000","계룡자이","전세","84.9960","202510","22","33,000","0","19","2023","대실남북로 81","202511~202711","신규","-","","","아파트"
"14702","충청남도 계룡시 두마면 농소리","970","0970","0000","계룡자이","전세","84.9960","202510","22","33,000","0","19","2023","대실남북로 81","202511~202711","신규","-","","","아파트"
"14703","충청남도 계룡시 두마면 농소리","970","0970","0000","계룡자이","전세","84.9801","202510","22","35,000","0","5","2023","대실남북로 81","202511~202711","신규","-","","","아파트"
"14704","충청남도 태안군 원북면 반계리","307","0307","0000","한중","월세","59.9400","202510","22","100","40","1","1993","옥파로 24","202510~202710","신규","-","","","아파트"
"14705","충청남도 태안군 태안읍 평천리","738","0738","0000","태안평천LH3단지","월세","29.2000","202510","22","2,324","6","3","2023","동평로 32","202511~202710","갱신","-","2,297","6","아파트"
"14706","충청남도 서산시 성연면 왕정리","725","0725","0000","e편한세상서산테크노밸리","월세","59.9921","202510","22","2,000","70","12","2018","성연4로 46","202511~202711","신규","-","","","아파트"
"14707","충청남도 계룡시 엄사면 엄사리","282","0282","0000","성원","월세","58.3200","202510","22","500","45","11","1997","엄사중앙로 66","202512~202712","신규","-","","","아파트"
"14708","충청남도 홍성군 홍북읍 신경리","945","0945","0000","자경마을중흥에스클래스","전세","73.9850","202510","22","13,570","0","4","2016","자경로 17","202510~202710","신규","-","","","아파트"
"14709","충청남도 홍성군 홍북읍 신경리","1372","1372","0000","한울마을LH2단지1BL","월세","36.9600","202510","22","3,078","18","8","2022","홍학로 124","202511~202710","갱신","-","3,127","18","아파트"
"14710","충청남도 홍성군 홍북읍 신경리","1370","1370","0000","한울마을모아엘가아파트","전세","72.7518","202510","22","14,000","0","12","2016","홍학로 88","202511~202711","신규","-","","","아파트"
"14711","충청남도 홍성군 홍북읍 신경리","1204","1204","0000","엘에이치스타힐스","월세","74.7500","202510","22","2,000","50","5","2015","홍예로 213","-","-","-","","","아파트"
"14712","충청남도 천안시 동남구 문화동","181","0181","0000","천안역필하우스에듀시티(2단지)","전세","73.9949","202510","22","24,000","0","4","2022","성황로 66","202601~202801","신규","-","","","아파트"
"14713","충청남도 서산시 음암면 부산리","527-1","0527","0001","한성스위트빌","월세","38.8260","202510","22","300","40","8","2001","서령로 325-23","202510~202710","신규","-","","","아파트"
"14714","충청남도 서산시 성연면 일람리","1081","1081","0000","서산테크노밸리우미린","월세","59.9050","202510","22","13,000","16","6","2022","성연3로 77","202511~202711","신규","-","","","아파트"
"14715","충청남도 서산시 성연면 일람리","1089","1089","0000","서산테크노밸리고운라피네","전세","84.6603","202510","22","18,000","0","4","2018","성연3로 57-30","202511~202711","신규","-","","","아파트"
"14716","충청남도 천안시 동남구 목천읍 신계리","127-2","0127","0002","천안목천협성엠파이어","전세","39.8200","202510","22","5,700","0","4","2013","충절로 874","-","-","-","","","아파트"
"14717","충청남도 천안시 서북구 차암동","550","0550","0000","천안스마일시티효성해링턴플레이스","전세","51.9931","202510","22","17,000","0","8","2016","스마일시티2로 1","202511~202711","갱신","사용","16,865","0","아파트"
"14718","충청남도 천안시 동남구 목천읍 삼성리","9-6","0009","0006","원앙마을부영2차","전세","49.9200","202510","22","6,900","0","2","1999","삼성5길 41","-","-","-","","","아파트"
"14719","충청남도 천안시 서북구 차암동","550","0550","0000","천안스마일시티효성해링턴플레이스","전세","51.9931","202510","22","17,000","0","8","2016","스마일시티2로 1","202511~202711","갱신","사용","16,865","0","아파트"
"14720","충청남도 천안시 서북구 쌍용동","1367","1367","0000","월봉청솔1단지","전세","50.1600","202510","22","10,800","0","10","2000","월봉4로 140-9","202511~202711","신규","-","","","아파트"
"14721","충청남도 천안시 서북구 성정동","1570","1570","0000","천안역경남아너스빌어반하이츠","월세","84.8722","202510","22","2,000","100","12","2025","축구센터로 100","202510~202710","신규","-","","","아파트"
"14722","충청남도 천안시 서북구 성정동","1562","1562","0000","천안역우방아이유쉘","월세","84.9975","202510","22","2,000","100","18","2018","천안천6길 33","202601~202801","신규","-","","","아파트"
"14723","충청남도 천안시 서북구 성정동","823","0823","0000","선경","월세","59.8500","202510","22","1,500","50","2","1994","도원2길 39","202512~202711","신규","-","","","아파트"
"14724","충청남도 천안시 서북구 쌍용동","1282","1282","0000","주공7단지2차","월세","41.8500","202510","22","500","45","8","1995","쌍용11길 55","202511~202711","신규","-","","","아파트"
"14725","충청남도 천안시 서북구 쌍용동","2134","2134","0000","천안쌍용역코오롱하늘채","전세","59.9300","202510","22","22,000","0","4","2018","월봉로 15","202512~202712","신규","-","","","아파트"
"14726","충청남도 천안시 동남구 목천읍 삼성리","9-6","0009","0006","원앙마을부영2차","전세","49.9200","202510","22","6,900","0","2","1999","삼성5길 41","202511~202711","신규","-","","","아파트"
"14727","충청남도 천안시 서북구 두정동","527","0527","0000","주공그린(8단지)","월세","49.9600","202510","22","1,000","60","14","1996","봉정로 381","202511~202711","신규","-","","","아파트"
"14728","충청남도 천안시 서북구 백석동","910","0910","0000","주공3단지","월세","51.9500","202510","22","3,982","10","10","2002","백석3로 70","202601~202712","갱신","-","0","22","아파트"
"14729","충청남도 천안시 서북구 백석동","910","0910","0000","주공3단지","월세","51.9500","202510","22","3,982","23","10","2002","백석3로 70","202601~202712","갱신","-","1,730","22","아파트"
"14730","충청남도 천안시 서북구 쌍용동","565","0565","0000","한라동백","월세","59.7600","202510","22","9,500","30","1","1995","쌍용17길 13","202511~202711","신규","-","","","아파트"
"14731","충청남도 천안시 서북구 두정동","1418","1418","0000","해피드림4차","월세","42.7300","202510","22","1,000","60","10","2017","두정상가5길 2","202510~202610","신규","-","","","아파트"
"14732","충청남도 천안시 서북구 두정동","401-1","0401","0001","e편한세상두정4차","월세","62.6313","202510","22","2,000","85","4","2018","두정공원2길 50","202512~202712","신규","-","","","아파트"
"14733","충청남도 천안시 서북구 두정동","2055","2055","0000","이편한세상-천안두정2차","월세","72.6915","202510","22","2,000","100","22","2013","노태산로 145","202511~202711","신규","-","","","아파트"
"14734","충청남도 천안시 서북구 두정동","399-1","0399","0001","두정역범양레우스알파","월세","74.9633","202510","22","10,400","31","15","2020","두정공원2길 26","202512~202712","갱신","-","10,400","28","아파트"
"14735","충청남도 천안시 동남구 풍세면 보성리","772","0772","0000","천안한양수자인에코시티","월세","84.9647","202510","22","1,000","75","18","2023","풍세산단로 290","202510~202610","신규","-","","","아파트"
"14736","충청남도 천안시 서북구 불당동","1463","1463","0000","천안불당엘에이치1단지","월세","36.7100","202510","22","6,424","10","8","2019","불당24로 9","202512~202711","갱신","-","3,985","21","아파트"
"14737","충청남도 천안시 서북구 두정동","526-1","0526","0001","극동늘푸른","월세","84.9000","202510","22","2,000","85","10","1996","늘푸른6길 41","202510~202710","신규","-","","","아파트"
"14738","충청남도 천안시 동남구 병천면 가전리","68-3","0068","0003","신한","월세","49.7700","202510","22","300","35","3","1997","충절로 1638","202511~202710","신규","-","","","아파트"
"14739","충청남도 천안시 서북구 쌍용동","1914","1914","0000","주공9","월세","39.6900","202510","22","500","38","2","1998","봉서산샛길 65","202510~202710","신규","-","","","아파트"
"14740","충청남도 천안시 서북구 차암동","442","0442","0000","e편한세상스마일시티","월세","59.9200","202510","22","2,000","90","2","2015","스마일시티1로 55","202511~202611","신규","-","","","아파트"
"14741","충청남도 천안시 서북구 성성동","697","0697","0000","천안레이크타운2차푸르지오","월세","84.9076","202510","22","3,000","135","24","2018","성성9로 14","202512~202712","신규","-","","","아파트"
"14742","충청남도 천안시 서북구 쌍용동","1279","1279","0000","라이프타운","전세","182.0700","202510","22","21,000","0","7","1994","쌍용11길 33","202511~202711","갱신","-","21,000","0","아파트"
"14743","충청남도 천안시 서북구 불당동","1548","1548","0000","천안불당지웰더샵","전세","99.3422","202510","22","60,000","0","11","2016","불당26로 77","202601~202801","신규","-","","","아파트"
"14744","충청남도 천안시 서북구 쌍용동","1233","1233","0000","광명","월세","84.5600","202510","22","1,500","70","11","1993","미라2길 19","202512~202712","신규","-","","","아파트"
"14745","충청남도 천안시 동남구 목천읍 삼성리","9-6","0009","0006","원앙마을부영2차","전세","49.9200","202510","22","6,900","0","2","1999","삼성5길 41","-","-","-","","","아파트"
"14746","충청남도 천안시 서북구 쌍용동","1289","1289","0000","주공7단지3차","전세","59.8500","202510","22","10,000","0","2","1995","쌍용11길 58","202511~202602","갱신","-","10,000","0","아파트"
"14747","충청남도 천안시 서북구 불당동","1846","1846","0000","불당호반써밋플레이스센터시티","전세","84.9694","202510","22","44,500","0","8","2017","불당25로 8","202512~202712","신규","-","","","아파트"
"14748","충청남도 천안시 서북구 쌍용동","565","0565","0000","한라동백","월세","59.7600","202510","22","9,500","30","1","1995","쌍용17길 13","-","-","-","","","아파트"
"14749","충청남도 천안시 동남구 청당동","978","0978","0000","청당동한양수자인블루시티","전세","84.7795","202510","22","23,000","0","15","2018","청당4로 60","202512~202712","신규","-","","","아파트"
"14750","충청남도 아산시 신창면 읍내리","579-9","0579","0009","경희학성","월세","29.5100","202510","22","100","32","1","1996","순천향로 49","202510~202610","신규","-","","","아파트"
"14751","충청남도 천안시 동남구 청당동","1012","1012","0000","천안롯데캐슬더청당","전세","84.9950","202510","22","25,000","0","9","2025","청당4로 20","202511~202711","신규","-","","","아파트"
"14752","충청남도 아산시 배방읍 북수리","1873","1873","0000","충남꿈비채아산배방","월세","44.7994","202510","22","4,000","14","1","2022","월천5길 30","202510~202712","신규","-","","","아파트"
"14753","충청남도 아산시 배방읍 장재리","1348","1348","0000","아산배방행복주택","월세","16.6700","202510","22","393","12","16","2018","공원로 69","202512~202711","갱신","-","1,547","8","아파트"
"14754","충청남도 아산시 배방읍 장재리","1346","1346","0000","아산배방LH12단지","월세","16.7900","202510","22","1,887","7","3","2020","공원로 89","202512~202711","갱신","-","1,541","8","아파트"
"14755","충청남도 천안시 동남구 청당동","1012","1012","0000","천안롯데캐슬더청당","전세","84.9950","202510","22","25,000","0","9","2025","청당4로 20","202511~202711","신규","-","","","아파트"
"14756","충청남도 천안시 동남구 청당동","992","0992","0000","청당코오롱하늘채","월세","59.9189","202510","22","2,000","85","1","2019","광풍로 1800","202601~202801","신규","-","","","아파트"
"14757","충청남도 당진시 송악읍 중흥리","396-1","0396","0001","세종그랑시아","월세","47.5200","202510","22","500","40","1","2005","중흥1길 51","202512~202712","신규","-","","","아파트"
"14758","충청남도 당진시 송산면 유곡리","861","0861","0000","당진엠코타운","월세","84.8896","202510","22","1,000","65","7","2013","유곡로 20","202511~202711","신규","-","","","아파트"
"14759","충청남도 아산시 배방읍 갈매리","508","0508","0000","배방자이","전세","84.9400","202510","22","17,000","0","7","2007","호서로 460","202511~202711","신규","-","","","아파트"
"14760","충청남도 아산시 염치읍 방현리","442","0442","0000","한남프레시앙","전세","60.0000","202510","22","7,500","0","13","2002","충무로308번길 24","202512~202712","신규","-","","","아파트"
"14761","충청남도 아산시 음봉면 산동리","427-1","0427","0001","삼일원앙","월세","39.7300","202510","22","300","35","4","1997","음봉로 847","202510~202610","신규","-","","","아파트"
"14762","충청남도 아산시 배방읍 공수리","1728","1728","0000","한양수자인2차아파트","전세","52.4134","202510","22","17,500","0","6","2020","북수로 31","202511~202711","갱신","사용","17,800","0","아파트"
"14763","충청남도 아산시 배방읍 공수리","1728","1728","0000","한양수자인2차아파트","전세","52.4134","202510","22","17,500","0","6","2020","북수로 31","202511~202711","갱신","-","17,800","0","아파트"
"14764","충청남도 아산시 배방읍 공수리","282","0282","0000","배방삼정그린코아","전세","38.4900","202510","22","7,250","0","16","2012","모산로126번길 17-7","202512~202712","신규","-","","","아파트"
"14765","충청남도 아산시 배방읍 공수리","1728","1728","0000","한양수자인2차아파트","전세","52.4134","202510","22","17,800","0","6","2020","북수로 31","202511~202711","신규","-","","","아파트"
"14766","충청남도 아산시 음봉면 산동리","427-1","0427","0001","삼일원앙","월세","39.7300","202510","22","300","35","6","1997","음봉로 847","202510~202610","신규","-","","","아파트"
"14767","충청남도 아산시 음봉면 산동리","427-1","0427","0001","삼일원앙","월세","39.7300","202510","22","300","43","11","1997","음봉로 847","202510~202610","갱신","-","300","43","아파트"
"14768","충청남도 아산시 탕정면 매곡리","1385","1385","0000","한들물빛도시신영지웰시티센트럴푸르지오1단지","전세","68.9239","202510","22","37,000","0","26","2022","한들물빛도시로 69","202602~202802","신규","-","","","아파트"
"14769","충청남도 아산시 탕정면 명암리","809","0809","0000","탕정삼성트라팰리스(1단지~3단지)","전세","84.9900","202510","22","31,500","0","34","2009","탕정면로 37","202601~202801","갱신","사용","30,000","0","아파트"
"14770","충청남도 아산시 음봉면 동암리","714","0714","0000","아산더샵레이크시티3차","월세","84.9900","202510","22","1,000","95","18","2015","음봉로 515-37","202510~202610","신규","-","","","아파트"
"14771","충청남도 아산시 탕정면 매곡리","1387","1387","0000","신영한들물빛도시지웰시티센트럴푸르지오3단지","전세","84.9953","202510","22","41,000","0","14","2022","한들물빛5로 36","202601~202801","갱신","사용","41,000","0","아파트"
"14772","충청남도 아산시 탕정면 매곡리","1386","1386","0000","신영한들물빛도시지웰시티센트럴푸르지오2단지","전세","84.7160","202510","22","45,000","0","29","2022","한들물빛도시로 70","202602~202802","신규","-","","","아파트"
"14773","충청남도 아산시 탕정면 갈산리","884","0884","0000","호반써밋그랜드마크II(2차)","전세","84.6249","202510","22","35,000","0","11","2023","갈산샛들로 67","202512~202712","신규","-","","","아파트"
"14774","충청남도 당진시 송악읍 기지시리","510","0510","0000","힐스테이트당진","월세","59.9909","202510","22","10,275","27","20","2016","틀모시로 738","202510~202712","신규","-","","","아파트"
"14775","충청남도 당진시 수청동","1844","1844","0000","당진센트레빌르네블루1차","전세","84.9169","202510","22","30,000","0","12","2023","수청중앙로 85","202510~202710","신규","-","","","아파트"
"14776","충청남도 당진시 수청동","2199","2199","0000","하이앤","월세","84.9641","202510","22","26,000","4","13","2024","수청3로 49","-","-","-","","","아파트"
"14777","충청남도 당진시 수청동","1562","1562","0000","호반써밋시그니처Ⅱ","월세","84.4927","202510","22","3,000","100","18","2023","수청1로 51","202601~202801","신규","-","","","아파트"
"14778","충청남도 논산시 대교동","344","0344","0000","논산아이파크","월세","84.9800","202510","22","10,000","100","7","2025","해월로259번길 23","202510~202710","신규","-","","","아파트"
"14779","충청남도 서산시 죽성동","74-1","0074","0001","삼성1차","전세","126.7300","202510","22","12,000","0","13","1993","남부순환로 767","202512~202712","신규","-","","","아파트"
"14780","충청남도 서산시 동문동","228","0228","0000","주공","전세","39.3000","202510","22","3,500","0","5","1988","율지18로 24","202510~202710","신규","-","","","아파트"
"14781","충청남도 천안시 동남구 신방동","897","0897","0000","두레현대2","전세","71.6820","202510","22","14,600","0","15","1997","서부대로 252","202512~202712","신규","-","","","아파트"
"14782","충청남도 천안시 동남구 신방동","897","0897","0000","두레현대2","전세","71.6820","202510","22","15,000","0","15","1997","서부대로 252","202512~202712","신규","-","","","아파트"
"14783","충청남도 천안시 동남구 신방동","895","0895","0000","두레현대1","월세","59.9950","202510","22","1,000","60","1","1997","일봉로 34","202510~202710","신규","-","","","아파트"
"14784","충청남도 천안시 동남구 신방동","874","0874","0000","성지새말2","월세","59.9700","202510","22","1,000","70","7","1997","일봉로 20","202510~202710","신규","-","","","아파트"
"14785","충청남도 천안시 동남구 신방동","920","0920","0000","초원그린타운","월세","39.2700","202510","22","500","40","9","1998","신촌4로 16","202510~202710","신규","-","","","아파트"
"14786","충청남도 논산시 강산동","698","0698","0000","논산강산한신청솔","전세","59.8500","202510","22","9,000","0","12","2000","논산대로 269-19","202512~202712","신규","-","","","아파트"
"14787","충청남도 아산시 권곡동","627","0627","0000","아산한신더휴","월세","84.9100","202510","22","1,000","95","4","2025","문화로 257-45","202511~202711","신규","-","","","아파트"
"14788","충청남도 보령시 동대동","414-2","0414","0002","동대주공2","월세","39.9900","202510","22","300","40","3","1991","주공로 33","202511~202611","신규","-","","","아파트"
"14789","충청남도 논산시 취암동","80","0080","0000","주공1단지","월세","46.2000","202510","22","1,000","45","4","2002","중앙로260번길 59-5","202511~202711","신규","-","","","아파트"
"14790","충청남도 아산시 모종동","734","0734","0000","모종2차삼일파라뷰센트럴","전세","59.5604","202510","22","22,050","0","12","2022","모종북로 22","202511~203010","신규","-","","","아파트"
"14791","충청남도 서산시 죽성동","74-1","0074","0001","삼성1차","전세","126.7300","202510","22","12,000","0","13","1993","남부순환로 767","202511~202711","신규","-","","","아파트"
"14792","충청남도 당진시 대덕동","1883","1883","0000","당진대덕수청시티프라디움2차","전세","84.9960","202510","22","17,300","0","3","2021","대덕1로 50","202512~202712","신규","-","","","아파트"
"14793","충청남도 당진시 대덕동","1879","1879","0000","중흥에스-클래스파크힐","전세","84.9352","202510","22","22,000","0","10","2020","대덕1로 102-15","202510~202710","신규","-","","","아파트"
"14794","충청남도 당진시 대덕동","1879","1879","0000","중흥에스-클래스파크힐","전세","84.9352","202510","22","18,000","0","8","2020","대덕1로 102-15","202511~202704","갱신","사용","17,500","0","아파트"
"14795","충청남도 공주시 금흥동","259","0259","0000","새뜸현대4","월세","99.9500","202510","22","3,000","80","5","1999","신금1길 98","202511~202711","신규","-","","","아파트"
"14796","충청남도 공주시 신관동","1","0001","0000","새뜸현대3차","월세","59.5000","202510","22","2,000","55","3","1996","신금1길 72","202512~202712","신규","-","","","아파트"
"14797","충청남도 천안시 동남구 안서동","211","0211","0000","부경파크빌2차","월세","135.8050","202510","22","16,000","10","2","2004","성불사길 36","202512~202712","신규","-","","","아파트"
"14798","충청남도 천안시 동남구 신부동","859","0859","0000","우방","월세","84.9700","202510","22","1,000","85","19","1995","중앙로 265-36","202511~202711","신규","-","","","아파트"
"14799","충청남도 천안시 동남구 신부동","451-8","0451","0008","스카이타워","월세","21.0800","202510","22","500","50","16","2014","먹거리11길 5","202511~202611","신규","-","","","아파트"
"14800","충청남도 계룡시 금암동","163-3","0163","0003","계룡한양아이클래스","월세","34.6800","202510","22","500","45","3","2015","서금암로 10","202510~202610","신규","-","","","아파트"
"14801","충청남도 서산시 읍내동","624-5","0624","0005","부영","월세","49.7200","202510","22","500","50","4","1996","부춘1로 19","202510~202710","신규","-","","","아파트"
"14802","충청남도 아산시 풍기동","514","0514","0000","아산풍기이지더원1차아파트","월세","72.5720","202510","22","17,000","35","3","2017","어의정로 184","202511~202711","신규","-","","","아파트"
"14803","충청남도 천안시 서북구 신당동","284-1","0284","0001","신당코아루","전세","84.9669","202510","22","12,000","0","2","2005","신당새터2길 55","202510~202710","신규","-","","","아파트"
"14804","충청남도 아산시 권곡동","627","0627","0000","아산한신더휴","전세","84.9700","202510","22","20,000","0","13","2025","문화로 257-45","202512~202712","신규","-","","","아파트"
"14805","충청남도 아산시 풍기동","229-71","0229","0071","주은","월세","31.2000","202510","22","300","30","16","2000","어의정로183번길 14","202511~202711","신규","-","","","아파트"
"14806","충청남도 당진시 대덕동","1879","1879","0000","중흥에스-클래스파크힐","전세","84.9352","202510","21","20,000","0","5","2020","대덕1로 102-15","202512~202712","신규","-","","","아파트"
"14807","충청남도 공주시 옥룡동","5","0005","0000","금강빌라","전세","68.6100","202510","21","5,500","0","3","1986","버드나무1길 69","202511~202711","신규","-","","","아파트"
"14808","충청남도 공주시 금흥동","628","0628","0000","공주월송흥화하브","전세","84.8963","202510","21","29,000","0","2","2018","무령로 599-40","202511~202711","신규","-","","","아파트"
"14809","충청남도 천안시 동남구 신방동","920","0920","0000","초원그린타운","월세","39.2700","202510","21","500","45","13","1998","신촌4로 16","202511~202711","신규","-","","","아파트"
"14810","충청남도 공주시 신관동","686","0686","0000","공주신관동효성해링턴플레이스","월세","59.9660","202510","21","4,000","70","16","2017","관골2길 35","202601~202801","신규","-","","","아파트"
"14811","충청남도 천안시 동남구 신방동","920","0920","0000","초원그린타운","전세","39.2700","202510","21","6,500","0","15","1998","신촌4로 16","202511~202711","신규","-","","","아파트"
"14812","충청남도 공주시 신관동","664","0664","0000","주공5차","전세","51.8800","202510","21","13,500","0","1","2005","관골2길 24-29","202511~202711","신규","-","","","아파트"
"14813","충청남도 당진시 원당동","312","0312","0000","당진청구","월세","84.8700","202510","21","500","52","5","1997","원당골길 31","202511~202611","신규","-","","","아파트"
"14814","충청남도 공주시 신관동","5-7","0005","0007","대아아이투빌","월세","84.9368","202510","21","2,000","75","3","2002","번영1로 194-7","-","-","-","","","아파트"
"14815","충청남도 공주시 신관동","5-7","0005","0007","대아아이투빌","월세","84.9368","202510","21","2,000","75","3","2002","번영1로 194-7","202512~202712","신규","-","","","아파트"
"14816","충청남도 공주시 신관동","495-83","0495","0083","리버하임","월세","16.1911","202510","21","500","40","2","2013","금벽로 357-8","202511~202610","신규","-","","","아파트"
"14817","충청남도 당진시 대덕동","1879","1879","0000","중흥에스-클래스파크힐","전세","84.9352","202510","21","19,500","0","4","2020","대덕1로 102-15","202511~202711","신규","-","","","아파트"
"14818","충청남도 당진시 대덕동","1879","1879","0000","중흥에스-클래스파크힐","전세","84.9352","202510","21","20,000","0","12","2020","대덕1로 102-15","202511~202711","신규","-","","","아파트"
"14819","충청남도 공주시 옥룡동","5","0005","0000","금강빌라","전세","68.6100","202510","21","5,500","0","3","1986","버드나무1길 69","202511~202711","신규","-","","","아파트"
"14820","충청남도 천안시 동남구 신방동","2191","2191","0000","신방삼부르네상스","전세","75.9828","202510","21","20,000","0","13","2023","풍세로 678-22","202511~202711","갱신","사용","20,000","0","아파트"
"14821","충청남도 천안시 동남구 신방동","1066","1066","0000","천안하나리움아인스파크","월세","59.9281","202510","21","5,840","37","14","2016","통정3로 77","202511~202711","신규","-","","","아파트"
"14822","충청남도 서산시 석림동","697-7","0697","0007","스마트702","월세","18.4044","202510","21","300","33","6","2013","한마음4로 24","202510~202610","신규","-","","","아파트"
"14823","충청남도 아산시 권곡동","627","0627","0000","아산한신더휴","전세","84.9700","202510","21","20,000","0","15","2025","문화로 257-45","202512~202712","신규","-","","","아파트"
"14824","충청남도 서산시 석림동","463-1","0463","0001","석림주공2단지","월세","58.1400","202510","21","500","45","10","1996","석림4로 83","202511~202711","신규","-","","","아파트"
"14825","충청남도 서산시 읍내동","76-1","0076","0001","서산푸르밸리","월세","25.1169","202510","21","500","45","15","2017","안견로 322","202510~202610","신규","-","","","아파트"
"14826","충청남도 천안시 동남구 신방동","1066","1066","0000","천안하나리움아인스파크","월세","59.9281","202510","21","5,840","37","14","2016","통정3로 77","-","-","-","","","아파트"
"14827","충청남도 아산시 모종동","640","0640","0000","모종캐슬어울림2단지","전세","59.8477","202510","21","17,800","0","3","2017","모종로22번길 33","202511~202711","갱신","사용","17,000","0","아파트"
"14828","충청남도 보령시 동대동","1967","1967","0000","휴먼시아보령동대4단지","월세","36.6500","202510","21","1,213","11","11","2009","한내로터리길 92","202511~202710","갱신","-","1,177","11","아파트"
"14829","충청남도 아산시 장존동","305","0305","0000","청솔","월세","39.9940","202510","21","300","35","12","2004","외암로 1247","202510~202710","신규","-","","","아파트"
"14830","충청남도 아산시 권곡동","627","0627","0000","아산한신더휴","전세","84.9700","202510","21","22,000","0","15","2025","문화로 257-45","202510~202710","신규","-","","","아파트"
"14831","충청남도 천안시 동남구 신부동","986","0986","0000","신부 디 이스트","전세","59.9300","202510","21","24,000","0","3","2018","신부8길 21","202511~202711","신규","-","","","아파트"
"14832","충청남도 당진시 채운동","1124","1124","0000","채운공원휴먼빌","월세","118.4348","202510","21","2,000","70","8","2009","백암로 219-64","202511~202711","신규","-","","","아파트"
"14833","충청남도 천안시 동남구 안서동","304-1","0304","0001","동보스타빌","월세","24.1800","202510","21","300","40","4","1996","각원사길 59-5","202512~202702","신규","-","","","아파트"
"14834","충청남도 당진시 대덕동","1883","1883","0000","당진대덕수청시티프라디움2차","전세","84.9960","202510","21","18,700","0","12","2021","대덕1로 50","-","-","-","","","아파트"
"14835","충청남도 당진시 대덕동","1883","1883","0000","당진대덕수청시티프라디움2차","전세","84.9960","202510","21","18,700","0","12","2021","대덕1로 50","202512~202712","신규","-","","","아파트"
"14836","충청남도 천안시 동남구 신방동","2191","2191","0000","신방삼부르네상스","전세","59.9828","202510","21","16,800","0","13","2023","풍세로 678-22","202511~202711","갱신","사용","16,000","0","아파트"
"14837","충청남도 당진시 대덕동","1877","1877","0000","중흥S-클래스포레힐","월세","84.9352","202510","21","17,500","12","6","2024","대덕1로 102-57","202512~202711","신규","-","","","아파트"
"14838","충청남도 천안시 서북구 성정동","1323","1323","0000","프라지움8차","월세","30.5817","202510","21","500","60","12","2016","오성로 130","202510~202610","신규","-","","","아파트"
"14839","충청남도 천안시 동남구 목천읍 신계리","134-3","0134","0003","목천이수프라임","전세","39.6800","202510","21","4,000","0","1","2000","충절로 892","202510~202710","신규","-","","","아파트"
"14840","충청남도 천안시 동남구 목천읍 신계리","134-3","0134","0003","목천이수프라임","월세","39.6800","202510","21","300","35","3","2000","충절로 892","202511~202611","신규","-","","","아파트"
"14841","충청남도 천안시 서북구 쌍용동","652","0652","0000","일성3차(능수)","전세","59.6800","202510","21","13,500","0","5","1994","쌍용17길 25","202511~202711","신규","-","","","아파트"
"14842","충청남도 천안시 서북구 쌍용동","2134","2134","0000","천안쌍용역코오롱하늘채","월세","59.9300","202510","21","2,000","85","2","2018","월봉로 15","202512~202703","신규","-","","","아파트"
"14843","충청남도 천안시 서북구 쌍용동","1282","1282","0000","주공7단지2차","전세","41.8500","202510","21","8,000","0","7","1995","쌍용11길 55","202511~202711","신규","-","","","아파트"
"14844","충청남도 천안시 서북구 쌍용동","1914","1914","0000","주공9","전세","39.6900","202510","21","8,200","0","9","1998","봉서산샛길 65","202511~202711","신규","-","","","아파트"
"14845","충청남도 천안시 서북구 쌍용동","567","0567","0000","시영2차근로복지","월세","49.6700","202510","21","1,000","55","8","1994","쌍용18길 69","202511~202711","갱신","사용","1,000","55","아파트"
"14846","충청남도 천안시 서북구 두정동","399-1","0399","0001","두정역범양레우스알파","월세","74.9633","202510","21","10,400","31","8","2020","두정공원2길 26","202512~202711","신규","-","","","아파트"
"14847","충청남도 천안시 서북구 차암동","550","0550","0000","천안스마일시티효성해링턴플레이스","전세","59.9476","202510","21","19,000","0","7","2016","스마일시티2로 1","202511~202711","신규","-","","","아파트"
"14848","충청남도 천안시 서북구 성정동","1439","1439","0000","라임스톤","월세","18.9435","202510","21","300","35","8","2014","성정공원3길 6","202510~202610","신규","-","","","아파트"
"14849","충청남도 천안시 서북구 성환읍 매주리","183","0183","0000","성환부영","월세","59.7600","202510","21","1,000","60","2","1998","천안대로 1843","202510~202610","신규","-","","","아파트"
"14850","충청남도 천안시 서북구 쌍용동","1914","1914","0000","주공9","전세","49.7700","202510","21","10,200","0","15","1998","봉서산샛길 65","202511~202711","신규","-","","","아파트"
"14851","충청남도 천안시 서북구 쌍용동","1914","1914","0000","주공9","월세","49.7700","202510","21","1,000","53","4","1998","봉서산샛길 65","202511~202711","신규","-","","","아파트"
"14852","충청남도 천안시 서북구 두정동","526-1","0526","0001","극동늘푸른","전세","59.9100","202510","21","16,000","0","4","1996","늘푸른6길 42","202511~202605","갱신","-","17,850","0","아파트"
"14853","충청남도 천안시 동남구 풍세면 보성리","772","0772","0000","천안한양수자인에코시티","월세","84.9610","202510","21","1,000","65","4","2023","풍세산단로 290","202511~202611","신규","-","","","아파트"
"14854","충청남도 천안시 동남구 풍세면 보성리","772","0772","0000","천안한양수자인에코시티","월세","84.9610","202510","21","300","43","8","2023","풍세산단로 290","202511~202611","신규","-","","","아파트"
"14855","충청남도 천안시 서북구 두정동","1293","1293","0000","천안펜타폴리스2차","월세","18.1100","202510","21","300","42","10","2013","두정로 212","202511~202611","신규","-","","","아파트"
"14856","충청남도 천안시 서북구 두정동","526-1","0526","0001","극동늘푸른","월세","59.9100","202510","21","2,000","60","13","1996","늘푸른6길 41","202511~202711","신규","-","","","아파트"
"14857","충청남도 천안시 서북구 성거읍 저리","26-7","0026","0007","아느칸빌","월세","39.0600","202510","21","500","38","7","2004","성거길 181-1","202510~202610","신규","-","","","아파트"
"14858","충청남도 천안시 서북구 불당동","1289","1289","0000","펜타포트(103동)","전세","144.4450","202510","21","50,000","0","29","2011","공원로 196","202512~202712","신규","-","","","아파트"
"14859","충청남도 천안시 서북구 불당동","1426","1426","0000","불당풍림아이원아파트","전세","45.7798","202510","21","16,200","0","2","2016","불당14로 11","202510~202710","갱신","사용","18,000","0","아파트"
"14860","충청남도 홍성군 홍북읍 신경리","945","0945","0000","자경마을중흥에스클래스","전세","73.9850","202510","21","13,990","0","6","2016","자경로 17","202510~202710","신규","-","","","아파트"
"14861","충청남도 홍성군 홍북읍 신경리","1372","1372","0000","한울마을LH2단지2BL","월세","29.7900","202510","21","2,908","7","13","2022","홍예로 163","202512~202711","갱신","-","2,873","7","아파트"
"14862","충청남도 홍성군 홍북읍 신경리","947-2","0947","0002","내포신도시모아미래도메가시티1차","전세","84.9957","202510","21","21,000","0","20","2024","신대로 135","202601~202801","신규","-","","","아파트"
"14863","충청남도 홍성군 홍북읍 신경리","1176","1176","0000","신리마을상록아파트","월세","54.7600","202510","21","4,908","7","2","2016","홍학로 25","202511~202711","갱신","-","4,968","7","아파트"
"14864","충청남도 서천군 서천읍 화금리","660-5","0660","0005","서천루지움","전세","84.9392","202510","21","18,000","0","4","2024","화금서길 38","202512~202712","신규","-","","","아파트"
"14865","충청남도 서천군 서천읍 화금리","660-5","0660","0005","서천루지움","전세","84.9392","202510","21","19,000","0","7","2024","화금서길 38","202511~202711","신규","-","","","아파트"
"14866","충청남도 서천군 서천읍 화금리","660-5","0660","0005","서천루지움","전세","84.9392","202510","21","18,200","0","7","2024","화금서길 38","202512~202712","신규","-","","","아파트"
"14867","충청남도 서천군 서천읍 화금리","660-5","0660","0005","서천루지움","전세","84.9392","202510","21","18,000","0","4","2024","화금서길 38","202512~202712","신규","-","","","아파트"
"14868","충청남도 예산군 예산읍 예산리","771","0771","0000","예산행정타운신동아파밀리에","전세","84.9288","202510","21","18,000","0","16","2017","군청로3길 16","202511~202711","신규","-","","","아파트"
"14869","충청남도 홍성군 홍북읍 신경리","1176","1176","0000","신리마을상록아파트","전세","54.7600","202510","21","8,181","0","3","2016","홍학로 25","202512~202712","갱신","-","9,564","0","아파트"
"14870","충청남도 계룡시 두마면 농소리","973","0973","0000","푸르지오더퍼스트","전세","59.6989","202510","21","19,000","0","4","2022","농소로 63","202512~202712","신규","-","","","아파트"
"14871","충청남도 서산시 성연면 일람리","1081","1081","0000","서산테크노밸리우미린","월세","59.9050","202510","21","13,000","16","22","2022","성연3로 77","202510~202710","신규","-","","","아파트"
"14872","충청남도 서산시 성연면 일람리","1129","1129","0000","이안더서산아파트","월세","84.9476","202510","21","2,000","80","14","2018","성연4로 28","202511~202711","신규","-","","","아파트"
"14873","충청남도 홍성군 홍북읍 신경리","1372","1372","0000","한울마을LH2단지1BL","월세","36.9900","202510","21","4,978","7","14","2022","홍학로 124","202511~202710","갱신","-","3,127","18","아파트"
"14874","충청남도 홍성군 홍북읍 신경리","1373","1373","0000","가람마을엘에이치1단지","월세","37.7000","202510","21","1,916","21","14","2023","홍예로 164","202511~202712","신규","-","","","아파트"
"14875","충청남도 아산시 신창면 남성리","852","0852","0000","아산삼부르네상스더힐","전세","59.9345","202510","21","12,000","0","18","2024","천우물로 22","-","-","-","","","아파트"
"14876","충청남도 홍성군 홍북읍 신경리","1373","1373","0000","가람마을엘에이치1단지","월세","37.7000","202510","21","1,916","21","13","2023","홍예로 164","202511~202712","신규","-","","","아파트"
"14877","충청남도 예산군 삽교읍 목리","826","0826","0000","내포신도시대광로제비앙더럭셔리","전세","120.5450","202510","21","25,000","0","7","2025","홍예로 485","202511~202711","신규","-","","","아파트"
"14878","충청남도 아산시 음봉면 덕지리","21-3","0021","0003","초원그린타운","전세","39.2700","202510","21","4,650","0","5","1997","음봉로681번길 24","202512~202612","신규","-","","","아파트"
"14879","충청남도 아산시 탕정면 명암리","809","0809","0000","탕정삼성트라팰리스(4단지)","전세","107.0400","202510","21","42,000","0","27","2013","탕정면로 37","202512~202712","갱신","사용","40,000","0","아파트"
"14880","충청남도 당진시 송악읍 중흥리","887","0887","0000","당진송악경남아너스빌","전세","59.9340","202510","21","11,000","0","8","2021","중흥1길 50","202601~202801","신규","-","","","아파트"
"14881","충청남도 당진시 송악읍 기지시리","504","0504","0000","힐스테이트당진2차","전세","84.7848","202510","21","22,000","0","7","2018","틀모시로 737","202512~202712","신규","-","","","아파트"
"14882","충청남도 아산시 음봉면 덕지리","580","0580","0000","더?레이크사이드","월세","164.4073","202510","21","1,000","130","6","2006","음봉로 567","202512~202711","신규","-","","","아파트"
"14883","충청남도 당진시 송악읍 기지시리","512","0512","0000","당진푸르지오센트럴파크","전세","84.9971","202510","21","18,000","0","6","2024","틀모시로 768-38","202510~202710","신규","-","","","아파트"
"14884","충청남도 아산시 탕정면 용두리","720","0720","0000","더퍼스트休","월세","19.9520","202510","21","52","52","7","2021","용머리길 109","202510~202601","신규","-","","","아파트"
"14885","충청남도 당진시 송악읍 기지시리","504","0504","0000","힐스테이트당진2차","월세","74.8014","202510","21","2,000","79","8","2018","틀모시로 737","202511~202711","신규","-","","","아파트"
"14886","충청남도 아산시 탕정면 명암리","809","0809","0000","탕정삼성트라팰리스(1단지~3단지)","월세","108.8600","202510","21","5,000","150","21","2009","탕정면로 37","202512~202712","신규","-","","","아파트"
"14887","충청남도 아산시 배방읍 장재리","1844","1844","0000","천안아산역 리슈빌","월세","84.1500","202510","21","3,000","100","8","2010","장재로 27","202511~202711","신규","-","","","아파트"
"14888","충청남도 천안시 동남구 봉명동","494","0494","0000","봉명청솔(3차)","전세","56.3400","202510","21","11,000","0","9","2001","봉서8길 13","202512~202712","신규","-","","","아파트"
"14889","충청남도 아산시 배방읍 장재리","1844","1844","0000","천안아산역 리슈빌","월세","84.2900","202510","21","3,000","100","1","2010","장재로 27","202511~202711","신규","-","","","아파트"
"14890","충청남도 아산시 탕정면 용두리","722","0722","0000","월드메르디앙웰리지(A동)","월세","22.8247","202510","21","200","60","11","2023","용머리길 41","202511~202610","신규","-","","","아파트"
"14891","충청남도 천안시 동남구 청당동","980","0980","0000","행정타운두산위브더파크","월세","84.9940","202510","21","3,000","85","2","2018","청당3길 147","202601~202801","신규","-","","","아파트"
"14892","충청남도 천안시 동남구 봉명동","494","0494","0000","봉명청솔(3차)","전세","56.3400","202510","21","11,000","0","10","2001","봉서8길 13","202511~202711","신규","-","","","아파트"
"14893","충청남도 천안시 동남구 청당동","1001","1001","0000","청당서희스타힐스","월세","74.7619","202510","21","3,000","100","17","2022","청당4로 45","202512~202803","신규","-","","","아파트"
"14894","충청남도 아산시 음봉면 월랑리","702","0702","0000","아산더샵레이크시티2차","월세","84.9800","202510","21","2,000","100","1","2015","음봉로 515-38","202601~202712","신규","-","","","아파트"
"14895","충청남도 당진시 송악읍 중흥리","887","0887","0000","당진송악경남아너스빌","전세","59.9340","202510","21","11,000","0","8","2021","중흥1길 50","202601~202801","신규","-","","","아파트"
"14896","충청남도 아산시 탕정면 용두리","724","0724","0000","월드메르디앙웰리지(B동)","월세","23.6732","202510","21","200","60","13","2023","용머리길 49","202510~202604","신규","-","","","아파트"
"14897","충청남도 아산시 배방읍 세교리","1562","1562","0000","아산금강펜테리움센트럴파크","월세","74.9804","202510","21","5,000","100","12","2025","동방로 136","202511~202711","신규","-","","","아파트"
"14898","충청남도 아산시 배방읍 세교리","424-9","0424","0009","신라","월세","49.6800","202510","21","500","50","8","1997","온천대로 2358","202511~202611","신규","-","","","아파트"
"14899","충청남도 아산시 배방읍 공수리","282","0282","0000","배방삼정그린코아","월세","38.4900","202510","21","500","50","12","2012","모산로126번길 17-7","202511~202711","신규","-","","","아파트"
"14900","충청남도 당진시 송악읍 반촌리","420-6","0420","0006","반촌명지","월세","59.8500","202510","21","500","35","6","1995","반촌로 288-5","202510~202601","신규","-","","","아파트"
"14901","충청남도 당진시 신평면 거산리","6-3","0006","0003","신세대","월세","59.9400","202510","21","1,000","45","6","2000","거산3거리길 66","202510~202610","신규","-","","","아파트"
"14902","충청남도 당진시 신평면 거산리","6-3","0006","0003","신세대","월세","59.9400","202510","21","1,000","45","6","2000","거산3거리길 66","202510~202610","신규","-","","","아파트"
"14903","충청남도 천안시 동남구 영성동","67-2","0067","0002","영성펜타폴리스25","월세","59.2577","202510","21","1,000","40","12","2017","대흥로 90","202510~202710","신규","-","","","아파트"
"14904","충청남도 아산시 음봉면 산동리","427-1","0427","0001","삼일원앙","월세","59.5200","202510","21","500","55","12","1997","음봉로 847","202510~202610","신규","-","","","아파트"
"14905","충청남도 아산시 탕정면 갈산리","892","0892","0000","호반써밋그랜드마크V(5차)","전세","59.8430","202510","21","28,000","0","9","2023","갈산교로 250","202601~202801","신규","-","","","아파트"
"14906","충청남도 아산시 둔포면 석곡리","1793","1793","0000","아산테크노밸리이지더원6단지","월세","72.3669","202510","20","1,000","100","6","2017","아산밸리북로 68","202510~202710","신규","-","","","아파트"
"14907","충청남도 아산시 염치읍 방현리","442","0442","0000","한남프레시앙","전세","60.0000","202510","20","6,800","0","15","2002","충무로308번길 24","202511~202711","신규","-","","","아파트"
"14908","충청남도 아산시 음봉면 덕지리","580","0580","0000","더?레이크사이드","전세","84.9546","202510","20","15,000","0","4","2006","음봉로 567","202602~202802","신규","-","","","아파트"
"14909","충청남도 아산시 음봉면 덕지리","21-3","0021","0003","초원그린타운","월세","39.2700","202510","20","300","33","3","1997","음봉로681번길 24","202511~202610","신규","-","","","아파트"
"14910","충청남도 아산시 음봉면 덕지리","21-3","0021","0003","초원그린타운","월세","39.2700","202510","20","300","34","7","1997","음봉로681번길 24","202510~202608","신규","-","","","아파트"
"14911","충청남도 아산시 음봉면 덕지리","21-3","0021","0003","초원그린타운","월세","39.2700","202510","20","300","30","9","1997","음봉로681번길 24","202510~202610","신규","-","","","아파트"
"14912","충청남도 아산시 염치읍 방현리","442","0442","0000","한남프레시앙","전세","60.0000","202510","20","6,800","0","15","2002","충무로308번길 24","-","-","-","","","아파트"
"14913","충청남도 아산시 탕정면 용두리","720","0720","0000","더퍼스트休","월세","15.6210","202510","20","0","45","9","2021","용머리길 109","202510~202601","신규","-","","","아파트"
"14914","충청남도 아산시 탕정면 용두리","722","0722","0000","월드메르디앙웰리지(A동)","월세","19.9636","202510","20","200","50","10","2023","용머리길 41","202510~202610","신규","-","","","아파트"
"14915","충청남도 아산시 탕정면 용두리","720","0720","0000","더퍼스트休","월세","15.6210","202510","20","0","45","9","2021","용머리길 109","202510~202601","신규","-","","","아파트"
"14916","충청남도 천안시 동남구 청당동","992","0992","0000","청당코오롱하늘채","월세","71.3335","202510","20","2,000","100","14","2019","광풍로 1800","202510~202710","신규","-","","","아파트"
"14917","충청남도 천안시 동남구 청당동","1012","1012","0000","천안롯데캐슬더청당","전세","99.9968","202510","20","35,000","0","5","2025","청당4로 20","-","-","-","","","아파트"
"14918","충청남도 천안시 동남구 청당동","1012","1012","0000","천안롯데캐슬더청당","전세","99.9968","202510","20","35,000","0","5","2025","청당4로 20","202511~202712","신규","-","","","아파트"
"14919","충청남도 천안시 동남구 청당동","466","0466","0000","청수 포레나(FORENA)","전세","86.7592","202510","20","25,000","0","3","2015","청수14로 13","202511~202711","신규","-","","","아파트"
"14920","충청남도 천안시 동남구 청당동","440","0440","0000","청당마을벽산블루밍","전세","84.5710","202510","20","22,000","0","10","2007","청당2길 118","202512~202605","갱신","사용","22,000","0","아파트"
"14921","충청남도 아산시 둔포면 석곡리","1793","1793","0000","아산테크노밸리이지더원6단지","전세","72.3669","202510","20","19,000","0","11","2017","아산밸리북로 68","202601~202801","신규","-","","","아파트"
"14922","충청남도 당진시 송악읍 복운리","1629-2","1629","0002","신성미소지움2단지","전세","84.9835","202510","20","13,000","0","2","2007","신복운로3길 28","202510~202710","갱신","사용","14,000","0","아파트"
"14923","충청남도 당진시 송악읍 복운리","1629-2","1629","0002","신성미소지움2단지","전세","84.9835","202510","20","13,000","0","2","2007","신복운로3길 28","202510~202710","갱신","사용","14,000","0","아파트"
"14924","충청남도 아산시 탕정면 명암리","809","0809","0000","탕정삼성트라팰리스(4단지)","전세","107.0400","202510","20","47,000","0","26","2013","탕정면로 37","202511~202711","신규","-","","","아파트"
"14925","충청남도 아산시 배방읍 세교리","1521","1521","0000","아산탕정LH7단지","월세","46.6300","202510","20","5,667","11","7","2021","세교길 13","202510~202712","갱신","-","2,967","27","아파트"
"14926","충청남도 천안시 동남구 청수동","435","0435","0000","청수행정타운금호어울림","월세","59.8754","202510","20","1,000","95","19","2023","수도산공원길 1","202510~202704","신규","-","","","아파트"
"14927","충청남도 아산시 신창면 행목리","498","0498","0000","아산신창양우내안애","전세","35.1000","202510","20","5,500","0","15","2014","행목로 202","202511~202711","신규","-","","","아파트"
"14928","충청남도 아산시 신창면 행목리","498","0498","0000","아산신창양우내안애","월세","35.1000","202510","20","300","43","3","2014","행목로 202","202511~202711","갱신","-","300","50","아파트"
"14929","충청남도 아산시 탕정면 호산리","497","0497","0000","홍익","월세","39.1500","202510","20","300","35","4","1999","선문로 385","202510~202610","신규","-","","","아파트"
"14930","충청남도 아산시 배방읍 세교리","1522","1522","0000","엘리프아산탕정","전세","84.9700","202510","20","26,000","0","5","2025","동방로 220","202512~202712","신규","-","","","아파트"
"14931","충청남도 아산시 배방읍 세교리","1521","1521","0000","아산탕정LH7단지","월세","46.6300","202510","20","1,467","32","3","2021","세교길 13","202510~202712","갱신","-","2,967","27","아파트"
"14932","충청남도 아산시 배방읍 세교리","1592","1592","0000","아산배방LH15단지","월세","26.5000","202510","20","500","18","10","2022","동방로 114","202510~202712","갱신","-","1,000","16","아파트"
"14933","충청남도 아산시 배방읍 세교리","424-9","0424","0009","신라","전세","49.6800","202510","20","7,000","0","13","1997","온천대로 2358","202512~202712","신규","-","","","아파트"
"14934","충청남도 당진시 송악읍 기지시리","504","0504","0000","힐스테이트당진2차","전세","84.7848","202510","20","22,000","0","18","2018","틀모시로 737","202512~202712","신규","-","","","아파트"
"14935","충청남도 아산시 탕정면 매곡리","1391","1391","0000","한들물빛도시예미지","전세","74.2166","202510","20","33,000","0","3","2022","한들물빛3로 14","202512~202712","신규","-","","","아파트"
"14936","충청남도 아산시 탕정면 매곡리","1386","1386","0000","신영한들물빛도시지웰시티센트럴푸르지오2단지","전세","84.8986","202510","20","45,000","0","23","2022","한들물빛도시로 70","202602~202803","신규","-","","","아파트"
"14937","충청남도 아산시 배방읍 공수리","1730","1730","0000","아산배방우방아이유쉘2차","전세","61.7433","202510","20","20,000","0","22","2021","배방로 58-44","202601~202801","신규","-","","","아파트"
"14938","충청남도 아산시 배방읍 공수리","282","0282","0000","배방삼정그린코아","월세","38.4900","202510","20","300","45","4","2012","모산로126번길 17-7","202510~202710","신규","-","","","아파트"
"14939","충청남도 아산시 배방읍 갈매리","508","0508","0000","배방자이","월세","84.9400","202510","20","2,000","83","11","2007","호서로 460","202511~202711","신규","-","","","아파트"
"14940","충청남도 당진시 신평면 거산리","6-3","0006","0003","신세대","전세","59.9400","202510","20","7,500","0","2","2000","거산3거리길 66","202511~202711","신규","-","","","아파트"
"14941","충청남도 천안시 서북구 직산읍 삼은리","575","0575","0000","한양수자인비다펠리즈","전세","59.1619","202510","20","17,000","0","3","2019","천안밸리로 22-22","202511~202711","갱신","-","20,000","0","아파트"
"14942","충청남도 천안시 서북구 불당동","757","0757","0000","불당아이파크","월세","84.9500","202510","20","10,000","80","13","2004","불당17길 14","202601~202701","갱신","-","7,000","90","아파트"
"14943","충청남도 천안시 서북구 성성동","734","0734","0000","천안성성비스타동원","전세","84.9915","202510","20","38,000","0","23","2024","성성6로 129","202601~202801","신규","-","","","아파트"
"14944","충청남도 천안시 서북구 두정동","393-21","0393","0021","유보라천안두정역","전세","84.9778","202510","20","30,000","0","25","2025","천안대로 1050","202510~202710","신규","-","","","아파트"
"14945","충청남도 천안시 서북구 두정동","2068","2068","0000","한화포레나천안두정","전세","84.9305","202510","20","29,000","0","2","2022","천안대로 980-17","202511~202711","신규","-","","","아파트"
"14946","충청남도 천안시 서북구 쌍용동","1233","1233","0000","광명","전세","84.5600","202510","20","14,500","0","12","1993","미라2길 19","202511~202711","신규","-","","","아파트"
"14947","충청남도 천안시 서북구 쌍용동","1920","1920","0000","쌍용마을뜨란채,주공아파트","월세","59.9500","202510","20","2,000","63","1","1999","봉서산샛길 64","202510~202710","갱신","사용","2,000","60","아파트"
"14948","충청남도 천안시 동남구 북면 상동리","91-6","0091","0006","중앙","월세","47.3600","202510","20","500","40","14","1998","충절로 1456","202511~202711","신규","-","","","아파트"
"14949","충청남도 천안시 동남구 북면 상동리","91-6","0091","0006","중앙","월세","39.9470","202510","20","300","28","8","1998","충절로 1456","202511~202610","신규","-","","","아파트"
"14950","충청남도 천안시 서북구 쌍용동","2041","2041","0000","현대6차2단지","전세","84.7180","202510","20","20,500","0","7","2004","충무로 124-25","202512~202712","신규","-","","","아파트"
"14951","충청남도 천안시 서북구 쌍용동","1363-1","1363","0001","해누리선경","월세","84.9720","202510","20","1,000","75","24","1996","충무로 158-10","202512~202712","신규","-","","","아파트"
"14952","충청남도 천안시 서북구 성성동","827","0827","0000","천안시티자이","전세","84.9474","202510","20","32,000","0","22","2018","성성6로 21","202512~202809","신규","-","","","아파트"
"14953","충청남도 천안시 서북구 두정동","1466","1466","0000","두정역펜타폴리스","전세","20.2550","202510","20","3,000","0","4","2013","성정두정로 82","202510~202610","신규","-","","","아파트"
"14954","충청남도 천안시 서북구 백석동","658-69","0658","0069","백석동펜타폴리스5차","월세","16.7224","202510","20","300","40","7","2016","한들1로 9-25","202511~202611","신규","-","","","아파트"
"14955","충청남도 천안시 서북구 백석동","658-69","0658","0069","백석동펜타폴리스5차","월세","16.7224","202510","20","300","40","2","2016","한들1로 9-25","202510~202610","신규","-","","","아파트"
"14956","충청남도 천안시 동남구 목천읍 신계리","134-3","0134","0003","목천이수프라임","월세","39.6800","202510","20","300","35","6","2000","충절로 892","202510~202610","신규","-","","","아파트"
"14957","충청남도 천안시 동남구 풍세면 보성리","772","0772","0000","천안한양수자인에코시티","월세","84.9610","202510","20","300","40","4","2023","풍세산단로 290","202510~202610","신규","-","","","아파트"
"14958","충청남도 천안시 동남구 풍세면 보성리","772","0772","0000","천안한양수자인에코시티","월세","59.9177","202510","20","2,000","60","5","2023","풍세산단로 290","202511~202611","신규","-","","","아파트"
"14959","충청남도 천안시 동남구 목천읍 신계리","422","0422","0000","천안목천동우1차","월세","39.9500","202510","20","150","32","5","1997","신계1길 41","202510~202610","신규","-","","","아파트"
"14960","충청남도 천안시 서북구 성정동","1323","1323","0000","프라지움8차","월세","30.2141","202510","20","3,000","35","2","2016","오성로 130","202511~202611","신규","-","","","아파트"
"14961","충청남도 천안시 서북구 성정동","1324","1324","0000","모아엘가워너비","월세","31.4140","202510","20","600","35","3","2017","성정공원7길 9","202510~202610","신규","-","","","아파트"
"14962","충청남도 천안시 서북구 성정동","1347","1347","0000","평화로운나날","월세","19.4575","202510","20","300","38","10","2013","성정공원6길 36","202510~202610","신규","-","","","아파트"
"14963","충청남도 천안시 서북구 차암동","448","0448","0000","천안한화꿈에그린스마일시티","전세","59.9835","202510","20","16,500","0","4","2014","스마일시티1로 1","202512~202712","신규","-","","","아파트"
"14964","충청남도 천안시 동남구 목천읍 삼성리","9-12","0009","0012","원앙마을부영1차","전세","49.9200","202510","20","6,900","0","6","1999","삼성5길 42","202511~202711","신규","-","","","아파트"
"14965","충청남도 천안시 동남구 목천읍 삼성리","9-6","0009","0006","원앙마을부영2차","월세","59.7600","202510","20","1,000","45","3","1999","삼성5길 41","202511~202711","신규","-","","","아파트"
"14966","충청남도 천안시 서북구 불당동","788","0788","0000","불당한성필하우스","월세","59.9813","202510","20","1,000","75","3","2004","불당11로 68","202511~202711","신규","-","","","아파트"
"14967","충청남도 천안시 서북구 불당동","1270","1270","0000","한화꿈에그린","전세","127.2354","202510","20","37,000","0","16","2009","광장로 260","202512~202712","갱신","-","40,000","0","아파트"
"14968","충청남도 천안시 서북구 불당동","1544","1544","0000","천안 불당 지웰시티푸르지오 1단지","전세","112.2919","202510","20","72,000","0","21","2017","불당26로 80","202512~202712","신규","-","","","아파트"
"14969","충청남도 천안시 서북구 불당동","1494","1494","0000","불당파크푸르지오2단지","전세","99.9987","202510","20","53,000","0","14","2018","불당26로 122","202510~202710","갱신","-","50,000","0","아파트"
"14970","충청남도 천안시 서북구 불당동","1811","1811","0000","불당호반베르디움TheFirst","월세","59.9160","202510","20","2,000","120","15","2016","불당19로 200","202510~202710","신규","-","","","아파트"
"14971","충청남도 천안시 서북구 두정동","2078","2078","0000","두정역효성해링턴플레이스","전세","59.9200","202510","20","25,000","0","6","2020","봉정로 324","202511~202711","신규","-","","","아파트"
"14972","충청남도 천안시 서북구 두정동","2078","2078","0000","두정역효성해링턴플레이스","전세","59.9200","202510","20","25,000","0","6","2020","봉정로 324","202511~202712","신규","-","","","아파트"
"14973","충청남도 천안시 서북구 쌍용동","1561","1561","0000","월봉청솔2차","월세","48.4500","202510","20","500","60","2","2000","월봉7길 77","202510~202709","신규","-","","","아파트"
"14974","충청남도 천안시 서북구 쌍용동","1914","1914","0000","주공9","월세","49.7700","202510","20","1,000","55","3","1998","봉서산샛길 65","202510~202710","신규","-","","","아파트"
"14975","충청남도 천안시 서북구 쌍용동","1363-1","1363","0001","해누리선경","월세","59.7960","202510","20","1,000","65","8","1996","충무로 158-10","202512~202612","갱신","사용","1,000","65","아파트"
"14976","충청남도 아산시 권곡동","205-1","0205","0001","청솔","월세","58.2000","202510","20","500","50","1","2002","문화로 257-17","202511~202711","신규","-","","","아파트"
"14977","충청남도 아산시 권곡동","623","0623","0000","모종1차삼일파라뷰더스위트","전세","59.9934","202510","20","20,475","0","18","2021","문화로 271-30","-","-","-","","","아파트"
"14978","충청남도 아산시 권곡동","627","0627","0000","아산한신더휴","월세","84.9700","202510","20","10,000","40","5","2025","문화로 257-45","202511~202711","신규","-","","","아파트"
"14979","충청남도 아산시 권곡동","627","0627","0000","아산한신더휴","전세","84.9100","202510","20","18,000","0","14","2025","문화로 257-45","202601~202801","신규","-","","","아파트"
"14980","충청남도 아산시 권곡동","527-4","0527","0004","성환올림픽","전세","84.7000","202510","20","9,500","0","14","1988","청운로176번길 7","202511~202711","신규","-","","","아파트"
"14981","충청남도 아산시 권곡동","627","0627","0000","아산한신더휴","월세","84.9000","202510","20","2,000","90","5","2025","문화로 257-45","202511~202711","신규","-","","","아파트"
"14982","충청남도 아산시 용화동","1661","1661","0000","아산줌파크","전세","75.3000","202510","20","19,000","0","10","2023","시민로 135","202511~202711","신규","-","","","아파트"
"14983","충청남도 서산시 읍내동","624-5","0624","0005","부영","월세","49.7200","202510","20","1,000","55","3","1996","부춘1로 19","202510~202610","신규","-","","","아파트"
"14984","충청남도 천안시 동남구 신방동","920","0920","0000","초원그린타운","월세","39.2700","202510","20","500","40","13","1998","신촌4로 16","202510~202710","신규","-","","","아파트"
"14985","충청남도 천안시 동남구 신방동","902","0902","0000","삼일원앙","월세","28.1200","202510","20","500","40","3","1997","신촌로 7","202510~202610","신규","-","","","아파트"
"14986","충청남도 천안시 동남구 신방동","920","0920","0000","초원그린타운","월세","39.2700","202510","20","500","49","14","1998","신촌4로 16","202511~202711","신규","-","","","아파트"
"14987","충청남도 서산시 동문동","538-2","0538","0002","삼성","전세","73.4536","202510","20","9,000","0","2","1991","서령로 137","202511~202711","신규","-","","","아파트"
"14988","충청남도 서산시 동문동","1274","1274","0000","서산동문꿈에그린아파트","전세","84.9463","202510","20","20,000","0","4","2018","서령로 157-27","202511~202711","신규","-","","","아파트"
"14989","충청남도 천안시 동남구 다가동","6-50","0006","0050","삼오연립(A동)","월세","72.1800","202510","20","1,000","45","1","1986","천안천공원5길 51","202510~202710","신규","-","","","아파트"
"14990","충청남도 당진시 원당동","1251","1251","0000","원당마을주공1단지","전세","51.7400","202510","20","11,550","0","8","2003","밤절로 103","202510~202610","갱신","-","11,000","0","아파트"
"14991","충청남도 아산시 풍기동","229-71","0229","0071","주은","전세","59.5200","202510","20","12,400","0","10","2000","어의정로183번길 14","202511~202711","신규","-","","","아파트"
"14992","충청남도 아산시 풍기동","222","0222","0000","세진","전세","35.6000","202510","20","3,500","0","13","1998","외암로 1566-12","202512~202712","신규","-","","","아파트"
"14993","충청남도 아산시 풍기동","229-71","0229","0071","주은","전세","59.5200","202510","20","12,400","0","10","2000","어의정로183번길 14","-","-","-","","","아파트"
"14994","충청남도 천안시 서북구 신당동","705","0705","0000","e편한세상천안부성","월세","72.4150","202510","20","2,000","80","2","2018","천안대로 1287-1","202511~202711","신규","-","","","아파트"
"14995","충청남도 아산시 좌부동","84-3","0084","0003","초원설화타운1","전세","56.2800","202510","20","4,500","0","12","1994","고불로 667","-","-","-","","","아파트"
"14996","충청남도 서산시 예천동","78-1","0078","0001","예천1단지주공","월세","51.8600","202510","20","3,054","10","8","2006","예천1로 23","202512~202711","갱신","-","2,917","10","아파트"
"14997","충청남도 당진시 대덕동","1883","1883","0000","당진대덕수청시티프라디움2차","전세","84.9960","202510","20","16,900","0","2","2021","대덕1로 50","202512~202711","신규","-","","","아파트"
"14998","충청남도 당진시 읍내동","25-6","0025","0006","신성","월세","84.9900","202510","20","2,000","50","6","1990","당진중앙2로 212-10","202511~202711","신규","-","","","아파트"
"14999","충청남도 보령시 명천동","389","0389","0000","명천주공4","월세","49.9700","202510","20","500","55","11","1997","주공로 65","202511~202611","신규","-","","","아파트"
"15000","충청남도 공주시 신관동","495-83","0495","0083","리버하임","월세","16.1911","202510","20","500","40","6","2013","금벽로 357-8","202511~202610","신규","-","","","아파트"
"15001","충청남도 공주시 신관동","495-83","0495","0083","리버하임","월세","16.1911","202510","20","500","40","2","2013","금벽로 357-8","202511~202610","신규","-","","","아파트"
"15002","충청남도 공주시 신관동","336-9","0336","0009","덕성그린시티빌","월세","35.8560","202510","20","500","40","10","1999","관골2길 24-5","202510~202710","신규","-","","","아파트"
"15003","충청남도 공주시 신관동","683","0683","0000","신관주공6차:휴먼시아","월세","41.5500","202510","20","3,015","20","13","2009","관골2길 36","202511~202710","갱신","사용","2,928","20","아파트"
"15004","충청남도 아산시 모종동","640","0640","0000","모종캐슬어울림2단지","전세","59.8477","202510","20","18,500","0","20","2017","모종로22번길 33","202511~202802","신규","-","","","아파트"
"15005","충청남도 천안시 동남구 신부동","672","0672","0000","대림한숲","월세","84.9780","202510","20","2,000","80","10","1995","터미널6길 12","202510~202710","신규","-","","","아파트"
"15006","충청남도 당진시 수청동","1852","1852","0000","당진센트레빌르네블루2차","월세","84.9699","202510","20","3,000","110","4","2024","수청중앙로 86","202512~202712","신규","-","","","아파트"
"15007","충청남도 당진시 수청동","1844","1844","0000","당진센트레빌르네블루1차","전세","84.9169","202510","20","21,000","0","26","2023","수청중앙로 85","202510~202710","갱신","사용","20,000","0","아파트"
"15008","충청남도 당진시 수청동","1844","1844","0000","당진센트레빌르네블루1차","월세","84.9699","202510","20","20,000","4","3","2023","수청중앙로 85","202511~202711","갱신","사용","20,000","0","아파트"
"15009","충청남도 당진시 수청동","1544","1544","0000","지엔하임","월세","59.9931","202510","20","16,900","14","19","2022","수청2로 77","-","-","-","","","아파트"
"15010","충청남도 천안시 동남구 신부동","1004","1004","0000","더샵신부센트라","월세","84.9319","202510","20","5,000","100","12","2025","북일로 85","202511~202711","신규","-","","","아파트"
"15011","충청남도 천안시 동남구 신부동","889-1","0889","0001","청광플러스원","전세","84.5821","202510","20","18,000","0","1","2006","중앙로 265-31","202512~202612","갱신","사용","18,000","0","아파트"
"15012","충청남도 아산시 장존동","305","0305","0000","청솔","전세","59.9880","202510","20","8,300","0","2","2004","외암로 1247","202511~202711","신규","-","","","아파트"
"15013","충청남도 아산시 장존동","305","0305","0000","청솔","전세","59.9880","202510","20","8,300","0","2","2004","외암로 1247","-","-","-","","","아파트"
"15014","충청남도 아산시 장존동","305","0305","0000","청솔","전세","39.9940","202510","20","4,000","0","2","2004","외암로 1247","202510~202710","신규","-","","","아파트"
"15015","충청남도 논산시 내동","969","0969","0000","놀뫼타운","월세","54.7800","202510","20","1,000","50","7","1994","체육로 30","202511~202711","신규","-","","","아파트"
"15016","충청남도 논산시 내동","1109","1109","0000","논산내동2단지","월세","46.5000","202510","20","2,518","16","6","2014","대학로65번길 19","-","-","-","","","아파트"
"15017","충청남도 서산시 석림동","463-1","0463","0001","석림주공3단지","월세","37.6700","202510","20","1,282","17","15","1995","석림4로 83","202510~202711","신규","-","","","아파트"
"15018","충청남도 서산시 석림동","463-1","0463","0001","석림주공3단지","월세","37.6700","202510","20","2,082","13","14","1995","석림4로 83","202510~202710","신규","-","","","아파트"
"15019","충청남도 논산시 강산동","643","0643","0000","부영","전세","39.8400","202510","20","6,000","0","6","1996","시민로307번길 28","202511~202711","신규","-","","","아파트"
"15020","충청남도 아산시 권곡동","627","0627","0000","아산한신더휴","전세","84.9700","202510","20","19,000","0","8","2025","문화로 257-45","202510~202910","신규","-","","","아파트"
"15021","충청남도 홍성군 홍북읍 신경리","947-2","0947","0002","내포신도시모아미래도메가시티1차","월세","84.9957","202510","20","2,000","80","18","2024","신대로 135","202511~202611","신규","-","","","아파트"
"15022","충청남도 서산시 성연면 일람리","1081","1081","0000","서산테크노밸리우미린","월세","59.5822","202510","20","13,000","16","18","2022","성연3로 77","202512~202712","갱신","-","13,000","15","아파트"
"15023","충청남도 금산군 금산읍 중도리","684","0684","0000","e편한세상금산센터하임","전세","84.9416","202510","20","19,000","0","4","2022","금산로 1554","202512~202712","신규","-","","","아파트"
"15024","충청남도 홍성군 홍북읍 신경리","1372","1372","0000","한울마을LH2단지1BL","월세","36.9900","202510","20","3,078","18","19","2022","홍학로 124","202511~202710","갱신","-","3,127","18","아파트"
"15025","충청남도 계룡시 엄사면 엄사리","226-4","0226","0004","삼진","월세","39.9300","202510","20","500","37","8","1997","번영3길 73-12","202511~202611","신규","-","","","아파트"
"15026","충청남도 홍성군 홍북읍 신경리","945","0945","0000","자경마을중흥에스클래스","전세","73.9850","202510","20","13,990","0","8","2016","자경로 17","202510~202710","신규","-","","","아파트"
"15027","충청남도 계룡시 엄사면 엄사리","367","0367","0000","두산신성","전세","59.7600","202510","20","8,500","0","3","1994","엄사중앙로 65-9","202511~202711","신규","-","","","아파트"
"15028","충청남도 예산군 봉산면 대지리","279-4","0279","0004","은행마을","월세","55.9675","202510","20","2,000","20","5","2003","황금뜰로 156","202511~202710","신규","-","","","아파트"
"15029","충청남도 예산군 삽교읍 목리","826","0826","0000","내포신도시대광로제비앙더럭셔리","월세","120.9585","202510","20","2,500","100","16","2025","홍예로 485","202510~202610","신규","-","","","아파트"
"15030","충청남도 예산군 삽교읍 목리","826","0826","0000","내포신도시대광로제비앙더럭셔리","월세","120.9585","202510","20","3,000","100","2","2025","홍예로 485","202511~202711","신규","-","","","아파트"
"15031","충청남도 계룡시 엄사면 엄사리","384","0384","0000","비사벌","월세","59.8700","202510","20","500","45","14","1995","번영3길 43","202510~202710","신규","-","","","아파트"
"15032","충청남도 서산시 지곡면 화천리","523-11","0523","0011","지곡미래아파트","전세","40.9500","202510","20","5,000","0","4","2012","화천1로 196","202601~202801","신규","-","","","아파트"
"15033","충청남도 홍성군 홍성읍 남장리","515","0515","0000","주공아파트1차","월세","46.1600","202510","20","1,000","40","9","2001","문화로72번길 92","202510~202710","신규","-","","","아파트"
"15034","충청남도 서산시 성연면 일람리","1134","1134","0000","서산테크노밸리예다음아파트","전세","66.9260","202510","20","16,900","0","3","2023","성연4로 10","202511~203312","신규","-","","","아파트"
"15035","충청남도 홍성군 홍북읍 신경리","947-1","0947","0001","내포신도시모아미래도메가시티2차","전세","84.9957","202510","20","20,000","0","12","2024","신대로 119","202510~202710","신규","-","","","아파트"
"15036","충청남도 홍성군 홍북읍 신경리","1370","1370","0000","한울마을모아엘가아파트","월세","84.9867","202510","20","1,000","65","12","2016","홍학로 88","202511~202711","신규","-","","","아파트"
"15037","충청남도 홍성군 홍북읍 신경리","945","0945","0000","자경마을중흥에스클래스","전세","59.9921","202510","20","11,590","0","4","2016","자경로 17","202510~202710","신규","-","","","아파트"
"15038","충청남도 홍성군 홍북읍 신경리","1168","1168","0000","롯데캐슬","전세","84.9696","202510","19","15,000","0","16","2012","신대로 34","202511~202711","신규","-","","","아파트"
"15039","충청남도 홍성군 홍북읍 신경리","928","0928","0000","극동스타클래스센트럴","전세","76.8780","202510","19","12,000","0","18","2014","신대로 33","202511~202711","신규","-","","","아파트"
"15040","충청남도 예산군 예산읍 산성리","710","0710","0000","한신","월세","59.8900","202510","19","1,000","50","4","1996","역전로160번길 16","202510~202710","신규","-","","","아파트"
"15041","충청남도 예산군 삽교읍 목리","826","0826","0000","내포신도시대광로제비앙더럭셔리","월세","120.9585","202510","19","3,000","100","13","2025","홍예로 485","202511~202711","신규","-","","","아파트"
"15042","충청남도 홍성군 홍북읍 봉신리","289-1","0289","0001","동진아파트","전세","39.9000","202510","19","4,000","0","4","1998","도청대로 211","202510~202710","신규","-","","","아파트"
"15043","충청남도 홍성군 홍북읍 신경리","1168","1168","0000","롯데캐슬","월세","84.9405","202510","19","3,000","53","11","2012","신대로 34","202601~202801","신규","-","","","아파트"
"15044","충청남도 태안군 태안읍 삭선리","281-25","0281","0025","해송마을1차","월세","39.9600","202510","19","300","35","5","1999","원이로 302","202510~202610","신규","-","","","아파트"
"15045","충청남도 예산군 예산읍 산성리","95-1","0095","0001","예산1차세광엔리치타워","전세","125.0193","202510","19","11,000","0","8","2006","아리랑로 93-10","202510~202710","갱신","-","10,000","0","아파트"
"15046","충청남도 천안시 서북구 직산읍 삼은리","584","0584","0000","직산한양수자인아이림아파트","월세","59.1570","202510","19","2,000","75","9","2019","천안밸리로 22-11","202510~202710","신규","-","","","아파트"
"15047","충청남도 천안시 서북구 직산읍 모시리","253-38","0253","0038","동보호수마을","월세","25.7250","202510","19","200","25","4","1997","상덕로 32","202510~202610","신규","-","","","아파트"
"15048","충청남도 천안시 서북구 입장면 하장리","84","0084","0000","연합초원","월세","59.4900","202510","19","500","40","3","1996","입장로 121","202510~202610","신규","-","","","아파트"
"15049","충청남도 천안시 동남구 풍세면 보성리","772","0772","0000","천안한양수자인에코시티","전세","84.9610","202510","19","22,000","0","23","2023","풍세산단로 290","202511~202711","신규","-","","","아파트"
"15050","충청남도 천안시 동남구 풍세면 보성리","772","0772","0000","천안한양수자인에코시티","월세","84.9647","202510","19","300","40","3","2023","풍세산단로 290","202510~202610","신규","-","","","아파트"
"15051","충청남도 천안시 서북구 백석동","979","0979","0000","천안백석푸르지오","전세","84.7767","202510","19","26,000","0","13","2010","한들2로 88","202601~202801","신규","-","","","아파트"
"15052","충청남도 천안시 서북구 와촌동","173","0173","0000","신동아파밀리에","월세","84.9816","202510","19","16,800","13","4","2005","천안천4길 18-10","202510~202710","신규","-","","","아파트"
"15053","충청남도 천안시 서북구 두정동","525-1","0525","0001","대우그린","전세","33.6000","202510","19","10,500","0","6","1996","봉정로 365","202510~202710","갱신","사용","10,500","0","아파트"
"15054","충청남도 천안시 동남구 풍세면 보성리","772","0772","0000","천안한양수자인에코시티","월세","84.9610","202510","19","500","40","20","2023","풍세산단로 290","202510~202610","신규","-","","","아파트"
"15055","충청남도 천안시 서북구 두정동","2082","2082","0000","힐스테이트두정역","월세","84.9267","202510","19","3,000","130","10","2025","북일로 50","202511~202711","신규","-","","","아파트"
"15056","충청남도 천안시 서북구 차암동","550","0550","0000","천안스마일시티효성해링턴플레이스","전세","51.9931","202510","19","15,000","0","9","2016","스마일시티2로 1","202512~202712","신규","-","","","아파트"
"15057","충청남도 천안시 서북구 두정동","1458","1458","0000","두정동휴스빌","월세","21.7800","202510","19","500","36","4","2014","두정상가4길 20-1","202511~202611","신규","-","","","아파트"
"15058","충청남도 천안시 서북구 두정동","2082","2082","0000","힐스테이트두정역","월세","84.9267","202510","19","3,000","130","10","2025","북일로 50","202511~202711","신규","-","","","아파트"
"15059","충청남도 천안시 서북구 불당동","1545","1545","0000","천안불당린스트라우스1단지","전세","113.3359","202510","19","63,000","0","17","2017","불당19로 95","202601~202801","신규","-","","","아파트"
"15060","충청남도 천안시 서북구 불당동","1614","1614","0000","천안 불당 지웰시티푸르지오 2단지","전세","99.9220","202510","19","65,000","0","14","2017","불당26로 50","202512~202712","신규","-","","","아파트"
"15061","충청남도 천안시 서북구 불당동","1544","1544","0000","천안 불당 지웰시티푸르지오 1단지","전세","112.2549","202510","19","63,000","0","11","2017","불당26로 80","202510~202710","갱신","사용","60,000","0","아파트"
"15062","충청남도 천안시 서북구 성정동","643","0643","0000","대우목화2","월세","79.5870","202510","19","1,000","45","5","1989","서부16길 49","202512~202712","신규","-","","","아파트"
"15063","충청남도 천안시 서북구 성거읍 송남리","585","0585","0000","북천안자이포레스트","월세","43.5457","202510","19","1,000","60","24","2016","성거길 20","202511~202711","신규","-","","","아파트"
"15064","충청남도 아산시 배방읍 북수리","1952","1952","0000","더샵센트로","전세","84.9820","202510","19","22,000","0","13","2023","북수로 163","202512~202803","신규","-","","","아파트"
"15065","충청남도 아산시 탕정면 용두리","720","0720","0000","더퍼스트休","월세","19.9520","202510","19","52","52","10","2021","용머리길 109","202510~202601","신규","-","","","아파트"
"15066","충청남도 아산시 탕정면 명암리","809","0809","0000","탕정삼성트라팰리스(1단지~3단지)","전세","109.7300","202510","19","34,600","0","23","2009","탕정면로 37","202511~202711","갱신","사용","33,000","0","아파트"
"15067","충청남도 아산시 탕정면 매곡리","1387","1387","0000","신영한들물빛도시지웰시티센트럴푸르지오3단지","전세","84.7160","202510","19","46,000","0","18","2022","한들물빛5로 36","202601~202901","신규","-","","","아파트"
"15068","충청남도 아산시 탕정면 명암리","809","0809","0000","탕정삼성트라팰리스(1단지~3단지)","전세","84.9900","202510","19","32,000","0","7","2009","탕정면로 37","202511~202711","신규","-","","","아파트"
"15069","충청남도 아산시 탕정면 매곡리","1386","1386","0000","신영한들물빛도시지웰시티센트럴푸르지오2단지","전세","84.7160","202510","19","39,900","0","29","2022","한들물빛도시로 70","202510~202710","갱신","사용","38,000","0","아파트"
"15070","충청남도 아산시 배방읍 세교리","1561","1561","0000","아산탕정대광로제비앙센트럴","월세","84.6883","202510","19","3,000","130","10","2024","동방로 134","202511~202702","신규","-","","","아파트"
"15071","충청남도 아산시 배방읍 세교리","1522","1522","0000","엘리프아산탕정","월세","84.9700","202510","19","2,000","125","26","2025","동방로 220","202511~202711","신규","-","","","아파트"
"15072","충청남도 아산시 탕정면 용두리","720","0720","0000","더퍼스트休","월세","15.1830","202510","19","0","42","5","2021","용머리길 109","202510~202601","신규","-","","","아파트"
"15073","충청남도 당진시 송산면 유곡리","861","0861","0000","당진엠코타운","전세","84.9772","202510","19","12,000","0","14","2013","유곡로 20","202512~202712","신규","-","","","아파트"
"15074","충청남도 당진시 송악읍 복운리","1629-1","1629","0001","동광","월세","59.9974","202510","19","1,000","50","1","2007","신복운로3길 8","202510~202610","신규","-","","","아파트"
"15075","충청남도 아산시 신창면 행목리","498","0498","0000","아산신창양우내안애","월세","35.1000","202510","19","300","45","6","2014","행목로 202","202510~202610","신규","-","","","아파트"
"15076","충청남도 아산시 배방읍 공수리","282","0282","0000","배방삼정그린코아","전세","38.4900","202510","19","7,250","0","19","2012","모산로126번길 17-7","202511~202711","신규","-","","","아파트"
"15077","충청남도 아산시 탕정면 용두리","720","0720","0000","더퍼스트休","월세","15.8400","202510","19","0","45","3","2021","용머리길 109","202510~202601","신규","-","","","아파트"
"15078","충청남도 보령시 동대동","1967","1967","0000","휴먼시아보령동대4단지","월세","36.9800","202510","19","2,113","6","10","2009","한내로터리길 92","202510~202711","갱신","-","1,213","11","아파트"
"15079","충청남도 당진시 채운동","1120","1120","0000","대동다:숲","전세","84.9030","202510","19","14,000","0","6","2009","대호만로 30-17","202512~202712","신규","-","","","아파트"
"15080","충청남도 당진시 채운동","1120","1120","0000","대동다:숲","전세","84.9030","202510","19","14,000","0","6","2009","대호만로 30-17","202512~202712","신규","-","","","아파트"
"15081","충청남도 계룡시 금암동","167-1","0167","0001","우림루미아트","전세","84.9769","202510","19","17,000","0","7","2005","장안로 75","202601~202801","신규","-","","","아파트"
"15082","충청남도 아산시 법곡동","334","0334","0000","신원더파크2차","월세","74.7887","202510","19","1,000","70","1","2019","법곡길 20-12","202511~202711","신규","-","","","아파트"
"15083","충청남도 천안시 동남구 신방동","873","0873","0000","성지새말1","월세","59.9700","202510","19","2,000","50","20","1997","일봉로 17","202511~202711","신규","-","","","아파트"
"15084","충청남도 아산시 배미동","174-3","0174","0003","서진","월세","39.6000","202510","19","300","40","4","2000","서부북로 973","202510~202810","신규","-","","","아파트"
"15085","충청남도 천안시 동남구 신방동","874","0874","0000","성지새말2","전세","59.9700","202510","19","11,000","0","3","1997","일봉로 20","202512~202712","신규","-","","","아파트"
"15086","충청남도 계룡시 금암동","167-1","0167","0001","우림루미아트","전세","84.9769","202510","19","17,000","0","7","2005","장안로 75","-","-","-","","","아파트"
"15087","충청남도 아산시 풍기동","514","0514","0000","아산풍기이지더원1차아파트","월세","72.5720","202510","19","21,000","10","3","2017","어의정로 184","202511~202711","신규","-","","","아파트"
"15088","충청남도 아산시 방축동","135-11","0135","0011","경성","월세","37.8000","202510","19","300","30","1","1988","번영로 5","202511~202711","신규","-","","","아파트"
"15089","충청남도 아산시 모종동","578","0578","0000","라이프타운","월세","84.9800","202510","19","2,000","53","7","1992","번영로206번길 32","202511~202606","갱신","사용","2,000","50","아파트"
"15090","충청남도 서산시 석림동","590-1","0590","0001","석림한성필하우스","전세","75.5336","202510","19","20,000","0","11","2007","동서2로 15","202601~202801","신규","-","","","아파트"
"15091","충청남도 아산시 권곡동","610","0610","0000","삼부르네상스","전세","84.9900","202510","19","16,000","0","10","2005","문화로243번길 13","202601~202801","신규","-","","","아파트"
"15092","충청남도 계룡시 금암동","167-1","0167","0001","우림루미아트","전세","84.9769","202510","19","17,000","0","7","2005","장안로 75","-","-","-","","","아파트"
"15093","충청남도 아산시 권곡동","610","0610","0000","삼부르네상스","전세","84.9900","202510","19","16,000","0","10","2005","문화로243번길 13","202601~202801","신규","-","","","아파트"
"15094","충청남도 천안시 동남구 신방동","874","0874","0000","성지새말2","전세","59.9700","202510","19","11,000","0","3","1997","일봉로 20","202512~202711","신규","-","","","아파트"
"15095","충청남도 당진시 수청동","1562","1562","0000","호반써밋시그니처Ⅱ","전세","84.8451","202510","19","28,000","0","9","2023","수청1로 51","202512~202712","신규","-","","","아파트"
"15096","충청남도 당진시 채운동","1120","1120","0000","대동다:숲","전세","84.9030","202510","19","14,000","0","6","2009","대호만로 30-17","202512~202712","신규","-","","","아파트"
"15097","충청남도 당진시 수청동","1852","1852","0000","당진센트레빌르네블루2차","전세","84.9699","202510","19","29,000","0","15","2024","수청중앙로 86","202602~202802","신규","-","","","아파트"
"15098","충청남도 천안시 동남구 신부동","1004","1004","0000","더샵신부센트라","월세","84.9319","202510","19","2,000","120","6","2025","북일로 85","202510~202710","신규","-","","","아파트"
"15099","충청남도 당진시 수청동","1551","1551","0000","호반써밋시그니처Ⅰ","전세","84.8451","202510","19","29,000","0","6","2022","수청3로 20","202511~202711","신규","-","","","아파트"
"15100","충청남도 서산시 석림동","697-7","0697","0007","스마트702","월세","19.1475","202510","18","200","35","9","2013","한마음4로 24","202510~202610","신규","-","","","아파트"
"15101","충청남도 천안시 동남구 신방동","228-22","0228","0022","현대","전세","58.9200","202510","18","6,500","0","2","1993","풍세로 705","202511~202711","신규","-","","","아파트"
"15102","충청남도 당진시 시곡동","120-9","0120","0009","현대그린","월세","44.4570","202510","18","500","39","1","1996","서해로 6258-8","202510~202710","신규","-","","","아파트"
"15103","충청남도 보령시 동대동","414","0414","0000","동대주공1","전세","39.6900","202510","18","4,200","0","5","1990","주공로 33","202510~202710","신규","-","","","아파트"
"15104","충청남도 보령시 동대동","414-2","0414","0002","동대주공2","월세","39.6000","202510","18","300","33","4","1991","주공로 33","202510~202610","신규","-","","","아파트"
"15105","충청남도 천안시 동남구 신부동","545","0545","0000","대림한들","월세","98.4400","202510","18","2,000","90","15","1995","터미널9길 59","202511~202711","신규","-","","","아파트"
"15106","충청남도 공주시 금흥동","602","0602","0000","공주신금우남퍼스트빌","월세","84.6670","202510","18","2,000","90","5","2010","한적2길 51-14","202512~202712","신규","-","","","아파트"
"15107","충청남도 보령시 명천동","389","0389","0000","명천주공5","월세","59.8000","202510","18","5,000","30","2","1998","주공로 65","202510~202710","갱신","-","500","40","아파트"
"15108","충청남도 천안시 동남구 신방동","920","0920","0000","초원그린타운","월세","39.2700","202510","18","500","45","7","1998","신촌4로 16","202511~202712","신규","-","","","아파트"
"15109","충청남도 당진시 읍내동","1061","1061","0000","코오롱하늘채","월세","114.8540","202510","18","6,000","50","14","2005","무수동7길 124","202511~202711","신규","-","","","아파트"
"15110","충청남도 천안시 동남구 용곡동","605","0605","0000","용곡동일하이빌하이씨티3단지","전세","103.5724","202510","18","28,000","0","18","2015","일봉로 88","202512~202712","신규","-","","","아파트"
"15111","충청남도 아산시 장존동","305","0305","0000","청솔","월세","39.9940","202510","18","500","35","15","2004","외암로 1247","202510~202610","신규","-","","","아파트"
"15112","충청남도 공주시 신관동","1","0001","0000","새뜸현대3차","월세","84.7000","202510","18","2,000","70","7","1996","신금1길 72","202511~202611","신규","-","","","아파트"
"15113","충청남도 당진시 수청동","1844","1844","0000","당진센트레빌르네블루1차","월세","84.9699","202510","18","3,000","95","19","2023","수청중앙로 85","202511~202710","신규","-","","","아파트"
"15114","충청남도 천안시 동남구 신부동","85","0085","0000","경남아너스빌","월세","59.8620","202510","18","2,000","60","6","2000","충절로 42","202512~202712","신규","-","","","아파트"
"15115","충청남도 아산시 좌부동","84-3","0084","0003","초원설화타운1","월세","39.7800","202510","18","200","29","6","1994","고불로 667","202510~202710","신규","-","","","아파트"
"15116","충청남도 아산시 풍기동","229-71","0229","0071","주은","월세","59.5200","202510","18","1,500","50","13","2000","어의정로183번길 14","202511~202711","신규","-","","","아파트"
"15117","충청남도 아산시 권곡동","627","0627","0000","아산한신더휴","전세","84.9700","202510","18","20,000","0","6","2025","문화로 257-45","202512~202712","신규","-","","","아파트"
"15118","충청남도 아산시 모종동","562-1","0562","0001","모종리슈빌더스카이","월세","59.7300","202510","18","6,000","40","17","2024","번영로196번길 5","202512~202712","신규","-","","","아파트"
"15119","충청남도 아산시 모종동","643","0643","0000","모종캐슬어울림3단지","전세","84.9206","202510","18","27,500","0","12","2017","모종남로22번길 11","202601~202801","신규","-","","","아파트"
"15120","충청남도 아산시 모종동","736","0736","0000","힐스테이트모종네오루체","전세","84.9876","202510","18","27,000","0","11","2023","못마루로 139","202510~202710","갱신","-","24,000","0","아파트"
"15121","충청남도 아산시 실옥동","169-3","0169","0003","벽산","월세","59.8200","202510","18","500","45","18","1996","문화로 33-10","202510~202610","신규","-","","","아파트"
"15122","충청남도 보령시 대천동","372-1","0372","0001","동부","월세","59.9550","202510","18","500","55","11","1998","중앙로 178","202511~202611","신규","-","","","아파트"
"15123","충청남도 아산시 권곡동","623","0623","0000","모종1차삼일파라뷰더스위트","전세","59.8738","202510","18","20,475","0","10","2021","문화로 271-30","202511~203001","신규","-","","","아파트"
"15124","충청남도 당진시 원당동","1251","1251","0000","원당마을주공1단지","월세","51.7400","202510","18","2,000","50","6","2003","밤절로 103","202512~202712","신규","-","","","아파트"
"15125","충청남도 당진시 원당동","1251","1251","0000","원당마을주공1단지","전세","51.4900","202510","18","12,000","0","10","2003","밤절로 103","202510~202710","신규","-","","","아파트"
"15126","충청남도 서산시 동문동","71-1","0071","0001","동문동코아루","월세","84.9800","202510","18","1,000","100","9","2007","고운로 275-14","202510~202710","신규","-","","","아파트"
"15127","충청남도 당진시 대덕동","1879","1879","0000","중흥에스-클래스파크힐","전세","84.9352","202510","18","19,500","0","18","2020","대덕1로 102-15","202510~202610","갱신","-","18,500","0","아파트"
"15128","충청남도 계룡시 금암동","190","0190","0000","신성미소지움1차","월세","59.9700","202510","18","3,000","50","10","2005","장안1길 9","202511~202711","신규","-","","","아파트"
"15129","충청남도 계룡시 금암동","190","0190","0000","신성미소지움1차","월세","59.9700","202510","18","3,000","50","10","2005","장안1길 9","-","-","-","","","아파트"
"15130","충청남도 천안시 동남구 신방동","920","0920","0000","초원그린타운","전세","39.2700","202510","18","6,210","0","1","1998","신촌4로 16","202511~202711","갱신","-","6,390","0","아파트"
"15131","충청남도 천안시 서북구 두정동","525-1","0525","0001","대우그린","월세","33.6000","202510","18","500","45","3","1996","봉정로 365","202510~202710","갱신","-","500","40","아파트"
"15132","충청남도 천안시 서북구 쌍용동","1561","1561","0000","월봉청솔2차","월세","48.4500","202510","18","500","60","8","2000","월봉7길 77","202512~202712","신규","-","","","아파트"
"15133","충청남도 천안시 서북구 쌍용동","1363-1","1363","0001","해누리선경","전세","59.7960","202510","18","13,650","0","9","1996","충무로 158-10","202511~202711","갱신","사용","13,650","0","아파트"
"15134","충청남도 천안시 서북구 쌍용동","1233","1233","0000","광명","월세","59.9300","202510","18","1,000","70","9","1993","미라2길 19","202511~202711","신규","-","","","아파트"
"15135","충청남도 천안시 서북구 쌍용동","1914","1914","0000","주공9","전세","49.7700","202510","18","10,000","0","7","1998","봉서산샛길 65","202510~202710","갱신","사용","10,000","0","아파트"
"15136","충청남도 천안시 서북구 쌍용동","788","0788","0000","일성2","전세","59.8100","202510","18","10,000","0","9","1994","봉서8길 6","202512~202712","신규","-","","","아파트"
"15137","충청남도 천안시 서북구 쌍용동","788","0788","0000","일성2","전세","59.8100","202510","18","10,000","0","9","1994","봉서8길 6","202512~202712","신규","-","","","아파트"
"15138","충청남도 천안시 서북구 쌍용동","652","0652","0000","일성3차(능수)","월세","59.6800","202510","18","6,700","20","5","1994","쌍용17길 25","202512~202712","신규","-","","","아파트"
"15139","충청남도 천안시 서북구 쌍용동","2045","2045","0000","현대6차1단지","월세","84.7180","202510","18","3,000","100","6","2004","충무로 124-24","202510~202512","신규","-","","","아파트"
"15140","충청남도 천안시 서북구 쌍용동","1561","1561","0000","월봉청솔2차","전세","48.4500","202510","18","10,800","0","6","2000","월봉7길 77","202511~202711","갱신","-","12,500","0","아파트"
"15141","충청남도 천안시 서북구 쌍용동","1367","1367","0000","월봉청솔1단지","월세","50.1600","202510","18","500","60","13","2000","월봉4로 140-9","202511~202710","신규","-","","","아파트"
"15142","충청남도 천안시 서북구 입장면 도림리","341-1","0341","0001","한성","전세","39.5120","202510","18","4,300","0","5","1999","도림길 10","202511~202711","신규","-","","","아파트"
"15143","충청남도 천안시 서북구 직산읍 모시리","242-5","0242","0005","대림","월세","39.9500","202510","18","500","40","1","1998","2공단5로 169","202512~202611","신규","-","","","아파트"
"15144","충청남도 천안시 동남구 풍세면 보성리","772","0772","0000","천안한양수자인에코시티","월세","59.9177","202510","18","1,000","75","20","2023","풍세산단로 290","202510~202610","신규","-","","","아파트"
"15145","충청남도 천안시 서북구 성정동","1345","1345","0000","프라지움7차","월세","30.4979","202510","18","3,000","35","11","2016","성정공원6길 37","202511~202711","신규","-","","","아파트"
"15146","충청남도 천안시 서북구 성정동","1317","1317","0000","프라지움5차","전세","49.9550","202510","18","12,500","0","4","2015","오성로 120","202511~202711","신규","-","","","아파트"
"15147","충청남도 천안시 서북구 성정동","1317","1317","0000","프라지움5차","전세","49.9550","202510","18","10,800","0","4","2015","오성로 120","202511~202711","신규","-","","","아파트"
"15148","충청남도 천안시 서북구 성정동","659-1","0659","0001","화승","월세","47.0200","202510","18","500","30","5","1990","서부4길 34","202510~202710","신규","-","","","아파트"
"15149","충청남도 천안시 서북구 직산읍 모시리","206-13","0206","0013","우성8차","월세","49.7100","202510","18","500","42","6","1995","자은가리1길 68","202510~202701","신규","-","","","아파트"
"15150","충청남도 천안시 서북구 성성동","734","0734","0000","천안성성비스타동원","월세","84.9915","202510","18","5,000","130","27","2024","성성6로 129","202511~202801","신규","-","","","아파트"
"15151","충청남도 천안시 동남구 목천읍 신계리","166-22","0166","0022","연합초원","월세","53.8200","202510","18","1,000","35","2","1994","목천안터2길 9","202511~202711","신규","-","","","아파트"
"15152","충청남도 천안시 서북구 백석동","1178","1178","0000","백석2차아이파크","전세","84.9868","202510","18","30,000","0","18","2014","한들3로 35-23","202511~202711","신규","-","","","아파트"
"15153","충청남도 천안시 서북구 백석동","941","0941","0000","백석마을아이파크","전세","84.9840","202510","18","27,000","0","11","2009","한들3로 100","202602~202802","신규","-","","","아파트"
"15154","충청남도 천안시 서북구 백석동","890","0890","0000","그린빌2","전세","84.6500","202510","18","21,000","0","5","2004","백석3로 91","202602~202802","신규","-","","","아파트"
"15155","충청남도 천안시 서북구 불당동","1811","1811","0000","불당호반베르디움TheFirst","월세","59.9160","202510","18","5,000","100","3","2016","불당19로 200","202512~202712","신규","-","","","아파트"
"15156","충청남도 천안시 서북구 불당동","1846","1846","0000","불당호반써밋플레이스센터시티","전세","98.2067","202510","18","46,000","0","2","2017","불당25로 8","202601~202801","신규","-","","","아파트"
"15157","충청남도 천안시 서북구 불당동","787","0787","0000","대원칸타빌","전세","84.9020","202510","18","28,000","0","3","2004","불당11로 82","202512~202712","신규","-","","","아파트"
"15158","충청남도 천안시 서북구 불당동","1497","1497","0000","불당리더힐스","월세","59.9200","202510","18","2,000","110","16","2016","불당24로 10","202511~202711","신규","-","","","아파트"
"15159","충청남도 천안시 서북구 불당동","1497","1497","0000","불당리더힐스","월세","59.9200","202510","18","2,000","100","17","2016","불당24로 10","202511~202702","신규","-","","","아파트"
"15160","충청남도 천안시 서북구 불당동","820","0820","0000","대동다숲","전세","84.7824","202510","18","24,500","0","3","2004","시청로 39","202511~202711","신규","-","","","아파트"
"15161","충청남도 천안시 서북구 불당동","1497","1497","0000","불당리더힐스","월세","59.9200","202510","18","2,000","110","16","2016","불당24로 10","202511~202711","신규","-","","","아파트"
"15162","충청남도 천안시 서북구 백석동","890","0890","0000","그린빌2","전세","84.6500","202510","18","21,000","0","5","2004","백석3로 91","202602~202802","신규","-","","","아파트"
"15163","충청남도 천안시 서북구 성정동","1270","1270","0000","프라지움6차","월세","27.9046","202510","18","500","50","7","2016","성정공원6길 1-12","202510~202710","신규","-","","","아파트"
"15164","충청남도 천안시 서북구 두정동","1377","1377","0000","프라지움9차","월세","49.9631","202510","18","2,500","65","9","2017","오성로 115","202511~202611","신규","-","","","아파트"
"15165","충청남도 천안시 서북구 두정동","525-1","0525","0001","대우그린","월세","33.6000","202510","18","1,000","55","17","1996","봉정로 365","202511~202711","신규","-","","","아파트"
"15166","충청남도 천안시 서북구 성거읍 신월리","471","0471","0000","직산역서희스타힐스","월세","59.8854","202510","18","2,000","75","13","2024","천안대로 1446","202512~202712","신규","-","","","아파트"
"15167","충청남도 천안시 서북구 와촌동","186","0186","0000","천안역사동아라이크텐","전세","84.9433","202510","18","24,500","0","2","2021","천안천4길 20","202512~202812","신규","-","","","아파트"
"15168","충청남도 천안시 서북구 와촌동","186","0186","0000","천안역사동아라이크텐","전세","65.6685","202510","18","23,000","0","16","2021","천안천4길 20","202511~202711","신규","-","","","아파트"
"15169","충청남도 천안시 서북구 차암동","442","0442","0000","e편한세상스마일시티","월세","51.9900","202510","18","1,000","85","10","2015","스마일시티1로 55","202602~202801","신규","-","","","아파트"
"15170","충청남도 천안시 서북구 두정동","2082","2082","0000","힐스테이트두정역","전세","84.9267","202510","18","30,000","0","6","2025","북일로 50","202512~202712","신규","-","","","아파트"
"15171","충청남도 천안시 서북구 두정동","527","0527","0000","주공그린(8단지)","전세","49.9600","202510","18","11,700","0","3","1996","봉정로 381","202601~202801","신규","-","","","아파트"
"15172","충청남도 천안시 서북구 두정동","527","0527","0000","주공그린(8단지)","전세","49.9600","202510","18","11,700","0","3","1996","봉정로 381","-","-","-","","","아파트"
"15173","충청남도 천안시 서북구 두정동","1078","1078","0000","계룡리슈빌","전세","84.8985","202510","18","18,000","0","2","2004","부성8길 29","202511~202711","신규","-","","","아파트"
"15174","충청남도 천안시 서북구 직산읍 군서리","428-3","0428","0003","청호","월세","58.9700","202510","18","500","33","3","1993","군수1길 78-23","202511~202711","신규","-","","","아파트"
"15175","충청남도 천안시 서북구 두정동","1293","1293","0000","천안펜타폴리스2차","월세","23.2100","202510","18","500","40","7","2013","두정로 212","202511~202611","신규","-","","","아파트"
"15176","충청남도 천안시 서북구 두정동","1293","1293","0000","천안펜타폴리스2차","월세","23.2100","202510","18","500","40","7","2013","두정로 212","202511~202611","신규","-","","","아파트"
"15177","충청남도 천안시 서북구 두정동","2037","2037","0000","두정역푸르지오","전세","84.9826","202510","18","25,000","0","5","2009","두정역길 48","202512~202712","신규","-","","","아파트"
"15178","충청남도 계룡시 두마면 두계리","67","0067","0000","계룡더샵아파트","월세","101.9500","202510","18","2,000","85","12","2008","사계로 101","202512~202712","신규","-","","","아파트"
"15179","충청남도 서산시 인지면 둔당리","224","0224","0000","아진","월세","39.6600","202510","18","300","32","13","1998","무학로 1742","202510~202710","신규","-","","","아파트"
"15180","충청남도 홍성군 홍북읍 신경리","1176","1176","0000","신리마을상록아파트","월세","58.4900","202510","18","5,272","12","6","2016","홍학로 25","202511~202711","신규","-","","","아파트"
"15181","충청남도 홍성군 홍북읍 신경리","1369","1369","0000","내포신도시 경남아너스빌","월세","84.7700","202510","18","3,000","60","22","2016","청사로 15","202511~202711","신규","-","","","아파트"
"15182","충청남도 홍성군 홍북읍 신경리","1204","1204","0000","엘에이치스타힐스","전세","84.9200","202510","18","14,500","0","16","2015","홍예로 213","202511~202711","신규","-","","","아파트"
"15183","충청남도 계룡시 엄사면 엄사리","384","0384","0000","비사벌","전세","59.9200","202510","18","7,000","0","4","1995","번영3길 43","202511~202711","신규","-","","","아파트"
"15184","충청남도 홍성군 홍성읍 옥암리","1105","1105","0000","홍성옥암하늘채","월세","72.6352","202510","18","1,000","50","12","2006","문화로33번길 11","202511~202703","신규","-","","","아파트"
"15185","충청남도 서산시 음암면 부장리","219-2","0219","0002","수림아파트","월세","84.9766","202510","18","1,000","53","2","2007","음암로 499","202511~202710","신규","-","","","아파트"
"15186","충청남도 천안시 동남구 문화동","179","0179","0000","힐스테이트천안","월세","84.7347","202510","18","10,000","80","14","2021","옛시청길 29","202511~202711","갱신","-","20,000","80","아파트"
"15187","충청남도 계룡시 엄사면 엄사리","226-4","0226","0004","삼진","월세","29.1300","202510","18","300","35","13","1997","번영3길 73-12","202511~202611","신규","-","","","아파트"
"15188","충청남도 서산시 성연면 왕정리","725","0725","0000","e편한세상서산테크노밸리","전세","59.9949","202510","18","14,000","0","2","2018","성연4로 46","202512~202712","신규","-","","","아파트"
"15189","충청남도 서산시 성연면 왕정리","712","0712","0000","힐스테이트서산아파트","전세","84.9498","202510","18","18,000","0","21","2017","성연3로 76","202511~202711","신규","-","","","아파트"
"15190","충청남도 서산시 성연면 왕정리","725","0725","0000","e편한세상서산테크노밸리","월세","74.5253","202510","18","1,000","70","1","2018","성연4로 46","202510~202710","신규","-","","","아파트"
"15191","충청남도 계룡시 엄사면 유동리","460","0460","0000","블루힐스","전세","84.9790","202510","18","15,000","0","3","2012","계백로 3051","202511~202711","신규","-","","","아파트"
"15192","충청남도 홍성군 홍성읍 오관리","559","0559","0000","태영","월세","76.1000","202510","18","1,000","40","8","1992","문화로80번길 43","202512~202712","신규","-","","","아파트"
"15193","충청남도 예산군 삽교읍 목리","894","0894","0000","원목마을이지더원2차아파트","전세","84.8530","202510","18","16,000","0","14","2022","수암천로 23","202511~202711","신규","-","","","아파트"
"15194","충청남도 계룡시 두마면 두계리","67","0067","0000","계룡더샵아파트","월세","101.9500","202510","18","2,000","85","12","2008","사계로 101","202512~202712","신규","-","","","아파트"
"15195","충청남도 아산시 배방읍 북수리","1530","1530","0000","자이2차","월세","84.7809","202510","18","2,000","70","4","2007","북수로 116","202511~202711","신규","-","","","아파트"
"15196","충청남도 아산시 탕정면 매곡리","1393","1393","0000","한들물빛도시시티프라디움","전세","84.9774","202510","18","32,000","0","15","2021","한들물빛3로 36","202511~202711","갱신","-","32,000","0","아파트"
"15197","충청남도 아산시 탕정면 매곡리","1393","1393","0000","한들물빛도시시티프라디움","월세","84.9883","202510","18","15,000","70","13","2021","한들물빛3로 36","202511~202802","갱신","-","15,000","60","아파트"
"15198","충청남도 아산시 탕정면 매곡리","1393","1393","0000","한들물빛도시시티프라디움","전세","84.9774","202510","18","33,600","0","4","2021","한들물빛3로 36","202602~202712","갱신","사용","32,000","0","아파트"
"15199","충청남도 아산시 배방읍 북수리","1952","1952","0000","더샵센트로","전세","84.8190","202510","18","24,500","0","18","2023","북수로 163","202601~202701","갱신","-","24,500","0","아파트"
"15200","충청남도 아산시 배방읍 북수리","1530","1530","0000","자이2차","월세","84.7809","202510","18","2,000","70","4","2007","북수로 116","202511~202711","신규","-","","","아파트"
"15201","충청남도 아산시 배방읍 장재리","1539","1539","0000","연화마을8단지","월세","74.5200","202510","18","2,000","90","9","2009","연화로 36","202510~202710","신규","-","","","아파트"
"15202","충청남도 아산시 탕정면 호산리","497","0497","0000","홍익","전세","33.1500","202510","18","5,000","0","12","1999","선문로 385","202511~202711","신규","-","","","아파트"
"15203","충청남도 아산시 음봉면 덕지리","580","0580","0000","더?레이크사이드","전세","84.9546","202510","18","14,500","0","3","2006","음봉로 567","202512~202712","신규","-","","","아파트"
"15204","충청남도 아산시 배방읍 세교리","1605","1605","0000","e편한세상탕정퍼스트드림","전세","84.8707","202510","18","40,000","0","10","2025","동방로 201","202512~202712","신규","-","","","아파트"
"15205","충청남도 당진시 송악읍 기지시리","504","0504","0000","힐스테이트당진2차","월세","74.5361","202510","18","2,000","75","2","2018","틀모시로 737","202511~202711","신규","-","","","아파트"
"15206","충청남도 천안시 동남구 구성동","300-6","0300","0006","향목그라비스","전세","84.9669","202510","18","16,000","0","10","2005","충절로 303","202511~202711","신규","-","","","아파트"
"15207","충청남도 아산시 탕정면 명암리","809","0809","0000","탕정삼성트라팰리스(1단지~3단지)","전세","84.6800","202510","18","33,000","0","5","2009","탕정면로 37","202602~202804","신규","-","","","아파트"
"15208","충청남도 아산시 탕정면 갈산리","898","0898","0000","호반써밋그랜드마크Ⅲ(3차)","월세","74.9818","202510","18","3,000","130","1","2023","갈산교로 223","202511~202711","신규","-","","","아파트"
"15209","충청남도 천안시 동남구 청당동","458","0458","0000","한양수자인","전세","84.9344","202510","18","26,000","0","19","2011","청수4로 11","-","-","-","","","아파트"
"15210","충청남도 천안시 동남구 청당동","992","0992","0000","청당코오롱하늘채","월세","71.3335","202510","18","1,000","100","14","2019","광풍로 1800","202511~202711","신규","-","","","아파트"
"15211","충청남도 아산시 음봉면 산동리","1066","1066","0000","아산한라비발디스마트밸리","월세","65.7289","202510","18","2,000","90","9","2023","산동희망로 40","202511~202611","신규","-","","","아파트"
"15212","충청남도 아산시 탕정면 명암리","809","0809","0000","탕정삼성트라팰리스(4단지)","월세","84.6800","202510","18","3,000","130","2","2013","탕정면로 37","202601~202801","신규","-","","","아파트"
"15213","충청남도 아산시 탕정면 명암리","809","0809","0000","탕정삼성트라팰리스(1단지~3단지)","전세","107.0400","202510","18","42,000","0","4","2009","탕정면로 37","202511~202801","신규","-","","","아파트"
"15214","충청남도 아산시 둔포면 석곡리","1822","1822","0000","아산테크노밸리이지더원9단지","월세","84.9022","202510","18","1,000","110","21","2023","아산밸리남로 37","202511~202711","신규","-","","","아파트"
"15215","충청남도 아산시 둔포면 석곡리","1822","1822","0000","아산테크노밸리이지더원9단지","전세","84.9673","202510","18","24,000","0","3","2023","아산밸리남로 37","202511~202711","신규","-","","","아파트"
"15216","충청남도 아산시 둔포면 석곡리","1790","1790","0000","아산테크노밸리이지더원5단지","전세","72.2295","202510","18","19,000","0","3","2017","아산밸리북로 48","202512~202712","신규","-","","","아파트"
"15217","충청남도 천안시 동남구 청당동","992","0992","0000","청당코오롱하늘채","월세","84.9958","202510","18","3,000","100","17","2019","광풍로 1800","202510~202710","신규","-","","","아파트"
"15218","충청남도 아산시 탕정면 명암리","809","0809","0000","탕정삼성트라팰리스(1단지~3단지)","전세","84.6800","202510","18","33,000","0","5","2009","탕정면로 37","202602~202804","신규","-","","","아파트"
"15219","충청남도 아산시 배방읍 공수리","282-5","0282","0005","아산한도","월세","39.9000","202510","18","500","42","17","1997","모산로126번길 17-26","202511~202711","신규","-","","","아파트"
"15220","충청남도 아산시 배방읍 세교리","432","0432","0000","신한","전세","34.7200","202510","18","3,150","0","1","1996","온천대로 2332","202510~202710","신규","-","","","아파트"
"15221","충청남도 아산시 탕정면 매곡리","1387","1387","0000","신영한들물빛도시지웰시티센트럴푸르지오3단지","전세","84.7160","202510","18","41,000","0","12","2022","한들물빛5로 36","202602~202802","신규","-","","","아파트"
"15222","충청남도 아산시 신창면 행목리","498","0498","0000","아산신창양우내안애","전세","59.4900","202510","18","9,000","0","6","2014","행목로 202","202512~202712","신규","-","","","아파트"
"15223","충청남도 아산시 신창면 행목리","498","0498","0000","아산신창양우내안애","월세","35.1000","202510","18","300","45","12","2014","행목로 202","202510~202610","신규","-","","","아파트"
"15224","충청남도 아산시 탕정면 매곡리","1391","1391","0000","한들물빛도시예미지","월세","102.4595","202510","18","5,000","180","28","2022","한들물빛3로 14","202510~202710","신규","-","","","아파트"
"15225","충청남도 당진시 신평면 거산리","6-3","0006","0003","신세대","월세","39.7500","202510","17","500","30","13","2000","거산3거리길 66","202510~202710","신규","-","","","아파트"
"15226","충청남도 아산시 신창면 행목리","498","0498","0000","아산신창양우내안애","월세","35.1000","202510","17","300","45","9","2014","행목로 202","202510~202610","신규","-","","","아파트"
"15227","충청남도 아산시 배방읍 장재리","1767","1767","0000","요진와이시티","전세","59.8868","202510","17","26,200","0","10","2011","광장로 210","202512~202712","갱신","-","25,000","0","아파트"
"15228","충청남도 아산시 배방읍 공수리","282","0282","0000","배방삼정그린코아","월세","38.4900","202510","17","500","50","12","2012","모산로126번길 17-7","202510~202603","신규","-","","","아파트"
"15229","충청남도 아산시 배방읍 장재리","1539","1539","0000","연화마을8단지","전세","74.9600","202510","17","21,000","0","11","2009","연화로 36","202512~202804","신규","-","","","아파트"
"15230","충청남도 아산시 신창면 읍내리","579-9","0579","0009","경희학성","월세","29.5100","202510","17","200","32","10","1996","순천향로 49","202511~202612","신규","-","","","아파트"
"15231","충청남도 아산시 배방읍 세교리","1522","1522","0000","엘리프아산탕정","전세","84.9800","202510","17","27,000","0","5","2025","동방로 220","202601~202801","신규","-","","","아파트"
"15232","충청남도 아산시 배방읍 세교리","1522","1522","0000","엘리프아산탕정","월세","84.9700","202510","17","3,000","110","8","2025","동방로 220","202511~202711","신규","-","","","아파트"
"15233","충청남도 천안시 동남구 청당동","992","0992","0000","청당코오롱하늘채","월세","71.3335","202510","17","2,000","100","24","2019","광풍로 1800","202512~202712","신규","-","","","아파트"
"15234","충청남도 아산시 인주면 해암리","280-4","0280","0004","미진무지개","월세","32.6100","202510","17","500","30","11","2000","현대로 862","202511~202611","신규","-","","","아파트"
"15235","충청남도 아산시 탕정면 명암리","809","0809","0000","탕정삼성트라팰리스(4단지)","전세","107.0400","202510","17","45,000","0","34","2013","탕정면로 37","202601~202801","신규","-","","","아파트"
"15236","충청남도 아산시 탕정면 갈산리","883","0883","0000","호반써밋그랜드마크Ⅰ(1차)","월세","84.6249","202510","17","3,000","130","11","2023","갈산샛들로 57","202512~202712","신규","-","","","아파트"
"15237","충청남도 아산시 탕정면 갈산리","883","0883","0000","호반써밋그랜드마크Ⅰ(1차)","월세","84.6249","202510","17","3,000","130","11","2023","갈산샛들로 57","202512~202712","신규","-","","","아파트"
"15238","충청남도 아산시 배방읍 북수리","1873","1873","0000","충남꿈비채아산배방","월세","44.7994","202510","17","4,000","14","16","2022","월천5길 30","202510~202711","신규","-","","","아파트"
"15239","충청남도 아산시 탕정면 용두리","720","0720","0000","더퍼스트休","월세","16.9800","202510","17","0","50","3","2021","용머리길 109","202510~202601","신규","-","","","아파트"
"15240","충청남도 아산시 탕정면 용두리","722","0722","0000","월드메르디앙웰리지(A동)","월세","19.9636","202510","17","200","50","7","2023","용머리길 41","202510~202610","신규","-","","","아파트"
"15241","충청남도 아산시 배방읍 세교리","424-9","0424","0009","신라","전세","49.6800","202510","17","7,000","0","3","1997","온천대로 2358","202511~202711","신규","-","","","아파트"
"15242","충청남도 아산시 배방읍 장재리","1767","1767","0000","요진와이시티","전세","59.9572","202510","17","26,000","0","28","2011","광장로 210","202510~202710","신규","-","","","아파트"
"15243","충청남도 아산시 배방읍 공수리","282","0282","0000","배방삼정그린코아","전세","38.4900","202510","17","7,140","0","8","2012","모산로126번길 17-7","202511~202711","갱신","사용","6,800","0","아파트"
"15244","충청남도 아산시 탕정면 갈산리","892","0892","0000","호반써밋그랜드마크V(5차)","전세","59.8867","202510","17","26,000","0","20","2023","갈산교로 250","202512~202802","신규","-","","","아파트"
"15245","충청남도 아산시 둔포면 둔포리","292","0292","0000","우정배꽃마을아파트","월세","84.1800","202510","17","1,000","75","14","2005","둔포중앙로161번길 34","202510~202710","신규","-","","","아파트"
"15246","충청남도 아산시 배방읍 공수리","282","0282","0000","배방삼정그린코아","월세","38.4900","202510","17","1,000","35","3","2012","모산로126번길 17-7","202510~202710","신규","-","","","아파트"
"15247","충청남도 아산시 배방읍 공수리","282-5","0282","0005","아산한도","전세","59.4000","202510","17","11,000","0","16","1997","모산로126번길 17-26","202511~202711","갱신","-","11,000","0","아파트"
"15248","충청남도 아산시 배방읍 북수리","1952","1952","0000","더샵센트로","전세","106.8360","202510","17","35,700","0","11","2023","북수로 163","202511~202711","갱신","사용","34,000","0","아파트"
"15249","충청남도 아산시 배방읍 세교리","1521","1521","0000","아산탕정LH7단지","월세","46.6300","202510","17","2,367","29","9","2021","세교길 13","202510~202712","갱신","-","2,967","27","아파트"
"15250","충청남도 천안시 서북구 두정동","527","0527","0000","주공그린(8단지)","전세","39.9900","202510","17","10,500","0","9","1996","두정중5길 33","202510~202710","신규","-","","","아파트"
"15251","충청남도 천안시 서북구 두정동","525-1","0525","0001","대우그린","전세","33.6000","202510","17","10,500","0","2","1996","봉정로 365","202511~202711","신규","-","","","아파트"
"15252","충청남도 천안시 서북구 두정동","2037","2037","0000","두정역푸르지오","월세","84.9403","202510","17","3,000","110","23","2009","두정역길 48","202512~202712","신규","-","","","아파트"
"15253","충청남도 천안시 서북구 쌍용동","1561","1561","0000","월봉청솔2차","월세","48.4500","202510","17","500","55","14","2000","월봉7길 77","202510~202710","신규","-","","","아파트"
"15254","충청남도 천안시 동남구 풍세면 보성리","772","0772","0000","천안한양수자인에코시티","월세","84.9610","202510","17","300","40","4","2023","풍세산단로 290","202510~202610","신규","-","","","아파트"
"15255","충청남도 천안시 서북구 불당동","1498","1498","0000","천안불당 지웰푸르지오","월세","99.9950","202510","17","5,000","180","13","2016","불당24로 38","202602~202810","신규","-","","","아파트"
"15256","충청남도 천안시 서북구 성정동","1562","1562","0000","천안역우방아이유쉘","전세","84.9988","202510","17","25,000","0","11","2018","천안천6길 33","202511~202711","신규","-","","","아파트"
"15257","충청남도 천안시 서북구 불당동","820","0820","0000","대동다숲","전세","84.7824","202510","17","25,000","0","5","2004","시청로 39","202601~202802","신규","-","","","아파트"
"15258","충청남도 천안시 서북구 성환읍 매주리","183","0183","0000","성환부영","월세","49.9200","202510","17","500","55","4","1998","천안대로 1843","202511~202711","신규","-","","","아파트"
"15259","충청남도 천안시 서북구 쌍용동","1282","1282","0000","주공7단지2차","전세","41.8500","202510","17","7,000","0","1","1995","쌍용11길 55","202510~202710","갱신","사용","7,500","0","아파트"
"15260","충청남도 천안시 서북구 백석동","941","0941","0000","백석마을아이파크","월세","84.9840","202510","17","2,000","110","9","2009","한들3로 100","202511~202711","신규","-","","","아파트"
"15261","충청남도 천안시 서북구 쌍용동","1367","1367","0000","월봉청솔1단지","전세","50.1600","202510","17","10,500","0","6","2000","월봉4로 140-9","202512~202712","신규","-","","","아파트"
"15262","충청남도 천안시 서북구 불당동","788","0788","0000","불당한성필하우스","월세","59.9813","202510","17","2,000","75","10","2004","불당11로 68","202512~202712","신규","-","","","아파트"
"15263","충청남도 천안시 서북구 백석동","941","0941","0000","백석마을아이파크","월세","84.9840","202510","17","2,000","110","9","2009","한들3로 100","202511~202711","신규","-","","","아파트"
"15264","충청남도 천안시 서북구 직산읍 삼은리","59-7","0059","0007","청호6차","전세","59.7650","202510","17","10,000","0","9","1995","직산로 18-41","202511~202711","신규","-","","","아파트"
"15265","충청남도 천안시 서북구 두정동","526-1","0526","0001","극동늘푸른","전세","59.9100","202510","17","14,600","0","7","1996","늘푸른6길 41","202601~202801","신규","-","","","아파트"
"15266","충청남도 천안시 서북구 두정동","1479","1479","0000","두정하이빌1","전세","43.2000","202510","17","10,000","0","6","2014","두정상가8길 51","202511~202711","신규","-","","","아파트"
"15267","충청남도 천안시 서북구 쌍용동","1561","1561","0000","월봉청솔2차","월세","48.4500","202510","17","500","60","7","2000","월봉7길 77","202511~202710","신규","-","","","아파트"
"15268","충청남도 천안시 서북구 와촌동","186","0186","0000","천안역사동아라이크텐","전세","65.6685","202510","17","23,000","0","12","2021","천안천4길 20","202511~202711","신규","-","","","아파트"
"15269","충청남도 천안시 서북구 와촌동","186","0186","0000","천안역사동아라이크텐","월세","84.9864","202510","17","2,000","120","31","2021","천안천4길 20","202511~202711","신규","-","","","아파트"
"15270","충청남도 천안시 서북구 쌍용동","1914","1914","0000","주공9","전세","39.6900","202510","17","7,700","0","6","1998","봉서산샛길 65","202511~202711","갱신","사용","7,800","0","아파트"
"15271","충청남도 논산시 부창동","209-4","0209","0004","대림","전세","84.9740","202510","17","12,000","0","2","1997","대림길 7","202510~202710","갱신","-","10,500","0","아파트"
"15272","충청남도 천안시 동남구 신방동","920","0920","0000","초원그린타운","월세","39.2700","202510","17","300","47","5","1998","신촌4로 16","202510~202710","신규","-","","","아파트"
"15273","충청남도 공주시 신관동","668","0668","0000","현대힐스테이트5차","월세","84.9840","202510","17","3,000","80","8","2006","신금2길 17","202511~202711","신규","-","","","아파트"
"15274","충청남도 천안시 동남구 신방동","2191","2191","0000","신방삼부르네상스","전세","75.9828","202510","17","20,000","0","5","2023","풍세로 678-22","202511~202711","신규","-","","","아파트"
"15275","충청남도 천안시 동남구 신방동","920","0920","0000","초원그린타운","월세","39.2700","202510","17","500","36","13","1998","신촌4로 16","202511~202711","신규","-","","","아파트"
"15276","충청남도 당진시 수청동","1562","1562","0000","호반써밋시그니처Ⅱ","전세","84.4927","202510","17","29,500","0","6","2023","수청1로 51","202512~202712","신규","-","","","아파트"
"15277","충청남도 아산시 모종동","640","0640","0000","모종캐슬어울림2단지","전세","84.9206","202510","17","24,000","0","1","2017","모종로22번길 33","202602~202802","신규","-","","","아파트"
"15278","충청남도 아산시 모종동","734","0734","0000","모종2차삼일파라뷰센트럴","전세","59.5604","202510","17","22,050","0","8","2022","모종북로 22","-","-","-","","","아파트"
"15279","충청남도 아산시 모종동","736","0736","0000","힐스테이트모종네오루체","전세","84.9906","202510","17","26,200","0","6","2023","못마루로 139","202510~202710","신규","-","","","아파트"
"15280","충청남도 천안시 동남구 안서동","223-3","0223","0003","고운여의주","월세","59.9680","202510","17","1,500","70","4","2004","안서1길 5-16","202510~202610","신규","-","","","아파트"
"15281","충청남도 아산시 득산동","392-2","0392","0002","부영","월세","49.9200","202510","17","500","52","1","1998","온천대로 1105-17","202510~202710","신규","-","","","아파트"
"15282","충청남도 서산시 동문동","1262","1262","0000","신한미지엔","전세","84.8519","202510","17","15,000","0","12","2011","서령로 157","-","-","-","","","아파트"
"15283","충청남도 공주시 웅진동","771","0771","0000","공주금성백조예미지","전세","59.7736","202510","17","18,000","0","3","2017","웅진절골3길 38","202512~202712","신규","-","","","아파트"
"15284","충청남도 천안시 서북구 부대동","762","0762","0000","천안부성LH행복주택","월세","20.8800","202510","17","3,547","6","5","2022","부성18로 71","202511~202710","갱신","-","2,376","12","아파트"
"15285","충청남도 아산시 득산동","392-2","0392","0002","부영","월세","49.9200","202510","17","500","60","8","1998","온천대로 1105-17","202510~202710","신규","-","","","아파트"
"15286","충청남도 보령시 명천동","389","0389","0000","명천주공4","월세","49.9700","202510","17","500","55","1","1997","주공로 65","202511~202611","신규","-","","","아파트"
"15287","충청남도 아산시 용화동","712","0712","0000","용화주공3","월세","59.9900","202510","17","1,000","50","2","1997","온중로 22","202511~202711","신규","-","","","아파트"
"15288","충청남도 아산시 용화동","1661","1661","0000","아산줌파크","월세","75.3000","202510","17","3,000","70","17","2023","시민로 135","202511~202711","신규","-","","","아파트"
"15289","충청남도 천안시 동남구 신부동","672","0672","0000","대림한숲","월세","84.9780","202510","17","2,000","80","11","1995","터미널6길 12","202512~202712","신규","-","","","아파트"
"15290","충청남도 당진시 원당동","1251","1251","0000","원당마을주공1단지","전세","51.7400","202510","17","12,500","0","6","2003","밤절로 103","202510~202710","갱신","-","14,000","0","아파트"
"15291","충청남도 서산시 읍내동","624-6","0624","0006","동신","전세","61.5600","202510","17","8,500","0","6","1994","문화로 131","202511~202711","신규","-","","","아파트"
"15292","충청남도 당진시 대덕동","1876","1876","0000","당진대덕수청시티프라디움1차","전세","59.9589","202510","17","18,000","0","6","2020","대덕1로 102","202512~202712","신규","-","","","아파트"
"15293","충청남도 천안시 동남구 용곡동","583","0583","0000","용곡마을세광2차엔리치타워","전세","84.9620","202510","17","17,000","0","2","2007","풍세로 769-28","202511~202711","신규","-","","","아파트"
"15294","충청남도 천안시 동남구 신부동","986","0986","0000","신부 디 이스트","전세","84.9700","202510","17","28,000","0","16","2018","신부8길 21","202511~202711","신규","-","","","아파트"
"15295","충청남도 논산시 강산동","643","0643","0000","부영","전세","48.6000","202510","17","5,469","0","1","1996","시민로307번길 28","202512~202611","신규","-","","","아파트"
"15296","충청남도 아산시 권곡동","610","0610","0000","삼부르네상스","월세","121.4600","202510","17","3,000","90","13","2005","문화로243번길 13","202511~202710","신규","-","","","아파트"
"15297","충청남도 보령시 명천동","389","0389","0000","명천주공4","월세","49.9700","202510","17","500","50","14","1997","주공로 65","202511~202611","신규","-","","","아파트"
"15298","충청남도 천안시 동남구 다가동","440-10","0440","0010","신성","전세","75.5600","202510","17","9,000","0","12","1990","다가말2길 34-5","202511~202711","신규","-","","","아파트"
"15299","충청남도 서산시 읍내동","624-5","0624","0005","부영","월세","49.7200","202510","17","500","37","11","1996","부춘1로 19","202510~202710","신규","-","","","아파트"
"15300","충청남도 아산시 좌부동","84-3","0084","0003","초원설화타운1","월세","56.2800","202510","17","500","35","3","1994","고불로 667","202510~202710","신규","-","","","아파트"
"15301","충청남도 당진시 수청동","1844","1844","0000","당진센트레빌르네블루1차","전세","84.9169","202510","17","16,800","0","21","2023","수청중앙로 85","202511~202711","갱신","사용","16,000","0","아파트"
"15302","충청남도 서산시 동문동","1262","1262","0000","신한미지엔","전세","84.8519","202510","17","15,000","0","12","2011","서령로 157","202511~202711","신규","-","","","아파트"
"15303","충청남도 계룡시 두마면 농소리","973","0973","0000","푸르지오더퍼스트","전세","59.6989","202510","17","20,000","0","6","2022","농소로 63","202511~202711","신규","-","","","아파트"
"15304","충청남도 계룡시 엄사면 엄사리","226-4","0226","0004","삼진","월세","39.9300","202510","17","500","38","14","1997","번영3길 73-12","202510~202610","신규","-","","","아파트"
"15305","충청남도 계룡시 엄사면 엄사리","282","0282","0000","성원","월세","58.3200","202510","17","500","40","2","1997","엄사중앙로 66","202511~202711","신규","-","","","아파트"
"15306","충청남도 계룡시 엄사면 엄사리","367","0367","0000","두산신성","월세","84.8550","202510","17","3,000","50","13","1994","엄사중앙로 65-9","202511~202607","신규","-","","","아파트"
"15307","충청남도 서산시 인지면 둔당리","224","0224","0000","아진","월세","39.6600","202510","17","300","30","9","1998","무학로 1742","202510~202710","신규","-","","","아파트"
"15308","충청남도 예산군 삽교읍 신리","BL-","0000","0000","시현마을엘에이치1단지","월세","26.8100","202510","17","1,030","15","12","2020","충예로 258","202511~202712","신규","-","","","아파트"
"15309","충청남도 예산군 삽교읍 신리","BL-","0000","0000","시현마을엘에이치1단지","월세","26.8100","202510","17","1,030","15","8","2020","충예로 258","202511~202712","신규","-","","","아파트"
"15310","충청남도 예산군 삽교읍 신리","BL-","0000","0000","시현마을엘에이치1단지","월세","37.6800","202510","17","1,982","22","2","2020","충예로 258","202511~202712","신규","-","","","아파트"
"15311","충청남도 서산시 해미면 읍내리","513","0513","0000","이아에듀타운","월세","84.9756","202510","17","3,000","80","5","2022","성지1로 76-15","202511~202711","신규","-","","","아파트"
"15312","충청남도 천안시 동남구 문화동","181","0181","0000","천안역필하우스에듀시티(2단지)","월세","39.6978","202510","17","1,000","65","9","2022","성황로 66","202510~202710","신규","-","","","아파트"
"15313","충청남도 서산시 성연면 왕정리","712","0712","0000","힐스테이트서산아파트","월세","84.9408","202510","17","1,000","65","2","2017","성연3로 76","202511~202711","신규","-","","","아파트"
"15314","충청남도 예산군 예산읍 산성리","705","0705","0000","서오1차","월세","66.4200","202510","17","2,000","35","1","1991","역전로 150-6","202510~202610","갱신","-","2,000","35","아파트"
"15315","충청남도 서산시 지곡면 무장리","920","0920","0000","늘푸른오스카빌","월세","84.9824","202510","17","1,000","60","2","2006","충의로 762-78","202510~202710","신규","-","","","아파트"
"15316","충청남도 홍성군 홍성읍 남장리","629","0629","0000","홍성남장이안","전세","72.6072","202510","17","16,000","0","7","2017","문화로72번길 50","202601~202801","갱신","-","16,000","0","아파트"
"15317","충청남도 예산군 삽교읍 목리","884","0884","0000","내포신도시중흥S-클래스더시티","월세","84.9642","202510","17","2,000","70","10","2024","청사로 250","202510~202710","신규","-","","","아파트"
"15318","충청남도 홍성군 홍북읍 신경리","1372","1372","0000","한울마을LH2단지1BL","월세","36.9900","202510","17","4,978","7","20","2022","홍학로 124","202511~202710","갱신","-","3,127","18","아파트"
"15319","충청남도 홍성군 홍북읍 신경리","1372","1372","0000","한울마을LH2단지1BL","월세","21.8400","202510","17","2,640","6","1","2022","홍학로 124","202511~202710","갱신","-","1,863","11","아파트"
"15320","충청남도 홍성군 홍북읍 신경리","1176","1176","0000","신리마을상록아파트","전세","59.9200","202510","17","8,939","0","7","2016","홍학로 25","202512~202712","갱신","-","10,448","0","아파트"
"15321","충청남도 홍성군 홍북읍 신경리","1176","1176","0000","신리마을상록아파트","전세","58.4900","202510","17","8,787","0","2","2016","홍학로 25","202512~202712","갱신","-","10,271","0","아파트"
"15322","충청남도 홍성군 홍북읍 신경리","1204","1204","0000","엘에이치스타힐스","월세","84.9700","202510","17","3,000","60","7","2015","홍예로 213","-","-","-","","","아파트"
"15323","충청남도 금산군 금산읍 양지리","468","0468","0000","e편한세상금산프라임포레","전세","59.8083","202510","17","13,000","0","19","2022","진악로 869","-","-","-","","","아파트"
"15324","충청남도 서산시 대산읍 대산리","1550","1550","0000","한성필하우스아파트","전세","59.9853","202510","17","14,000","0","11","2017","정자동2로 16","202512~202712","갱신","사용","15,000","0","아파트"
"15325","충청남도 논산시 연무읍 안심리","77-2","0077","0002","뉴-현대","월세","43.2100","202510","17","300","40","1","1999","연무로166번길 76","202510~202710","신규","-","","","아파트"
"15326","충청남도 천안시 동남구 문화동","180","0180","0000","천안역필하우스에듀시티(1단지)","전세","73.9819","202510","17","24,000","0","7","2022","성황로 40","202511~202711","신규","-","","","아파트"
"15327","충청남도 서산시 음암면 부산리","527-1","0527","0001","한성스위트빌","월세","51.5060","202510","16","500","35","7","2001","서령로 325-23","202510~202710","신규","-","","","아파트"
"15328","충청남도 서산시 성연면 일람리","1081","1081","0000","서산테크노밸리우미린","월세","59.9050","202510","16","13,000","16","9","2022","성연3로 77","202512~202712","신규","-","","","아파트"
"15329","충청남도 서산시 성연면 일람리","1089","1089","0000","서산테크노밸리고운라피네","월세","75.1389","202510","16","2,000","70","13","2018","성연3로 57-30","202511~202711","갱신","-","2,000","70","아파트"
"15330","충청남도 홍성군 홍성읍 월산리","914","0914","0000","e편한세상홍성더센트럴","월세","101.9639","202510","16","2,000","90","14","2025","월산로 16","202510~202710","신규","-","","","아파트"
"15331","충청남도 홍성군 홍성읍 고암리","580-2","0580","0002","홍주오피스텔","월세","14.8280","202510","16","300","30","4","2014","조양로232번길 5","202510~202610","신규","-","","","아파트"
"15332","충청남도 천안시 동남구 문화동","181","0181","0000","천안역필하우스에듀시티(2단지)","전세","73.9949","202510","16","24,000","0","16","2022","성황로 66","202511~202711","신규","-","","","아파트"
"15333","충청남도 서산시 성연면 일람리","1081","1081","0000","서산테크노밸리우미린","월세","59.9050","202510","16","13,000","16","16","2022","성연3로 77","202511~202711","신규","-","","","아파트"
"15334","충청남도 서산시 성연면 왕정리","712","0712","0000","힐스테이트서산아파트","월세","84.9498","202510","16","1,000","80","7","2017","성연3로 76","202512~202712","신규","-","","","아파트"
"15335","충청남도 홍성군 홍성읍 남장리","591","0591","0000","남장휴먼시아3단지","월세","33.7200","202510","16","1,232","10","5","2011","남장중로 10","202511~202712","신규","-","","","아파트"
"15336","충청남도 계룡시 엄사면 엄사리","282","0282","0000","성원","월세","58.3200","202510","16","1,000","40","15","1997","엄사중앙로 66","202510~202610","신규","-","","","아파트"
"15337","충청남도 홍성군 홍성읍 남장리","591","0591","0000","남장휴먼시아3단지","월세","46.8500","202510","16","2,270","16","9","2011","남장중로 10","202511~202712","신규","-","","","아파트"
"15338","충청남도 홍성군 홍성읍 남장리","591","0591","0000","남장휴먼시아3단지","월세","51.5600","202510","16","2,853","19","4","2011","남장중로 10","202511~202712","신규","-","","","아파트"
"15339","충청남도 계룡시 엄사면 엄사리","282","0282","0000","성원","월세","58.3200","202510","16","500","50","11","1997","엄사중앙로 66","202510~202710","신규","-","","","아파트"
"15340","충청남도 태안군 태안읍 동문리","413-1","0413","0001","대림","월세","66.4200","202510","16","2,000","20","1","1991","한양길 61-30","202510~202610","신규","-","","","아파트"
"15341","충청남도 아산시 신창면 남성리","840","0840","0000","아산코아루에듀파크","월세","117.5620","202510","16","2,500","60","1","2009","온천대로 984","202511~202711","신규","-","","","아파트"
"15342","충청남도 태안군 태안읍 평천리","738","0738","0000","태안평천LH3단지","월세","46.7500","202510","16","2,520","25","2","2023","동평로 32","202511~202710","신규","-","","","아파트"
"15343","충청남도 천안시 동남구 문화동","81-1","0081","0001","류진시티","전세","38.4000","202510","16","9,000","0","5","2015","공설시장3길 18-1","202512~202712","신규","-","","","아파트"
"15344","충청남도 홍성군 홍북읍 신경리","945","0945","0000","자경마을중흥에스클래스","전세","59.9921","202510","16","11,990","0","16","2016","자경로 17","202510~202710","신규","-","","","아파트"
"15345","충청남도 태안군 태안읍 삭선리","281-25","0281","0025","해송마을1차","월세","39.9600","202510","16","300","30","5","1999","원이로 302","202510~202610","신규","-","","","아파트"
"15346","충청남도 예산군 삽교읍 목리","894","0894","0000","원목마을이지더원2차아파트","전세","84.8318","202510","16","20,000","0","6","2022","수암천로 23","202510~202710","신규","-","","","아파트"
"15347","충청남도 천안시 서북구 직산읍 모시리","253-38","0253","0038","동보호수마을","월세","25.7250","202510","16","300","23","3","1997","상덕로 32","202511~202610","신규","-","","","아파트"
"15348","충청남도 천안시 서북구 쌍용동","1561","1561","0000","월봉청솔2차","월세","48.4500","202510","16","1,000","50","2","2000","월봉7길 77","202510~202710","신규","-","","","아파트"
"15349","충청남도 천안시 서북구 쌍용동","1233","1233","0000","광명","월세","59.9300","202510","16","4,000","50","1","1993","미라2길 19","202511~202711","신규","-","","","아파트"
"15350","충청남도 천안시 서북구 쌍용동","861","0861","0000","시영1차근로복지","전세","42.6600","202510","16","6,000","0","12","1992","봉서2길 7","202511~202711","신규","-","","","아파트"
"15351","충청남도 천안시 서북구 차암동","448","0448","0000","천안한화꿈에그린스마일시티","전세","84.9742","202510","16","21,000","0","7","2014","스마일시티1로 1","202601~202808","신규","-","","","아파트"
"15352","충청남도 천안시 서북구 쌍용동","1367","1367","0000","월봉청솔1단지","월세","50.1600","202510","16","1,000","57","1","2000","월봉4로 140-9","202510~202710","갱신","사용","1,000","60","아파트"
"15353","충청남도 천안시 서북구 쌍용동","1233","1233","0000","광명","전세","59.9300","202510","16","11,000","0","1","1993","미라2길 19","202511~202711","신규","-","","","아파트"
"15354","충청남도 천안시 서북구 쌍용동","1233","1233","0000","광명","전세","59.9300","202510","16","11,000","0","1","1993","미라2길 19","202511~202711","신규","-","","","아파트"
"15355","충청남도 천안시 동남구 목천읍 신계리","127-2","0127","0002","천안목천협성엠파이어","월세","39.8200","202510","16","300","40","11","2013","충절로 874","202510~202610","신규","-","","","아파트"
"15356","충청남도 천안시 서북구 성성동","968","0968","0000","천안푸르지오레이크사이드","전세","74.9872","202510","16","33,000","0","17","2023","성성7로 36","202601~202801","신규","-","","","아파트"
"15357","충청남도 천안시 서북구 성성동","968","0968","0000","천안푸르지오레이크사이드","전세","74.9872","202510","16","33,000","0","17","2023","성성7로 36","202601~202801","신규","-","","","아파트"
"15358","충청남도 천안시 서북구 두정동","527","0527","0000","주공그린(8단지)","월세","59.9700","202510","16","1,000","70","14","1996","봉정로 381","202510~202704","신규","-","","","아파트"
"15359","충청남도 천안시 서북구 두정동","527","0527","0000","주공그린(8단지)","월세","59.9700","202510","16","1,000","70","13","1996","두정중5길 33","202511~202711","신규","-","","","아파트"
"15360","충청남도 천안시 서북구 두정동","2063","2063","0000","e편한세상두정3차","전세","75.7971","202510","16","27,000","0","9","2017","북일로 21","202510~202710","신규","-","","","아파트"
"15361","충청남도 천안시 서북구 두정동","2045","2045","0000","두정역이안더센트럴","전세","114.9460","202510","16","28,000","0","15","2011","천안대로 999-7","202510~202710","신규","-","","","아파트"
"15362","충청남도 천안시 서북구 성거읍 요방리","160-22","0160","0022","육영원룸","전세","27.6000","202510","16","2,400","0","3","1996","망향로 343","202510~202710","갱신","-","2,400","0","아파트"
"15363","충청남도 천안시 서북구 성정동","1439","1439","0000","라임스톤","월세","18.9392","202510","16","300","38","6","2014","성정공원3길 6","202510~202610","신규","-","","","아파트"
"15364","충청남도 천안시 서북구 성정동","789","0789","0000","주공6-3","전세","47.3200","202510","16","6,500","0","3","1991","쌍용대로 289-11","202512~202710","신규","-","","","아파트"
"15365","충청남도 천안시 서북구 성정동","1323","1323","0000","프라지움8차","월세","30.2141","202510","16","2,000","45","11","2016","오성로 130","202510~202610","신규","-","","","아파트"
"15366","충청남도 천안시 서북구 성정동","1570","1570","0000","천안역경남아너스빌어반하이츠","월세","84.8722","202510","16","5,000","80","12","2025","축구센터로 100","202510~202710","신규","-","","","아파트"
"15367","충청남도 천안시 서북구 성정동","1347","1347","0000","평화로운나날","월세","19.4575","202510","16","300","37","3","2013","성정공원6길 36","202510~202610","신규","-","","","아파트"
"15368","충청남도 천안시 동남구 풍세면 보성리","772","0772","0000","천안한양수자인에코시티","월세","84.9831","202510","16","2,000","85","18","2023","풍세산단로 290","202511~202711","신규","-","","","아파트"
"15369","충청남도 천안시 서북구 쌍용동","1282","1282","0000","주공7단지2차","월세","41.8500","202510","16","500","45","4","1995","쌍용11길 55","202510~202710","신규","-","","","아파트"
"15370","충청남도 천안시 서북구 쌍용동","1561","1561","0000","월봉청솔2차","월세","48.4500","202510","16","1,000","60","8","2000","월봉7길 77","202511~202710","신규","-","","","아파트"
"15371","충청남도 천안시 서북구 차암동","543","0543","0000","e편한세상스마일시티2차","전세","74.9402","202510","16","21,525","0","5","2016","스마일시티2로 2","202510~202710","갱신","사용","20,500","0","아파트"
"15372","충청남도 천안시 서북구 와촌동","186","0186","0000","천안역사동아라이크텐","전세","65.4418","202510","16","23,000","0","9","2021","천안천4길 20","202512~202712","신규","-","","","아파트"
"15373","충청남도 천안시 서북구 불당동","1503","1503","0000","불당이안","전세","84.9200","202510","16","37,000","0","28","2015","불당23로 13","202512~202712","신규","-","","","아파트"
"15374","충청남도 천안시 서북구 불당동","737","0737","0000","메가트로피","월세","19.2000","202510","16","1,000","30","14","2014","검은들3길 3","202510~202610","신규","-","","","아파트"
"15375","충청남도 천안시 서북구 불당동","757","0757","0000","불당아이파크","전세","84.9500","202510","16","30,000","0","7","2004","불당17길 14","202510~202701","신규","-","","","아파트"
"15376","충청남도 천안시 서북구 불당동","1846","1846","0000","불당호반써밋플레이스센터시티","월세","98.2067","202510","16","5,000","200","5","2017","불당25로 8","202511~202711","신규","-","","","아파트"
"15377","충청남도 천안시 서북구 불당동","1548","1548","0000","천안불당지웰더샵","전세","84.7278","202510","16","49,000","0","25","2016","불당26로 77","202511~202711","신규","-","","","아파트"
"15378","충청남도 천안시 동남구 목천읍 삼성리","9-12","0009","0012","원앙마을부영1차","월세","49.9200","202510","16","500","45","5","1999","삼성5길 42","202511~202711","신규","-","","","아파트"
"15379","충청남도 천안시 서북구 직산읍 삼은리","70","0070","0000","직산한도","월세","63.2250","202510","16","1,000","50","10","1993","직산로 24","202511~202711","신규","-","","","아파트"
"15380","충청남도 천안시 서북구 와촌동","186","0186","0000","천안역사동아라이크텐","전세","65.4418","202510","16","23,000","0","9","2021","천안천4길 20","202512~202712","신규","-","","","아파트"
"15381","충청남도 천안시 서북구 직산읍 상덕리","107","0107","0000","직산산호","월세","49.8000","202510","16","300","35","2","1997","양당율금길 4-30","202510~202710","신규","-","","","아파트"
"15382","충청남도 천안시 서북구 입장면 도림리","341-1","0341","0001","한성","월세","39.5120","202510","16","500","35","3","1999","도림길 10","202510~202710","신규","-","","","아파트"
"15383","충청남도 천안시 서북구 백석동","919","0919","0000","백석벽산블루밍1차","월세","84.9990","202510","16","2,000","95","8","2006","번영로 278-12","202510~202610","신규","-","","","아파트"
"15384","충청남도 천안시 서북구 백석동","979","0979","0000","천안백석푸르지오","월세","84.8870","202510","16","300","160","12","2010","한들2로 88","202511~202512","신규","-","","","아파트"
"15385","충청남도 천안시 서북구 백석동","910","0910","0000","주공3단지","월세","51.9500","202510","16","1,800","23","13","2002","백석3로 70","202510~202711","신규","-","","","아파트"
"15386","충청남도 천안시 서북구 백석동","890","0890","0000","그린빌2","월세","84.2500","202510","16","5,000","68","5","2004","백석3로 91","202511~202711","신규","-","","","아파트"
"15387","충청남도 천안시 서북구 두정동","2063","2063","0000","e편한세상두정3차","전세","59.9941","202510","16","23,000","0","2","2017","북일로 21","202512~202712","갱신","사용","23,000","0","아파트"
"15388","충청남도 천안시 서북구 두정동","2068","2068","0000","한화포레나천안두정","월세","84.9305","202510","16","3,000","130","9","2022","천안대로 980-17","202512~202712","신규","-","","","아파트"
"15389","충청남도 천안시 서북구 두정동","1864","1864","0000","우성","전세","59.6950","202510","16","13,400","0","13","1996","두정고7길 36","-","-","-","","","아파트"
"15390","충청남도 천안시 서북구 두정동","2078","2078","0000","두정역효성해링턴플레이스","월세","71.4000","202510","16","2,000","120","16","2020","봉정로 324","202510~202710","신규","-","","","아파트"
"15391","충청남도 천안시 서북구 두정동","1864","1864","0000","우성","전세","59.6950","202510","16","13,400","0","13","1996","두정고7길 36","202511~202711","신규","-","","","아파트"
"15392","충청남도 천안시 서북구 와촌동","173","0173","0000","신동아파밀리에","전세","84.9816","202510","16","20,000","0","6","2005","천안천4길 18-10","202511~202611","갱신","-","20,000","0","아파트"
"15393","충청남도 아산시 배방읍 북수리","1530","1530","0000","자이2차","전세","84.8852","202510","16","16,800","0","7","2007","북수로 116","202510~202710","갱신","사용","16,000","0","아파트"
"15394","충청남도 아산시 음봉면 덕지리","21-3","0021","0003","초원그린타운","월세","39.2700","202510","16","300","40","15","1997","음봉로681번길 24","202510~202610","신규","-","","","아파트"
"15395","충청남도 아산시 둔포면 석곡리","1797","1797","0000","아산테크노밸리EGthe14단지","전세","72.3450","202510","16","18,500","0","3","2016","아산밸리중앙로 67","202511~202711","신규","-","","","아파트"
"15396","충청남도 아산시 둔포면 석곡리","1797","1797","0000","아산테크노밸리EGthe14단지","전세","72.3450","202510","16","18,500","0","3","2016","아산밸리중앙로 67","202511~202711","신규","-","","","아파트"
"15397","충청남도 아산시 둔포면 석곡리","1822","1822","0000","아산테크노밸리이지더원9단지","전세","84.9673","202510","16","25,000","0","10","2023","아산밸리남로 37","202512~202711","신규","-","","","아파트"
"15398","충청남도 당진시 송악읍 반촌리","987","0987","0000","당진롯데캐슬","전세","84.6289","202510","16","17,000","0","5","2012","반촌로 108","202511~202711","신규","-","","","아파트"
"15399","충청남도 아산시 배방읍 장재리","1844","1844","0000","천안아산역 리슈빌","월세","84.1500","202510","16","3,000","90","20","2010","장재로 27","202511~202711","신규","-","","","아파트"
"15400","충청남도 아산시 배방읍 장재리","1205","1205","0000","용연마을휴먼시아1단지","월세","36.9800","202510","16","1,773","10","7","2008","용연로 36","202512~202711","갱신","-","1,721","9","아파트"
"15401","충청남도 아산시 배방읍 장재리","1844","1844","0000","천안아산역 리슈빌","전세","84.1100","202510","16","25,000","0","18","2010","장재로 27","202510~202710","신규","-","","","아파트"
"15402","충청남도 아산시 배방읍 장재리","1844","1844","0000","천안아산역 리슈빌","전세","84.1500","202510","16","24,000","0","8","2010","장재로 27","202511~202711","갱신","사용","23,000","0","아파트"
"15403","충청남도 아산시 탕정면 매곡리","1393","1393","0000","한들물빛도시시티프라디움","전세","84.9774","202510","16","31,500","0","4","2021","한들물빛3로 36","202510~202710","갱신","사용","30,000","0","아파트"
"15404","충청남도 당진시 송악읍 기지시리","510","0510","0000","힐스테이트당진","월세","72.9256","202510","16","1,000","80","22","2016","틀모시로 738","202511~202711","신규","-","","","아파트"
"15405","충청남도 아산시 탕정면 갈산리","898","0898","0000","호반써밋그랜드마크Ⅲ(3차)","전세","84.9060","202510","16","35,000","0","8","2023","갈산교로 223","202601~202801","신규","-","","","아파트"
"15406","충청남도 아산시 탕정면 갈산리","883","0883","0000","호반써밋그랜드마크Ⅰ(1차)","전세","84.6249","202510","16","25,200","0","15","2023","갈산샛들로 57","202510~202710","갱신","사용","24,000","0","아파트"
"15407","충청남도 아산시 탕정면 갈산리","883","0883","0000","호반써밋그랜드마크Ⅰ(1차)","전세","84.9060","202510","16","26,250","0","19","2023","갈산샛들로 57","202510~202710","갱신","사용","25,000","0","아파트"
"15408","충청남도 당진시 순성면 봉소리","50-10","0050","0010","순성중명","전세","49.9900","202510","16","2,500","0","4","1994","순성로 453-30","202512~202712","갱신","-","2,500","0","아파트"
"15409","충청남도 천안시 동남구 청수동","435","0435","0000","청수행정타운금호어울림","전세","59.8754","202510","16","18,000","0","18","2023","수도산공원길 1","202512~202712","신규","-","","","아파트"
"15410","충청남도 천안시 동남구 청수동","435","0435","0000","청수행정타운금호어울림","전세","59.8754","202510","16","18,000","0","18","2023","수도산공원길 1","202512~202712","신규","-","","","아파트"
"15411","충청남도 아산시 신창면 행목리","498","0498","0000","아산신창양우내안애","월세","49.5000","202510","16","800","55","4","2014","행목로 202","202510~202710","신규","-","","","아파트"
"15412","충청남도 아산시 탕정면 호산리","497","0497","0000","홍익","월세","33.1500","202510","16","200","50","9","1999","선문로 385","202510~202604","신규","-","","","아파트"
"15413","충청남도 아산시 배방읍 세교리","1562","1562","0000","아산금강펜테리움센트럴파크","전세","99.4985","202510","16","38,000","0","14","2025","동방로 136","202510~202710","신규","-","","","아파트"
"15414","충청남도 아산시 배방읍 세교리","424-9","0424","0009","신라","전세","59.3400","202510","16","10,500","0","2","1997","온천대로 2358","-","-","-","","","아파트"
"15415","충청남도 아산시 배방읍 세교리","1521","1521","0000","아산탕정LH7단지","월세","46.6300","202510","16","867","33","5","2021","세교길 13","202510~202712","갱신","-","2,967","27","아파트"
"15416","충청남도 아산시 배방읍 세교리","1592","1592","0000","아산배방LH15단지","월세","46.8400","202510","16","1,006","37","2","2022","동방로 114","202510~202712","갱신","-","3,106","31","아파트"
"15417","충청남도 아산시 배방읍 세교리","1592","1592","0000","아산배방LH15단지","월세","46.8400","202510","16","1,006","37","2","2022","동방로 114","202510~202712","갱신","-","3,106","31","아파트"
"15418","충청남도 아산시 배방읍 세교리","424-9","0424","0009","신라","전세","59.3400","202510","16","10,500","0","2","1997","온천대로 2358","202511~202711","신규","-","","","아파트"
"15419","충청남도 당진시 송산면 유곡리","861","0861","0000","당진엠코타운","전세","84.9464","202510","16","11,000","0","8","2013","유곡로 20","202512~202712","갱신","사용","11,000","0","아파트"
"15420","충청남도 아산시 배방읍 회룡리","357-1","0357","0001","삼정백조1차","월세","30.0300","202510","16","300","27","2","1998","솔치로 261","202510~202610","신규","-","","","아파트"
"15421","충청남도 당진시 시곡동","136-1","0136","0001","우민늘사랑","월세","59.9400","202510","16","500","40","14","2007","서해로 6216","202511~202711","신규","-","","","아파트"
"15422","충청남도 서산시 동문동","137-2","0137","0002","현대","월세","59.7600","202510","16","1,000","60","1","1996","율지6로 29","202510~202610","신규","-","","","아파트"
"15423","충청남도 공주시 신관동","255-3","0255","0003","주공1","월세","49.2200","202510","16","300","32","5","1985","번영1로 77-8","202510~202710","갱신","사용","300","32","아파트"
"15424","충청남도 공주시 웅진동","771","0771","0000","공주금성백조예미지","월세","59.8926","202510","16","500","75","14","2017","웅진절골3길 38","202511~202711","신규","-","","","아파트"
"15425","충청남도 당진시 원당동","1255","1255","0000","당진원당리한라비발디","월세","84.9386","202510","16","2,000","75","7","2009","원당로 51-10","202511~202711","신규","-","","","아파트"
"15426","충청남도 아산시 좌부동","83","0083","0000","초원설화타운3","전세","59.8800","202510","16","6,000","0","4","1995","고불로 665","202511~202711","신규","-","","","아파트"
"15427","충청남도 아산시 풍기동","514","0514","0000","아산풍기이지더원1차아파트","월세","72.1590","202510","16","2,000","100","8","2017","어의정로 184","202512~202712","신규","-","","","아파트"
"15428","충청남도 계룡시 금암동","163-3","0163","0003","계룡한양아이클래스","월세","25.4900","202510","16","300","33","4","2015","서금암로 10","202511~202611","신규","-","","","아파트"
"15429","충청남도 아산시 모종동","643","0643","0000","모종캐슬어울림3단지","전세","59.8477","202510","16","20,000","0","5","2017","모종남로22번길 11","202511~202711","신규","-","","","아파트"
"15430","충청남도 계룡시 금암동","167-1","0167","0001","우림루미아트","월세","123.6361","202510","16","1,000","80","5","2005","장안로 75","202510~202710","신규","-","","","아파트"
"15431","충청남도 당진시 채운동","1120","1120","0000","대동다:숲","월세","84.7570","202510","16","2,000","80","12","2009","대호만로 30-17","202510~202610","신규","-","","","아파트"
"15432","충청남도 서산시 동문동","228","0228","0000","주공","월세","39.6900","202510","16","300","30","1","1988","율지18로 24","202510~202710","신규","-","","","아파트"
"15433","충청남도 천안시 동남구 신방동","902","0902","0000","삼일원앙","월세","28.1200","202510","16","300","32","2","1997","신촌로 5","202510~202710","신규","-","","","아파트"
"15434","충청남도 천안시 동남구 신방동","2191","2191","0000","신방삼부르네상스","전세","59.9828","202510","16","18,900","0","17","2023","풍세로 678-22","202512~202711","갱신","-","18,000","0","아파트"
"15435","충청남도 천안시 동남구 신방동","895","0895","0000","두레현대1","월세","59.9950","202510","16","2,000","55","13","1997","일봉로 34","202510~202706","신규","-","","","아파트"
"15436","충청남도 계룡시 금암동","74","0074","0000","신성미소지움2차","월세","150.9100","202510","16","3,000","100","4","2005","서금암5길 9","202512~202712","신규","-","","","아파트"
"15437","충청남도 당진시 읍내동","1687","1687","0000","당진아이파크","전세","74.5000","202510","16","25,000","0","16","2022","당진중앙2로 290","202510~202710","신규","-","","","아파트"
"15438","충청남도 서산시 석남동","45-3","0045","0003","서산천지미가","월세","36.5393","202510","16","500","50","4","2015","석남1로 15-16","202510~202610","신규","-","","","아파트"
"15439","충청남도 당진시 수청동","1844","1844","0000","당진센트레빌르네블루1차","전세","84.9699","202510","16","18,900","0","7","2023","수청중앙로 85","202510~202710","갱신","사용","18,000","0","아파트"
"15440","충청남도 아산시 실옥동","156-24","0156","0024","중부팬더","월세","59.1200","202510","15","500","50","12","1999","아산로 103-17","202511~202711","신규","-","","","아파트"
"15441","충청남도 천안시 동남구 신방동","873","0873","0000","성지새말1","전세","59.9700","202510","15","12,000","0","20","1997","일봉로 17","202511~202711","신규","-","","","아파트"
"15442","충청남도 천안시 동남구 신방동","1892","1892","0000","천안신방행복주택","월세","36.2500","202510","15","1,074","22","9","2018","통정11로 80","202512~202711","갱신","-","3,046","16","아파트"
"15443","충청남도 천안시 동남구 신부동","986","0986","0000","신부 디 이스트","전세","59.9300","202510","15","23,000","0","5","2018","신부8길 21","202512~202712","신규","-","","","아파트"
"15444","충청남도 천안시 동남구 신방동","873","0873","0000","성지새말1","전세","59.9700","202510","15","12,100","0","22","1997","일봉로 17","202512~202712","신규","-","","","아파트"
"15445","충청남도 당진시 원당동","1251","1251","0000","원당마을주공1단지","월세","51.7400","202510","15","1,000","60","14","2003","밤절로 103","202511~202711","신규","-","","","아파트"
"15446","충청남도 아산시 온천동","1052","1052","0000","경남아너스빌","전세","59.9100","202510","15","9,000","0","5","1996","문화로 115","202512~202712","신규","-","","","아파트"
"15447","충청남도 천안시 동남구 신방동","873","0873","0000","성지새말1","전세","59.9700","202510","15","12,100","0","22","1997","일봉로 17","-","-","-","","","아파트"
"15448","충청남도 천안시 동남구 신방동","920","0920","0000","초원그린타운","월세","39.2700","202510","15","500","45","6","1998","신촌4로 16","202510~202710","신규","-","","","아파트"
"15449","충청남도 아산시 풍기동","229-71","0229","0071","주은","전세","59.5200","202510","15","12,500","0","10","2000","어의정로183번길 14","202511~202711","신규","-","","","아파트"
"15450","충청남도 아산시 풍기동","447","0447","0000","현대아이파크(아)","전세","84.7840","202510","15","16,800","0","5","2008","남부로 321-8","202511~202711","갱신","사용","16,000","0","아파트"
"15451","충청남도 천안시 동남구 신방동","920","0920","0000","초원그린타운","전세","39.2700","202510","15","6,500","0","2","1998","신촌4로 16","202511~202710","신규","-","","","아파트"
"15452","충청남도 아산시 권곡동","627","0627","0000","아산한신더휴","전세","84.9100","202510","15","20,000","0","14","2025","문화로 257-45","202510~202910","신규","-","","","아파트"
"15453","충청남도 공주시 금학동","187","0187","0000","대일아파트3동","전세","84.6900","202510","15","10,000","0","4","1991","수원지공원길 17","202510~202710","신규","-","","","아파트"
"15454","충청남도 아산시 권곡동","627","0627","0000","아산한신더휴","월세","84.9700","202510","15","3,000","100","7","2025","문화로 257-45","202511~202604","신규","-","","","아파트"
"15455","충청남도 서산시 동문동","550-1","0550","0001","영진훼밀리","전세","74.9850","202510","15","7,000","0","6","1991","서령로 107","202511~202711","신규","-","","","아파트"
"15456","충청남도 서산시 동문동","600","0600","0000","서산동문동아더프라임","월세","84.9773","202510","15","2,000","90","9","2013","안견로 91","202510~202710","신규","-","","","아파트"
"15457","충청남도 당진시 대덕동","1883","1883","0000","당진대덕수청시티프라디움2차","전세","84.9960","202510","15","17,700","0","4","2021","대덕1로 50","202511~202711","신규","-","","","아파트"
"15458","충청남도 아산시 권곡동","536-17","0536","0017","성환","월세","66.5000","202510","15","500","45","1","1987","청운로176번길 12","202510~202710","신규","-","","","아파트"
"15459","충청남도 천안시 동남구 신방동","2191","2191","0000","신방삼부르네상스","전세","59.9828","202510","15","16,000","0","4","2023","풍세로 678-22","202511~202711","갱신","사용","16,000","0","아파트"
"15460","충청남도 아산시 득산동","392-2","0392","0002","부영","월세","49.9200","202510","15","500","40","1","1998","온천대로 1105-17","202511~202710","신규","-","","","아파트"
"15461","충청남도 아산시 득산동","392-2","0392","0002","부영","월세","49.9200","202510","15","500","40","1","1998","온천대로 1105-17","202511~202710","신규","-","","","아파트"
"15462","충청남도 서산시 죽성동","74-1","0074","0001","삼성1차","전세","84.9300","202510","15","7,150","0","1","1993","남부순환로 767","202511~202711","신규","-","","","아파트"
"15463","충청남도 아산시 모종동","736","0736","0000","힐스테이트모종네오루체","전세","74.9863","202510","15","28,000","0","8","2023","못마루로 139","202510~202710","신규","-","","","아파트"
"15464","충청남도 서산시 석남동","45-3","0045","0003","서산천지미가","월세","36.5393","202510","15","500","50","9","2015","석남1로 15-16","202510~202610","신규","-","","","아파트"
"15465","충청남도 당진시 시곡동","136-1","0136","0001","우민늘사랑","월세","39.5600","202510","15","500","35","16","2007","서해로 6216","202511~202710","신규","-","","","아파트"
"15466","충청남도 당진시 시곡동","136-1","0136","0001","우민늘사랑","월세","54.6000","202510","15","4,260","5","14","2007","서해로 6216","202510~202712","신규","-","","","아파트"
"15467","충청남도 천안시 서북구 부대동","762","0762","0000","천안부성LH행복주택","월세","20.8800","202510","15","2,447","13","12","2022","부성18로 71","202511~202710","갱신","-","2,376","12","아파트"
"15468","충청남도 아산시 좌부동","84","0084","0000","초원설화타운2","월세","59.8800","202510","15","300","45","7","1995","고불로 669","202510~202710","신규","-","","","아파트"
"15469","충청남도 서산시 읍내동","624-5","0624","0005","부영","전세","49.7200","202510","15","6,076","0","4","1996","부춘1로 19","202511~202610","신규","-","","","아파트"
"15470","충청남도 천안시 서북구 불당동","1503","1503","0000","불당이안","월세","84.9200","202510","15","3,000","130","5","2015","불당23로 13","202512~202712","신규","-","","","아파트"
"15471","충청남도 천안시 서북구 쌍용동","1920","1920","0000","쌍용마을뜨란채,주공아파트","월세","59.9500","202510","15","2,000","62","9","1999","봉서산샛길 64","-","-","-","","","아파트"
"15472","충청남도 천안시 서북구 쌍용동","1367","1367","0000","월봉청솔1단지","전세","50.1600","202510","15","10,700","0","10","2000","월봉4로 140-9","202511~202711","갱신","사용","11,300","0","아파트"
"15473","충청남도 천안시 서북구 쌍용동","1561","1561","0000","월봉청솔2차","전세","48.4500","202510","15","10,400","0","5","2000","월봉7길 77","202511~202711","신규","-","","","아파트"
"15474","충청남도 천안시 서북구 쌍용동","1367","1367","0000","월봉청솔1단지","전세","50.1600","202510","15","8,000","0","3","2000","월봉4로 140-9","202510~202710","신규","-","","","아파트"
"15475","충청남도 천안시 서북구 쌍용동","1920","1920","0000","쌍용마을뜨란채,주공아파트","전세","84.6100","202510","15","20,000","0","4","1999","봉서산샛길 64","202510~202710","갱신","-","22,000","0","아파트"
"15476","충청남도 천안시 서북구 쌍용동","1920","1920","0000","쌍용마을뜨란채,주공아파트","월세","59.9500","202510","15","2,000","62","9","1999","봉서산샛길 64","202511~202711","신규","-","","","아파트"
"15477","충청남도 천안시 서북구 쌍용동","1367","1367","0000","월봉청솔1단지","전세","50.1600","202510","15","10,000","0","7","2000","월봉4로 140-9","202512~202712","신규","-","","","아파트"
"15478","충청남도 천안시 서북구 쌍용동","1367","1367","0000","월봉청솔1단지","월세","50.1600","202510","15","500","60","7","2000","월봉4로 140-9","202511~202711","신규","-","","","아파트"
"15479","충청남도 천안시 서북구 성거읍 송남리","585","0585","0000","북천안자이포레스트","월세","72.7084","202510","15","5,000","50","18","2016","성거길 20","202510~202710","갱신","사용","5,000","50","아파트"
"15480","충청남도 천안시 서북구 성성동","734","0734","0000","천안성성비스타동원","전세","101.5098","202510","15","45,000","0","10","2024","성성6로 129","202512~202803","신규","-","","","아파트"
"15481","충청남도 천안시 서북구 성성동","1004","1004","0000","한화포레나천안노태1단지","월세","84.8877","202510","15","5,000","130","18","2024","한들2로 170","202510~202710","신규","-","","","아파트"
"15482","충청남도 천안시 동남구 목천읍 신계리","166-36","0166","0036","목천신도브래뉴2차","전세","59.8600","202510","15","11,000","0","10","2005","목천안터2길 19","202512~202803","신규","-","","","아파트"
"15483","충청남도 천안시 동남구 목천읍 신계리","166-36","0166","0036","목천신도브래뉴2차","월세","74.5700","202510","15","2,000","60","12","2005","목천안터2길 19","202511~202711","신규","-","","","아파트"
"15484","충청남도 천안시 서북구 불당동","1503","1503","0000","불당이안","월세","84.9200","202510","15","3,000","130","5","2015","불당23로 13","202512~202712","신규","-","","","아파트"
"15485","충청남도 천안시 서북구 불당동","1292","1292","0000","펜타포트(101동102동)","월세","140.0110","202510","15","5,000","280","30","2011","공원로 195","202512~202712","신규","-","","","아파트"
"15486","충청남도 천안시 서북구 불당동","1510","1510","0000","호반 베르디움 센트로 포레","월세","84.9387","202510","15","5,000","155","14","2017","불당23로 10","202510~202710","신규","-","","","아파트"
"15487","충청남도 천안시 서북구 불당동","750","0750","0000","동일하이빌","월세","74.8900","202510","15","2,000","100","5","2004","시청로 73","202510~202710","신규","-","","","아파트"
"15488","충청남도 천안시 서북구 불당동","1846","1846","0000","불당호반써밋플레이스센터시티","전세","112.4974","202510","15","62,000","0","23","2017","불당25로 8","202510~202802","신규","-","","","아파트"
"15489","충청남도 천안시 서북구 불당동","1463","1463","0000","천안불당엘에이치1단지","월세","37.2500","202510","15","1,959","23","14","2019","불당24로 9","202511~202710","신규","-","","","아파트"
"15490","충청남도 천안시 서북구 불당동","1292","1292","0000","펜타포트(101동102동)","월세","140.0110","202510","15","5,000","280","30","2011","공원로 195","-","-","-","","","아파트"
"15491","충청남도 천안시 서북구 차암동","448","0448","0000","천안한화꿈에그린스마일시티","전세","84.9742","202510","15","21,000","0","18","2014","스마일시티1로 1","202511~202711","갱신","사용","20,000","0","아파트"
"15492","충청남도 천안시 서북구 차암동","448","0448","0000","천안한화꿈에그린스마일시티","전세","59.9835","202510","15","17,000","0","15","2014","스마일시티1로 1","202511~202711","신규","-","","","아파트"
"15493","충청남도 천안시 서북구 백석동","1178","1178","0000","백석2차아이파크","전세","84.8421","202510","15","30,000","0","12","2014","한들3로 35-23","202511~202711","갱신","-","36,000","0","아파트"
"15494","충청남도 천안시 서북구 백석동","910","0910","0000","주공3단지","월세","51.9500","202510","15","4,100","10","8","2002","백석3로 70","202510~202710","갱신","-","1,800","23","아파트"
"15495","충청남도 천안시 서북구 두정동","1283","1283","0000","프라지움","월세","20.5410","202510","15","500","35","9","2013","두정상가1길 27","202510~202610","신규","-","","","아파트"
"15496","충청남도 천안시 서북구 두정동","1886","1886","0000","한성필하우스-1","전세","38.6856","202510","15","10,000","0","7","2004","두정고8길 24","202511~202711","신규","-","","","아파트"
"15497","충청남도 천안시 서북구 두정동","2078","2078","0000","두정역효성해링턴플레이스","전세","59.9200","202510","15","25,000","0","12","2020","봉정로 324","202511~202711","신규","-","","","아파트"
"15498","충청남도 천안시 서북구 두정동","1377","1377","0000","프라지움9차","월세","49.9631","202510","15","1,000","80","11","2017","오성로 115","202510~202610","신규","-","","","아파트"
"15499","충청남도 천안시 서북구 두정동","399-1","0399","0001","두정역범양레우스알파","월세","59.9857","202510","15","5,300","26","15","2020","두정공원2길 26","-","-","-","","","아파트"
"15500","충청남도 천안시 서북구 성정동","1435","1435","0000","프라지움11차아파트","월세","55.3160","202510","15","1,000","80","7","2019","동서대로 165","202510~202610","신규","-","","","아파트"
"15501","충청남도 천안시 서북구 성정동","1290","1290","0000","성정비바루체","월세","42.5565","202510","15","500","80","9","2024","성정공원6길 6","202510~202610","신규","-","","","아파트"
"15502","충청남도 천안시 서북구 성정동","1323","1323","0000","프라지움8차","월세","30.2141","202510","15","1,000","55","6","2016","오성로 130","202510~202610","신규","-","","","아파트"
"15503","충청남도 천안시 서북구 성정동","1319","1319","0000","에프엠25","월세","33.4949","202510","15","300","57","6","2016","성정두정로 43","202510~202610","신규","-","","","아파트"
"15504","충청남도 천안시 서북구 성정동","789","0789","0000","주공6-3","월세","46.9900","202510","15","500","38","2","1991","쌍용대로 289-11","202510~202710","신규","-","","","아파트"
"15505","충청남도 천안시 동남구 풍세면 보성리","772","0772","0000","천안한양수자인에코시티","월세","84.9647","202510","15","300","40","15","2023","풍세산단로 290","202510~202610","신규","-","","","아파트"
"15506","충청남도 천안시 서북구 와촌동","186","0186","0000","천안역사동아라이크텐","전세","84.9864","202510","15","25,000","0","4","2021","천안천4길 20","-","-","-","","","아파트"
"15507","충청남도 천안시 서북구 와촌동","186","0186","0000","천안역사동아라이크텐","전세","84.9864","202510","15","25,000","0","4","2021","천안천4길 20","202511~202711","신규","-","","","아파트"
"15508","충청남도 천안시 서북구 두정동","1886","1886","0000","한성필하우스-1","전세","38.6856","202510","15","10,000","0","7","2004","두정고8길 24","-","-","-","","","아파트"
"15509","충청남도 천안시 서북구 두정동","1502","1502","0000","천안두정엘에이치2단지","월세","29.6500","202510","15","4,230","8","11","2022","봉정로 339","202511~202710","갱신","-","2,880","15","아파트"
"15510","충청남도 천안시 서북구 두정동","2063","2063","0000","e편한세상두정3차","월세","84.9959","202510","15","2,000","120","23","2017","북일로 21","202511~202711","신규","-","","","아파트"
"15511","충청남도 천안시 서북구 두정동","1000","1000","0000","한성필하우스1차","월세","71.0431","202510","15","2,000","70","10","2002","부성6길 11","202511~202711","신규","-","","","아파트"
"15512","충청남도 천안시 서북구 두정동","2078","2078","0000","두정역효성해링턴플레이스","전세","59.9600","202510","15","26,000","0","9","2020","봉정로 324","202511~202711","신규","-","","","아파트"
"15513","충청남도 천안시 서북구 두정동","526-1","0526","0001","극동늘푸른","전세","59.9100","202510","15","14,000","0","21","1996","늘푸른6길 41","202511~202711","갱신","-","15,000","0","아파트"
"15514","충청남도 아산시 신창면 남성리","852","0852","0000","아산삼부르네상스더힐","월세","59.9345","202510","15","1,000","75","19","2024","천우물로 22","202510~202710","신규","-","","","아파트"
"15515","충청남도 아산시 신창면 남성리","845","0845","0000","신아산모아엘가비스타1차아파트","월세","59.9660","202510","15","13,510","5","13","2023","남성길 72","202511~202711","신규","-","","","아파트"
"15516","충청남도 계룡시 엄사면 엄사리","282","0282","0000","성원","월세","58.3200","202510","15","500","45","5","1997","엄사중앙로 66","202511~202711","신규","-","","","아파트"
"15517","충청남도 아산시 신창면 남성리","845","0845","0000","신아산모아엘가비스타1차아파트","월세","75.8692","202510","15","15,517","6","10","2023","남성길 72","202510~202710","신규","-","","","아파트"
"15518","충청남도 아산시 신창면 남성리","845","0845","0000","신아산모아엘가비스타1차아파트","월세","84.9143","202510","15","17,670","7","9","2023","남성길 72","202511~202711","신규","-","","","아파트"
"15519","충청남도 아산시 신창면 남성리","845","0845","0000","신아산모아엘가비스타1차아파트","월세","84.9143","202510","15","17,670","7","22","2023","남성길 72","202511~202711","신규","-","","","아파트"
"15520","충청남도 아산시 신창면 남성리","845","0845","0000","신아산모아엘가비스타1차아파트","월세","59.9967","202510","15","13,447","5","21","2023","남성길 72","202511~202711","신규","-","","","아파트"
"15521","충청남도 아산시 신창면 남성리","845","0845","0000","신아산모아엘가비스타1차아파트","월세","59.9967","202510","15","13,447","5","10","2023","남성길 72","202510~202710","신규","-","","","아파트"
"15522","충청남도 서산시 성연면 왕정리","725","0725","0000","e편한세상서산테크노밸리","월세","59.9921","202510","15","1,000","70","5","2018","성연4로 46","202510~202710","신규","-","","","아파트"
"15523","충청남도 계룡시 두마면 농소리","972","0972","0000","계룡대실 리슈빌","월세","59.8100","202510","15","2,000","75","8","2021","농소로 64","202511~202711","신규","-","","","아파트"
"15524","충청남도 계룡시 두마면 농소리","972","0972","0000","계룡대실 리슈빌","전세","59.7100","202510","15","16,000","0","4","2021","농소로 64","202511~202711","신규","-","","","아파트"
"15525","충청남도 계룡시 두마면 농소리","972","0972","0000","계룡대실 리슈빌","전세","59.7100","202510","15","16,000","0","4","2021","농소로 64","202511~202711","신규","-","","","아파트"
"15526","충청남도 계룡시 두마면 농소리","972","0972","0000","계룡대실 리슈빌","월세","59.9800","202510","15","5,000","60","4","2021","농소로 64","202511~202711","신규","-","","","아파트"
"15527","충청남도 아산시 신창면 남성리","845","0845","0000","신아산모아엘가비스타1차아파트","월세","84.9143","202510","15","17,670","7","9","2023","남성길 72","202510~202710","신규","-","","","아파트"
"15528","충청남도 아산시 신창면 남성리","845","0845","0000","신아산모아엘가비스타1차아파트","월세","59.9967","202510","15","13,447","5","13","2023","남성길 72","202510~202710","신규","-","","","아파트"
"15529","충청남도 홍성군 홍성읍 남장리","591","0591","0000","남장휴먼시아3단지","월세","46.8500","202510","15","2,270","16","15","2011","남장중로 10","202511~202712","신규","-","","","아파트"
"15530","충청남도 홍성군 홍성읍 남장리","591","0591","0000","남장휴먼시아3단지","월세","33.7200","202510","15","1,232","10","3","2011","남장중로 10","202511~202712","신규","-","","","아파트"
"15531","충청남도 홍성군 홍성읍 남장리","591","0591","0000","남장휴먼시아3단지","월세","33.7200","202510","15","1,232","10","9","2011","남장중로 10","202511~202712","신규","-","","","아파트"
"15532","충청남도 홍성군 홍성읍 남장리","591","0591","0000","남장휴먼시아3단지","월세","33.7200","202510","15","1,232","10","2","2011","남장중로 10","202511~202712","신규","-","","","아파트"
"15533","충청남도 홍성군 홍성읍 남장리","515","0515","0000","주공아파트1차","월세","46.2000","202510","15","1,000","40","12","2001","문화로72번길 92","202510~202710","신규","-","","","아파트"
"15534","충청남도 아산시 신창면 남성리","845","0845","0000","신아산모아엘가비스타1차아파트","월세","59.9660","202510","15","13,510","5","8","2023","남성길 72","202511~202711","신규","-","","","아파트"
"15535","충청남도 아산시 신창면 남성리","845","0845","0000","신아산모아엘가비스타1차아파트","월세","75.8692","202510","15","15,517","6","6","2023","남성길 72","202510~202710","신규","-","","","아파트"
"15536","충청남도 홍성군 홍북읍 신경리","945","0945","0000","자경마을중흥에스클래스","전세","84.9785","202510","15","14,990","0","2","2016","자경로 17","202510~202710","신규","-","","","아파트"
"15537","충청남도 홍성군 홍북읍 신경리","945","0945","0000","자경마을중흥에스클래스","전세","73.9850","202510","15","13,570","0","4","2016","자경로 17","202510~202710","신규","-","","","아파트"
"15538","충청남도 계룡시 두마면 두계리","116","0116","0000","계룡E-편한세상","월세","84.7430","202510","15","3,000","70","6","2007","사계로 51","202511~202711","신규","-","","","아파트"
"15539","충청남도 홍성군 홍북읍 신경리","945","0945","0000","자경마을중흥에스클래스","전세","73.9850","202510","15","13,570","0","4","2016","자경로 17","202510~202710","신규","-","","","아파트"
"15540","충청남도 홍성군 홍북읍 신경리","1168","1168","0000","롯데캐슬","전세","70.7501","202510","15","13,500","0","7","2012","신대로 34","202511~202811","신규","-","","","아파트"
"15541","충청남도 예산군 삽교읍 목리","894","0894","0000","원목마을이지더원2차아파트","월세","84.8318","202510","15","10,000","20","5","2022","수암천로 23","202511~202711","신규","-","","","아파트"
"15542","충청남도 아산시 신창면 남성리","845","0845","0000","신아산모아엘가비스타1차아파트","월세","84.9143","202510","15","17,670","7","9","2023","남성길 72","202510~202710","신규","-","","","아파트"
"15543","충청남도 계룡시 두마면 두계리","67","0067","0000","계룡더샵아파트","전세","84.8200","202510","15","22,000","0","5","2008","사계로 101","202602~202802","갱신","사용","23,000","0","아파트"
"15544","충청남도 홍성군 홍북읍 신경리","1168","1168","0000","롯데캐슬","월세","84.9696","202510","15","1,000","60","10","2012","신대로 34","202510~202710","신규","-","","","아파트"
"15545","충청남도 아산시 신창면 남성리","845","0845","0000","신아산모아엘가비스타1차아파트","월세","59.9660","202510","15","13,510","5","23","2023","남성길 72","202511~202711","신규","-","","","아파트"
"15546","충청남도 서산시 대산읍 영탑리","596","0596","0000","풍림","월세","59.8500","202510","15","500","45","5","1993","충의로 1839-7","202510~202710","신규","-","","","아파트"
"15547","충청남도 계룡시 엄사면 엄사리","281","0281","0000","동아","전세","59.6700","202510","15","7,500","0","6","1994","엄사중앙로 65-10","202511~202711","신규","-","","","아파트"
"15548","충청남도 계룡시 엄사면 엄사리","282","0282","0000","성원","월세","58.3200","202510","15","1,000","40","1","1997","엄사중앙로 66","202510~202710","신규","-","","","아파트"
"15549","충청남도 계룡시 엄사면 엄사리","226-4","0226","0004","삼진","월세","37.5900","202510","15","500","40","8","1997","번영3길 73-12","202510~202610","신규","-","","","아파트"
"15550","충청남도 계룡시 엄사면 엄사리","282","0282","0000","성원","월세","58.3200","202510","15","500","45","13","1997","엄사중앙로 66","202510~202710","신규","-","","","아파트"
"15551","충청남도 아산시 신창면 남성리","845","0845","0000","신아산모아엘가비스타1차아파트","월세","84.9143","202510","15","17,670","7","6","2023","남성길 72","202510~202710","신규","-","","","아파트"
"15552","충청남도 금산군 금산읍 양지리","468","0468","0000","e편한세상금산프라임포레","전세","84.4746","202510","15","20,000","0","15","2022","진악로 869","202511~202711","신규","-","","","아파트"
"15553","충청남도 아산시 신창면 남성리","845","0845","0000","신아산모아엘가비스타1차아파트","월세","75.8692","202510","15","15,517","6","11","2023","남성길 72","202511~202711","신규","-","","","아파트"
"15554","충청남도 천안시 동남구 문화동","180","0180","0000","천안역필하우스에듀시티(1단지)","전세","84.8959","202510","15","28,000","0","22","2022","성황로 40","202512~202712","신규","-","","","아파트"
"15555","충청남도 천안시 동남구 문화동","180","0180","0000","천안역필하우스에듀시티(1단지)","월세","84.8959","202510","15","2,000","100","12","2022","성황로 40","202510~202710","신규","-","","","아파트"
"15556","충청남도 천안시 동남구 문화동","180","0180","0000","천안역필하우스에듀시티(1단지)","전세","84.8959","202510","15","28,000","0","22","2022","성황로 40","202512~202712","신규","-","","","아파트"
"15557","충청남도 아산시 배방읍 세교리","1521","1521","0000","아산탕정LH7단지","월세","46.6300","202510","15","2,967","27","14","2021","세교길 13","202510~202712","신규","-","","","아파트"
"15558","충청남도 아산시 배방읍 세교리","1592","1592","0000","아산배방LH15단지","월세","26.5000","202510","15","1,000","16","21","2022","동방로 114","202510~202712","신규","-","","","아파트"
"15559","충청남도 아산시 음봉면 월랑리","702","0702","0000","아산더샵레이크시티2차","전세","72.7800","202510","15","17,000","0","14","2015","음봉로 515-38","202601~202801","신규","-","","","아파트"
"15560","충청남도 아산시 배방읍 세교리","1592","1592","0000","아산배방LH15단지","월세","46.4200","202510","15","985","35","6","2022","동방로 114","202510~202712","갱신","-","2,985","30","아파트"
"15561","충청남도 아산시 배방읍 세교리","1522","1522","0000","엘리프아산탕정","전세","84.9800","202510","15","27,000","0","4","2025","동방로 220","202510~202710","신규","-","","","아파트"
"15562","충청남도 아산시 배방읍 북수리","1534","1534","0000","롯데캐슬","전세","84.9858","202510","15","18,000","0","1","2008","북수로 183","202511~202711","신규","-","","","아파트"
"15563","충청남도 아산시 배방읍 세교리","1592","1592","0000","아산배방LH15단지","월세","46.8400","202510","15","3,106","31","4","2022","동방로 114","202510~202712","신규","-","","","아파트"
"15564","충청남도 아산시 배방읍 세교리","1592","1592","0000","아산배방LH15단지","월세","46.8400","202510","15","3,106","31","4","2022","동방로 114","202510~202712","신규","-","","","아파트"
"15565","충청남도 아산시 배방읍 세교리","1592","1592","0000","아산배방LH15단지","월세","46.8400","202510","15","3,106","31","4","2022","동방로 114","202510~202712","신규","-","","","아파트"
"15566","충청남도 아산시 배방읍 세교리","1521","1521","0000","아산탕정LH7단지","월세","46.4600","202510","15","2,966","27","12","2021","세교길 13","202510~202712","신규","-","","","아파트"
"15567","충청남도 아산시 배방읍 세교리","1521","1521","0000","아산탕정LH7단지","전세","46.6300","202510","15","2,967","0","9","2021","세교길 13","202510~202712","신규","-","","","아파트"
"15568","충청남도 아산시 배방읍 세교리","1592","1592","0000","아산배방LH15단지","월세","46.6700","202510","15","3,106","31","2","2022","동방로 114","202510~202712","신규","-","","","아파트"
"15569","충청남도 아산시 배방읍 세교리","1522","1522","0000","엘리프아산탕정","월세","74.9400","202510","15","2,000","105","11","2025","동방로 220","202510~202710","신규","-","","","아파트"
"15570","충청남도 아산시 배방읍 세교리","1592","1592","0000","아산배방LH15단지","월세","46.8400","202510","15","1,006","37","2","2022","동방로 114","202510~202712","갱신","-","3,106","31","아파트"
"15571","충청남도 아산시 탕정면 동산리","421","0421","0000","한라아파트","월세","49.9700","202510","15","500","50","6","1997","탕정면로 379-20","202510~202610","신규","-","","","아파트"
"15572","충청남도 아산시 배방읍 세교리","1592","1592","0000","아산배방LH15단지","월세","26.5000","202510","15","500","18","23","2022","동방로 114","202510~202712","갱신","-","1,000","16","아파트"
"15573","충청남도 아산시 음봉면 산동리","1068","1068","0000","해링턴플레이스스마트밸리","월세","84.4796","202510","15","2,000","100","13","2023","산동희망로 17","202511~202603","신규","-","","","아파트"
"15574","충청남도 아산시 배방읍 세교리","1592","1592","0000","아산배방LH15단지","월세","46.4200","202510","15","985","35","7","2022","동방로 114","202510~202712","갱신","-","2,985","30","아파트"
"15575","충청남도 아산시 탕정면 용두리","722","0722","0000","월드메르디앙웰리지(A동)","월세","22.8247","202510","15","200","60","8","2023","용머리길 41","202510~202610","신규","-","","","아파트"
"15576","충청남도 아산시 탕정면 용두리","724","0724","0000","월드메르디앙웰리지(B동)","월세","23.6732","202510","15","200","60","13","2023","용머리길 49","202510~202604","신규","-","","","아파트"
"15577","충청남도 아산시 배방읍 세교리","424-9","0424","0009","신라","월세","59.3400","202510","15","300","60","11","1997","온천대로 2358","202510~202602","신규","-","","","아파트"
"15578","충청남도 아산시 배방읍 북수리","1534","1534","0000","롯데캐슬","전세","84.9858","202510","15","18,000","0","1","2008","북수로 183","202511~202711","신규","-","","","아파트"
"15579","충청남도 아산시 배방읍 세교리","1592","1592","0000","아산배방LH15단지","월세","26.5000","202510","15","500","18","22","2022","동방로 114","202510~202712","갱신","-","1,000","16","아파트"
"15580","충청남도 아산시 염치읍 송곡리","46-1","0046","0001","신일","월세","49.8400","202510","15","500","43","15","2001","송곡길68번길 3","202510~202710","갱신","-","500","40","아파트"
"15581","충청남도 천안시 동남구 청당동","980","0980","0000","행정타운두산위브더파크","전세","84.9710","202510","15","21,000","0","2","2018","청당3길 147","202511~202711","신규","-","","","아파트"
"15582","충청남도 아산시 배방읍 세교리","1592","1592","0000","아산배방LH15단지","월세","46.9300","202510","15","2,985","30","10","2022","동방로 114","202510~202712","신규","-","","","아파트"
"15583","충청남도 아산시 배방읍 장재리","1844","1844","0000","천안아산역 리슈빌","월세","84.1100","202510","15","2,000","100","5","2010","장재로 27","202510~202610","갱신","-","2,000","95","아파트"
"15584","충청남도 아산시 배방읍 장재리","1204","1204","0000","포레스트힐","월세","114.3700","202510","15","3,000","130","5","2010","용연로 37","202512~202712","신규","-","","","아파트"
"15585","충청남도 아산시 배방읍 세교리","1592","1592","0000","아산배방LH15단지","월세","26.5000","202510","15","1,000","16","5","2022","동방로 114","202510~202712","신규","-","","","아파트"
"15586","충청남도 아산시 배방읍 세교리","1592","1592","0000","아산배방LH15단지","월세","26.5000","202510","15","1,000","16","25","2022","동방로 114","202510~202712","신규","-","","","아파트"
"15587","충청남도 아산시 배방읍 세교리","1592","1592","0000","아산배방LH15단지","월세","26.5000","202510","15","1,000","16","22","2022","동방로 114","202510~202712","신규","-","","","아파트"
"15588","충청남도 아산시 배방읍 세교리","1592","1592","0000","아산배방LH15단지","월세","46.8400","202510","15","3,106","31","4","2022","동방로 114","202510~202712","신규","-","","","아파트"
"15589","충청남도 아산시 배방읍 세교리","1592","1592","0000","아산배방LH15단지","월세","37.7200","202510","15","1,946","23","2","2022","동방로 114","202510~202712","신규","-","","","아파트"
"15590","충청남도 아산시 배방읍 세교리","1592","1592","0000","아산배방LH15단지","월세","26.5000","202510","15","1,000","16","4","2022","동방로 114","202510~202712","신규","-","","","아파트"
"15591","충청남도 아산시 배방읍 세교리","1592","1592","0000","아산배방LH15단지","월세","46.8400","202510","15","3,106","31","4","2022","동방로 114","202510~202712","신규","-","","","아파트"
"15592","충청남도 아산시 배방읍 세교리","1592","1592","0000","아산배방LH15단지","월세","26.5000","202510","15","500","18","21","2022","동방로 114","202510~202712","갱신","-","1,000","16","아파트"
"15593","충청남도 천안시 동남구 청당동","980","0980","0000","행정타운두산위브더파크","전세","84.6610","202510","15","21,000","0","14","2018","청당3길 147","202601~202801","신규","-","","","아파트"
"15594","충청남도 아산시 둔포면 석곡리","1822","1822","0000","아산테크노밸리이지더원9단지","월세","68.9262","202510","15","3,000","84","15","2023","아산밸리남로 37","202511~202711","신규","-","","","아파트"
"15595","충청남도 아산시 배방읍 공수리","282","0282","0000","배방삼정그린코아","전세","38.4900","202510","15","7,100","0","19","2012","모산로126번길 17-7","202511~202711","신규","-","","","아파트"
"15596","충청남도 아산시 배방읍 세교리","1592","1592","0000","아산배방LH15단지","월세","26.5000","202510","15","500","18","19","2022","동방로 114","202510~202712","갱신","-","1,000","16","아파트"
"15597","충청남도 아산시 신창면 읍내리","579-9","0579","0009","경희학성","월세","59.4800","202510","15","500","50","6","1996","순천향로 49","202510~202708","신규","-","","","아파트"
"15598","충청남도 아산시 탕정면 명암리","809","0809","0000","탕정삼성트라팰리스(5단지)","전세","73.9348","202510","15","31,500","0","21","2014","탕정면로 37","202510~202610","신규","-","","","아파트"
"15599","충청남도 아산시 배방읍 세교리","1592","1592","0000","아산배방LH15단지","월세","46.8400","202510","15","3,106","31","2","2022","동방로 114","202510~202712","신규","-","","","아파트"
"15600","충청남도 아산시 신창면 행목리","498","0498","0000","아산신창양우내안애","월세","35.1000","202510","15","300","38","14","2014","행목로 202","202510~202711","신규","-","","","아파트"
"15601","충청남도 당진시 송산면 유곡리","219-10","0219","0010","송산중명","월세","59.3400","202510","15","500","45","6","1997","송산로 809","202510~202710","신규","-","","","아파트"
"15602","충청남도 아산시 신창면 읍내리","579-9","0579","0009","경희학성","월세","59.4800","202510","15","500","50","6","1996","순천향로 49","202510~202708","신규","-","","","아파트"
"15603","충청남도 아산시 음봉면 덕지리","21-3","0021","0003","초원그린타운","월세","39.2700","202510","15","300","38","11","1997","음봉로681번길 24","202510~202610","신규","-","","","아파트"
"15604","충청남도 당진시 송악읍 중흥리","887","0887","0000","당진송악경남아너스빌","월세","59.9340","202510","15","1,000","60","5","2021","중흥1길 50","202512~202612","갱신","사용","1,000","65","아파트"
"15605","충청남도 아산시 배방읍 세교리","1521","1521","0000","아산탕정LH7단지","월세","46.6300","202510","14","2,967","27","15","2021","세교길 13","202510~202712","신규","-","","","아파트"
"15606","충청남도 아산시 배방읍 세교리","1521","1521","0000","아산탕정LH7단지","월세","37.6100","202510","14","1,915","21","13","2021","세교길 13","202510~202712","신규","-","","","아파트"
"15607","충청남도 아산시 배방읍 세교리","1521","1521","0000","아산탕정LH7단지","월세","37.6100","202510","14","1,915","21","4","2021","세교길 13","202510~202712","신규","-","","","아파트"
"15608","충청남도 아산시 배방읍 세교리","1592","1592","0000","아산배방LH15단지","월세","26.5000","202510","14","1,000","16","10","2022","동방로 114","202510~202712","신규","-","","","아파트"
"15609","충청남도 아산시 배방읍 세교리","1592","1592","0000","아산배방LH15단지","월세","46.4200","202510","14","2,985","30","5","2022","동방로 114","202510~202712","신규","-","","","아파트"
"15610","충청남도 아산시 배방읍 세교리","1521","1521","0000","아산탕정LH7단지","월세","46.6300","202510","14","2,967","27","11","2021","세교길 13","202510~202712","신규","-","","","아파트"
"15611","충청남도 아산시 배방읍 세교리","1592","1592","0000","아산배방LH15단지","월세","26.5000","202510","14","1,000","16","11","2022","동방로 114","202510~202712","신규","-","","","아파트"
"15612","충청남도 아산시 배방읍 세교리","1521","1521","0000","아산탕정LH7단지","월세","46.6300","202510","14","2,967","27","14","2021","세교길 13","202510~202712","신규","-","","","아파트"
"15613","충청남도 아산시 배방읍 세교리","1592","1592","0000","아산배방LH15단지","월세","46.4200","202510","14","2,985","30","6","2022","동방로 114","202510~202712","신규","-","","","아파트"
"15614","충청남도 아산시 배방읍 세교리","1592","1592","0000","아산배방LH15단지","월세","26.5000","202510","14","1,000","16","19","2022","동방로 114","202510~202712","신규","-","","","아파트"
"15615","충청남도 아산시 배방읍 세교리","1592","1592","0000","아산배방LH15단지","월세","46.4200","202510","14","2,985","30","23","2022","동방로 114","202510~202712","신규","-","","","아파트"
"15616","충청남도 아산시 배방읍 세교리","1592","1592","0000","아산배방LH15단지","월세","26.5000","202510","14","1,000","16","3","2022","동방로 114","202510~202712","신규","-","","","아파트"
"15617","충청남도 당진시 송산면 유곡리","219-10","0219","0010","송산중명","월세","59.3400","202510","14","500","50","4","1997","송산로 809","202511~202711","신규","-","","","아파트"
"15618","충청남도 당진시 송산면 유곡리","1467","1467","0000","당진송산청광아파트","월세","49.9580","202510","14","500","45","3","2016","송산로 864-10","202511~202711","신규","-","","","아파트"
"15619","충청남도 당진시 송악읍 기지시리","504","0504","0000","힐스테이트당진2차","월세","84.9108","202510","14","2,000","90","23","2018","틀모시로 737","202510~202710","신규","-","","","아파트"
"15620","충청남도 아산시 음봉면 산동리","427-1","0427","0001","삼일원앙","월세","59.5200","202510","14","500","50","8","1997","음봉로 847","202510~202610","신규","-","","","아파트"
"15621","충청남도 공주시 의당면 청룡리","640-1","0640","0001","청룡신한1차","월세","42.5400","202510","14","500","30","2","1998","연수원길 115-21","202510~202710","신규","-","","","아파트"
"15622","충청남도 아산시 탕정면 명암리","809","0809","0000","탕정삼성트라팰리스(4단지)","전세","84.6800","202510","14","36,000","0","27","2013","탕정면로 37","202602~202802","신규","-","","","아파트"
"15623","충청남도 아산시 배방읍 장재리","1205","1205","0000","용연마을휴먼시아1단지","월세","46.6700","202510","14","2,701","14","5","2008","용연로 36","202511~202710","갱신","-","2,622","14","아파트"
"15624","충청남도 아산시 배방읍 세교리","1521","1521","0000","아산탕정LH7단지","월세","46.6300","202510","14","2,967","27","5","2021","세교길 13","202510~202712","신규","-","","","아파트"
"15625","충청남도 아산시 배방읍 세교리","1521","1521","0000","아산탕정LH7단지","월세","46.4600","202510","14","2,966","27","5","2021","세교길 13","202510~202712","신규","-","","","아파트"
"15626","충청남도 아산시 배방읍 세교리","1521","1521","0000","아산탕정LH7단지","월세","46.6300","202510","14","2,967","27","6","2021","세교길 13","202510~202712","신규","-","","","아파트"
"15627","충청남도 아산시 배방읍 세교리","1521","1521","0000","아산탕정LH7단지","월세","46.6300","202510","14","2,967","27","13","2021","세교길 13","202510~202712","신규","-","","","아파트"
"15628","충청남도 아산시 배방읍 세교리","1521","1521","0000","아산탕정LH7단지","월세","37.6100","202510","14","1,915","21","14","2021","세교길 13","202510~202712","신규","-","","","아파트"
"15629","충청남도 아산시 배방읍 세교리","1521","1521","0000","아산탕정LH7단지","월세","37.6100","202510","14","1,915","21","12","2021","세교길 13","202510~202712","신규","-","","","아파트"
"15630","충청남도 아산시 탕정면 갈산리","884","0884","0000","호반써밋그랜드마크II(2차)","전세","84.6249","202510","14","33,000","0","22","2023","갈산샛들로 67","202512~202712","신규","-","","","아파트"
"15631","충청남도 아산시 탕정면 갈산리","892","0892","0000","호반써밋그랜드마크V(5차)","전세","59.8430","202510","14","25,000","0","15","2023","갈산교로 250","202511~202711","신규","-","","","아파트"
"15632","충청남도 아산시 배방읍 공수리","282","0282","0000","배방삼정그린코아","월세","38.4900","202510","14","500","45","10","2012","모산로126번길 17-7","202511~202711","신규","-","","","아파트"
"15633","충청남도 아산시 배방읍 갈매리","508","0508","0000","배방자이","전세","84.9400","202510","14","18,500","0","11","2007","호서로 460","202510~202603","신규","-","","","아파트"
"15634","충청남도 아산시 배방읍 세교리","1521","1521","0000","아산탕정LH7단지","월세","46.6300","202510","14","2,967","27","5","2021","세교길 13","202510~202712","신규","-","","","아파트"
"15635","충청남도 천안시 동남구 청당동","1005","1005","0000","행정타운센트럴두산위브","전세","84.1601","202510","14","27,000","0","2","2023","청당5로 20","202601~202801","신규","-","","","아파트"
"15636","충청남도 아산시 배방읍 북수리","1530","1530","0000","자이2차","월세","84.8852","202510","14","2,000","90","8","2007","북수로 116","202511~202711","신규","-","","","아파트"
"15637","충청남도 아산시 탕정면 명암리","809","0809","0000","탕정삼성트라팰리스(4단지)","전세","83.4986","202510","14","36,000","0","34","2013","탕정면로 37","202512~202712","신규","-","","","아파트"
"15638","충청남도 아산시 배방읍 세교리","1592","1592","0000","아산배방LH15단지","월세","26.5000","202510","14","1,000","16","5","2022","동방로 114","202510~202712","신규","-","","","아파트"
"15639","충청남도 아산시 배방읍 세교리","1592","1592","0000","아산배방LH15단지","월세","37.9800","202510","14","1,981","23","2","2022","동방로 114","202510~202712","신규","-","","","아파트"
"15640","충청남도 아산시 배방읍 세교리","1592","1592","0000","아산배방LH15단지","월세","26.5000","202510","14","1,000","16","8","2022","동방로 114","202510~202712","신규","-","","","아파트"
"15641","충청남도 아산시 배방읍 세교리","1592","1592","0000","아산배방LH15단지","월세","37.9800","202510","14","1,981","23","2","2022","동방로 114","202510~202712","신규","-","","","아파트"
"15642","충청남도 아산시 배방읍 세교리","1592","1592","0000","아산배방LH15단지","월세","26.5000","202510","14","1,000","16","10","2022","동방로 114","202510~202712","신규","-","","","아파트"
"15643","충청남도 아산시 배방읍 세교리","1592","1592","0000","아산배방LH15단지","월세","26.9900","202510","14","1,000","16","1","2022","동방로 114","202510~202712","신규","-","","","아파트"
"15644","충청남도 아산시 탕정면 매곡리","1386","1386","0000","신영한들물빛도시지웰시티센트럴푸르지오2단지","전세","84.9953","202510","14","41,000","0","31","2022","한들물빛도시로 70","202512~202801","신규","-","","","아파트"
"15645","충청남도 아산시 탕정면 매곡리","1386","1386","0000","신영한들물빛도시지웰시티센트럴푸르지오2단지","전세","84.9953","202510","14","41,000","0","31","2022","한들물빛도시로 70","202512~202712","신규","-","","","아파트"
"15646","충청남도 아산시 배방읍 세교리","1592","1592","0000","아산배방LH15단지","월세","26.5000","202510","14","1,000","16","23","2022","동방로 114","202510~202712","신규","-","","","아파트"
"15647","충청남도 아산시 배방읍 세교리","1592","1592","0000","아산배방LH15단지","월세","26.5000","202510","14","1,000","16","6","2022","동방로 114","202510~202712","신규","-","","","아파트"
"15648","충청남도 아산시 배방읍 세교리","1592","1592","0000","아산배방LH15단지","월세","46.0100","202510","14","2,985","30","6","2022","동방로 114","202510~202712","신규","-","","","아파트"
"15649","충청남도 아산시 배방읍 세교리","1592","1592","0000","아산배방LH15단지","월세","26.5000","202510","14","1,000","16","22","2022","동방로 114","202510~202712","신규","-","","","아파트"
"15650","충청남도 아산시 배방읍 세교리","1592","1592","0000","아산배방LH15단지","월세","46.8400","202510","14","3,106","31","2","2022","동방로 114","202510~202712","신규","-","","","아파트"
"15651","충청남도 아산시 배방읍 세교리","1592","1592","0000","아산배방LH15단지","월세","46.8400","202510","14","3,106","31","2","2022","동방로 114","202510~202712","신규","-","","","아파트"
"15652","충청남도 아산시 배방읍 세교리","1592","1592","0000","아산배방LH15단지","월세","46.8400","202510","14","3,106","31","2","2022","동방로 114","202510~202712","신규","-","","","아파트"
"15653","충청남도 아산시 배방읍 세교리","1592","1592","0000","아산배방LH15단지","월세","46.8400","202510","14","3,106","31","4","2022","동방로 114","202510~202712","신규","-","","","아파트"
"15654","충청남도 아산시 배방읍 세교리","1592","1592","0000","아산배방LH15단지","월세","46.4200","202510","14","2,985","30","7","2022","동방로 114","202510~202712","신규","-","","","아파트"
"15655","충청남도 아산시 배방읍 세교리","1592","1592","0000","아산배방LH15단지","월세","26.5000","202510","14","1,000","16","21","2022","동방로 114","202510~202712","신규","-","","","아파트"
"15656","충청남도 아산시 배방읍 세교리","1592","1592","0000","아산배방LH15단지","월세","46.8400","202510","14","3,106","31","2","2022","동방로 114","202510~202712","신규","-","","","아파트"
"15657","충청남도 아산시 배방읍 세교리","1592","1592","0000","아산배방LH15단지","월세","46.8400","202510","14","3,106","31","4","2022","동방로 114","202510~202712","신규","-","","","아파트"
"15658","충청남도 아산시 배방읍 세교리","1592","1592","0000","아산배방LH15단지","월세","26.5000","202510","14","1,000","16","7","2022","동방로 114","202510~202712","신규","-","","","아파트"
"15659","충청남도 아산시 배방읍 세교리","1592","1592","0000","아산배방LH15단지","월세","46.4400","202510","14","2,985","30","12","2022","동방로 114","202510~202712","신규","-","","","아파트"
"15660","충청남도 아산시 배방읍 세교리","1521","1521","0000","아산탕정LH7단지","월세","46.4600","202510","14","2,966","27","12","2021","세교길 13","202510~202712","신규","-","","","아파트"
"15661","충청남도 아산시 배방읍 세교리","1521","1521","0000","아산탕정LH7단지","월세","46.6300","202510","14","2,967","27","12","2021","세교길 13","202510~202712","신규","-","","","아파트"
"15662","충청남도 아산시 배방읍 세교리","1592","1592","0000","아산배방LH15단지","월세","46.0100","202510","14","2,985","30","17","2022","동방로 114","202510~202712","신규","-","","","아파트"
"15663","충청남도 아산시 배방읍 세교리","1592","1592","0000","아산배방LH15단지","월세","46.6700","202510","14","3,106","31","4","2022","동방로 114","202510~202712","신규","-","","","아파트"
"15664","충청남도 아산시 배방읍 세교리","1592","1592","0000","아산배방LH15단지","월세","26.5000","202510","14","1,000","16","12","2022","동방로 114","202510~202712","신규","-","","","아파트"
"15665","충청남도 아산시 배방읍 세교리","1592","1592","0000","아산배방LH15단지","월세","26.5000","202510","14","1,000","16","21","2022","동방로 114","202510~202712","신규","-","","","아파트"
"15666","충청남도 아산시 배방읍 세교리","1522","1522","0000","엘리프아산탕정","전세","84.9700","202510","14","25,000","0","20","2025","동방로 220","202511~202711","신규","-","","","아파트"
"15667","충청남도 아산시 배방읍 세교리","1521","1521","0000","아산탕정LH7단지","월세","46.6300","202510","14","2,967","27","5","2021","세교길 13","202510~202712","신규","-","","","아파트"
"15668","충청남도 아산시 배방읍 세교리","1592","1592","0000","아산배방LH15단지","월세","46.8400","202510","14","3,106","31","2","2022","동방로 114","202510~202712","신규","-","","","아파트"
"15669","충청남도 아산시 배방읍 세교리","1592","1592","0000","아산배방LH15단지","월세","46.8400","202510","14","3,106","31","2","2022","동방로 114","202510~202712","신규","-","","","아파트"
"15670","충청남도 아산시 배방읍 세교리","1592","1592","0000","아산배방LH15단지","월세","46.6700","202510","14","3,106","31","4","2022","동방로 114","202510~202712","신규","-","","","아파트"
"15671","충청남도 아산시 배방읍 세교리","1592","1592","0000","아산배방LH15단지","월세","46.8400","202510","14","3,106","31","2","2022","동방로 114","202510~202712","신규","-","","","아파트"
"15672","충청남도 아산시 배방읍 세교리","1592","1592","0000","아산배방LH15단지","월세","46.8400","202510","14","3,106","31","4","2022","동방로 114","202510~202712","신규","-","","","아파트"
"15673","충청남도 아산시 배방읍 세교리","1592","1592","0000","아산배방LH15단지","월세","26.5000","202510","14","1,000","16","27","2022","동방로 114","202510~202712","신규","-","","","아파트"
"15674","충청남도 아산시 배방읍 세교리","1521","1521","0000","아산탕정LH7단지","월세","46.6300","202510","14","2,967","27","7","2021","세교길 13","202510~202712","신규","-","","","아파트"
"15675","충청남도 아산시 배방읍 세교리","1521","1521","0000","아산탕정LH7단지","월세","46.6300","202510","14","2,967","27","6","2021","세교길 13","202510~202712","신규","-","","","아파트"
"15676","충청남도 아산시 배방읍 세교리","1521","1521","0000","아산탕정LH7단지","월세","46.6300","202510","14","2,967","27","9","2021","세교길 13","202510~202712","신규","-","","","아파트"
"15677","충청남도 아산시 배방읍 세교리","1521","1521","0000","아산탕정LH7단지","월세","46.6300","202510","14","2,967","27","7","2021","세교길 13","202510~202712","신규","-","","","아파트"
"15678","충청남도 아산시 배방읍 세교리","1521","1521","0000","아산탕정LH7단지","월세","46.6300","202510","14","2,967","27","3","2021","세교길 13","202510~202712","신규","-","","","아파트"
"15679","충청남도 아산시 배방읍 세교리","1521","1521","0000","아산탕정LH7단지","월세","46.4600","202510","14","2,966","27","9","2021","세교길 13","202510~202712","신규","-","","","아파트"
"15680","충청남도 아산시 배방읍 세교리","1521","1521","0000","아산탕정LH7단지","월세","46.4600","202510","14","2,966","27","6","2021","세교길 13","202510~202712","신규","-","","","아파트"
"15681","충청남도 아산시 배방읍 세교리","1592","1592","0000","아산배방LH15단지","월세","26.5000","202510","14","1,000","16","17","2022","동방로 114","202510~202712","신규","-","","","아파트"
"15682","충청남도 아산시 배방읍 세교리","1592","1592","0000","아산배방LH15단지","월세","46.8400","202510","14","3,106","31","2","2022","동방로 114","202510~202712","신규","-","","","아파트"
"15683","충청남도 아산시 둔포면 석곡리","1790","1790","0000","아산테크노밸리이지더원5단지","월세","72.3669","202510","14","1,000","95","8","2017","아산밸리북로 48","202511~202711","신규","-","","","아파트"
"15684","충청남도 당진시 송악읍 복운리","1629-2","1629","0002","신성미소지움2단지","전세","84.9835","202510","14","12,500","0","4","2007","신복운로3길 28","-","-","-","","","아파트"
"15685","충청남도 천안시 동남구 봉명동","494","0494","0000","봉명청솔(3차)","월세","56.3400","202510","14","1,000","60","13","2001","봉서8길 13","202511~202804","신규","-","","","아파트"
"15686","충청남도 당진시 송악읍 복운리","1629-2","1629","0002","신성미소지움2단지","전세","84.9835","202510","14","12,500","0","4","2007","신복운로3길 28","202511~202711","신규","-","","","아파트"
"15687","충청남도 천안시 동남구 청당동","980","0980","0000","행정타운두산위브더파크","전세","84.9710","202510","14","24,000","0","20","2018","청당3길 147","202511~202711","갱신","-","23,000","0","아파트"
"15688","충청남도 천안시 서북구 불당동","1492","1492","0000","불당파크푸르지오1단지","전세","110.9945","202510","14","50,000","0","2","2018","불당26로 144","202511~202711","신규","-","","","아파트"
"15689","충청남도 천안시 서북구 불당동","1515","1515","0000","엘에이치천년나무7단지","월세","59.9100","202510","14","2,000","100","24","2015","불당26로 99","202510~202710","신규","-","","","아파트"
"15690","충청남도 천안시 서북구 불당동","687","0687","0000","불당오딧세이","월세","25.3611","202510","14","500","58","8","2019","불당4로 111","202510~202610","신규","-","","","아파트"
"15691","충청남도 천안시 서북구 불당동","1548","1548","0000","천안불당지웰더샵","전세","84.7278","202510","14","52,500","0","20","2016","불당26로 77","202601~202801","신규","-","","","아파트"
"15692","충청남도 천안시 서북구 두정동","2087","2087","0000","천안롯데캐슬더두정","전세","84.9880","202510","14","25,000","0","22","2025"," ","202512~202712","신규","-","","","아파트"
"15693","충청남도 천안시 서북구 두정동","1502","1502","0000","천안두정엘에이치2단지","월세","25.6300","202510","14","2,567","13","10","2022","봉정로 339","202511~202710","갱신","-","2,520","13","아파트"
"15694","충청남도 천안시 서북구 두정동","2082","2082","0000","힐스테이트두정역","월세","84.9450","202510","14","3,000","130","19","2025","북일로 50","202511~202711","신규","-","","","아파트"
"15695","충청남도 천안시 서북구 두정동","2082","2082","0000","힐스테이트두정역","전세","84.9450","202510","14","30,000","0","22","2025","북일로 50","202510~202710","신규","-","","","아파트"
"15696","충청남도 천안시 서북구 두정동","2035","2035","0000","한성필하우스3차","월세","124.1292","202510","14","3,000","130","10","2004","봉정로 366","202511~202711","신규","-","","","아파트"
"15697","충청남도 천안시 서북구 직산읍 모시리","242-5","0242","0005","대림","월세","39.9500","202510","14","500","42","6","1998","2공단5로 169","202510~202610","신규","-","","","아파트"
"15698","충청남도 천안시 서북구 성거읍 신월리","467","0467","0000","직산역꿈에그린","월세","59.9768","202510","14","1,000","85","16","2019","신월길 20","202510~202610","갱신","사용","2,000","75","아파트"
"15699","충청남도 천안시 서북구 차암동","448","0448","0000","천안한화꿈에그린스마일시티","전세","84.9742","202510","14","22,000","0","15","2014","스마일시티1로 1","202512~202712","신규","-","","","아파트"
"15700","충청남도 천안시 서북구 두정동","2035","2035","0000","한성필하우스3차","월세","124.1292","202510","14","3,000","130","10","2004","봉정로 366","202511~202711","신규","-","","","아파트"
"15701","충청남도 천안시 서북구 불당동","1498","1498","0000","천안불당 지웰푸르지오","전세","84.9920","202510","14","41,000","0","8","2016","불당24로 38","202512~202712","신규","-","","","아파트"
"15702","충청남도 천안시 서북구 불당동","1548","1548","0000","천안불당지웰더샵","전세","84.7278","202510","14","52,500","0","20","2016","불당26로 77","202601~202801","신규","-","","","아파트"
"15703","충청남도 천안시 서북구 쌍용동","1561","1561","0000","월봉청솔2차","월세","48.4500","202510","14","500","55","4","2000","월봉7길 77","202510~202710","신규","-","","","아파트"
"15704","충청남도 천안시 서북구 와촌동","186","0186","0000","천안역사동아라이크텐","월세","84.9864","202510","14","2,000","110","8","2021","천안천4길 20","202511~202711","신규","-","","","아파트"
"15705","충청남도 천안시 서북구 쌍용동","1361","1361","0000","계룡푸른마을","월세","59.8000","202510","14","2,000","60","8","1996","충무로 143-8","202511~202711","신규","-","","","아파트"
"15706","충청남도 천안시 서북구 직산읍 삼은리","591","0591","0000","직산월드메르디앙레이크파크","전세","72.9518","202510","14","23,000","0","8","2020","직산로 59","202512~202711","신규","-","","","아파트"
"15707","충청남도 천안시 동남구 목천읍 삼성리","9-12","0009","0012","원앙마을부영1차","전세","49.9200","202510","14","6,700","0","8","1999","삼성5길 42","202511~202711","신규","-","","","아파트"
"15708","충청남도 천안시 동남구 목천읍 삼성리","9-12","0009","0012","원앙마을부영1차","전세","49.9200","202510","14","6,700","0","8","1999","삼성5길 42","-","-","-","","","아파트"
"15709","충청남도 천안시 동남구 풍세면 보성리","772","0772","0000","천안한양수자인에코시티","월세","75.9331","202510","14","1,000","75","19","2023","풍세산단로 290","202510~202610","신규","-","","","아파트"
"15710","충청남도 천안시 동남구 풍세면 보성리","772","0772","0000","천안한양수자인에코시티","월세","84.9831","202510","14","2,000","80","1","2023","풍세산단로 290","202512~202712","신규","-","","","아파트"
"15711","충청남도 천안시 서북구 성정동","1347","1347","0000","평화로운나날","월세","19.4575","202510","14","300","40","5","2013","성정공원6길 36","202510~202610","신규","-","","","아파트"
"15712","충청남도 천안시 서북구 성정동","1335","1335","0000","하이스타운3차","월세","22.3800","202510","14","2,500","20","6","2014","성정공원7길 3","202510~202611","신규","-","","","아파트"
"15713","충청남도 천안시 서북구 성정동","1345","1345","0000","프라지움7차","월세","31.6037","202510","14","500","60","10","2016","성정공원6길 37","202510~202610","신규","-","","","아파트"
"15714","충청남도 천안시 서북구 쌍용동","1561","1561","0000","월봉청솔2차","월세","48.4500","202510","14","500","60","10","2000","월봉7길 77","202511~202711","신규","-","","","아파트"
"15715","충청남도 천안시 서북구 성거읍 송남리","585","0585","0000","북천안자이포레스트","월세","43.8479","202510","14","1,000","60","19","2016","성거길 20","202511~202711","신규","-","","","아파트"
"15716","충청남도 천안시 서북구 성성동","697","0697","0000","천안레이크타운2차푸르지오","월세","84.9100","202510","14","3,000","140","28","2018","성성9로 14","202512~202810","신규","-","","","아파트"
"15717","충청남도 천안시 서북구 성성동","697","0697","0000","천안레이크타운2차푸르지오","월세","84.9100","202510","14","3,000","140","28","2018","성성9로 14","-","-","-","","","아파트"
"15718","충청남도 천안시 동남구 목천읍 신계리","127-2","0127","0002","천안목천협성엠파이어","월세","39.8200","202510","14","300","35","7","2013","충절로 874","202512~202712","갱신","-","300","35","아파트"
"15719","충청남도 천안시 서북구 성환읍 성월리","150","0150","0000","현대한솔","월세","59.4000","202510","14","1,000","60","5","1997","성월2길 16","202510~202610","신규","-","","","아파트"
"15720","충청남도 천안시 서북구 불당동","757","0757","0000","불당아이파크","전세","84.9500","202510","14","33,000","0","8","2004","불당17길 14","202510~202710","신규","-","","","아파트"
"15721","충청남도 천안시 서북구 불당동","1846","1846","0000","불당호반써밋플레이스센터시티","월세","98.2067","202510","14","20,000","150","7","2017","불당25로 8","202510~202710","신규","-","","","아파트"
"15722","충청남도 천안시 서북구 불당동","1498","1498","0000","천안불당 지웰푸르지오","전세","84.9920","202510","14","42,000","0","8","2016","불당24로 38","202512~202712","신규","-","","","아파트"
"15723","충청남도 당진시 읍내동","1096","1096","0000","이안","월세","84.9450","202510","14","2,000","70","8","2005","무수동7길 78","202511~202711","신규","-","","","아파트"
"15724","충청남도 아산시 권곡동","627","0627","0000","아산한신더휴","월세","84.9700","202510","14","2,000","90","6","2025","문화로 257-45","202512~202712","신규","-","","","아파트"
"15725","충청남도 천안시 동남구 쌍용동","555-2","0555","0002","쌍용신성","전세","84.9900","202510","14","14,000","0","17","1995","순천향4길 4","202511~202711","신규","-","","","아파트"
"15726","충청남도 논산시 강산동","698","0698","0000","논산강산한신청솔","월세","59.8500","202510","14","1,000","60","11","2000","논산대로 269-19","202510~202710","신규","-","","","아파트"
"15727","충청남도 보령시 명천동","1119","1119","0000","더베스트예미지","전세","84.9706","202510","14","32,000","0","15","2019","명천로 94","202512~202711","신규","-","","","아파트"
"15728","충청남도 서산시 석림동","964","0964","0000","서산석림엘크루에듀포레","전세","80.5127","202510","14","25,000","0","1","2022","동서1로 25","202510~202612","갱신","사용","25,000","0","아파트"
"15729","충청남도 당진시 대덕동","1877","1877","0000","중흥S-클래스포레힐","월세","84.9352","202510","14","6,218","54","17","2024","대덕1로 102-57","202510~202710","신규","-","","","아파트"
"15730","충청남도 공주시 신관동","255-3","0255","0003","주공1","전세","49.2200","202510","14","7,000","0","1","1985","번영1로 77-8","202511~202711","신규","-","","","아파트"
"15731","충청남도 공주시 신관동","255-3","0255","0003","주공1","전세","49.2200","202510","14","7,000","0","1","1985","번영1로 77-8","-","-","-","","","아파트"
"15732","충청남도 아산시 법곡동","334","0334","0000","신원더파크2차","월세","59.9408","202510","14","1,000","65","8","2019","법곡길 20-12","202510~202610","신규","-","","","아파트"
"15733","충청남도 서산시 읍내동","624-5","0624","0005","부영","월세","49.7200","202510","14","500","45","9","1996","부춘1로 19","202510~202710","신규","-","","","아파트"
"15734","충청남도 서산시 읍내동","624-5","0624","0005","부영","월세","49.7200","202510","14","500","45","9","1996","부춘1로 19","202510~202710","신규","-","","","아파트"
"15735","충청남도 천안시 동남구 신방동","920","0920","0000","초원그린타운","월세","39.2700","202510","14","500","43","13","1998","신촌4로 16","202511~202711","신규","-","","","아파트"
"15736","충청남도 천안시 동남구 신방동","873","0873","0000","성지새말1","전세","59.9700","202510","14","12,500","0","17","1997","일봉로 17","202510~202710","갱신","-","12,500","0","아파트"
"15737","충청남도 천안시 동남구 신방동","935","0935","0000","신방동대주피오레","전세","119.6370","202510","14","26,000","0","9","2006","서부대로 257-8","202511~202711","신규","-","","","아파트"
"15738","충청남도 당진시 읍내동","1451","1451","0000","당진1차푸르지오","전세","84.9475","202510","14","18,900","0","1","2011","북문로 15","202512~202712","신규","-","","","아파트"
"15739","충청남도 아산시 좌부동","84-3","0084","0003","초원설화타운1","월세","39.7800","202510","14","300","25","15","1994","고불로 667","202510~202710","신규","-","","","아파트"
"15740","충청남도 아산시 모종동","562-1","0562","0001","모종리슈빌더스카이","월세","59.7300","202510","14","3,000","70","31","2024","번영로196번길 5","202511~202711","신규","-","","","아파트"
"15741","충청남도 아산시 모종동","734","0734","0000","모종2차삼일파라뷰센트럴","전세","59.5604","202510","14","22,050","0","15","2022","모종북로 22","202510~203010","신규","-","","","아파트"
"15742","충청남도 아산시 모종동","734","0734","0000","모종2차삼일파라뷰센트럴","전세","59.5604","202510","14","22,050","0","17","2022","모종북로 22","202510~203010","신규","-","","","아파트"
"15743","충청남도 아산시 모종동","734","0734","0000","모종2차삼일파라뷰센트럴","전세","59.5604","202510","14","22,050","0","15","2022","모종북로 22","202510~203010","신규","-","","","아파트"
"15744","충청남도 천안시 동남구 신방동","920","0920","0000","초원그린타운","월세","39.2700","202510","14","500","40","10","1998","신촌4로 16","202510~202710","신규","-","","","아파트"
"15745","충청남도 천안시 동남구 신방동","2191","2191","0000","신방삼부르네상스","월세","59.9977","202510","14","2,000","70","6","2023","풍세로 678-22","202510~202710","신규","-","","","아파트"
"15746","충청남도 보령시 궁촌동","345-3","0345","0003","엘타워","월세","19.2800","202510","14","1,000","50","6","2015","터미널길 7","202510~202610","신규","-","","","아파트"
"15747","충청남도 당진시 원당동","1226","1226","0000","파크빌1차","전세","117.2090","202510","14","20,000","0","4","2005","당진중앙2로 331","202512~202712","신규","-","","","아파트"
"15748","충청남도 천안시 동남구 신부동","451-8","0451","0008","스카이타워","월세","21.0800","202510","14","500","48","17","2014","먹거리11길 5","202510~202610","신규","-","","","아파트"
"15749","충청남도 천안시 동남구 신부동","1004","1004","0000","더샵신부센트라","월세","59.9232","202510","14","2,000","100","13","2025","북일로 85","202510~202710","신규","-","","","아파트"
"15750","충청남도 보령시 동대동","414-2","0414","0002","동대주공2","월세","39.6000","202510","14","300","35","3","1991","주공로 33","202511~202610","신규","-","","","아파트"
"15751","충청남도 천안시 동남구 신부동","672","0672","0000","대림한숲","월세","84.9780","202510","14","2,000","75","3","1995","터미널6길 12","202510~202702","신규","-","","","아파트"
"15752","충청남도 천안시 동남구 신부동","541","0541","0000","동아태조","월세","59.9700","202510","14","500","59","13","1995","터미널9길 13","202510~202610","갱신","-","500","57","아파트"
"15753","충청남도 당진시 수청동","2199","2199","0000","하이앤","월세","84.9304","202510","14","27,214","4","15","2024","수청3로 49","-","-","-","","","아파트"
"15754","충청남도 당진시 수청동","1844","1844","0000","당진센트레빌르네블루1차","전세","84.9699","202510","14","22,000","0","15","2023","수청중앙로 85","202511~202711","갱신","사용","21,000","0","아파트"
"15755","충청남도 아산시 장존동","305","0305","0000","청솔","월세","39.9940","202510","14","300","35","9","2004","외암로 1247","202510~202710","신규","-","","","아파트"
"15756","충청남도 홍성군 홍북읍 신경리","947","0947","0000","충남내포신도시2차대방엘리움더센트럴아파트","월세","84.9144","202510","14","2,000","75","8","2023","자경로 18","202511~202711","신규","-","","","아파트"
"15757","충청남도 홍성군 홍북읍 신경리","945","0945","0000","자경마을중흥에스클래스","전세","73.9850","202510","14","13,990","0","9","2016","자경로 17","202510~202710","신규","-","","","아파트"
"15758","충청남도 서산시 성연면 일람리","1081","1081","0000","서산테크노밸리우미린","월세","59.6243","202510","14","13,000","16","19","2022","성연3로 77","202512~202712","갱신","-","13,000","15","아파트"
"15759","충청남도 서산시 성연면 일람리","1081","1081","0000","서산테크노밸리우미린","월세","59.9050","202510","14","3,000","58","6","2022","성연3로 77","202512~202712","갱신","-","3,000","57","아파트"
"15760","충청남도 홍성군 홍성읍 남장리","591","0591","0000","남장휴먼시아3단지","월세","46.8500","202510","14","2,270","16","1","2011","남장중로 10","202511~202712","신규","-","","","아파트"
"15761","충청남도 홍성군 홍성읍 월산리","851","0851","0000","부영2차(851-0)","월세","59.9870","202510","14","1,000","50","6","2004","월산로30번길 38","202510~202710","신규","-","","","아파트"
"15762","충청남도 서산시 대산읍 대산리","1550","1550","0000","한성필하우스아파트","월세","59.9912","202510","14","2,000","65","22","2017","정자동2로 16","202510~202710","신규","-","","","아파트"
"15763","충청남도 홍성군 홍북읍 신경리","928","0928","0000","극동스타클래스센트럴","전세","59.9120","202510","14","13,000","0","6","2014","신대로 33","202511~202711","신규","-","","","아파트"
"15764","충청남도 홍성군 홍북읍 신경리","945","0945","0000","자경마을중흥에스클래스","전세","73.9850","202510","14","13,990","0","9","2016","자경로 17","202510~202710","신규","-","","","아파트"
"15765","충청남도 계룡시 엄사면 유동리","14-6","0014","0006","대동","월세","78.9300","202510","14","1,000","60","12","2000","번영3길 91","202511~202711","신규","-","","","아파트"
"15766","충청남도 예산군 예산읍 산성리","705","0705","0000","서오1차","전세","66.4200","202510","14","5,500","0","8","1991","역전로 150-6","202511~202711","신규","-","","","아파트"
"15767","충청남도 서산시 성연면 일람리","1089","1089","0000","서산테크노밸리고운라피네","전세","84.6603","202510","14","15,750","0","14","2018","성연3로 57-30","202510~202701","갱신","-","15,000","0","아파트"
"15768","충청남도 아산시 신창면 남성리","190-1","0190","0001","아산코아루","월세","59.9611","202510","14","1,500","50","7","2006","남성길 123","202511~202711","신규","-","","","아파트"
"15769","충청남도 홍성군 홍성읍 남장리","591","0591","0000","남장휴먼시아3단지","월세","51.5600","202510","14","2,853","19","7","2011","남장중로 10","202511~202712","신규","-","","","아파트"
"15770","충청남도 서산시 대산읍 대산리","1550","1550","0000","한성필하우스아파트","전세","84.9606","202510","14","20,000","0","8","2017","정자동2로 16","202511~202711","신규","-","","","아파트"
"15771","충청남도 홍성군 홍성읍 남장리","591","0591","0000","남장휴먼시아3단지","월세","33.7200","202510","14","1,232","10","9","2011","남장중로 10","202511~202712","신규","-","","","아파트"
"15772","충청남도 홍성군 홍성읍 남장리","591","0591","0000","남장휴먼시아3단지","월세","33.7200","202510","14","1,232","10","6","2011","남장중로 10","202511~202712","신규","-","","","아파트"
"15773","충청남도 홍성군 홍성읍 남장리","591","0591","0000","남장휴먼시아3단지","월세","51.5600","202510","14","2,853","19","3","2011","남장중로 10","202511~202712","신규","-","","","아파트"
"15774","충청남도 아산시 신창면 남성리","845","0845","0000","신아산모아엘가비스타1차아파트","월세","84.9143","202510","14","17,670","7","16","2023","남성길 72","202510~202710","신규","-","","","아파트"
"15775","충청남도 예산군 예산읍 주교리","179-1","0179","0001","석탑,까치마을","전세","59.6000","202510","14","6,500","0","19","2001","아리랑로 43","202511~202711","신규","-","","","아파트"
"15776","충청남도 계룡시 엄사면 엄사리","226-4","0226","0004","삼진","월세","39.9300","202510","14","500","35","8","1997","번영3길 73-12","202510~202610","신규","-","","","아파트"
"15777","충청남도 서산시 성연면 일람리","1081","1081","0000","서산테크노밸리우미린","월세","59.6243","202510","13","8,000","37","9","2022","성연3로 77","202511~202711","갱신","-","8,000","36","아파트"
"15778","충청남도 아산시 신창면 남성리","852","0852","0000","아산삼부르네상스더힐","전세","83.8805","202510","13","18,000","0","17","2024","천우물로 22","202511~202711","신규","-","","","아파트"
"15779","충청남도 예산군 예산읍 발연리","115-1","0115","0001","휴먼시아","월세","45.8300","202510","13","1,696","14","15","2010","벚꽃로 175-30","202601~202712","갱신","-","1,620","14","아파트"
"15780","충청남도 예산군 예산읍 산성리","129-20","0129","0020","예산이에스아뜨리움","월세","65.4696","202510","13","2,000","40","1","2015","벚꽃로 82","202511~202611","신규","-","","","아파트"
"15781","충청남도 서산시 성연면 일람리","1077","1077","0000","서산금호어울림에듀퍼스트","전세","84.4259","202510","13","18,500","0","16","2019","성연5로 92-7","202512~202712","신규","-","","","아파트"
"15782","충청남도 서산시 성연면 일람리","1081","1081","0000","서산테크노밸리우미린","월세","59.9050","202510","13","13,000","16","12","2022","성연3로 77","202512~202712","신규","-","","","아파트"
"15783","충청남도 서산시 성연면 왕정리","712","0712","0000","힐스테이트서산아파트","전세","75.0647","202510","13","19,000","0","6","2017","성연3로 76","202511~202711","갱신","-","17,000","0","아파트"
"15784","충청남도 계룡시 두마면 농소리","970","0970","0000","계룡자이","월세","84.9685","202510","13","2,000","120","2","2023","대실남북로 81","202510~202710","신규","-","","","아파트"
"15785","충청남도 계룡시 두마면 농소리","972","0972","0000","계룡대실 리슈빌","전세","59.7100","202510","13","17,500","0","15","2021","농소로 64","202601~202801","갱신","-","16,500","0","아파트"
"15786","충청남도 홍성군 홍북읍 신경리","1168","1168","0000","롯데캐슬","전세","84.9855","202510","13","14,000","0","10","2012","신대로 34","202511~202711","신규","-","","","아파트"
"15787","충청남도 홍성군 홍북읍 신경리","1176","1176","0000","신리마을상록아파트","월세","84.9300","202510","13","2,043","17","2","2016","홍학로 25","202511~202711","갱신","-","1,946","16","아파트"
"15788","충청남도 홍성군 홍북읍 신경리","1176","1176","0000","신리마을상록아파트","월세","59.9200","202510","13","1,787","22","2","2016","홍학로 25","202511~202711","갱신","-","2,089","26","아파트"
"15789","충청남도 홍성군 홍북읍 신경리","1176","1176","0000","신리마을상록아파트","월세","59.9200","202510","13","1,787","22","7","2016","홍학로 25","202511~202711","갱신","-","2,089","26","아파트"
"15790","충청남도 홍성군 홍북읍 신경리","945","0945","0000","자경마을중흥에스클래스","전세","59.9921","202510","13","10,890","0","1","2016","자경로 17","-","-","-","","","아파트"
"15791","충청남도 홍성군 홍북읍 신경리","945","0945","0000","자경마을중흥에스클래스","전세","59.9921","202510","13","11,990","0","6","2016","자경로 17","202510~202710","신규","-","","","아파트"
"15792","충청남도 계룡시 엄사면 엄사리","367","0367","0000","두산신성","전세","84.8550","202510","13","13,500","0","12","1994","엄사중앙로 65-9","202512~202712","신규","-","","","아파트"
"15793","충청남도 천안시 서북구 쌍용동","1920","1920","0000","쌍용마을뜨란채,주공아파트","월세","49.9900","202510","13","1,972","28","2","1999","봉서산샛길 64","202510~202711","신규","-","","","아파트"
"15794","충청남도 천안시 서북구 불당동","1546","1546","0000","천안불당린스트라우스2단지","전세","99.9908","202510","13","45,000","0","17","2017","불당19로 111","202511~202711","신규","-","","","아파트"
"15795","충청남도 천안시 서북구 불당동","1545","1545","0000","천안불당린스트라우스1단지","월세","84.9729","202510","13","5,000","175","5","2017","불당19로 95","202601~202802","신규","-","","","아파트"
"15796","충청남도 천안시 서북구 불당동","1545","1545","0000","천안불당린스트라우스1단지","월세","84.9729","202510","13","5,000","175","5","2017","불당19로 95","202601~202802","신규","-","","","아파트"
"15797","충청남도 천안시 동남구 목천읍 신계리","422","0422","0000","천안목천동우1차","전세","39.9500","202510","13","2,800","0","13","1997","신계1길 41","202511~202711","신규","-","","","아파트"
"15798","충청남도 천안시 서북구 쌍용동","1363-1","1363","0001","해누리선경","전세","59.7960","202510","13","12,000","0","7","1996","충무로 158-10","202510~202710","신규","-","","","아파트"
"15799","충청남도 천안시 서북구 성거읍 저리","53-2","0053","0002","삼일원앙","월세","59.2500","202510","13","1,000","50","3","1998","성거길 103","202510~202710","신규","-","","","아파트"
"15800","충청남도 천안시 서북구 쌍용동","1920","1920","0000","쌍용마을뜨란채,주공아파트","월세","84.5700","202510","13","2,000","80","14","1999","봉서산샛길 64","202510~202710","신규","-","","","아파트"
"15801","충청남도 천안시 서북구 쌍용동","2100","2100","0000","파크밸리동일하이빌","전세","137.8630","202510","13","50,000","0","12","2011","봉서산1길 35","202512~202712","신규","-","","","아파트"
"15802","충청남도 천안시 서북구 쌍용동","1367","1367","0000","월봉청솔1단지","월세","50.1600","202510","13","1,000","55","12","2000","월봉4로 140-9","202511~202711","신규","-","","","아파트"
"15803","충청남도 천안시 서북구 두정동","530","0530","0000","대우2차","월세","84.4800","202510","13","2,000","80","8","1998","두정중5길 15","202510~202710","신규","-","","","아파트"
"15804","충청남도 천안시 서북구 성환읍 율금리","507-4","0507","0004","대영한아름","월세","43.2000","202510","13","300","35","5","1998","율금1길 309","202510~202710","신규","-","","","아파트"
"15805","충청남도 천안시 서북구 두정동","526-1","0526","0001","극동늘푸른","월세","59.9100","202510","13","1,000","70","7","1996","늘푸른6길 42","202511~202711","갱신","-","1,000","70","아파트"
"15806","충청남도 천안시 서북구 두정동","2078","2078","0000","두정역효성해링턴플레이스","월세","84.9300","202510","13","2,000","140","14","2020","봉정로 324","202511~202711","신규","-","","","아파트"
"15807","충청남도 천안시 서북구 두정동","1293","1293","0000","천안펜타폴리스2차","월세","22.2200","202510","13","300","35","3","2013","두정로 212","202510~202610","신규","-","","","아파트"
"15808","충청남도 천안시 서북구 두정동","526-1","0526","0001","극동늘푸른","월세","59.9100","202510","13","1,000","75","20","1996","늘푸른6길 41","202510~202710","신규","-","","","아파트"
"15809","충청남도 아산시 신창면 행목리","498","0498","0000","아산신창양우내안애","월세","35.1000","202510","13","300","45","15","2014","행목로 202","202510~202610","신규","-","","","아파트"
"15810","충청남도 아산시 신창면 행목리","498","0498","0000","아산신창양우내안애","월세","35.1000","202510","13","300","45","15","2014","행목로 202","202510~202610","신규","-","","","아파트"
"15811","충청남도 아산시 음봉면 월랑리","702","0702","0000","아산더샵레이크시티2차","월세","72.7800","202510","13","3,000","80","14","2015","음봉로 515-38","202511~202710","신규","-","","","아파트"
"15812","충청남도 아산시 배방읍 세교리","432","0432","0000","신한","전세","40.9600","202510","13","4,000","0","4","1996","온천대로 2332","202510~202710","신규","-","","","아파트"
"15813","충청남도 아산시 배방읍 공수리","282","0282","0000","배방삼정그린코아","월세","38.4900","202510","13","500","50","9","2012","모산로126번길 17-7","202510~202710","신규","-","","","아파트"
"15814","충청남도 아산시 둔포면 석곡리","1808","1808","0000","테크노밸리EGthe11단지","월세","59.9805","202510","13","1,000","80","7","2015","아산밸리중앙로 50","202511~202711","신규","-","","","아파트"
"15815","충청남도 아산시 배방읍 공수리","282","0282","0000","배방삼정그린코아","전세","38.4900","202510","13","7,500","0","22","2012","모산로126번길 17-7","202511~202711","신규","-","","","아파트"
"15816","충청남도 아산시 탕정면 갈산리","884","0884","0000","호반써밋그랜드마크II(2차)","월세","84.9060","202510","13","5,000","110","12","2023","갈산샛들로 67","202511~202711","신규","-","","","아파트"
"15817","충청남도 아산시 배방읍 북수리","1873","1873","0000","충남꿈비채아산배방","월세","44.7994","202510","13","4,000","14","4","2022","월천5길 30","202510~202711","신규","-","","","아파트"
"15818","충청남도 천안시 동남구 청당동","980","0980","0000","행정타운두산위브더파크","전세","72.6890","202510","13","19,000","0","12","2018","청당3길 147","202512~202712","신규","-","","","아파트"
"15819","충청남도 천안시 동남구 봉명동","494","0494","0000","봉명청솔(3차)","월세","56.3400","202510","13","1,000","60","12","2001","봉서8길 13","202510~202710","갱신","-","12,000","0","아파트"
"15820","충청남도 천안시 동남구 봉명동","60-54","0060","0054","봉명동선경","월세","75.2000","202510","13","2,000","50","2","1991","양지4길 15","202511~202711","신규","-","","","아파트"
"15821","충청남도 아산시 배방읍 세교리","1522","1522","0000","엘리프아산탕정","월세","74.9800","202510","13","3,000","100","4","2025","동방로 220","202510~202710","신규","-","","","아파트"
"15822","충청남도 아산시 탕정면 갈산리","884","0884","0000","호반써밋그랜드마크II(2차)","월세","84.6249","202510","13","3,000","140","15","2023","갈산샛들로 67","202602~202802","신규","-","","","아파트"
"15823","충청남도 아산시 배방읍 장재리","1346","1346","0000","아산배방LH12단지","월세","36.5900","202510","13","4,044","14","9","2020","공원로 89","202512~202711","갱신","-","3,262","17","아파트"
"15824","충청남도 아산시 배방읍 세교리","1478","1478","0000","별하신도시하늘채","월세","59.8700","202510","13","3,000","100","16","2023","세교길 14","202602~202802","신규","-","","","아파트"
"15825","충청남도 아산시 탕정면 명암리","809","0809","0000","탕정삼성트라팰리스(1단지~3단지)","월세","84.9900","202510","13","3,000","130","22","2009","탕정면로 37","202511~202711","신규","-","","","아파트"
"15826","충청남도 천안시 동남구 청당동","456","0456","0000","우미린","전세","134.6000","202510","13","34,000","0","4","2010","청수14로 16","202511~202711","갱신","-","40,000","0","아파트"
"15827","충청남도 아산시 탕정면 용두리","722","0722","0000","월드메르디앙웰리지(A동)","월세","22.8247","202510","13","200","60","2","2023","용머리길 41","202510~202604","신규","-","","","아파트"
"15828","충청남도 아산시 음봉면 산동리","427-1","0427","0001","삼일원앙","월세","39.7300","202510","13","500","40","1","1997","음봉로 847","202510~202610","갱신","-","300","36","아파트"
"15829","충청남도 아산시 음봉면 산동리","427-1","0427","0001","삼일원앙","월세","39.7300","202510","13","300","43","11","1997","음봉로 847","202510~202610","갱신","사용","300","43","아파트"
"15830","충청남도 아산시 배방읍 공수리","1487","1487","0000","배방역효성해링턴플레이스","월세","84.9250","202510","13","3,000","115","17","2018","모산로 67","202511~202710","신규","-","","","아파트"
"15831","충청남도 당진시 송악읍 복운리","1629-1","1629","0001","동광","월세","59.9974","202510","13","500","60","4","2007","신복운로3길 8","202510~202607","갱신","-","500","60","아파트"
"15832","충청남도 당진시 송산면 금암리","16-2","0016","0002","당진대상","월세","49.1600","202510","13","500","40","5","1999","송산로 164","202510~202710","신규","-","","","아파트"
"15833","충청남도 당진시 송악읍 기지시리","504","0504","0000","힐스테이트당진2차","전세","74.5361","202510","13","17,800","0","12","2018","틀모시로 737","202510~202710","갱신","사용","17,000","0","아파트"
"15834","충청남도 당진시 송악읍 기지시리","322-2","0322","0002","대산","전세","84.9800","202510","13","6,000","0","4","1994","틀모시로 787","202512~202712","신규","-","","","아파트"
"15835","충청남도 당진시 송악읍 복운리","1629-1","1629","0001","동광","월세","59.9974","202510","13","1,000","60","4","2007","신복운로3길 8","202510~202710","신규","-","","","아파트"
"15836","충청남도 아산시 탕정면 용두리","722","0722","0000","월드메르디앙웰리지(A동)","월세","19.9636","202510","13","200","50","10","2023","용머리길 41","202510~202602","신규","-","","","아파트"
"15837","충청남도 아산시 탕정면 용두리","722","0722","0000","월드메르디앙웰리지(A동)","월세","22.8247","202510","13","200","60","13","2023","용머리길 41","202510~202603","신규","-","","","아파트"
"15838","충청남도 아산시 염치읍 송곡리","46-1","0046","0001","신일","전세","59.3100","202510","13","8,085","0","1","2001","송곡길68번길 3","-","-","-","","","아파트"
"15839","충청남도 아산시 염치읍 송곡리","46-1","0046","0001","신일","전세","59.3100","202510","13","8,085","0","1","2001","송곡길68번길 3","202511~202711","갱신","-","7,700","0","아파트"
"15840","충청남도 아산시 탕정면 매곡리","1391","1391","0000","한들물빛도시예미지","전세","84.6132","202510","13","40,000","0","21","2022","한들물빛3로 14","202601~202801","신규","-","","","아파트"
"15841","충청남도 아산시 배방읍 공수리","282","0282","0000","배방삼정그린코아","전세","38.4900","202510","13","7,200","0","22","2012","모산로126번길 17-7","202511~202711","갱신","-","7,500","0","아파트"
"15842","충청남도 아산시 배방읍 공수리","282","0282","0000","배방삼정그린코아","전세","38.4900","202510","13","6,700","0","1","2012","모산로126번길 17-7","202511~202711","신규","-","","","아파트"
"15843","충청남도 아산시 음봉면 덕지리","580","0580","0000","더?레이크사이드","월세","101.9343","202510","13","2,000","90","6","2006","음봉로 567","202510~202710","신규","-","","","아파트"
"15844","충청남도 당진시 우강면 창리","297-2","0297","0002","우강온누리","전세","43.9500","202510","13","3,800","0","4","2000","합우로 324","202511~202711","신규","-","","","아파트"
"15845","충청남도 아산시 배방읍 공수리","282","0282","0000","배방삼정그린코아","전세","38.4900","202510","13","6,700","0","1","2012","모산로126번길 17-7","-","-","-","","","아파트"
"15846","충청남도 아산시 배방읍 공수리","1712","1712","0000","배방2차푸르지오","전세","84.9286","202510","13","22,000","0","4","2015","배방로 58-38","-","-","-","","","아파트"
"15847","충청남도 천안시 서북구 신당동","705","0705","0000","e편한세상천안부성","전세","59.8520","202510","13","16,000","0","6","2018","천안대로 1287-1","202510~202710","신규","-","","","아파트"
"15848","충청남도 당진시 읍내동","283","0283","0000","벽산","월세","59.7900","202510","13","7,000","15","16","1996","계성2길 51","202511~202711","신규","-","","","아파트"
"15849","충청남도 아산시 온천동","3149","3149","0000","아산온천삼일파라뷰시그니처","전세","84.8873","202510","13","29,000","0","6","2024","문화공원로 42","-","-","-","","","아파트"
"15850","충청남도 아산시 모종동","736","0736","0000","힐스테이트모종네오루체","월세","84.9906","202510","13","23,000","4","2","2023","못마루로 139","202511~202711","갱신","사용","23,000","0","아파트"
"15851","충청남도 아산시 모종동","617","0617","0000","한성필하우스","월세","84.7641","202510","13","3,000","80","4","2005","모종로 21","202511~202605","신규","-","","","아파트"
"15852","충청남도 아산시 득산동","392-2","0392","0002","부영","월세","49.9200","202510","13","500","50","3","1998","온천대로 1105-17","202510~202710","신규","-","","","아파트"
"15853","충청남도 아산시 득산동","392-2","0392","0002","부영","월세","59.7600","202510","13","500","55","8","1998","온천대로 1105-17","202510~202710","신규","-","","","아파트"
"15854","충청남도 논산시 내동","968","0968","0000","아주","월세","55.2000","202510","13","1,000","50","11","1994","체육로 18","202510~202710","신규","-","","","아파트"
"15855","충청남도 논산시 취암동","79","0079","0000","세중세미클래식","월세","36.2900","202510","13","500","40","12","2000","체육로 39","202510~202710","신규","-","","","아파트"
"15856","충청남도 서산시 읍내동","873","0873","0000","양우내안애퍼스트힐","월세","72.6080","202510","13","1,000","85","17","2018","안견로 457","202510~202710","신규","-","","","아파트"
"15857","충청남도 공주시 신관동","5","0005","0000","대아곰나루","월세","59.6700","202510","13","1,000","55","2","1996","신금2길 47-1","202510~202710","신규","-","","","아파트"
"15858","충청남도 공주시 신관동","495-83","0495","0083","리버하임","월세","16.1911","202510","13","500","40","2","2013","금벽로 357-8","202511~202610","신규","-","","","아파트"
"15859","충청남도 천안시 동남구 신부동","58-24","0058","0024","동남로얄","월세","58.0800","202510","13","500","40","5","1985","신원3길 33","202510~202610","신규","-","","","아파트"
"15860","충청남도 당진시 읍내동","283","0283","0000","벽산","월세","59.7900","202510","13","7,000","15","16","1996","계성2길 51","-","-","-","","","아파트"
"15861","충청남도 천안시 동남구 신방동","920","0920","0000","초원그린타운","월세","39.2700","202510","13","500","40","7","1998","신촌4로 16","-","-","-","","","아파트"
"15862","충청남도 논산시 강산동","643","0643","0000","부영","월세","59.4400","202510","13","1,000","55","3","1996","시민로307번길 28","202510~202710","신규","-","","","아파트"
"15863","충청남도 아산시 풍기동","229-71","0229","0071","주은","월세","59.5200","202510","13","1,000","65","6","2000","어의정로183번길 14","202510~202710","신규","-","","","아파트"
"15864","충청남도 당진시 수청동","2199","2199","0000","하이앤","월세","84.9675","202510","13","26,000","4","24","2024","수청3로 49","-","-","-","","","아파트"
"15865","충청남도 당진시 수청동","2199","2199","0000","하이앤","월세","84.9675","202510","13","26,000","4","24","2024","수청3로 49","-","-","-","","","아파트"
"15866","충청남도 당진시 수청동","1844","1844","0000","당진센트레빌르네블루1차","전세","84.9169","202510","13","19,900","0","15","2023","수청중앙로 85","202511~202711","갱신","사용","19,000","0","아파트"
"15867","충청남도 천안시 동남구 신방동","920","0920","0000","초원그린타운","월세","39.2700","202510","13","500","40","7","1998","신촌4로 16","202510~202710","신규","-","","","아파트"
"15868","충청남도 천안시 동남구 신방동","897","0897","0000","두레현대2","전세","59.9950","202510","13","13,000","0","20","1997","서부대로 252","202511~202711","갱신","사용","13,000","0","아파트"
"15869","충청남도 논산시 대교동","344","0344","0000","논산아이파크","월세","106.6900","202510","13","7,000","120","11","2025","해월로259번길 23","202510~202710","신규","-","","","아파트"
"15870","충청남도 아산시 온천동","3149","3149","0000","아산온천삼일파라뷰시그니처","전세","59.8123","202510","13","20,000","0","12","2024","문화공원로 42","202511~203003","신규","-","","","아파트"
"15871","충청남도 당진시 대덕동","1883","1883","0000","당진대덕수청시티프라디움2차","전세","84.9973","202510","13","18,700","0","12","2021","대덕1로 50","202511~202711","신규","-","","","아파트"
"15872","충청남도 아산시 모종동","578","0578","0000","라이프타운","월세","133.7400","202510","13","1,000","80","1","1992","번영로206번길 32","202511~202711","신규","-","","","아파트"
"15873","충청남도 천안시 동남구 신부동","999","0999","0000","포레나천안신부","전세","76.1747","202510","13","28,000","0","12","2023","천안대로 888","202512~202712","신규","-","","","아파트"
"15874","충청남도 보령시 명천동","1116","1116","0000","보령명천LH1단지","월세","46.8100","202510","13","895","32","10","2021","흥곡천변로 85","202511~202712","갱신","-","2,395","27","아파트"
"15875","충청남도 보령시 명천동","1116","1116","0000","보령명천LH1단지","월세","37.7500","202510","13","651","25","3","2021","흥곡천변로 85","202511~202712","갱신","-","1,551","22","아파트"
"15876","충청남도 보령시 명천동","1116","1116","0000","보령명천LH1단지","월세","46.8100","202510","13","887","32","9","2021","흥곡천변로 85","202511~202712","갱신","-","2,387","27","아파트"
"15877","충청남도 보령시 명천동","389","0389","0000","명천주공3","월세","59.8000","202510","13","1,000","60","15","1996","주공로 65","202511~202711","신규","-","","","아파트"
"15878","충청남도 서산시 읍내동","624-5","0624","0005","부영","월세","49.7200","202510","12","1,000","35","6","1996","부춘1로 19","202510~202610","신규","-","","","아파트"
"15879","충청남도 아산시 권곡동","627","0627","0000","아산한신더휴","월세","84.9700","202510","12","2,000","90","13","2025","문화로 257-45","-","-","-","","","아파트"
"15880","충청남도 서산시 석림동","463-1","0463","0001","석림주공2단지","전세","58.1400","202510","12","9,200","0","14","1995","석림4로 83","202511~202711","갱신","-","9,200","5","아파트"
"15881","충청남도 당진시 읍내동","1486","1486","0000","당진2차푸르지오","전세","84.9530","202510","12","23,000","0","7","2016","북문로 16","202512~202712","신규","-","","","아파트"
"15882","충청남도 천안시 동남구 신방동","920","0920","0000","초원그린타운","월세","39.2700","202510","12","500","40","13","1998","신촌4로 16","202510~202710","신규","-","","","아파트"
"15883","충청남도 천안시 서북구 두정동","2082","2082","0000","힐스테이트두정역","전세","84.9450","202510","12","30,000","0","3","2025","북일로 50","202512~202809","신규","-","","","아파트"
"15884","충청남도 천안시 서북구 차암동","448","0448","0000","천안한화꿈에그린스마일시티","월세","74.5602","202510","12","2,000","85","4","2014","스마일시티1로 1","202510~202710","신규","-","","","아파트"
"15885","충청남도 천안시 서북구 성성동","827","0827","0000","천안시티자이","전세","59.9934","202510","12","26,000","0","20","2018","성성6로 21","202511~202711","갱신","-","23,000","0","아파트"
"15886","충청남도 천안시 서북구 두정동","527","0527","0000","주공그린(8단지)","월세","49.9600","202510","12","700","65","8","1996","봉정로 381","202512~202712","신규","-","","","아파트"
"15887","충청남도 천안시 동남구 목천읍 삼성리","9-12","0009","0012","원앙마을부영1차","월세","59.7600","202510","12","500","55","3","1999","삼성5길 42","202510~202710","신규","-","","","아파트"
"15888","충청남도 논산시 연무읍 안심리","1065-34","1065","0034","논산월야임대","월세","41.0640","202510","12","3,000","15","6","1998","안심로 250","202510~202710","신규","-","","","아파트"
"15889","충청남도 홍성군 홍북읍 신경리","1370","1370","0000","한울마을모아엘가아파트","전세","84.9867","202510","12","15,000","0","18","2016","홍학로 88","202510~202710","갱신","-","20,000","0","아파트"
"15890","충청남도 예산군 덕산면 시량리","468-1","0468","0001","아람파크빌","전세","84.9600","202510","12","7,000","0","5","2000","덕산온천로 21-11","202510~202710","신규","-","","","아파트"
"15891","충청남도 계룡시 두마면 농소리","973","0973","0000","푸르지오더퍼스트","전세","59.6604","202510","12","17,850","0","10","2022","농소로 63","202510~202710","갱신","사용","17,000","0","아파트"
"15892","충청남도 금산군 금산읍 양지리","468","0468","0000","e편한세상금산프라임포레","월세","74.6240","202510","12","2,000","63","9","2022","진악로 869","202510~202710","신규","-","","","아파트"
"15893","충청남도 예산군 삽교읍 목리","894","0894","0000","원목마을이지더원2차아파트","전세","67.7776","202510","12","15,000","0","7","2022","수암천로 23","202511~202803","신규","-","","","아파트"
"15894","충청남도 계룡시 두마면 농소리","970","0970","0000","계룡자이","월세","84.9960","202510","12","3,000","110","3","2023","대실남북로 81","202510~202710","신규","-","","","아파트"
"15895","충청남도 서산시 음암면 도당리","1550-103","1550","0103","서림","전세","78.4300","202510","12","6,000","0","6","2011","도당가금말길 44-7","202511~202711","신규","-","","","아파트"
"15896","충청남도 천안시 동남구 청당동","466","0466","0000","청수 포레나(FORENA)","월세","86.7592","202510","12","5,000","110","11","2015","청수14로 13","202510~202610","갱신","사용","5,000","110","아파트"
"15897","충청남도 아산시 탕정면 매곡리","1386","1386","0000","신영한들물빛도시지웰시티센트럴푸르지오2단지","전세","101.9208","202510","12","55,000","0","6","2022","한들물빛도시로 70","202510~202710","갱신","사용","53,000","0","아파트"
"15898","충청남도 천안시 동남구 원성동","559-15","0559","0015","극동","월세","30.2300","202510","12","1,000","40","13","1997","충절로 190","202510~202710","신규","-","","","아파트"
"15899","충청남도 당진시 순성면 봉소리","50-10","0050","0010","순성중명","전세","59.3400","202510","12","3,500","0","3","1994","순성로 453-30","202510~202710","신규","-","","","아파트"
"15900","충청남도 아산시 배방읍 장재리","1537","1537","0000","연화마을STXKAN6단지","전세","107.6289","202510","12","36,750","0","9","2011","연화로 11","202511~202711","신규","-","","","아파트"
"15901","충청남도 천안시 동남구 청당동","1005","1005","0000","행정타운센트럴두산위브","전세","84.9825","202510","12","28,900","0","3","2023","청당5로 20","202511~202711","신규","-","","","아파트"
"15902","충청남도 아산시 배방읍 세교리","1562","1562","0000","아산금강펜테리움센트럴파크","월세","74.9804","202510","12","3,000","110","9","2025","동방로 136","202510~202710","신규","-","","","아파트"
"15903","충청남도 아산시 배방읍 공수리","1730","1730","0000","아산배방우방아이유쉘2차","월세","61.7433","202510","12","1,000","90","14","2021","배방로 58-44","202510~202710","신규","-","","","아파트"
"15904","충청남도 아산시 배방읍 공수리","1725","1725","0000","배방6차한성필하우스","월세","79.9442","202510","12","3,000","75","16","2020","배방로 127","202510~202710","신규","-","","","아파트"
"15905","충청남도 당진시 송악읍 기지시리","512","0512","0000","당진푸르지오센트럴파크","월세","84.9971","202510","11","2,000","80","8","2024","틀모시로 768-38","202511~202711","신규","-","","","아파트"
"15906","충청남도 아산시 둔포면 석곡리","1822","1822","0000","아산테크노밸리이지더원9단지","전세","84.9673","202510","11","19,950","0","6","2023","아산밸리남로 37","202511~202711","갱신","사용","19,000","0","아파트"
"15907","충청남도 아산시 배방읍 공수리","282","0282","0000","배방삼정그린코아","월세","38.4900","202510","11","500","50","8","2012","모산로126번길 17-7","202510~202710","신규","-","","","아파트"
"15908","충청남도 아산시 신창면 행목리","498","0498","0000","아산신창양우내안애","월세","35.1000","202510","11","300","42","12","2014","행목로 202","202510~202610","신규","-","","","아파트"
"15909","충청남도 공주시 의당면 청룡리","640-1","0640","0001","청룡신한1차","월세","32.9600","202510","11","300","45","8","1998","연수원길 115-21","202510~202610","신규","-","","","아파트"
"15910","충청남도 아산시 배방읍 공수리","282-5","0282","0005","아산한도","전세","39.9000","202510","11","6,000","0","15","1997","모산로126번길 17-26","202511~202711","신규","-","","","아파트"
"15911","충청남도 아산시 신창면 행목리","498","0498","0000","아산신창양우내안애","월세","59.4900","202510","11","500","65","13","2014","행목로 202","202510~202710","신규","-","","","아파트"
"15912","충청남도 아산시 탕정면 용두리","720","0720","0000","더퍼스트休","월세","15.8400","202510","11","0","45","5","2021","용머리길 109","202510~202601","신규","-","","","아파트"
"15913","충청남도 천안시 동남구 구성동","259","0259","0000","신성천안미소지움","월세","59.8460","202510","11","1,000","65","10","2006","천안대로 483-8","202510~202710","신규","-","","","아파트"
"15914","충청남도 아산시 음봉면 산동리","1068","1068","0000","해링턴플레이스스마트밸리","전세","71.3487","202510","11","24,000","0","3","2023","산동희망로 17","202510~202710","신규","-","","","아파트"
"15915","충청남도 아산시 배방읍 세교리","1562","1562","0000","아산금강펜테리움센트럴파크","전세","99.4985","202510","11","38,000","0","20","2025","동방로 136","202512~202712","신규","-","","","아파트"
"15916","충청남도 당진시 송산면 유곡리","861","0861","0000","당진엠코타운","월세","84.9464","202510","11","1,000","70","11","2013","유곡로 20","202510~202710","신규","-","","","아파트"
"15917","충청남도 아산시 탕정면 명암리","809","0809","0000","탕정삼성트라팰리스(1단지~3단지)","월세","108.8600","202510","11","5,000","160","9","2009","탕정면로 37","202512~202712","신규","-","","","아파트"
"15918","충청남도 아산시 음봉면 덕지리","21-3","0021","0003","초원그린타운","월세","39.2700","202510","11","300","35","2","1997","음봉로681번길 24","202510~202610","신규","-","","","아파트"
"15919","충청남도 아산시 배방읍 공수리","632","0632","0000","중앙하이츠오르젠1단지","월세","84.9740","202510","11","3,000","85","12","2006","배방로 58-10","202512~202703","신규","-","","","아파트"
"15920","충청남도 아산시 신창면 행목리","498","0498","0000","아산신창양우내안애","전세","49.5000","202510","11","7,500","0","5","2014","행목로 202","202512~202712","신규","-","","","아파트"
"15921","충청남도 아산시 배방읍 공수리","282","0282","0000","배방삼정그린코아","월세","38.4900","202510","11","500","43","8","2012","모산로126번길 17-7","202511~202711","신규","-","","","아파트"
"15922","충청남도 아산시 배방읍 공수리","282-5","0282","0005","아산한도","월세","59.4000","202510","11","1,000","60","19","1997","모산로126번길 17-26","202510~202710","신규","-","","","아파트"
"15923","충청남도 천안시 서북구 성정동","1319","1319","0000","에프엠25","월세","33.4949","202510","11","200","61","5","2016","성정두정로 43","202510~202610","신규","-","","","아파트"
"15924","충청남도 천안시 서북구 성정동","1347","1347","0000","평화로운나날","월세","19.4575","202510","11","1,000","28","3","2013","성정공원6길 36","202510~202610","신규","-","","","아파트"
"15925","충청남도 천안시 서북구 성정동","1319","1319","0000","에프엠25","월세","33.4949","202510","11","300","60","7","2016","성정두정로 43","202510~202610","신규","-","","","아파트"
"15926","충청남도 천안시 서북구 두정동","1466","1466","0000","두정역펜타폴리스","월세","20.5300","202510","11","1,000","35","11","2013","성정두정로 82","202510~202610","신규","-","","","아파트"
"15927","충청남도 천안시 서북구 성환읍 매주리","183","0183","0000","성환부영","월세","49.9200","202510","11","500","48","10","1998","천안대로 1843","202511~202611","신규","-","","","아파트"
"15928","충청남도 천안시 서북구 두정동","526-1","0526","0001","극동늘푸른","전세","59.9100","202510","11","14,600","0","7","1996","늘푸른6길 41","202601~202801","신규","-","","","아파트"
"15929","충청남도 천안시 서북구 두정동","393-21","0393","0021","유보라천안두정역","월세","84.9608","202510","11","3,000","115","12","2025","천안대로 1050","202511~202711","신규","-","","","아파트"
"15930","충청남도 천안시 동남구 풍세면 보성리","772","0772","0000","천안한양수자인에코시티","전세","84.9647","202510","11","11,550","0","4","2023","풍세산단로 290","202601~202801","갱신","사용","11,000","0","아파트"
"15931","충청남도 천안시 서북구 백석동","930","0930","0000","브라운스톤","전세","84.9920","202510","11","20,000","0","7","2006","번영로 306-15","202511~202711","신규","-","","","아파트"
"15932","충청남도 천안시 서북구 두정동","2037","2037","0000","두정역푸르지오","전세","84.9826","202510","11","26,000","0","17","2009","두정역길 48","202512~202712","신규","-","","","아파트"
"15933","충청남도 천안시 서북구 불당동","757","0757","0000","불당아이파크","월세","84.9500","202510","11","2,000","120","11","2004","불당17길 14","202511~202711","신규","-","","","아파트"
"15934","충청남도 천안시 서북구 직산읍 삼은리","592","0592","0000","더샵천안레이크마크","월세","65.5700","202510","11","2,000","85","12","2024","직산로 18-33","202510~202710","신규","-","","","아파트"
"15935","충청남도 천안시 서북구 성환읍 율금리","507-4","0507","0004","대영한아름","월세","59.3200","202510","11","500","35","1","1998","율금1길 309","202510~202610","신규","-","","","아파트"
"15936","충청남도 천안시 서북구 두정동","2082","2082","0000","힐스테이트두정역","전세","84.9267","202510","11","30,000","0","4","2025","북일로 50","202510~202710","신규","-","","","아파트"
"15937","충청남도 천안시 동남구 목천읍 응원리","66-14","0066","0014","세광엔리치빌1차","전세","84.1819","202510","11","10,000","0","2","2001","충절로 687","202511~202711","신규","-","","","아파트"
"15938","충청남도 천안시 서북구 백석동","930","0930","0000","브라운스톤","월세","84.9920","202510","11","2,000","90","13","2006","번영로 306-15","202511~202710","신규","-","","","아파트"
"15939","충청남도 천안시 서북구 백석동","930","0930","0000","브라운스톤","전세","84.9920","202510","11","20,000","0","7","2006","번영로 306-15","202511~202711","신규","-","","","아파트"
"15940","충청남도 천안시 서북구 백석동","919","0919","0000","백석벽산블루밍1차","월세","119.8590","202510","11","1,000","95","10","2006","번영로 278-12","202510~202801","신규","-","","","아파트"
"15941","충청남도 천안시 서북구 쌍용동","1561","1561","0000","월봉청솔2차","월세","48.4500","202510","11","500","47","13","2000","월봉7길 77","202510~202710","신규","-","","","아파트"
"15942","충청남도 천안시 서북구 쌍용동","1561","1561","0000","월봉청솔2차","월세","48.4500","202510","11","500","47","13","2000","월봉7길 77","202510~202710","신규","-","","","아파트"
"15943","충청남도 천안시 서북구 성환읍 매주리","183","0183","0000","성환부영","월세","59.7600","202510","11","1,000","40","8","1998","천안대로 1843","202510~202610","신규","-","","","아파트"
"15944","충청남도 천안시 서북구 불당동","750","0750","0000","동일하이빌","전세","84.9900","202510","11","31,000","0","8","2004","시청로 73","202512~202712","신규","-","","","아파트"
"15945","충청남도 천안시 서북구 성정동","1290","1290","0000","성정비바루체","월세","42.5565","202510","11","500","80","9","2024","성정공원6길 6","202510~202610","신규","-","","","아파트"
"15946","충청남도 천안시 서북구 성정동","1435","1435","0000","프라지움11차아파트","월세","37.5191","202510","11","2,000","55","8","2019","동서대로 165","202510~202610","신규","-","","","아파트"
"15947","충청남도 천안시 동남구 신방동","895","0895","0000","두레현대1","전세","59.9950","202510","11","12,800","0","16","1997","일봉로 34","202511~202711","신규","-","","","아파트"
"15948","충청남도 천안시 동남구 신방동","895","0895","0000","두레현대1","전세","71.6820","202510","11","14,500","0","14","1997","일봉로 34","202511~202711","신규","-","","","아파트"
"15949","충청남도 천안시 동남구 신방동","920","0920","0000","초원그린타운","월세","39.2700","202510","11","500","45","11","1998","신촌4로 16","202510~202710","신규","-","","","아파트"
"15950","충청남도 보령시 명천동","389","0389","0000","명천주공5","월세","59.8000","202510","11","500","58","1","1998","주공로 65","202511~202611","신규","-","","","아파트"
"15951","충청남도 보령시 대천동","137-70","0137","0070","아남","전세","59.7300","202510","11","5,000","0","10","2000","봉산1길 88","202511~202711","신규","-","","","아파트"
"15952","충청남도 아산시 좌부동","84-3","0084","0003","초원설화타운1","월세","39.7800","202510","11","300","25","11","1994","고불로 667","202510~202610","신규","-","","","아파트"
"15953","충청남도 아산시 배미동","174-3","0174","0003","서진","월세","39.6000","202510","11","300","40","4","2000","서부북로 973","202510~202710","신규","-","","","아파트"
"15954","충청남도 당진시 읍내동","283","0283","0000","벽산","월세","59.7900","202510","11","500","50","13","1996","계성2길 51","202510~202710","신규","-","","","아파트"
"15955","충청남도 아산시 권곡동","627","0627","0000","아산한신더휴","전세","84.9000","202510","11","20,000","0","18","2025","문화로 257-45","202510~202710","신규","-","","","아파트"
"15956","충청남도 아산시 권곡동","627","0627","0000","아산한신더휴","월세","84.9700","202510","11","2,000","100","14","2025","문화로 257-45","202511~202711","신규","-","","","아파트"
"15957","충청남도 천안시 동남구 안서동","365-3","0365","0003","안서금호어울림","전세","84.9690","202510","11","21,000","0","18","2009","문암1길 68","202511~202811","신규","-","","","아파트"
"15958","충청남도 아산시 장존동","305","0305","0000","청솔","월세","39.9940","202510","11","300","45","1","2004","외암로 1247","202511~202602","신규","-","","","아파트"
"15959","충청남도 서산시 석림동","964","0964","0000","서산석림엘크루에듀포레","전세","67.5854","202510","11","24,300","0","17","2022","동서1로 25","202510~202710","신규","-","","","아파트"
"15960","충청남도 천안시 동남구 신부동","451-8","0451","0008","스카이타워","월세","21.7700","202510","11","500","50","11","2014","먹거리11길 5","202510~202610","신규","-","","","아파트"
"15961","충청남도 천안시 동남구 신부동","541","0541","0000","동아태조","월세","59.9700","202510","11","1,000","65","4","1995","터미널9길 13","202511~202710","신규","-","","","아파트"
"15962","충청남도 천안시 동남구 신부동","494-9","0494","0009","새한6","월세","77.1000","202510","11","1,000","50","3","1989","신원2길 88-1","202512~202712","신규","-","","","아파트"
"15963","충청남도 천안시 동남구 신부동","545","0545","0000","대림한들","전세","98.4400","202510","11","18,000","0","13","1995","터미널9길 59","202511~202711","신규","-","","","아파트"
"15964","충청남도 천안시 동남구 신부동","978","0978","0000","힐스테이트천안신부","전세","59.3721","202510","11","22,500","0","5","2017","북일로 70","202510~202710","신규","-","","","아파트"
"15965","충청남도 천안시 동남구 신부동","1004","1004","0000","더샵신부센트라","월세","101.8723","202510","11","5,000","130","15","2025","북일로 85","202601~202801","신규","-","","","아파트"
"15966","충청남도 천안시 동남구 신부동","451-8","0451","0008","스카이타워","월세","21.0800","202510","11","500","50","14","2014","먹거리11길 5","202510~202610","신규","-","","","아파트"
"15967","충청남도 공주시 옥룡동","103","0103","0000","주공2","전세","41.8500","202510","11","5,500","0","11","1994","우금티로 709-11","202511~202711","신규","-","","","아파트"
"15968","충청남도 아산시 모종동","736","0736","0000","힐스테이트모종네오루체","전세","99.9805","202510","11","34,500","0","11","2023","못마루로 139","202510~202710","갱신","사용","33,000","0","아파트"
"15969","충청남도 천안시 동남구 신방동","1911","1911","0000","신방푸르지오","월세","84.9625","202510","11","2,000","70","1","2009","통정9로 51","202512~202712","신규","-","","","아파트"
"15970","충청남도 천안시 동남구 신방동","874","0874","0000","성지새말2","월세","59.9700","202510","11","1,000","50","13","1997","일봉로 20","202511~202711","신규","-","","","아파트"
"15971","충청남도 태안군 태안읍 삭선리","765-2","0765","0002","삼호(765-2)","월세","47.3600","202510","11","500","35","6","1998","백교길 53-4","202510~202710","신규","-","","","아파트"
"15972","충청남도 서산시 성연면 왕정리","712","0712","0000","힐스테이트서산아파트","월세","84.9408","202510","11","300","35","7","2017","성연3로 76","202510~202610","신규","-","","","아파트"
"15973","충청남도 천안시 동남구 문화동","63-9","0063","0009","거송그랑데리움","월세","23.1302","202510","11","300","45","16","2016","버들로 21","202510~202610","신규","-","","","아파트"
"15974","충청남도 아산시 신창면 남성리","205-1","0205","0001","신일","월세","59.7560","202510","11","500","50","11","1997","서부북로 844","202510~202710","신규","-","","","아파트"
"15975","충청남도 서산시 성연면 일람리","1089","1089","0000","서산테크노밸리고운라피네","전세","84.6603","202510","11","14,000","0","16","2018","성연3로 57-30","202511~202711","신규","-","","","아파트"
"15976","충청남도 천안시 동남구 문화동","179","0179","0000","힐스테이트천안","전세","59.9201","202510","11","24,000","0","25","2021","옛시청길 29","202511~202711","갱신","사용","23,000","0","아파트"
"15977","충청남도 서산시 성연면 일람리","1123","1123","0000","서산골드클래스","월세","65.9761","202510","10","12,017","9","10","2018","성연5로 46","202510~202608","신규","-","","","아파트"
"15978","충청남도 계룡시 두마면 농소리","973","0973","0000","푸르지오더퍼스트","월세","84.2059","202510","10","4,000","110","11","2022","농소로 63","202510~202710","신규","-","","","아파트"
"15979","충청남도 아산시 신창면 남성리","190-1","0190","0001","아산코아루","전세","59.9611","202510","10","10,000","0","3","2006","남성길 123","202511~202711","갱신","사용","10,000","0","아파트"
"15980","충청남도 서산시 성연면 일람리","1123","1123","0000","서산골드클래스","월세","65.9761","202510","10","12,017","9","10","2018","성연5로 46","202511~202608","신규","-","","","아파트"
"15981","충청남도 홍성군 홍북읍 신경리","945","0945","0000","자경마을중흥에스클래스","전세","59.9921","202510","10","11,990","0","10","2016","자경로 17","202510~202710","신규","-","","","아파트"
"15982","충청남도 서산시 성연면 일람리","1134","1134","0000","서산테크노밸리예다음아파트","전세","66.9260","202510","10","16,900","0","15","2023","성연4로 10","202510~203312","신규","-","","","아파트"
"15983","충청남도 금산군 금산읍 상리","274","0274","0000","주공1차","전세","39.6300","202510","10","5,700","0","11","2000","비호산로 5","202510~202710","신규","-","","","아파트"
"15984","충청남도 계룡시 엄사면 엄사리","226-4","0226","0004","삼진","월세","29.1300","202510","10","200","32","5","1997","번영3길 73-12","202510~202710","신규","-","","","아파트"
"15985","충청남도 서산시 성연면 일람리","1089","1089","0000","서산테크노밸리고운라피네","전세","84.6603","202510","10","18,000","0","9","2018","성연3로 57-30","202511~202711","신규","-","","","아파트"
"15986","충청남도 서산시 성연면 일람리","1081","1081","0000","서산테크노밸리우미린","월세","59.9050","202510","10","13,000","16","13","2022","성연3로 77","202512~202712","신규","-","","","아파트"
"15987","충청남도 서산시 성연면 일람리","1081","1081","0000","서산테크노밸리우미린","월세","59.9050","202510","10","3,000","58","6","2022","성연3로 77","202511~202711","갱신","-","3,000","57","아파트"
"15988","충청남도 서산시 성연면 일람리","1081","1081","0000","서산테크노밸리우미린","월세","59.9050","202510","10","13,000","16","4","2022","성연3로 77","202511~202711","갱신","-","13,000","15","아파트"
"15989","충청남도 천안시 서북구 성정동","1530","1530","0000","(1530-0)","월세","19.9475","202510","10","300","45","4","2022","성정공원1길 9-3","202510~202610","신규","-","","","아파트"
"15990","충청남도 천안시 동남구 병천면 가전리","68-3","0068","0003","신한","월세","38.6400","202510","10","1,078","7","2","1997","충절로 1638","202511~202710","갱신","사용","1,046","7","아파트"
"15991","충청남도 천안시 서북구 쌍용동","1367","1367","0000","월봉청솔1단지","전세","50.1600","202510","10","10,500","0","12","2000","월봉4로 140-9","202510~202710","신규","-","","","아파트"
"15992","충청남도 천안시 서북구 불당동","1463","1463","0000","천안불당엘에이치1단지","월세","46.2300","202510","10","3,044","29","14","2019","불당24로 9","202511~202710","갱신","-","2,955","29","아파트"
"15993","충청남도 천안시 서북구 두정동","399-1","0399","0001","두정역범양레우스알파","월세","74.9633","202510","10","10,400","21","16","2020","두정공원2길 26","202512~202712","신규","-","","","아파트"
"15994","충청남도 천안시 서북구 쌍용동","1561","1561","0000","월봉청솔2차","월세","48.4500","202510","10","300","60","8","2000","월봉7길 77","202512~202712","갱신","-","500","60","아파트"
"15995","충청남도 천안시 서북구 직산읍 모시리","206-13","0206","0013","우성8차","월세","49.7100","202510","10","500","42","8","1995","자은가리1길 68","202510~202710","신규","-","","","아파트"
"15996","충청남도 천안시 서북구 불당동","1515","1515","0000","엘에이치천년나무7단지","전세","59.6900","202510","10","27,000","0","11","2015","불당26로 99","202510~202710","신규","-","","","아파트"
"15997","충청남도 천안시 서북구 쌍용동","1363-1","1363","0001","해누리선경","월세","59.7960","202510","10","10,500","15","5","1996","충무로 158-10","-","-","-","","","아파트"
"15998","충청남도 천안시 서북구 쌍용동","1914","1914","0000","주공9","전세","49.7700","202510","10","10,000","0","9","1998","봉서산샛길 65","202511~202711","갱신","-","10,000","0","아파트"
"15999","충청남도 천안시 서북구 쌍용동","652","0652","0000","일성3차(능수)","전세","59.6800","202510","10","15,700","0","12","1994","쌍용17길 25","202510~202710","갱신","사용","15,700","0","아파트"
"16000","충청남도 천안시 서북구 두정동","2078","2078","0000","두정역효성해링턴플레이스","전세","59.8600","202510","10","26,000","0","5","2020","봉정로 324","202511~202711","갱신","-","25,000","0","아파트"
"16001","충청남도 천안시 서북구 두정동","1479","1479","0000","두정하이빌1","월세","38.4000","202510","10","2,000","45","2","2014","두정상가8길 51","202510~202610","신규","-","","","아파트"
"16002","충청남도 천안시 서북구 두정동","1418","1418","0000","해피드림4차","월세","42.7300","202510","10","2,000","50","9","2017","두정상가5길 2","202510~202610","신규","-","","","아파트"
"16003","충청남도 천안시 서북구 불당동","1426","1426","0000","불당풍림아이원아파트","전세","42.8428","202510","10","15,500","0","4","2016","불당14로 11","202511~202711","신규","-","","","아파트"
"16004","충청남도 천안시 서북구 백석동","191-3","0191","0003","현대","전세","84.6700","202510","10","12,000","0","6","1992","백석로 136","-","-","-","","","아파트"
"16005","충청남도 천안시 서북구 백석동","191-3","0191","0003","현대","전세","84.6700","202510","10","12,000","0","6","1992","백석로 136","202511~202711","신규","-","","","아파트"
"16006","충청남도 천안시 서북구 쌍용동","388-2","0388","0002","현대3","전세","84.4500","202510","10","17,100","0","7","1994","충무로 208","202510~202710","갱신","사용","18,000","0","아파트"
"16007","충청남도 천안시 서북구 성정동","1347","1347","0000","평화로운나날","월세","19.2875","202510","10","200","40","10","2013","성정공원6길 36","202510~202610","신규","-","","","아파트"
"16008","충청남도 천안시 서북구 성정동","789","0789","0000","주공6-3","월세","46.9900","202510","10","1,000","43","2","1991","쌍용대로 289-11","202510~202710","신규","-","","","아파트"
"16009","충청남도 천안시 서북구 성정동","1317","1317","0000","프라지움5차","전세","49.8700","202510","10","10,500","0","6","2015","오성로 120","202511~202711","신규","-","","","아파트"
"16010","충청남도 천안시 서북구 불당동","687","0687","0000","불당오딧세이","월세","25.3611","202510","10","500","60","9","2019","불당4로 111","202510~202610","신규","-","","","아파트"
"16011","충청남도 천안시 서북구 불당동","687","0687","0000","불당오딧세이","전세","25.3611","202510","10","9,000","0","15","2019","불당4로 111","202601~202801","신규","-","","","아파트"
"16012","충청남도 천안시 동남구 풍세면 보성리","772","0772","0000","천안한양수자인에코시티","월세","84.9610","202510","10","300","40","25","2023","풍세산단로 290","202512~202712","신규","-","","","아파트"
"16013","충청남도 천안시 동남구 풍세면 보성리","772","0772","0000","천안한양수자인에코시티","월세","84.9647","202510","10","2,000","60","3","2023","풍세산단로 290","202510~202710","신규","-","","","아파트"
"16014","충청남도 천안시 서북구 두정동","1320","1320","0000","프라지움2","월세","20.1420","202510","10","300","46","10","2013","두정로 216","202510~202601","신규","-","","","아파트"
"16015","충청남도 천안시 서북구 쌍용동","1363-1","1363","0001","해누리선경","월세","59.7960","202510","10","10,500","15","5","1996","충무로 158-10","202510~202710","신규","-","","","아파트"
"16016","충청남도 아산시 탕정면 용두리","722","0722","0000","월드메르디앙웰리지(A동)","월세","22.8247","202510","10","200","60","5","2023","용머리길 41","202510~202610","신규","-","","","아파트"
"16017","충청남도 아산시 탕정면 매곡리","1379","1379","0000","아산탕정엘에이치5단지","월세","36.5200","202510","10","4,967","8","4","2020","한들물빛1로 7","202512~202711","갱신","-","3,172","17","아파트"
"16018","충청남도 천안시 동남구 청당동","1005","1005","0000","행정타운센트럴두산위브","월세","84.8730","202510","10","3,000","110","22","2023","청당5로 20","202512~202712","신규","-","","","아파트"
"16019","충청남도 아산시 둔포면 석곡리","1790","1790","0000","아산테크노밸리이지더원5단지","월세","72.2295","202510","10","1,000","90","6","2017","아산밸리북로 48","202511~202711","신규","-","","","아파트"
"16020","충청남도 당진시 송악읍 기지시리","512","0512","0000","당진푸르지오센트럴파크","월세","84.9971","202510","10","2,000","100","9","2024","틀모시로 768-38","202511~202711","신규","-","","","아파트"
"16021","충청남도 아산시 배방읍 공수리","282","0282","0000","배방삼정그린코아","월세","38.4900","202510","10","500","45","13","2012","모산로126번길 17-7","202510~202610","신규","-","","","아파트"
"16022","충청남도 천안시 동남구 청당동","980","0980","0000","행정타운두산위브더파크","전세","84.9710","202510","10","20,000","0","23","2018","청당3길 147","202511~202711","신규","-","","","아파트"
"16023","충청남도 천안시 동남구 청당동","980","0980","0000","행정타운두산위브더파크","전세","84.9710","202510","10","20,000","0","23","2018","청당3길 147","202512~202712","신규","-","","","아파트"
"16024","충청남도 아산시 배방읍 공수리","1712","1712","0000","배방2차푸르지오","전세","84.9286","202510","10","25,000","0","7","2015","배방로 58-38","202510~202702","갱신","-","23,100","0","아파트"
"16025","충청남도 아산시 배방읍 장재리","1537","1537","0000","연화마을STXKAN6단지","전세","107.6289","202510","10","33,000","0","15","2011","연화로 11","202511~202711","신규","-","","","아파트"
"16026","충청남도 당진시 송산면 유곡리","219-10","0219","0010","송산중명","월세","59.3400","202510","10","2,000","35","4","1997","송산로 809","202510~202710","신규","-","","","아파트"
"16027","충청남도 아산시 배방읍 장재리","1541","1541","0000","연화마을휴먼시아7단지","월세","51.5100","202510","10","4,231","14","6","2008","연화로 16","202512~202711","갱신","-","4,134","13","아파트"
"16028","충청남도 당진시 송산면 유곡리","1467","1467","0000","당진송산청광아파트","전세","49.9580","202510","10","6,000","0","6","2016","송산로 864-10","202510~202710","신규","-","","","아파트"
"16029","충청남도 당진시 송산면 유곡리","1312","1312","0000","당진해링턴플레이스에듀타운","전세","59.9180","202510","10","11,980","0","12","2022","서정2길 37","202510~202710","신규","-","","","아파트"
"16030","충청남도 아산시 탕정면 갈산리","883","0883","0000","호반써밋그랜드마크Ⅰ(1차)","월세","84.6249","202510","10","3,000","130","15","2023","갈산샛들로 57","202510~202710","신규","-","","","아파트"
"16031","충청남도 아산시 탕정면 동산리","421","0421","0000","한라아파트","월세","49.9700","202510","10","500","55","14","1997","탕정면로 379-20","202510~202610","신규","-","","","아파트"
"16032","충청남도 당진시 신평면 거산리","875","0875","0000","당진신평코아루","전세","122.2040","202510","10","15,000","0","3","2009","거산3거리길 74-11","202511~202711","신규","-","","","아파트"
"16033","충청남도 아산시 염치읍 송곡리","46-1","0046","0001","신일","월세","59.3100","202510","10","1,500","40","14","2001","송곡길68번길 3","202510~202710","신규","-","","","아파트"
"16034","충청남도 아산시 탕정면 명암리","809","0809","0000","탕정삼성트라팰리스(1단지~3단지)","전세","125.2500","202510","10","36,750","0","6","2009","탕정면로 37","202511~202711","갱신","사용","35,000","0","아파트"
"16035","충청남도 당진시 우강면 창리","396","0396","0000","합덕우강유탑유블레스","월세","76.3500","202510","10","2,500","56","19","2021","합우로 323-9","202512~202712","갱신","사용","2,500","53","아파트"
"16036","충청남도 아산시 음봉면 덕지리","21-3","0021","0003","초원그린타운","월세","39.2700","202510","10","300","38","4","1997","음봉로681번길 24","202510~202610","신규","-","","","아파트"
"16037","충청남도 아산시 탕정면 용두리","722","0722","0000","월드메르디앙웰리지(A동)","월세","35.8533","202510","10","300","80","13","2023","용머리길 41","202510~202610","신규","-","","","아파트"
"16038","충청남도 아산시 신창면 행목리","498","0498","0000","아산신창양우내안애","월세","59.4900","202510","10","1,000","60","5","2014","행목로 202","202511~202604","신규","-","","","아파트"
"16039","충청남도 아산시 신창면 행목리","498","0498","0000","아산신창양우내안애","월세","35.1000","202510","10","300","45","13","2014","행목로 202","202510~202710","신규","-","","","아파트"
"16040","충청남도 천안시 동남구 청당동","1001","1001","0000","청당서희스타힐스","월세","74.9788","202510","10","2,000","105","9","2022","청당4로 45","202510~202710","신규","-","","","아파트"
"16041","충청남도 아산시 탕정면 매곡리","1380","1380","0000","한들물빛도시하늘채","월세","55.8500","202510","10","3,000","100","9","2022","한들물빛1로 8","202511~202711","신규","-","","","아파트"
"16042","충청남도 당진시 고대면 성산리","1623","1623","0000","LH천년나무4단지","월세","37.5000","202510","10","3,237","8","14","2022","해명1로 21","202510~202711","갱신","-","1,337","20","아파트"
"16043","충청남도 아산시 신창면 행목리","498","0498","0000","아산신창양우내안애","월세","49.5000","202510","10","500","55","3","2014","행목로 202","202510~202710","신규","-","","","아파트"
"16044","충청남도 아산시 둔포면 석곡리","1790","1790","0000","아산테크노밸리이지더원5단지","월세","72.2295","202510","10","1,000","90","6","2017","아산밸리북로 48","202511~202711","신규","-","","","아파트"
"16045","충청남도 아산시 둔포면 석곡리","1793","1793","0000","아산테크노밸리이지더원6단지","월세","72.3669","202510","10","2,000","100","15","2017","아산밸리북로 68","202510~202710","신규","-","","","아파트"
"16046","충청남도 아산시 탕정면 명암리","809","0809","0000","탕정삼성트라팰리스(1단지~3단지)","전세","84.6800","202510","10","23,100","0","19","2009","탕정면로 37","202510~202710","갱신","사용","22,000","0","아파트"
"16047","충청남도 천안시 동남구 신방동","2191","2191","0000","신방삼부르네상스","월세","59.9977","202510","10","1,000","80","11","2023","풍세로 678-22","202510~202710","신규","-","","","아파트"
"16048","충청남도 서산시 석림동","463-1","0463","0001","석림주공2단지","월세","58.1400","202510","10","1,000","50","13","1995","석림4로 83","202510~202710","갱신","-","500","40","아파트"
"16049","충청남도 논산시 대교동","98-6","0098","0006","알칸스빌","월세","26.9025","202510","10","500","40","2","2016","강변로 352","202510~202610","신규","-","","","아파트"
"16050","충청남도 서산시 석림동","962","0962","0000","서산센트럴코아루아파트","월세","64.9504","202510","10","2,000","70","12","2019","한마음2로 22","202511~202711","신규","-","","","아파트"
"16051","충청남도 당진시 수청동","1844","1844","0000","당진센트레빌르네블루1차","전세","84.9699","202510","10","18,900","0","18","2023","수청중앙로 85","202510~202710","갱신","사용","18,000","0","아파트"
"16052","충청남도 논산시 내동","969","0969","0000","놀뫼타운","월세","54.7800","202510","10","1,000","50","5","1994","체육로 30","202510~202710","신규","-","","","아파트"
"16053","충청남도 보령시 동대동","414-10","0414","0010","동대주공3단지","월세","39.6000","202510","10","300","35","4","1993","주공로 33","202510~202610","신규","-","","","아파트"
"16054","충청남도 보령시 동대동","1967","1967","0000","휴먼시아보령동대4단지","월세","36.9800","202510","10","2,213","6","10","2009","한내로터리길 92","202510~202709","갱신","-","2,113","7","아파트"
"16055","충청남도 당진시 수청동","1844","1844","0000","당진센트레빌르네블루1차","전세","99.9861","202510","10","35,000","0","10","2023","수청중앙로 85","202512~202712","신규","-","","","아파트"
"16056","충청남도 당진시 읍내동","1451","1451","0000","당진1차푸르지오","전세","102.6794","202510","10","23,000","0","7","2011","북문로 15","202511~202711","신규","-","","","아파트"
"16057","충청남도 당진시 읍내동","1687","1687","0000","당진아이파크","월세","59.9800","202510","10","2,000","80","12","2022","당진중앙2로 290","202511~202711","신규","-","","","아파트"
"16058","충청남도 천안시 동남구 신방동","920","0920","0000","초원그린타운","전세","39.2700","202510","10","6,500","0","3","1998","신촌4로 16","202510~202710","신규","-","","","아파트"
"16059","충청남도 아산시 권곡동","205-1","0205","0001","청솔","월세","58.2000","202510","10","1,000","50","14","2002","문화로 257-17","202511~202711","신규","-","","","아파트"
"16060","충청남도 천안시 동남구 신방동","2191","2191","0000","신방삼부르네상스","전세","59.9977","202510","10","18,000","0","11","2023","풍세로 678-22","202511~202711","신규","-","","","아파트"
"16061","충청남도 천안시 동남구 신부동","541","0541","0000","동아태조","월세","59.9700","202510","10","1,000","70","14","1995","터미널9길 13","202511~202711","신규","-","","","아파트"
"16062","충청남도 계룡시 금암동","74","0074","0000","신성미소지움2차","월세","84.8600","202510","10","2,000","85","10","2005","서금암5길 9","202511~202811","신규","-","","","아파트"
"16063","충청남도 계룡시 금암동","163-3","0163","0003","계룡한양아이클래스","월세","34.6800","202510","10","1,000","33","2","2015","서금암로 10","202511~202611","신규","-","","","아파트"
"16064","충청남도 천안시 동남구 신부동","541","0541","0000","동아태조","전세","59.9700","202510","10","13,900","0","4","1995","터미널9길 13","202511~202711","신규","-","","","아파트"
"16065","충청남도 논산시 강산동","643","0643","0000","부영","월세","39.8400","202510","10","500","40","12","1996","시민로307번길 28","202510~202710","신규","-","","","아파트"
"16066","충청남도 아산시 모종동","847","0847","0000","모종금호어울림아이퍼스트","전세","84.9715","202510","10","28,000","0","16","2022","삼동로16번길 52","202512~202712","신규","-","","","아파트"
"16067","충청남도 아산시 모종동","640","0640","0000","모종캐슬어울림2단지","월세","84.9206","202510","10","2,000","100","6","2017","모종로22번길 33","202511~202711","신규","-","","","아파트"
"16068","충청남도 아산시 모종동","576-1","0576","0001","한라동백","전세","84.9300","202510","10","14,000","0","20","1998","삼동로 34","202511~202711","갱신","-","15,000","0","아파트"
"16069","충청남도 아산시 온천동","74-5","0074","0005","모노팰리스","월세","31.7800","202510","10","500","44","10","2014","온천대로 1555","202510~202610","신규","-","","","아파트"
"16070","충청남도 아산시 모종동","734","0734","0000","모종2차삼일파라뷰센트럴","전세","59.5604","202510","10","22,050","0","11","2022","모종북로 22","202511~203010","신규","-","","","아파트"
"16071","충청남도 보령시 동대동","414","0414","0000","동대주공1","월세","39.6900","202510","10","300","38","3","1990","주공로 33","202510~202610","신규","-","","","아파트"
"16072","충청남도 서산시 읍내동","624-5","0624","0005","부영","월세","49.7200","202510","10","500","40","1","1996","부춘1로 19","202510~202610","신규","-","","","아파트"
"16073","충청남도 아산시 풍기동","229-71","0229","0071","주은","전세","59.5200","202510","10","12,000","0","14","2000","어의정로183번길 14","202601~202801","신규","-","","","아파트"
"16074","충청남도 아산시 풍기동","229-71","0229","0071","주은","월세","39.7800","202510","10","500","52","14","2000","어의정로183번길 14","202510~202710","신규","-","","","아파트"
"16075","충청남도 아산시 풍기동","229-71","0229","0071","주은","전세","59.5200","202510","10","12,000","0","14","2000","어의정로183번길 14","202601~202801","신규","-","","","아파트"
"16076","충청남도 아산시 용화동","712","0712","0000","용화주공3","월세","59.9900","202510","10","1,000","50","4","1998","온중로 22","202510~202710","갱신","-","1,000","50","아파트"
"16077","충청남도 보령시 명천동","389","0389","0000","명천주공4","월세","49.9700","202510","10","500","40","2","1997","주공로 65","202511~202611","신규","-","","","아파트"
"16078","충청남도 공주시 신관동","1","0001","0000","새뜸현대3차","월세","59.5000","202510","10","2,000","55","12","1996","신금1길 72","202511~202711","신규","-","","","아파트"
"16079","충청남도 보령시 명천동","1010","1010","0000","명천코아루","월세","84.9265","202510","10","1,000","110","5","2008","주공로 99","202511~202711","신규","-","","","아파트"
"16080","충청남도 보령시 명천동","389","0389","0000","명천주공3","월세","49.9700","202510","10","500","55","13","1996","주공로 65","202510~202710","신규","-","","","아파트"
"16081","충청남도 아산시 권곡동","623","0623","0000","모종1차삼일파라뷰더스위트","전세","59.8738","202510","09","20,475","0","13","2021","문화로 271-30","202512~203001","신규","-","","","아파트"
"16082","충청남도 보령시 동대동","414-10","0414","0010","동대주공3단지","월세","39.6000","202510","09","300","35","5","1993","주공로 33","202510~202610","신규","-","","","아파트"
"16083","충청남도 당진시 채운동","355-3","0355","0003","한성","월세","84.9700","202510","09","1,000","55","8","1992","백암로 219-29","202511~202711","신규","-","","","아파트"
"16084","충청남도 서산시 읍내동","55","0055","0000","서산읍내현대","월세","59.7860","202510","09","2,000","70","9","2001","호수공원6로 19","202510~202710","신규","-","","","아파트"
"16085","충청남도 서산시 석림동","463-1","0463","0001","석림주공2단지","월세","37.6700","202510","09","300","40","15","1995","석림4로 83","202510~202710","신규","-","","","아파트"
"16086","충청남도 아산시 온천동","307-41","0307","0041","올리브힐","월세","38.6000","202510","09","500","50","12","2016","청운로84번길 15","202511~202610","신규","-","","","아파트"
"16087","충청남도 천안시 동남구 신방동","920","0920","0000","초원그린타운","월세","39.2700","202510","09","500","43","1","1998","신촌4로 16","202510~202710","신규","-","","","아파트"
"16088","충청남도 아산시 득산동","392-2","0392","0002","부영","월세","59.7600","202510","09","500","45","1","1998","온천대로 1105-17","202510~202611","신규","-","","","아파트"
"16089","충청남도 아산시 장존동","305","0305","0000","청솔","월세","39.9940","202510","09","300","35","8","2004","외암로 1247","202510~202710","신규","-","","","아파트"
"16090","충청남도 천안시 서북구 두정동","393-21","0393","0021","유보라천안두정역","월세","84.9778","202510","09","3,000","100","14","2025","천안대로 1050","202511~202711","신규","-","","","아파트"
"16091","충청남도 천안시 서북구 두정동","1864","1864","0000","우성","전세","59.6950","202510","09","13,500","0","6","1996","두정고7길 36","202510~202710","갱신","-","12,900","0","아파트"
"16092","충청남도 천안시 서북구 성정동","789","0789","0000","주공6-3","월세","46.9900","202510","09","500","45","5","1991","쌍용대로 289-11","202510~202710","신규","-","","","아파트"
"16093","충청남도 천안시 서북구 두정동","526-1","0526","0001","극동늘푸른","월세","59.9100","202510","09","1,000","75","8","1996","늘푸른6길 42","202510~202610","신규","-","","","아파트"
"16094","충청남도 천안시 서북구 쌍용동","1289","1289","0000","주공7단지3차","월세","59.8500","202510","09","1,000","55","10","1995","쌍용11길 58","202511~202711","신규","-","","","아파트"
"16095","충청남도 천안시 서북구 불당동","750","0750","0000","동일하이빌","전세","84.9900","202510","09","29,000","0","17","2004","시청로 73","202511~202711","갱신","사용","28,000","0","아파트"
"16096","충청남도 천안시 서북구 성정동","1562","1562","0000","천안역우방아이유쉘","전세","84.9988","202510","09","25,000","0","6","2018","천안천6길 33","202512~202712","신규","-","","","아파트"
"16097","충청남도 천안시 서북구 와촌동","186","0186","0000","천안역사동아라이크텐","전세","65.4418","202510","09","23,000","0","24","2021","천안천4길 20","202511~202711","신규","-","","","아파트"
"16098","충청남도 아산시 신창면 남성리","852","0852","0000","아산삼부르네상스더힐","월세","59.9482","202510","09","1,000","75","5","2024","천우물로 22","202510~202710","신규","-","","","아파트"
"16099","충청남도 아산시 배방읍 공수리","282","0282","0000","배방삼정그린코아","월세","38.4900","202510","09","1,000","37","5","2012","모산로126번길 17-7","202510~202710","신규","-","","","아파트"
"16100","충청남도 아산시 배방읍 갈매리","508","0508","0000","배방자이","전세","84.9400","202510","09","19,000","0","8","2007","호서로 460","202512~202712","신규","-","","","아파트"
"16101","충청남도 천안시 동남구 봉명동","494","0494","0000","봉명청솔(3차)","월세","56.3400","202510","09","1,000","60","1","2001","봉서8길 13","202511~202711","신규","-","","","아파트"
"16102","충청남도 당진시 송악읍 기지시리","512","0512","0000","당진푸르지오센트럴파크","전세","84.9971","202510","09","24,000","0","18","2024","틀모시로 768-38","202512~202712","신규","-","","","아파트"
"16103","충청남도 아산시 탕정면 용두리","722","0722","0000","월드메르디앙웰리지(A동)","월세","22.8247","202510","09","200","60","13","2023","용머리길 41","202511~202605","신규","-","","","아파트"
"16104","충청남도 아산시 음봉면 산동리","427-1","0427","0001","삼일원앙","월세","59.8500","202510","09","500","60","10","1997","음봉로 847","202510~202610","신규","-","","","아파트"
"16105","충청남도 아산시 음봉면 산동리","1066","1066","0000","아산한라비발디스마트밸리","월세","54.8736","202510","09","2,000","80","4","2023","산동희망로 40","202511~202804","신규","-","","","아파트"
"16106","충청남도 아산시 배방읍 갈매리","508","0508","0000","배방자이","전세","84.9400","202510","09","19,000","0","8","2007","호서로 460","202511~202711","신규","-","","","아파트"
"16107","충청남도 아산시 배방읍 세교리","1605","1605","0000","e편한세상탕정퍼스트드림","월세","84.9775","202510","08","3,000","130","3","2025","동방로 201","202510~202710","신규","-","","","아파트"
"16108","충청남도 천안시 서북구 두정동","530","0530","0000","대우2차","전세","84.4800","202510","08","18,000","0","2","1998","두정중5길 15","202511~202711","신규","-","","","아파트"
"16109","충청남도 천안시 서북구 두정동","1466","1466","0000","두정역펜타폴리스","월세","19.4350","202510","08","2,000","25","4","2013","성정두정로 82","202511~202701","신규","-","","","아파트"
"16110","충청남도 천안시 서북구 직산읍 상덕리","107","0107","0000","직산산호","월세","59.3400","202510","08","500","40","3","1997","양당율금길 4-30","202510~202710","신규","-","","","아파트"
"16111","충청남도 천안시 서북구 성환읍 매주리","183","0183","0000","성환부영","월세","49.9200","202510","08","500","52","10","1998","천안대로 1843","202510~202710","신규","-","","","아파트"
"16112","충청남도 천안시 서북구 성정동","1335","1335","0000","하이스타운3차","월세","22.3200","202510","08","1,500","30","6","2014","성정공원7길 3","202510~202610","신규","-","","","아파트"
"16113","충청남도 천안시 서북구 성정동","1270","1270","0000","프라지움6차","월세","33.5730","202510","08","1,000","60","7","2016","성정공원6길 1-12","202510~202610","신규","-","","","아파트"
"16114","충청남도 천안시 서북구 직산읍 수헐리","16-1","0016","0001","직산부영","월세","59.7600","202510","08","1,000","50","7","1998","천안대로 1718","202511~202711","신규","-","","","아파트"
"16115","충청남도 천안시 서북구 쌍용동","1561","1561","0000","월봉청솔2차","전세","48.4500","202510","08","10,800","0","13","2000","월봉7길 77","202510~202710","갱신","사용","11,200","0","아파트"
"16116","충청남도 아산시 권곡동","627","0627","0000","아산한신더휴","월세","84.9700","202510","08","3,000","80","6","2025","문화로 257-45","202510~202710","신규","-","","","아파트"
"16117","충청남도 천안시 서북구 신당동","705","0705","0000","e편한세상천안부성","월세","72.8643","202510","08","1,000","100","3","2018","천안대로 1287-1","202511~202711","신규","-","","","아파트"
"16118","충청남도 천안시 동남구 신방동","920","0920","0000","초원그린타운","월세","39.2700","202510","08","500","45","5","1998","신촌4로 16","202510~202710","신규","-","","","아파트"
"16119","충청남도 천안시 동남구 신방동","873","0873","0000","성지새말1","전세","70.9200","202510","08","13,500","0","20","1997","일봉로 17","202510~202710","신규","-","","","아파트"
"16120","충청남도 아산시 신창면 남성리","177-2","0177","0002","샘마을","월세","39.2700","202510","08","300","38","6","2001","남성길 85","202510~202710","신규","-","","","아파트"
"16121","충청남도 홍성군 홍성읍 남장리","629","0629","0000","홍성남장이안","월세","72.6072","202510","08","2,000","55","10","2017","문화로72번길 50","202511~202711","신규","-","","","아파트"
"16122","충청남도 예산군 삽교읍 목리","894-1","0894","0001","내포신도시이지더원아파트","월세","72.9179","202510","07","1,000","70","6","2017","수암천로 11","202510~202710","신규","-","","","아파트"
"16123","충청남도 천안시 동남구 풍세면 보성리","772","0772","0000","천안한양수자인에코시티","월세","84.9610","202510","07","300","40","19","2023","풍세산단로 290","202510~202611","신규","-","","","아파트"
"16124","충청남도 천안시 동남구 풍세면 보성리","772","0772","0000","천안한양수자인에코시티","월세","59.9177","202510","07","2,500","55","1","2023","풍세산단로 290","202511~202711","신규","-","","","아파트"
"16125","충청남도 천안시 동남구 풍세면 보성리","772","0772","0000","천안한양수자인에코시티","월세","84.9855","202510","07","1,000","90","23","2023","풍세산단로 290","202511~202711","신규","-","","","아파트"
"16126","충청남도 아산시 신창면 행목리","248-3","0248","0003","아산대주","월세","59.9400","202510","07","1,000","45","10","1994","행목로 152","202510~202710","신규","-","","","아파트"
"16127","충청남도 당진시 수청동","1844","1844","0000","당진센트레빌르네블루1차","월세","84.9699","202510","07","3,000","100","17","2023","수청중앙로 85","202510~202710","신규","-","","","아파트"
"16128","충청남도 천안시 동남구 신방동","920","0920","0000","초원그린타운","월세","39.2700","202510","06","5,000","45","8","1998","신촌4로 16","202510~202710","신규","-","","","아파트"
"16129","충청남도 아산시 탕정면 갈산리","883","0883","0000","호반써밋그랜드마크Ⅰ(1차)","월세","84.9060","202510","06","3,000","105","7","2023","갈산샛들로 57","202510~202705","갱신","사용","3,000","100","아파트"
"16130","충청남도 아산시 배방읍 북수리","1952","1952","0000","더샵센트로","월세","84.7790","202510","06","3,000","120","3","2023","북수로 163","202511~202703","신규","-","","","아파트"
"16131","충청남도 당진시 신평면 거산리","6-3","0006","0003","신세대","월세","59.9400","202510","05","500","40","8","2000","거산3거리길 66","202510~202710","신규","-","","","아파트"
"16132","충청남도 아산시 배방읍 공수리","282","0282","0000","배방삼정그린코아","월세","38.4900","202510","05","500","50","5","2012","모산로126번길 17-7","202510~202610","신규","-","","","아파트"
"16133","충청남도 아산시 인주면 해암리","280-4","0280","0004","미진무지개","전세","49.7400","202510","05","6,500","0","7","2000","현대로 862","202510~202710","신규","-","","","아파트"
"16134","충청남도 아산시 배방읍 공수리","282","0282","0000","배방삼정그린코아","전세","38.4900","202510","05","7,200","0","2","2012","모산로126번길 17-7","202510~202710","갱신","-","8,360","0","아파트"
"16135","충청남도 당진시 송악읍 중흥리","887","0887","0000","당진송악경남아너스빌","월세","59.9120","202510","05","1,000","60","4","2021","중흥1길 50","202511~202611","신규","-","","","아파트"
"16136","충청남도 천안시 서북구 두정동","1373","1373","0000","에프엠22","월세","27.1284","202510","05","300","45","2","2015","두정상가2길 10","202510~202610","신규","-","","","아파트"
"16137","충청남도 천안시 서북구 성정동","1570","1570","0000","천안역경남아너스빌어반하이츠","월세","84.8722","202510","05","1,000","120","3","2025","축구센터로 100","202510~202710","신규","-","","","아파트"
"16138","충청남도 서산시 음암면 부장리","219-2","0219","0002","수림아파트","월세","84.9766","202510","05","1,000","60","6","2007","음암로 499","202511~202711","신규","-","","","아파트"
"16139","충청남도 서산시 성연면 일람리","1077","1077","0000","서산금호어울림에듀퍼스트","전세","74.9853","202510","04","17,500","0","10","2019","성연5로 92-7","202512~202712","갱신","사용","17,000","0","아파트"
"16140","충청남도 홍성군 홍북읍 신경리","1361","1361","0000","내포신도시대방디에트르에듀시티","전세","84.9635","202510","04","26,000","0","12","2025","용봉로 17","202511~202711","신규","-","","","아파트"
"16141","충청남도 금산군 금산읍 중도리","21-21","0021","0021","낙원아파트","전세","49.6526","202510","04","5,500","0","5","1999","약초로 18","202510~202710","신규","-","","","아파트"
"16142","충청남도 예산군 삽교읍 목리","1275","1275","0000","충남내포신도시1차대방엘리움더퍼스티지아파트","월세","76.9852","202510","04","2,000","80","13","2023","충예로 215","202510~202710","신규","-","","","아파트"
"16143","충청남도 아산시 신창면 남성리","177-2","0177","0002","샘마을","월세","39.2700","202510","04","200","35","5","2001","남성길 85","202510~202610","신규","-","","","아파트"
"16144","충청남도 천안시 서북구 백석동","1178","1178","0000","백석2차아이파크","전세","84.8421","202510","04","31,500","0","16","2014","한들3로 35-23","202512~202712","신규","-","","","아파트"
"16145","충청남도 천안시 서북구 불당동","1614","1614","0000","천안 불당 지웰시티푸르지오 2단지","전세","112.2549","202510","04","71,000","0","13","2017","불당26로 50","202512~202712","신규","-","","","아파트"
"16146","충청남도 천안시 동남구 목천읍 신계리","127-2","0127","0002","천안목천협성엠파이어","월세","39.8200","202510","04","300","38","5","2013","충절로 874","202510~202710","신규","-","","","아파트"
"16147","충청남도 천안시 서북구 성환읍 율금리","773","0773","0000","두진그린힐","월세","38.6000","202510","04","300","42","8","2001","율금1길 221-34","202510~202710","신규","-","","","아파트"
"16148","충청남도 천안시 서북구 두정동","393-21","0393","0021","유보라천안두정역","월세","84.9612","202510","04","3,000","90","5","2025","천안대로 1050","202511~202711","신규","-","","","아파트"
"16149","충청남도 천안시 동남구 병천면 가전리","68-3","0068","0003","신한","월세","42.5400","202510","04","300","40","1","1997","충절로 1638","202510~202610","신규","-","","","아파트"
"16150","충청남도 천안시 동남구 풍세면 보성리","772","0772","0000","천안한양수자인에코시티","월세","59.9177","202510","04","1,000","70","13","2023","풍세산단로 290","202512~202712","신규","-","","","아파트"
"16151","충청남도 천안시 서북구 직산읍 수헐리","16-1","0016","0001","직산부영","월세","49.6620","202510","04","500","42","2","1998","천안대로 1718","202511~202711","신규","-","","","아파트"
"16152","충청남도 천안시 서북구 불당동","1614","1614","0000","천안 불당 지웰시티푸르지오 2단지","전세","112.2549","202510","04","70,000","0","13","2017","불당26로 50","202512~202712","신규","-","","","아파트"
"16153","충청남도 천안시 서북구 쌍용동","1914","1914","0000","주공9","전세","49.7700","202510","04","9,000","0","3","1998","봉서산샛길 65","202511~202711","신규","-","","","아파트"
"16154","충청남도 천안시 서북구 쌍용동","1914","1914","0000","주공9","월세","39.6900","202510","04","6,000","10","10","1998","봉서산샛길 65","202511~202711","신규","-","","","아파트"
"16155","충청남도 아산시 배방읍 장재리","1767","1767","0000","요진와이시티","월세","114.1455","202510","04","5,000","195","7","2011","광장로 210","202511~202711","신규","-","","","아파트"
"16156","충청남도 아산시 신창면 행목리","497","0497","0000","아산에스알친오애","월세","84.9721","202510","04","1,000","65","9","2007","행목로 217","202511~202711","신규","-","","","아파트"
"16157","충청남도 천안시 동남구 청당동","1005","1005","0000","행정타운센트럴두산위브","전세","74.6653","202510","04","25,000","0","16","2023","청당5로 20","202511~202711","신규","-","","","아파트"
"16158","충청남도 아산시 음봉면 월랑리","702","0702","0000","아산더샵레이크시티2차","월세","84.9800","202510","04","1,000","95","14","2015","음봉로 515-38","202510~202610","신규","-","","","아파트"
"16159","충청남도 아산시 배방읍 공수리","282","0282","0000","배방삼정그린코아","월세","38.4900","202510","04","300","35","5","2012","모산로126번길 17-7","202510~202710","신규","-","","","아파트"
"16160","충청남도 당진시 신평면 거산리","880","0880","0000","풍림아이원","월세","84.9768","202510","04","1,000","70","11","2011","솔안말길 21","202511~202710","신규","-","","","아파트"
"16161","충청남도 천안시 동남구 신부동","986","0986","0000","신부 디 이스트","월세","59.9300","202510","04","2,000","90","8","2018","신부8길 21","202510~202710","신규","-","","","아파트"
"16162","충청남도 아산시 온천동","1910","1910","0000","힐스테이트","전세","84.9900","202510","04","21,000","0","11","2006","남산로 126","202511~202711","갱신","사용","20,000","0","아파트"
"16163","충청남도 천안시 동남구 신방동","920","0920","0000","초원그린타운","월세","39.2700","202510","04","1,000","32","15","1998","신촌4로 16","202510~202710","신규","-","","","아파트"
"16164","충청남도 천안시 동남구 신방동","920","0920","0000","초원그린타운","월세","39.2700","202510","04","300","42","7","1998","신촌4로 16","202510~202710","신규","-","","","아파트"
"16165","충청남도 아산시 방축동","140-4","0140","0004","동아나래","월세","84.9600","202510","04","500","70","21","1997","온천대로1333번길 7","202510~202710","신규","-","","","아파트"
"16166","충청남도 아산시 배미동","239-14","0239","0014","삼정백조","월세","59.7300","202510","04","500","50","11","2008","서부북로 985","202510~202710","신규","-","","","아파트"
"16167","충청남도 아산시 온천동","1235","1235","0000","일성","월세","59.7200","202510","03","1,500","55","18","1995","시민로 485","202511~202711","신규","-","","","아파트"
"16168","충청남도 서산시 예천동","1718","1718","0000","서산예천2지구중흥S-클래스더퍼스트","전세","84.9280","202510","03","36,000","0","3","2021","예천5로 32","202511~202711","신규","-","","","아파트"
"16169","충청남도 아산시 모종동","637","0637","0000","모종캐슬어울림1단지","전세","59.8477","202510","03","20,000","0","21","2017","모종로22번길 7","202511~202711","신규","-","","","아파트"
"16170","충청남도 공주시 신관동","268-3","0268","0003","주공2","월세","51.0200","202510","03","500","40","4","1988","신금1길 10","202511~202711","신규","-","","","아파트"
"16171","충청남도 공주시 신관동","336-9","0336","0009","덕성그린시티빌","월세","35.8560","202510","03","500","40","3","1999","관골2길 24-5","202510~202710","신규","-","","","아파트"
"16172","충청남도 천안시 동남구 신방동","873","0873","0000","성지새말1","전세","70.9200","202510","03","14,500","0","8","1997","일봉로 17","202511~202711","신규","-","","","아파트"
"16173","충청남도 천안시 동남구 신방동","920","0920","0000","초원그린타운","월세","39.2700","202510","03","500","45","9","1998","신촌4로 16","202510~202710","신규","-","","","아파트"
"16174","충청남도 천안시 동남구 신방동","2191","2191","0000","신방삼부르네상스","월세","75.9828","202510","03","4,000","70","4","2023","풍세로 678-22","202510~202710","신규","-","","","아파트"
"16175","충청남도 아산시 온천동","307-41","0307","0041","올리브힐","월세","17.2670","202510","03","500","35","7","2016","청운로84번길 15","202510~202710","신규","-","","","아파트"
"16176","충청남도 아산시 온천동","260-28","0260","0028","아산칸타빌센트럴시티","전세","59.9797","202510","03","18,000","0","24","2024","아산로17번길 5","202512~202712","신규","-","","","아파트"
"16177","충청남도 아산시 권곡동","627","0627","0000","아산한신더휴","전세","84.9000","202510","03","19,000","0","6","2025","문화로 257-45","202510~202710","신규","-","","","아파트"
"16178","충청남도 아산시 배미동","174-3","0174","0003","서진","월세","39.6000","202510","03","300","35","1","2000","서부북로 973","202510~202610","신규","-","","","아파트"
"16179","충청남도 논산시 강산동","643","0643","0000","부영","월세","59.4400","202510","03","1,000","60","12","1996","시민로307번길 28","202510~202710","신규","-","","","아파트"
"16180","충청남도 계룡시 금암동","74","0074","0000","신성미소지움2차","월세","130.2000","202510","03","10,000","60","3","2005","서금암5길 9","202511~202711","신규","-","","","아파트"
"16181","충청남도 천안시 동남구 신부동","541","0541","0000","동아태조","월세","59.9700","202510","03","1,000","70","7","1995","터미널9길 13","202510~202710","신규","-","","","아파트"
"16182","충청남도 당진시 시곡동","136-1","0136","0001","우민늘사랑","월세","54.6000","202510","03","500","42","2","2007","서해로 6216","202510~202710","신규","-","","","아파트"
"16183","충청남도 천안시 동남구 용곡동","609","0609","0000","용곡동일하이빌하이씨티4단지","월세","103.5724","202510","03","2,000","95","11","2015","용곡5길 34","202511~202711","신규","-","","","아파트"
"16184","충청남도 당진시 수청동","1844","1844","0000","당진센트레빌르네블루1차","월세","84.9699","202510","03","3,000","85","1","2023","수청중앙로 85","202510~202710","갱신","사용","3,000","80","아파트"
"16185","충청남도 아산시 풍기동","514","0514","0000","아산풍기이지더원1차아파트","전세","72.1590","202510","03","24,000","0","22","2017","어의정로 184","202510~202612","갱신","-","20,000","0","아파트"
"16186","충청남도 당진시 시곡동","136-1","0136","0001","우민늘사랑","월세","54.6000","202510","03","500","42","2","2007","서해로 6216","202510~202710","신규","-","","","아파트"
"16187","충청남도 천안시 서북구 불당동","1426","1426","0000","불당풍림아이원아파트","전세","42.8428","202510","03","15,000","0","5","2016","불당14로 11","202512~202712","신규","-","","","아파트"
"16188","충청남도 천안시 서북구 백석동","1193","1193","0000","백석더샵아파트","전세","84.4993","202510","03","31,000","0","13","2016","한들3로 70","202511~202711","신규","-","","","아파트"
"16189","충청남도 천안시 서북구 쌍용동","1920","1920","0000","쌍용마을뜨란채,주공아파트","월세","59.9500","202510","03","2,000","65","14","1999","봉서산샛길 64","202511~202711","신규","-","","","아파트"
"16190","충청남도 천안시 서북구 쌍용동","1914","1914","0000","주공9","전세","49.7700","202510","03","10,700","0","11","1998","봉서산샛길 65","202511~202711","신규","-","","","아파트"
"16191","충청남도 천안시 서북구 쌍용동","1914","1914","0000","주공9","전세","49.7700","202510","03","10,700","0","11","1998","봉서산샛길 65","202511~202711","신규","-","","","아파트"
"16192","충청남도 천안시 서북구 두정동","2078","2078","0000","두정역효성해링턴플레이스","전세","59.8600","202510","03","26,000","0","5","2020","봉정로 324","202512~202711","신규","-","","","아파트"
"16193","충청남도 천안시 서북구 성정동","1270","1270","0000","프라지움6차","월세","33.5730","202510","03","1,000","60","10","2016","성정공원6길 1-12","202510~202611","신규","-","","","아파트"
"16194","충청남도 천안시 서북구 성거읍 저리","26-7","0026","0007","아느칸빌","월세","39.0600","202510","03","500","38","4","2004","성거길 181-1","202510~202610","신규","-","","","아파트"
"16195","충청남도 천안시 서북구 성정동","1513","1513","0000","서올하우스","월세","17.9200","202510","03","200","30","6","2012","성정공원5로 10-6","202510~202610","신규","-","","","아파트"
"16196","충청남도 천안시 서북구 성정동","1290","1290","0000","성정비바루체","월세","38.8050","202510","03","100","70","5","2024","성정공원6길 6","202510~202611","신규","-","","","아파트"
"16197","충청남도 천안시 서북구 직산읍 군서리","428-3","0428","0003","청호","월세","58.9700","202510","03","500","35","5","1993","군수1길 78-23","202510~202610","신규","-","","","아파트"
"16198","충청남도 천안시 서북구 불당동","737","0737","0000","메가트로피","월세","18.0000","202510","03","200","40","3","2014","검은들3길 3","202510~202512","신규","-","","","아파트"
"16199","충청남도 홍성군 홍북읍 신경리","947","0947","0000","충남내포신도시2차대방엘리움더센트럴아파트","전세","84.9673","202510","03","16,800","0","11","2023","자경로 18","202510~202710","갱신","사용","16,000","0","아파트"
"16200","충청남도 서산시 지곡면 무장리","920","0920","0000","늘푸른오스카빌","월세","84.9824","202510","03","1,000","55","3","2006","충의로 762-78","202511~202711","신규","-","","","아파트"
"16201","충청남도 홍성군 홍북읍 신경리","947","0947","0000","충남내포신도시2차대방엘리움더센트럴아파트","전세","76.7772","202510","03","15,000","0","10","2023","자경로 18","202511~202711","신규","-","","","아파트"
"16202","충청남도 서산시 인지면 둔당리","307","0307","0000","산호옥마을","월세","84.7230","202510","03","500","40","14","2005","둔당로 99","202510~202710","신규","-","","","아파트"
"16203","충청남도 천안시 동남구 청당동","980","0980","0000","행정타운두산위브더파크","전세","84.9710","202510","03","24,000","0","20","2018","청당3길 147","202511~202711","신규","-","","","아파트"
"16204","충청남도 아산시 배방읍 장재리","1204","1204","0000","포레스트힐","전세","114.3700","202510","03","31,500","0","1","2010","용연로 37","202511~202711","갱신","사용","30,000","0","아파트"
"16205","충청남도 아산시 신창면 행목리","498","0498","0000","아산신창양우내안애","월세","35.1000","202510","03","300","40","11","2014","행목로 202","202510~202610","신규","-","","","아파트"
"16206","충청남도 천안시 동남구 청수동","219-4","0219","0004","현대","전세","59.9700","202510","03","12,000","0","8","1996","풍세로 1010-31","202512~202712","신규","-","","","아파트"
"16207","충청남도 아산시 배방읍 공수리","1486","1486","0000","배방3차한성필하우스","전세","79.7146","202510","03","23,500","0","6","2017","모산로 51","202510~202710","갱신","-","29,000","0","아파트"
"16208","충청남도 아산시 탕정면 매곡리","1391","1391","0000","한들물빛도시예미지","월세","84.6132","202510","03","16,000","100","9","2022","한들물빛3로 14","202512~202712","신규","-","","","아파트"
"16209","충청남도 아산시 탕정면 용두리","722","0722","0000","월드메르디앙웰리지(A동)","월세","22.8247","202510","03","200","60","13","2023","용머리길 41","202510~202604","신규","-","","","아파트"
"16210","충청남도 아산시 신창면 행목리","498","0498","0000","아산신창양우내안애","월세","49.5000","202510","03","500","55","13","2014","행목로 202","202510~202710","신규","-","","","아파트"
"16211","충청남도 아산시 배방읍 공수리","282-5","0282","0005","아산한도","월세","39.9000","202510","03","2,500","28","9","1997","모산로126번길 17-26","202510~202710","신규","-","","","아파트"
"16212","충청남도 아산시 음봉면 덕지리","580","0580","0000","더?레이크사이드","월세","101.9343","202510","03","1,000","90","4","2006","음봉로 567","202510~202710","신규","-","","","아파트"
"16213","충청남도 아산시 배방읍 갈매리","508","0508","0000","배방자이","월세","84.9400","202510","03","2,000","85","8","2007","호서로 460","202510~202703","신규","-","","","아파트"
"16214","충청남도 당진시 우강면 창리","396","0396","0000","합덕우강유탑유블레스","전세","84.2700","202510","03","15,000","0","2","2021","합우로 323-9","202601~202801","신규","-","","","아파트"
"16215","충청남도 아산시 음봉면 덕지리","580","0580","0000","더?레이크사이드","월세","101.9343","202510","03","1,000","100","15","2006","음봉로 567","202511~202711","신규","-","","","아파트"
"16216","충청남도 아산시 탕정면 갈산리","892","0892","0000","호반써밋그랜드마크V(5차)","전세","84.6249","202510","03","32,000","0","18","2023","갈산교로 250","202511~202711","갱신","사용","31,000","0","아파트"
"16217","충청남도 천안시 동남구 청수동","219-4","0219","0004","현대","전세","59.9700","202510","03","12,000","0","8","1996","풍세로 1010-31","202512~202712","신규","-","","","아파트"
"16218","충청남도 아산시 둔포면 둔포리","354-7","0354","0007","백남청솔","전세","59.4000","202510","02","5,000","0","14","1996","둔포중앙로171번길 97","202510~202710","신규","-","","","아파트"
"16219","충청남도 아산시 탕정면 용두리","722","0722","0000","월드메르디앙웰리지(A동)","월세","22.8247","202510","02","1,500","52","13","2023","용머리길 41","202510~202610","신규","-","","","아파트"
"16220","충청남도 아산시 배방읍 장재리","1204","1204","0000","포레스트힐","월세","102.4900","202510","02","2,000","115","15","2010","용연로 37","202510~202710","갱신","사용","2,000","110","아파트"
"16221","충청남도 아산시 탕정면 용두리","720","0720","0000","더퍼스트休","월세","16.9800","202510","02","0","50","10","2021","용머리길 109","202510~202610","신규","-","","","아파트"
"16222","충청남도 아산시 탕정면 용두리","722","0722","0000","월드메르디앙웰리지(A동)","월세","22.8247","202510","02","200","60","12","2023","용머리길 41","202510~202604","신규","-","","","아파트"
"16223","충청남도 아산시 신창면 행목리","498","0498","0000","아산신창양우내안애","월세","35.1000","202510","02","300","40","7","2014","행목로 202","202510~202710","신규","-","","","아파트"
"16224","충청남도 아산시 신창면 행목리","498","0498","0000","아산신창양우내안애","월세","35.1000","202510","02","300","45","4","2014","행목로 202","202510~202610","신규","-","","","아파트"
"16225","충청남도 아산시 배방읍 장재리","1767","1767","0000","요진와이시티","전세","84.3542","202510","02","35,000","0","5","2011","광장로 210","202510~202612","갱신","-","33,000","0","아파트"
"16226","충청남도 아산시 배방읍 장재리","1767","1767","0000","요진와이시티","월세","59.8868","202510","02","1,000","100","16","2011","광장로 210","202510~202610","신규","-","","","아파트"
"16227","충청남도 아산시 탕정면 매곡리","1385","1385","0000","한들물빛도시신영지웰시티센트럴푸르지오1단지","전세","68.7765","202510","02","38,000","0","14","2022","한들물빛도시로 69","202511~202711","신규","-","","","아파트"
"16228","충청남도 아산시 탕정면 매곡리","1385","1385","0000","한들물빛도시신영지웰시티센트럴푸르지오1단지","전세","84.9779","202510","02","48,500","0","31","2022","한들물빛도시로 69","202510~202601","신규","-","","","아파트"
"16229","충청남도 아산시 탕정면 용두리","724","0724","0000","월드메르디앙웰리지(B동)","월세","19.9636","202510","02","200","50","13","2023","용머리길 49","202510~202610","신규","-","","","아파트"
"16230","충청남도 아산시 배방읍 공수리","282-5","0282","0005","아산한도","전세","39.9000","202510","02","5,400","0","2","1997","모산로126번길 17-26","202510~202710","신규","-","","","아파트"
"16231","충청남도 아산시 배방읍 공수리","1730","1730","0000","아산배방우방아이유쉘2차","월세","61.7433","202510","02","5,000","75","22","2021","배방로 58-44","202510~202710","신규","-","","","아파트"
"16232","충청남도 아산시 배방읍 공수리","282","0282","0000","배방삼정그린코아","전세","38.4900","202510","02","7,300","0","21","2012","모산로126번길 17-7","202512~202712","신규","-","","","아파트"
"16233","충청남도 아산시 배방읍 공수리","282-5","0282","0005","아산한도","전세","39.9000","202510","02","5,500","0","16","1997","모산로126번길 17-26","202511~202711","신규","-","","","아파트"
"16234","충청남도 당진시 송산면 유곡리","1312","1312","0000","당진해링턴플레이스에듀타운","월세","59.9180","202510","02","2,000","60","11","2022","서정2길 37","202511~202710","신규","-","","","아파트"
"16235","충청남도 아산시 탕정면 용두리","722","0722","0000","월드메르디앙웰리지(A동)","월세","22.8247","202510","02","200","60","13","2023","용머리길 41","202510~202610","신규","-","","","아파트"
"16236","충청남도 당진시 송악읍 복운리","1629-1","1629","0001","동광","월세","59.9974","202510","02","4,000","30","9","2007","신복운로3길 8","202510~202710","신규","-","","","아파트"
"16237","충청남도 아산시 배방읍 공수리","640","0640","0000","배방한성필하우스1단지","월세","84.9614","202510","02","2,000","90","5","2006","배방로 58-43","202510~202610","신규","-","","","아파트"
"16238","충청남도 아산시 배방읍 공수리","1725","1725","0000","배방6차한성필하우스","월세","84.9352","202510","02","3,000","110","14","2020","배방로 127","202510~202710","신규","-","","","아파트"
"16239","충청남도 천안시 동남구 청당동","992","0992","0000","청당코오롱하늘채","월세","59.9189","202510","02","3,000","80","7","2019","광풍로 1800","202511~202711","신규","-","","","아파트"
"16240","충청남도 천안시 서북구 성성동","827","0827","0000","천안시티자이","월세","84.9474","202510","02","2,000","130","12","2018","성성6로 21","202511~202711","신규","-","","","아파트"
"16241","충청남도 천안시 서북구 두정동","527","0527","0000","주공그린(8단지)","월세","59.9700","202510","02","1,000","70","6","1996","봉정로 381","202510~202710","신규","-","","","아파트"
"16242","충청남도 천안시 동남구 풍세면 보성리","772","0772","0000","천안한양수자인에코시티","전세","84.9831","202510","02","19,000","0","6","2023","풍세산단로 290","202511~202711","신규","-","","","아파트"
"16243","충청남도 천안시 동남구 풍세면 보성리","772","0772","0000","천안한양수자인에코시티","월세","84.9610","202510","02","300","40","15","2023","풍세산단로 290","202510~202610","신규","-","","","아파트"
"16244","충청남도 천안시 동남구 풍세면 보성리","772","0772","0000","천안한양수자인에코시티","월세","84.9610","202510","02","400","40","3","2023","풍세산단로 290","202510~202610","신규","-","","","아파트"
"16245","충청남도 천안시 서북구 두정동","1864","1864","0000","우성","전세","59.6950","202510","02","12,200","0","6","1996","두정고7길 36","202510~202710","갱신","사용","12,200","0","아파트"
"16246","충청남도 천안시 서북구 두정동","401-1","0401","0001","e편한세상두정4차","전세","62.6689","202510","02","21,000","0","21","2018","두정공원2길 50","202510~202710","신규","-","","","아파트"
"16247","충청남도 천안시 서북구 두정동","525-1","0525","0001","대우그린","전세","69.9660","202510","02","16,600","0","21","1996","봉정로 365","202510~202710","갱신","사용","17,000","0","아파트"
"16248","충청남도 천안시 서북구 두정동","2078","2078","0000","두정역효성해링턴플레이스","전세","71.4200","202510","02","28,000","0","8","2020","봉정로 324","202511~202711","신규","-","","","아파트"
"16249","충청남도 천안시 서북구 두정동","2078","2078","0000","두정역효성해링턴플레이스","월세","59.8600","202510","02","1,500","115","18","2020","봉정로 324","202510~202710","신규","-","","","아파트"
"16250","충청남도 천안시 서북구 성정동","1475","1475","0000","리슈빌디에스","월세","41.1155","202510","02","500","75","10","2016","성정두정로 19","202510~202610","신규","-","","","아파트"
"16251","충청남도 천안시 서북구 성정동","1562","1562","0000","천안역우방아이유쉘","월세","84.9988","202510","02","1,500","95","14","2018","천안천6길 33","202511~202711","신규","-","","","아파트"
"16252","충청남도 천안시 서북구 백석동","1007","1007","0000","백석리슈빌","전세","130.8525","202510","02","34,650","0","12","2010","한들3로 107","202512~202712","갱신","사용","33,000","0","아파트"
"16253","충청남도 천안시 서북구 백석동","941","0941","0000","백석마을아이파크","전세","165.3770","202510","02","36,000","0","3","2009","한들3로 100","202511~202711","신규","-","","","아파트"
"16254","충청남도 천안시 서북구 백석동","900","0900","0000","호반리젠시빌","월세","84.8918","202510","02","2,000","80","11","2003","백석2길 40","202511~202711","신규","-","","","아파트"
"16255","충청남도 천안시 서북구 쌍용동","1914","1914","0000","주공9","전세","49.7700","202510","02","10,000","0","4","1998","봉서산샛길 65","202511~202711","신규","-","","","아파트"
"16256","충청남도 천안시 서북구 쌍용동","1561","1561","0000","월봉청솔2차","전세","48.4500","202510","02","10,800","0","2","2000","월봉7길 77","-","-","-","","","아파트"
"16257","충청남도 천안시 서북구 쌍용동","1561","1561","0000","월봉청솔2차","전세","48.4500","202510","02","10,800","0","2","2000","월봉7길 77","202511~202711","신규","-","","","아파트"
"16258","충청남도 천안시 서북구 직산읍 상덕리","107","0107","0000","직산산호","월세","49.8000","202510","02","300","30","6","1997","양당율금길 4-30","202510~202710","신규","-","","","아파트"
"16259","충청남도 천안시 서북구 성정동","1317","1317","0000","프라지움5차","전세","49.9550","202510","02","11,200","0","3","2015","오성로 120","202511~202711","신규","-","","","아파트"
"16260","충청남도 천안시 서북구 성정동","1290","1290","0000","성정비바루체","월세","42.5565","202510","02","500","85","12","2024","성정공원6길 6","202510~202604","신규","-","","","아파트"
"16261","충청남도 천안시 서북구 불당동","1548","1548","0000","천안불당지웰더샵","전세","84.7278","202510","02","55,000","0","10","2016","불당26로 77","202512~202812","신규","-","","","아파트"
"16262","충청남도 천안시 서북구 두정동","1373","1373","0000","에프엠22","월세","22.1620","202510","02","300","38","6","2015","두정상가2길 10","202510~202610","신규","-","","","아파트"
"16263","충청남도 천안시 서북구 불당동","1498","1498","0000","천안불당 지웰푸르지오","전세","84.9980","202510","02","40,000","0","14","2016","불당24로 38","202511~202711","신규","-","","","아파트"
"16264","충청남도 아산시 장존동","305","0305","0000","청솔","월세","39.9940","202510","02","300","35","3","2004","외암로 1247","202510~202710","신규","-","","","아파트"
"16265","충청남도 아산시 온천동","3149","3149","0000","아산온천삼일파라뷰시그니처","전세","84.8873","202510","02","29,500","0","11","2024","문화공원로 42","202510~203003","신규","-","","","아파트"
"16266","충청남도 아산시 권곡동","623","0623","0000","모종1차삼일파라뷰더스위트","전세","59.8738","202510","02","20,475","0","7","2021","문화로 271-30","202510~203001","신규","-","","","아파트"
"16267","충청남도 천안시 서북구 부대동","762","0762","0000","천안부성LH행복주택","월세","44.9700","202510","02","5,840","31","5","2022","부성18로 71","202511~202710","갱신","-","5,680","30","아파트"
"16268","충청남도 공주시 신관동","24-64","0024","0064","주공3","월세","47.0100","202510","02","500","50","3","1990","신금1길 30-12","202510~202710","신규","-","","","아파트"
"16269","충청남도 보령시 명천동","1114","1114","0000","더퍼스트예미지","월세","66.9474","202510","02","1,000","83","14","2019","주공로 100","202510~202710","갱신","사용","1,000","83","아파트"
"16270","충청남도 천안시 동남구 신부동","978","0978","0000","힐스테이트천안신부","전세","59.3721","202510","02","22,000","0","7","2017","북일로 70","202512~202712","신규","-","","","아파트"
"16271","충청남도 공주시 금흥동","627","0627","0000","공주월송지평더웰","월세","80.0037","202510","02","3,000","70","1","2022","무령로 599-50","202511~202711","신규","-","","","아파트"
"16272","충청남도 아산시 권곡동","627","0627","0000","아산한신더휴","전세","99.9600","202510","02","27,000","0","8","2025","문화로 257-45","202511~202711","신규","-","","","아파트"
"16273","충청남도 당진시 채운동","355-3","0355","0003","한성","전세","84.9900","202510","02","4,500","0","5","1992","백암로 219-29","202512~202712","신규","-","","","아파트"
"16274","충청남도 아산시 권곡동","627","0627","0000","아산한신더휴","전세","99.9600","202510","02","27,000","0","8","2025","문화로 257-45","202511~202711","신규","-","","","아파트"
"16275","충청남도 천안시 동남구 신부동","1004","1004","0000","더샵신부센트라","월세","84.9291","202510","02","7,000","60","14","2025","북일로 85","202510~202710","신규","-","","","아파트"
"16276","충청남도 공주시 월송동","669","0669","0000","화성파크드림공주월송","전세","84.9739","202510","02","30,000","0","17","2023","무령로 600-26","202512~202712","신규","-","","","아파트"
"16277","충청남도 공주시 웅진동","243","0243","0000","시영","월세","39.3900","202510","02","500","40","5","1991","백제문화로 2141","202510~202610","신규","-","","","아파트"
"16278","충청남도 공주시 웅진동","산32-10","0032","0010","경일","월세","47.4400","202510","02","300","35","5","1991","웅진절골3길 25","202510~202610","신규","-","","","아파트"
"16279","충청남도 당진시 대덕동","1883","1883","0000","당진대덕수청시티프라디움2차","전세","84.9960","202510","02","16,900","0","2","2021","대덕1로 50","202510~202710","신규","-","","","아파트"
"16280","충청남도 아산시 배미동","239-14","0239","0014","삼정백조","월세","59.7300","202510","02","500","55","2","2008","서부북로 999","202510~202710","신규","-","","","아파트"
"16281","충청남도 천안시 동남구 신방동","905","0905","0000","향촌현대","월세","74.7900","202510","02","2,000","67","6","1998","서부대로 226-11","202511~202711","신규","-","","","아파트"
"16282","충청남도 서산시 석림동","463-1","0463","0001","석림주공3단지","월세","37.6700","202510","02","2,982","7","7","1995","석림4로 83","202510~202710","신규","-","","","아파트"
"16283","충청남도 보령시 죽정동","743","0743","0000","대우","월세","84.9620","202510","02","1,000","90","1","1997","봉황로 116","202510~202710","신규","-","","","아파트"
"16284","충청남도 논산시 강산동","698","0698","0000","논산강산한신청솔","월세","59.8500","202510","02","1,000","60","7","2000","논산대로 269-19","202510~202710","신규","-","","","아파트"
"16285","충청남도 논산시 강산동","643","0643","0000","부영","월세","39.8400","202510","02","500","40","4","1996","시민로307번길 28","202510~202710","신규","-","","","아파트"
"16286","충청남도 논산시 강산동","698","0698","0000","논산강산한신청솔","월세","59.8500","202510","02","1,000","60","10","2000","논산대로 269-19","202511~202711","신규","-","","","아파트"
"16287","충청남도 천안시 동남구 신방동","2191","2191","0000","신방삼부르네상스","전세","75.9828","202510","02","18,000","0","2","2023","풍세로 678-22","202511~202711","신규","-","","","아파트"
"16288","충청남도 공주시 옥룡동","93","0093","0000","덕성그린타운","월세","44.6500","202510","02","500","35","2","1995","우금티로 704","202511~202711","신규","-","","","아파트"
"16289","충청남도 서산시 성연면 일람리","1081","1081","0000","서산테크노밸리우미린","월세","59.5822","202510","02","3,000","58","11","2022","성연3로 77","202511~202711","신규","-","","","아파트"
"16290","충청남도 홍성군 홍북읍 신경리","945","0945","0000","자경마을중흥에스클래스","전세","59.9921","202510","02","11,590","0","4","2016","자경로 17","202510~202710","신규","-","","","아파트"
"16291","충청남도 홍성군 홍북읍 신경리","1361","1361","0000","내포신도시대방디에트르에듀시티","전세","84.9635","202510","02","22,000","0","13","2025","용봉로 17","202512~202712","신규","-","","","아파트"
"16292","충청남도 홍성군 홍북읍 신경리","1372","1372","0000","한울마을LH2단지1BL","월세","36.9600","202510","02","4,978","7","17","2022","홍학로 124","202511~202710","갱신","-","3,127","18","아파트"
"16293","충청남도 홍성군 홍성읍 월산리","851","0851","0000","부영2차(851-0)","전세","80.9663","202510","02","10,000","0","9","2004","월산로30번길 38","202511~202711","신규","-","","","아파트"
"16294","충청남도 서산시 성연면 일람리","1081","1081","0000","서산테크노밸리우미린","월세","59.5822","202510","02","3,000","58","11","2022","성연3로 77","202511~202711","신규","-","","","아파트"
"16295","충청남도 계룡시 엄사면 엄사리","226-4","0226","0004","삼진","월세","37.5900","202510","02","500","35","11","1997","번영3길 73-12","202510~202610","신규","-","","","아파트"
"16296","충청남도 서산시 지곡면 화천리","523-11","0523","0011","지곡미래아파트","월세","40.9500","202510","02","1,000","30","1","2012","화천1로 196","202510~202610","신규","-","","","아파트"
"16297","충청남도 계룡시 엄사면 유동리","14-6","0014","0006","대동","전세","84.9500","202510","02","12,000","0","5","2001","번영3길 91","202511~202711","신규","-","","","아파트"
"16298","충청남도 서산시 성연면 일람리","1123","1123","0000","서산골드클래스","월세","74.9586","202510","02","13,717","9","2","2018","성연5로 46","202510~202608","신규","-","","","아파트"
"16299","충청남도 아산시 신창면 남성리","845","0845","0000","신아산모아엘가비스타1차아파트","월세","59.9967","202510","01","13,447","5","4","2023","남성길 72","202510~202710","신규","-","","","아파트"
"16300","충청남도 아산시 신창면 남성리","845","0845","0000","신아산모아엘가비스타1차아파트","월세","59.9660","202510","01","13,177","5","3","2023","남성길 72","202510~202610","신규","-","","","아파트"
"16301","충청남도 계룡시 엄사면 엄사리","226-4","0226","0004","삼진","월세","39.9300","202510","01","500","38","4","1997","번영3길 73-12","202510~202610","신규","-","","","아파트"
"16302","충청남도 홍성군 홍성읍 월산리","850","0850","0000","부영1차","전세","49.8420","202510","01","6,921","0","2","2003","월산로30번길 39","202511~202611","갱신","-","6,921","0","아파트"
"16303","충청남도 홍성군 홍성읍 월산리","850","0850","0000","부영1차","전세","49.8420","202510","01","6,921","0","12","2003","월산로30번길 39","202511~202611","갱신","-","6,921","0","아파트"
"16304","충청남도 홍성군 홍성읍 월산리","851","0851","0000","부영2차(851-0)","전세","59.9870","202510","01","8,186","0","14","2004","월산로30번길 38","202511~202611","갱신","-","8,026","0","아파트"
"16305","충청남도 계룡시 엄사면 엄사리","281","0281","0000","동아","전세","59.6700","202510","01","8,500","0","7","1994","엄사중앙로 65-10","202510~202710","신규","-","","","아파트"
"16306","충청남도 계룡시 엄사면 엄사리","282","0282","0000","성원","월세","58.3200","202510","01","3,000","33","3","1997","엄사중앙로 66","202510~202710","신규","-","","","아파트"
"16307","충청남도 계룡시 엄사면 엄사리","281","0281","0000","동아","전세","59.6700","202510","01","8,500","0","7","1994","엄사중앙로 65-10","202510~202710","신규","-","","","아파트"
"16308","충청남도 계룡시 엄사면 엄사리","226-4","0226","0004","삼진","월세","37.5900","202510","01","500","35","14","1997","번영3길 73-12","202510~202710","신규","-","","","아파트"
"16309","충청남도 아산시 신창면 남성리","845","0845","0000","신아산모아엘가비스타1차아파트","월세","75.8692","202510","01","15,517","6","20","2023","남성길 72","202511~202711","신규","-","","","아파트"
"16310","충청남도 서산시 지곡면 무장리","920","0920","0000","늘푸른오스카빌","월세","84.9824","202510","01","1,000","55","9","2006","충의로 762-78","202511~202711","신규","-","","","아파트"
"16311","충청남도 서산시 대산읍 대산리","1550","1550","0000","한성필하우스아파트","월세","59.9947","202510","01","1,000","80","3","2017","정자동2로 16","202510~202603","신규","-","","","아파트"
"16312","충청남도 천안시 동남구 문화동","63-9","0063","0009","거송그랑데리움","월세","25.6222","202510","01","300","42","19","2016","버들로 21","202510~202610","신규","-","","","아파트"
"16313","충청남도 천안시 동남구 문화동","71","0071","0000","RyujinVill(71-0)","월세","28.0800","202510","01","5,150","3","9","2012","문화1길 11","-","-","-","","","아파트"
"16314","충청남도 계룡시 두마면 두계리","116","0116","0000","계룡E-편한세상","월세","84.7430","202510","01","2,000","75","12","2007","사계로 51","202512~202712","신규","-","","","아파트"
"16315","충청남도 아산시 신창면 남성리","845","0845","0000","신아산모아엘가비스타1차아파트","월세","84.9143","202510","01","17,670","7","17","2023","남성길 72","202511~202711","신규","-","","","아파트"
"16316","충청남도 홍성군 홍북읍 신경리","1361","1361","0000","내포신도시대방디에트르에듀시티","전세","84.9926","202510","01","23,000","0","8","2025","용봉로 17","202512~202712","신규","-","","","아파트"
"16317","충청남도 홍성군 홍북읍 신경리","1369","1369","0000","내포신도시 경남아너스빌","월세","84.8000","202510","01","3,000","55","3","2016","청사로 15","202511~202711","신규","-","","","아파트"
"16318","충청남도 홍성군 홍북읍 신경리","945","0945","0000","자경마을중흥에스클래스","전세","59.9921","202510","01","11,990","0","16","2016","자경로 17","202510~202709","신규","-","","","아파트"
"16319","충청남도 홍성군 홍북읍 신경리","947","0947","0000","충남내포신도시2차대방엘리움더센트럴아파트","전세","84.9144","202510","01","17,000","0","3","2023","자경로 18","-","-","-","","","아파트"
"16320","충청남도 홍성군 홍북읍 신경리","1176","1176","0000","신리마을상록아파트","전세","54.7600","202510","01","8,181","0","6","2016","홍학로 25","202512~202712","갱신","-","9,564","0","아파트"
"16321","충청남도 홍성군 홍북읍 신경리","1361","1361","0000","내포신도시대방디에트르에듀시티","월세","84.9635","202510","01","2,000","100","3","2025","용봉로 17","202512~202712","신규","-","","","아파트"
"16322","충청남도 서산시 성연면 왕정리","725","0725","0000","e편한세상서산테크노밸리","전세","74.5253","202510","01","17,500","0","22","2018","성연4로 46","202511~202711","신규","-","","","아파트"
"16323","충청남도 홍성군 홍성읍 내법리","285-78","0285","0078","현광","월세","84.9900","202510","01","1,500","20","17","1997","도청대로96번길 85-17","-","-","-","","","아파트"
"16324","충청남도 예산군 삽교읍 목리","894","0894","0000","원목마을이지더원2차아파트","월세","84.8318","202510","01","1,000","75","8","2022","수암천로 23","202511~202701","신규","-","","","아파트"
"16325","충청남도 예산군 삽교읍 목리","826","0826","0000","내포신도시대광로제비앙더럭셔리","전세","120.5450","202510","01","25,000","0","2","2025","홍예로 485","202511~202711","신규","-","","","아파트"
"16326","충청남도 예산군 삽교읍 목리","894","0894","0000","원목마을이지더원2차아파트","월세","84.8318","202510","01","1,000","75","8","2022","수암천로 23","202511~202701","신규","-","","","아파트"
"16327","충청남도 천안시 동남구 문화동","71","0071","0000","RyujinVill(71-0)","월세","28.0800","202510","01","4,850","5","5","2012","문화1길 11","-","-","-","","","아파트"
"16328","충청남도 아산시 신창면 남성리","845","0845","0000","신아산모아엘가비스타1차아파트","월세","84.9143","202510","01","17,670","7","7","2023","남성길 72","202510~202710","신규","-","","","아파트"
"16329","충청남도 천안시 서북구 입장면 도림리","341-1","0341","0001","한성","전세","54.2720","202510","01","5,500","0","1","1999","도림길 10","202510~202710","신규","-","","","아파트"
"16330","충청남도 천안시 서북구 성거읍 신월리","471","0471","0000","직산역서희스타힐스","월세","59.4822","202510","01","2,000","80","6","2024","천안대로 1446","202510~202610","신규","-","","","아파트"
"16331","충청남도 천안시 서북구 성정동","1290","1290","0000","성정비바루체","월세","38.8050","202510","01","100","70","8","2024","성정공원6길 6","202510~202610","신규","-","","","아파트"
"16332","충청남도 천안시 서북구 백석동","191-3","0191","0003","현대","전세","132.5800","202510","01","15,000","0","3","1992","백석로 136","202510~202710","신규","-","","","아파트"
"16333","충청남도 천안시 서북구 성성동","734","0734","0000","천안성성비스타동원","월세","84.9915","202510","01","3,000","145","29","2024","성성6로 129","202511~202711","신규","-","","","아파트"
"16334","충청남도 천안시 서북구 직산읍 삼은리","76-67","0076","0067","브리엔츠아파트","월세","49.5088","202510","01","2,000","50","9","2019","삼은2길 26","202510~202709","신규","-","","","아파트"
"16335","충청남도 천안시 서북구 직산읍 삼은리","69-14","0069","0014","정석","월세","51.7900","202510","01","200","20","4","1991","직산로 18-23","202510~202610","신규","-","","","아파트"
"16336","충청남도 천안시 서북구 직산읍 삼은리","72-4","0072","0004","일진","월세","62.0700","202510","01","1,000","40","1","1990","삼은5길 14","202511~202711","신규","-","","","아파트"
"16337","충청남도 천안시 서북구 성정동","717","0717","0000","주공5-2","전세","39.6900","202510","01","7,350","0","5","1988","성정로 75","202511~202711","갱신","사용","7,000","0","아파트"
"16338","충청남도 천안시 서북구 성정동","717","0717","0000","주공5-2","전세","39.6900","202510","01","7,350","0","5","1988","성정로 75","-","-","-","","","아파트"
"16339","충청남도 천안시 서북구 성정동","717","0717","0000","주공5-2","월세","39.3000","202510","01","7,000","5","5","1988","성정로 75","-","-","-","","","아파트"
"16340","충청남도 천안시 서북구 성정동","1317","1317","0000","프라지움5차","전세","49.8700","202510","01","10,500","0","6","2015","오성로 120","202511~202710","신규","-","","","아파트"
"16341","충청남도 천안시 서북구 성정동","658-1","0658","0001","대우성정프라자","전세","66.8700","202510","01","10,000","0","2","1991","서부15길 41","202510~202710","신규","-","","","아파트"
"16342","충청남도 천안시 서북구 성정동","1570","1570","0000","천안역경남아너스빌어반하이츠","월세","84.8722","202510","01","1,000","120","22","2025","축구센터로 100","202511~202711","신규","-","","","아파트"
"16343","충청남도 천안시 서북구 쌍용동","1367","1367","0000","월봉청솔1단지","월세","50.1600","202510","01","1,000","55","12","2000","월봉4로 140-9","202510~202710","신규","-","","","아파트"
"16344","충청남도 천안시 서북구 쌍용동","379-33","0379","0033","이화","전세","54.7300","202510","01","7,000","0","1","1985","다가말2길 14","202511~202711","신규","-","","","아파트"
"16345","충청남도 천안시 서북구 쌍용동","566","0566","0000","세경개나리","전세","56.7300","202510","01","8,500","0","2","1994","쌍용18길 61","202510~202710","신규","-","","","아파트"
"16346","충청남도 천안시 서북구 쌍용동","1561","1561","0000","월봉청솔2차","전세","48.4500","202510","01","10,800","0","2","2000","월봉7길 77","202511~202711","신규","-","","","아파트"
"16347","충청남도 천안시 서북구 쌍용동","566","0566","0000","세경개나리","전세","56.7300","202510","01","8,500","0","2","1994","쌍용18길 61","-","-","-","","","아파트"
"16348","충청남도 천안시 서북구 쌍용동","380-4","0380","0004","경동","전세","79.7400","202510","01","6,000","0","5","1986","새말4길 36","-","-","-","","","아파트"
"16349","충청남도 천안시 서북구 성환읍 매주리","183","0183","0000","성환부영","전세","49.9200","202510","01","6,800","0","2","1998","천안대로 1843","202510~202710","신규","-","","","아파트"
"16350","충청남도 천안시 서북구 두정동","1283","1283","0000","프라지움","월세","20.5410","202510","01","300","34","3","2013","두정상가1길 27","202510~202610","신규","-","","","아파트"
"16351","충청남도 천안시 서북구 불당동","737","0737","0000","메가트로피","월세","19.1100","202510","01","200","35","5","2014","검은들3길 3","202510~202609","신규","-","","","아파트"
"16352","충청남도 천안시 서북구 불당동","1463","1463","0000","천안불당엘에이치1단지","월세","26.4800","202510","01","4,614","8","5","2019","불당24로 9","202511~202710","갱신","-","2,830","16","아파트"
"16353","충청남도 천안시 서북구 불당동","1463","1463","0000","천안불당엘에이치1단지","월세","37.2500","202510","01","5,243","19","15","2019","불당24로 9","202511~202710","갱신","-","4,402","9","아파트"
"16354","충청남도 천안시 서북구 불당동","1463","1463","0000","천안불당엘에이치1단지","월세","26.4800","202510","01","2,517","7","19","2019","불당24로 9","202511~202710","갱신","-","988","16","아파트"
"16355","충청남도 천안시 서북구 불당동","787","0787","0000","대원칸타빌","월세","133.8520","202510","01","5,000","150","14","2004","불당11로 82","202512~202712","신규","-","","","아파트"
"16356","충청남도 천안시 서북구 불당동","1546","1546","0000","천안불당린스트라우스2단지","전세","84.9235","202510","01","47,000","0","2","2017","불당19로 111","202512~202712","신규","-","","","아파트"
"16357","충청남도 천안시 서북구 쌍용동","1233","1233","0000","광명","전세","84.5600","202510","01","17,000","0","17","1993","미라2길 19","202510~202910","갱신","-","17,000","0","아파트"
"16358","충청남도 천안시 서북구 불당동","1546","1546","0000","천안불당린스트라우스2단지","월세","84.9235","202510","01","12,000","140","2","2017","불당19로 111","202512~202712","신규","-","","","아파트"
"16359","충청남도 천안시 서북구 불당동","1846","1846","0000","불당호반써밋플레이스센터시티","전세","84.9737","202510","01","39,690","0","8","2017","불당25로 8","202510~202710","신규","-","","","아파트"
"16360","충청남도 천안시 서북구 성성동","696","0696","0000","천안레이크타운푸르지오","전세","84.9100","202510","01","32,000","0","15","2017","성성6로 111","202511~202711","신규","-","","","아파트"
"16361","충청남도 천안시 동남구 병천면 탑원리","110","0110","0000","중앙","월세","55.9800","202510","01","1,598","13","6","1996","충절로 1890","202510~202711","신규","-","","","아파트"
"16362","충청남도 천안시 동남구 병천면 탑원리","110","0110","0000","중앙","월세","55.9800","202510","01","2,098","11","4","1996","충절로 1890","202510~202711","신규","-","","","아파트"
"16363","충청남도 천안시 서북구 쌍용동","388-2","0388","0002","현대3","월세","59.4000","202510","01","700","65","19","1994","충무로 208","202511~202711","신규","-","","","아파트"
"16364","충청남도 천안시 동남구 목천읍 응원리","66-14","0066","0014","세광엔리치빌1차","월세","84.1819","202510","01","1,000","50","2","2001","충절로 687","202510~202710","신규","-","","","아파트"
"16365","충청남도 천안시 동남구 목천읍 신계리","127-2","0127","0002","천안목천협성엠파이어","월세","39.8200","202510","01","300","32","1","2013","충절로 874","202510~202710","신규","-","","","아파트"
"16366","충청남도 천안시 동남구 목천읍 신계리","166-36","0166","0036","목천신도브래뉴2차","월세","74.5700","202510","01","3,000","50","13","2005","목천안터2길 19","202510~202710","신규","-","","","아파트"
"16367","충청남도 천안시 서북구 두정동","2078","2078","0000","두정역효성해링턴플레이스","전세","59.8600","202510","01","26,000","0","19","2020","봉정로 324","202512~202711","신규","-","","","아파트"
"16368","충청남도 천안시 동남구 풍세면 보성리","772","0772","0000","천안한양수자인에코시티","월세","84.9647","202510","01","500","40","6","2023","풍세산단로 290","202510~202609","신규","-","","","아파트"
"16369","충청남도 천안시 동남구 풍세면 보성리","772","0772","0000","천안한양수자인에코시티","전세","59.9177","202510","01","15,000","0","11","2023","풍세산단로 290","202512~202712","신규","-","","","아파트"
"16370","충청남도 천안시 서북구 성거읍 송남리","585","0585","0000","북천안자이포레스트","전세","43.8479","202510","01","10,500","0","13","2016","성거길 20","-","-","-","","","아파트"
"16371","충청남도 천안시 서북구 직산읍 모시리","242-5","0242","0005","대림","월세","39.9500","202510","01","300","38","8","1998","2공단5로 169","202510~202610","신규","-","","","아파트"
"16372","충청남도 천안시 서북구 입장면 도림리","341-1","0341","0001","한성","월세","39.5120","202510","01","500","34","5","1999","도림길 10","202510~202709","신규","-","","","아파트"
"16373","충청남도 천안시 서북구 입장면 도림리","341-1","0341","0001","한성","월세","54.2720","202510","01","500","40","1","1999","도림길 10","202510~202709","신규","-","","","아파트"
"16374","충청남도 아산시 탕정면 용두리","720","0720","0000","더퍼스트休","월세","15.8400","202510","01","45","45","6","2021","용머리길 109","202510~202512","신규","-","","","아파트"
"16375","충청남도 아산시 배방읍 세교리","1522","1522","0000","엘리프아산탕정","월세","74.6900","202510","01","3,000","100","15","2025","동방로 220","202510~202710","신규","-","","","아파트"
"16376","충청남도 천안시 동남구 청당동","436","0436","0000","청당마을신도브래뉴","월세","84.9310","202510","01","13,000","20","6","2006","풍세로 770","202510~202710","신규","-","","","아파트"
"16377","충청남도 천안시 동남구 청당동","436","0436","0000","청당마을신도브래뉴","월세","84.9310","202510","01","13,000","20","6","2006","풍세로 770","-","-","-","","","아파트"
"16378","충청남도 아산시 신창면 행목리","498","0498","0000","아산신창양우내안애","월세","35.1000","202510","01","300","40","8","2014","행목로 202","202510~202609","신규","-","","","아파트"
"16379","충청남도 천안시 동남구 봉명동","494","0494","0000","봉명청솔(3차)","전세","56.3400","202510","01","11,000","0","3","2001","봉서8길 13","202510~202710","신규","-","","","아파트"
"16380","충청남도 아산시 배방읍 세교리","1522","1522","0000","엘리프아산탕정","월세","84.9800","202510","01","2,000","120","5","2025","동방로 220","202511~202711","신규","-","","","아파트"
"16381","충청남도 아산시 배방읍 세교리","1522","1522","0000","엘리프아산탕정","전세","84.9700","202510","01","25,000","0","4","2025","동방로 220","202511~202711","신규","-","","","아파트"
"16382","충청남도 아산시 배방읍 세교리","1522","1522","0000","엘리프아산탕정","전세","74.9400","202510","01","24,000","0","13","2025","동방로 220","-","-","-","","","아파트"
"16383","충청남도 아산시 둔포면 석곡리","1801","1801","0000","테크노밸리EGthe12단지","월세","59.9805","202510","01","2,000","78","16","2015","아산밸리중앙로 58-5","202510~202710","갱신","-","2,000","75","아파트"
"16384","충청남도 아산시 둔포면 석곡리","1793","1793","0000","아산테크노밸리이지더원6단지","월세","72.3669","202510","01","1,000","100","15","2017","아산밸리북로 68","202510~202710","신규","-","","","아파트"
"16385","충청남도 아산시 탕정면 용두리","722","0722","0000","월드메르디앙웰리지(A동)","월세","35.8533","202510","01","300","75","12","2023","용머리길 41","202510~202704","신규","-","","","아파트"
"16386","충청남도 아산시 탕정면 용두리","722","0722","0000","월드메르디앙웰리지(A동)","월세","19.9636","202510","01","200","50","9","2023","용머리길 41","202510~202610","신규","-","","","아파트"
"16387","충청남도 아산시 음봉면 덕지리","21-3","0021","0003","초원그린타운","월세","39.2700","202510","01","300","34","8","1997","음봉로681번길 24","202510~202610","신규","-","","","아파트"
"16388","충청남도 공주시 의당면 청룡리","641-3","0641","0003","신한2차","전세","53.4600","202510","01","5,500","0","2","1998","연수원길 116","202510~202710","신규","-","","","아파트"
"16389","충청남도 당진시 송악읍 기지시리","504","0504","0000","힐스테이트당진2차","전세","84.9108","202510","01","21,500","0","6","2018","틀모시로 737","202511~202711","신규","-","","","아파트"
"16390","충청남도 당진시 송악읍 기지시리","504","0504","0000","힐스테이트당진2차","전세","62.7016","202510","01","16,000","0","4","2018","틀모시로 737","202510~202710","신규","-","","","아파트"
"16391","충청남도 당진시 송악읍 기지시리","504","0504","0000","힐스테이트당진2차","전세","84.9108","202510","01","20,000","0","6","2018","틀모시로 737","202512~202712","신규","-","","","아파트"
"16392","충청남도 아산시 음봉면 산동리","427-1","0427","0001","삼일원앙","월세","39.7300","202510","01","300","43","3","1997","음봉로 847","202510~202609","신규","-","","","아파트"
"16393","충청남도 아산시 음봉면 산동리","1068","1068","0000","해링턴플레이스스마트밸리","전세","59.5744","202510","01","20,000","0","5","2023","산동희망로 17","202511~202711","갱신","-","18,000","0","아파트"
"16394","충청남도 아산시 음봉면 산동리","1068","1068","0000","해링턴플레이스스마트밸리","전세","84.4796","202510","01","22,050","0","4","2023","산동희망로 17","202512~202712","갱신","사용","21,000","0","아파트"
"16395","충청남도 당진시 송악읍 기지시리","512","0512","0000","당진푸르지오센트럴파크","전세","84.9971","202510","01","24,500","0","4","2024","틀모시로 768-38","202510~202710","신규","-","","","아파트"
"16396","충청남도 당진시 송악읍 기지시리","504","0504","0000","힐스테이트당진2차","월세","62.9771","202510","01","2,000","70","19","2018","틀모시로 737","202512~202712","신규","-","","","아파트"
"16397","충청남도 아산시 탕정면 호산리","497","0497","0000","홍익","월세","39.1500","202510","01","300","35","14","1999","선문로 385","202510~202610","신규","-","","","아파트"
"16398","충청남도 아산시 배방읍 공수리","632","0632","0000","중앙하이츠오르젠1단지","전세","69.7900","202510","01","17,000","0","11","2006","배방로 58-10","202510~202710","갱신","-","17,000","0","아파트"
"16399","충청남도 아산시 배방읍 공수리","636","0636","0000","한라비발디","월세","84.7980","202510","01","2,000","85","1","2006","배방로 131","202511~202711","신규","-","","","아파트"
"16400","충청남도 아산시 배방읍 공수리","636","0636","0000","한라비발디","월세","84.7980","202510","01","2,000","85","1","2006","배방로 131","-","-","-","","","아파트"
"16401","충청남도 아산시 배방읍 장재리","1767","1767","0000","요진와이시티","전세","84.3542","202510","01","40,000","0","22","2011","광장로 210","202511~202711","갱신","-","40,000","0","아파트"
"16402","충청남도 아산시 탕정면 매곡리","1393","1393","0000","한들물빛도시시티프라디움","전세","84.9774","202510","01","31,500","0","10","2021","한들물빛3로 36","202510~202710","갱신","사용","30,000","0","아파트"
"16403","충청남도 서산시 석림동","463-1","0463","0001","석림주공2단지","월세","58.1400","202510","01","500","35","9","1996","석림4로 83","202510~202710","신규","-","","","아파트"
"16404","충청남도 논산시 화지동","24-27","0024","0027","오성대","전세","77.2792","202510","01","8,000","0","1","2001","해월로249번길 5","202512~202712","신규","-","","","아파트"
"16405","충청남도 아산시 용화동","712","0712","0000","용화주공3","월세","49.6500","202510","01","1,000","45","11","1997","온중로 22","202510~202710","신규","-","","","아파트"
"16406","충청남도 아산시 용화동","1395","1395","0000","아산용화엘크루","월세","59.9749","202510","01","2,000","80","6","2014","어의정로 92-7","202510~202608","신규","-","","","아파트"
"16407","충청남도 아산시 용화동","356","0356","0000","주공2","월세","47.0100","202510","01","500","38","3","1989","시민로 277-3","202511~202711","신규","-","","","아파트"
"16408","충청남도 서산시 읍내동","624-1","0624","0001","대림동신","월세","101.8800","202510","01","1,000","50","3","1994","부춘2로 47","202510~202710","신규","-","","","아파트"
"16409","충청남도 서산시 동문동","1000-4","1000","0004","코아루시티","월세","14.2300","202510","01","300","35","6","2018","안견로 271","202511~202711","신규","-","","","아파트"
"16410","충청남도 서산시 동문동","259-7","0259","0007","하트리움","월세","19.2300","202510","01","300","37","10","2015","중앙로 94","202510~202610","신규","-","","","아파트"
"16411","충청남도 서산시 동문동","510-6","0510","0006","서령","월세","59.8000","202510","01","500","35","5","1993","학동2로 7","202510~202710","신규","-","","","아파트"
"16412","충청남도 당진시 시곡동","120-9","0120","0009","현대그린","월세","44.4570","202510","01","500","30","6","1996","서해로 6258-8","202510~202710","신규","-","","","아파트"
"16413","충청남도 당진시 시곡동","136-1","0136","0001","우민늘사랑","월세","54.6000","202510","01","1,000","35","19","2007","서해로 6216","202510~202710","신규","-","","","아파트"
"16414","충청남도 아산시 득산동","392-2","0392","0002","부영","월세","49.9200","202510","01","500","45","6","1998","온천대로 1105-17","202510~202710","신규","-","","","아파트"
"16415","충청남도 아산시 득산동","392-2","0392","0002","부영","월세","49.9200","202510","01","500","55","3","1998","온천대로 1105-17","202510~202709","신규","-","","","아파트"
"16416","충청남도 천안시 동남구 용곡동","596","0596","0000","용곡한라비발디","전세","84.6434","202510","01","22,000","0","1","2010","용곡2길 43-11","-","-","-","","","아파트"
"16417","충청남도 당진시 원당동","1172","1172","0000","파크빌2차","전세","84.7270","202510","01","16,500","0","4","2005","밤절로 51","202510~202710","갱신","사용","16,000","0","아파트"
"16418","충청남도 당진시 원당동","1172","1172","0000","파크빌2차","월세","84.7270","202510","01","2,000","65","3","2005","밤절로 51","202510~202710","신규","-","","","아파트"
"16419","충청남도 당진시 원당동","1248","1248","0000","당진원당주공그린빌","전세","75.8700","202510","01","15,000","0","12","2005","밤절로 104","202510~202610","갱신","-","15,000","0","아파트"
"16420","충청남도 당진시 채운동","1120","1120","0000","대동다:숲","전세","84.9030","202510","01","17,000","0","18","2009","대호만로 30-17","202510~202710","갱신","-","17,000","0","아파트"
"16421","충청남도 아산시 배미동","174-3","0174","0003","서진","월세","39.6000","202510","01","300","40","7","2000","서부북로 973","202510~202710","신규","-","","","아파트"
"16422","충청남도 아산시 좌부동","84","0084","0000","초원설화타운2","월세","59.8800","202510","01","500","45","13","1995","고불로 669","202511~202711","신규","-","","","아파트"
"16423","충청남도 천안시 서북구 부대동","762","0762","0000","천안부성LH행복주택","월세","20.8800","202510","01","3,547","6","3","2022","부성18로 71","202511~202710","갱신","-","2,376","12","아파트"
"16424","충청남도 아산시 모종동","617","0617","0000","한성필하우스","전세","84.7641","202510","01","19,000","0","13","2005","모종로 21","202511~202711","신규","-","","","아파트"
"16425","충청남도 아산시 모종동","736","0736","0000","힐스테이트모종네오루체","월세","74.9863","202510","01","2,000","105","8","2023","못마루로 139","202512~202812","신규","-","","","아파트"
"16426","충청남도 보령시 명천동","1116","1116","0000","보령명천LH1단지","월세","46.8100","202510","01","2,395","27","7","2021","흥곡천변로 85","202511~202712","신규","-","","","아파트"
"16427","충청남도 보령시 명천동","1116","1116","0000","보령명천LH1단지","월세","46.8100","202510","01","887","32","6","2021","흥곡천변로 85","202511~202712","갱신","-","2,387","27","아파트"
"16428","충청남도 보령시 명천동","1116","1116","0000","보령명천LH1단지","월세","37.7500","202510","01","651","25","13","2021","흥곡천변로 85","202511~202712","갱신","-","1,551","22","아파트"
"16429","충청남도 공주시 신관동","24-64","0024","0064","주공3","월세","46.6800","202510","01","500","45","5","1990","신금1길 30-12","202511~202711","신규","-","","","아파트"
"16430","충청남도 당진시 수청동","2199","2199","0000","하이앤","월세","84.9304","202510","01","27,214","4","9","2024","수청3로 49","-","-","-","","","아파트"
"16431","충청남도 서산시 석림동","463-1","0463","0001","석림주공2단지","월세","58.1400","202510","01","500","55","12","1995","석림4로 83","202510~202710","신규","-","","","아파트"
"16432","충청남도 아산시 권곡동","627","0627","0000","아산한신더휴","전세","84.9700","202510","01","22,000","0","15","2025","문화로 257-45","202510~202710","신규","-","","","아파트"
"16433","충청남도 아산시 온천동","260-28","0260","0028","아산칸타빌센트럴시티","전세","59.9817","202510","01","17,500","0","34","2024","아산로17번길 5","202511~202711","신규","-","","","아파트"
"16434","충청남도 아산시 온천동","79-14","0079","0014","갤러리휴리움","월세","21.2800","202510","01","500","35","5","2018","온천대로 1532-5","202510~202610","신규","-","","","아파트"
"16435","충청남도 천안시 동남구 신방동","2191","2191","0000","신방삼부르네상스","전세","59.9977","202510","01","16,500","0","18","2023","풍세로 678-22","202510~202710","갱신","-","15,500","0","아파트"
"16436","충청남도 아산시 방축동","150-3","0150","0003","한성","월세","39.1500","202510","01","500","30","11","1997","온천대로 1315","202510~202604","신규","-","","","아파트"
"16437","충청남도 보령시 대천동","1482","1482","0000","라온프라이빗","전세","84.9732","202510","01","18,000","0","1","2015","대관초등길 100","202510~202710","신규","-","","","아파트"
"16438","충청남도 서산시 예천동","1334","1334","0000","e편한세상서산예천","월세","84.9831","202510","01","3,000","140","19","2017","동서1로 230","202510~202710","신규","-","","","아파트"
"16439","충청남도 서산시 예천동","1334","1334","0000","e편한세상서산예천","전세","59.9848","202510","01","23,000","0","15","2017","동서1로 230","202510~202710","신규","-","","","아파트"
"16440","충청남도 천안시 동남구 신부동","1004","1004","0000","더샵신부센트라","월세","59.9232","202510","01","2,000","80","2","2025","북일로 85","202512~202712","신규","-","","","아파트"
"16441","충청남도 천안시 동남구 신부동","986","0986","0000","신부 디 이스트","전세","74.8800","202510","01","21,146","0","17","2018","신부8길 21","202510~202712","신규","-","","","아파트"
"16442","충청남도 당진시 대덕동","1883","1883","0000","당진대덕수청시티프라디움2차","전세","84.9973","202510","01","18,700","0","7","2021","대덕1로 50","202510~202710","신규","-","","","아파트"
"16443","충청남도 당진시 대덕동","1883","1883","0000","당진대덕수청시티프라디움2차","전세","84.9960","202510","01","18,700","0","14","2021","대덕1로 50","202511~202711","신규","-","","","아파트"
"16444","충청남도 공주시 월송동","618","0618","0000","엔에이치에프공주월송2단지","전세","74.8700","202510","01","15,000","0","9","2018","무령로 600-85","202510~202709","신규","-","","","아파트"
