"NO","시군구","번지","본번","부번","단지명","전월세구분","전용면적(㎡)","계약년월","계약일","보증금(만원)","월세금(만원)","층","건축년도","도로명","계약기간","계약구분","갱신요구권 사용","종전계약 보증금(만원)","종전계약 월세(만원)","주택유형"
"25955","충청북도 증평군 증평읍 송산리","722","0722","0000","증평송산LH5단지","월세","37.2800","202503","31","2,586","17","5","2022","송산로 30","202410~202609","갱신","-","1,486","23","아파트"
"25956","충청북도 옥천군 옥천읍 마암리","489","0489","0000","옥천역금호어울림더퍼스트","전세","84.9114","202503","31","16,000","0","16","2025","대천길 42","202504~202704","신규","-","","","아파트"
"25957","충청북도 진천군 덕산읍 합목리","302","0302","0000","나우하이빌","월세","50.7820","202503","31","300","50","4","2002","이덕로 757","202504~202804","신규","-","","","아파트"
"25958","충청북도 충주시 대소원면 본리","645","0645","0000","충주코아루퍼스트아파트","월세","59.3554","202503","31","1,000","80","4","2016","첨단산업4로 24","202504~202604","갱신","-","1,000","80","아파트"
"25959","충청북도 충주시 대소원면 본리","642","0642","0000","충주지웰","전세","59.0907","202503","31","12,000","0","6","2016","첨단산업2로 42","202504~202704","신규","-","","","아파트"
"25960","충청북도 충주시 대소원면 본리","645","0645","0000","충주코아루퍼스트아파트","전세","59.3554","202503","31","11,000","0","5","2016","첨단산업4로 24","202504~202704","신규","-","","","아파트"
"25961","충청북도 진천군 덕산읍 두촌리","3147","3147","0000","우미린스테이","월세","70.5634","202503","31","10,240","17","13","2018","대하로 150","202505~202705","갱신","-","10,240","15","아파트"
"25962","충청북도 제천시 교동","1-1","0001","0001","두진","월세","59.9650","202503","31","1,000","62","4","1994","독순로23길 19","-","-","-","","","아파트"
"25963","충청북도 청주시 흥덕구 강내면 월곡리","438","0438","0000","흥덕칸타빌더뉴","전세","74.6957","202503","31","23,000","0","8","2024","가로수로 640-47","202505~202705","신규","-","","","아파트"
"25964","충청북도 청주시 청원구 내덕동","495","0495","0000","형제","월세","51.9900","202503","31","1,000","50","4","1991","충청대로71번길 10","202503~202703","신규","-","","","아파트"
"25965","충청북도 청주시 청원구 율량동","1144","1144","0000","한울아파트301동","월세","30.3300","202503","31","500","35","1","1998","주성로96번길 12","202504~202704","신규","-","","","아파트"
"25966","충청북도 청주시 청원구 율량동","861","0861","0000","두진백로그린타운","월세","32.7600","202503","31","3,000","20","11","1996","율봉로201번길 34","202506~202706","신규","-","","","아파트"
"25967","충청북도 청주시 흥덕구 문암동","213","0213","0000","청주테크노폴리스신영지웰푸르지오","전세","84.9664","202503","31","36,000","0","4","2022","송화로 229","202506~202706","신규","-","","","아파트"
"25968","충청북도 보은군 보은읍 이평리","168-1","0168","0001","두진하트리움","전세","59.9890","202503","31","13,000","0","8","2016","뱃들로 55-6","202505~202705","신규","-","","","아파트"
"25969","충청북도 보은군 보은읍 이평리","168-1","0168","0001","두진하트리움","전세","59.9890","202503","31","13,000","0","8","2016","뱃들로 55-6","202505~202705","신규","-","","","아파트"
"25970","충청북도 충주시 연수동","418","0418","0000","유원하나1차","전세","84.9800","202503","31","12,000","0","1","1993","갱고개로 116","202504~202704","신규","-","","","아파트"
"25971","충청북도 진천군 진천읍 장관리","884","0884","0000","진천장관사랑으로부영1차","월세","84.9877","202503","31","5,060","25","5","2013","장관2길 139","202504~202604","신규","-","","","아파트"
"25972","충청북도 진천군 진천읍 장관리","884","0884","0000","진천장관사랑으로부영1차","전세","84.9877","202503","31","11,905","0","7","2013","장관2길 139","202504~202604","신규","-","","","아파트"
"25973","충청북도 충주시 호암동","221-23","0221","0023","호암리버빌(1단지)","전세","84.6800","202503","31","16,500","0","13","2002","원호암5길 32","202503~202703","갱신","-","14,500","0","아파트"
"25974","충청북도 충주시 호암동","547-6","0547","0006","호반현대","전세","59.7600","202503","31","8,500","0","2","1994","신촌2길 29","202504~202704","갱신","-","8,500","0","아파트"
"25975","충청북도 충주시 주덕읍 화곡리","1111","1111","0000","서충주푸르지오더퍼스트","월세","84.6347","202503","31","2,000","85","9","2025","화개1길 74","202507~202707","신규","-","","","아파트"
"25976","충청북도 충주시 주덕읍 화곡리","1250","1250","0000","서충주신도시삼일파라뷰2차그랜드시티","전세","84.9963","202503","31","30,000","0","11","2024","화개4길 29","202504~202702","신규","-","","","아파트"
"25977","충청북도 충주시 주덕읍 화곡리","1250","1250","0000","서충주신도시삼일파라뷰2차그랜드시티","전세","84.9734","202503","31","30,000","0","11","2024","화개4길 29","202504~202702","신규","-","","","아파트"
"25978","충청북도 청주시 청원구 사천동","25","0025","0000","카운티스","월세","84.9194","202503","31","3,000","85","5","2003","주성로132번길 9","202505~202705","신규","-","","","아파트"
"25979","충청북도 청주시 청원구 사천동","444-1","0444","0001","사천동대창2차101동","월세","49.6752","202503","31","1,000","50","4","2000","새터로 186","202504~202704","신규","-","","","아파트"
"25980","충청북도 제천시 청전동","639","0639","0000","비둘기","월세","35.5200","202503","31","300","45","16","1991","청전대로 166","202504~202704","신규","-","","","아파트"
"25981","충청북도 청주시 청원구 율량동","1135","1135","0000","한울아파트302동","전세","45.3600","202503","31","7,200","0","14","1999","주성로96번길 8","202506~202706","갱신","-","7,200","0","아파트"
"25982","충청북도 청주시 청원구 율량동","1135","1135","0000","한울아파트302동","전세","45.3600","202503","31","7,500","0","7","1999","주성로96번길 8","202504~202704","갱신","-","7,500","0","아파트"
"25983","충청북도 영동군 영동읍 설계리","886","0886","0000","주공아파트(886-0)","월세","39.9400","202503","31","500","30","1","2002","눈어치로 22-10","202504~202704","신규","-","","","아파트"
"25984","충청북도 청주시 청원구 율량동","1135","1135","0000","한울아파트302동","전세","45.3600","202503","31","7,500","0","6","1999","주성로96번길 8","-","-","-","","","아파트"
"25985","충청북도 옥천군 옥천읍 대천리","406","0406","0000","태원아파트103동","전세","84.4388","202503","31","18,000","0","9","2023","성암응천길 20","202504~202703","신규","-","","","아파트"
"25986","충청북도 청주시 청원구 율량동","1144","1144","0000","한울아파트301동","전세","30.3300","202503","31","3,200","0","9","1998","주성로96번길 12","202507~202707","갱신","-","3,200","0","아파트"
"25987","충청북도 충주시 용산동","1678","1678","0000","용산주공2차","월세","49.7700","202503","31","1,000","40","1","1999","남산로 125","202504~202704","신규","-","","","아파트"
"25988","충청북도 충주시 용산동","1678","1678","0000","용산주공2차","월세","49.7700","202503","31","500","50","11","1999","남산로 125","202504~202704","신규","-","","","아파트"
"25989","충청북도 청주시 흥덕구 송정동","140-41","0140","0041","청주산단1행복주택","월세","26.9500","202503","31","4,344","6","9","2025","대신로 142","202503~202705","갱신","-","2,844","15","아파트"
"25990","충청북도 청주시 흥덕구 송정동","140-41","0140","0041","청주산단1행복주택","월세","44.6800","202503","31","7,460","11","2","2025","대신로 142","202503~202705","갱신","-","4,860","26","아파트"
"25991","충청북도 청주시 흥덕구 송정동","140-41","0140","0041","청주산단1행복주택","월세","26.9500","202503","31","4,860","7","7","2025","대신로 142","202503~202705","갱신","-","3,160","17","아파트"
"25992","충청북도 청주시 흥덕구 송정동","140-41","0140","0041","청주산단1행복주택","월세","26.9500","202503","31","602","23","4","2025","대신로 142","202503~202705","갱신","-","3,002","16","아파트"
"25993","충청북도 청주시 흥덕구 복대동","100-15","0100","0015","(100-15)","월세","26.9500","202503","31","2,612","15","8","2022","공단로 58","202503~202704","신규","-","","","아파트"
"25994","충청북도 청주시 흥덕구 강서동","466","0466","0000","미소랑","월세","34.1700","202503","31","1,000","50","13","2014","가로수로1164번길 41-8","202504~202604","신규","-","","","아파트"
"25995","충청북도 청주시 서원구 산남동","678","0678","0000","대원칸타빌1차","전세","84.9992","202503","31","28,000","0","8","2007","두꺼비로 63","202505~202705","신규","-","","","아파트"
"25996","충청북도 청주시 흥덕구 옥산면 가락리","953","0953","0000","흥덕코오롱하늘채아파트","월세","59.9318","202503","31","2,000","70","10","2016","가락길 60","202510~202610","신규","-","","","아파트"
"25997","충청북도 청주시 흥덕구 송정동","140-41","0140","0041","청주산단1행복주택","월세","36.4600","202503","31","6,024","9","13","2025","대신로 142","202503~202705","갱신","-","3,924","21","아파트"
"25998","충청북도 청주시 흥덕구 송정동","140-41","0140","0041","청주산단1행복주택","월세","36.4600","202503","31","6,024","9","17","2025","대신로 142","202503~202705","갱신","-","3,924","21","아파트"
"25999","충청북도 청주시 흥덕구 송정동","140-41","0140","0041","청주산단1행복주택","월세","44.6800","202503","31","7,460","11","3","2025","대신로 142","202503~202705","갱신","-","4,860","26","아파트"
"26000","충청북도 청주시 흥덕구 송정동","140-41","0140","0041","청주산단1행복주택","월세","26.9500","202503","31","4,344","6","14","2025","대신로 142","202503~202705","갱신","-","2,844","15","아파트"
"26001","충청북도 청주시 흥덕구 송정동","140-41","0140","0041","청주산단1행복주택","월세","44.6800","202503","31","7,460","11","5","2025","대신로 142","202503~202705","갱신","-","4,860","26","아파트"
"26002","충청북도 청주시 흥덕구 송정동","140-41","0140","0041","청주산단1행복주택","월세","26.9500","202503","31","4,344","6","11","2025","대신로 142","202503~202705","갱신","-","2,844","15","아파트"
"26003","충청북도 청주시 흥덕구 송정동","140-41","0140","0041","청주산단1행복주택","월세","36.4600","202503","31","6,024","9","12","2025","대신로 142","202503~202705","갱신","-","3,924","21","아파트"
"26004","충청북도 청주시 흥덕구 송정동","140-41","0140","0041","청주산단1행복주택","월세","26.9500","202503","31","4,602","7","13","2025","대신로 142","202503~202705","신규","-","","","아파트"
"26005","충청북도 청주시 흥덕구 송정동","140-41","0140","0041","청주산단1행복주택","월세","26.9500","202503","31","602","23","17","2025","대신로 142","202503~202705","갱신","-","3,002","16","아파트"
"26006","충청북도 청주시 흥덕구 송정동","140-41","0140","0041","청주산단1행복주택","월세","26.9500","202503","31","4,344","6","6","2025","대신로 142","202503~202705","갱신","-","2,844","15","아파트"
"26007","충청북도 청주시 흥덕구 송정동","140-41","0140","0041","청주산단1행복주택","월세","36.4600","202503","31","5,706","8","11","2025","대신로 142","202503~202705","갱신","-","3,706","20","아파트"
"26008","충청북도 청주시 흥덕구 송정동","140-41","0140","0041","청주산단1행복주택","월세","26.9500","202503","31","4,086","6","13","2025","대신로 142","202503~202705","갱신","-","2,686","14","아파트"
"26009","충청북도 청주시 흥덕구 복대동","3029","3029","0000","현대2","월세","60.0000","202503","31","1,000","85","2","1999","증안로 77","202505~202609","신규","-","","","아파트"
"26010","충청북도 청주시 흥덕구 송정동","140-41","0140","0041","청주산단1행복주택","월세","26.9500","202503","31","4,344","6","13","2025","대신로 142","202503~202705","갱신","-","2,844","15","아파트"
"26011","충청북도 청주시 흥덕구 송정동","140-41","0140","0041","청주산단1행복주택","월세","26.9500","202503","31","4,244","7","14","2025","대신로 142","202503~202705","갱신","-","2,844","15","아파트"
"26012","충청북도 청주시 흥덕구 복대동","2442","2442","0000","형석(2442)","전세","57.2900","202503","31","9,500","0","1","1990","장구봉로101번길 27","202503~202703","갱신","-","7,350","0","아파트"
"26013","충청북도 청주시 흥덕구 송정동","140-41","0140","0041","청주산단1행복주택","월세","36.4600","202503","31","6,024","9","5","2025","대신로 142","202503~202705","갱신","-","3,924","21","아파트"
"26014","충청북도 청주시 흥덕구 송정동","140-41","0140","0041","청주산단1행복주택","월세","36.4600","202503","31","824","30","22","2025","대신로 142","202503~202705","갱신","-","3,924","21","아파트"
"26015","충청북도 청주시 흥덕구 송정동","140-41","0140","0041","청주산단1행복주택","월세","26.9500","202503","31","4,344","6","17","2025","대신로 142","202503~202705","갱신","-","2,844","15","아파트"
"26016","충청북도 청주시 흥덕구 송정동","140-41","0140","0041","청주산단1행복주택","월세","36.4600","202503","31","6,024","9","9","2025","대신로 142","202503~202705","갱신","-","3,924","21","아파트"
"26017","충청북도 청주시 흥덕구 송정동","140-41","0140","0041","청주산단1행복주택","월세","36.4600","202503","31","6,024","9","15","2025","대신로 142","202503~202705","갱신","-","3,924","21","아파트"
"26018","충청북도 청주시 흥덕구 송정동","140-41","0140","0041","청주산단1행복주택","월세","26.9500","202503","31","4,344","6","20","2025","대신로 142","202503~202705","갱신","-","2,844","15","아파트"
"26019","충청북도 청주시 흥덕구 송정동","140-41","0140","0041","청주산단1행복주택","월세","26.9500","202503","31","4,344","6","19","2025","대신로 142","202503~202705","갱신","-","2,844","15","아파트"
"26020","충청북도 청주시 흥덕구 송정동","140-41","0140","0041","청주산단1행복주택","월세","36.4600","202503","31","5,706","8","8","2025","대신로 142","202503~202705","갱신","-","3,706","20","아파트"
"26021","충청북도 청주시 흥덕구 송정동","140-41","0140","0041","청주산단1행복주택","월세","26.9500","202503","31","4,344","6","21","2025","대신로 142","202503~202705","갱신","-","2,844","15","아파트"
"26022","충청북도 청주시 흥덕구 송정동","140-41","0140","0041","청주산단1행복주택","월세","36.4600","202503","31","6,024","9","6","2025","대신로 142","202503~202705","갱신","-","3,924","21","아파트"
"26023","충청북도 청주시 흥덕구 송정동","140-41","0140","0041","청주산단1행복주택","월세","26.9500","202503","31","4,344","6","20","2025","대신로 142","202503~202705","갱신","-","2,844","15","아파트"
"26024","충청북도 청주시 흥덕구 송정동","140-41","0140","0041","청주산단1행복주택","월세","26.9500","202503","31","4,344","6","11","2025","대신로 142","202503~202705","갱신","-","2,844","15","아파트"
"26025","충청북도 청주시 흥덕구 송정동","140-41","0140","0041","청주산단1행복주택","월세","36.4600","202503","31","6,024","9","13","2025","대신로 142","202503~202705","갱신","-","3,924","21","아파트"
"26026","충청북도 청주시 흥덕구 송정동","140-41","0140","0041","청주산단1행복주택","월세","36.4600","202503","31","6,024","9","9","2025","대신로 142","202503~202705","갱신","-","3,924","21","아파트"
"26027","충청북도 청주시 흥덕구 송정동","140-41","0140","0041","청주산단1행복주택","월세","26.9500","202503","31","4,086","6","6","2025","대신로 142","202503~202705","갱신","-","2,686","14","아파트"
"26028","충청북도 청주시 흥덕구 가경동","1028","1028","0000","(1028-0)","월세","25.8300","202503","31","50","35","3","2013","풍년로193번길 26","202504~202507","신규","-","","","아파트"
"26029","충청북도 청주시 흥덕구 가경동","1028","1028","0000","(1028-0)","월세","25.8300","202503","31","50","35","3","2013","풍년로193번길 26","202504~202507","신규","-","","","아파트"
"26030","충청북도 청주시 서원구 분평동","1261","1261","0000","주공4단지2차","월세","49.7700","202503","31","1,000","40","11","1998","1순환로1137번길 80","202503~202603","갱신","-","1,000","40","아파트"
"26031","충청북도 청주시 서원구 개신동","613","0613","0000","휴먼시아","전세","49.9300","202503","31","12,800","0","9","2001","경신로 67","202506~202706","신규","-","","","아파트"
"26032","충청북도 청주시 서원구 성화동","619","0619","0000","성화주공2단지","월세","59.8800","202503","31","6,115","11","1","2007","장전로 80","202504~202703","갱신","-","5,950","9","아파트"
"26033","충청북도 청주시 서원구 모충동","552","0552","0000","동일센타시아","전세","65.0612","202503","31","17,000","0","11","2016","매봉로 190","202504~202704","갱신","사용","17,000","0","아파트"
"26034","충청북도 청주시 흥덕구 가경동","1028","1028","0000","(1028-0)","월세","24.1800","202503","31","50","35","4","2013","풍년로193번길 26","202504~202507","신규","-","","","아파트"
"26035","충청북도 청주시 흥덕구 가경동","2236","2236","0000","청주가경아이파크2단지","전세","105.5800","202503","31","48,000","0","17","2020","서현로 68","202506~202703","신규","-","","","아파트"
"26036","충청북도 청주시 흥덕구 송정동","140-41","0140","0041","청주산단1행복주택","월세","44.6800","202503","31","7,460","11","14","2025","대신로 142","202503~202705","갱신","-","4,860","26","아파트"
"26037","충청북도 청주시 흥덕구 송정동","140-41","0140","0041","청주산단1행복주택","월세","26.9500","202503","31","3,644","11","22","2025","대신로 142","202503~202705","갱신","-","2,844","15","아파트"
"26038","충청북도 청주시 흥덕구 송정동","140-41","0140","0041","청주산단1행복주택","월세","26.9500","202503","31","4,344","6","15","2025","대신로 142","202503~202705","갱신","-","2,844","15","아파트"
"26039","충청북도 청주시 흥덕구 송정동","140-41","0140","0041","청주산단1행복주택","월세","36.4600","202503","31","1,006","28","8","2025","대신로 142","202503~202705","갱신","-","3,706","20","아파트"
"26040","충청북도 청주시 흥덕구 송정동","140-41","0140","0041","청주산단1행복주택","월세","36.4600","202503","31","5,924","9","7","2025","대신로 142","202503~202705","갱신","-","3,924","21","아파트"
"26041","충청북도 청주시 흥덕구 송정동","140-41","0140","0041","청주산단1행복주택","월세","36.4600","202503","31","6,024","9","22","2025","대신로 142","202503~202705","갱신","-","3,924","21","아파트"
"26042","충청북도 청주시 흥덕구 송정동","140-41","0140","0041","청주산단1행복주택","월세","36.4600","202503","31","6,024","9","2","2025","대신로 142","202503~202705","갱신","-","3,924","21","아파트"
"26043","충청북도 청주시 흥덕구 송정동","140-41","0140","0041","청주산단1행복주택","월세","36.4600","202503","31","6,024","9","4","2025","대신로 142","202503~202705","갱신","-","3,924","21","아파트"
"26044","충청북도 청주시 흥덕구 송정동","140-41","0140","0041","청주산단1행복주택","월세","36.4600","202503","31","6,024","9","17","2025","대신로 142","202503~202705","갱신","-","3,924","21","아파트"
"26045","충청북도 청주시 상당구 용암동","3156","3156","0000","청주동남엘에이치3단지","월세","29.6700","202503","31","1,154","15","10","2022","호미로 60","202504~202705","신규","-","","","아파트"
"26046","충청북도 청주시 상당구 용암동","3156","3156","0000","청주동남엘에이치3단지","월세","37.4900","202503","31","2,123","21","9","2022","호미로 60","202504~202705","신규","-","","","아파트"
"26047","충청북도 청주시 상당구 용암동","3156","3156","0000","청주동남엘에이치3단지","월세","29.6700","202503","31","1,154","15","13","2022","호미로 60","202504~202705","신규","-","","","아파트"
"26048","충청북도 청주시 상당구 용암동","3156","3156","0000","청주동남엘에이치3단지","월세","37.4900","202503","31","2,123","21","5","2022","호미로 60","202504~202705","신규","-","","","아파트"
"26049","충청북도 청주시 흥덕구 오송읍 봉산리","1510","1510","0000","오송역대광로제비앙","전세","59.9980","202503","31","15,270","0","23","2023","오송생명8로 178","202503~202703","신규","-","","","아파트"
"26050","충청북도 청주시 흥덕구 오송읍 봉산리","1516","1516","0000","제일풍경채오송","월세","84.9865","202503","31","12,000","15","14","2023","오송생명7로 102","-","-","-","","","아파트"
"26051","충청북도 청주시 흥덕구 오송읍 봉산리","798","0798","0000","오송역파라곤센트럴시티","월세","59.8447","202503","31","2,000","90","15","2023","오송생명7로 151","202504~202704","신규","-","","","아파트"
"26052","충청북도 청주시 상당구 용암동","3156","3156","0000","청주동남엘에이치3단지","월세","46.1000","202503","31","3,279","27","15","2022","호미로 60","202504~202705","신규","-","","","아파트"
"26053","충청북도 청주시 상당구 용암동","3156","3156","0000","청주동남엘에이치3단지","월세","46.2300","202503","31","3,279","27","2","2022","호미로 60","202504~202705","신규","-","","","아파트"
"26054","충청북도 청주시 상당구 용암동","3156","3156","0000","청주동남엘에이치3단지","월세","46.1000","202503","31","3,279","27","19","2022","호미로 60","202504~202705","신규","-","","","아파트"
"26055","충청북도 청주시 상당구 용암동","3156","3156","0000","청주동남엘에이치3단지","월세","37.4900","202503","31","2,123","21","17","2022","호미로 60","202504~202705","신규","-","","","아파트"
"26056","충청북도 청주시 상당구 용암동","3156","3156","0000","청주동남엘에이치3단지","월세","29.6700","202503","31","1,154","15","7","2022","호미로 60","202504~202705","신규","-","","","아파트"
"26057","충청북도 청주시 상당구 용암동","3156","3156","0000","청주동남엘에이치3단지","월세","46.2300","202503","31","3,279","27","18","2022","호미로 60","202504~202705","신규","-","","","아파트"
"26058","충청북도 청주시 상당구 용암동","3156","3156","0000","청주동남엘에이치3단지","월세","37.4900","202503","31","2,123","21","12","2022","호미로 60","202504~202705","신규","-","","","아파트"
"26059","충청북도 청주시 상당구 용암동","3156","3156","0000","청주동남엘에이치3단지","월세","46.2300","202503","31","879","34","2","2022","호미로 60","202504~202705","갱신","-","3,279","27","아파트"
"26060","충청북도 청주시 상당구 영운동","135-19","0135","0019","두산하이츠","월세","22.9300","202503","31","200","20","7","1992","단재로95번길 40","202503~202703","신규","-","","","아파트"
"26061","충청북도 청주시 상당구 용암동","3156","3156","0000","청주동남엘에이치3단지","월세","46.1000","202503","31","3,279","27","11","2022","호미로 60","202504~202705","신규","-","","","아파트"
"26062","충청북도 청주시 청원구 오창읍 주성리","569","0569","0000","충북오창사랑으로부영6단지","전세","57.7554","202503","31","12,567","0","3","2014","2산단로 125","202505~202605","신규","-","","","아파트"
"26063","충청북도 청주시 청원구 오창읍 주성리","567","0567","0000","충북오창사랑으로부영5단지","전세","82.8216","202503","31","16,542","0","10","2015","2산단4로 20","202504~202604","갱신","-","16,379","0","아파트"
"26064","충청북도 청주시 청원구 오창읍 주성리","567","0567","0000","충북오창사랑으로부영5단지","월세","82.8216","202503","31","5,335","46","1","2015","2산단4로 20","202504~202604","갱신","-","5,283","45","아파트"
"26065","충청북도 청주시 청원구 오창읍 주성리","561","0561","0000","충북오창사랑으로부영8단지","전세","82.8216","202503","31","16,542","0","19","2015","2산단로 151","202504~202604","갱신","-","16,379","0","아파트"
"26066","충청북도 청주시 청원구 오창읍 주성리","569","0569","0000","충북오창사랑으로부영6단지","전세","57.7554","202503","31","12,382","0","12","2014","2산단로 125","202504~202604","신규","-","","","아파트"
"26067","충청북도 청주시 청원구 오창읍 주성리","567","0567","0000","충북오창사랑으로부영5단지","전세","82.8216","202503","31","16,542","0","8","2015","2산단4로 20","202504~202604","갱신","-","16,379","0","아파트"
"26068","충청북도 청주시 상당구 문화동","118","0118","0000","문화동센트럴칸타빌","전세","84.7409","202503","31","26,000","0","18","2018","용담로 7","-","-","-","","","아파트"
"26069","충청북도 청주시 청원구 우암동","1213","1213","0000","청주우암행복주택","월세","21.8100","202503","31","2,077","11","13","2023","직지대로 864","202503~202704","신규","-","","","아파트"
"26070","충청북도 청주시 청원구 우암동","1213","1213","0000","청주우암행복주택","월세","21.8100","202503","31","2,077","11","11","2023","직지대로 864","202503~202704","신규","-","","","아파트"
"26071","충청북도 청주시 상당구 용암동","3156","3156","0000","청주동남엘에이치3단지","월세","37.4900","202503","31","2,123","21","21","2022","호미로 60","202504~202705","신규","-","","","아파트"
"26072","충청북도 청주시 청원구 우암동","1213","1213","0000","청주우암행복주택","월세","21.8100","202503","31","2,077","11","15","2023","직지대로 864","202503~202704","신규","-","","","아파트"
"26073","충청북도 청주시 청원구 우암동","1213","1213","0000","청주우암행복주택","월세","26.7100","202503","31","2,492","14","15","2023","직지대로 864","202503~202704","신규","-","","","아파트"
"26074","충청북도 청주시 청원구 우암동","1213","1213","0000","청주우암행복주택","월세","26.7100","202503","31","2,492","14","13","2023","직지대로 864","202503~202704","신규","-","","","아파트"
"26075","충청북도 청주시 청원구 우암동","1213","1213","0000","청주우암행복주택","월세","21.8100","202503","31","2,626","7","8","2023","직지대로 864","202506~202705","갱신","-","1,870","10","아파트"
"26076","충청북도 청주시 상당구 용암동","3156","3156","0000","청주동남엘에이치3단지","월세","29.6700","202503","31","1,154","15","8","2022","호미로 60","202504~202705","신규","-","","","아파트"
"26077","충청북도 청주시 상당구 북문로3가","123","0123","0000","청주행정타운코아루휴티스","전세","84.9935","202503","31","30,500","0","14","2020","중앙로 80","202504~202604","갱신","-","24,500","0","아파트"
"26078","충청북도 청주시 상당구 용암동","3156","3156","0000","청주동남엘에이치3단지","월세","29.6700","202503","31","1,154","15","7","2022","호미로 60","202504~202705","신규","-","","","아파트"
"26079","충청북도 청주시 상당구 탑동","390","0390","0000","센트럴힐데스하임","전세","80.9480","202503","31","34,000","0","16","2022","용담로 50","202504~202707","신규","-","","","아파트"
"26080","충청북도 청주시 상당구 탑동","390","0390","0000","센트럴힐데스하임","전세","129.8320","202503","31","31,500","0","21","2022","용담로 50","202504~202608","갱신","사용","30,000","0","아파트"
"26081","충청북도 청주시 청원구 우암동","1213","1213","0000","청주우암행복주택","월세","26.7100","202503","31","492","19","15","2023","직지대로 864","202503~202704","갱신","-","2,492","14","아파트"
"26082","충청북도 청주시 청원구 우암동","1213","1213","0000","청주우암행복주택","월세","21.8100","202503","31","2,977","6","15","2023","직지대로 864","202503~202704","갱신","-","2,077","11","아파트"
"26083","충청북도 청주시 청원구 우암동","1213","1213","0000","청주우암행복주택","월세","21.8100","202503","31","2,626","7","8","2023","직지대로 864","202506~202705","갱신","-","2,570","7","아파트"
"26084","충청북도 청주시 상당구 용암동","3156","3156","0000","청주동남엘에이치3단지","월세","29.6700","202503","31","1,154","15","9","2022","호미로 60","202504~202705","신규","-","","","아파트"
"26085","충청북도 청주시 상당구 용암동","3156","3156","0000","청주동남엘에이치3단지","월세","46.2300","202503","31","3,279","27","24","2022","호미로 60","202504~202705","신규","-","","","아파트"
"26086","충청북도 청주시 상당구 용암동","3164","3164","0000","청주동남파밀리에NHF4단지","월세","59.4700","202503","31","9,150","20","1","2021","동남로 187","202504~202703","갱신","-","4,611","41","아파트"
"26087","충청북도 청주시 상당구 금천동","50-3","0050","0003","경희","월세","31.2000","202503","31","300","30","3","1997","꽃산동로 4-2","202504~202704","신규","-","","","아파트"
"26088","충청북도 청주시 상당구 금천동","317","0317","0000","장자마을부영(9단지)","월세","48.3895","202503","31","2,000","60","6","2002","중고개로 286","202504~202704","신규","-","","","아파트"
"26089","충청북도 청주시 상당구 용암동","3156","3156","0000","청주동남엘에이치3단지","월세","29.6700","202503","31","1,154","15","2","2022","호미로 60","202504~202705","신규","-","","","아파트"
"26090","충청북도 청주시 청원구 오창읍 각리","638-1","0638","0001","우림필유1차","전세","84.9400","202503","31","24,000","0","9","2006","오창중앙로 13","202505~202705","신규","-","","","아파트"
"26091","충청북도 청주시 청원구 오창읍 각리","637-6","0637","0006","중앙하이츠빌","월세","84.6881","202503","31","2,000","100","8","2006","오창중앙로 32","202504~202704","신규","-","","","아파트"
"26092","충청북도 청주시 상당구 용암동","2083","2083","0000","삼일무지개","월세","59.9400","202503","31","2,000","55","7","1994","무농정로 103","202505~202705","신규","-","","","아파트"
"26093","충청북도 청주시 흥덕구 오송읍 봉산리","1531","1531","0000","오송역대광로제비앙그랜드센텀","전세","84.9924","202503","31","25,500","0","7","2024","오송생명14로 283","202406~202606","신규","-","","","아파트"
"26094","충청북도 청주시 흥덕구 오송읍 봉산리","1531","1531","0000","오송역대광로제비앙그랜드센텀","전세","84.9924","202503","31","25,500","0","7","2024","오송생명14로 283","202503~202703","신규","-","","","아파트"
"26095","충청북도 청주시 상당구 용암동","3156","3156","0000","청주동남엘에이치3단지","월세","29.6700","202503","31","1,154","15","21","2022","호미로 60","202504~202705","신규","-","","","아파트"
"26096","충청북도 청주시 상당구 용암동","3156","3156","0000","청주동남엘에이치3단지","월세","29.6700","202503","31","1,154","15","19","2022","호미로 60","202504~202705","신규","-","","","아파트"
"26097","충청북도 청주시 상당구 용암동","3156","3156","0000","청주동남엘에이치3단지","월세","29.6700","202503","31","1,154","15","24","2022","호미로 60","202504~202705","신규","-","","","아파트"
"26098","충청북도 청주시 상당구 용암동","3156","3156","0000","청주동남엘에이치3단지","월세","37.4900","202503","31","2,123","21","23","2022","호미로 60","202504~202705","신규","-","","","아파트"
"26099","충청북도 청주시 상당구 용암동","3156","3156","0000","청주동남엘에이치3단지","월세","29.6700","202503","31","1,154","15","7","2022","호미로 60","202504~202705","신규","-","","","아파트"
"26100","충청북도 청주시 상당구 용암동","3156","3156","0000","청주동남엘에이치3단지","월세","29.6700","202503","31","1,154","15","18","2022","호미로 60","202504~202705","신규","-","","","아파트"
"26101","충청북도 청주시 상당구 용암동","3156","3156","0000","청주동남엘에이치3단지","월세","37.4900","202503","31","2,123","21","5","2022","호미로 60","202504~202705","신규","-","","","아파트"
"26102","충청북도 청주시 흥덕구 오송읍 봉산리","1530","1530","0000","오송역서한이다음노블리스","전세","134.4924","202503","30","37,000","0","7","2025","오송생명14로 217","202505~202705","신규","-","","","아파트"
"26103","충청북도 청주시 서원구 남이면 가마리","378","0378","0000","청주가마힐데스하임","전세","80.0331","202503","30","27,000","0","14","2016","2순환로 1717","202507~202707","신규","-","","","아파트"
"26104","충청북도 청주시 상당구 금천동","50-3","0050","0003","경희","전세","31.2000","202503","30","4,000","0","4","1997","꽃산동로 4-2","202502~202702","신규","-","","","아파트"
"26105","충청북도 청주시 청원구 오창읍 각리","638-1","0638","0001","우림필유1차","전세","84.9400","202503","30","23,000","0","9","2006","오창중앙로 13","202506~202706","신규","-","","","아파트"
"26106","충청북도 청주시 청원구 오창읍 각리","646-6","0646","0006","이안오창","전세","59.4414","202503","30","16,500","0","13","2006","오창중앙로 83","202506~202706","신규","-","","","아파트"
"26107","충청북도 청주시 상당구 방서동","825","0825","0000","동남지구호반써밋브룩사이드","전세","84.9481","202503","30","41,000","0","8","2023","동남로 2","202506~202706","신규","-","","","아파트"
"26108","충청북도 청주시 청원구 오창읍 창리","160","0160","0000","대원칸타빌아파트","월세","84.9653","202503","30","4,000","90","18","2017","2산단4로 55","202504~202608","신규","-","","","아파트"
"26109","충청북도 청주시 청원구 오창읍 양청리","810-2","0810","0002","오창롯데캐슬더하이스트","월세","59.9377","202503","30","3,000","100","21","2018","중부로 760","202503~202703","갱신","-","3,000","95","아파트"
"26110","충청북도 청주시 청원구 오창읍 각리","646-1","0646","0001","우림필유2차","전세","84.9673","202503","30","23,500","0","7","2006","오창중앙로 65","202505~202705","갱신","-","23,000","0","아파트"
"26111","충청북도 청주시 상당구 방서동","825","0825","0000","동남지구호반써밋브룩사이드","월세","84.9481","202503","30","7,000","130","9","2023","동남로 2","202505~202710","신규","-","","","아파트"
"26112","충청북도 청주시 상당구 방서동","825","0825","0000","동남지구호반써밋브룩사이드","전세","84.9481","202503","30","41,000","0","8","2023","동남로 2","202506~202706","신규","-","","","아파트"
"26113","충청북도 청주시 청원구 오창읍 창리","160","0160","0000","대원칸타빌아파트","월세","84.9653","202503","30","4,000","90","18","2017","2산단4로 55","-","-","-","","","아파트"
"26114","충청북도 청주시 청원구 오창읍 창리","160","0160","0000","대원칸타빌아파트","월세","84.9653","202503","30","4,000","90","18","2017","2산단4로 55","202504~202608","신규","-","","","아파트"
"26115","충청북도 청주시 상당구 금천동","477","0477","0000","금천센트럴파크스타힐스","전세","84.6785","202503","30","30,000","0","22","2020","쇠내로 48","202504~202704","신규","-","","","아파트"
"26116","충청북도 청주시 흥덕구 오송읍 봉산리","1530","1530","0000","오송역서한이다음노블리스","전세","134.4924","202503","30","37,000","0","24","2025","오송생명14로 217","202508~202908","신규","-","","","아파트"
"26117","충청북도 청주시 상당구 금천동","477","0477","0000","금천센트럴파크스타힐스","월세","84.6785","202503","30","3,000","130","2","2020","쇠내로 48","202504~202704","신규","-","","","아파트"
"26118","충청북도 청주시 청원구 사천동","697","0697","0000","청주사천푸르지오","전세","84.9748","202503","30","33,000","0","13","2018","사뜸로 106","202506~202706","갱신","-","30,000","0","아파트"
"26119","충청북도 충주시 호암동","542-1","0542","0001","세경","전세","56.8800","202503","30","5,500","0","3","1989","신촌2길 14","202505~202705","신규","-","","","아파트"
"26120","충청북도 충주시 대소원면 본리","668","0668","0000","충주첨단행복주택","월세","26.0700","202503","30","1,453","7","7","2016","첨단쉼터8길 19","202504~202703","갱신","-","1,314","7","아파트"
"26121","충청북도 충주시 호암동","542-1","0542","0001","세경","전세","56.8800","202503","30","5,500","0","3","1989","신촌2길 14","202505~202705","신규","-","","","아파트"
"26122","충청북도 제천시 청전동","639","0639","0000","비둘기","월세","35.5200","202503","30","300","45","12","1991","청전대로 166","202504~202704","신규","-","","","아파트"
"26123","충청북도 충주시 연수동","418","0418","0000","유원하나1차","전세","59.4150","202503","30","8,000","0","13","1993","갱고개로 116","202505~202705","신규","-","","","아파트"
"26124","충청북도 충주시 연수동","1767","1767","0000","충주센트럴푸르지오","월세","84.9589","202503","30","20,000","55","4","2018","연수서편2길 11","202506~202706","신규","-","","","아파트"
"26125","충청북도 충주시 연수동","1627","1627","0000","연수힐스테이트","월세","143.2109","202503","30","5,000","110","12","2007","연수동산로 26","202503~202803","신규","-","","","아파트"
"26126","충청북도 충주시 연수동","700","0700","0000","두진1차","월세","39.8100","202503","30","300","30","8","1991","연수로 7","202504~202704","신규","-","","","아파트"
"26127","충청북도 충주시 봉방동","143-3","0143","0003","씨티빌상지","월세","25.1900","202503","30","300","35","8","2002","봉방4길 38","202503~202603","신규","-","","","아파트"
"26128","충청북도 충주시 대소원면 본리","649","0649","0000","중앙하이츠프리미어충주","월세","84.9600","202503","30","1,500","70","4","2023","첨단산업4로 54","202505~202705","신규","-","","","아파트"
"26129","충청북도 옥천군 옥천읍 마암리","489","0489","0000","옥천역금호어울림더퍼스트","월세","84.9114","202503","30","5,000","50","5","2025","대천길 42","202504~202704","신규","-","","","아파트"
"26130","충청북도 청주시 청원구 사천동","25-2","0025","0002","정도드림-빌","월세","29.9200","202503","30","500","35","7","1999","공항로 159-12","202504~202703","신규","-","","","아파트"
"26131","충청북도 진천군 진천읍 교성리","5-2","0005","0002","정암(5-2)정암한마음","월세","59.7800","202503","30","500","52","6","1997","원덕로 317","202505~202905","신규","-","","","아파트"
"26132","충청북도 충주시 교현동","144-28","0144","0028","신원7","월세","34.8300","202503","30","300","35","2","1990","만리산로 33","202504~202704","신규","-","","","아파트"
"26133","충청북도 청주시 흥덕구 복대동","2456","2456","0000","아름다운나날영조1","전세","59.3291","202503","30","17,500","0","12","2003","증안로 21","202506~202706","신규","-","","","아파트"
"26134","충청북도 청주시 서원구 사직동","934","0934","0000","푸르지오캐슬(501~508)","월세","72.2800","202503","30","3,000","70","13","2010","예체로 30","202504~202604","갱신","사용","3,000","65","아파트"
"26135","충청북도 청주시 흥덕구 복대동","3381","3381","0000","두산위브지웰시티2차","전세","80.4990","202503","30","49,000","0","33","2015","대농로 55","202507~202707","신규","-","","","아파트"
"26136","충청북도 청주시 흥덕구 옥산면 가락리","981","0981","0000","청주리버파크자이","월세","84.9330","202503","30","2,000","95","1","2019","오송가락로 1056","202504~202704","신규","-","","","아파트"
"26137","충청북도 청주시 서원구 분평동","275-1","0275","0001","대승스카이빌","월세","34.8899","202503","30","500","35","13","2001","안뜸로12번길 13","202503~202703","신규","-","","","아파트"
"26138","충청북도 청주시 서원구 수곡동","1057","1057","0000","더샵청주퍼스트파크","전세","76.9836","202503","30","32,000","0","7","2021","수곡로 20","202505~202705","신규","-","","","아파트"
"26139","충청북도 청주시 흥덕구 옥산면 가락리","953","0953","0000","흥덕코오롱하늘채아파트","전세","59.9318","202503","30","16,000","0","12","2016","가락길 60","202506~202706","갱신","-","16,000","0","아파트"
"26140","충청북도 청주시 흥덕구 비하동","824","0824","0000","서청주파크자이","전세","59.9446","202503","30","30,000","0","9","2019","2순환로 1106","202505~202705","신규","-","","","아파트"
"26141","충청북도 청주시 흥덕구 가경동","1695","1695","0000","가경푸르지오","월세","103.9731","202503","30","3,000","100","1","2006","2순환로1375번길 20","202506~202606","신규","-","","","아파트"
"26142","충청북도 청주시 흥덕구 운천동","677-1","0677","0001","진양","전세","55.8000","202503","30","7,500","0","5","1987","사운로 257","202504~202704","신규","-","","","아파트"
"26143","충청북도 청주시 흥덕구 가경동","2276","2276","0000","청주가경아이파크3단지","월세","84.9900","202503","30","15,000","150","8","2021","서현로 62","202507~202706","신규","-","","","아파트"
"26144","충청북도 청주시 흥덕구 송정동","140-41","0140","0041","청주산단1행복주택","월세","36.4600","202503","30","6,024","9","14","2025","대신로 142","202503~202705","갱신","-","3,924","21","아파트"
"26145","충청북도 청주시 서원구 산남동","679","0679","0000","대우푸르지오","전세","84.9550","202503","30","24,000","0","2","2007","두꺼비로 53","202504~202704","신규","-","","","아파트"
"26146","충청북도 청주시 서원구 개신동","10","0010","0000","삼익1","월세","84.9600","202503","29","2,000","80","5","1991","예체로29번길 9","-","-","-","","","아파트"
"26147","충청북도 청주시 서원구 모충동","553","0553","0000","청주모충LH트릴로채","전세","74.8900","202503","29","24,600","0","4","2021","쌍샘로 22","202503~202703","신규","-","","","아파트"
"26148","충청북도 청주시 흥덕구 가경동","1515","1515","0000","덕일한마음","전세","59.9800","202503","29","5,000","0","7","1997","장구봉로 71","-","-","-","","","아파트"
"26149","충청북도 청주시 흥덕구 가경동","2236","2236","0000","청주가경아이파크2단지","전세","105.5800","202503","29","48,000","0","15","2020","서현로 68","202506~202703","신규","-","","","아파트"
"26150","충청북도 청주시 서원구 수곡동","337","0337","0000","주공3","전세","41.3000","202503","29","6,300","0","11","1991","매봉로 82","202504~202704","신규","-","","","아파트"
"26151","충청북도 청주시 서원구 분평동","1360","1360","0000","분평주공5단지아파트","전세","49.7700","202503","29","10,000","0","4","1998","분평로 88-1","202506~202706","갱신","사용","10,000","0","아파트"
"26152","충청북도 청주시 서원구 분평동","1211","1211","0000","분평1단지뜨란채","전세","59.4500","202503","29","14,500","0","11","2000","월평로 25","202505~202705","신규","-","","","아파트"
"26153","충청북도 청주시 서원구 분평동","1202","1202","0000","분평주공2","전세","59.9900","202503","29","13,000","0","19","1997","1순환로1137번길 129","202504~202704","신규","-","","","아파트"
"26154","충청북도 청주시 흥덕구 복대동","2459","2459","0000","두진하트리움","전세","59.9255","202503","29","16,170","0","10","1999","증안로 33","-","-","-","","","아파트"
"26155","충청북도 청주시 흥덕구 복대동","2459","2459","0000","두진하트리움","전세","59.9255","202503","29","16,170","0","10","1999","증안로 33","202507~202707","갱신","사용","15,400","0","아파트"
"26156","충청북도 청주시 흥덕구 복대동","3379","3379","0000","신영지웰시티1차","전세","124.8160","202503","29","60,000","0","12","2010","대농로 17","202505~202705","신규","-","","","아파트"
"26157","충청북도 청주시 흥덕구 복대동","853-5","0853","0005","포빌","전세","47.2150","202503","29","12,000","0","12","2017","사직대로 38","202504~202604","신규","-","","","아파트"
"26158","충청북도 청주시 흥덕구 복대동","3379","3379","0000","신영지웰시티1차","전세","124.8160","202503","29","64,000","0","30","2010","대농로 17","202507~202707","신규","-","","","아파트"
"26159","충청북도 청주시 흥덕구 복대동","853-5","0853","0005","포빌","월세","47.2150","202503","29","1,000","70","17","2017","사직대로 38","202504~202604","신규","-","","","아파트"
"26160","충청북도 청주시 흥덕구 복대동","3381","3381","0000","두산위브지웰시티2차","전세","80.1350","202503","29","50,000","0","14","2015","대농로 55","202506~202706","신규","-","","","아파트"
"26161","충청북도 청주시 흥덕구 복대동","3381","3381","0000","두산위브지웰시티2차","전세","80.1350","202503","29","50,000","0","14","2015","대농로 55","202506~202706","신규","-","","","아파트"
"26162","충청북도 청주시 흥덕구 봉명동","1602","1602","0000","주공2","전세","39.7200","202503","29","4,000","0","1","1985","직지대로581번길 33-12","202504~202704","신규","-","","","아파트"
"26163","충청북도 청주시 흥덕구 봉명동","1855","1855","0000","푸른","월세","44.1300","202503","29","500","57","4","1994","월명로 124","202504~202704","신규","-","","","아파트"
"26164","충청북도 청주시 흥덕구 봉명동","1602","1602","0000","주공2","월세","53.8500","202503","29","500","45","4","1985","직지대로581번길 33-12","202503~202703","신규","-","","","아파트"
"26165","충청북도 음성군 대소면 성본리","803","0803","0000","음성동문디이스트","월세","84.9615","202503","29","1,000","70","9","2024","성본산단3로 13","202504~202604","신규","-","","","아파트"
"26166","충청북도 청주시 흥덕구 비하동","823","0823","0000","청주비하1차대광로제비앙","전세","84.9418","202503","29","26,250","0","2","2018","가로수로1131번길 11","202504~202704","갱신","사용","25,000","0","아파트"
"26167","충청북도 청주시 흥덕구 강서동","583","0583","0000","가경아이파크5단지","전세","84.8833","202503","29","26,000","0","9","2023","서부로 1123","202504~202510","갱신","-","26,000","0","아파트"
"26168","충청북도 청주시 서원구 개신동","613","0613","0000","휴먼시아","전세","49.9300","202503","29","11,000","0","16","2001","경신로 67","202504~202704","신규","-","","","아파트"
"26169","충청북도 청주시 흥덕구 강서동","583","0583","0000","가경아이파크5단지","전세","84.8743","202503","29","33,600","0","23","2023","서부로 1123","202503~202703","갱신","사용","32,000","0","아파트"
"26170","충청북도 청주시 흥덕구 강서동","482","0482","0000","강서베리굿2차","월세","20.9172","202503","29","500","40","13","2016","강서로 111","202504~202604","신규","-","","","아파트"
"26171","충청북도 청주시 서원구 개신동","613","0613","0000","휴먼시아","전세","49.9300","202503","29","12,800","0","12","2001","경신로 67","202506~202706","신규","-","","","아파트"
"26172","충청북도 청주시 서원구 개신동","10","0010","0000","삼익1","월세","84.9600","202503","29","2,000","80","5","1991","예체로29번길 9","202504~202704","신규","-","","","아파트"
"26173","충청북도 청주시 상당구 금천동","106-1","0106","0001","풍림","전세","84.6200","202503","29","13,000","0","7","1992","꽃산동로 36","-","-","-","","","아파트"
"26174","충청북도 청주시 상당구 용암동","2444","2444","0000","중흥마을부영","전세","84.9508","202503","29","19,700","0","10","2001","중흥로 196","-","-","-","","","아파트"
"26175","충청북도 청주시 흥덕구 오송읍 봉산리","798","0798","0000","오송역파라곤센트럴시티","월세","59.8447","202503","29","2,000","85","5","2023","오송생명7로 151","202506~202706","신규","-","","","아파트"
"26176","충청북도 청주시 상당구 문화동","118","0118","0000","문화동센트럴칸타빌","전세","84.7409","202503","29","24,150","0","11","2018","용담로 7","202503~202703","갱신","-","23,000","0","아파트"
"26177","충청북도 청주시 상당구 용암동","2108","2108","0000","청주용암주공1단지아파트(해누리)","월세","49.8000","202503","29","3,000","22","1","1994","원봉로 52","202501~202601","갱신","-","3,000","20","아파트"
"26178","충청북도 청주시 흥덕구 오송읍 봉산리","798","0798","0000","오송역파라곤센트럴시티","전세","59.9800","202503","29","25,000","0","12","2023","오송생명7로 151","202506~202706","신규","-","","","아파트"
"26179","충청북도 청주시 상당구 금천동","270","0270","0000","장자마을현대(2단지)","전세","84.8943","202503","29","19,950","0","13","2002","수영로 328","202504~202704","갱신","사용","19,000","0","아파트"
"26180","충청북도 청주시 청원구 오창읍 각리","647-1","0647","0001","쌍용스윗닷홈오창예가","월세","59.9450","202503","29","2,000","80","14","2006","오창중앙로 105","202504~202704","신규","-","","","아파트"
"26181","충청북도 청주시 상당구 수동","115-9","0115","0009","덕일","월세","79.8300","202503","29","2,000","45","3","1986","대성로180번길 64","202504~202804","신규","-","","","아파트"
"26182","충청북도 청주시 흥덕구 오송읍 연제리","736","0736","0000","오송호반베르디움","월세","84.9636","202503","29","2,500","100","29","2010","오송생명3로 111","202504~202704","신규","-","","","아파트"
"26183","충청북도 청주시 상당구 문화동","118","0118","0000","문화동센트럴칸타빌","전세","84.7409","202503","29","26,000","0","23","2018","용담로 7","-","-","-","","","아파트"
"26184","충청북도 청주시 흥덕구 오송읍 봉산리","612-6","0612","0006","삼부청솔","전세","28.6500","202503","29","3,000","0","6","1996","가로수로 11-6","202503~202703","신규","-","","","아파트"
"26185","충청북도 청주시 상당구 용암동","3146","3146","0000","시티프라디움1단지","전세","84.9954","202503","29","30,450","0","3","2020","중고개로142번길 31","202505~202702","갱신","사용","29,000","0","아파트"
"26186","충청북도 청주시 상당구 용암동","2444","2444","0000","중흥마을부영","전세","84.9508","202503","29","19,700","0","10","2001","중흥로 196","202505~202705","갱신","-","19,000","0","아파트"
"26187","충청북도 제천시 청전동","4","0004","0000","주공","월세","42.5400","202503","29","200","33","3","1980","청전대로15길 70","202504~202704","신규","-","","","아파트"
"26188","충청북도 충주시 연수동","931","0931","0000","임광","전세","84.2800","202503","29","11,000","0","5","1991","국원대로 166","202504~202704","신규","-","","","아파트"
"26189","충청북도 청주시 청원구 율량동","1135","1135","0000","한울아파트302동","전세","45.3600","202503","29","7,500","0","14","1999","주성로96번길 8","202504~202704","갱신","-","7,500","0","아파트"
"26190","충청북도 청주시 청원구 율량동","1204","1204","0000","성원","전세","84.9450","202503","29","16,000","0","3","1995","주성로132번길 10","202504~202704","신규","-","","","아파트"
"26191","충청북도 제천시 하소동","353","0353","0000","주공2","월세","39.6000","202503","29","1,000","40","3","1995","하소로 88","202503~202703","신규","-","","","아파트"
"26192","충청북도 충주시 대소원면 본리","645","0645","0000","충주코아루퍼스트아파트","전세","59.3554","202503","29","13,000","0","14","2016","첨단산업4로 24","202504~202704","신규","-","","","아파트"
"26193","충청북도 충주시 호암동","542-18","0542","0018","예성세경","월세","51.7500","202503","29","1,000","43","13","1998","신촌2길 2","202504~202704","신규","-","","","아파트"
"26194","충청북도 옥천군 옥천읍 마암리","16","0016","0000","현대아파트","전세","84.7800","202503","29","10,400","0","3","1992","성암1길 30","-","-","-","","","아파트"
"26195","충청북도 충주시 호암동","1191","1191","0000","호암힐데스하임","전세","99.8700","202503","29","42,000","0","8","2019","호암토성2로 1","202504~202704","신규","-","","","아파트"
"26196","충청북도 충주시 호암동","1063","1063","0000","충주호암두진하트리움아파트","전세","66.9570","202503","29","27,000","0","10","2019","호암수청2로 78","202507~202707","신규","-","","","아파트"
"26197","충청북도 충주시 호암동","542-1","0542","0001","세경","전세","56.8800","202503","29","5,000","0","6","1989","신촌2길 14","-","-","-","","","아파트"
"26198","충청북도 충주시 호암동","542-1","0542","0001","세경","전세","56.8800","202503","29","5,400","0","6","1992","신촌1길 6","-","-","-","","","아파트"
"26199","충청북도 제천시 강제동","844","0844","0000","제천강저롯데캐슬프리미어","월세","75.1476","202503","29","10,000","60","3","2017","청풍호로10길 53","202505~202705","신규","-","","","아파트"
"26200","충청북도 제천시 왕암동","779","0779","0000","왕암코아루드림","월세","60.2620","202503","29","1,000","80","9","2018","바이오밸리로 171","202504~202704","신규","-","","","아파트"
"26201","충청북도 충주시 대소원면 본리","642","0642","0000","충주지웰","전세","59.0907","202503","29","12,500","0","12","2016","첨단산업2로 42","-","-","-","","","아파트"
"26202","충청북도 충주시 호암동","1191","1191","0000","호암힐데스하임","전세","99.8000","202503","29","42,000","0","4","2019","호암토성2로 1","202504~202702","신규","-","","","아파트"
"26203","충청북도 제천시 강제동","844","0844","0000","제천강저롯데캐슬프리미어","월세","75.1476","202503","29","10,000","60","3","2017","청풍호로10길 53","202505~202705","신규","-","","","아파트"
"26204","충청북도 충주시 호암동","221-23","0221","0023","호암리버빌(1단지)","전세","84.6800","202503","29","17,000","0","10","2002","원호암5길 32","202504~202704","신규","-","","","아파트"
"26205","충청북도 음성군 맹동면 동성리","246","0246","0000","엘에이치이노밸리","월세","84.5300","202503","29","1,000","85","17","2014","학예로 55","202504~202704","신규","-","","","아파트"
"26206","충청북도 충주시 호암동","542-1","0542","0001","세경","전세","56.8800","202503","29","5,500","0","4","1992","신촌1길 6","-","-","-","","","아파트"
"26207","충청북도 진천군 덕산읍 두촌리","3147","3147","0000","우미린스테이","월세","70.5634","202503","28","10,240","17","7","2018","대하로 150","202505~202705","갱신","-","10,240","15","아파트"
"26208","충청북도 충주시 봉방동","149-3","0149","0003","좋은세상","월세","84.9950","202503","28","1,000","70","7","2004","봉방4길 32","202504~202704","신규","-","","","아파트"
"26209","충청북도 충주시 중앙탑면 용전리","656","0656","0000","미진이지비아","전세","84.9807","202503","28","15,000","0","10","2017","기업도시로 189","202504~203004","신규","-","","","아파트"
"26210","충청북도 청주시 청원구 율량동","1144","1144","0000","한울아파트301동","전세","30.3300","202503","28","2,900","0","12","1998","주성로96번길 12","202504~202704","갱신","-","2,900","0","아파트"
"26211","충청북도 충주시 연수동","701-9","0701","0009","연수부강","월세","42.1100","202503","28","500","40","5","1995","후곡길 19","202504~202704","신규","-","","","아파트"
"26212","충청북도 충주시 중앙탑면 용전리","661","0661","0000","e편한세상충주","전세","59.8841","202503","28","15,500","0","1","2017","원앙9길 15","202505~202705","신규","-","","","아파트"
"26213","충청북도 진천군 이월면 사곡리","600-1","0600","0001","부영임대","전세","39.6900","202503","28","4,235","0","5","2004","진광로 121","202503~202603","갱신","-","4,185","0","아파트"
"26214","충청북도 진천군 이월면 사곡리","600-1","0600","0001","부영임대","전세","49.9200","202503","28","5,411","0","6","2004","진광로 121","202505~202605","갱신","-","5,347","0","아파트"
"26215","충청북도 진천군 이월면 송림리","1020","1020","0000","진천이월LH1단지","월세","29.7300","202503","28","516","12","3","2021","장양길 24","202503~202504","신규","-","","","아파트"
"26216","충청북도 진천군 진천읍 장관리","884","0884","0000","진천장관사랑으로부영1차","월세","59.9605","202503","28","5,060","16","1","2013","장관2길 139","-","-","-","","","아파트"
"26217","충청북도 진천군 진천읍 장관리","880","0880","0000","진천장관사랑으로부영2차","월세","84.9877","202503","28","5,060","25","3","2013","진광로 97-13","202504~202604","신규","-","","","아파트"
"26218","충청북도 충주시 칠금동","821","0821","0000","부영(1차)","전세","50.4900","202503","28","9,325","0","14","1996","금릉로 46","202505~202705","갱신","-","8,925","0","아파트"
"26219","충청북도 충주시 칠금동","821","0821","0000","부영(1차)","월세","50.4900","202503","28","1,000","45","12","1996","금릉로 46","202504~202704","신규","-","","","아파트"
"26220","충청북도 제천시 왕암동","779","0779","0000","왕암코아루드림","월세","60.2620","202503","28","2,000","80","13","2018","바이오밸리로 171","202503~202703","신규","-","","","아파트"
"26221","충청북도 진천군 진천읍 성석리","969-1","0969","0001","진천성석행복주택","월세","44.6200","202503","28","3,382","20","11","2020","문화로 394","202503~202704","신규","-","","","아파트"
"26222","충청북도 진천군 진천읍 성석리","969-1","0969","0001","진천성석행복주택","월세","44.6200","202503","28","3,382","20","10","2020","문화로 394","202503~202704","신규","-","","","아파트"
"26223","충청북도 진천군 진천읍 성석리","969-1","0969","0001","진천성석행복주택","월세","44.6200","202503","28","3,043","18","2","2020","문화로 394","202503~202704","신규","-","","","아파트"
"26224","충청북도 제천시 신월동","1469","1469","0000","제천행복주택","월세","45.1660","202503","28","3,612","7","1","2018","복합타운길 135","202505~202705","갱신","-","3,612","7","아파트"
"26225","충청북도 진천군 진천읍 신정리","377-2","0377","0002","진천영화블렌하임","전세","74.3700","202503","28","10,000","0","1","2008","농다리로 1422","202504~202704","신규","-","","","아파트"
"26226","충청북도 진천군 진천읍 신정리","377-2","0377","0002","진천영화블렌하임","전세","74.3700","202503","28","10,000","0","1","2008","농다리로 1422","-","-","-","","","아파트"
"26227","충청북도 음성군 맹동면 동성리","246","0246","0000","엘에이치이노밸리","전세","74.4200","202503","28","18,000","0","14","2014","학예로 55","202504~202704","신규","-","","","아파트"
"26228","충청북도 증평군 증평읍 송산리","820","0820","0000","증평송산엘에이치천년나무3단지","월세","29.9900","202503","28","1,927","6","14","2016","송산로4길 14","202503~202704","갱신","-","827","13","아파트"
"26229","충청북도 제천시 하소동","110","0110","0000","하소현대","전세","59.9850","202503","28","9,240","0","10","1996","용두대로15길 38","202505~202705","신규","-","","","아파트"
"26230","충청북도 제천시 하소동","353","0353","0000","주공2","월세","58.7400","202503","28","1,000","60","9","1995","하소로 88","202504~202704","신규","-","","","아파트"
"26231","충청북도 충주시 안림동","1172","1172","0000","충주안림엘에이치천년나무2단지","월세","84.9500","202503","28","12,500","23","4","2017","월촌5길 12","202503~202703","갱신","-","5,800","56","아파트"
"26232","충청북도 충주시 안림동","1172","1172","0000","충주안림엘에이치천년나무2단지","월세","84.9500","202503","28","12,500","23","4","2017","월촌5길 12","202503~202703","갱신","-","5,800","56","아파트"
"26233","충청북도 충주시 중앙탑면 용전리","661","0661","0000","e편한세상충주","전세","59.8841","202503","28","15,500","0","1","2017","원앙9길 15","202505~202705","신규","-","","","아파트"
"26234","충청북도 충주시 주덕읍 화곡리","1250","1250","0000","서충주신도시삼일파라뷰2차그랜드시티","전세","84.9963","202503","28","30,000","0","5","2024","화개4길 29","202503~202702","신규","-","","","아파트"
"26235","충청북도 충주시 주덕읍 화곡리","1250","1250","0000","서충주신도시삼일파라뷰2차그랜드시티","전세","84.9963","202503","28","29,800","0","3","2024","화개4길 29","202503~202702","신규","-","","","아파트"
"26236","충청북도 진천군 덕산읍 두촌리","2487","2487","0000","충북혁신리슈빌","전세","84.8600","202503","28","18,000","0","4","2018","연미로 128","202504~202704","갱신","-","18,000","0","아파트"
"26237","충청북도 진천군 덕산읍 두촌리","3147","3147","0000","우미린스테이","월세","78.2298","202503","28","11,500","18","3","2018","대하로 150","202505~202705","갱신","-","0","16","아파트"
"26238","충청북도 청주시 흥덕구 강서동","503","0503","0000","강서베리굿","전세","49.7425","202503","28","14,000","0","4","2015","서현중로 63","202504~202704","신규","-","","","아파트"
"26239","충청북도 청주시 흥덕구 비하동","362","0362","0000","효성2차","전세","59.8600","202503","28","12,300","0","12","1997","2순환로1050번길 24","202504~202703","갱신","-","12,500","0","아파트"
"26240","충청북도 청주시 흥덕구 비하동","362","0362","0000","효성2차","월세","59.8600","202503","28","1,000","75","11","1997","2순환로1050번길 24","202503~202703","신규","-","","","아파트"
"26241","충청북도 청주시 흥덕구 강서동","473","0473","0000","경성하늘샵","월세","21.7300","202503","28","300","35","11","2013","가로수로1164번길 41-48","202504~202603","신규","-","","","아파트"
"26242","충청북도 청주시 흥덕구 강서동","503","0503","0000","강서베리굿","전세","49.7425","202503","28","14,000","0","4","2015","서현중로 63","202504~202704","신규","-","","","아파트"
"26243","충청북도 청주시 서원구 사창동","180-1","0180","0001","청주센트럴리슈빌DS","월세","37.9303","202503","28","1,000","80","18","2023","1순환로 627","202505~202605","신규","-","","","아파트"
"26244","충청북도 청주시 서원구 모충동","374-1","0374","0001","삼익세라믹","전세","84.7500","202503","28","10,750","0","6","1989","서원서로 27","202506~202707","갱신","-","9,550","0","아파트"
"26245","충청북도 청주시 서원구 모충동","553","0553","0000","청주모충LH트릴로채","전세","74.7700","202503","28","25,000","0","1","2021","쌍샘로 22","202511~202711","신규","-","","","아파트"
"26246","충청북도 청주시 흥덕구 가경동","1514","1514","0000","삼일원앙","전세","59.9400","202503","28","13,500","0","12","1997","가경로 100-20","202503~202703","신규","-","","","아파트"
"26247","충청북도 청주시 흥덕구 가경동","1514","1514","0000","삼일원앙","월세","59.9400","202503","28","500","55","2","1997","가경로 100-20","202503~202703","신규","-","","","아파트"
"26248","충청북도 청주시 흥덕구 송정동","140-41","0140","0041","청주산단1행복주택","월세","26.9500","202503","28","3,644","11","9","2025","대신로 142","202503~202705","갱신","-","2,844","15","아파트"
"26249","충청북도 청주시 흥덕구 송정동","140-41","0140","0041","청주산단1행복주택","월세","36.4600","202503","28","6,024","9","18","2025","대신로 142","202503~202705","갱신","-","3,924","21","아파트"
"26250","충청북도 청주시 흥덕구 송정동","140-41","0140","0041","청주산단1행복주택","월세","36.4600","202503","28","6,024","9","18","2025","대신로 142","202503~202705","갱신","-","3,924","21","아파트"
"26251","충청북도 청주시 흥덕구 송정동","140-41","0140","0041","청주산단1행복주택","월세","26.9500","202503","28","4,344","6","16","2025","대신로 142","202503~202705","갱신","-","2,844","15","아파트"
"26252","충청북도 청주시 흥덕구 송정동","140-41","0140","0041","청주산단1행복주택","월세","26.9500","202503","28","4,344","6","2","2025","대신로 142","202503~202705","갱신","-","2,844","15","아파트"
"26253","충청북도 청주시 흥덕구 송정동","140-41","0140","0041","청주산단1행복주택","월세","26.9500","202503","28","3,986","7","6","2025","대신로 142","202503~202705","갱신","-","2,686","14","아파트"
"26254","충청북도 청주시 흥덕구 송정동","140-41","0140","0041","청주산단1행복주택","월세","26.9500","202503","28","4,344","6","13","2025","대신로 142","202503~202705","갱신","-","2,844","15","아파트"
"26255","충청북도 청주시 흥덕구 송정동","140-41","0140","0041","청주산단1행복주택","월세","26.9500","202503","28","4,344","6","22","2025","대신로 142","202503~202705","갱신","-","2,844","15","아파트"
"26256","충청북도 청주시 흥덕구 송정동","140-41","0140","0041","청주산단1행복주택","월세","26.9500","202503","28","4,344","6","19","2025","대신로 142","202503~202705","갱신","-","2,844","15","아파트"
"26257","충청북도 청주시 흥덕구 송정동","140-41","0140","0041","청주산단1행복주택","월세","36.4600","202503","28","6,024","9","21","2025","대신로 142","202503~202705","갱신","-","3,924","21","아파트"
"26258","충청북도 청주시 흥덕구 송정동","140-41","0140","0041","청주산단1행복주택","월세","44.6800","202503","28","1,560","36","20","2025","대신로 142","202503~202705","갱신","-","4,860","26","아파트"
"26259","충청북도 청주시 흥덕구 송정동","140-41","0140","0041","청주산단1행복주택","월세","44.6800","202503","28","7,460","11","17","2025","대신로 142","202503~202705","갱신","-","4,860","26","아파트"
"26260","충청북도 청주시 흥덕구 송정동","140-41","0140","0041","청주산단1행복주택","월세","36.4600","202503","28","6,024","9","15","2025","대신로 142","202503~202705","갱신","-","3,924","21","아파트"
"26261","충청북도 청주시 서원구 분평동","1360","1360","0000","분평주공5단지아파트","전세","49.7700","202503","28","11,000","0","11","1998","분평로 88-1","202505~202705","신규","-","","","아파트"
"26262","충청북도 청주시 서원구 수곡동","231-2","0231","0002","선광한빛","월세","29.1600","202503","28","3,000","23","3","1998","매봉로60번길 18","202503~202603","신규","-","","","아파트"
"26263","충청북도 청주시 서원구 수곡동","324","0324","0000","주공1","전세","46.6800","202503","28","7,500","0","4","1990","구룡산로 319","202504~202704","신규","-","","","아파트"
"26264","충청북도 청주시 흥덕구 복대동","2456","2456","0000","아름다운나날영조1","월세","59.2930","202503","28","1,000","75","8","2003","증안로 21","202505~202705","신규","-","","","아파트"
"26265","충청북도 청주시 흥덕구 복대동","2442","2442","0000","형석(2442)","월세","57.2900","202503","28","1,000","45","1","1990","장구봉로101번길 27","202503~202603","신규","-","","","아파트"
"26266","충청북도 청주시 흥덕구 복대동","3403","3403","0000","청주복대2차두진하트리움아파트","전세","74.8923","202503","28","35,000","0","5","2018","대신로73번길 50","202505~202705","신규","-","","","아파트"
"26267","충청북도 단양군 단양읍 도전리","682","0682","0000","e편한세상단양리버비스타","전세","84.8608","202503","28","17,000","0","4","2023","군청로 21","202506~202706","신규","-","","","아파트"
"26268","충청북도 음성군 삼성면 덕정리","594-10","0594","0010","진달래아파트","월세","59.8600","202503","28","500","50","6","1996","덕정로 106-13","202503~202703","신규","-","","","아파트"
"26269","충청북도 청주시 서원구 개신동","706","0706","0000","라임스토리2","월세","33.4400","202503","28","500","45","5","2014","복대로17번길 7-10","202503~202701","신규","-","","","아파트"
"26270","충청북도 청주시 서원구 개신동","41-5","0041","0005","한진","월세","32.0000","202503","28","300","35","15","1996","모충로3번길 81","202504~202604","신규","-","","","아파트"
"26271","충청북도 청주시 서원구 개신동","635","0635","0000","주공뜨란채","월세","59.4200","202503","28","2,000","70","14","2000","경신로 68","202503~202702","신규","-","","","아파트"
"26272","충청북도 청주시 흥덕구 오송읍 봉산리","1510","1510","0000","오송역대광로제비앙","전세","59.9406","202503","28","15,270","0","10","2023","오송생명8로 178","202308~202508","신규","-","","","아파트"
"26273","충청북도 청주시 상당구 용암동","2060","2060","0000","부영","전세","50.4900","202503","28","7,800","0","5","1996","월평로 243","202505~202705","갱신","-","8,500","0","아파트"
"26274","충청북도 청주시 청원구 오창읍 주성리","561","0561","0000","충북오창사랑으로부영8단지","전세","82.8216","202503","28","18,000","0","3","2015","2산단로 151","202505~202705","신규","-","","","아파트"
"26275","충청북도 청주시 청원구 우암동","1213","1213","0000","청주우암행복주택","월세","26.7100","202503","28","2,492","14","9","2023","직지대로 864","202503~202704","신규","-","","","아파트"
"26276","충청북도 청주시 청원구 오창읍 주성리","564","0564","0000","사랑으로부영7단지","전세","57.7554","202503","28","12,199","0","3","2014","2산단4로 60","202505~202605","신규","-","","","아파트"
"26277","충청북도 청주시 상당구 용암동","3164","3164","0000","청주동남파밀리에NHF4단지","월세","59.6300","202503","28","4,750","42","9","2021","동남로 187","202504~202703","갱신","-","4,611","41","아파트"
"26278","충청북도 청주시 청원구 오창읍 창리","117","0117","0000","오창금정2","월세","82.9800","202503","28","2,000","70","2","1997","창리1길 7-5","202504~202604","신규","-","","","아파트"
"26279","충청북도 청주시 상당구 용암동","3164","3164","0000","청주동남파밀리에NHF4단지","월세","59.6300","202503","28","8,850","22","8","2021","동남로 187","202504~202703","신규","-","","","아파트"
"26280","충청북도 청주시 상당구 용암동","3164","3164","0000","청주동남파밀리에NHF4단지","월세","51.7600","202503","28","6,202","28","6","2021","동남로 187","202504~202703","갱신","-","6,082","36","아파트"
"26281","충청북도 청주시 청원구 오창읍 양청리","810-2","0810","0002","오창롯데캐슬더하이스트","전세","109.3576","202503","28","40,000","0","14","2018","중부로 760","202505~202705","신규","-","","","아파트"
"26282","충청북도 청주시 청원구 오창읍 주성리","569","0569","0000","충북오창사랑으로부영6단지","전세","57.7554","202503","28","12,567","0","15","2014","2산단로 125","202504~202604","신규","-","","","아파트"
"26283","충청북도 청주시 청원구 오창읍 주성리","569","0569","0000","충북오창사랑으로부영6단지","전세","57.7554","202503","28","12,567","0","9","2014","2산단로 125","202504~202604","갱신","-","12,382","0","아파트"
"26284","충청북도 청주시 상당구 금천동","199-1","0199","0001","현대","전세","84.8400","202503","28","14,000","0","10","1992","중고개로337번길 23","202504~202704","신규","-","","","아파트"
"26285","충청북도 청주시 청원구 오창읍 주성리","567","0567","0000","충북오창사랑으로부영5단지","월세","82.9434","202503","28","5,335","46","13","2015","2산단4로 20","202506~202606","갱신","-","5,283","45","아파트"
"26286","충청북도 청주시 흥덕구 오송읍 봉산리","1510","1510","0000","오송역대광로제비앙","전세","59.9406","202503","28","15,270","0","6","2023","오송생명8로 178","202308~202508","신규","-","","","아파트"
"26287","충청북도 청주시 청원구 오창읍 주성리","564","0564","0000","사랑으로부영7단지","월세","57.7554","202503","28","5,516","28","17","2014","2산단4로 60","202505~202605","갱신","-","5,516","28","아파트"
"26288","충청북도 청주시 청원구 오창읍 양청리","810-2","0810","0002","오창롯데캐슬더하이스트","전세","109.3576","202503","28","40,000","0","14","2018","중부로 760","202505~202705","신규","-","","","아파트"
"26289","충청북도 청주시 흥덕구 오송읍 봉산리","1510","1510","0000","오송역대광로제비앙","전세","59.9406","202503","28","15,270","0","23","2023","오송생명8로 178","202308~202508","신규","-","","","아파트"
"26290","충청북도 청주시 흥덕구 오송읍 봉산리","1510","1510","0000","오송역대광로제비앙","전세","59.9406","202503","28","15,270","0","6","2023","오송생명8로 178","202503~202508","신규","-","","","아파트"
"26291","충청북도 청주시 흥덕구 오송읍 봉산리","1531","1531","0000","오송역대광로제비앙그랜드센텀","전세","84.9140","202503","28","25,500","0","10","2024","오송생명14로 283","202406~202606","신규","-","","","아파트"
"26292","충청북도 청주시 흥덕구 오송읍 봉산리","1531","1531","0000","오송역대광로제비앙그랜드센텀","전세","84.9924","202503","27","25,500","0","14","2024","오송생명14로 283","202406~202606","신규","-","","","아파트"
"26293","충청북도 청주시 흥덕구 오송읍 봉산리","1516","1516","0000","제일풍경채오송","월세","84.9865","202503","27","8,000","22","11","2023","오송생명7로 102","202504~202704","신규","-","","","아파트"
"26294","충청북도 청주시 흥덕구 오송읍 봉산리","1527","1527","0000","오송역동아라이크텐","전세","77.8257","202503","27","26,000","0","20","2020","오송생명14로 215","202505~202705","신규","-","","","아파트"
"26295","충청북도 청주시 상당구 용암동","3163","3163","0000","청주동남파라곤아파트","전세","84.9455","202503","27","27,500","0","14","2022","중고개로 56","202504~202704","갱신","-","26,000","0","아파트"
"26296","충청북도 청주시 청원구 오창읍 주성리","569","0569","0000","충북오창사랑으로부영6단지","전세","57.7554","202503","27","12,567","0","21","2014","2산단로 125","202504~202604","갱신","-","12,382","0","아파트"
"26297","충청북도 청주시 청원구 오창읍 주성리","567","0567","0000","충북오창사랑으로부영5단지","전세","82.8216","202503","27","16,542","0","4","2015","2산단4로 20","202504~202603","신규","-","","","아파트"
"26298","충청북도 청주시 청원구 오창읍 주성리","567","0567","0000","충북오창사랑으로부영5단지","전세","82.8216","202503","27","16,542","0","4","2015","2산단4로 20","202506~202606","신규","-","","","아파트"
"26299","충청북도 청주시 청원구 오창읍 주성리","569","0569","0000","충북오창사랑으로부영6단지","전세","57.7554","202503","27","12,382","0","1","2014","2산단로 125","202504~202603","갱신","-","12,164","0","아파트"
"26300","충청북도 청주시 청원구 오창읍 주성리","567","0567","0000","충북오창사랑으로부영5단지","전세","82.8216","202503","27","16,542","0","11","2015","2산단4로 20","202504~202604","갱신","-","16,379","0","아파트"
"26301","충청북도 청주시 청원구 오창읍 주성리","567","0567","0000","충북오창사랑으로부영5단지","전세","82.8216","202503","27","16,542","0","17","2015","2산단4로 20","202504~202604","갱신","-","15,500","0","아파트"
"26302","충청북도 청주시 흥덕구 오송읍 연제리","736","0736","0000","오송호반베르디움","전세","84.8873","202503","27","25,000","0","14","2010","오송생명3로 111","202504~202704","신규","-","","","아파트"
"26303","충청북도 청주시 상당구 금천동","124","0124","0000","효성","월세","27.2900","202503","27","1,000","25","6","1998","수영로 204","202504~202704","신규","-","","","아파트"
"26304","충청북도 청주시 상당구 금천동","318","0318","0000","장자마을부영(318-10단지)","월세","84.9767","202503","27","2,000","75","3","2002","호미로233번길 74","202503~202703","신규","-","","","아파트"
"26305","충청북도 청주시 흥덕구 오송읍 연제리","700","0700","0000","오송힐데스하임","전세","132.6331","202503","27","34,000","0","23","2010","오송생명1로 152","202503~202603","갱신","-","5,000","140","아파트"
"26306","충청북도 청주시 청원구 우암동","328-12","0328","0012","우암세원","월세","41.0200","202503","27","500","45","5","1999","사북로149번길 7","202504~202704","신규","-","","","아파트"
"26307","충청북도 청주시 청원구 우암동","328-12","0328","0012","우암세원","월세","41.0200","202503","27","500","45","5","1999","사북로149번길 7","202504~202704","신규","-","","","아파트"
"26308","충청북도 청주시 청원구 우암동","328-12","0328","0012","우암세원","월세","41.0200","202503","27","500","45","5","1999","사북로149번길 7","202504~202604","신규","-","","","아파트"
"26309","충청북도 청주시 상당구 용암동","2108","2108","0000","청주용암주공1단지아파트(해누리)","월세","49.8000","202503","27","8,000","15","5","1994","원봉로 52","-","-","-","","","아파트"
"26310","충청북도 청주시 상당구 용암동","2542","2542","0000","중흥마을부영(2542-0)","전세","59.9870","202503","27","15,000","0","4","2003","중흥로 173","202504~202610","갱신","-","13,650","0","아파트"
"26311","충청북도 청주시 흥덕구 오송읍 만수리","549-1","0549","0001","청원오송휴먼시아1단지","월세","46.9000","202503","27","2,107","16","7","2008","오송가락로 235","202504~202703","갱신","사용","2,012","16","아파트"
"26312","충청북도 청주시 청원구 오창읍 각리","637-1","0637","0001","한라비발디","전세","59.9580","202503","27","18,000","0","8","2006","오창중앙로 94","202504~202704","갱신","-","17,000","0","아파트"
"26313","충청북도 청주시 청원구 오창읍 주성리","561","0561","0000","충북오창사랑으로부영8단지","전세","82.8216","202503","27","16,542","0","8","2015","2산단로 151","202504~202604","갱신","-","15,856","0","아파트"
"26314","충청북도 청주시 상당구 용암동","3164","3164","0000","청주동남파밀리에NHF4단지","월세","59.6300","202503","27","9,150","20","12","2021","동남로 187","202505~202704","갱신","-","4,611","41","아파트"
"26315","충청북도 청주시 청원구 오창읍 각리","637-1","0637","0001","한라비발디","전세","59.9580","202503","27","18,500","0","7","2006","오창중앙로 94","202506~202706","갱신","-","18,500","0","아파트"
"26316","충청북도 청주시 상당구 방서동","806","0806","0000","우미린풀하우스","전세","78.7880","202503","27","32,000","0","1","2020","동남로 15","202504~202704","신규","-","","","아파트"
"26317","충청북도 청주시 상당구 용암동","3164","3164","0000","청주동남파밀리에NHF4단지","월세","59.3100","202503","27","9,150","20","18","2021","동남로 187","202504~202703","갱신","-","4,611","41","아파트"
"26318","충청북도 청주시 상당구 용암동","3603","3603","0000","청주동남엘에이치행복주택","월세","36.5300","202503","27","4,617","8","10","2020","월운로 146","202503~202704","갱신","-","2,917","17","아파트"
"26319","충청북도 청주시 상당구 용암동","2089","2089","0000","현대","월세","84.8700","202503","27","2,000","70","13","1995","용암로 23","202503~202703","갱신","-","2,000","67","아파트"
"26320","충청북도 청주시 상당구 용암동","3145","3145","0000","청주동남1단지","월세","26.5800","202503","27","1,905","7","14","2020","호미로 137","202503~202704","갱신","-","905","12","아파트"
"26321","충청북도 청주시 흥덕구 오송읍 봉산리","1531","1531","0000","오송역대광로제비앙그랜드센텀","전세","84.9924","202503","27","25,500","0","21","2024","오송생명14로 283","202406~202606","신규","-","","","아파트"
"26322","충청북도 청주시 흥덕구 오송읍 봉산리","1531","1531","0000","오송역대광로제비앙그랜드센텀","전세","84.9924","202503","27","25,500","0","21","2024","오송생명14로 283","202406~202606","신규","-","","","아파트"
"26323","충청북도 청주시 흥덕구 오송읍 봉산리","1523","1523","0000","오송역파라곤센트럴시티3차","전세","84.9965","202503","27","36,000","0","11","2024","오송생명7로 118","202410~203210","신규","-","","","아파트"
"26324","충청북도 청주시 흥덕구 송절동","850","0850","0000","테크노폴리스우미린","전세","84.9361","202503","27","25,200","0","21","2018","송화로214번길 29","202504~202704","갱신","사용","24,000","0","아파트"
"26325","충청북도 진천군 덕산읍 두촌리","2487","2487","0000","충북혁신리슈빌","전세","84.8600","202503","27","21,000","0","5","2018","연미로 128","202505~202705","신규","-","","","아파트"
"26326","충청북도 증평군 증평읍 미암리","1073","1073","0000","증평코아루휴티스","전세","59.6260","202503","27","18,000","0","8","2021","미암로 59","202506~202706","신규","-","","","아파트"
"26327","충청북도 청주시 청원구 율량동","1135","1135","0000","한울아파트302동","전세","45.3600","202503","27","7,000","0","6","1999","주성로96번길 8","202504~202704","신규","-","","","아파트"
"26328","충청북도 증평군 증평읍 송산리","720","0720","0000","증평송산1단지휴먼시아","월세","46.9000","202503","27","3,090","7","8","2011","송산로 35","202502~202704","갱신","-","1,790","15","아파트"
"26329","충청북도 충주시 문화동","2305","2305","0000","호수마을","월세","51.4700","202503","27","1,000","55","14","2003","사직로 114","202503~202703","신규","-","","","아파트"
"26330","충청북도 진천군 덕산읍 신척리","936","0936","0000","진천힐데스하임LAKEVIEW","월세","51.3061","202503","27","500","76","6","2024","신척산단5로 14-14","202504~202603","신규","-","","","아파트"
"26331","충청북도 제천시 하소동","82","0082","0000","주공","월세","47.0100","202503","27","200","35","2","1989","용두대로15길 11","202503~202703","신규","-","","","아파트"
"26332","충청북도 충주시 호암동","542-1","0542","0001","세경","전세","56.8800","202503","27","6,500","0","4","1992","신촌1길 6","202505~202705","신규","-","","","아파트"
"26333","충청북도 청주시 청원구 주중동","1023","1023","0000","대원칸타빌2차","전세","84.4550","202503","27","37,000","0","9","2014","율량로 77","202505~202707","신규","-","","","아파트"
"26334","충청북도 청주시 청원구 사천동","25-2","0025","0002","정도드림-빌","월세","29.9200","202503","27","500","35","6","1999","공항로 159-12","202503~202703","신규","-","","","아파트"
"26335","충청북도 제천시 장락동","1026","1026","0000","장락주공2단지","전세","49.9600","202503","27","9,800","0","15","1999","죽하로 48","-","-","-","","","아파트"
"26336","충청북도 진천군 진천읍 장관리","880","0880","0000","진천장관사랑으로부영2차","월세","59.9605","202503","27","5,060","16","17","2013","진광로 97-13","202505~202605","신규","-","","","아파트"
"26337","충청북도 진천군 덕산읍 두촌리","2718","2718","0000","영무예다음1차","전세","84.9095","202503","27","22,000","0","17","2015","대하로 87","202505~202705","신규","-","","","아파트"
"26338","충청북도 충주시 목행동","896","0896","0000","영무예다음1차","전세","59.7995","202503","27","13,918","0","17","2018","행정2길 6","202504~202611","신규","-","","","아파트"
"26339","충청북도 청주시 흥덕구 송정동","140-41","0140","0041","청주산단1행복주택","월세","36.4600","202503","27","824","30","11","2025","대신로 142","202503~202705","갱신","-","3,924","21","아파트"
"26340","충청북도 청주시 흥덕구 강서동","460","0460","0000","이랜드타운힐스싱글스위트청주","월세","19.9600","202503","27","500","46","14","2019","2순환로 1228","202504~202604","신규","-","","","아파트"
"26341","충청북도 청주시 흥덕구 송정동","140-41","0140","0041","청주산단1행복주택","월세","26.9500","202503","27","4,860","7","21","2025","대신로 142","202503~202705","갱신","-","3,160","17","아파트"
"26342","충청북도 청주시 서원구 모충동","553","0553","0000","청주모충LH트릴로채","월세","51.9000","202503","27","1,226","47","4","2021","쌍샘로 22","202503~202704","갱신","-","5,026","36","아파트"
"26343","충청북도 청주시 흥덕구 가경동","1511","1511","0000","대원","전세","59.9400","202503","27","15,500","0","10","1997","가경로 120","202504~202704","갱신","사용","16,000","0","아파트"
"26344","충청북도 청주시 흥덕구 가경동","1549","1549","0000","가경주공","월세","51.9500","202503","27","1,987","17","8","2002","경신로 9","202504~202703","갱신","-","1,898","16","아파트"
"26345","충청북도 청주시 서원구 성화동","1034","1034","0000","청주성화2다안채6단지","전세","84.9600","202503","27","25,500","0","3","2013","구룡산로52번길 51","202504~202704","갱신","-","24,000","0","아파트"
"26346","충청북도 청주시 서원구 개신동","613","0613","0000","휴먼시아","전세","49.9300","202503","27","12,800","0","5","2001","경신로 67","202505~202705","신규","-","","","아파트"
"26347","충청북도 청주시 흥덕구 복대동","3029","3029","0000","현대2","전세","60.0000","202503","27","18,500","0","5","2000","증안로 77","202504~202704","신규","-","","","아파트"
"26348","충청북도 청주시 서원구 사직동","937","0937","0000","푸르지오캐슬(401~413)","월세","84.4000","202503","27","12,745","11","15","2010","창직로 50","202507~202706","갱신","-","12,138","11","아파트"
"26349","충청북도 청주시 서원구 수곡동","314","0314","0000","산남주공4단지아파트","월세","44.9400","202503","27","500","33","4","1993","구룡산로 275-13","202504~202703","신규","-","","","아파트"
"26350","충청북도 청주시 서원구 사직동","937","0937","0000","푸르지오캐슬(401~413)","월세","84.4000","202503","27","12,745","11","9","2010","창직로 50","202507~202707","갱신","-","12,138","11","아파트"
"26351","충청북도 청주시 서원구 사직동","937","0937","0000","푸르지오캐슬(401~413)","전세","84.4000","202503","27","19,481","0","22","2010","창직로 50","202506~202706","갱신","-","18,554","0","아파트"
"26352","충청북도 청주시 흥덕구 강서동","470","0470","0000","나보나시티","월세","27.2500","202503","27","1,000","68","22","2021","가로수로1164번길 41-28","202504~202604","신규","-","","","아파트"
"26353","충청북도 청주시 서원구 성화동","897","0897","0000","성화휴먼시아5단지","월세","46.9300","202503","27","604","24","12","2010","성봉로 93","202503~202704","갱신","-","2,604","18","아파트"
"26354","충청북도 청주시 서원구 개신동","634","0634","0000","청주개신푸르지오","전세","84.7750","202503","27","26,500","0","13","2004","신율로 13","202506~202711","갱신","-","24,000","0","아파트"
"26355","충청북도 청주시 서원구 개신동","1-16","0001","0016","우정한가람","월세","24.0340","202503","27","100","20","1","1997","예체로1번길 29","202503~202703","신규","-","","","아파트"
"26356","충청북도 청주시 흥덕구 송정동","140-41","0140","0041","청주산단1행복주택","월세","44.6800","202503","27","7,460","11","14","2025","대신로 142","202503~202705","갱신","-","4,860","26","아파트"
"26357","충청북도 청주시 흥덕구 송정동","140-41","0140","0041","청주산단1행복주택","월세","44.6800","202503","27","8,300","12","19","2025","대신로 142","202503~202705","갱신","-","5,400","29","아파트"
"26358","충청북도 청주시 흥덕구 송정동","140-41","0140","0041","청주산단1행복주택","월세","26.9500","202503","27","4,344","6","18","2025","대신로 142","202503~202705","갱신","-","2,844","15","아파트"
"26359","충청북도 청주시 흥덕구 송정동","140-41","0140","0041","청주산단1행복주택","월세","36.4600","202503","27","6,024","9","13","2025","대신로 142","202503~202705","갱신","-","3,924","21","아파트"
"26360","충청북도 청주시 흥덕구 송정동","140-41","0140","0041","청주산단1행복주택","월세","36.4600","202503","27","6,024","9","13","2025","대신로 142","202503~202705","갱신","-","3,924","21","아파트"
"26361","충청북도 청주시 흥덕구 송정동","140-41","0140","0041","청주산단1행복주택","월세","44.6800","202503","27","1,100","41","20","2025","대신로 142","202503~202705","갱신","-","5,400","29","아파트"
"26362","충청북도 청주시 흥덕구 송정동","140-41","0140","0041","청주산단1행복주택","월세","26.9500","202503","27","760","24","15","2025","대신로 142","202503~202705","갱신","-","3,160","17","아파트"
"26363","충청북도 청주시 흥덕구 송정동","140-41","0140","0041","청주산단1행복주택","월세","36.4600","202503","27","1,424","28","9","2025","대신로 142","202503~202705","갱신","-","3,924","21","아파트"
"26364","충청북도 청주시 서원구 분평동","237","0237","0000","우성2","월세","84.9500","202503","26","1,000","80","1","1990","청남로2005번길 45","202504~202704","신규","-","","","아파트"
"26365","충청북도 청주시 서원구 산남동","1094","1094","0000","부영사랑으로","월세","59.9364","202503","26","2,000","75","14","2007","원흥로 14","202504~202704","신규","-","","","아파트"
"26366","충청북도 청주시 서원구 성화동","619","0619","0000","성화주공2단지","월세","36.6500","202503","26","2,801","7","9","2007","장전로 80","202503~202704","신규","-","","","아파트"
"26367","충청북도 청주시 흥덕구 복대동","3366","3366","0000","어울림","전세","131.6090","202503","26","47,000","0","9","2009","대신로73번길 14","202504~202704","신규","-","","","아파트"
"26368","충청북도 청주시 흥덕구 강서동","33-7","0033","0007","우정","월세","22.6400","202503","26","200","22","10","1992","가로수로1154번길 21-5","202503~202703","신규","-","","","아파트"
"26369","충청북도 청주시 서원구 모충동","553","0553","0000","청주모충LH트릴로채","월세","59.9600","202503","26","2,000","120","17","2021","쌍샘로 22","202504~202704","신규","-","","","아파트"
"26370","충청북도 청주시 서원구 모충동","452","0452","0000","주공1","월세","47.2500","202503","26","300","27","2","1985","쌍샘로 84","202503~202507","신규","-","","","아파트"
"26371","충청북도 청주시 서원구 모충동","553","0553","0000","청주모충LH트릴로채","월세","51.9000","202503","26","1,326","46","15","2021","쌍샘로 22","202503~202704","갱신","-","5,026","36","아파트"
"26372","충청북도 청주시 서원구 모충동","553","0553","0000","청주모충LH트릴로채","월세","51.9000","202503","26","5,026","36","5","2021","쌍샘로 22","202503~202704","신규","-","","","아파트"
"26373","충청북도 음성군 감곡면 오향리","405-16","0405","0016","드림타워","전세","39.7440","202503","26","4,500","0","14","2011","거일길 27-38","-","-","-","","","아파트"
"26374","충청북도 청주시 서원구 모충동","553","0553","0000","청주모충LH트릴로채","전세","84.8500","202503","26","26,250","0","16","2021","쌍샘로 22","-","-","-","","","아파트"
"26375","충청북도 청주시 흥덕구 강서동","460","0460","0000","이랜드타운힐스싱글스위트청주","월세","19.9600","202503","26","500","47","13","2019","2순환로 1228","202503~202603","신규","-","","","아파트"
"26376","충청북도 청주시 서원구 분평동","1200","1200","0000","분평주공3","전세","59.7100","202503","26","13,000","0","13","1997","1순환로1137번길 130","202505~202705","신규","-","","","아파트"
"26377","충청북도 청주시 흥덕구 복대동","3404","3404","0000","청주지웰시티푸르지오","전세","84.6910","202503","26","36,000","0","15","2019","대농로 45","202504~202602","갱신","사용","36,000","0","아파트"
"26378","충청북도 청주시 흥덕구 송정동","140-41","0140","0041","청주산단1행복주택","월세","26.9500","202503","26","544","22","18","2025","대신로 142","202503~202705","갱신","-","2,844","15","아파트"
"26379","충청북도 청주시 흥덕구 가경동","1190","1190","0000","세원2차","월세","59.9400","202503","26","1,000","55","2","1992","풍산로89번길 31","202505~202705","신규","-","","","아파트"
"26380","충청북도 청주시 서원구 분평동","1360","1360","0000","분평주공5단지아파트","월세","39.6900","202503","26","5,000","7","1","1998","분평로 88-1","202503~202608","신규","-","","","아파트"
"26381","충청북도 청주시 흥덕구 복대동","3367","3367","0000","어울림","전세","123.6100","202503","26","39,000","0","1","2009","대신로74번길 21","202505~202705","신규","-","","","아파트"
"26382","충청북도 청주시 흥덕구 송정동","140-41","0140","0041","청주산단1행복주택","월세","44.6800","202503","26","7,460","11","8","2025","대신로 142","202503~202705","갱신","-","4,860","26","아파트"
"26383","충청북도 청주시 흥덕구 복대동","3381","3381","0000","두산위브지웰시티2차","전세","80.4990","202503","26","48,000","0","8","2015","대농로 55","202506~202702","신규","-","","","아파트"
"26384","충청북도 청주시 서원구 성화동","634","0634","0000","성화주공1단지","월세","51.9300","202503","26","3,031","21","14","2007","성봉로 88","202505~202704","갱신","-","2,892","20","아파트"
"26385","충청북도 청주시 서원구 성화동","939","0939","0000","성화호반베르디움","전세","84.8572","202503","26","35,000","0","2","2012","구룡산로 24","202503~202703","신규","-","","","아파트"
"26386","충청북도 청주시 서원구 수곡동","1002","1002","0000","두진백로","월세","59.7600","202503","26","1,000","65","12","1995","수곡로 36","202504~202704","신규","-","","","아파트"
"26387","충청북도 청주시 서원구 개신동","41-5","0041","0005","한진","월세","32.0000","202503","26","300","35","10","1996","모충로3번길 81","202503~202703","신규","-","","","아파트"
"26388","충청북도 청주시 서원구 성화동","939","0939","0000","성화호반베르디움","전세","84.8572","202503","26","33,500","0","10","2012","구룡산로 24","202506~202803","신규","-","","","아파트"
"26389","충청북도 청주시 흥덕구 봉명동","1833","1833","0000","봉명베리굿2차","월세","46.0435","202503","26","1,000","80","20","2023","직지대로 605","202504~202604","신규","-","","","아파트"
"26390","충청북도 청주시 서원구 분평동","237","0237","0000","우성2","월세","84.9500","202503","26","1,000","80","1","1990","청남로2005번길 45","202504~202704","신규","-","","","아파트"
"26391","충청북도 청주시 상당구 용암동","3164","3164","0000","청주동남파밀리에NHF4단지","월세","51.7600","202503","26","8,302","16","9","2021","동남로 187","202504~202703","갱신","-","3,982","36","아파트"
"26392","충청북도 청주시 흥덕구 오송읍 봉산리","798","0798","0000","오송역파라곤센트럴시티","월세","59.7397","202503","26","900","100","21","2023","오송생명7로 151","202504~202604","신규","-","","","아파트"
"26393","충청북도 청주시 흥덕구 오송읍 봉산리","1523","1523","0000","오송역파라곤센트럴시티3차","전세","68.9518","202503","26","29,000","0","18","2024","오송생명7로 118","202410~203210","신규","-","","","아파트"
"26394","충청북도 청주시 흥덕구 오송읍 봉산리","1531","1531","0000","오송역대광로제비앙그랜드센텀","전세","84.9924","202503","26","25,500","0","24","2024","오송생명14로 283","202406~202606","신규","-","","","아파트"
"26395","충청북도 청주시 흥덕구 오송읍 봉산리","1510","1510","0000","오송역대광로제비앙","전세","59.9406","202503","26","15,270","0","12","2023","오송생명8로 178","202308~202508","신규","-","","","아파트"
"26396","충청북도 청주시 상당구 방서동","654","0654","0000","청주센트럴자이","전세","101.8749","202503","26","48,000","0","2","2018","단재로 316","202504~202704","신규","-","","","아파트"
"26397","충청북도 청주시 상당구 문화동","118","0118","0000","문화동센트럴칸타빌","전세","84.7409","202503","26","21,000","0","3","2018","용담로 7","202504~202704","신규","-","","","아파트"
"26398","충청북도 청주시 상당구 문화동","118","0118","0000","문화동센트럴칸타빌","전세","84.9662","202503","26","22,050","0","5","2018","용담로 7","202504~202704","갱신","-","21,000","0","아파트"
"26399","충청북도 청주시 청원구 오창읍 주성리","564","0564","0000","사랑으로부영7단지","전세","57.7554","202503","26","12,199","0","10","2014","2산단4로 60","202504~202604","신규","-","","","아파트"
"26400","충청북도 청주시 청원구 오창읍 주성리","564","0564","0000","사랑으로부영7단지","전세","57.7554","202503","26","12,199","0","17","2014","2산단4로 60","202503~202603","갱신","-","12,199","0","아파트"
"26401","충청북도 청주시 청원구 오창읍 주성리","569","0569","0000","충북오창사랑으로부영6단지","전세","57.7554","202503","26","12,567","0","21","2014","2산단로 125","202504~202604","갱신","-","12,382","0","아파트"
"26402","충청북도 청주시 청원구 오창읍 주성리","569","0569","0000","충북오창사랑으로부영6단지","전세","57.7554","202503","26","11,311","0","16","2014","2산단로 125","202504~202604","갱신","-","11,144","0","아파트"
"26403","충청북도 청주시 청원구 오창읍 주성리","569","0569","0000","충북오창사랑으로부영6단지","전세","57.7554","202503","26","12,567","0","13","2014","2산단로 125","202504~202604","갱신","-","12,382","0","아파트"
"26404","충청북도 청주시 청원구 오창읍 주성리","569","0569","0000","충북오창사랑으로부영6단지","전세","57.7554","202503","26","12,567","0","21","2014","2산단로 125","202504~202604","갱신","-","12,382","0","아파트"
"26405","충청북도 청주시 청원구 오창읍 주성리","569","0569","0000","충북오창사랑으로부영6단지","전세","57.7554","202503","26","12,382","0","3","2014","2산단로 125","202504~202604","신규","-","","","아파트"
"26406","충청북도 청주시 청원구 오창읍 주성리","569","0569","0000","충북오창사랑으로부영6단지","전세","57.7554","202503","26","12,382","0","3","2014","2산단로 125","202505~202605","갱신","-","12,382","0","아파트"
"26407","충청북도 청주시 청원구 오창읍 주성리","569","0569","0000","충북오창사랑으로부영6단지","전세","57.7554","202503","26","12,567","0","13","2014","2산단로 125","202504~202604","갱신","-","11,822","0","아파트"
"26408","충청북도 청주시 상당구 용담동","425","0425","0000","가좌마을부영","월세","59.9870","202503","26","2,000","70","3","2003","호미로 329","202504~202704","신규","-","","","아파트"
"26409","충청북도 청주시 상당구 영운동","135-19","0135","0019","두산하이츠","월세","22.9300","202503","26","200","18","11","1992","단재로95번길 40","202503~202703","갱신","-","200","18","아파트"
"26410","충청북도 청주시 상당구 대성동","155-1","0155","0001","이화","월세","52.5800","202503","26","500","38","3","1980","용담로 55","202504~202704","신규","-","","","아파트"
"26411","충청북도 청주시 상당구 탑동","390","0390","0000","센트럴힐데스하임","전세","84.8470","202503","26","31,000","0","25","2022","용담로 50","202503~202803","갱신","-","26,000","0","아파트"
"26412","충청북도 청주시 흥덕구 오송읍 연제리","726","0726","0000","모아미래도","전세","84.7627","202503","26","25,000","0","16","2010","오송생명3로 87","202505~202705","신규","-","","","아파트"
"26413","충청북도 청주시 청원구 내수읍 은곡리","246-3","0246","0003","은곡무지개아파트","월세","39.7800","202503","26","300","29","4","2000","은곡4길 6","202503~202703","신규","-","","","아파트"
"26414","충청북도 청주시 청원구 오창읍 각리","646-6","0646","0006","이안오창","전세","59.4414","202503","26","17,000","0","11","2006","오창중앙로 83","202504~202512","갱신","사용","17,000","0","아파트"
"26415","충청북도 청주시 청원구 오창읍 각리","646-6","0646","0006","이안오창","전세","84.8380","202503","26","20,000","0","2","2006","오창중앙로 83","-","-","-","","","아파트"
"26416","충청북도 청주시 청원구 오창읍 각리","646-1","0646","0001","우림필유2차","전세","84.9673","202503","26","24,000","0","6","2006","오창중앙로 65","202506~202706","신규","-","","","아파트"
"26417","충청북도 청주시 상당구 용암동","2915","2915","0000","강변뜨란채","월세","51.9900","202503","26","1,000","60","7","2005","무심동로 86","202504~202704","신규","-","","","아파트"
"26418","충청북도 청주시 흥덕구 강내면 탑연리","301-1","0301","0001","주은반석","전세","84.9896","202503","26","13,000","0","11","2000","태성탑연로 391-28","202505~202705","신규","-","","","아파트"
"26419","충청북도 진천군 덕산읍 용몽리","1091","1091","0000","진천덕산우방아이유쉘","전세","84.9946","202503","26","16,000","0","4","2017","덕금로 842","202505~202705","신규","-","","","아파트"
"26420","충청북도 충주시 호암동","1191","1191","0000","호암힐데스하임","전세","84.9600","202503","26","35,000","0","7","2019","호암토성2로 1","202505~202705","신규","-","","","아파트"
"26421","충청북도 제천시 하소동","82","0082","0000","주공","전세","39.6900","202503","26","7,200","0","4","1989","용두대로15길 11","202505~202705","갱신","-","7,000","0","아파트"
"26422","충청북도 충주시 칠금동","821","0821","0000","부영(1차)","월세","60.0000","202503","26","1,000","40","1","1996","금릉로 46","202503~202703","신규","-","","","아파트"
"26423","충청북도 충주시 용산동","475","0475","0000","신원10차","전세","59.3900","202503","26","4,300","0","5","1992","염밭로 79-4","202504~202704","신규","-","","","아파트"
"26424","충청북도 진천군 덕산읍 두촌리","3147","3147","0000","우미린스테이","월세","70.5634","202503","26","6,400","37","10","2018","대하로 150","202505~202705","갱신","-","6,400","35","아파트"
"26425","충청북도 진천군 덕산읍 두촌리","3147","3147","0000","우미린스테이","월세","78.1677","202503","26","11,500","18","3","2018","대하로 150","202505~202705","갱신","-","0","16","아파트"
"26426","충청북도 충주시 주덕읍 신중리","69-1","0069","0001","주한","월세","34.5600","202503","26","200","30","7","1993","신덕로 1302","202503~202703","신규","-","","","아파트"
"26427","충청북도 진천군 덕산읍 두촌리","3147","3147","0000","우미린스테이","월세","70.5634","202503","26","10,240","16","3","2018","대하로 150","-","-","-","","","아파트"
"26428","충청북도 충주시 연수동","1220","1220","0000","세원한아름","월세","41.8500","202503","26","500","40","10","1996","금릉로 101","202503~202703","신규","-","","","아파트"
"26429","충청북도 충주시 연수동","1227","1227","0000","연수주공1차","전세","47.3200","202503","26","6,500","0","4","1991","예성로 360","202504~202704","신규","-","","","아파트"
"26430","충청북도 청주시 흥덕구 문암동","213","0213","0000","청주테크노폴리스신영지웰푸르지오","월세","59.8893","202503","26","7,000","90","28","2022","송화로 229","202505~202705","신규","-","","","아파트"
"26431","충청북도 진천군 덕산읍 두촌리","2456","2456","0000","영무예다음2차","월세","84.9095","202503","26","2,000","100","7","2016","대하로 195","202504~202604","신규","-","","","아파트"
"26432","충청북도 충주시 대소원면 본리","645","0645","0000","충주코아루퍼스트아파트","전세","59.3554","202503","26","11,000","0","2","2016","첨단산업4로 24","202504~202704","갱신","사용","11,000","0","아파트"
"26433","충청북도 음성군 음성읍 읍내리","613-12","0613","0012","음성읍내행복주택","월세","44.2900","202503","26","2,884","17","5","2024","음성천동길 172","202503~202704","신규","-","","","아파트"
"26434","충청북도 청주시 청원구 율량동","2605","2605","0000","율량금호어울림센트로","월세","59.9396","202503","26","5,000","70","16","2022","율천북로 91","202503~202603","신규","-","","","아파트"
"26435","충청북도 청주시 청원구 율량동","2605","2605","0000","율량금호어울림센트로","월세","59.9396","202503","26","3,000","90","23","2022","율천북로 91","202504~202704","신규","-","","","아파트"
"26436","충청북도 제천시 청전동","4","0004","0000","주공","전세","42.5400","202503","26","3,000","0","2","1980","청전대로15길 70","202505~202705","갱신","-","2,000","0","아파트"
"26437","충청북도 청주시 흥덕구 송절동","842","0842","0000","청주테크노폴리스우방아이유쉘1단지","전세","84.9725","202503","26","25,200","0","4","2018","송화로184번길 7","202504~202510","갱신","사용","24,000","0","아파트"
"26438","충청북도 음성군 대소면 태생리","765","0765","0000","대소웰메이드타운","전세","74.8550","202503","26","14,000","0","12","2018","대화1길 44-8","202506~202706","신규","-","","","아파트"
"26439","충청북도 옥천군 옥천읍 마암리","489","0489","0000","옥천역금호어울림더퍼스트","전세","84.9114","202503","26","16,000","0","10","2025","대천길 42","202504~202704","신규","-","","","아파트"
"26440","충청북도 청주시 청원구 주중동","950","0950","0000","청주율량2엘에이치2단지아파트","월세","36.8900","202503","26","1,622","15","16","2013","율량로 47","202504~202703","갱신","-","1,547","15","아파트"
"26441","충청북도 진천군 이월면 사곡리","600-1","0600","0001","부영임대","전세","60.0000","202503","26","6,589","0","8","2004","진광로 121","202504~202604","갱신","-","6,328","0","아파트"
"26442","충청북도 제천시 고암동","1163-1","1163","0001","부강","월세","59.6750","202503","25","1,000","40","5","1988","고암로 88","202503~202703","신규","-","","","아파트"
"26443","충청북도 충주시 대소원면 대소리","132-7","0132","0007","한영(6동)","월세","39.9800","202503","25","300","40","4","1995","대소원로 108","202503~202703","신규","-","","","아파트"
"26444","충청북도 충주시 호암동","1067","1067","0000","충주호암행복주택","월세","36.7600","202503","25","2,692","16","17","2020","호암수청1로 30","202503~202705","신규","-","","","아파트"
"26445","충청북도 충주시 호암동","1067","1067","0000","충주호암행복주택","월세","16.9400","202503","25","1,083","6","13","2020","호암수청1로 30","202503~202705","신규","-","","","아파트"
"26446","충청북도 충주시 호암동","1067","1067","0000","충주호암행복주택","월세","36.7600","202503","25","2,550","15","19","2020","호암수청1로 30","202503~202705","신규","-","","","아파트"
"26447","충청북도 충주시 호암동","1066","1066","0000","충주호암1단지","월세","37.4500","202503","25","3,194","15","14","2020","호암수청2로 56","202505~202704","갱신","-","1,618","22","아파트"
"26448","충청북도 청주시 청원구 사천동","444-1","0444","0001","사천동대창2차101동","월세","49.6752","202503","25","1,000","50","11","2000","새터로 186","202504~202604","신규","-","","","아파트"
"26449","충청북도 청주시 청원구 사천동","444-1","0444","0001","사천동대창2차101동","월세","49.6752","202503","25","1,000","45","9","2000","새터로 186","202504~202704","신규","-","","","아파트"
"26450","충청북도 청주시 청원구 사천동","228","0228","0000","동아2","전세","84.9600","202503","25","15,000","0","12","1996","새터로176번길 62","202505~202705","신규","-","","","아파트"
"26451","충청북도 진천군 이월면 사곡리","600-1","0600","0001","부영임대","전세","39.6900","202503","25","4,235","0","8","2004","진광로 121","202504~202604","갱신","-","4,185","0","아파트"
"26452","충청북도 제천시 장락동","1026","1026","0000","장락주공2단지","월세","49.9600","202503","25","500","45","5","1999","죽하로 48","202504~202704","신규","-","","","아파트"
"26453","충청북도 제천시 장락동","1029","1029","0000","장락주공1단지","월세","49.9600","202503","25","1,428","18","11","1999","죽하로 30","202504~202703","갱신","-","1,362","17","아파트"
"26454","충청북도 충주시 칠금동","1015","1015","0000","부영아파트(2차)","월세","50.4900","202503","25","500","55","6","1996","칠금중앙로 30","202504~202704","신규","-","","","아파트"
"26455","충청북도 충주시 용산동","2628","2628","0000","충주3차푸르지오","전세","84.9748","202503","25","27,000","0","4","2018","염밭로 13","202505~202705","신규","-","","","아파트"
"26456","충청북도 증평군 증평읍 장동리","921","0921","0000","증평4단지주공","월세","51.9500","202503","25","1,500","45","5","2003","문화로 97","202504~202604","신규","-","","","아파트"
"26457","충청북도 진천군 덕산읍 신척리","936","0936","0000","진천힐데스하임LAKEVIEW","월세","51.3061","202503","25","6,000","55","16","2024","신척산단5로 14-14","202504~203503","신규","-","","","아파트"
"26458","충청북도 청주시 흥덕구 강내면 월곡리","432","0432","0000","강내두진하트리움","전세","65.7200","202503","25","17,000","0","2","2018","월곡길 23-13","202504~202704","신규","-","","","아파트"
"26459","충청북도 진천군 덕산읍 두촌리","3147","3147","0000","우미린스테이","월세","84.4362","202503","25","11,960","20","17","2018","대하로 150","202505~202705","갱신","-","11,960","16","아파트"
"26460","충청북도 진천군 덕산읍 두촌리","3149","3149","0000","충북혁신도시센텀클래스","월세","84.7300","202503","25","10,012","20","2","2020","연미로 63","202412~202611","갱신","-","4,712","43","아파트"
"26461","충청북도 진천군 진천읍 신정리","824","0824","0000","진천신정주공","월세","39.5100","202503","25","1,251","9","11","2006","문화2길 14","202504~202703","신규","-","","","아파트"
"26462","충청북도 진천군 덕산읍 두촌리","3146","3146","0000","모아엘가더테라스","전세","84.9134","202503","25","27,000","0","7","2018","대월로 127","202505~202705","신규","-","","","아파트"
"26463","충청북도 옥천군 옥천읍 문정리","374","0374","0000","옥천문정주공(2)단지","월세","49.6200","202503","25","1,000","35","13","1998","문장로2길 9","202504~202703","신규","-","","","아파트"
"26464","충청북도 진천군 덕산읍 두촌리","3146","3146","0000","모아엘가더테라스","전세","84.9134","202503","25","25,000","0","6","2018","대월로 127","202504~202704","신규","-","","","아파트"
"26465","충청북도 청주시 청원구 율량동","861","0861","0000","두진백로그린타운","월세","32.7600","202503","25","500","40","1","1996","율봉로201번길 34","202504~202704","신규","-","","","아파트"
"26466","충청북도 청주시 청원구 율량동","2455","2455","0000","청주율량2엘에이치9단지","월세","46.9400","202503","25","4,857","11","5","2014","율중로7번길 77","202506~202705","신규","-","","","아파트"
"26467","충청북도 청주시 청원구 율량동","2455","2455","0000","청주율량2엘에이치9단지","월세","36.9500","202503","25","3,087","10","16","2014","율중로7번길 77","202504~202703","갱신","-","1,577","15","아파트"
"26468","충청북도 괴산군 괴산읍 동부리","795","0795","0000","괴산동부주공","월세","51.9300","202503","25","1,615","14","7","2008","남산1길 25","202505~202704","갱신","-","1,543","13","아파트"
"26469","충청북도 충주시 중앙탑면 용전리","656","0656","0000","미진이지비아","월세","59.9941","202503","25","1,000","60","8","2017","기업도시로 189","202504~202704","신규","-","","","아파트"
"26470","충청북도 진천군 덕산읍 두촌리","2487","2487","0000","충북혁신리슈빌","월세","84.9400","202503","25","2,000","100","7","2018","연미로 128","-","-","-","","","아파트"
"26471","충청북도 충주시 중앙탑면 용전리","661","0661","0000","e편한세상충주","월세","84.9498","202503","25","2,000","90","17","2017","원앙9길 15","202505~202705","신규","-","","","아파트"
"26472","충청북도 진천군 진천읍 장관리","884","0884","0000","진천장관사랑으로부영1차","전세","59.9605","202503","25","9,740","0","12","2013","장관2길 139","202503~202603","신규","-","","","아파트"
"26473","충청북도 청주시 서원구 분평동","1360","1360","0000","분평주공5단지아파트","전세","59.7100","202503","25","12,800","0","5","1998","분평로 88-1","202507~202707","신규","-","","","아파트"
"26474","충청북도 청주시 서원구 분평동","1261","1261","0000","주공4단지2차","월세","49.7700","202503","25","1,000","50","15","1998","1순환로1137번길 80","202504~202704","신규","-","","","아파트"
"26475","충청북도 음성군 대소면 성본리","822","0822","0000","음성푸르지오마크베르","전세","84.8374","202503","25","16,000","0","12","2025","성본산단5로 9","202505~202705","신규","-","","","아파트"
"26476","충청북도 음성군 대소면 성본리","803","0803","0000","음성동문디이스트","전세","84.9615","202503","25","17,000","0","16","2024","성본산단3로 13","202504~202704","신규","-","","","아파트"
"26477","충청북도 청주시 서원구 모충동","553","0553","0000","청주모충LH트릴로채","월세","51.9000","202503","25","5,026","36","26","2021","쌍샘로 22","202503~202704","신규","-","","","아파트"
"26478","충청북도 청주시 서원구 모충동","553","0553","0000","청주모충LH트릴로채","월세","51.9000","202503","25","5,026","36","4","2021","쌍샘로 22","202503~202704","신규","-","","","아파트"
"26479","충청북도 청주시 서원구 모충동","553","0553","0000","청주모충LH트릴로채","월세","51.9000","202503","25","5,026","36","15","2021","쌍샘로 22","202503~202704","신규","-","","","아파트"
"26480","충청북도 청주시 서원구 모충동","553","0553","0000","청주모충LH트릴로채","월세","51.9000","202503","25","5,026","36","15","2021","쌍샘로 22","202503~202704","신규","-","","","아파트"
"26481","충청북도 청주시 서원구 모충동","553","0553","0000","청주모충LH트릴로채","월세","39.7400","202503","25","3,089","31","15","2021","쌍샘로 22","202503~202704","신규","-","","","아파트"
"26482","충청북도 청주시 서원구 모충동","553","0553","0000","청주모충LH트릴로채","월세","51.9000","202503","25","5,026","36","1","2021","쌍샘로 22","202503~202704","신규","-","","","아파트"
"26483","충청북도 청주시 서원구 모충동","553","0553","0000","청주모충LH트릴로채","월세","39.7400","202503","25","3,089","31","17","2021","쌍샘로 22","202503~202704","신규","-","","","아파트"
"26484","충청북도 청주시 서원구 모충동","553","0553","0000","청주모충LH트릴로채","월세","51.9000","202503","25","5,026","36","9","2021","쌍샘로 22","202503~202704","신규","-","","","아파트"
"26485","충청북도 청주시 서원구 모충동","553","0553","0000","청주모충LH트릴로채","월세","51.9000","202503","25","5,026","36","14","2021","쌍샘로 22","202503~202704","신규","-","","","아파트"
"26486","충청북도 청주시 서원구 모충동","553","0553","0000","청주모충LH트릴로채","월세","39.7400","202503","25","3,089","31","9","2021","쌍샘로 22","202503~202704","신규","-","","","아파트"
"26487","충청북도 청주시 서원구 모충동","553","0553","0000","청주모충LH트릴로채","월세","51.9000","202503","25","5,026","36","3","2021","쌍샘로 22","202503~202704","신규","-","","","아파트"
"26488","충청북도 청주시 서원구 모충동","553","0553","0000","청주모충LH트릴로채","월세","51.9000","202503","25","5,026","36","13","2021","쌍샘로 22","202503~202704","신규","-","","","아파트"
"26489","충청북도 청주시 서원구 모충동","553","0553","0000","청주모충LH트릴로채","월세","51.9000","202503","25","5,026","36","10","2021","쌍샘로 22","202503~202704","신규","-","","","아파트"
"26490","충청북도 청주시 서원구 모충동","553","0553","0000","청주모충LH트릴로채","월세","39.7400","202503","25","3,089","31","9","2021","쌍샘로 22","202503~202704","신규","-","","","아파트"
"26491","충청북도 청주시 흥덕구 가경동","1581","1581","0000","가경주공7단지","전세","84.9100","202503","25","26,250","0","11","2005","풍년로 40","202503~202703","갱신","사용","25,000","0","아파트"
"26492","충청북도 청주시 흥덕구 옥산면 오산리","247-1","0247","0001","한울2","월세","59.8200","202503","25","1,000","50","7","1994","오산5길 13","202503~202603","신규","-","","","아파트"
"26493","충청북도 청주시 흥덕구 옥산면 오산리","247-1","0247","0001","한울2","월세","59.8200","202503","25","1,000","45","8","1994","오산5길 13","202504~202704","신규","-","","","아파트"
"26494","충청북도 청주시 흥덕구 복대동","3366","3366","0000","어울림","전세","84.6270","202503","25","34,000","0","3","2009","대신로73번길 14","202505~202705","신규","-","","","아파트"
"26495","충청북도 청주시 서원구 산남동","671","0671","0000","산남퀸덤아파트","전세","84.9306","202503","25","25,000","0","14","2007","두꺼비로 93","202506~202706","신규","-","","","아파트"
"26496","충청북도 청주시 서원구 산남동","671","0671","0000","산남퀸덤아파트","전세","84.9306","202503","25","25,000","0","14","2007","두꺼비로 93","202506~202706","신규","-","","","아파트"
"26497","충청북도 청주시 서원구 산남동","671","0671","0000","산남퀸덤아파트","월세","84.9306","202503","25","0","120","15","2007","두꺼비로 93","202503~202507","신규","-","","","아파트"
"26498","충청북도 청주시 흥덕구 송정동","140-41","0140","0041","청주산단1행복주택","월세","36.4600","202503","25","4,724","16","13","2025","대신로 142","202503~202705","갱신","-","3,924","21","아파트"
"26499","충청북도 청주시 흥덕구 송정동","140-41","0140","0041","청주산단1행복주택","월세","44.6800","202503","25","7,460","11","4","2025","대신로 142","202503~202705","갱신","-","4,860","26","아파트"
"26500","충청북도 청주시 흥덕구 송정동","140-41","0140","0041","청주산단1행복주택","월세","36.4600","202503","25","824","30","12","2025","대신로 142","202503~202705","갱신","-","3,924","21","아파트"
"26501","충청북도 청주시 흥덕구 송정동","140-41","0140","0041","청주산단1행복주택","월세","26.9500","202503","25","4,344","6","12","2025","대신로 142","202503~202705","갱신","-","2,844","15","아파트"
"26502","충청북도 청주시 흥덕구 송정동","140-41","0140","0041","청주산단1행복주택","월세","26.9500","202503","25","4,244","7","9","2025","대신로 142","202503~202705","갱신","-","2,844","15","아파트"
"26503","충청북도 청주시 흥덕구 송정동","140-41","0140","0041","청주산단1행복주택","월세","26.9500","202503","25","4,344","6","8","2025","대신로 142","202503~202705","갱신","-","2,844","15","아파트"
"26504","충청북도 청주시 흥덕구 봉명동","795","0795","0000","IJFOCUS","월세","23.0356","202503","25","300","40","13","2017","1순환로 571","202504~202604","신규","-","","","아파트"
"26505","충청북도 청주시 서원구 수곡동","153-3","0153","0003","삼일맨션","월세","84.9650","202503","25","500","40","1","1986","구룡산로337번길 33","202504~202704","신규","-","","","아파트"
"26506","충청북도 청주시 서원구 분평동","275-1","0275","0001","대승스카이빌","월세","34.8899","202503","25","300","32","12","2001","안뜸로12번길 13","202503~202703","갱신","사용","300","30","아파트"
"26507","충청북도 청주시 청원구 오창읍 주성리","569","0569","0000","충북오창사랑으로부영6단지","월세","57.7554","202503","25","3,230","38","22","2014","2산단로 125","202504~202604","신규","-","","","아파트"
"26508","충청북도 청주시 흥덕구 오송읍 연제리","740","0740","0000","오송대원칸타빌","전세","84.9922","202503","25","23,000","0","16","2011","연제만수길 17","202506~202706","신규","-","","","아파트"
"26509","충청북도 청주시 흥덕구 오송읍 봉산리","1523","1523","0000","오송역파라곤센트럴시티3차","전세","84.9640","202503","25","36,000","0","6","2024","오송생명7로 118","202410~203210","신규","-","","","아파트"
"26510","충청북도 청주시 상당구 용암동","3164","3164","0000","청주동남파밀리에NHF4단지","월세","59.6300","202503","25","9,150","20","4","2021","동남로 187","202504~202703","갱신","-","4,611","41","아파트"
"26511","충청북도 청주시 상당구 용암동","3164","3164","0000","청주동남파밀리에NHF4단지","월세","59.6300","202503","25","9,150","20","3","2021","동남로 187","202504~202703","갱신","-","4,611","41","아파트"
"26512","충청북도 청주시 청원구 우암동","372-6","0372","0006","라임미소가","월세","48.4238","202503","25","3,076","10","10","2017","향군로 110","202504~202703","신규","-","","","아파트"
"26513","충청북도 청주시 청원구 우암동","237-13","0237","0013","일진캠퍼스타워","월세","16.2100","202503","25","300","42","9","2015","상당로 249","202503~202603","신규","-","","","아파트"
"26514","충청북도 청주시 상당구 용암동","3164","3164","0000","청주동남파밀리에NHF4단지","월세","59.3600","202503","25","9,150","20","18","2021","동남로 187","202504~202703","갱신","-","4,611","41","아파트"
"26515","충청북도 청주시 흥덕구 오송읍 봉산리","1523","1523","0000","오송역파라곤센트럴시티3차","전세","68.9518","202503","25","29,000","0","14","2024","오송생명7로 118","202410~203210","신규","-","","","아파트"
"26516","충청북도 청주시 흥덕구 오송읍 봉산리","1523","1523","0000","오송역파라곤센트럴시티3차","전세","68.9518","202503","25","29,000","0","24","2024","오송생명7로 118","202410~203210","신규","-","","","아파트"
"26517","충청북도 청주시 흥덕구 오송읍 봉산리","1523","1523","0000","오송역파라곤센트럴시티3차","전세","84.9965","202503","25","36,000","0","13","2024","오송생명7로 118","202410~203210","신규","-","","","아파트"
"26518","충청북도 청주시 흥덕구 오송읍 봉산리","1523","1523","0000","오송역파라곤센트럴시티3차","전세","84.9965","202503","25","36,000","0","16","2024","오송생명7로 118","202410~203210","신규","-","","","아파트"
"26519","충청북도 청주시 흥덕구 오송읍 봉산리","1523","1523","0000","오송역파라곤센트럴시티3차","전세","84.9965","202503","25","36,000","0","8","2024","오송생명7로 118","202410~203210","신규","-","","","아파트"
"26520","충청북도 청주시 흥덕구 오송읍 봉산리","1523","1523","0000","오송역파라곤센트럴시티3차","전세","84.9965","202503","25","36,000","0","8","2024","오송생명7로 118","202410~203210","신규","-","","","아파트"
"26521","충청북도 청주시 흥덕구 오송읍 봉산리","1523","1523","0000","오송역파라곤센트럴시티3차","전세","84.9965","202503","25","33,900","0","2","2024","오송생명7로 118","202410~203210","신규","-","","","아파트"
"26522","충청북도 청주시 흥덕구 오송읍 봉산리","1523","1523","0000","오송역파라곤센트럴시티3차","전세","84.9965","202503","25","36,000","0","22","2024","오송생명7로 118","202410~203210","신규","-","","","아파트"
"26523","충청북도 청주시 흥덕구 오송읍 봉산리","1523","1523","0000","오송역파라곤센트럴시티3차","전세","84.9965","202503","25","36,000","0","23","2024","오송생명7로 118","202410~203210","신규","-","","","아파트"
"26524","충청북도 청주시 흥덕구 오송읍 봉산리","1531","1531","0000","오송역대광로제비앙그랜드센텀","전세","84.9140","202503","25","25,500","0","5","2024","오송생명14로 283","202406~202606","신규","-","","","아파트"
"26525","충청북도 청주시 흥덕구 오송읍 봉산리","1523","1523","0000","오송역파라곤센트럴시티3차","전세","84.9640","202503","25","36,000","0","15","2024","오송생명7로 118","202410~203210","신규","-","","","아파트"
"26526","충청북도 청주시 흥덕구 오송읍 연제리","740","0740","0000","오송대원칸타빌","전세","84.9922","202503","25","23,000","0","16","2011","연제만수길 17","202506~202706","신규","-","","","아파트"
"26527","충청북도 청주시 흥덕구 오송읍 연제리","736","0736","0000","오송호반베르디움","전세","84.8873","202503","25","26,500","0","11","2010","오송생명3로 111","202504~202704","신규","-","","","아파트"
"26528","충청북도 청주시 상당구 용암동","3164","3164","0000","청주동남파밀리에NHF4단지","월세","59.6300","202503","25","9,150","20","16","2021","동남로 187","202504~202703","갱신","-","4,611","41","아파트"
"26529","충청북도 청주시 청원구 오창읍 주성리","561","0561","0000","충북오창사랑으로부영8단지","전세","82.8216","202503","25","16,542","0","10","2015","2산단로 151","202504~202604","신규","-","","","아파트"
"26530","충청북도 청주시 청원구 오창읍 주성리","567","0567","0000","충북오창사랑으로부영5단지","전세","82.8216","202503","25","16,542","0","12","2015","2산단4로 20","202504~202604","신규","-","","","아파트"
"26531","충청북도 청주시 청원구 오창읍 주성리","569","0569","0000","충북오창사랑으로부영6단지","월세","57.7554","202503","25","9,367","12","5","2014","2산단로 125","202504~202603","갱신","-","9,202","12","아파트"
"26532","충청북도 청주시 청원구 오창읍 주성리","569","0569","0000","충북오창사랑으로부영6단지","전세","57.7554","202503","25","12,567","0","2","2014","2산단로 125","202505~202605","신규","-","","","아파트"
"26533","충청북도 청주시 청원구 오창읍 주성리","564","0564","0000","사랑으로부영7단지","전세","57.7554","202503","25","12,199","0","4","2014","2산단4로 60","-","-","-","","","아파트"
"26534","충청북도 청주시 청원구 오창읍 주성리","567","0567","0000","충북오창사랑으로부영5단지","월세","82.8216","202503","24","8,538","33","12","2015","2산단4로 20","202503~202603","갱신","-","8,454","33","아파트"
"26535","충청북도 청주시 청원구 오창읍 주성리","569","0569","0000","충북오창사랑으로부영6단지","월세","57.7554","202503","24","9,367","12","16","2014","2산단로 125","202503~202603","갱신","-","9,202","12","아파트"
"26536","충청북도 청주시 청원구 오창읍 주성리","569","0569","0000","충북오창사랑으로부영6단지","전세","57.7554","202503","24","12,567","0","14","2014","2산단로 125","202505~202605","신규","-","","","아파트"
"26537","충청북도 청주시 청원구 오창읍 주성리","569","0569","0000","충북오창사랑으로부영6단지","전세","57.7554","202503","24","12,567","0","13","2014","2산단로 125","202504~202604","갱신","-","12,382","0","아파트"
"26538","충청북도 청주시 청원구 오창읍 주성리","561","0561","0000","충북오창사랑으로부영8단지","전세","82.8216","202503","24","16,542","0","1","2015","2산단로 151","202504~202604","신규","-","","","아파트"
"26539","충청북도 청주시 청원구 오창읍 주성리","569","0569","0000","충북오창사랑으로부영6단지","월세","57.7554","202503","24","3,230","38","20","2014","2산단로 125","-","-","-","","","아파트"
"26540","충청북도 청주시 청원구 오창읍 양청리","810-2","0810","0002","오창롯데캐슬더하이스트","전세","59.9502","202503","24","27,500","0","20","2018","중부로 760","202504~202704","신규","-","","","아파트"
"26541","충청북도 청주시 청원구 오창읍 창리","161","0161","0000","오창모아미래도와이드파크","전세","59.9853","202503","24","22,000","0","21","2016","2산단4로 45","202504~202704","신규","-","","","아파트"
"26542","충청북도 청주시 청원구 오창읍 창리","161","0161","0000","오창모아미래도와이드파크","전세","59.9853","202503","24","22,000","0","21","2016","2산단4로 45","-","-","-","","","아파트"
"26543","충청북도 청주시 청원구 오창읍 양청리","810-2","0810","0002","오창롯데캐슬더하이스트","전세","59.9502","202503","24","27,500","0","20","2018","중부로 760","202504~202704","신규","-","","","아파트"
"26544","충청북도 청주시 상당구 용암동","3147","3147","0000","시티프라디움2단지","전세","84.9954","202503","24","39,000","0","9","2020","중고개로142번길 17","202505~202705","신규","-","","","아파트"
"26545","충청북도 청주시 상당구 용암동","3145","3145","0000","청주동남1단지","월세","37.7800","202503","24","618","23","24","2020","호미로 137","202503~202704","갱신","-","1,918","19","아파트"
"26546","충청북도 청주시 상당구 용암동","3164","3164","0000","청주동남파밀리에NHF4단지","월세","51.7600","202503","24","7,902","18","16","2021","동남로 187","202505~202704","갱신","-","7,788","17","아파트"
"26547","충청북도 청주시 상당구 용암동","3164","3164","0000","청주동남파밀리에NHF4단지","월세","59.6300","202503","24","3,150","45","7","2021","동남로 187","202504~202703","갱신","-","4,611","41","아파트"
"26548","충청북도 청주시 상당구 용암동","3145","3145","0000","청주동남1단지","월세","37.7800","202503","24","4,056","9","21","2020","호미로 137","202504~202703","갱신","사용","3,968","8","아파트"
"26549","충청북도 청주시 상당구 탑동","390","0390","0000","센트럴힐데스하임","전세","84.8470","202503","24","36,000","0","29","2022","용담로 50","202504~202709","신규","-","","","아파트"
"26550","충청북도 청주시 상당구 탑동","390","0390","0000","센트럴힐데스하임","전세","84.8470","202503","24","28,350","0","25","2022","용담로 50","202504~202704","갱신","사용","27,000","0","아파트"
"26551","충청북도 청주시 상당구 탑동","390","0390","0000","센트럴힐데스하임","전세","84.8470","202503","24","25,200","0","23","2022","용담로 50","202504~202704","갱신","사용","24,000","0","아파트"
"26552","충청북도 청주시 흥덕구 오송읍 봉산리","1531","1531","0000","오송역대광로제비앙그랜드센텀","전세","84.9140","202503","24","25,500","0","16","2024","오송생명14로 283","202406~202606","신규","-","","","아파트"
"26553","충청북도 청주시 흥덕구 오송읍 만수리","549-1","0549","0001","청원오송휴먼시아1단지","월세","51.9300","202503","24","2,608","20","9","2008","오송가락로 235","202505~202704","갱신","-","2,491","19","아파트"
"26554","충청북도 청주시 흥덕구 오송읍 만수리","549-1","0549","0001","청원오송휴먼시아1단지","월세","51.9300","202503","24","4,582","8","1","2008","오송가락로 235","202503~202702","신규","-","","","아파트"
"26555","충청북도 청주시 청원구 오창읍 각리","637-1","0637","0001","한라비발디","전세","161.8630","202503","24","29,000","0","5","2006","오창중앙로 94","202504~202510","갱신","-","29,000","0","아파트"
"26556","충청북도 청주시 청원구 오창읍 각리","636-2","0636","0002","한신더휴센트럴파크","전세","84.9893","202503","24","33,000","0","44","2018","오창공원로 96","202504~202604","갱신","-","33,000","0","아파트"
"26557","충청북도 청주시 청원구 오창읍 각리","637-1","0637","0001","한라비발디","월세","84.5730","202503","24","2,000","100","1","2006","오창중앙로 94","202505~202705","신규","-","","","아파트"
"26558","충청북도 청주시 흥덕구 오송읍 봉산리","1523","1523","0000","오송역파라곤센트럴시티3차","전세","68.9518","202503","24","27,300","0","2","2024","오송생명7로 118","202410~203210","신규","-","","","아파트"
"26559","충청북도 청주시 청원구 오창읍 주성리","567","0567","0000","충북오창사랑으로부영5단지","월세","82.8216","202503","24","8,538","33","5","2015","2산단4로 20","202504~202604","신규","-","","","아파트"
"26560","충청북도 청주시 청원구 오창읍 주성리","561","0561","0000","충북오창사랑으로부영8단지","월세","82.8216","202503","24","8,538","33","2","2015","2산단로 151","202504~202604","갱신","-","8,454","33","아파트"
"26561","충청북도 청주시 청원구 오창읍 주성리","561","0561","0000","충북오창사랑으로부영8단지","전세","82.8216","202503","24","16,542","0","14","2015","2산단로 151","202504~202604","신규","-","","","아파트"
"26562","충청북도 청주시 청원구 우암동","411-3","0411","0003","목화","전세","58.1600","202503","24","5,000","0","3","1983","교서로 214","-","-","-","","","아파트"
"26563","충청북도 청주시 청원구 오창읍 주성리","561","0561","0000","충북오창사랑으로부영8단지","전세","82.8216","202503","24","16,542","0","2","2015","2산단로 151","202505~202605","갱신","-","16,379","0","아파트"
"26564","충청북도 청주시 청원구 오창읍 주성리","561","0561","0000","충북오창사랑으로부영8단지","월세","82.8216","202503","24","8,538","33","10","2015","2산단로 151","202503~202603","신규","-","","","아파트"
"26565","충청북도 청주시 청원구 오창읍 주성리","561","0561","0000","충북오창사랑으로부영8단지","전세","82.8216","202503","24","16,542","0","20","2015","2산단로 151","202504~202604","갱신","-","16,379","0","아파트"
"26566","충청북도 충주시 호암동","1063","1063","0000","충주호암두진하트리움아파트","전세","84.8030","202503","24","28,000","0","8","2019","호암수청2로 78","202703~202903","신규","-","","","아파트"
"26567","충청북도 충주시 중앙탑면 용전리","661","0661","0000","e편한세상충주","전세","59.8841","202503","24","18,000","0","13","2017","원앙9길 15","202504~202604","신규","-","","","아파트"
"26568","충청북도 충주시 중앙탑면 용전리","721","0721","0000","충주시티자이","월세","59.8977","202503","24","500","64","2","2017","원앙4길 51","202503~202703","신규","-","","","아파트"
"26569","충청북도 충주시 중앙탑면 용전리","656","0656","0000","미진이지비아","전세","59.9903","202503","24","14,000","0","12","2017","기업도시로 189","202504~202704","신규","-","","","아파트"
"26570","충청북도 진천군 덕산읍 두촌리","2487","2487","0000","충북혁신리슈빌","전세","84.8600","202503","24","19,000","0","21","2018","연미로 128","202504~202704","신규","-","","","아파트"
"26571","충청북도 충주시 주덕읍 화곡리","1250","1250","0000","서충주신도시삼일파라뷰2차그랜드시티","전세","84.9734","202503","24","31,500","0","17","2024","화개4길 29","202502~202702","신규","-","","","아파트"
"26572","충청북도 제천시 고암동","1250","1250","0000","고암주공2","월세","39.7200","202503","24","300","35","2","1987","고암로14길 13","202504~202704","신규","-","","","아파트"
"26573","충청북도 충주시 주덕읍 화곡리","1250","1250","0000","서충주신도시삼일파라뷰2차그랜드시티","전세","84.9734","202503","24","31,500","0","22","2024","화개4길 29","202503~202702","신규","-","","","아파트"
"26574","충청북도 진천군 진천읍 장관리","880","0880","0000","진천장관사랑으로부영2차","월세","59.9605","202503","24","5,060","16","12","2013","진광로 97-13","202503~202603","신규","-","","","아파트"
"26575","충청북도 진천군 진천읍 장관리","884","0884","0000","진천장관사랑으로부영1차","전세","84.9877","202503","24","11,905","0","7","2013","장관2길 139","202506~202606","신규","-","","","아파트"
"26576","충청북도 충주시 목행동","886","0886","0000","한라비발디","월세","84.8810","202503","24","6,000","50","13","2007","목행산단4로 13","202504~202704","신규","-","","","아파트"
"26577","충청북도 충주시 목행동","610-5","0610","0005","더휴인Ⅴ","월세","59.6810","202503","24","500","65","2","2018","행정9길 20-8","202503~202703","신규","-","","","아파트"
"26578","충청북도 제천시 고암동","1250","1250","0000","고암주공2","월세","46.7400","202503","24","300","45","4","1987","고암로14길 13","202504~202704","신규","-","","","아파트"
"26579","충청북도 충주시 호암동","542-18","0542","0018","예성세경","월세","51.7500","202503","24","2,000","43","11","1998","신촌2길 2","202504~202704","신규","-","","","아파트"
"26580","충청북도 충주시 주덕읍 화곡리","1250","1250","0000","서충주신도시삼일파라뷰2차그랜드시티","전세","84.9963","202503","24","31,500","0","19","2024","화개4길 29","202503~202702","신규","-","","","아파트"
"26581","충청북도 제천시 고암동","1163-1","1163","0001","부강","월세","58.9280","202503","24","1,000","50","4","1988","고암로 88","202504~202604","신규","-","","","아파트"
"26582","충청북도 진천군 진천읍 신정리","390","0390","0000","삼진동산","월세","28.4700","202503","24","300","35","1","1996","농다리로 1411","202504~202704","신규","-","","","아파트"
"26583","충청북도 진천군 진천읍 신정리","390","0390","0000","삼진동산","월세","59.9400","202503","24","500","45","5","1996","농다리로 1411","202506~202706","신규","-","","","아파트"
"26584","충청북도 음성군 맹동면 동성리","445","0445","0000","충북혁신도시 LH쌍용예가","월세","59.9400","202503","24","1,000","75","3","2014","사예로 20","202503~202703","신규","-","","","아파트"
"26585","충청북도 보은군 보은읍 이평리","228","0228","0000","보은이평휴먼시아","월세","51.9300","202503","24","1,797","14","4","2008","월송로 37","202503~202704","신규","-","","","아파트"
"26586","충청북도 옥천군 옥천읍 금구리","243-4","0243","0004","꿈엔들","월세","84.5351","202503","24","1,500","50","4","2016","가화4길 39","202504~202704","신규","-","","","아파트"
"26587","충청북도 충주시 주덕읍 화곡리","1246","1246","0000","서충주신도시삼일파라뷰그랜드센트럴","전세","84.9873","202503","24","29,900","0","26","2024","화개1길 16","202503~202611","신규","-","","","아파트"
"26588","충청북도 증평군 증평읍 송산리","820","0820","0000","증평송산엘에이치천년나무3단지","월세","29.9900","202503","24","1,927","6","13","2016","송산로4길 14","202503~202704","신규","-","","","아파트"
"26589","충청북도 진천군 진천읍 장관리","880","0880","0000","진천장관사랑으로부영2차","월세","59.9605","202503","24","2,163","31","1","2013","진광로 97-13","202504~202604","신규","-","","","아파트"
"26590","충청북도 청주시 청원구 율량동","2080","2080","0000","율량7단지선광로즈웰1차","전세","103.7399","202503","24","35,000","0","5","2014","율량로 157","202505~202705","신규","-","","","아파트"
"26591","충청북도 충주시 교현동","130","0130","0000","한이","월세","67.2000","202503","24","500","40","4","1985","만리산14길 7","202504~202704","신규","-","","","아파트"
"26592","충청북도 충주시 연수동","1767","1767","0000","충주센트럴푸르지오","전세","84.9589","202503","24","25,000","0","3","2018","연수서편2길 11","202504~202704","신규","-","","","아파트"
"26593","충청북도 진천군 덕산읍 두촌리","3149","3149","0000","충북혁신도시센텀클래스","월세","74.8800","202503","24","7,265","23","17","2020","연미로 63","202504~202703","갱신","-","3,500","37","아파트"
"26594","충청북도 충주시 연수동","1767","1767","0000","충주센트럴푸르지오","전세","84.9589","202503","24","25,000","0","3","2018","연수서편2길 11","202505~202705","신규","-","","","아파트"
"26595","충청북도 진천군 덕산읍 두촌리","3147","3147","0000","우미린스테이","월세","78.2298","202503","24","11,500","19","12","2018","대하로 150","202505~202705","갱신","-","11,500","17","아파트"
"26596","충청북도 충주시 교현동","1061","1061","0000","남산주공2","월세","54.0900","202503","24","500","35","4","1984","남산4길 35","202503~202703","신규","-","","","아파트"
"26597","충청북도 청주시 청원구 율량동","1144","1144","0000","한울아파트301동","월세","30.3300","202503","24","500","40","3","1998","주성로96번길 12","202504~202704","신규","-","","","아파트"
"26598","충청북도 진천군 덕산읍 두촌리","2487","2487","0000","충북혁신리슈빌","전세","84.8600","202503","24","19,000","0","21","2018","연미로 128","202504~202704","신규","-","","","아파트"
"26599","충청북도 증평군 증평읍 장동리","930","0930","0000","대성베르힐리오파크","월세","77.7942","202503","24","2,000","90","7","2015","북부두름길 80","202503~202803","신규","-","","","아파트"
"26600","충청북도 청주시 청원구 율량동","1135","1135","0000","한울아파트302동","전세","45.3600","202503","24","7,140","0","4","1999","주성로96번길 8","202505~202705","신규","-","","","아파트"
"26601","충청북도 청주시 청원구 율량동","1135","1135","0000","한울아파트302동","전세","45.3600","202503","24","8,200","0","7","1999","주성로96번길 8","202505~202705","신규","-","","","아파트"
"26602","충청북도 청주시 청원구 주중동","1023","1023","0000","대원칸타빌2차","전세","84.4300","202503","24","37,000","0","7","2014","율량로 77","202506~202706","신규","-","","","아파트"
"26603","충청북도 제천시 장락동","1026","1026","0000","장락주공2단지","전세","59.8000","202503","24","12,000","0","12","1999","죽하로 48","202504~202704","신규","-","","","아파트"
"26604","충청북도 청주시 흥덕구 송정동","140-41","0140","0041","청주산단1행복주택","월세","36.4600","202503","24","6,024","9","4","2025","대신로 142","202503~202705","갱신","-","3,924","21","아파트"
"26605","충청북도 청주시 흥덕구 송정동","140-41","0140","0041","청주산단1행복주택","월세","36.4600","202503","24","824","30","14","2025","대신로 142","202503~202705","갱신","-","3,924","21","아파트"
"26606","충청북도 청주시 흥덕구 송정동","140-41","0140","0041","청주산단1행복주택","월세","26.9500","202503","24","3,044","14","20","2025","대신로 142","202503~202705","갱신","-","2,844","15","아파트"
"26607","충청북도 청주시 흥덕구 신봉동","35-1","0035","0001","두진하트리움","월세","59.9400","202503","24","1,000","65","6","1993","사운로324번길 14","202506~202706","신규","-","","","아파트"
"26608","충청북도 청주시 흥덕구 신봉동","310","0310","0000","삼정백조","전세","59.9400","202503","24","11,000","0","11","1995","1순환로513번길 33","202504~202704","신규","-","","","아파트"
"26609","충청북도 청주시 흥덕구 운천동","676","0676","0000","형석","월세","39.6900","202503","24","300","30","1","1987","사운로 283","202503~202703","신규","-","","","아파트"
"26610","충청북도 청주시 서원구 모충동","520-40","0520","0040","일신베네스트","월세","30.9480","202503","24","300","30","9","2004","모충로68번길 26","202504~202704","신규","-","","","아파트"
"26611","충청북도 청주시 서원구 수곡동","337","0337","0000","주공3","월세","41.3000","202503","24","500","35","11","1991","매봉로 82","202504~202704","신규","-","","","아파트"
"26612","충청북도 청주시 서원구 수곡동","1002","1002","0000","두진백로","월세","59.4000","202503","24","1,000","60","5","1995","수곡로 36","202506~202706","신규","-","","","아파트"
"26613","충청북도 청주시 서원구 수곡동","324","0324","0000","주공1","월세","47.0100","202503","24","500","35","2","1990","구룡산로 319","202504~202704","신규","-","","","아파트"
"26614","충청북도 청주시 서원구 모충동","553","0553","0000","청주모충LH트릴로채","전세","59.9600","202503","24","24,000","0","20","2021","쌍샘로 22","202510~202710","신규","-","","","아파트"
"26615","충청북도 청주시 흥덕구 송정동","140-41","0140","0041","청주산단1행복주택","월세","36.4600","202503","24","1,024","29","5","2025","대신로 142","202503~202705","갱신","-","3,924","21","아파트"
"26616","충청북도 청주시 흥덕구 송정동","140-41","0140","0041","청주산단1행복주택","월세","36.4600","202503","24","824","30","22","2025","대신로 142","202503~202705","갱신","-","3,924","21","아파트"
"26617","충청북도 청주시 흥덕구 송정동","140-41","0140","0041","청주산단1행복주택","월세","44.6800","202503","24","7,460","11","7","2025","대신로 142","202503~202705","갱신","-","4,860","26","아파트"
"26618","충청북도 청주시 흥덕구 송정동","140-41","0140","0041","청주산단1행복주택","월세","36.4600","202503","24","1,224","29","4","2025","대신로 142","202503~202705","갱신","-","3,924","21","아파트"
"26619","충청북도 청주시 서원구 성화동","897","0897","0000","성화휴먼시아5단지","월세","36.5000","202503","24","1,718","14","10","2010","성봉로 93","202503~202704","신규","-","","","아파트"
"26620","충청북도 청주시 서원구 모충동","553","0553","0000","청주모충LH트릴로채","전세","59.9600","202503","24","24,000","0","20","2021","쌍샘로 22","202509~202709","신규","-","","","아파트"
"26621","충청북도 청주시 서원구 분평동","1200","1200","0000","분평주공3","전세","59.9900","202503","24","13,000","0","20","1997","1순환로1137번길 130","202505~202705","신규","-","","","아파트"
"26622","충청북도 청주시 서원구 분평동","1360","1360","0000","분평주공5단지아파트","월세","59.7100","202503","24","1,000","60","3","1998","분평로 88-1","202504~202704","신규","-","","","아파트"
"26623","충청북도 청주시 흥덕구 송정동","140-41","0140","0041","청주산단1행복주택","월세","26.9500","202503","24","4,344","6","22","2025","대신로 142","202503~202705","갱신","-","2,844","15","아파트"
"26624","충청북도 청주시 흥덕구 송정동","140-41","0140","0041","청주산단1행복주택","월세","36.4600","202503","24","824","30","19","2025","대신로 142","202503~202705","갱신","-","3,924","21","아파트"
"26625","충청북도 청주시 흥덕구 비하동","362","0362","0000","효성2차","전세","45.2800","202503","24","9,000","0","11","1997","2순환로1050번길 24","202506~202706","신규","-","","","아파트"
"26626","충청북도 청주시 흥덕구 비하동","300","0300","0000","효성아파트","전세","45.3200","202503","24","9,500","0","7","1995","2순환로1050번길 13-14","202505~202705","신규","-","","","아파트"
"26627","충청북도 청주시 흥덕구 송정동","140-41","0140","0041","청주산단1행복주택","월세","26.9500","202503","24","2,919","15","21","2025","대신로 142","202503~202705","갱신","-","2,844","15","아파트"
"26628","충청북도 청주시 흥덕구 강서동","460","0460","0000","이랜드타운힐스싱글스위트청주","월세","19.9600","202503","24","500","47","4","2019","2순환로 1228","202504~202604","신규","-","","","아파트"
"26629","충청북도 청주시 흥덕구 강서동","583","0583","0000","가경아이파크5단지","전세","116.9845","202503","24","45,000","0","18","2023","서부로 1123","202505~202705","신규","-","","","아파트"
"26630","충청북도 청주시 흥덕구 봉명동","2934","2934","0000","청주SKVIEW자이","월세","59.9784","202503","24","3,000","120","29","2024","월명로 76","202504~202705","신규","-","","","아파트"
"26631","충청북도 청주시 흥덕구 옥산면 가락리","953","0953","0000","흥덕코오롱하늘채아파트","전세","84.9824","202503","24","20,000","0","10","2016","가락길 60","202504~202704","신규","-","","","아파트"
"26632","충청북도 음성군 대소면 성본리","803","0803","0000","음성동문디이스트","전세","84.9615","202503","24","15,000","0","9","2024","성본산단3로 13","202503~202703","신규","-","","","아파트"
"26633","충청북도 청주시 흥덕구 송정동","140-41","0140","0041","청주산단1행복주택","월세","36.4600","202503","24","6,024","9","3","2025","대신로 142","202503~202705","갱신","-","3,924","21","아파트"
"26634","충청북도 청주시 흥덕구 송정동","140-41","0140","0041","청주산단1행복주택","월세","26.9500","202503","24","860","24","5","2025","대신로 142","202503~202705","갱신","-","3,160","17","아파트"
"26635","충청북도 청주시 서원구 죽림동","292","0292","0000","청주가경4주공","월세","46.1800","202503","24","1,836","18","10","2004","대림로 461","202505~202704","갱신","-","0","18","아파트"
"26636","충청북도 청주시 흥덕구 송정동","140-41","0140","0041","청주산단1행복주택","월세","44.6800","202503","24","1,560","36","15","2025","대신로 142","202503~202705","갱신","-","4,860","26","아파트"
"26637","충청북도 청주시 흥덕구 송정동","140-41","0140","0041","청주산단1행복주택","월세","26.9500","202503","24","544","22","17","2025","대신로 142","202503~202705","갱신","-","2,844","15","아파트"
"26638","충청북도 청주시 흥덕구 가경동","2258","2258","0000","가경자이","전세","75.7676","202503","24","40,000","0","3","2020","서현로 30","202505~202705","신규","-","","","아파트"
"26639","충청북도 단양군 단양읍 상진리","50","0050","0000","두진임대아파트","월세","35.6700","202503","24","300","35","1","1996","상진2로 17","202503~202703","신규","-","","","아파트"
"26640","충청북도 청주시 서원구 모충동","553","0553","0000","청주모충LH트릴로채","전세","74.8500","202503","24","28,500","0","2","2021","쌍샘로 22","202506~202711","신규","-","","","아파트"
"26641","충청북도 청주시 서원구 분평동","1261","1261","0000","분평주공4","월세","49.7600","202503","24","1,000","55","5","1999","1순환로1137번길 80","202504~202704","신규","-","","","아파트"
"26642","충청북도 청주시 흥덕구 복대동","3379","3379","0000","신영지웰시티1차","전세","99.1260","202503","24","49,000","0","20","2010","대농로 17","202504~202704","신규","-","","","아파트"
"26643","충청북도 청주시 흥덕구 복대동","2442","2442","0000","형석(2442)","전세","47.0700","202503","24","8,000","0","2","1990","장구봉로101번길 27","202503~202703","신규","-","","","아파트"
"26644","충청북도 청주시 흥덕구 복대동","3379","3379","0000","신영지웰시티1차","전세","99.1260","202503","24","32,550","0","5","2010","대농로 17","202503~202703","갱신","사용","31,000","0","아파트"
"26645","충청북도 청주시 흥덕구 복대동","992","0992","0000","형석(992)","전세","59.9200","202503","24","10,000","0","3","1990","복대로 159","202503~202703","신규","-","","","아파트"
"26646","충청북도 청주시 흥덕구 송정동","140-41","0140","0041","청주산단1행복주택","월세","44.6800","202503","24","7,330","12","7","2025","대신로 142","202503~202705","갱신","-","4,860","26","아파트"
"26647","충청북도 청주시 흥덕구 송정동","140-41","0140","0041","청주산단1행복주택","월세","26.9500","202503","24","4,344","6","7","2025","대신로 142","202503~202705","갱신","-","2,844","15","아파트"
"26648","충청북도 음성군 대소면 성본리","803","0803","0000","음성동문디이스트","월세","84.9615","202503","23","4,000","50","9","2024","성본산단3로 13","202410~202610","신규","-","","","아파트"
"26649","충청북도 청주시 흥덕구 비하동","823","0823","0000","청주비하1차대광로제비앙","월세","84.9860","202503","23","2,500","130","14","2018","가로수로1131번길 11","202505~202705","신규","-","","","아파트"
"26650","충청북도 음성군 대소면 성본리","818","0818","0000","음성푸르지오더퍼스트","월세","74.7291","202503","23","2,000","65","12","2024","성본산단4로 41","202504~202704","신규","-","","","아파트"
"26651","충청북도 청주시 흥덕구 강서동","583","0583","0000","가경아이파크5단지","전세","84.8743","202503","23","30,000","0","14","2023","서부로 1123","-","-","-","","","아파트"
"26652","충청북도 청주시 서원구 모충동","520-40","0520","0040","일신베네스트","전세","30.9480","202503","23","4,000","0","9","2004","모충로68번길 26","202504~202702","신규","-","","","아파트"
"26653","충청북도 청주시 흥덕구 가경동","2276","2276","0000","청주가경아이파크3단지","전세","84.9700","202503","23","47,000","0","15","2021","서현로 62","202505~202705","신규","-","","","아파트"
"26654","충청북도 청주시 흥덕구 운천동","677-1","0677","0001","진양","전세","55.8000","202503","23","6,000","0","5","1986","사운로 257","202504~202704","신규","-","","","아파트"
"26655","충청북도 청주시 서원구 분평동","1360","1360","0000","분평주공5단지아파트","전세","49.7700","202503","23","8,400","0","4","1998","분평로 88-1","202504~202704","갱신","사용","8,000","0","아파트"
"26656","충청북도 청주시 서원구 분평동","1360","1360","0000","분평주공5단지아파트","전세","49.7700","202503","23","8,400","0","4","1998","분평로 88-1","202504~202704","갱신","사용","8,000","0","아파트"
"26657","충청북도 청주시 흥덕구 봉명동","1831","1831","0000","HS포레","월세","35.7600","202503","23","1,000","70","21","2023","직지대로 609","202504~202703","신규","-","","","아파트"
"26658","충청북도 청주시 서원구 수곡동","324","0324","0000","주공1","전세","39.3000","202503","23","5,500","0","4","1990","구룡산로 319","202504~202704","신규","-","","","아파트"
"26659","충청북도 청주시 서원구 수곡동","314","0314","0000","산남주공4단지아파트","월세","49.9400","202503","23","500","40","13","1993","구룡산로 275-13","202503~202703","신규","-","","","아파트"
"26660","충청북도 청주시 서원구 수곡동","1002","1002","0000","두진백로","월세","59.7600","202503","23","1,000","65","6","1995","수곡로 36","202505~202705","신규","-","","","아파트"
"26661","충청북도 청주시 상당구 방서동","806","0806","0000","우미린풀하우스","전세","78.5311","202503","23","30,000","0","5","2020","동남로 15","202505~202705","신규","-","","","아파트"
"26662","충청북도 청주시 상당구 북문로3가","123","0123","0000","청주행정타운코아루휴티스","전세","84.9935","202503","23","26,000","0","43","2020","중앙로 80","202504~202704","신규","-","","","아파트"
"26663","충청북도 청주시 청원구 오창읍 양청리","810-2","0810","0002","오창롯데캐슬더하이스트","전세","84.9241","202503","23","31,500","0","39","2018","중부로 760","202506~202706","갱신","사용","30,000","0","아파트"
"26664","충청북도 청주시 흥덕구 오송읍 궁평리","271-3","0271","0003","삼진","전세","59.7300","202503","23","7,000","0","11","1996","궁평길 117-3","202503~202606","갱신","사용","7,000","0","아파트"
"26665","충청북도 청주시 상당구 금천동","70-1","0070","0001","양지","월세","49.8600","202503","23","500","45","4","1990","꽃산동로 13-1","202504~202704","신규","-","","","아파트"
"26666","충청북도 청주시 상당구 방서동","825","0825","0000","동남지구호반써밋브룩사이드","전세","74.9132","202503","23","35,000","0","22","2023","동남로 2","202507~202707","신규","-","","","아파트"
"26667","충청북도 청주시 상당구 방서동","806","0806","0000","우미린풀하우스","전세","78.5311","202503","23","30,000","0","5","2020","동남로 15","202505~202705","신규","-","","","아파트"
"26668","충청북도 청주시 흥덕구 오송읍 봉산리","1527","1527","0000","오송역동아라이크텐","월세","84.9919","202503","23","2,000","100","19","2020","오송생명14로 215","202505~202705","신규","-","","","아파트"
"26669","충청북도 청주시 청원구 오창읍 각리","637-1","0637","0001","한라비발디","전세","84.5730","202503","23","21,000","0","1","2006","오창중앙로 94","202506~202706","신규","-","","","아파트"
"26670","충청북도 청주시 상당구 용암동","2537","2537","0000","중흥마을마이빌아파트","월세","59.4045","202503","23","2,000","70","12","2003","중흥로 148","202504~202704","신규","-","","","아파트"
"26671","충청북도 청주시 흥덕구 강내면 월곡리","438","0438","0000","흥덕칸타빌더뉴","월세","74.6957","202503","23","3,000","90","1","2024","가로수로 640-47","202504~202704","신규","-","","","아파트"
"26672","충청북도 음성군 맹동면 동성리","445","0445","0000","충북혁신도시 LH쌍용예가","전세","59.9400","202503","23","18,500","0","20","2014","사예로 20","202505~202605","갱신","-","18,500","0","아파트"
"26673","충청북도 충주시 중앙탑면 용전리","721","0721","0000","충주시티자이","전세","72.9988","202503","23","19,000","0","3","2017","원앙4길 51","202504~202704","신규","-","","","아파트"
"26674","충청북도 옥천군 옥천읍 금구리","235-26","0235","0026","다산금빛아파트","전세","59.8500","202503","23","6,500","0","1","2002","가화3길 8","202503~202703","신규","-","","","아파트"
"26675","충청북도 충주시 중앙탑면 용전리","661","0661","0000","e편한세상충주","월세","59.8527","202503","23","1,000","70","13","2017","원앙9길 15","202504~202703","신규","-","","","아파트"
"26676","충청북도 제천시 왕암동","779","0779","0000","왕암코아루드림","월세","66.1830","202503","23","2,000","70","1","2018","바이오밸리로 171","202503~202703","신규","-","","","아파트"
"26677","충청북도 청주시 청원구 사천동","229-1","0229","0001","신동아","월세","123.8100","202503","23","2,000","80","4","1993","율봉로 77","202504~202704","신규","-","","","아파트"
"26678","충청북도 청주시 흥덕구 송절동","842","0842","0000","청주테크노폴리스우방아이유쉘1단지","전세","84.9725","202503","23","35,000","0","13","2018","송화로184번길 7","202507~202707","신규","-","","","아파트"
"26679","충청북도 충주시 용산동","1678","1678","0000","용산주공2차","월세","49.7700","202503","23","500","50","15","1999","남산로 125","202503~202703","신규","-","","","아파트"
"26680","충청북도 충주시 용산동","1678","1678","0000","용산주공2차","월세","59.7100","202503","23","1,000","55","2","1999","남산로 125","202504~202704","신규","-","","","아파트"
"26681","충청북도 제천시 왕암동","779","0779","0000","왕암코아루드림","전세","60.2620","202503","23","15,700","0","4","2018","바이오밸리로 171","202503~202703","갱신","-","14,700","0","아파트"
"26682","충청북도 제천시 장락동","637-7","0637","0007","제천미림청솔","월세","49.7700","202503","23","1,000","45","9","1995","청전대로 211","202504~202704","신규","-","","","아파트"
"26683","충청북도 음성군 금왕읍 내송리","216-1","0216","0001","우원","월세","41.1900","202503","23","500","40","2","2003","금일로 108","202504~202703","신규","-","","","아파트"
"26684","충청북도 충주시 봉방동","1046","1046","0000","충주푸르지오","전세","84.9390","202503","22","31,000","0","16","2014","봉계1길 7","202504~202704","신규","-","","","아파트"
"26685","충청북도 충주시 용산동","1680","1680","0000","용산주공3차","월세","36.2000","202503","22","1,000","40","10","2003","남산로 114","202504~202604","신규","-","","","아파트"
"26686","충청북도 충주시 용산동","1680","1680","0000","용산주공3차","월세","36.2000","202503","22","1,000","40","10","2003","남산로 114","202504~202604","신규","-","","","아파트"
"26687","충청북도 진천군 덕산읍 두촌리","3148","3148","0000","충북혁신도시아모리움내안애","전세","84.9637","202503","22","24,000","0","9","2018","대하로 114","202504~202704","신규","-","","","아파트"
"26688","충청북도 청주시 흥덕구 강내면 월곡리","438","0438","0000","흥덕칸타빌더뉴","전세","59.9755","202503","22","20,000","0","18","2024","가로수로 640-47","202505~202705","신규","-","","","아파트"
"26689","충청북도 청주시 흥덕구 송절동","850","0850","0000","테크노폴리스우미린","월세","84.9365","202503","22","5,000","88","22","2018","송화로214번길 29","202506~202606","신규","-","","","아파트"
"26690","충청북도 청주시 흥덕구 송절동","851","0851","0000","청주테크노폴리스푸르지오","전세","84.9930","202503","22","38,000","0","3","2018","송화로214번길 7","202505~202705","신규","-","","","아파트"
"26691","충청북도 옥천군 옥천읍 마암리","487","0487","0000","옥천마암리양우내안애아파트","전세","59.9135","202503","22","16,000","0","18","2017","마장로 20","202504~202704","신규","-","","","아파트"
"26692","충청북도 제천시 고암동","1250","1250","0000","고암주공1","월세","38.5200","202503","22","300","40","4","1986","고암로14길 13","202504~202704","신규","-","","","아파트"
"26693","충청북도 제천시 하소동","139","0139","0000","청구","전세","59.8100","202503","22","9,240","0","4","2002","용두대로15길 47","202504~202704","갱신","사용","8,800","0","아파트"
"26694","충청북도 청주시 흥덕구 강내면 월곡리","432","0432","0000","강내두진하트리움","전세","65.7200","202503","22","18,000","0","12","2018","월곡길 23-13","202504~202704","신규","-","","","아파트"
"26695","충청북도 옥천군 옥천읍 동안리","228","0228","0000","e편한세상옥천퍼스트원","전세","84.9800","202503","22","20,000","0","5","2025","매동로 150","202504~202704","신규","-","","","아파트"
"26696","충청북도 옥천군 옥천읍 동안리","228","0228","0000","e편한세상옥천퍼스트원","전세","84.9800","202503","22","20,000","0","5","2025","매동로 150","202504~202704","신규","-","","","아파트"
"26697","충청북도 청주시 청원구 주성동","337","0337","0000","대원칸타빌3차아파트","전세","84.4430","202503","22","38,000","0","20","2015","율량로 135","202507~202707","신규","-","","","아파트"
"26698","충청북도 청주시 청원구 주성동","335","0335","0000","대원칸타빌1차아파트","월세","84.7980","202503","22","4,000","130","15","2013","율량로 103","202504~202704","신규","-","","","아파트"
"26699","충청북도 청주시 청원구 율량동","1204","1204","0000","성원","전세","59.7000","202503","22","13,000","0","7","1995","주성로132번길 10","202504~202704","신규","-","","","아파트"
"26700","충청북도 옥천군 옥천읍 금구리","302","0302","0000","옥천계룡리슈빌","월세","59.9643","202503","22","4,000","50","18","2021","가화4길 65","202503~202703","신규","-","","","아파트"
"26701","충청북도 옥천군 옥천읍 장야리","313","0313","0000","옥천장야주공(1)단지","전세","59.6400","202503","22","10,000","0","14","2002","장야3길 9","202504~202704","신규","-","","","아파트"
"26702","충청북도 옥천군 옥천읍 장야리","313","0313","0000","옥천장야주공(1)단지","전세","59.6400","202503","22","10,000","0","14","2002","장야3길 9","202504~202704","신규","-","","","아파트"
"26703","충청북도 충주시 중앙탑면 용전리","656","0656","0000","미진이지비아","전세","59.9941","202503","22","13,000","0","6","2017","기업도시로 189","202504~202704","갱신","사용","13,000","0","아파트"
"26704","충청북도 충주시 중앙탑면 용전리","656","0656","0000","미진이지비아","월세","59.9941","202503","22","1,000","60","17","2017","기업도시로 189","202504~202704","신규","-","","","아파트"
"26705","충청북도 충주시 중앙탑면 용전리","721","0721","0000","충주시티자이","전세","59.8977","202503","22","14,000","0","1","2017","원앙4길 51","202504~202704","신규","-","","","아파트"
"26706","충청북도 충주시 중앙탑면 용전리","721","0721","0000","충주시티자이","전세","59.8977","202503","22","14,000","0","1","2017","원앙4길 51","202504~202704","신규","-","","","아파트"
"26707","충청북도 충주시 중앙탑면 용전리","721","0721","0000","충주시티자이","월세","59.9959","202503","22","1,000","65","8","2017","원앙4길 51","202504~202704","신규","-","","","아파트"
"26708","충청북도 청주시 청원구 사천동","697","0697","0000","청주사천푸르지오","전세","84.9748","202503","22","38,000","0","22","2018","사뜸로 106","202507~202707","신규","-","","","아파트"
"26709","충청북도 충주시 연수동","701-9","0701","0009","연수부강","월세","42.1100","202503","22","500","40","3","1995","후곡길 19","202504~202704","신규","-","","","아파트"
"26710","충청북도 충주시 연수동","418","0418","0000","유원하나1차","전세","84.9800","202503","22","14,000","0","9","1993","갱고개로 116","202505~202705","신규","-","","","아파트"
"26711","충청북도 제천시 청전동","639","0639","0000","비둘기","월세","35.5200","202503","22","200","50","10","1991","청전대로 166","202503~202703","신규","-","","","아파트"
"26712","충청북도 충주시 칠금동","821","0821","0000","부영(1차)","전세","60.0000","202503","22","12,500","0","6","1996","금릉로 46","-","-","-","","","아파트"
"26713","충청북도 충주시 칠금동","821","0821","0000","부영(1차)","전세","60.0000","202503","22","12,500","0","6","1996","금릉로 46","-","-","-","","","아파트"
"26714","충청북도 충주시 칠금동","821","0821","0000","부영(1차)","전세","60.0000","202503","22","12,500","0","6","1996","금릉로 46","202504~202704","신규","-","","","아파트"
"26715","충청북도 충주시 칠금동","629","0629","0000","금능현대","전세","59.9850","202503","22","13,000","0","10","1995","금릉로 45","202504~202704","신규","-","","","아파트"
"26716","충청북도 충주시 칠금동","821","0821","0000","부영(1차)","전세","60.0000","202503","22","8,500","0","1","1996","금릉로 46","202504~202704","신규","-","","","아파트"
"26717","충청북도 청주시 서원구 수곡동","324","0324","0000","주공1","전세","47.0100","202503","22","7,000","0","1","1990","매봉로 101","202504~202904","신규","-","","","아파트"
"26718","충청북도 청주시 서원구 수곡동","1057","1057","0000","더샵청주퍼스트파크","월세","84.9722","202503","22","5,000","140","26","2021","수곡로 20","202504~202704","신규","-","","","아파트"
"26719","충청북도 청주시 서원구 수곡동","1057","1057","0000","더샵청주퍼스트파크","월세","84.9722","202503","22","3,000","150","14","2021","수곡로 20","202504~202704","신규","-","","","아파트"
"26720","충청북도 청주시 흥덕구 봉명동","1602","1602","0000","주공2","전세","61.7700","202503","22","7,200","0","5","1985","직지대로581번길 33-12","202505~202705","신규","-","","","아파트"
"26721","충청북도 청주시 흥덕구 봉명동","197-11","0197","0011","봉명베리굿","월세","39.2926","202503","22","1,000","70","10","2020","1순환로 592","202504~202604","신규","-","","","아파트"
"26722","충청북도 청주시 흥덕구 봉명동","2043","2043","0000","백봉","전세","48.5000","202503","22","6,500","0","2","1992","백봉로224번길 7","202506~202706","신규","-","","","아파트"
"26723","충청북도 청주시 흥덕구 봉명동","2043","2043","0000","백봉","전세","48.5000","202503","22","6,500","0","2","1992","백봉로224번길 7","202506~202706","신규","-","","","아파트"
"26724","충청북도 청주시 서원구 성화동","939","0939","0000","성화호반베르디움","전세","84.8572","202503","22","32,000","0","10","2012","구룡산로 24","202506~202706","신규","-","","","아파트"
"26725","충청북도 청주시 서원구 분평동","1261","1261","0000","주공4단지2차","월세","49.7700","202503","22","1,000","55","13","1998","1순환로1137번길 80","202504~202704","신규","-","","","아파트"
"26726","충청북도 청주시 서원구 분평동","1255","1255","0000","대원","전세","59.7254","202503","22","16,300","0","2","2000","분평로 49","202505~202705","신규","-","","","아파트"
"26727","충청북도 청주시 서원구 분평동","1202","1202","0000","분평주공2","월세","59.7100","202503","22","1,000","60","5","1997","1순환로1137번길 129","202505~202705","신규","-","","","아파트"
"26728","충청북도 청주시 서원구 분평동","1261","1261","0000","분평주공4","전세","49.7600","202503","22","9,975","0","16","1999","1순환로1137번길 80","202505~202705","신규","-","","","아파트"
"26729","충청북도 청주시 흥덕구 복대동","992","0992","0000","형석(992)","전세","39.8200","202503","22","8,000","0","2","1990","복대로 159","202505~202705","신규","-","","","아파트"
"26730","충청북도 청주시 흥덕구 복대동","3381","3381","0000","두산위브지웰시티2차","전세","80.1350","202503","22","47,000","0","18","2015","대농로 55","202503~202702","신규","-","","","아파트"
"26731","충청북도 청주시 흥덕구 복대동","2456","2456","0000","아름다운나날영조1","전세","59.3291","202503","22","17,500","0","6","2003","증안로 21","202508~202801","갱신","-","17,000","0","아파트"
"26732","충청북도 청주시 흥덕구 복대동","2461","2461","0000","세원느티마을","전세","59.9800","202503","22","14,990","0","4","1999","진재로 67","202504~202604","신규","-","","","아파트"
"26733","충청북도 청주시 흥덕구 복대동","3379","3379","0000","신영지웰시티1차","월세","152.6520","202503","22","8,000","260","10","2010","대농로 17","202505~202705","신규","-","","","아파트"
"26734","충청북도 청주시 흥덕구 옥산면 오산리","590-1","0590","0001","아트빌","월세","59.9400","202503","22","700","50","3","1998","오송가락로 718","202503~202603","신규","-","","","아파트"
"26735","충청북도 청주시 흥덕구 가경동","1761","1761","0000","가로수마을한라비발디","월세","84.9650","202503","22","3,000","130","1","2008","서현서로 40","202507~202707","신규","-","","","아파트"
"26736","충청북도 청주시 흥덕구 가경동","1581","1581","0000","가경주공7단지","전세","84.9100","202503","22","26,000","0","15","2005","풍년로 40","202505~202705","신규","-","","","아파트"
"26737","충청북도 청주시 서원구 모충동","516","0516","0000","주공2","전세","59.1200","202503","22","12,000","0","4","1989","모충로 61","202504~202704","신규","-","","","아파트"
"26738","충청북도 청주시 흥덕구 강서동","583","0583","0000","가경아이파크5단지","전세","116.9845","202503","22","42,000","0","17","2023","서부로 1123","202503~202707","신규","-","","","아파트"
"26739","충청북도 청주시 흥덕구 복대동","3377","3377","0000","신영지웰","전세","84.8590","202503","22","33,000","0","5","2009","진재로103번길 37","202505~202705","신규","-","","","아파트"
"26740","충청북도 청주시 서원구 사직동","265-5","0265","0005","두산위브더제니스","월세","124.1340","202503","22","3,000","130","23","2009","사운로 93","202506~202706","신규","-","","","아파트"
"26741","충청북도 청주시 서원구 사직동","931","0931","0000","푸르지오캐슬(101~117)","월세","84.4000","202503","22","3,000","100","25","2010","예체로 68","-","-","-","","","아파트"
"26742","충청북도 청주시 흥덕구 비하동","824","0824","0000","서청주파크자이","전세","84.9637","202503","22","40,000","0","15","2019","2순환로 1106","202506~202706","신규","-","","","아파트"
"26743","충청북도 청주시 흥덕구 비하동","823","0823","0000","청주비하1차대광로제비앙","전세","84.9860","202503","22","30,000","0","16","2018","가로수로1131번길 11","202503~202703","갱신","-","28,000","0","아파트"
"26744","충청북도 청주시 흥덕구 송정동","140-41","0140","0041","청주산단1행복주택","월세","26.9500","202503","22","4,344","6","13","2025","대신로 142","202503~202705","갱신","-","2,844","15","아파트"
"26745","충청북도 청주시 흥덕구 옥산면 가락리","953","0953","0000","흥덕코오롱하늘채아파트","전세","59.9318","202503","22","15,000","0","2","2016","가락길 60","202505~202705","신규","-","","","아파트"
"26746","충청북도 청주시 흥덕구 옥산면 가락리","981","0981","0000","청주리버파크자이","월세","84.9880","202503","22","15,000","40","17","2019","오송가락로 1056","202507~202707","신규","-","","","아파트"
"26747","충청북도 청주시 흥덕구 옥산면 가락리","981","0981","0000","청주리버파크자이","월세","84.9630","202503","22","2,000","110","5","2019","오송가락로 1056","202503~202703","신규","-","","","아파트"
"26748","충청북도 청주시 흥덕구 옥산면 가락리","455-1","0455","0001","화인테크노빌","전세","59.9335","202503","22","9,000","0","12","2002","오송가락로 937","202504~202704","신규","-","","","아파트"
"26749","충청북도 청주시 서원구 개신동","635","0635","0000","주공뜨란채","월세","59.4200","202503","22","2,000","70","16","2000","경신로 68","202505~202705","신규","-","","","아파트"
"26750","충청북도 청주시 청원구 오창읍 각리","636-2","0636","0002","한신더휴센트럴파크","전세","84.9823","202503","22","29,000","0","8","2018","오창공원로 96","202504~202704","갱신","사용","29,000","0","아파트"
"26751","충청북도 청주시 청원구 오창읍 각리","645-1","0645","0001","코아루","전세","59.9875","202503","22","18,500","0","6","2006","오창중앙로 27","202505~202705","신규","-","","","아파트"
"26752","충청북도 청주시 청원구 오창읍 양청리","810-2","0810","0002","오창롯데캐슬더하이스트","전세","84.9749","202503","22","33,000","0","11","2018","중부로 760","202504~202709","신규","-","","","아파트"
"26753","충청북도 청주시 흥덕구 오송읍 봉산리","798","0798","0000","오송역파라곤센트럴시티","전세","59.8447","202503","22","25,000","0","6","2023","오송생명7로 151","202506~202706","신규","-","","","아파트"
"26754","충청북도 청주시 흥덕구 오송읍 봉산리","798","0798","0000","오송역파라곤센트럴시티","전세","59.9800","202503","22","25,000","0","7","2023","오송생명7로 151","202507~202707","신규","-","","","아파트"
"26755","충청북도 청주시 흥덕구 오송읍 봉산리","798","0798","0000","오송역파라곤센트럴시티","전세","59.8447","202503","22","25,000","0","6","2023","오송생명7로 151","202506~202706","신규","-","","","아파트"
"26756","충청북도 청주시 흥덕구 오송읍 연제리","731","0731","0000","오송상록롯데캐슬","월세","84.9330","202503","22","2,000","100","10","2010","오송생명5로 202","202503~202703","신규","-","","","아파트"
"26757","충청북도 청주시 상당구 탑동","390","0390","0000","센트럴힐데스하임","전세","80.9480","202503","22","24,100","0","7","2022","용담로 50","202504~202703","갱신","사용","23,000","0","아파트"
"26758","충청북도 청주시 상당구 탑동","390","0390","0000","센트럴힐데스하임","월세","65.9710","202503","22","3,500","100","3","2022","용담로 50","202504~202704","신규","-","","","아파트"
"26759","충청북도 청주시 청원구 오창읍 양청리","810-2","0810","0002","오창롯데캐슬더하이스트","전세","59.9502","202503","22","27,500","0","34","2018","중부로 760","202505~202705","신규","-","","","아파트"
"26760","충청북도 청주시 상당구 탑동","390","0390","0000","센트럴힐데스하임","전세","65.9710","202503","22","20,000","0","7","2022","용담로 50","202504~202512","갱신","-","20,000","0","아파트"
"26761","충청북도 청주시 청원구 오창읍 양청리","810-2","0810","0002","오창롯데캐슬더하이스트","전세","84.9604","202503","22","33,000","0","19","2018","중부로 760","202504~202704","신규","-","","","아파트"
"26762","충청북도 청주시 청원구 오창읍 양청리","810-2","0810","0002","오창롯데캐슬더하이스트","전세","84.9604","202503","22","33,000","0","19","2018","중부로 760","-","-","-","","","아파트"
"26763","충청북도 청주시 상당구 금천동","477","0477","0000","금천센트럴파크스타힐스","전세","84.6785","202503","22","25,000","0","5","2020","쇠내로 48","202505~202705","갱신","-","21,000","0","아파트"
"26764","충청북도 청주시 상당구 탑동","390","0390","0000","센트럴힐데스하임","전세","84.8470","202503","22","35,000","0","22","2022","용담로 50","202505~202705","신규","-","","","아파트"
"26765","충청북도 청주시 상당구 용암동","3163","3163","0000","청주동남파라곤아파트","전세","77.8325","202503","22","31,000","0","21","2022","중고개로 56","202503~202703","신규","-","","","아파트"
"26766","충청북도 청주시 상당구 탑동","390","0390","0000","센트럴힐데스하임","전세","84.8470","202503","22","35,000","0","22","2022","용담로 50","-","-","-","","","아파트"
"26767","충청북도 청주시 흥덕구 오송읍 연제리","740","0740","0000","오송대원칸타빌","전세","84.9922","202503","22","26,000","0","16","2011","연제만수길 17","202506~202706","신규","-","","","아파트"
"26768","충청북도 청주시 흥덕구 오송읍 연제리","726","0726","0000","모아미래도","전세","84.7627","202503","22","24,000","0","12","2010","오송생명3로 87","202507~202707","신규","-","","","아파트"
"26769","충청북도 청주시 상당구 용암동","3164","3164","0000","청주동남파밀리에NHF4단지","월세","59.6300","202503","21","9,650","18","9","2021","동남로 187","202504~202703","갱신","-","9,100","16","아파트"
"26770","충청북도 청주시 상당구 문화동","118","0118","0000","문화동센트럴칸타빌","전세","84.9662","202503","21","23,500","0","24","2018","용담로 7","202504~202604","갱신","-","23,500","0","아파트"
"26771","충청북도 청주시 상당구 용정동","1286","1286","0000","우미린에듀파크1단지","전세","84.9556","202503","21","35,000","0","17","2017","수영로 360","202504~202701","신규","-","","","아파트"
"26772","충청북도 청주시 상당구 금천동","199-1","0199","0001","현대","월세","70.2200","202503","21","5,000","30","10","1992","중고개로337번길 23","202503~202703","신규","-","","","아파트"
"26773","충청북도 청주시 상당구 금천동","477","0477","0000","금천센트럴파크스타힐스","전세","84.6785","202503","21","30,000","0","27","2020","쇠내로 48","202505~202705","신규","-","","","아파트"
"26774","충청북도 청주시 상당구 방서동","655","0655","0000","청주하트리움리버파크","전세","84.8401","202503","21","23,100","0","19","2019","2순환로 2031","202504~202704","갱신","-","22,000","0","아파트"
"26775","충청북도 청주시 흥덕구 오송읍 봉산리","1531","1531","0000","오송역대광로제비앙그랜드센텀","전세","84.9924","202503","21","25,500","0","6","2024","오송생명14로 283","202406~202606","신규","-","","","아파트"
"26776","충청북도 청주시 상당구 용암동","3164","3164","0000","청주동남파밀리에NHF4단지","월세","59.6300","202503","21","9,150","20","11","2021","동남로 187","202504~202703","갱신","-","9,011","19","아파트"
"26777","충청북도 청주시 상당구 용암동","3145","3145","0000","청주동남1단지","월세","37.7800","202503","21","618","23","9","2020","호미로 137","202503~202704","갱신","-","1,918","19","아파트"
"26778","충청북도 청주시 청원구 오창읍 주성리","567","0567","0000","충북오창사랑으로부영5단지","전세","82.8216","202503","21","16,542","0","16","2015","2산단4로 20","202504~202604","신규","-","","","아파트"
"26779","충청북도 청주시 청원구 오창읍 주성리","569","0569","0000","충북오창사랑으로부영6단지","전세","57.7554","202503","21","12,382","0","21","2014","2산단로 125","202504~202604","갱신","-","12,164","0","아파트"
"26780","충청북도 청주시 청원구 오창읍 주성리","569","0569","0000","충북오창사랑으로부영6단지","전세","57.7554","202503","21","12,225","0","3","2014","2산단로 125","202505~202605","신규","-","","","아파트"
"26781","충청북도 청주시 청원구 오창읍 주성리","569","0569","0000","충북오창사랑으로부영6단지","전세","57.7554","202503","21","12,567","0","4","2014","2산단로 125","202506~202606","신규","-","","","아파트"
"26782","충청북도 청주시 청원구 오창읍 주성리","567","0567","0000","충북오창사랑으로부영5단지","전세","82.8216","202503","21","16,542","0","7","2015","2산단4로 20","202504~202604","신규","-","","","아파트"
"26783","충청북도 청주시 청원구 오창읍 주성리","567","0567","0000","충북오창사랑으로부영5단지","전세","82.8216","202503","21","16,542","0","13","2015","2산단4로 20","202505~202605","갱신","-","16,379","0","아파트"
"26784","충청북도 청주시 청원구 오창읍 주성리","564","0564","0000","사랑으로부영7단지","전세","57.7554","202503","21","12,199","0","4","2014","2산단4로 60","202504~202604","신규","-","","","아파트"
"26785","충청북도 청주시 청원구 오창읍 주성리","561","0561","0000","충북오창사랑으로부영8단지","전세","82.9434","202503","21","16,542","0","13","2015","2산단로 151","202504~202604","갱신","-","16,379","0","아파트"
"26786","충청북도 청주시 청원구 오창읍 주성리","561","0561","0000","충북오창사랑으로부영8단지","전세","82.8216","202503","21","16,542","0","16","2015","2산단로 151","202504~202604","갱신","-","16,379","0","아파트"
"26787","충청북도 청주시 청원구 오창읍 각리","646-6","0646","0006","이안오창","월세","59.4414","202503","21","2,000","80","1","2006","오창중앙로 83","202504~202704","신규","-","","","아파트"
"26788","충청북도 청주시 청원구 오창읍 각리","637-6","0637","0006","중앙하이츠빌","전세","59.9271","202503","21","18,000","0","11","2006","오창중앙로 32","202505~202705","신규","-","","","아파트"
"26789","충청북도 청주시 상당구 용암동","3164","3164","0000","청주동남파밀리에NHF4단지","월세","59.3600","202503","21","9,650","18","14","2021","동남로 187","202504~202703","갱신","-","9,011","19","아파트"
"26790","충청북도 청주시 상당구 용암동","3164","3164","0000","청주동남파밀리에NHF4단지","월세","51.7600","202503","21","7,902","18","19","2021","동남로 187","202504~202703","갱신","-","7,782","17","아파트"
"26791","충청북도 청주시 상당구 용암동","3164","3164","0000","청주동남파밀리에NHF4단지","월세","59.6300","202503","21","9,150","20","9","2021","동남로 187","202504~202703","갱신","-","4,611","41","아파트"
"26792","충청북도 청주시 상당구 용암동","2108","2108","0000","청주용암주공1단지아파트(해누리)","월세","49.8000","202503","21","1,000","45","6","1994","원봉로 52","202504~202704","신규","-","","","아파트"
"26793","충청북도 청주시 상당구 용암동","3164","3164","0000","청주동남파밀리에NHF4단지","월세","59.6300","202503","21","9,150","20","3","2021","동남로 187","202504~202703","신규","-","","","아파트"
"26794","충청북도 청주시 상당구 용암동","2083","2083","0000","삼일무지개","전세","59.9400","202503","21","12,500","0","14","1994","무농정로 103","202504~202704","신규","-","","","아파트"
"26795","충청북도 청주시 상당구 용암동","3164","3164","0000","청주동남파밀리에NHF4단지","월세","59.6300","202503","21","9,150","20","18","2021","동남로 187","202504~202703","신규","-","","","아파트"
"26796","충청북도 청주시 상당구 용암동","3164","3164","0000","청주동남파밀리에NHF4단지","월세","59.3600","202503","21","7,750","27","4","2021","동남로 187","202504~202703","갱신","-","7,611","26","아파트"
"26797","충청북도 옥천군 옥천읍 장야리","444","0444","0000","더퍼스트이안","월세","75.6918","202503","21","4,000","50","17","2021","장야4길 51","-","-","-","","","아파트"
"26798","충청북도 음성군 음성읍 평곡리","1117","1117","0000","음성코아루아파트","전세","59.9782","202503","21","16,000","0","3","2022","한불로 15","202505~202705","신규","-","","","아파트"
"26799","충청북도 증평군 증평읍 미암리","1073","1073","0000","증평코아루휴티스","전세","81.2323","202503","21","25,000","0","9","2021","미암로 59","202504~202704","갱신","-","24,000","0","아파트"
"26800","충청북도 충주시 대소원면 본리","649","0649","0000","중앙하이츠프리미어충주","월세","84.9600","202503","21","2,000","80","5","2023","첨단산업4로 54","202504~202704","신규","-","","","아파트"
"26801","충청북도 제천시 하소동","353","0353","0000","주공2","월세","58.7400","202503","21","1,000","55","3","1995","하소로 88","202504~202704","신규","-","","","아파트"
"26802","충청북도 진천군 진천읍 장관리","880","0880","0000","진천장관사랑으로부영2차","월세","84.9877","202503","21","2,163","41","10","2013","진광로 97-13","202506~202606","신규","-","","","아파트"
"26803","충청북도 충주시 연수동","1219","1219","0000","삼성푸른2차","전세","59.8200","202503","21","11,200","0","2","1994","연수서1길 20","202503~202703","신규","-","","","아파트"
"26804","충청북도 충주시 호암동","1068","1068","0000","충주호암제일풍경채","월세","74.9941","202503","21","3,000","32","25","2022","호암수청1로 60","202503~202703","신규","-","","","아파트"
"26805","충청북도 충주시 호암동","542-1","0542","0001","세경","전세","56.8800","202503","21","6,000","0","2","1992","신촌1길 6","202505~202705","신규","-","","","아파트"
"26806","충청북도 충주시 칠금동","1015","1015","0000","부영아파트(2차)","전세","60.0000","202503","21","12,000","0","6","1996","칠금중앙로 30","202505~202705","신규","-","","","아파트"
"26807","충청북도 충주시 연수동","1228","1228","0000","연수주공(2차)영구임대아파트","월세","26.3700","202503","21","329","7","1","1990","주공길 24","202503~202704","신규","-","","","아파트"
"26808","충청북도 충주시 칠금동","1015","1015","0000","부영아파트(2차)","전세","60.0000","202503","21","12,000","0","6","1996","칠금중앙로 30","202503~202703","갱신","-","11,000","0","아파트"
"26809","충청북도 진천군 진천읍 장관리","884","0884","0000","진천장관사랑으로부영1차","전세","84.9877","202503","21","11,683","0","11","2013","장관2길 139","202504~202604","신규","-","","","아파트"
"26810","충청북도 진천군 덕산읍 두촌리","3147","3147","0000","우미린스테이","월세","70.5634","202503","21","10,240","14","2","2018","대하로 150","202505~202705","갱신","-","10,240","13","아파트"
"26811","충청북도 증평군 증평읍 장동리","921","0921","0000","증평4단지주공","월세","51.9500","202503","21","500","50","2","2003","문화로 97","-","-","-","","","아파트"
"26812","충청북도 음성군 금왕읍 무극리","503","0503","0000","유수장미","월세","36.0800","202503","21","500","45","5","1998","무극로 243-8","202504~202604","신규","-","","","아파트"
"26813","충청북도 진천군 진천읍 장관리","884","0884","0000","진천장관사랑으로부영1차","전세","59.9605","202503","21","9,740","0","10","2013","장관2길 139","202503~202603","신규","-","","","아파트"
"26814","충청북도 충주시 중앙탑면 용전리","721","0721","0000","충주시티자이","월세","84.9571","202503","21","1,500","90","17","2017","원앙4길 51","202503~202603","신규","-","","","아파트"
"26815","충청북도 충주시 교현동","1083","1083","0000","남산주공1","월세","47.2500","202503","21","500","30","1","1986","남산4길 28","202504~202704","신규","-","","","아파트"
"26816","충청북도 충주시 연수동","421-7","0421","0007","유원하나2차","월세","59.9250","202503","21","1,000","55","7","1995","국원초2길 20","202503~202703","신규","-","","","아파트"
"26817","충청북도 옥천군 옥천읍 삼양리","253","0253","0000","옥천삼양행복주택","월세","44.4000","202503","21","630","26","7","2024","삼양로3길 9-10","202503~202704","갱신","-","3,230","18","아파트"
"26818","충청북도 진천군 덕산읍 두촌리","2487","2487","0000","충북혁신리슈빌","전세","84.9400","202503","21","20,500","0","3","2018","연미로 128","202506~202706","갱신","사용","21,000","0","아파트"
"26819","충청북도 진천군 광혜원면 광혜원리","408-3","0408","0003","주연","월세","59.9500","202503","21","1,000","50","15","1991","화랑6길 8-3","202504~202604","신규","-","","","아파트"
"26820","충청북도 충주시 연수동","1767","1767","0000","충주센트럴푸르지오","전세","84.9593","202503","21","34,000","0","38","2018","연수서편2길 11","202505~202705","신규","-","","","아파트"
"26821","충청북도 진천군 광혜원면 광혜원리","408-3","0408","0003","주연","월세","59.9500","202503","21","1,000","50","15","1991","화랑6길 8-3","202504~202604","신규","-","","","아파트"
"26822","충청북도 진천군 덕산읍 두촌리","3147","3147","0000","우미린스테이","월세","84.4362","202503","21","11,960","20","5","2018","대하로 150","202505~202705","갱신","-","11,960","17","아파트"
"26823","충청북도 충주시 주덕읍 화곡리","1250","1250","0000","서충주신도시삼일파라뷰2차그랜드시티","전세","84.9963","202503","21","30,000","0","7","2024","화개4길 29","202503~202702","신규","-","","","아파트"
"26824","충청북도 청주시 흥덕구 봉명동","1602","1602","0000","주공2","월세","53.8500","202503","21","500","38","1","1985","직지대로581번길 33-12","202503~202703","신규","-","","","아파트"
"26825","충청북도 청주시 서원구 성화동","708","0708","0000","성화휴먼시아4단지","월세","36.9000","202503","21","512","18","6","2010","장전로 11","202503~202704","갱신","-","1,712","14","아파트"
"26826","충청북도 청주시 서원구 성화동","708","0708","0000","성화휴먼시아4단지","월세","46.9300","202503","21","594","24","9","2010","장전로 11","202503~202704","갱신","-","2,594","18","아파트"
"26827","충청북도 청주시 서원구 성화동","1034","1034","0000","청주성화2다안채6단지","전세","84.9600","202503","21","27,800","0","13","2013","구룡산로52번길 51","202504~202704","신규","-","","","아파트"
"26828","충청북도 청주시 흥덕구 봉명동","1602","1602","0000","주공2","월세","61.7700","202503","21","1,000","47","2","1985","직지대로581번길 33-12","202503~202703","신규","-","","","아파트"
"26829","충청북도 청주시 서원구 수곡동","324","0324","0000","주공1","월세","46.6800","202503","21","500","35","4","1990","구룡산로 319","202503~202703","신규","-","","","아파트"
"26830","충청북도 청주시 흥덕구 옥산면 가락리","953","0953","0000","흥덕코오롱하늘채아파트","전세","59.9318","202503","21","16,000","0","7","2016","가락길 60","202506~202706","신규","-","","","아파트"
"26831","충청북도 청주시 흥덕구 옥산면 가락리","981","0981","0000","청주리버파크자이","전세","84.9330","202503","21","31,000","0","19","2019","오송가락로 1056","202410~202510","갱신","사용","31,000","0","아파트"
"26832","충청북도 청주시 흥덕구 복대동","2456","2456","0000","아름다운나날영조1","월세","59.3291","202503","21","1,000","80","3","2003","증안로 21","202505~202608","신규","-","","","아파트"
"26833","충청북도 청주시 흥덕구 송정동","140-41","0140","0041","청주산단1행복주택","월세","26.9500","202503","21","4,344","6","21","2025","대신로 142","202503~202705","갱신","-","2,844","15","아파트"
"26834","충청북도 청주시 서원구 산남동","669","0669","0000","유승한내들","전세","59.8886","202503","21","18,000","0","9","2007","두꺼비로 109","-","-","-","","","아파트"
"26835","충청북도 청주시 서원구 산남동","669","0669","0000","유승한내들","전세","59.8886","202503","21","18,000","0","9","2007","두꺼비로 109","202504~202704","신규","-","","","아파트"
"26836","충청북도 청주시 서원구 산남동","669","0669","0000","유승한내들","전세","59.8886","202503","21","18,500","0","9","2007","두꺼비로 109","202504~202704","신규","-","","","아파트"
"26837","충청북도 청주시 서원구 산남동","1100","1100","0000","대원칸타빌2차","전세","84.9992","202503","21","26,500","0","9","2007","산미로 143","202504~202704","갱신","-","25,500","0","아파트"
"26838","충청북도 청주시 서원구 남이면 척북리","74-7","0074","0007","삼포","월세","59.8600","202503","21","1,000","40","4","2000","저산척북로 636-10","202504~202703","신규","-","","","아파트"
"26839","충청북도 청주시 흥덕구 가경동","762","0762","0000","벽산","전세","95.5500","202503","21","17,000","0","11","1992","가경로189번길 52","202505~202705","갱신","사용","17,000","0","아파트"
"26840","충청북도 청주시 흥덕구 가경동","1511","1511","0000","대원","전세","59.9700","202503","21","15,500","0","2","1997","가경로 120","202504~202704","갱신","사용","15,000","0","아파트"
"26841","충청북도 청주시 흥덕구 가경동","1510","1510","0000","세원가경골","전세","59.7600","202503","21","15,600","0","13","1997","가경로 134","202506~202706","신규","-","","","아파트"
"26842","충청북도 청주시 흥덕구 가경동","1516","1516","0000","태암수정","월세","84.8950","202503","21","2,000","90","8","1997","가경로 72","202504~202704","신규","-","","","아파트"
"26843","충청북도 청주시 서원구 모충동","553","0553","0000","청주모충LH트릴로채","전세","74.8900","202503","21","26,000","0","1","2021","쌍샘로 22","202509~202709","신규","-","","","아파트"
"26844","충청북도 청주시 서원구 사창동","285-3","0285","0003","대원칸타빌","월세","84.9587","202503","21","16,000","45","3","2008","예체로67번길 87","202404~202703","신규","-","","","아파트"
"26845","충청북도 청주시 흥덕구 강서동","583","0583","0000","가경아이파크5단지","전세","101.5539","202503","21","33,600","0","3","2023","서부로 1123","202503~202703","신규","-","","","아파트"
"26846","충청북도 청주시 흥덕구 강서동","473","0473","0000","경성하늘샵","월세","26.9300","202503","21","300","40","6","2013","가로수로1164번길 41-48","202503~202603","신규","-","","","아파트"
"26847","충청북도 청주시 서원구 사직동","931","0931","0000","푸르지오캐슬(101~117)","월세","84.4000","202503","21","3,000","130","7","2010","예체로 68","202504~202704","신규","-","","","아파트"
"26848","충청북도 청주시 흥덕구 강서동","478","0478","0000","세솔타운","월세","40.2780","202503","20","1,000","60","6","2013","강서로 121","202503~202603","신규","-","","","아파트"
"26849","충청북도 청주시 서원구 성화동","897","0897","0000","성화휴먼시아5단지","월세","36.5000","202503","20","1,718","14","4","2010","성봉로 93","202503~202704","신규","-","","","아파트"
"26850","충청북도 청주시 서원구 성화동","708","0708","0000","성화휴먼시아4단지","월세","36.9000","202503","20","1,712","14","6","2010","장전로 11","202503~202704","신규","-","","","아파트"
"26851","충청북도 음성군 대소면 성본리","818","0818","0000","음성푸르지오더퍼스트","전세","110.6227","202503","20","21,000","0","16","2024","성본산단4로 41","-","-","-","","","아파트"
"26852","충청북도 청주시 서원구 개신동","613","0613","0000","휴먼시아","전세","59.9000","202503","20","15,700","0","2","2001","경신로 67","202504~202704","갱신","사용","15,000","0","아파트"
"26853","충청북도 청주시 서원구 개신동","613","0613","0000","휴먼시아","전세","49.9300","202503","20","9,800","0","1","2001","경신로 67","202504~202704","갱신","-","9,800","0","아파트"
"26854","충청북도 청주시 서원구 개신동","706","0706","0000","라임스토리2","전세","49.7500","202503","20","9,450","0","5","2014","복대로17번길 7-10","202504~202704","신규","-","","","아파트"
"26855","충청북도 청주시 서원구 개신동","613","0613","0000","휴먼시아","전세","49.9300","202503","20","13,000","0","2","2001","경신로 67","202404~202604","갱신","-","13,000","0","아파트"
"26856","충청북도 청주시 서원구 성화동","897","0897","0000","성화휴먼시아5단지","월세","46.9300","202503","20","604","24","13","2010","성봉로 93","202503~202704","갱신","-","2,604","18","아파트"
"26857","충청북도 청주시 서원구 성화동","708","0708","0000","성화휴먼시아4단지","월세","36.5000","202503","20","512","18","6","2010","장전로 11","202503~202704","갱신","-","1,712","14","아파트"
"26858","충청북도 청주시 흥덕구 송정동","140-41","0140","0041","청주산단1행복주택","월세","26.9500","202503","20","4,344","6","15","2025","대신로 142","202503~202705","갱신","-","2,844","15","아파트"
"26859","충청북도 청주시 서원구 분평동","1202","1202","0000","분평주공2","전세","59.7100","202503","20","13,000","0","3","1997","1순환로1137번길 129","202503~202703","갱신","-","14,000","0","아파트"
"26860","충청북도 청주시 서원구 분평동","1200","1200","0000","주공3단지2차","월세","49.7700","202503","20","1,000","45","7","1997","1순환로1137번길 130","202503~202703","갱신","-","1,000","43","아파트"
"26861","충청북도 청주시 흥덕구 송정동","140-41","0140","0041","청주산단1행복주택","월세","36.4600","202503","20","824","30","11","2025","대신로 142","202503~202705","갱신","-","3,924","21","아파트"
"26862","충청북도 청주시 흥덕구 송정동","140-41","0140","0041","청주산단1행복주택","월세","26.9500","202503","20","4,344","6","8","2025","대신로 142","202503~202705","갱신","-","2,844","15","아파트"
"26863","충청북도 청주시 흥덕구 송정동","140-41","0140","0041","청주산단1행복주택","월세","26.9500","202503","20","544","22","6","2025","대신로 142","202503~202705","갱신","-","2,844","15","아파트"
"26864","충청북도 청주시 흥덕구 송정동","140-41","0140","0041","청주산단1행복주택","월세","26.9500","202503","20","544","22","5","2025","대신로 142","202503~202705","갱신","-","2,844","15","아파트"
"26865","충청북도 청주시 서원구 산남동","671","0671","0000","산남퀸덤아파트","전세","84.9306","202503","20","26,000","0","5","2007","두꺼비로 93","202504~202704","신규","-","","","아파트"
"26866","충청북도 청주시 서원구 성화동","897","0897","0000","성화휴먼시아5단지","월세","36.5000","202503","20","1,770","15","2","2010","성봉로 93","202506~202705","갱신","-","1,718","14","아파트"
"26867","충청북도 청주시 흥덕구 송정동","140-41","0140","0041","청주산단1행복주택","월세","36.4600","202503","20","1,424","28","2","2025","대신로 142","202503~202705","갱신","-","3,924","21","아파트"
"26868","충청북도 청주시 흥덕구 송정동","140-41","0140","0041","청주산단1행복주택","월세","26.9500","202503","20","4,344","6","8","2025","대신로 142","202503~202705","갱신","-","2,844","15","아파트"
"26869","충청북도 청주시 서원구 수곡동","1002","1002","0000","두진백로","월세","59.4000","202503","20","1,000","65","1","1995","수곡로 36","202505~202705","신규","-","","","아파트"
"26870","충청북도 청주시 서원구 성화동","708","0708","0000","성화휴먼시아4단지","월세","36.5000","202503","20","1,712","14","11","2010","장전로 11","202503~202704","신규","-","","","아파트"
"26871","충청북도 청주시 흥덕구 송정동","140-41","0140","0041","청주산단1행복주택","월세","26.9500","202503","20","3,144","13","20","2025","대신로 142","202503~202705","갱신","-","2,844","15","아파트"
"26872","충청북도 청주시 흥덕구 송정동","140-41","0140","0041","청주산단1행복주택","월세","26.9500","202503","20","4,344","6","3","2025","대신로 142","202503~202705","갱신","-","2,844","15","아파트"
"26873","충청북도 청주시 흥덕구 송정동","140-41","0140","0041","청주산단1행복주택","월세","36.4600","202503","20","824","30","2","2025","대신로 142","202503~202705","갱신","-","3,924","21","아파트"
"26874","충청북도 청주시 흥덕구 송정동","140-41","0140","0041","청주산단1행복주택","월세","36.4600","202503","20","3,024","24","9","2025","대신로 142","202503~202705","갱신","-","3,924","21","아파트"
"26875","충청북도 음성군 감곡면 오향리","568","0568","0000","덕일한마음","월세","59.9700","202503","20","1,000","50","10","2003","음성로 2650-22","-","-","-","","","아파트"
"26876","충청북도 청주시 서원구 모충동","251-1","0251","0001","형석","전세","49.5900","202503","20","8,000","0","1","1985","남들로35번길 61","202504~202704","갱신","사용","8,000","0","아파트"
"26877","충청북도 청주시 흥덕구 강서동","583","0583","0000","가경아이파크5단지","전세","84.7993","202503","20","33,600","0","12","2023","서부로 1123","202503~202603","갱신","-","32,000","0","아파트"
"26878","충청북도 청주시 서원구 성화동","708","0708","0000","성화휴먼시아4단지","월세","36.5000","202503","20","812","17","8","2010","장전로 11","202503~202704","갱신","-","1,712","14","아파트"
"26879","충청북도 청주시 흥덕구 가경동","1511","1511","0000","대원","전세","59.9400","202503","20","15,500","0","5","1997","가경로 120","202504~202604","갱신","사용","15,500","0","아파트"
"26880","충청북도 청주시 흥덕구 송정동","140-41","0140","0041","청주산단1행복주택","월세","26.9500","202503","20","544","22","22","2025","대신로 142","202503~202705","갱신","-","2,844","15","아파트"
"26881","충청북도 청주시 흥덕구 복대동","3029","3029","0000","현대2","월세","59.8800","202503","20","1,000","85","8","2000","증안로 77","202503~202603","신규","-","","","아파트"
"26882","충청북도 청주시 흥덕구 가경동","2220","2220","0000","청주가경IPARK1차","전세","59.8100","202503","20","33,000","0","6","2019","서현로 66","202504~202704","신규","-","","","아파트"
"26883","충청북도 청주시 서원구 성화동","708","0708","0000","성화휴먼시아4단지","월세","36.5000","202503","20","1,712","14","3","2010","장전로 11","202503~202704","신규","-","","","아파트"
"26884","충청북도 청주시 상당구 용암동","3603","3603","0000","청주동남엘에이치행복주택","월세","36.5300","202503","20","617","24","10","2020","월운로 146","202503~202704","갱신","-","2,917","17","아파트"
"26885","충청북도 청주시 상당구 금천동","137","0137","0000","효성2차","월세","27.2700","202503","20","200","25","9","1998","수영로196번길 12-17","202503~202703","신규","-","","","아파트"
"26886","충청북도 청주시 상당구 용정동","1116","1116","0000","청주용정한라비발디","전세","101.9700","202503","20","33,000","0","12","2013","용정로 35","202506~202706","신규","-","","","아파트"
"26887","충청북도 청주시 청원구 오창읍 각리","638-1","0638","0001","우림필유1차","전세","120.0700","202503","20","27,300","0","5","2006","오창중앙로 13","202504~202704","갱신","사용","26,000","0","아파트"
"26888","충청북도 청주시 청원구 오창읍 각리","646-6","0646","0006","이안오창","월세","59.4414","202503","20","2,000","75","4","2006","오창중앙로 83","202504~202702","신규","-","","","아파트"
"26889","충청북도 청주시 상당구 영운동","81-1","0081","0001","청주","전세","55.6200","202503","20","5,400","0","3","1985","영운천로 33-4","-","-","-","","","아파트"
"26890","충청북도 청주시 상당구 용암동","3145","3145","0000","청주동남1단지","월세","37.7800","202503","20","1,918","19","24","2020","호미로 137","202503~202704","신규","-","","","아파트"
"26891","충청북도 청주시 상당구 용암동","3145","3145","0000","청주동남1단지","월세","37.7800","202503","20","1,918","19","15","2020","호미로 137","202503~202704","신규","-","","","아파트"
"26892","충청북도 청주시 상당구 용암동","3145","3145","0000","청주동남1단지","월세","37.7800","202503","20","1,918","19","21","2020","호미로 137","202503~202704","신규","-","","","아파트"
"26893","충청북도 청주시 상당구 용암동","3145","3145","0000","청주동남1단지","월세","46.9700","202503","20","3,075","25","11","2020","호미로 137","202503~202704","신규","-","","","아파트"
"26894","충청북도 청주시 상당구 용암동","3164","3164","0000","청주동남파밀리에NHF4단지","월세","59.6300","202503","20","9,450","19","11","2021","동남로 187","202504~202703","갱신","-","4,611","41","아파트"
"26895","충청북도 청주시 상당구 용암동","3145","3145","0000","청주동남1단지","월세","37.7800","202503","20","618","23","22","2020","호미로 137","202503~202704","갱신","-","1,918","19","아파트"
"26896","충청북도 청주시 상당구 용담동","467","0467","0000","우미린에듀파크2단지","전세","84.9813","202503","20","33,000","0","6","2018","수영로 359","202505~202705","갱신","-","28,000","0","아파트"
"26897","충청북도 청주시 상당구 용담동","418","0418","0000","가좌마을부영(418)","전세","84.9916","202503","20","18,000","0","1","2004","산성로116번길 23","202504~202704","신규","-","","","아파트"
"26898","충청북도 청주시 상당구 북문로3가","123","0123","0000","청주행정타운코아루휴티스","전세","84.6871","202503","20","30,000","0","10","2020","중앙로 80","202504~202704","신규","-","","","아파트"
"26899","충청북도 청주시 상당구 방서동","806","0806","0000","우미린풀하우스","전세","78.5311","202503","20","31,000","0","1","2020","동남로 15","202505~202705","신규","-","","","아파트"
"26900","충청북도 청주시 청원구 오창읍 창리","161","0161","0000","오창모아미래도와이드파크","전세","59.9853","202503","20","22,000","0","22","2016","2산단4로 45","202506~202706","신규","-","","","아파트"
"26901","충청북도 청주시 청원구 오창읍 주성리","567","0567","0000","충북오창사랑으로부영5단지","월세","82.8216","202503","20","8,538","33","2","2015","2산단4로 20","202505~202605","신규","-","","","아파트"
"26902","충청북도 청주시 청원구 우암동","372-6","0372","0006","라임미소가","월세","48.1300","202503","20","500","57","12","2017","향군로 110","202503~202603","신규","-","","","아파트"
"26903","충청북도 청주시 청원구 우암동","237-13","0237","0013","일진캠퍼스타워","월세","16.2100","202503","20","300","40","4","2015","상당로 249","202503~202603","신규","-","","","아파트"
"26904","충청북도 청주시 청원구 오창읍 주성리","569","0569","0000","충북오창사랑으로부영6단지","전세","57.7554","202503","20","12,567","0","18","2014","2산단로 125","202506~202606","갱신","-","12,382","0","아파트"
"26905","충청북도 청주시 청원구 오창읍 주성리","561","0561","0000","충북오창사랑으로부영8단지","전세","82.8216","202503","20","16,542","0","2","2015","2산단로 151","202503~202603","신규","-","","","아파트"
"26906","충청북도 청주시 청원구 오창읍 주성리","569","0569","0000","충북오창사랑으로부영6단지","전세","57.7554","202503","20","12,382","0","18","2014","2산단로 125","202503~202603","갱신","-","12,164","0","아파트"
"26907","충청북도 청주시 흥덕구 오송읍 만수리","549","0549","0000","오송경남아너스빌","월세","84.9400","202503","20","3,000","90","13","2009","오송생명5로 201","202504~202604","신규","-","","","아파트"
"26908","충청북도 청주시 흥덕구 오송읍 만수리","549-1","0549","0001","청원오송휴먼시아1단지","월세","51.9300","202503","20","2,660","21","14","2008","오송가락로 235","202505~202704","신규","-","","","아파트"
"26909","충청북도 청주시 상당구 탑동","390","0390","0000","센트럴힐데스하임","전세","65.9710","202503","20","29,000","0","9","2022","용담로 50","202504~202612","신규","-","","","아파트"
"26910","충청북도 청주시 흥덕구 오송읍 봉산리","1510","1510","0000","오송역대광로제비앙","전세","59.9406","202503","20","15,270","0","24","2023","오송생명8로 178","202503~202703","신규","-","","","아파트"
"26911","충청북도 제천시 왕암동","779","0779","0000","왕암코아루드림","월세","60.4266","202503","20","0","85","14","2018","바이오밸리로 171","202503~202703","신규","-","","","아파트"
"26912","충청북도 제천시 왕암동","779","0779","0000","왕암코아루드림","월세","66.7275","202503","20","1,000","55","6","2018","바이오밸리로 171","202503~202703","신규","-","","","아파트"
"26913","충청북도 음성군 금왕읍 금석리","482","0482","0000","음성금왕시티프라디움","전세","84.9976","202503","20","18,000","0","6","2017","대금로 1557-14","202505~202705","신규","-","","","아파트"
"26914","충청북도 음성군 음성읍 읍내리","686","0686","0000","프리안","월세","59.3400","202503","20","500","45","2","2012","용광로48번길 10","202504~202704","신규","-","","","아파트"
"26915","충청북도 충주시 봉방동","1047","1047","0000","충주주상복합모아미래도","월세","84.9682","202503","20","3,000","120","17","2023","삼원로 28","202503~202703","신규","-","","","아파트"
"26916","충청북도 제천시 하소동","110","0110","0000","하소현대","월세","59.9850","202503","20","500","50","2","1996","용두대로15길 38","202503~202512","신규","-","","","아파트"
"26917","충청북도 청주시 흥덕구 문암동","213","0213","0000","청주테크노폴리스신영지웰푸르지오","전세","84.9664","202503","20","40,000","0","20","2022","송화로 229","202505~202709","신규","-","","","아파트"
"26918","충청북도 충주시 중앙탑면 용전리","661","0661","0000","e편한세상충주","전세","84.9537","202503","20","20,000","0","4","2017","원앙9길 15","202504~202507","갱신","-","20,000","0","아파트"
"26919","충청북도 제천시 고암동","1101","1101","0000","두진백로","전세","45.6000","202503","20","6,000","0","6","1997","용두천로 384","202504~202704","신규","-","","","아파트"
"26920","충청북도 진천군 덕산읍 두촌리","3147","3147","0000","우미린스테이","월세","70.5634","202503","20","10,240","16","11","2018","대하로 150","202504~202704","신규","-","","","아파트"
"26921","충청북도 충주시 연수동","686","0686","0000","연수주공4차,5차","월세","59.7100","202503","20","2,000","35","12","1997","예성로 401","202504~202704","신규","-","","","아파트"
"26922","충청북도 진천군 덕산읍 두촌리","3148","3148","0000","충북혁신도시아모리움내안애","전세","84.9637","202503","20","24,000","0","8","2018","대하로 114","202503~202703","신규","-","","","아파트"
"26923","충청북도 진천군 진천읍 장관리","880","0880","0000","진천장관사랑으로부영2차","전세","84.9877","202503","20","11,905","0","6","2013","진광로 97-13","-","-","-","","","아파트"
"26924","충청북도 진천군 진천읍 장관리","880","0880","0000","진천장관사랑으로부영2차","전세","84.9877","202503","20","11,905","0","11","2013","진광로 97-13","202503~202603","신규","-","","","아파트"
"26925","충청북도 제천시 모산동","543-9","0543","0009","로즈웰모산힐","월세","84.9763","202503","20","2,000","80","4","2003","신죽하로 165","202504~202704","신규","-","","","아파트"
"26926","충청북도 진천군 진천읍 장관리","880","0880","0000","진천장관사랑으로부영2차","전세","59.9605","202503","20","9,740","0","9","2013","진광로 97-13","202504~202604","신규","-","","","아파트"
"26927","충청북도 충주시 연수동","1227","1227","0000","연수주공1차","월세","47.0100","202503","20","500","35","3","1990","예성로 360","202504~202704","신규","-","","","아파트"
"26928","충청북도 음성군 맹동면 용촌리","56-1","0056","0001","음성미영황새마을","월세","36.4600","202503","20","500","40","5","2009","덕금로211번길 77","202503~202703","갱신","-","500","40","아파트"
"26929","충청북도 청주시 청원구 주중동","1023","1023","0000","대원칸타빌2차","전세","84.4300","202503","20","37,000","0","4","2014","율량로 77","202505~202705","신규","-","","","아파트"
"26930","충청북도 청주시 흥덕구 송절동","690","0690","0000","청주테크노폴리스지웰아파트","월세","84.9674","202503","20","5,000","105","6","2020","송화로108번길 42","202504~202604","신규","-","","","아파트"
"26931","충청북도 제천시 왕암동","779","0779","0000","왕암코아루드림","월세","60.2620","202503","20","1,000","85","8","2018","바이오밸리로 171","202505~202705","신규","-","","","아파트"
"26932","충청북도 증평군 증평읍 장동리","930","0930","0000","대성베르힐리오파크","월세","84.9971","202503","20","3,000","105","12","2015","북부두름길 80","202503~202703","신규","-","","","아파트"
"26933","충청북도 제천시 청전동","639","0639","0000","비둘기","월세","35.5200","202503","20","300","45","12","1991","청전대로 166","202504~202704","신규","-","","","아파트"
"26934","충청북도 진천군 덕산읍 두촌리","3147","3147","0000","우미린스테이","월세","78.2298","202503","20","11,500","19","18","2018","대하로 150","202505~202705","갱신","-","11,500","17","아파트"
"26935","충청북도 충주시 칠금동","1015","1015","0000","부영아파트(2차)","전세","60.0000","202503","20","12,000","0","3","1996","칠금중앙로 30","202504~202704","신규","-","","","아파트"
"26936","충청북도 청주시 청원구 사천동","697","0697","0000","청주사천푸르지오","월세","74.3949","202503","20","2,000","100","7","2018","사뜸로 106","202504~202704","신규","-","","","아파트"
"26937","충청북도 제천시 고암동","1101","1101","0000","두진백로","전세","45.6000","202503","20","6,000","0","6","1997","용두천로 384","202504~202704","신규","-","","","아파트"
"26938","충청북도 청주시 흥덕구 강내면 탑연리","322-1","0322","0001","선광한빛","전세","84.9800","202503","19","12,000","0","14","1996","태성탑연로 391-34","202504~202704","신규","-","","","아파트"
"26939","충청북도 청주시 청원구 주중동","1023","1023","0000","대원칸타빌2차","월세","84.7980","202503","19","5,000","120","13","2014","율량로 77","202504~202704","신규","-","","","아파트"
"26940","충청북도 청주시 청원구 주중동","1023","1023","0000","대원칸타빌2차","월세","84.7980","202503","19","5,000","120","13","2014","율량로 77","202504~202704","신규","-","","","아파트"
"26941","충청북도 청주시 청원구 율량동","1302","1302","0000","대창3","월세","34.7900","202503","19","300","40","9","1995","사뜸로52번길 15","202503~202609","신규","-","","","아파트"
"26942","충청북도 청주시 청원구 율량동","1135","1135","0000","한울아파트302동","전세","45.3600","202503","19","7,600","0","9","1999","주성로96번길 8","202505~202705","신규","-","","","아파트"
"26943","충청북도 충주시 주덕읍 화곡리","1250","1250","0000","서충주신도시삼일파라뷰2차그랜드시티","전세","84.9963","202503","19","30,000","0","13","2024","화개4길 29","202503~202702","신규","-","","","아파트"
"26944","충청북도 청주시 청원구 율량동","861","0861","0000","두진백로그린타운","월세","32.7600","202503","19","500","40","7","1996","율봉로201번길 34","202503~202603","신규","-","","","아파트"
"26945","충청북도 충주시 주덕읍 화곡리","1250","1250","0000","서충주신도시삼일파라뷰2차그랜드시티","전세","84.9963","202503","19","31,500","0","21","2024","화개4길 29","202503~202702","신규","-","","","아파트"
"26946","충청북도 청주시 흥덕구 문암동","213","0213","0000","청주테크노폴리스신영지웰푸르지오","전세","59.9721","202503","19","30,000","0","6","2022","송화로 229","202504~202703","신규","-","","","아파트"
"26947","충청북도 충주시 대소원면 본리","642","0642","0000","충주지웰","월세","59.0907","202503","19","1,000","55","2","2016","첨단산업2로 42","202504~202704","신규","-","","","아파트"
"26948","충청북도 음성군 대소면 오산리","155","0155","0000","LH음성대소(구대소주공임대)","월세","51.8600","202503","19","2,854","8","9","2005","오태로 115-12","202506~202705","갱신","-","1,435","13","아파트"
"26949","충청북도 충주시 중앙탑면 용전리","721","0721","0000","충주시티자이","월세","84.9571","202503","19","1,000","85","2","2017","원앙4길 51","202506~202706","갱신","사용","1,000","85","아파트"
"26950","충청북도 증평군 증평읍 송산리","762","0762","0000","증평대광로제비앙","월세","69.0409","202503","19","13,310","5","13","2019","송산로 105","202503~202703","신규","-","","","아파트"
"26951","충청북도 음성군 맹동면 동성리","523","0523","0000","충북혁신도시영무예다음3차","전세","84.9493","202503","19","22,000","0","20","2017","장성1길 9","202503~202703","신규","-","","","아파트"
"26952","충청북도 진천군 덕산읍 두촌리","3147","3147","0000","우미린스테이","월세","84.4362","202503","19","11,960","20","6","2018","대하로 150","202505~202705","갱신","-","11,960","17","아파트"
"26953","충청북도 진천군 덕산읍 두촌리","3147","3147","0000","우미린스테이","월세","70.5634","202503","19","10,240","16","2","2018","대하로 150","202505~202705","갱신","-","10,240","14","아파트"
"26954","충청북도 진천군 덕산읍 두촌리","3147","3147","0000","우미린스테이","월세","70.5634","202503","19","10,240","17","19","2018","대하로 150","202505~202705","갱신","-","10,240","15","아파트"
"26955","충청북도 옥천군 옥천읍 장야리","313","0313","0000","옥천장야주공(1)단지","월세","51.4900","202503","19","1,000","40","8","2002","장야3길 9","202503~202703","신규","-","","","아파트"
"26956","충청북도 충주시 주덕읍 화곡리","1250","1250","0000","서충주신도시삼일파라뷰2차그랜드시티","전세","84.9734","202503","19","31,500","0","28","2024","화개4길 29","202503~202702","신규","-","","","아파트"
"26957","충청북도 옥천군 옥천읍 삼양리","253","0253","0000","옥천삼양행복주택","월세","21.3000","202503","19","1,548","9","7","2024","삼양로3길 9-10","202503~202704","신규","-","","","아파트"
"26958","충청북도 옥천군 옥천읍 삼양리","253","0253","0000","옥천삼양행복주택","월세","44.4000","202503","19","3,420","19","5","2024","삼양로3길 9-10","202503~202704","신규","-","","","아파트"
"26959","충청북도 옥천군 옥천읍 삼양리","253","0253","0000","옥천삼양행복주택","월세","44.4000","202503","19","3,230","18","6","2024","삼양로3길 9-10","202503~202704","신규","-","","","아파트"
"26960","충청북도 옥천군 옥천읍 삼양리","253","0253","0000","옥천삼양행복주택","월세","21.3000","202503","19","1,548","9","6","2024","삼양로3길 9-10","202503~202704","신규","-","","","아파트"
"26961","충청북도 옥천군 옥천읍 삼양리","253","0253","0000","옥천삼양행복주택","월세","44.4000","202503","19","3,230","18","7","2024","삼양로3길 9-10","202503~202704","신규","-","","","아파트"
"26962","충청북도 옥천군 옥천읍 삼양리","253","0253","0000","옥천삼양행복주택","월세","44.4000","202503","19","3,420","19","9","2024","삼양로3길 9-10","202503~202704","신규","-","","","아파트"
"26963","충청북도 옥천군 옥천읍 삼양리","253","0253","0000","옥천삼양행복주택","월세","36.4900","202503","19","2,772","16","5","2024","삼양로3길 9-10","202503~202704","신규","-","","","아파트"
"26964","충청북도 옥천군 옥천읍 삼양리","253","0253","0000","옥천삼양행복주택","월세","21.3000","202503","19","1,548","9","10","2024","삼양로3길 9-10","202503~202704","신규","-","","","아파트"
"26965","충청북도 옥천군 옥천읍 삼양리","253","0253","0000","옥천삼양행복주택","월세","44.4000","202503","19","3,420","19","6","2024","삼양로3길 9-10","202503~202704","신규","-","","","아파트"
"26966","충청북도 옥천군 옥천읍 삼양리","253","0253","0000","옥천삼양행복주택","월세","21.3000","202503","19","1,548","9","5","2024","삼양로3길 9-10","202503~202704","신규","-","","","아파트"
"26967","충청북도 충주시 칠금동","1015","1015","0000","부영아파트(2차)","전세","50.4900","202503","19","9,500","0","3","1996","칠금중앙로 30","202503~202703","신규","-","","","아파트"
"26968","충청북도 충주시 칠금동","821","0821","0000","부영(1차)","전세","60.0000","202503","19","11,000","0","14","1996","금릉로 46","202505~202705","신규","-","","","아파트"
"26969","충청북도 청주시 흥덕구 송절동","851","0851","0000","청주테크노폴리스푸르지오","전세","84.9950","202503","19","40,000","0","5","2018","송화로214번길 7","202504~202704","신규","-","","","아파트"
"26970","충청북도 제천시 신백동","201-1","0201","0001","화성(1~8동)","전세","44.6400","202503","19","4,500","0","3","1988","신백로14길 13","202503~202703","갱신","-","1,000","35","아파트"
"26971","충청북도 진천군 덕산읍 신척리","936","0936","0000","진천힐데스하임LAKEVIEW","월세","39.4338","202503","19","500","59","6","2024","신척산단5로 14-14","202503~203503","신규","-","","","아파트"
"26972","충청북도 제천시 장락동","1059","1059","0000","e편한세상제천더프라임","전세","116.7114","202503","19","48,000","0","16","2024","내토로63길 13","202505~202705","신규","-","","","아파트"
"26973","충청북도 충주시 호암동","1050","1050","0000","힐스테이트호암","전세","59.9600","202503","19","26,000","0","14","2021","호암수청1로 29","202503~202703","신규","-","","","아파트"
"26974","충청북도 충주시 호암동","542-1","0542","0001","세경","월세","56.8800","202503","19","500","25","2","1992","신촌1길 6","202504~202704","신규","-","","","아파트"
"26975","충청북도 진천군 진천읍 장관리","880","0880","0000","진천장관사랑으로부영2차","월세","84.9877","202503","19","5,060","25","17","2013","진광로 97-13","202504~202604","신규","-","","","아파트"
"26976","충청북도 진천군 진천읍 장관리","880","0880","0000","진천장관사랑으로부영2차","전세","59.9605","202503","19","9,740","0","13","2013","진광로 97-13","202504~202604","신규","-","","","아파트"
"26977","충청북도 진천군 진천읍 장관리","880","0880","0000","진천장관사랑으로부영2차","월세","84.9877","202503","19","5,060","25","17","2013","진광로 97-13","202504~202604","신규","-","","","아파트"
"26978","충청북도 진천군 진천읍 장관리","884","0884","0000","진천장관사랑으로부영1차","월세","59.9605","202503","19","5,060","16","16","2013","장관2길 139","202505~202605","갱신","-","0","16","아파트"
"26979","충청북도 청주시 서원구 수곡동","324","0324","0000","주공1","월세","47.0100","202503","19","500","40","2","1990","구룡산로 319","202504~202704","신규","-","","","아파트"
"26980","충청북도 청주시 흥덕구 송정동","140-41","0140","0041","청주산단1행복주택","월세","36.4600","202503","19","824","30","10","2025","대신로 142","202503~202705","갱신","-","3,924","21","아파트"
"26981","충청북도 청주시 서원구 모충동","553","0553","0000","청주모충LH트릴로채","전세","59.9600","202503","19","23,000","0","1","2021","쌍샘로 22","202505~202705","신규","-","","","아파트"
"26982","충청북도 청주시 서원구 사창동","285-3","0285","0003","대원칸타빌","월세","115.2141","202503","19","20,000","40","17","2008","예체로67번길 87","202505~202705","신규","-","","","아파트"
"26983","충청북도 청주시 서원구 산남동","1094","1094","0000","부영사랑으로","전세","59.9364","202503","19","17,600","0","4","2007","원흥로 14","-","-","-","","","아파트"
"26984","충청북도 청주시 흥덕구 복대동","3379","3379","0000","신영지웰시티1차","전세","152.6520","202503","19","65,000","0","8","2010","대농로 17","202504~202703","갱신","-","60,000","0","아파트"
"26985","충청북도 청주시 흥덕구 복대동","3367","3367","0000","어울림","월세","163.8470","202503","19","5,000","200","10","2009","대신로74번길 21","202503~202703","신규","-","","","아파트"
"26986","충청북도 청주시 흥덕구 송정동","140-41","0140","0041","청주산단1행복주택","월세","36.4600","202503","19","824","30","20","2025","대신로 142","202503~202705","갱신","-","3,924","21","아파트"
"26987","충청북도 청주시 흥덕구 송정동","140-41","0140","0041","청주산단1행복주택","월세","36.4600","202503","19","6,024","9","5","2025","대신로 142","202503~202705","갱신","-","3,924","21","아파트"
"26988","충청북도 청주시 흥덕구 송정동","140-41","0140","0041","청주산단1행복주택","월세","36.4600","202503","19","6,024","9","2","2025","대신로 142","202503~202705","갱신","-","3,924","21","아파트"
"26989","충청북도 청주시 흥덕구 가경동","1510","1510","0000","세원가경골","월세","41.8500","202503","19","1,000","50","13","1997","가경로 134","202505~202705","신규","-","","","아파트"
"26990","충청북도 청주시 흥덕구 송정동","140-41","0140","0041","청주산단1행복주택","월세","26.9500","202503","19","1,044","20","17","2025","대신로 142","202503~202705","갱신","-","2,844","15","아파트"
"26991","충청북도 청주시 흥덕구 비하동","300","0300","0000","효성아파트","전세","59.9000","202503","19","10,000","0","1","1995","2순환로1050번길 39","202505~202705","신규","-","","","아파트"
"26992","충청북도 청주시 흥덕구 비하동","300","0300","0000","효성아파트","월세","59.9000","202503","19","9,000","35","1","1995","2순환로1050번길 39","202505~202705","신규","-","","","아파트"
"26993","충청북도 청주시 서원구 성화동","897","0897","0000","성화휴먼시아5단지","월세","36.5000","202503","19","1,718","14","6","2010","성봉로 93","202503~202704","신규","-","","","아파트"
"26994","충청북도 청주시 서원구 성화동","897","0897","0000","성화휴먼시아5단지","월세","46.9300","202503","19","2,604","18","13","2010","성봉로 93","202503~202704","신규","-","","","아파트"
"26995","충청북도 청주시 서원구 성화동","897","0897","0000","성화휴먼시아5단지","월세","36.5000","202503","19","1,718","14","7","2010","성봉로 93","202503~202704","신규","-","","","아파트"
"26996","충청북도 청주시 서원구 성화동","708","0708","0000","성화휴먼시아4단지","월세","36.5000","202503","19","1,712","14","11","2010","장전로 11","202503~202704","신규","-","","","아파트"
"26997","충청북도 청주시 흥덕구 비하동","300","0300","0000","효성아파트","전세","59.9000","202503","19","10,000","0","1","1995","2순환로1050번길 39","202505~202705","신규","-","","","아파트"
"26998","충청북도 청주시 서원구 남이면 척북리","74-7","0074","0007","삼포","월세","36.6200","202503","19","200","20","11","2000","저산척북로 636-10","202503~202703","신규","-","","","아파트"
"26999","충청북도 청주시 서원구 성화동","708","0708","0000","성화휴먼시아4단지","월세","36.5000","202503","19","1,712","14","6","2010","장전로 11","202503~202704","신규","-","","","아파트"
"27000","충청북도 청주시 서원구 성화동","708","0708","0000","성화휴먼시아4단지","월세","36.5000","202503","19","1,712","14","12","2010","장전로 11","202503~202704","신규","-","","","아파트"
"27001","충청북도 청주시 서원구 성화동","708","0708","0000","성화휴먼시아4단지","월세","46.9300","202503","19","2,594","18","9","2010","장전로 11","202503~202704","신규","-","","","아파트"
"27002","충청북도 청주시 서원구 성화동","708","0708","0000","성화휴먼시아4단지","월세","46.9000","202503","19","2,594","18","7","2010","장전로 11","202503~202704","신규","-","","","아파트"
"27003","충청북도 청주시 서원구 성화동","708","0708","0000","성화휴먼시아4단지","월세","36.5000","202503","19","1,712","14","6","2010","장전로 11","202503~202704","신규","-","","","아파트"
"27004","충청북도 청주시 서원구 성화동","708","0708","0000","성화휴먼시아4단지","월세","46.9300","202503","19","2,594","18","5","2010","장전로 11","202503~202704","신규","-","","","아파트"
"27005","충청북도 청주시 서원구 성화동","708","0708","0000","성화휴먼시아4단지","월세","36.5000","202503","19","1,712","14","8","2010","장전로 11","202503~202704","신규","-","","","아파트"
"27006","충청북도 청주시 서원구 성화동","708","0708","0000","성화휴먼시아4단지","월세","36.5000","202503","19","1,712","14","14","2010","장전로 11","202503~202704","신규","-","","","아파트"
"27007","충청북도 청주시 서원구 성화동","708","0708","0000","성화휴먼시아4단지","월세","46.9000","202503","19","2,594","18","7","2010","장전로 11","202503~202704","신규","-","","","아파트"
"27008","충청북도 청주시 흥덕구 강서동","583","0583","0000","가경아이파크5단지","전세","84.7993","202503","19","43,000","0","7","2023","서부로 1123","202506~202706","신규","-","","","아파트"
"27009","충청북도 청주시 흥덕구 강서동","498","0498","0000","경도펠리스","월세","22.2300","202503","19","300","43","12","2016","서현동로 21","202503~202603","신규","-","","","아파트"
"27010","충청북도 청주시 흥덕구 복대동","3381","3381","0000","두산위브지웰시티2차","전세","80.4990","202503","19","38,800","0","22","2015","대농로 55","-","-","-","","","아파트"
"27011","충청북도 청주시 흥덕구 송정동","140-41","0140","0041","청주산단1행복주택","월세","26.9500","202503","19","844","21","4","2025","대신로 142","202503~202705","갱신","-","2,844","15","아파트"
"27012","충청북도 청주시 서원구 분평동","320","0320","0000","우성1","전세","84.9500","202503","19","10,000","0","13","1990","1순환로1013번길 10","202504~202704","신규","-","","","아파트"
"27013","충청북도 청주시 서원구 분평동","1261","1261","0000","분평주공4","전세","49.7600","202503","19","8,500","0","15","1999","1순환로1137번길 80","202505~202705","신규","-","","","아파트"
"27014","충청북도 청주시 서원구 개신동","634","0634","0000","청주개신푸르지오","전세","84.7750","202503","19","27,400","0","15","2004","신율로 13","202504~202704","신규","-","","","아파트"
"27015","충청북도 청주시 서원구 개신동","1-19","0001","0019","광영","전세","38.6550","202503","19","9,700","0","2","1997","예체로7번길 33","202504~202703","신규","-","","","아파트"
"27016","충청북도 청주시 서원구 성화동","897","0897","0000","성화휴먼시아5단지","월세","46.9300","202503","19","2,604","18","12","2010","성봉로 93","202503~202704","신규","-","","","아파트"
"27017","충청북도 청주시 흥덕구 옥산면 가락리","981","0981","0000","청주리버파크자이","월세","84.9880","202503","19","2,000","110","23","2019","오송가락로 1056","202504~202704","신규","-","","","아파트"
"27018","충청북도 청주시 흥덕구 옥산면 가락리","981","0981","0000","청주리버파크자이","전세","84.9330","202503","19","28,000","0","15","2019","오송가락로 1056","202503~202703","갱신","사용","30,000","0","아파트"
"27019","충청북도 청주시 서원구 산남동","1094","1094","0000","부영사랑으로","전세","59.9364","202503","19","17,600","0","4","2007","원흥로 14","202504~202704","신규","-","","","아파트"
"27020","충청북도 청주시 서원구 남이면 척북리","74-7","0074","0007","삼포","전세","36.6200","202503","19","5,000","0","7","2000","저산척북로 636-10","202504~202704","신규","-","","","아파트"
"27021","충청북도 청주시 서원구 수곡동","324","0324","0000","주공1","월세","47.0100","202503","19","500","30","3","1990","매봉로 101","202503~202607","신규","-","","","아파트"
"27022","충청북도 청주시 상당구 용암동","3164","3164","0000","청주동남파밀리에NHF4단지","월세","59.3600","202503","19","9,150","20","12","2021","동남로 187","202504~202703","신규","-","","","아파트"
"27023","충청북도 청주시 흥덕구 오송읍 봉산리","1531","1531","0000","오송역대광로제비앙그랜드센텀","전세","84.9924","202503","19","25,500","0","3","2024","오송생명14로 283","202503~202703","신규","-","","","아파트"
"27024","충청북도 청주시 흥덕구 오송읍 봉산리","1523","1523","0000","오송역파라곤센트럴시티3차","전세","84.9965","202503","19","36,000","0","15","2024","오송생명7로 118","202410~203210","신규","-","","","아파트"
"27025","충청북도 청주시 흥덕구 오송읍 봉산리","1510","1510","0000","오송역대광로제비앙","전세","59.9406","202503","19","15,270","0","7","2023","오송생명8로 178","202308~202508","신규","-","","","아파트"
"27026","충청북도 청주시 상당구 용암동","3145","3145","0000","청주동남1단지","월세","37.7800","202503","19","1,918","19","6","2020","호미로 137","202503~202704","신규","-","","","아파트"
"27027","충청북도 청주시 상당구 용암동","3145","3145","0000","청주동남1단지","월세","37.7800","202503","19","1,918","19","24","2020","호미로 137","202503~202704","신규","-","","","아파트"
"27028","충청북도 청주시 상당구 용암동","3145","3145","0000","청주동남1단지","월세","37.7800","202503","19","1,918","19","9","2020","호미로 137","202503~202704","신규","-","","","아파트"
"27029","충청북도 청주시 상당구 용암동","3145","3145","0000","청주동남1단지","월세","26.5800","202503","19","905","12","14","2020","호미로 137","202503~202704","신규","-","","","아파트"
"27030","충청북도 청주시 상당구 용암동","3145","3145","0000","청주동남1단지","월세","37.7800","202503","19","1,918","19","11","2020","호미로 137","202503~202704","신규","-","","","아파트"
"27031","충청북도 청주시 상당구 용암동","3145","3145","0000","청주동남1단지","월세","37.7800","202503","19","1,918","19","22","2020","호미로 137","202503~202704","신규","-","","","아파트"
"27032","충청북도 청주시 상당구 용암동","3145","3145","0000","청주동남1단지","월세","37.7800","202503","19","1,918","19","9","2020","호미로 137","202503~202704","신규","-","","","아파트"
"27033","충청북도 청주시 상당구 용암동","3145","3145","0000","청주동남1단지","월세","37.7800","202503","19","4,785","16","12","2020","호미로 137","202504~202703","갱신","-","1,832","18","아파트"
"27034","충청북도 청주시 상당구 용암동","3145","3145","0000","청주동남1단지","월세","37.7800","202503","19","1,918","19","18","2020","호미로 137","202503~202704","신규","-","","","아파트"
"27035","충청북도 청주시 상당구 용암동","3603","3603","0000","청주동남엘에이치행복주택","월세","36.5300","202503","19","2,917","17","10","2020","월운로 146","202503~202704","신규","-","","","아파트"
"27036","충청북도 청주시 상당구 용암동","3603","3603","0000","청주동남엘에이치행복주택","월세","36.5300","202503","19","2,917","17","10","2020","월운로 146","202503~202704","신규","-","","","아파트"
"27037","충청북도 청주시 청원구 오창읍 주성리","569","0569","0000","충북오창사랑으로부영6단지","전세","57.7554","202503","19","12,382","0","15","2014","2산단로 125","202505~202605","신규","-","","","아파트"
"27038","충청북도 청주시 청원구 오창읍 주성리","569","0569","0000","충북오창사랑으로부영6단지","전세","57.7554","202503","19","12,567","0","18","2014","2산단로 125","202504~202604","신규","-","","","아파트"
"27039","충청북도 청주시 청원구 오창읍 주성리","569","0569","0000","충북오창사랑으로부영6단지","전세","57.7554","202503","19","12,382","0","2","2014","2산단로 125","202504~202604","갱신","-","12,164","0","아파트"
"27040","충청북도 청주시 청원구 오창읍 주성리","569","0569","0000","충북오창사랑으로부영6단지","전세","57.7554","202503","19","12,382","0","9","2014","2산단로 125","202503~202603","갱신","-","12,164","0","아파트"
"27041","충청북도 청주시 청원구 오창읍 주성리","567","0567","0000","충북오창사랑으로부영5단지","전세","82.8216","202503","19","16,542","0","5","2015","2산단4로 20","202503~202603","갱신","-","16,379","0","아파트"
"27042","충청북도 청주시 청원구 오창읍 각리","636-2","0636","0002","한신더휴센트럴파크","전세","84.9922","202503","19","35,000","0","13","2018","오창공원로 96","202505~202705","신규","-","","","아파트"
"27043","충청북도 청주시 상당구 탑동","390","0390","0000","센트럴힐데스하임","월세","65.9710","202503","19","3,000","110","2","2022","용담로 50","202504~202704","신규","-","","","아파트"
"27044","충청북도 청주시 상당구 탑동","390","0390","0000","센트럴힐데스하임","월세","84.8470","202503","19","3,000","90","32","2022","용담로 50","202503~202703","갱신","사용","3,000","90","아파트"
"27045","충청북도 청주시 상당구 영운동","222","0222","0000","파모스라움아파트","전세","59.4699","202503","19","17,000","0","14","2018","수영로 180","202504~202704","신규","-","","","아파트"
"27046","충청북도 청주시 상당구 용담동","467","0467","0000","우미린에듀파크2단지","전세","72.9398","202503","19","27,000","0","16","2018","수영로 359","202503~202703","신규","-","","","아파트"
"27047","충청북도 청주시 상당구 용정동","1116","1116","0000","청주용정한라비발디","전세","84.9200","202503","19","31,000","0","6","2013","용정로 25","202504~202704","신규","-","","","아파트"
"27048","충청북도 청주시 상당구 용정동","1116","1116","0000","청주용정한라비발디","전세","101.9400","202503","19","33,000","0","2","2013","용정로 25","202505~202705","신규","-","","","아파트"
"27049","충청북도 청주시 상당구 용정동","1116","1116","0000","청주용정한라비발디","전세","101.9700","202503","19","33,000","0","18","2013","용정로 25","202506~202706","신규","-","","","아파트"
"27050","충청북도 청주시 상당구 금천동","317","0317","0000","장자마을부영(9단지)","월세","59.2962","202503","19","2,000","65","6","2002","중고개로 286","202505~202705","신규","-","","","아파트"
"27051","충청북도 청주시 상당구 방서동","655","0655","0000","청주하트리움리버파크","전세","84.8401","202503","19","26,250","0","9","2019","2순환로 2031","202503~202703","갱신","-","25,000","0","아파트"
"27052","충청북도 청주시 상당구 방서동","655","0655","0000","청주하트리움리버파크","전세","84.8401","202503","19","26,250","0","9","2019","2순환로 2031","-","-","-","","","아파트"
"27053","충청북도 청주시 상당구 방서동","654","0654","0000","청주센트럴자이","전세","59.9530","202503","19","31,000","0","19","2018","단재로 316","202503~202703","신규","-","","","아파트"
"27054","충청북도 청주시 상당구 금천동","137","0137","0000","효성2차","월세","27.2700","202503","18","200","26","11","1998","수영로196번길 12-17","202503~202703","신규","-","","","아파트"
"27055","충청북도 청주시 청원구 내수읍 내수리","200-3","0200","0003","삼일","월세","59.6840","202503","18","500","37","9","1996","내수로 639","202504~202704","신규","-","","","아파트"
"27056","충청북도 청주시 청원구 내수읍 내수리","200-3","0200","0003","삼일","월세","59.6840","202503","18","500","37","9","1996","내수로 639","202504~202704","신규","-","","","아파트"
"27057","충청북도 청주시 흥덕구 오송읍 연제리","740","0740","0000","오송대원칸타빌","월세","84.9922","202503","18","2,000","90","4","2011","연제만수길 17","202503~202601","신규","-","","","아파트"
"27058","충청북도 청주시 청원구 오창읍 주성리","561","0561","0000","충북오창사랑으로부영8단지","전세","82.8216","202503","18","16,542","0","10","2015","2산단로 151","202504~202604","갱신","-","16,379","0","아파트"
"27059","충청북도 청주시 흥덕구 오송읍 봉산리","1523","1523","0000","오송역파라곤센트럴시티3차","전세","68.9518","202503","18","29,000","0","9","2024","오송생명7로 118","202410~203210","신규","-","","","아파트"
"27060","충청북도 청주시 흥덕구 오송읍 봉산리","1523","1523","0000","오송역파라곤센트럴시티3차","전세","84.9965","202503","18","36,000","0","10","2024","오송생명7로 118","202410~203210","신규","-","","","아파트"
"27061","충청북도 청주시 청원구 오창읍 주성리","569","0569","0000","충북오창사랑으로부영6단지","전세","57.7554","202503","18","12,567","0","8","2014","2산단로 125","202506~202606","갱신","-","12,382","0","아파트"
"27062","충청북도 청주시 흥덕구 오송읍 봉산리","1523","1523","0000","오송역파라곤센트럴시티3차","전세","68.9518","202503","18","29,000","0","17","2024","오송생명7로 118","202410~203210","신규","-","","","아파트"
"27063","충청북도 청주시 상당구 용담동","425","0425","0000","가좌마을부영","월세","59.9870","202503","18","2,000","75","13","2003","호미로 329","202504~202704","신규","-","","","아파트"
"27064","충청북도 청주시 흥덕구 오송읍 만수리","549","0549","0000","오송경남아너스빌","전세","84.9500","202503","18","24,000","0","12","2009","오송생명5로 201","202506~202706","신규","-","","","아파트"
"27065","충청북도 청주시 흥덕구 오송읍 봉산리","1523","1523","0000","오송역파라곤센트럴시티3차","전세","84.9965","202503","18","36,000","0","20","2024","오송생명7로 118","202410~203210","신규","-","","","아파트"
"27066","충청북도 청주시 흥덕구 오송읍 봉산리","1523","1523","0000","오송역파라곤센트럴시티3차","전세","84.9640","202503","18","36,000","0","15","2024","오송생명7로 118","202410~203210","신규","-","","","아파트"
"27067","충청북도 청주시 흥덕구 오송읍 봉산리","1523","1523","0000","오송역파라곤센트럴시티3차","전세","84.9965","202503","18","36,000","0","17","2024","오송생명7로 118","202410~203210","신규","-","","","아파트"
"27068","충청북도 청주시 흥덕구 오송읍 봉산리","1523","1523","0000","오송역파라곤센트럴시티3차","전세","84.9965","202503","18","36,000","0","22","2024","오송생명7로 118","202410~203210","신규","-","","","아파트"
"27069","충청북도 청주시 흥덕구 오송읍 봉산리","1523","1523","0000","오송역파라곤센트럴시티3차","전세","84.9965","202503","18","36,000","0","23","2024","오송생명7로 118","202410~203210","신규","-","","","아파트"
"27070","충청북도 청주시 흥덕구 오송읍 봉산리","1523","1523","0000","오송역파라곤센트럴시티3차","전세","68.9518","202503","18","29,000","0","11","2024","오송생명7로 118","202410~203210","신규","-","","","아파트"
"27071","충청북도 충주시 목행동","508-35","0508","0035","새한","월세","59.9400","202503","18","500","50","10","1995","목행산단3로 13-9","202503~202703","신규","-","","","아파트"
"27072","충청북도 음성군 대소면 태생리","79-5","0079","0005","대소한양1차","월세","51.9900","202503","18","1,373","13","8","1997","대화1길 58-12","202504~202703","갱신","-","1,311","12","아파트"
"27073","충청북도 청주시 청원구 내덕동","412-1","0412","0001","금성계전","월세","47.9300","202503","18","1,000","35","3","1979","충청대로 60","202504~202704","신규","-","","","아파트"
"27074","충청북도 청주시 흥덕구 강내면 월곡리","438","0438","0000","흥덕칸타빌더뉴","월세","84.8504","202503","18","5,000","100","16","2024","가로수로 640-47","-","-","-","","","아파트"
"27075","충청북도 진천군 진천읍 장관리","880","0880","0000","진천장관사랑으로부영2차","월세","59.9605","202503","18","5,060","16","16","2013","진광로 97-13","202503~202603","신규","-","","","아파트"
"27076","충청북도 청주시 청원구 율량동","1569","1569","0000","동아","전세","84.9200","202503","18","15,000","0","15","1990","율천북로99번길 14","202504~202704","신규","-","","","아파트"
"27077","충청북도 진천군 진천읍 장관리","884","0884","0000","진천장관사랑으로부영1차","전세","59.9605","202503","18","9,740","0","19","2013","장관2길 139","202503~202603","신규","-","","","아파트"
"27078","충청북도 충주시 주덕읍 화곡리","1246","1246","0000","서충주신도시삼일파라뷰그랜드센트럴","전세","84.9963","202503","18","29,600","0","14","2024","화개1길 16","202503~202611","신규","-","","","아파트"
"27079","충청북도 충주시 봉방동","143-3","0143","0003","씨티빌상지","월세","25.1900","202503","18","300","30","7","2002","봉방4길 38","202504~202704","신규","-","","","아파트"
"27080","충청북도 충주시 대소원면 본리","642","0642","0000","충주지웰","전세","59.0907","202503","18","10,000","0","6","2016","첨단산업2로 42","202504~202704","신규","-","","","아파트"
"27081","충청북도 충주시 칠금동","825","0825","0000","코오롱동신","전세","84.8700","202503","18","15,000","0","14","1997","금릉로 14","202503~202703","신규","-","","","아파트"
"27082","충청북도 충주시 대소원면 본리","651","0651","0000","서충주오드카운티","전세","59.9618","202503","18","13,000","0","11","2018","첨단산업2로 41","202504~202704","신규","-","","","아파트"
"27083","충청북도 충주시 중앙탑면 용전리","721","0721","0000","충주시티자이","월세","72.9988","202503","18","2,000","70","13","2017","원앙4길 51","202504~202704","신규","-","","","아파트"
"27084","충청북도 진천군 덕산읍 두촌리","3147","3147","0000","우미린스테이","월세","70.5634","202503","18","10,240","16","18","2018","대하로 150","202504~202704","신규","-","","","아파트"
"27085","충청북도 진천군 진천읍 장관리","884","0884","0000","진천장관사랑으로부영1차","전세","84.9877","202503","18","11,905","0","9","2013","장관2길 139","-","-","-","","","아파트"
"27086","충청북도 제천시 강제동","844","0844","0000","제천강저롯데캐슬프리미어","월세","84.9990","202503","18","2,000","110","3","2017","청풍호로10길 53","202505~202705","신규","-","","","아파트"
"27087","충청북도 청주시 흥덕구 송정동","140-41","0140","0041","청주산단1행복주택","월세","26.9500","202503","18","544","22","5","2025","대신로 142","202503~202705","갱신","-","2,844","15","아파트"
"27088","충청북도 청주시 흥덕구 송정동","140-41","0140","0041","청주산단1행복주택","월세","36.4600","202503","18","6,024","9","12","2025","대신로 142","202503~202705","갱신","-","3,924","21","아파트"
"27089","충청북도 청주시 흥덕구 송정동","140-41","0140","0041","청주산단1행복주택","월세","36.4600","202503","18","1,060","33","15","2025","대신로 142","202503~202705","갱신","-","4,360","23","아파트"
"27090","충청북도 청주시 흥덕구 송정동","140-41","0140","0041","청주산단1행복주택","월세","26.9500","202503","18","4,344","6","8","2025","대신로 142","202503~202705","갱신","-","2,844","15","아파트"
"27091","충청북도 청주시 흥덕구 송정동","140-41","0140","0041","청주산단1행복주택","월세","26.9500","202503","18","2,044","18","7","2025","대신로 142","202503~202705","갱신","-","2,844","15","아파트"
"27092","충청북도 청주시 흥덕구 송정동","140-41","0140","0041","청주산단1행복주택","월세","26.9500","202503","18","660","24","10","2025","대신로 142","202503~202705","갱신","-","3,160","17","아파트"
"27093","충청북도 청주시 흥덕구 송정동","140-41","0140","0041","청주산단1행복주택","월세","26.9500","202503","18","844","21","5","2025","대신로 142","202503~202705","갱신","-","2,844","15","아파트"
"27094","충청북도 청주시 흥덕구 송정동","140-41","0140","0041","청주산단1행복주택","월세","26.9500","202503","18","544","22","11","2025","대신로 142","202503~202705","갱신","-","2,844","15","아파트"
"27095","충청북도 청주시 흥덕구 송정동","140-41","0140","0041","청주산단1행복주택","월세","26.9500","202503","18","1,544","19","16","2025","대신로 142","202503~202705","갱신","-","2,844","15","아파트"
"27096","충청북도 청주시 서원구 산남동","1094","1094","0000","부영사랑으로","월세","59.9364","202503","18","1,000","80","2","2007","원흥로 14","202503~202703","신규","-","","","아파트"
"27097","충청북도 청주시 흥덕구 가경동","1761","1761","0000","가로수마을한라비발디","전세","84.9620","202503","18","31,000","0","9","2008","서현서로 40","202503~202703","갱신","-","26,000","0","아파트"
"27098","충청북도 청주시 흥덕구 가경동","2276","2276","0000","청주가경아이파크3단지","전세","84.9900","202503","18","45,000","0","16","2021","서현로 62","202505~202703","신규","-","","","아파트"
"27099","충청북도 청주시 흥덕구 비하동","362","0362","0000","효성2차","월세","45.2800","202503","18","500","50","9","1997","2순환로1050번길 24","202504~202704","신규","-","","","아파트"
"27100","충청북도 청주시 서원구 분평동","1360","1360","0000","분평주공5단지아파트","전세","49.7700","202503","18","11,000","0","14","1998","분평로 88-1","202505~202705","신규","-","","","아파트"
"27101","충청북도 청주시 서원구 분평동","1261","1261","0000","분평주공4","월세","59.9900","202503","18","1,000","55","17","1999","1순환로1137번길 80","202504~202704","신규","-","","","아파트"
"27102","충청북도 청주시 흥덕구 옥산면 오산리","247-1","0247","0001","한울2","전세","59.8200","202503","18","6,000","0","6","1994","오산5길 13","202504~202704","신규","-","","","아파트"
"27103","충청북도 단양군 단양읍 상진리","50","0050","0000","두진임대아파트","월세","35.6700","202503","18","500","30","15","1996","상진2로 17","202503~202603","신규","-","","","아파트"
"27104","충청북도 청주시 서원구 사직동","937","0937","0000","푸르지오캐슬(401~413)","월세","84.4000","202503","18","5,462","27","19","2010","창직로 50","202505~202511","갱신","-","5,202","25","아파트"
"27105","충청북도 청주시 흥덕구 봉명동","1602","1602","0000","주공2","전세","53.8500","202503","18","7,000","0","4","1985","직지대로581번길 33-12","202504~202704","신규","-","","","아파트"
"27106","충청북도 청주시 서원구 수곡동","1002","1002","0000","두진백로","전세","59.4000","202503","18","12,500","0","15","1995","수곡로 36","202505~202705","신규","-","","","아파트"
"27107","충청북도 청주시 흥덕구 강서동","470","0470","0000","나보나시티","월세","29.8600","202503","18","300","70","21","2021","가로수로1164번길 41-28","202504~202704","신규","-","","","아파트"
"27108","충청북도 청주시 흥덕구 복대동","3382","3382","0000","복대두진하트리움","전세","59.8948","202503","18","33,000","0","3","2015","죽천로 27","202505~202705","신규","-","","","아파트"
"27109","충청북도 청주시 흥덕구 복대동","2459","2459","0000","두진하트리움","전세","59.9238","202503","18","16,300","0","12","1999","증안로 33","202503~202505","갱신","사용","16,300","0","아파트"
"27110","충청북도 청주시 서원구 사직동","937","0937","0000","푸르지오캐슬(401~413)","월세","84.4000","202503","18","5,462","27","19","2010","창직로 50","202505~202509","갱신","-","5,202","25","아파트"
"27111","충청북도 청주시 서원구 사직동","265-5","0265","0005","두산위브더제니스","월세","122.5200","202503","18","19,000","55","10","2009","사운로 93","202505~202705","신규","-","","","아파트"
"27112","충청북도 청주시 서원구 사직동","937","0937","0000","푸르지오캐슬(401~413)","월세","84.4000","202503","18","13,636","18","3","2010","창직로 50","202504~202704","갱신","-","12,987","17","아파트"
"27113","충청북도 청주시 서원구 사직동","937","0937","0000","푸르지오캐슬(401~413)","월세","84.4000","202503","18","5,844","43","10","2010","창직로 50","202504~202704","갱신","-","14,843","12","아파트"
"27114","충청북도 청주시 서원구 사직동","937","0937","0000","푸르지오캐슬(401~413)","월세","84.4000","202503","18","3,820","32","14","2010","창직로 50","202505~202601","갱신","-","3,638","30","아파트"
"27115","충청북도 청주시 서원구 사직동","937","0937","0000","푸르지오캐슬(401~413)","월세","84.4000","202503","18","15,584","12","13","2010","창직로 50","202506~202706","갱신","-","14,843","12","아파트"
"27116","충청북도 청주시 서원구 사직동","937","0937","0000","푸르지오캐슬(401~413)","전세","84.4000","202503","18","19,101","0","12","2010","창직로 50","202504~202704","갱신","-","18,192","0","아파트"
"27117","충청북도 청주시 서원구 사직동","937","0937","0000","푸르지오캐슬(401~413)","전세","84.4000","202503","18","19,101","0","3","2010","창직로 50","202505~202509","갱신","-","18,192","0","아파트"
"27118","충청북도 청주시 서원구 사직동","937","0937","0000","푸르지오캐슬(401~413)","월세","84.4000","202503","18","3,820","32","14","2010","창직로 50","202505~202602","갱신","-","3,638","30","아파트"
"27119","충청북도 청주시 서원구 죽림동","292","0292","0000","청주가경4주공","월세","46.1800","202503","18","3,736","9","10","2004","대림로 461","202505~202704","갱신","-","3,682","8","아파트"
"27120","충청북도 음성군 대소면 성본리","818","0818","0000","음성푸르지오더퍼스트","월세","84.8316","202503","18","5,000","50","26","2024","성본산단4로 41","202504~202704","신규","-","","","아파트"
"27121","충청북도 음성군 대소면 성본리","822","0822","0000","음성푸르지오마크베르","전세","84.8316","202503","18","14,000","0","13","2025","성본산단5로 9","202506~202706","신규","-","","","아파트"
"27122","충청북도 청주시 서원구 성화동","708","0708","0000","성화휴먼시아4단지","월세","36.5000","202503","18","3,163","8","10","2010","장전로 11","202504~202703","갱신","-","1,684","14","아파트"
"27123","충청북도 청주시 흥덕구 송정동","140-41","0140","0041","청주산단1행복주택","월세","26.9500","202503","18","586","20","21","2025","대신로 142","202503~202705","갱신","-","2,686","14","아파트"
"27124","충청북도 청주시 흥덕구 송정동","140-41","0140","0041","청주산단1행복주택","월세","36.4600","202503","18","6,024","9","12","2025","대신로 142","202503~202705","갱신","-","3,924","21","아파트"
"27125","충청북도 청주시 흥덕구 복대동","2456","2456","0000","아름다운나날영조1","월세","59.3291","202503","17","1,000","75","6","2003","증안로 21","202505~202705","신규","-","","","아파트"
"27126","충청북도 청주시 흥덕구 송정동","140-41","0140","0041","청주산단1행복주택","월세","26.9500","202503","17","544","22","10","2025","대신로 142","202503~202705","갱신","-","2,844","15","아파트"
"27127","충청북도 청주시 흥덕구 복대동","824-4","0824","0004","성광아파트","전세","55.8700","202503","17","5,500","0","4","1982","신율로 174","202503~202609","갱신","-","5,500","0","아파트"
"27128","충청북도 청주시 흥덕구 복대동","3379","3379","0000","신영지웰시티1차","전세","124.8160","202503","17","54,600","0","34","2010","대농로 17","202504~202704","갱신","사용","52,000","0","아파트"
"27129","충청북도 청주시 흥덕구 복대동","3379","3379","0000","신영지웰시티1차","월세","99.1260","202503","17","5,000","185","32","2010","대농로 17","202504~202704","신규","-","","","아파트"
"27130","충청북도 청주시 서원구 수곡동","1057","1057","0000","더샵청주퍼스트파크","전세","84.9722","202503","17","35,500","0","24","2021","수곡로 20","202504~202704","갱신","사용","34,000","0","아파트"
"27131","충청북도 청주시 서원구 산남동","671","0671","0000","산남퀸덤아파트","전세","84.9306","202503","17","26,000","0","4","2007","두꺼비로 93","202505~202705","신규","-","","","아파트"
"27132","충청북도 청주시 서원구 개신동","613","0613","0000","휴먼시아","전세","49.9300","202503","17","12,500","0","10","2001","경신로 67","202504~202704","갱신","사용","12,000","0","아파트"
"27133","충청북도 청주시 서원구 개신동","447-3","0447","0003","재원","월세","30.8050","202503","17","300","33","4","1998","1순환로803번길 15","202503~202603","신규","-","","","아파트"
"27134","충청북도 청주시 서원구 분평동","1386","1386","0000","분평주공7","전세","84.9000","202503","17","16,000","0","3","1997","분평로 18","202504~202704","신규","-","","","아파트"
"27135","충청북도 청주시 서원구 분평동","1202","1202","0000","분평주공2","월세","59.7100","202503","17","13,000","5","10","1997","1순환로1137번길 129","202504~202704","신규","-","","","아파트"
"27136","충청북도 청주시 서원구 분평동","1200","1200","0000","주공3단지2차","전세","49.7700","202503","17","10,000","0","2","1997","1순환로1137번길 130","202504~202704","갱신","-","10,000","0","아파트"
"27137","충청북도 청주시 흥덕구 비하동","362","0362","0000","효성2차","월세","45.2800","202503","17","0","52","13","1997","2순환로1050번길 24","202504~202704","신규","-","","","아파트"
"27138","충청북도 청주시 서원구 분평동","1200","1200","0000","분평주공3","전세","59.9900","202503","17","13,000","0","14","1997","1순환로1137번길 130","202504~202704","신규","-","","","아파트"
"27139","충청북도 청주시 흥덕구 가경동","1189","1189","0000","형석1","월세","59.3400","202503","17","1,000","65","10","1992","가경로 158","202504~202704","신규","-","","","아파트"
"27140","충청북도 청주시 흥덕구 옥산면 가락리","981","0981","0000","청주리버파크자이","전세","84.9330","202503","17","26,000","0","4","2019","오송가락로 1056","202504~202704","신규","-","","","아파트"
"27141","충청북도 청주시 흥덕구 가경동","1764","1764","0000","가경이-편한세상","전세","133.8190","202503","17","44,500","0","3","2008","서현북로 15","202506~202706","신규","-","","","아파트"
"27142","충청북도 청주시 서원구 산남동","671","0671","0000","산남퀸덤아파트","전세","84.9306","202503","17","26,000","0","4","2007","두꺼비로 93","-","-","-","","","아파트"
"27143","충청북도 청주시 흥덕구 송정동","140-41","0140","0041","청주산단1행복주택","월세","36.4600","202503","17","2,006","25","22","2025","대신로 142","202503~202705","갱신","-","3,706","20","아파트"
"27144","충청북도 청주시 흥덕구 송정동","140-41","0140","0041","청주산단1행복주택","월세","36.4600","202503","17","824","30","4","2025","대신로 142","202503~202704","신규","-","","","아파트"
"27145","충청북도 청주시 흥덕구 송정동","140-41","0140","0041","청주산단1행복주택","월세","26.9500","202503","17","544","22","7","2025","대신로 142","202503~202705","갱신","-","2,844","15","아파트"
"27146","충청북도 청주시 흥덕구 송정동","140-41","0140","0041","청주산단1행복주택","월세","36.4600","202503","17","824","30","11","2025","대신로 142","202503~202705","갱신","-","3,924","21","아파트"
"27147","충청북도 청주시 흥덕구 송정동","140-41","0140","0041","청주산단1행복주택","월세","26.9500","202503","17","586","20","15","2025","대신로 142","202503~202705","갱신","-","2,686","14","아파트"
"27148","충청북도 청주시 흥덕구 송정동","140-41","0140","0041","청주산단1행복주택","월세","26.9500","202503","17","544","22","11","2025","대신로 142","202503~202705","갱신","-","2,844","15","아파트"
"27149","충청북도 청주시 흥덕구 송정동","140-41","0140","0041","청주산단1행복주택","월세","36.4600","202503","17","824","30","1","2025","대신로 142","202503~202705","갱신","-","3,924","21","아파트"
"27150","충청북도 청주시 흥덕구 송정동","140-41","0140","0041","청주산단1행복주택","월세","26.9500","202503","17","544","22","18","2025","대신로 142","202503~202705","갱신","-","2,844","15","아파트"
"27151","충청북도 청주시 흥덕구 송정동","140-41","0140","0041","청주산단1행복주택","월세","36.4600","202503","17","824","30","6","2025","대신로 142","202503~202705","갱신","-","3,924","21","아파트"
"27152","충청북도 청주시 흥덕구 송정동","140-41","0140","0041","청주산단1행복주택","월세","36.4600","202503","17","824","30","3","2025","대신로 142","202503~202705","갱신","-","3,924","21","아파트"
"27153","충청북도 청주시 흥덕구 송정동","140-41","0140","0041","청주산단1행복주택","월세","36.4600","202503","17","824","30","19","2025","대신로 142","202503~202705","갱신","-","3,924","21","아파트"
"27154","충청북도 청주시 흥덕구 송정동","140-41","0140","0041","청주산단1행복주택","월세","36.4600","202503","17","824","30","7","2025","대신로 142","202503~202705","갱신","-","3,924","21","아파트"
"27155","충청북도 청주시 흥덕구 송정동","140-41","0140","0041","청주산단1행복주택","월세","36.4600","202503","17","824","30","2","2025","대신로 142","202503~202705","갱신","-","3,924","21","아파트"
"27156","충청북도 청주시 흥덕구 송정동","140-41","0140","0041","청주산단1행복주택","월세","26.9500","202503","17","544","22","5","2025","대신로 142","202503~202705","갱신","-","2,844","15","아파트"
"27157","충청북도 청주시 흥덕구 송정동","140-41","0140","0041","청주산단1행복주택","월세","36.4600","202503","17","4,424","18","21","2025","대신로 142","202503~202705","갱신","-","3,924","21","아파트"
"27158","충청북도 청주시 흥덕구 송정동","140-41","0140","0041","청주산단1행복주택","월세","26.9500","202503","17","544","22","4","2025","대신로 142","202503~202705","갱신","-","2,844","15","아파트"
"27159","충청북도 청주시 흥덕구 송정동","140-41","0140","0041","청주산단1행복주택","월세","26.9500","202503","17","544","22","15","2025","대신로 142","202503~202705","갱신","-","2,844","15","아파트"
"27160","충청북도 청주시 흥덕구 송정동","140-41","0140","0041","청주산단1행복주택","월세","26.9500","202503","17","544","22","12","2025","대신로 142","202503~202705","갱신","-","2,844","15","아파트"
"27161","충청북도 청주시 흥덕구 송정동","140-41","0140","0041","청주산단1행복주택","월세","26.9500","202503","17","544","22","16","2025","대신로 142","202503~202705","갱신","-","2,844","15","아파트"
"27162","충청북도 청주시 흥덕구 송정동","140-41","0140","0041","청주산단1행복주택","월세","26.9500","202503","17","586","20","21","2025","대신로 142","202503~202705","갱신","-","2,686","14","아파트"
"27163","충청북도 청주시 흥덕구 송정동","140-41","0140","0041","청주산단1행복주택","월세","26.9500","202503","17","544","22","19","2025","대신로 142","202503~202705","갱신","-","2,844","15","아파트"
"27164","충청북도 음성군 대소면 성본리","818","0818","0000","음성푸르지오더퍼스트","전세","74.7291","202503","17","15,000","0","11","2024","성본산단4로 41","202503~202703","신규","-","","","아파트"
"27165","충청북도 음성군 대소면 성본리","818","0818","0000","음성푸르지오더퍼스트","월세","84.8316","202503","17","1,000","65","2","2024","성본산단4로 41","202503~202703","신규","-","","","아파트"
"27166","충청북도 청주시 서원구 산남동","1094","1094","0000","부영사랑으로","전세","59.9364","202503","17","18,900","0","10","2007","원흥로 14","202505~202705","신규","-","","","아파트"
"27167","충청북도 청주시 청원구 오창읍 주성리","567","0567","0000","충북오창사랑으로부영5단지","월세","82.8216","202503","17","5,335","46","2","2015","2산단4로 20","202503~202603","신규","-","","","아파트"
"27168","충청북도 청주시 청원구 오창읍 주성리","564","0564","0000","사랑으로부영7단지","전세","57.7554","202503","17","12,199","0","16","2014","2산단4로 60","202504~202604","갱신","-","12,199","0","아파트"
"27169","충청북도 청주시 상당구 용암동","3164","3164","0000","청주동남파밀리에NHF4단지","월세","59.6300","202503","17","9,150","20","15","2021","동남로 187","202504~202703","갱신","-","9,011","19","아파트"
"27170","충청북도 청주시 상당구 용암동","3164","3164","0000","청주동남파밀리에NHF4단지","월세","59.6300","202503","17","9,150","20","3","2021","동남로 187","202504~202703","갱신","-","4,611","41","아파트"
"27171","충청북도 청주시 청원구 오창읍 주성리","564","0564","0000","사랑으로부영7단지","전세","57.7554","202503","17","12,199","0","12","2014","2산단4로 60","202506~202606","신규","-","","","아파트"
"27172","충청북도 청주시 상당구 용암동","3164","3164","0000","청주동남파밀리에NHF4단지","월세","59.6600","202503","17","9,150","24","4","2021","동남로 187","202504~202703","갱신","-","9,011","21","아파트"
"27173","충청북도 청주시 청원구 오창읍 주성리","569","0569","0000","충북오창사랑으로부영6단지","전세","57.7554","202503","17","12,382","0","18","2014","2산단로 125","202503~202603","갱신","-","12,164","0","아파트"
"27174","충청북도 청주시 상당구 용암동","2542","2542","0000","중흥마을부영(2542-0)","월세","59.9870","202503","17","1,000","60","5","2003","중흥로 173","202504~202704","신규","-","","","아파트"
"27175","충청북도 청주시 청원구 내수읍 도원리","51-3","0051","0003","우창진주2","전세","59.7300","202503","17","4,500","0","6","1997","도원세교로 63","202504~202704","신규","-","","","아파트"
"27176","충청북도 청주시 청원구 오창읍 주성리","569","0569","0000","충북오창사랑으로부영6단지","전세","57.7554","202503","17","12,567","0","15","2014","2산단로 125","202504~202604","갱신","-","12,382","0","아파트"
"27177","충청북도 청주시 청원구 오창읍 주성리","561","0561","0000","충북오창사랑으로부영8단지","전세","82.8216","202503","17","16,542","0","10","2015","2산단로 151","202504~202604","갱신","-","16,379","0","아파트"
"27178","충청북도 청주시 상당구 용암동","3147","3147","0000","시티프라디움2단지","월세","84.9826","202503","17","5,000","125","7","2020","중고개로142번길 17","202507~202607","갱신","사용","5,000","120","아파트"
"27179","충청북도 청주시 청원구 오창읍 주성리","564","0564","0000","사랑으로부영7단지","전세","57.7554","202503","17","9,228","0","10","2014","2산단4로 60","202503~202603","갱신","-","9,228","0","아파트"
"27180","충청북도 청주시 청원구 우암동","1210","1210","0000","우암동삼일브리제하임","월세","59.9751","202503","17","4,000","100","20","2016","향군로 123","202505~202605","신규","-","","","아파트"
"27181","충청북도 청주시 상당구 탑동","390","0390","0000","센트럴힐데스하임","전세","65.9710","202503","17","29,000","0","7","2022","용담로 50","202504~202704","신규","-","","","아파트"
"27182","충청북도 청주시 상당구 방서동","655","0655","0000","청주하트리움리버파크","월세","84.8401","202503","17","3,000","135","12","2019","2순환로 2031","202504~202704","신규","-","","","아파트"
"27183","충청북도 청주시 청원구 우암동","1210","1210","0000","우암동삼일브리제하임","월세","59.9751","202503","17","4,000","100","20","2016","향군로 123","202505~202605","신규","-","","","아파트"
"27184","충청북도 청주시 상당구 탑동","390","0390","0000","센트럴힐데스하임","전세","65.9710","202503","17","29,000","0","7","2022","용담로 50","202504~202704","신규","-","","","아파트"
"27185","충청북도 청주시 청원구 오창읍 각리","647-1","0647","0001","쌍용스윗닷홈오창예가","전세","121.4870","202503","17","27,000","0","12","2006","오창중앙로 105","202504~202704","신규","-","","","아파트"
"27186","충청북도 청주시 청원구 오창읍 각리","647-1","0647","0001","쌍용스윗닷홈오창예가","전세","121.4870","202503","17","27,000","0","12","2006","오창중앙로 105","202505~202705","신규","-","","","아파트"
"27187","충청북도 청주시 청원구 오창읍 각리","646-1","0646","0001","우림필유2차","월세","84.9673","202503","17","2,000","100","1","2006","오창중앙로 65","202504~202704","신규","-","","","아파트"
"27188","충청북도 청주시 상당구 금천동","181-1","0181","0001","진흥","월세","63.2100","202503","17","1,000","50","1","1987","쇠내로59번길 41","202506~202706","신규","-","","","아파트"
"27189","충청북도 청주시 상당구 용암동","3146","3146","0000","시티프라디움1단지","월세","84.9804","202503","17","4,000","150","3","2020","중고개로142번길 31","202504~202704","신규","-","","","아파트"
"27190","충청북도 청주시 청원구 오창읍 주성리","567","0567","0000","충북오창사랑으로부영5단지","월세","82.7462","202503","17","5,335","46","2","2015","2산단4로 20","202504~202604","신규","-","","","아파트"
"27191","충청북도 제천시 신월동","1469","1469","0000","제천행복주택","월세","45.1660","202503","17","2,412","13","28","2018","복합타운길 135","202503~202703","신규","-","","","아파트"
"27192","충청북도 청주시 청원구 율량동","1263","1263","0000","율량효성2","월세","59.8600","202503","17","1,000","60","6","1997","사뜸로 62","202504~202704","신규","-","","","아파트"
"27193","충청북도 충주시 용산동","1610-1","1610","0001","신원청실","월세","59.7600","202503","17","400","40","2","1991","금봉3길 8","202503~202703","신규","-","","","아파트"
"27194","충청북도 진천군 진천읍 장관리","884","0884","0000","진천장관사랑으로부영1차","전세","59.9605","202503","17","9,740","0","9","2013","장관2길 139","202504~202604","신규","-","","","아파트"
"27195","충청북도 제천시 청전동","639","0639","0000","비둘기","월세","35.5200","202503","17","300","40","16","1991","청전대로 166","202503~202703","신규","-","","","아파트"
"27196","충청북도 진천군 진천읍 장관리","880","0880","0000","진천장관사랑으로부영2차","월세","59.9605","202503","17","7,575","9","5","2013","진광로 97-13","202503~202603","신규","-","","","아파트"
"27197","충청북도 진천군 이월면 사곡리","600-1","0600","0001","부영임대","전세","60.0000","202503","17","6,589","0","7","2004","진광로 121","202503~202603","갱신","-","6,511","0","아파트"
"27198","충청북도 청주시 청원구 사천동","449-3","0449","0003","덕성그린아파트","월세","33.3300","202503","17","200","30","6","1997","새터로 187","202503~202703","신규","-","","","아파트"
"27199","충청북도 충주시 주덕읍 화곡리","1250","1250","0000","서충주신도시삼일파라뷰2차그랜드시티","전세","84.9963","202503","17","30,000","0","8","2024","화개4길 29","202503~202702","신규","-","","","아파트"
"27200","충청북도 진천군 덕산읍 두촌리","3147","3147","0000","우미린스테이","월세","70.5634","202503","17","2,560","54","3","2018","대하로 150","202505~202705","갱신","-","0","52","아파트"
"27201","충청북도 옥천군 옥천읍 문정리","376","0376","0000","옥천문정주공(3)단지아파트","월세","49.8500","202503","17","1,000","40","12","1999","문장로2길 10","202503~202703","신규","-","","","아파트"
"27202","충청북도 진천군 덕산읍 두촌리","3147","3147","0000","우미린스테이","월세","84.7020","202503","17","11,960","19","3","2018","대하로 150","202505~202705","갱신","-","11,960","16","아파트"
"27203","충청북도 진천군 진천읍 교성리","616","0616","0000","진천1차대명루첸","전세","73.6898","202503","17","17,000","0","19","2016","문화2길 36","202505~202705","신규","-","","","아파트"
"27204","충청북도 제천시 화산동","1009","1009","0000","서희스타힐스","전세","74.8417","202503","17","19,000","0","15","2016","원화산로 43","202504~202704","신규","-","","","아파트"
"27205","충청북도 충주시 호암동","152","0152","0000","부강아파트","월세","27.1800","202503","17","500","40","9","1995","호암중앙2로 31","202503~202603","신규","-","","","아파트"
"27206","충청북도 진천군 덕산읍 두촌리","2487","2487","0000","충북혁신리슈빌","월세","84.8600","202503","17","2,000","100","21","2018","연미로 128","202504~202704","신규","-","","","아파트"
"27207","충청북도 제천시 신월동","1469","1469","0000","제천행복주택","월세","45.1660","202503","17","3,612","7","23","2018","복합타운길 135","202504~202704","신규","-","","","아파트"
"27208","충청북도 충주시 대소원면 본리","645","0645","0000","충주코아루퍼스트아파트","전세","59.3554","202503","17","12,000","0","5","2016","첨단산업4로 24","202504~202704","갱신","-","12,000","0","아파트"
"27209","충청북도 충주시 교현동","155","0155","0000","충일","전세","44.8200","202503","17","2,500","0","1","1986","만리산9길 54","202504~202704","신규","-","","","아파트"
"27210","충청북도 충주시 호암동","1068","1068","0000","충주호암제일풍경채","월세","84.9737","202503","17","9,500","16","24","2022","호암수청1로 60","202503~202703","신규","-","","","아파트"
"27211","충청북도 옥천군 옥천읍 마암리","489","0489","0000","옥천역금호어울림더퍼스트","월세","84.9114","202503","17","5,000","50","9","2025","대천길 42","202504~202704","신규","-","","","아파트"
"27212","충청북도 옥천군 옥천읍 마암리","489","0489","0000","옥천역금호어울림더퍼스트","월세","84.9114","202503","17","5,000","40","3","2025","대천길 42","202505~202705","신규","-","","","아파트"
"27213","충청북도 진천군 이월면 사곡리","600-1","0600","0001","부영임대","전세","60.0000","202503","17","6,589","0","5","2004","진광로 121","202504~202604","갱신","-","6,511","0","아파트"
"27214","충청북도 제천시 하소동","82","0082","0000","주공","전세","39.3000","202503","17","6,500","0","4","1989","용두대로15길 11","202502~202702","갱신","-","6,500","0","아파트"
"27215","충청북도 충주시 안림동","1171","1171","0000","충주2차푸르지오","월세","84.9489","202503","17","3,000","120","13","2016","봉현로 366","202504~202703","신규","-","","","아파트"
"27216","충청북도 증평군 증평읍 장동리","930","0930","0000","대성베르힐리오파크","전세","74.9688","202503","17","19,000","0","6","2015","북부두름길 80","202504~202704","신규","-","","","아파트"
"27217","충청북도 진천군 덕산읍 신척리","936","0936","0000","진천힐데스하임LAKEVIEW","월세","39.4338","202503","17","500","59","16","2024","신척산단5로 14-14","202504~203504","신규","-","","","아파트"
"27218","충청북도 충주시 목행동","508-35","0508","0035","새한","월세","59.9400","202503","17","500","35","8","1995","목행산단3로 13-9","202504~202704","신규","-","","","아파트"
"27219","충청북도 충주시 중앙탑면 용전리","721","0721","0000","충주시티자이","전세","59.8977","202503","16","14,000","0","13","2017","원앙4길 51","202504~202704","신규","-","","","아파트"
"27220","충청북도 충주시 중앙탑면 용전리","721","0721","0000","충주시티자이","전세","59.8977","202503","16","14,000","0","13","2017","원앙4길 51","202504~202704","신규","-","","","아파트"
"27221","충청북도 제천시 강제동","844","0844","0000","제천강저롯데캐슬프리미어","전세","75.1286","202503","16","25,500","0","15","2017","청풍호로10길 53","202504~202704","신규","-","","","아파트"
"27222","충청북도 충주시 대소원면 본리","645","0645","0000","충주코아루퍼스트아파트","월세","59.3554","202503","16","1,000","50","7","2016","첨단산업4로 24","202504~202704","신규","-","","","아파트"
"27223","충청북도 청주시 청원구 주성동","337","0337","0000","대원칸타빌3차아파트","전세","84.9710","202503","16","37,000","0","10","2015","율량로 135","202504~202704","신규","-","","","아파트"
"27224","충청북도 청주시 청원구 율량동","2605","2605","0000","율량금호어울림센트로","전세","75.9895","202503","16","32,000","0","8","2022","율천북로 91","202505~202705","신규","-","","","아파트"
"27225","충청북도 충주시 연수동","686","0686","0000","연수주공4차,5차","월세","49.7700","202503","16","1,000","45","8","1997","예성로 401","202504~202704","신규","-","","","아파트"
"27226","충청북도 충주시 호암동","547-6","0547","0006","호반현대","전세","59.7600","202503","16","9,000","0","8","1994","신촌2길 28","202504~202704","신규","-","","","아파트"
"27227","충청북도 충주시 호암동","547-6","0547","0006","호반현대","전세","59.7600","202503","16","9,000","0","8","1994","신촌2길 28","202504~202704","신규","-","","","아파트"
"27228","충청북도 옥천군 옥천읍 금구리","302","0302","0000","옥천계룡리슈빌","전세","59.9807","202503","16","18,000","0","5","2021","가화4길 65","202504~202704","갱신","-","18,000","0","아파트"
"27229","충청북도 충주시 중앙탑면 용전리","661","0661","0000","e편한세상충주","전세","84.9498","202503","16","20,000","0","6","2017","원앙9길 15","202504~202704","신규","-","","","아파트"
"27230","충청북도 충주시 중앙탑면 용전리","721","0721","0000","충주시티자이","전세","59.8977","202503","16","14,000","0","13","2017","원앙4길 51","-","-","-","","","아파트"
"27231","충청북도 청주시 서원구 산남동","678","0678","0000","대원칸타빌1차","전세","84.9992","202503","16","27,000","0","2","2007","두꺼비로 63","202505~202705","신규","-","","","아파트"
"27232","충청북도 청주시 서원구 산남동","678","0678","0000","대원칸타빌1차","전세","84.9992","202503","16","27,000","0","2","2007","두꺼비로 63","-","-","-","","","아파트"
"27233","충청북도 청주시 서원구 남이면 척북리","74-7","0074","0007","삼포","전세","36.6200","202503","16","2,500","0","3","2000","저산척북로 636-10","202503~202703","신규","-","","","아파트"
"27234","충청북도 청주시 흥덕구 복대동","3029","3029","0000","현대2","월세","59.8800","202503","16","1,000","85","1","2000","증안로 77","202504~202704","신규","-","","","아파트"
"27235","충청북도 청주시 흥덕구 복대동","3029","3029","0000","현대2","월세","59.8800","202503","16","1,000","85","1","2000","증안로 77","202504~202704","신규","-","","","아파트"
"27236","충청북도 청주시 흥덕구 옥산면 가락리","953","0953","0000","흥덕코오롱하늘채아파트","전세","59.9318","202503","16","16,000","0","9","2016","가락길 60","202504~202704","신규","-","","","아파트"
"27237","충청북도 청주시 흥덕구 옥산면 가락리","953","0953","0000","흥덕코오롱하늘채아파트","전세","59.9318","202503","16","16,000","0","9","2016","가락길 60","-","-","-","","","아파트"
"27238","충청북도 청주시 흥덕구 복대동","3366","3366","0000","어울림","전세","84.6270","202503","16","32,000","0","10","2009","대신로73번길 14","202504~202704","갱신","-","26,250","0","아파트"
"27239","충청북도 청주시 흥덕구 복대동","2456","2456","0000","아름다운나날영조1","전세","59.3291","202503","16","17,500","0","14","2003","증안로 21","202505~202705","신규","-","","","아파트"
"27240","충청북도 청주시 흥덕구 복대동","3404","3404","0000","청주지웰시티푸르지오","전세","70.6780","202503","16","40,000","0","34","2019","대농로 45","202505~202705","신규","-","","","아파트"
"27241","충청북도 청주시 흥덕구 복대동","2009","2009","0000","세원","월세","84.8900","202503","16","5,000","40","2","1990","장구봉로101번길 45","202504~202704","신규","-","","","아파트"
"27242","충청북도 음성군 대소면 성본리","822","0822","0000","음성푸르지오마크베르","전세","84.8971","202503","16","15,000","0","16","2025","성본산단5로 9","202504~202704","신규","-","","","아파트"
"27243","충청북도 음성군 대소면 성본리","818","0818","0000","음성푸르지오더퍼스트","전세","84.8971","202503","16","16,000","0","4","2024","성본산단4로 41","202503~202703","신규","-","","","아파트"
"27244","충청북도 음성군 대소면 성본리","818","0818","0000","음성푸르지오더퍼스트","월세","84.8971","202503","16","2,000","70","12","2024","성본산단4로 41","202503~202703","신규","-","","","아파트"
"27245","충청북도 청주시 흥덕구 강서동","472","0472","0000","우양센트럴","월세","22.4640","202503","16","500","42","16","2016","가로수로1164번길 41-44","202504~202604","신규","-","","","아파트"
"27246","충청북도 청주시 흥덕구 강서동","45-4","0045","0004","청도","전세","59.8800","202503","16","11,700","0","15","2000","가로수로1144번길 72-2","202504~202704","신규","-","","","아파트"
"27247","충청북도 청주시 흥덕구 강서동","470","0470","0000","나보나시티","전세","21.4600","202503","16","8,000","0","26","2021","가로수로1164번길 41-28","202504~202704","신규","-","","","아파트"
"27248","충청북도 음성군 대소면 오류리","66-5","0066","0005","기흥아랫마을","월세","56.8300","202503","16","1,000","55","11","2000","대금로379번길 16","202504~202704","신규","-","","","아파트"
"27249","충청북도 청주시 서원구 수곡동","324","0324","0000","주공1","월세","46.6800","202503","16","300","30","2","1990","구룡산로 319","202504~202704","신규","-","","","아파트"
"27250","충청북도 청주시 서원구 분평동","1211","1211","0000","분평1단지뜨란채","전세","59.4500","202503","16","14,000","0","10","2000","월평로 25","202505~202605","갱신","사용","14,000","0","아파트"
"27251","충청북도 청주시 서원구 분평동","1261","1261","0000","주공4단지2차","전세","49.7700","202503","16","9,500","0","13","1998","1순환로1137번길 80","202504~202704","신규","-","","","아파트"
"27252","충청북도 청주시 서원구 분평동","1211","1211","0000","분평1단지뜨란채","전세","59.4500","202503","16","14,000","0","10","2000","월평로 25","202505~202605","갱신","사용","14,000","0","아파트"
"27253","충청북도 청주시 상당구 영운동","73-5","0073","0005","태암수정","월세","42.2400","202503","16","350","33","4","1995","영운천로51번길 26","202504~202704","갱신","사용","350","33","아파트"
"27254","충청북도 청주시 상당구 탑동","390","0390","0000","센트럴힐데스하임","전세","111.9610","202503","16","45,000","0","7","2022","용담로 50","202503~202703","신규","-","","","아파트"
"27255","충청북도 청주시 상당구 문화동","118","0118","0000","문화동센트럴칸타빌","전세","84.9662","202503","16","30,000","0","14","2018","용담로 7","202505~202705","신규","-","","","아파트"
"27256","충청북도 청주시 상당구 방서동","654","0654","0000","청주센트럴자이","전세","101.8749","202503","16","42,000","0","4","2018","단재로 316","202509~202709","신규","-","","","아파트"
"27257","충청북도 청주시 흥덕구 오송읍 연제리","731","0731","0000","오송상록롯데캐슬","전세","84.9330","202503","16","26,000","0","22","2010","오송생명5로 202","202506~202706","신규","-","","","아파트"
"27258","충청북도 청주시 흥덕구 오송읍 봉산리","798","0798","0000","오송역파라곤센트럴시티","전세","59.9800","202503","16","26,000","0","15","2023","오송생명7로 151","202505~202705","신규","-","","","아파트"
"27259","충청북도 청주시 상당구 방서동","654","0654","0000","청주센트럴자이","전세","84.8479","202503","16","30,975","0","17","2018","단재로 316","202502~202702","갱신","-","29,500","0","아파트"
"27260","충청북도 청주시 청원구 오창읍 각리","646-1","0646","0001","우림필유2차","전세","84.9673","202503","16","23,000","0","6","2006","오창중앙로 65","202505~202705","신규","-","","","아파트"
"27261","충청북도 청주시 흥덕구 오송읍 봉산리","612-6","0612","0006","삼부청솔","월세","28.6500","202503","16","200","25","1","1996","가로수로 11-6","202503~202603","신규","-","","","아파트"
"27262","충청북도 청주시 상당구 용암동","2537","2537","0000","중흥마을마이빌아파트","월세","59.9019","202503","15","2,000","68","6","2003","중흥로 148","202504~202704","신규","-","","","아파트"
"27263","충청북도 청주시 청원구 오창읍 창리","161","0161","0000","오창모아미래도와이드파크","월세","59.9853","202503","15","2,000","80","14","2016","2산단4로 45","202504~202704","신규","-","","","아파트"
"27264","충청북도 청주시 청원구 오창읍 창리","161","0161","0000","오창모아미래도와이드파크","월세","59.9853","202503","15","2,000","85","9","2016","2산단4로 45","202504~202704","신규","-","","","아파트"
"27265","충청북도 청주시 청원구 우암동","371-9","0371","0009","(371-9)","월세","59.4300","202503","15","2,300","65","6","2020","새터로43번길 47","202503~202603","신규","-","","","아파트"
"27266","충청북도 청주시 흥덕구 오송읍 연제리","740","0740","0000","오송대원칸타빌","월세","84.9922","202503","15","2,000","95","21","2011","연제만수길 17","202503~202703","신규","-","","","아파트"
"27267","충청북도 청주시 상당구 북문로3가","123","0123","0000","청주행정타운코아루휴티스","전세","84.9935","202503","15","28,000","0","27","2020","중앙로 80","202503~202703","갱신","-","26,000","0","아파트"
"27268","충청북도 청주시 상당구 북문로3가","123","0123","0000","청주행정타운코아루휴티스","전세","84.9935","202503","15","31,000","0","32","2020","중앙로 80","202504~202704","신규","-","","","아파트"
"27269","충청북도 청주시 청원구 오창읍 각리","636-2","0636","0002","한신더휴센트럴파크","월세","84.9801","202503","15","30,000","20","40","2018","오창공원로 96","202505~202705","갱신","사용","30,000","10","아파트"
"27270","충청북도 청주시 청원구 오창읍 각리","645-1","0645","0001","코아루","전세","59.9875","202503","15","19,000","0","8","2006","오창중앙로 27","202506~202706","신규","-","","","아파트"
"27271","충청북도 청주시 청원구 오창읍 각리","638-1","0638","0001","우림필유1차","전세","84.9400","202503","15","24,000","0","14","2006","오창중앙로 13","-","-","-","","","아파트"
"27272","충청북도 청주시 청원구 오창읍 각리","638-1","0638","0001","우림필유1차","전세","84.9400","202503","15","24,000","0","14","2006","오창중앙로 13","202505~202705","신규","-","","","아파트"
"27273","충청북도 청주시 청원구 오창읍 각리","637-6","0637","0006","중앙하이츠빌","전세","84.6881","202503","15","23,000","0","11","2006","오창중앙로 32","202503~202703","갱신","-","22,000","0","아파트"
"27274","충청북도 청주시 청원구 오창읍 각리","638-1","0638","0001","우림필유1차","월세","84.9400","202503","15","2,000","100","13","2006","오창중앙로 13","202503~202703","신규","-","","","아파트"
"27275","충청북도 청주시 청원구 오창읍 각리","646-1","0646","0001","우림필유2차","월세","84.9673","202503","15","2,000","80","17","2006","오창중앙로 65","202503~202703","신규","-","","","아파트"
"27276","충청북도 청주시 청원구 오창읍 각리","637-1","0637","0001","한라비발디","월세","59.9580","202503","15","2,000","80","8","2006","오창중앙로 94","202504~202704","신규","-","","","아파트"
"27277","충청북도 청주시 청원구 오창읍 각리","645-1","0645","0001","코아루","전세","59.9875","202503","15","19,000","0","8","2006","오창중앙로 27","202506~202706","신규","-","","","아파트"
"27278","충청북도 청주시 상당구 탑동","390","0390","0000","센트럴힐데스하임","월세","80.9480","202503","15","4,000","100","6","2022","용담로 50","202504~202704","갱신","사용","4,000","95","아파트"
"27279","충청북도 청주시 상당구 탑동","51","0051","0000","삼덕","월세","42.5875","202503","15","500","35","2","1997","산성로101번길 3","202504~202704","신규","-","","","아파트"
"27280","충청북도 청주시 상당구 탑동","390","0390","0000","센트럴힐데스하임","전세","84.8470","202503","15","25,200","0","11","2022","용담로 50","202504~202704","갱신","사용","24,000","0","아파트"
"27281","충청북도 청주시 상당구 탑동","390","0390","0000","센트럴힐데스하임","전세","84.8470","202503","15","26,250","0","11","2022","용담로 50","202503~202703","갱신","사용","25,000","0","아파트"
"27282","충청북도 청주시 상당구 탑동","390","0390","0000","센트럴힐데스하임","전세","84.8470","202503","15","26,250","0","24","2022","용담로 50","202504~202704","갱신","사용","25,000","0","아파트"
"27283","충청북도 청주시 상당구 금천동","199-1","0199","0001","현대","전세","84.8400","202503","15","13,500","0","12","1992","중고개로337번길 23","202505~202705","갱신","-","12,600","0","아파트"
"27284","충청북도 청주시 청원구 내수읍 마산리","197-159","0197","0159","진주1","전세","59.9100","202503","15","3,500","0","4","1993","마산3길 21","202504~202704","신규","-","","","아파트"
"27285","충청북도 청주시 청원구 오창읍 양청리","810-2","0810","0002","오창롯데캐슬더하이스트","전세","59.9502","202503","15","25,000","0","29","2018","중부로 760","202505~202705","갱신","사용","24,000","0","아파트"
"27286","충청북도 청주시 청원구 오창읍 양청리","810-2","0810","0002","오창롯데캐슬더하이스트","월세","59.9502","202503","15","2,000","105","3","2018","중부로 760","202503~202703","신규","-","","","아파트"
"27287","충청북도 청주시 흥덕구 오송읍 봉산리","798","0798","0000","오송역파라곤센트럴시티","전세","59.8447","202503","15","25,000","0","5","2023","오송생명7로 151","202506~202706","신규","-","","","아파트"
"27288","충청북도 청주시 상당구 용암동","2082","2082","0000","소라","전세","59.7000","202503","15","12,800","0","2","1994","원봉로 21","202504~202704","갱신","-","12,800","0","아파트"
"27289","충청북도 청주시 상당구 용암동","2108","2108","0000","청주용암주공1단지아파트(해누리)","전세","49.8000","202503","15","8,000","0","6","1994","원봉로 52","202505~202705","갱신","-","6,500","0","아파트"
"27290","충청북도 청주시 청원구 내수읍 은곡리","302","0302","0000","천일은곡","월세","59.7390","202503","15","1,000","40","11","2000","은곡묵방길 52-10","202503~202803","신규","-","","","아파트"
"27291","충청북도 청주시 상당구 용암동","2086","2086","0000","효성","월세","59.2200","202503","15","11,400","3","4","1994","월평로 221","202505~202705","신규","-","","","아파트"
"27292","충청북도 청주시 상당구 용암동","2060","2060","0000","부영","전세","60.0000","202503","15","9,000","0","7","1996","월평로 243","202505~202705","갱신","-","7,500","0","아파트"
"27293","충청북도 청주시 상당구 용암동","2108","2108","0000","청주용암주공1단지아파트(해누리)","전세","49.8000","202503","15","8,000","0","6","1994","원봉로 52","202505~202705","갱신","-","6,500","0","아파트"
"27294","충청북도 옥천군 옥천읍 문정리","430-1","0430","0001","하늘빛아파트","월세","59.8563","202503","15","1,000","57","2","2007","동부로 16","202503~202703","신규","-","","","아파트"
"27295","충청북도 음성군 맹동면 동성리","445","0445","0000","충북혁신도시 LH쌍용예가","월세","59.7200","202503","15","12,500","27","20","2014","사예로 20","202503~202603","갱신","사용","12,500","33","아파트"
"27296","충청북도 음성군 맹동면 동성리","523","0523","0000","충북혁신도시영무예다음3차","월세","84.9493","202503","15","2,000","100","10","2017","장성1길 9","202504~202704","신규","-","","","아파트"
"27297","충청북도 충주시 중앙탑면 용전리","661","0661","0000","e편한세상충주","월세","59.8841","202503","15","2,000","60","3","2017","원앙9길 15","202504~202704","신규","-","","","아파트"
"27298","충청북도 충주시 대소원면 대소리","132-2","0132","0002","한영2동3동","월세","59.2900","202503","15","500","50","3","1993","대소원로 108","202504~202704","신규","-","","","아파트"
"27299","충청북도 충주시 대소원면 본리","642","0642","0000","충주지웰","월세","59.0907","202503","15","1,000","50","13","2016","첨단산업2로 42","202503~202703","신규","-","","","아파트"
"27300","충청북도 옥천군 옥천읍 동안리","228","0228","0000","e편한세상옥천퍼스트원","전세","84.9800","202503","15","18,000","0","15","2025","매동로 150","202503~202703","신규","-","","","아파트"
"27301","충청북도 증평군 증평읍 장동리","255","0255","0000","증평삼일","월세","59.9000","202503","15","1,000","40","5","1992","장뜰로 110","202505~202705","신규","-","","","아파트"
"27302","충청북도 제천시 하소동","110","0110","0000","하소현대","월세","59.9850","202503","15","2,000","40","2","1996","용두대로15길 38","202503~202603","갱신","-","2,000","40","아파트"
"27303","충청북도 청주시 흥덕구 송절동","846","0846","0000","청주테크노폴리스우방아이유쉘2단지","전세","84.9725","202503","15","36,000","0","11","2018","송화로108번길 111","202505~202609","갱신","-","25,000","0","아파트"
"27304","충청북도 충주시 용산동","1680","1680","0000","용산주공3차","월세","36.2000","202503","15","500","35","9","2003","남산로 114","202504~202704","신규","-","","","아파트"
"27305","충청북도 충주시 용산동","1680","1680","0000","용산주공3차","월세","36.2000","202503","15","500","35","9","2003","남산로 114","202504~202704","신규","-","","","아파트"
"27306","충청북도 충주시 용산동","1610-1","1610","0001","신원청실","월세","59.7600","202503","15","500","40","4","1991","금봉3길 8","202503~202703","신규","-","","","아파트"
"27307","충청북도 제천시 장락동","1050","1050","0000","신안실크밸리","월세","60.6993","202503","15","2,000","80","14","2017","내토로59길 31","202505~202705","신규","-","","","아파트"
"27308","충청북도 진천군 덕산읍 신척리","936","0936","0000","진천힐데스하임LAKEVIEW","월세","51.3061","202503","15","500","78","7","2024","신척산단5로 14-14","202503~202603","신규","-","","","아파트"
"27309","충청북도 청주시 청원구 사천동","229-1","0229","0001","신동아","전세","84.8100","202503","15","14,000","0","1","1993","율봉로 77","202505~202705","신규","-","","","아파트"
"27310","충청북도 제천시 청전동","639","0639","0000","비둘기","월세","35.5200","202503","15","300","31","6","1991","청전대로 166","202503~202703","갱신","-","200","30","아파트"
"27311","충청북도 청주시 청원구 율량동","2246","2246","0000","대원칸타빌4차아파트","전세","105.6270","202503","15","35,000","0","19","2015","율중로 10","202504~202704","신규","-","","","아파트"
"27312","충청북도 청주시 청원구 율량동","1302","1302","0000","대창3","전세","34.7900","202503","15","4,000","0","7","1995","사뜸로52번길 15","202104~202704","갱신","-","4,000","0","아파트"
"27313","충청북도 청주시 청원구 율량동","1292","1292","0000","신라(1292-0)","전세","30.6000","202503","15","4,500","0","5","1995","율봉로94번길 9","202503~202703","신규","-","","","아파트"
"27314","충청북도 충주시 호암동","906","0906","0000","세영더-조은","전세","84.9980","202503","15","21,000","0","6","2007","형설로 32","202505~202705","신규","-","","","아파트"
"27315","충청북도 충주시 호암동","542-18","0542","0018","예성세경","전세","33.9300","202503","15","5,000","0","7","1998","신촌3길 21","202503~202703","신규","-","","","아파트"
"27316","충청북도 충주시 안림동","1171","1171","0000","충주2차푸르지오","전세","84.9489","202503","15","33,000","0","19","2016","봉현로 366","202504~202702","신규","-","","","아파트"
"27317","충청북도 충주시 중앙탑면 용전리","661","0661","0000","e편한세상충주","전세","84.9498","202503","15","21,000","0","6","2017","원앙9길 15","202504~202704","신규","-","","","아파트"
"27318","충청북도 음성군 대소면 오산리","114-5","0114","0005","풍산(1~4동)","전세","59.3400","202503","15","4,000","0","3","1991","오산로 31-1","-","-","-","","","아파트"
"27319","충청북도 제천시 화산동","1009","1009","0000","서희스타힐스","월세","74.7118","202503","15","10,000","40","9","2016","원화산로 43","202504~202704","신규","-","","","아파트"
"27320","충청북도 제천시 화산동","1009","1009","0000","서희스타힐스","월세","74.7118","202503","15","10,000","40","9","2016","원화산로 43","202504~202704","신규","-","","","아파트"
"27321","충청북도 충주시 중앙탑면 용전리","656","0656","0000","미진이지비아","전세","59.9941","202503","15","14,000","0","14","2017","기업도시로 189","202504~202704","신규","-","","","아파트"
"27322","충청북도 제천시 봉양읍 미당리","820","0820","0000","미당한마음","월세","59.5450","202503","15","1,000","50","9","2004","용두대로36길 5-12","202503~202703","갱신","-","1,000","45","아파트"
"27323","충청북도 진천군 진천읍 교성리","144","0144","0000","진천교성주공","월세","49.8500","202503","15","500","50","8","2000","중앙서로 89","202503~202703","신규","-","","","아파트"
"27324","충청북도 음성군 대소면 태생리","423-20","0423","0020","개나리","월세","38.8800","202503","15","500","31","8","1997","대금로 410-5","202503~202703","갱신","-","500","30","아파트"
"27325","충청북도 청주시 서원구 모충동","452","0452","0000","주공1","전세","38.5200","202503","15","6,000","0","2","1985","쌍샘로 84","202504~202704","신규","-","","","아파트"
"27326","충청북도 청주시 흥덕구 신봉동","529","0529","0000","한성","전세","50.8600","202503","15","5,000","0","1","1988","1순환로 451","202503~202703","신규","-","","","아파트"
"27327","충청북도 청주시 흥덕구 송정동","140-41","0140","0041","청주산단1행복주택","월세","26.9500","202503","15","4,344","6","6","2025","대신로 142","202503~202705","갱신","-","2,844","15","아파트"
"27328","충청북도 청주시 서원구 성화동","939","0939","0000","성화호반베르디움","월세","84.8572","202503","15","3,000","130","18","2012","구룡산로 24","202504~202704","신규","-","","","아파트"
"27329","충청북도 청주시 흥덕구 옥산면 가락리","981","0981","0000","청주리버파크자이","월세","66.9520","202503","15","2,000","85","23","2019","오송가락로 1056","202509~202709","갱신","사용","2,000","85","아파트"
"27330","충청북도 청주시 흥덕구 가경동","1581","1581","0000","가경주공7단지","전세","84.9100","202503","15","25,000","0","2","2005","풍년로 40","202503~202703","갱신","-","24,000","0","아파트"
"27331","충청북도 청주시 흥덕구 가경동","1761","1761","0000","가로수마을한라비발디","월세","84.9620","202503","15","3,000","123","3","2008","서현서로 40","202503~202703","신규","-","","","아파트"
"27332","충청북도 청주시 서원구 사창동","304-1","0304","0001","두진하트리움에덴","월세","46.3275","202503","15","1,000","65","16","2014","사직대로 160","202503~202603","신규","-","","","아파트"
"27333","충청북도 청주시 흥덕구 송정동","140-41","0140","0041","청주산단1행복주택","월세","26.9500","202503","15","3,086","12","13","2025","대신로 142","202503~202705","갱신","-","2,686","14","아파트"
"27334","충청북도 청주시 흥덕구 가경동","1695","1695","0000","가경푸르지오","전세","125.1409","202503","15","35,500","0","8","2006","2순환로1375번길 20","202504~202704","갱신","사용","34,000","0","아파트"
"27335","충청북도 청주시 흥덕구 비하동","824","0824","0000","서청주파크자이","월세","74.3861","202503","15","3,000","130","13","2019","2순환로 1106","202506~202706","신규","-","","","아파트"
"27336","충청북도 청주시 흥덕구 비하동","824","0824","0000","서청주파크자이","전세","110.9976","202503","15","45,000","0","20","2019","2순환로 1106","202505~202705","신규","-","","","아파트"
"27337","충청북도 청주시 흥덕구 강서동","470","0470","0000","나보나시티","월세","27.2500","202503","15","1,000","62","13","2021","가로수로1164번길 41-28","202505~202704","신규","-","","","아파트"
"27338","충청북도 청주시 흥덕구 신봉동","529","0529","0000","한성","전세","54.6300","202503","15","6,300","0","3","1988","1순환로 451","202503~202703","갱신","-","6,000","0","아파트"
"27339","충청북도 청주시 서원구 분평동","1200","1200","0000","분평주공3","전세","59.9900","202503","15","13,000","0","11","1997","1순환로1137번길 130","202504~202704","신규","-","","","아파트"
"27340","충청북도 청주시 서원구 분평동","1360","1360","0000","분평주공5단지아파트","월세","59.7100","202503","15","1,000","65","13","1998","분평로 88-1","202506~202706","신규","-","","","아파트"
"27341","충청북도 청주시 서원구 분평동","1261","1261","0000","주공4단지2차","월세","49.7700","202503","15","1,000","55","2","1998","1순환로1137번길 80","202504~202704","신규","-","","","아파트"
"27342","충청북도 청주시 서원구 산남동","669","0669","0000","유승한내들","전세","59.8886","202503","15","18,500","0","5","2007","두꺼비로 109","202504~202709","갱신","-","17,000","0","아파트"
"27343","충청북도 청주시 흥덕구 비하동","362","0362","0000","효성2차","월세","45.2800","202503","15","500","50","14","1997","2순환로1050번길 24","202503~202703","신규","-","","","아파트"
"27344","충청북도 청주시 흥덕구 복대동","3379","3379","0000","신영지웰시티1차","전세","152.6520","202503","15","57,750","0","6","2010","대농로 17","202503~202703","갱신","사용","55,000","0","아파트"
"27345","충청북도 청주시 흥덕구 복대동","3381","3381","0000","두산위브지웰시티2차","월세","80.1350","202503","15","2,000","150","7","2015","대농로 55","202504~202512","신규","-","","","아파트"
"27346","충청북도 청주시 흥덕구 복대동","3404","3404","0000","청주지웰시티푸르지오","월세","84.6790","202503","15","3,000","190","44","2019","대농로 45","202504~202703","신규","-","","","아파트"
"27347","충청북도 청주시 흥덕구 복대동","3029","3029","0000","현대2","전세","60.0000","202503","15","16,200","0","1","2000","증안로 77","202505~202708","갱신","사용","15,700","0","아파트"
"27348","충청북도 청주시 흥덕구 복대동","2008","2008","0000","삼일","전세","131.4400","202503","15","19,000","0","4","1990","복대로118번길 16","202504~202704","신규","-","","","아파트"
"27349","충청북도 청주시 흥덕구 봉명동","2752","2752","0000","봉명아이파크","월세","84.8894","202503","15","10,500","53","2","2005","덕암로108번길 44","202504~202704","갱신","사용","10,000","50","아파트"
"27350","충청북도 청주시 흥덕구 봉명동","2934","2934","0000","청주SKVIEW자이","월세","59.9735","202503","14","3,000","130","10","2024","월명로 76","202504~202704","신규","-","","","아파트"
"27351","충청북도 청주시 흥덕구 복대동","2442","2442","0000","형석(2442)","월세","47.0700","202503","14","1,000","45","2","1990","장구봉로101번길 27","202504~202704","신규","-","","","아파트"
"27352","충청북도 청주시 흥덕구 봉명동","1857","1857","0000","극동주얼리","월세","59.6700","202503","14","8,000","30","12","1991","월명로 114","202504~202704","신규","-","","","아파트"
"27353","충청북도 청주시 서원구 성화동","897","0897","0000","성화휴먼시아5단지","월세","46.7300","202503","14","2,604","18","1","2010","성봉로 93","202506~202705","갱신","-","0","18","아파트"
"27354","충청북도 청주시 흥덕구 옥산면 오산리","589-5","0589","0005","금정2","전세","59.9400","202503","14","7,500","0","11","1997","오송가락로 752","202503~202703","신규","-","","","아파트"
"27355","충청북도 청주시 서원구 개신동","635","0635","0000","주공뜨란채","전세","59.4200","202503","14","15,700","0","15","2000","경신로 68","202504~202704","갱신","사용","15,500","0","아파트"
"27356","충청북도 청주시 서원구 개신동","613","0613","0000","휴먼시아","전세","59.9400","202503","14","15,750","0","20","2001","경신로 67","202503~202703","갱신","-","16,000","0","아파트"
"27357","충청북도 청주시 서원구 개신동","635","0635","0000","주공뜨란채","전세","59.4200","202503","14","15,700","0","15","2000","경신로 68","-","-","-","","","아파트"
"27358","충청북도 청주시 흥덕구 강서동","583","0583","0000","가경아이파크5단지","전세","84.8743","202503","14","32,000","0","24","2023","서부로 1123","202504~202704","갱신","-","27,000","0","아파트"
"27359","충청북도 청주시 흥덕구 강서동","583","0583","0000","가경아이파크5단지","전세","84.8743","202503","14","32,000","0","24","2023","서부로 1123","202504~202704","갱신","-","27,000","0","아파트"
"27360","충청북도 음성군 대소면 성본리","818","0818","0000","음성푸르지오더퍼스트","전세","84.8316","202503","14","15,000","0","23","2024","성본산단4로 41","202504~202704","신규","-","","","아파트"
"27361","충청북도 청주시 서원구 성화동","436","0436","0000","남양휴튼","전세","119.7700","202503","14","39,000","0","4","2008","장전로 51","202505~202705","신규","-","","","아파트"
"27362","충청북도 청주시 흥덕구 송정동","140-41","0140","0041","청주산단1행복주택","월세","26.9500","202503","14","4,344","6","5","2025","대신로 142","202503~202705","갱신","-","2,844","15","아파트"
"27363","충청북도 청주시 흥덕구 가경동","1759","1759","0000","가로수마을호반베르디움","전세","84.9848","202503","14","29,000","0","1","2008","서현중로 47","-","-","-","","","아파트"
"27364","충청북도 청주시 서원구 모충동","251-1","0251","0001","형석","전세","67.6500","202503","14","7,000","0","5","1983","남들로35번길 61","202504~202704","신규","-","","","아파트"
"27365","충청북도 청주시 서원구 모충동","251-1","0251","0001","형석","전세","49.5900","202503","14","7,000","0","2","1985","남들로35번길 61","202504~202704","신규","-","","","아파트"
"27366","충청북도 청주시 서원구 모충동","516","0516","0000","주공2","월세","59.1200","202503","14","500","50","2","1989","모충로 61","202504~202604","신규","-","","","아파트"
"27367","충청북도 청주시 흥덕구 운천동","677-1","0677","0001","진양","전세","55.8000","202503","14","7,500","0","1","1986","사운로 257","202503~202703","신규","-","","","아파트"
"27368","충청북도 청주시 흥덕구 비하동","824","0824","0000","서청주파크자이","전세","74.3861","202503","14","29,400","0","16","2019","2순환로 1106","-","-","-","","","아파트"
"27369","충청북도 청주시 흥덕구 옥산면 가락리","953","0953","0000","흥덕코오롱하늘채아파트","전세","59.9318","202503","14","16,000","0","6","2016","가락길 60","202504~202604","갱신","-","16,000","0","아파트"
"27370","충청북도 청주시 흥덕구 옥산면 가락리","981","0981","0000","청주리버파크자이","월세","84.9330","202503","14","2,000","110","22","2019","오송가락로 1056","202505~202705","신규","-","","","아파트"
"27371","충청북도 청주시 흥덕구 복대동","3381","3381","0000","두산위브지웰시티2차","전세","80.1350","202503","14","50,500","0","35","2015","대농로 55","202505~202705","신규","-","","","아파트"
"27372","충청북도 청주시 흥덕구 복대동","95-1","0095","0001","덕성","월세","22.6800","202503","14","200","23","13","1991","가로수로1379번길 83","202503~202603","갱신","-","2,000","0","아파트"
"27373","충청북도 청주시 흥덕구 옥산면 가락리","953","0953","0000","흥덕코오롱하늘채아파트","월세","59.9318","202503","14","2,000","70","8","2016","가락길 60","202504~202704","신규","-","","","아파트"
"27374","충청북도 청주시 서원구 분평동","1200","1200","0000","분평주공3","전세","59.9900","202503","14","13,000","0","11","1997","1순환로1137번길 130","202503~202703","갱신","사용","13,000","0","아파트"
"27375","충청북도 청주시 서원구 분평동","1202","1202","0000","분평주공2","월세","49.7700","202503","14","1,000","50","5","1997","1순환로1137번길 129","202505~202605","신규","-","","","아파트"
"27376","충청북도 청주시 청원구 오창읍 각리","646-1","0646","0001","우림필유2차","전세","122.6368","202503","14","35,000","0","2","2006","오창중앙로 65","202504~202704","신규","-","","","아파트"
"27377","충청북도 청주시 상당구 영운동","73-5","0073","0005","태암수정","월세","42.2400","202503","14","500","35","15","1995","영운천로51번길 26","202503~202603","신규","-","","","아파트"
"27378","충청북도 청주시 청원구 오창읍 각리","646-6","0646","0006","이안오창","전세","59.4414","202503","14","16,000","0","10","2006","오창중앙로 83","202505~202705","갱신","사용","17,000","0","아파트"
"27379","충청북도 청주시 청원구 오창읍 각리","646-6","0646","0006","이안오창","전세","59.4414","202503","14","16,000","0","10","2006","오창중앙로 83","-","-","-","","","아파트"
"27380","충청북도 청주시 청원구 오창읍 각리","637-1","0637","0001","한라비발디","전세","84.5730","202503","14","22,000","0","2","2006","오창중앙로 94","202505~202701","신규","-","","","아파트"
"27381","충청북도 청주시 상당구 탑동","390","0390","0000","센트럴힐데스하임","전세","84.8470","202503","14","35,000","0","28","2022","용담로 50","202505~202702","신규","-","","","아파트"
"27382","충청북도 청주시 청원구 내수읍 내수리","200-3","0200","0003","삼일","전세","59.6840","202503","14","5,500","0","11","1996","내수로 639","-","-","-","","","아파트"
"27383","충청북도 청주시 청원구 내수읍 내수리","200-3","0200","0003","삼일","월세","59.6840","202503","14","1,000","40","2","1996","내수로 639","202504~202704","신규","-","","","아파트"
"27384","충청북도 청주시 상당구 금천동","275","0275","0000","장자마을부영(275-7단지)","월세","59.2962","202503","14","2,000","72","3","2001","중고개로 288","202504~202704","신규","-","","","아파트"
"27385","충청북도 청주시 청원구 오창읍 양청리","810-2","0810","0002","오창롯데캐슬더하이스트","월세","59.9502","202503","14","2,500","100","15","2018","중부로 760","202503~202703","신규","-","","","아파트"
"27386","충청북도 청주시 청원구 오창읍 양청리","810-2","0810","0002","오창롯데캐슬더하이스트","월세","59.9502","202503","14","2,500","100","15","2018","중부로 760","202503~202703","신규","-","","","아파트"
"27387","충청북도 청주시 흥덕구 오송읍 봉산리","1510","1510","0000","오송역대광로제비앙","전세","59.9406","202503","14","15,270","0","17","2023","오송생명8로 178","202308~202508","신규","-","","","아파트"
"27388","충청북도 청주시 청원구 우암동","237-13","0237","0013","일진캠퍼스타워","전세","23.6800","202503","14","7,500","0","20","2015","상당로 249","202503~202703","신규","-","","","아파트"
"27389","충청북도 청주시 흥덕구 오송읍 봉산리","1531","1531","0000","오송역대광로제비앙그랜드센텀","전세","84.9924","202503","14","25,500","0","4","2024","오송생명14로 283","202406~202606","신규","-","","","아파트"
"27390","충청북도 청주시 흥덕구 오송읍 봉산리","1510","1510","0000","오송역대광로제비앙","전세","59.9406","202503","14","15,270","0","4","2023","오송생명8로 178","202308~202508","신규","-","","","아파트"
"27391","충청북도 청주시 흥덕구 오송읍 봉산리","1510","1510","0000","오송역대광로제비앙","전세","59.9406","202503","14","15,270","0","20","2023","오송생명8로 178","202308~202508","신규","-","","","아파트"
"27392","충청북도 청주시 상당구 용암동","2105","2105","0000","진흥한우리","전세","69.0300","202503","14","12,100","0","5","1995","용암로 36","202504~202709","신규","-","","","아파트"
"27393","충청북도 청주시 상당구 용암동","3164","3164","0000","청주동남파밀리에NHF4단지","월세","59.6300","202503","14","3,150","45","23","2021","동남로 187","202504~202703","갱신","-","4,611","41","아파트"
"27394","충청북도 청주시 상당구 용암동","2433","2433","0000","중흥마을부영(2433)","전세","84.9538","202503","14","17,850","0","15","2001","중흥로 146","202503~202703","갱신","-","17,000","0","아파트"
"27395","충청북도 청주시 상당구 용암동","2433","2433","0000","중흥마을부영(2433)","전세","84.9538","202503","14","17,850","0","15","2001","중흥로 146","202504~202703","갱신","-","17,000","0","아파트"
"27396","충청북도 청주시 청원구 오창읍 창리","4-11","0004","0011","진양","월세","57.6000","202503","14","500","50","3","1990","팔결로 691","202503~202703","신규","-","","","아파트"
"27397","충청북도 청주시 상당구 방서동","825","0825","0000","동남지구호반써밋브룩사이드","월세","84.9481","202503","14","5,000","150","8","2023","동남로 2","202503~202703","신규","-","","","아파트"
"27398","충청북도 청주시 상당구 용암동","2433","2433","0000","중흥마을부영(2433)","전세","84.9538","202503","14","17,850","0","15","2001","중흥로 146","202503~202703","갱신","-","17,000","0","아파트"
"27399","충청북도 청주시 상당구 용암동","2433","2433","0000","중흥마을부영(2433)","전세","84.9538","202503","14","17,850","0","15","2001","중흥로 146","202503~202703","갱신","사용","17,000","0","아파트"
"27400","충청북도 청주시 청원구 오창읍 주성리","569","0569","0000","충북오창사랑으로부영6단지","전세","57.7554","202503","14","12,567","0","16","2014","2산단로 125","202505~202605","갱신","-","12,164","0","아파트"
"27401","충청북도 청주시 청원구 오창읍 주성리","569","0569","0000","충북오창사랑으로부영6단지","전세","57.7554","202503","14","12,567","0","8","2014","2산단로 125","202504~202604","갱신","-","12,382","0","아파트"
"27402","충청북도 청주시 청원구 오창읍 주성리","569","0569","0000","충북오창사랑으로부영6단지","전세","57.7554","202503","14","12,567","0","5","2014","2산단로 125","202504~202604","갱신","-","12,382","0","아파트"
"27403","충청북도 청주시 청원구 오창읍 주성리","569","0569","0000","충북오창사랑으로부영6단지","전세","57.7554","202503","14","12,225","0","15","2014","2산단로 125","202505~202605","갱신","-","12,045","0","아파트"
"27404","충청북도 청주시 청원구 오창읍 주성리","567","0567","0000","충북오창사랑으로부영5단지","전세","82.8216","202503","14","16,542","0","12","2015","2산단4로 20","202503~202603","갱신","-","16,379","0","아파트"
"27405","충청북도 청주시 청원구 오창읍 주성리","564","0564","0000","사랑으로부영7단지","전세","57.7554","202503","14","12,199","0","2","2014","2산단4로 60","202503~202603","갱신","-","12,199","0","아파트"
"27406","충청북도 청주시 청원구 오창읍 주성리","561","0561","0000","충북오창사랑으로부영8단지","전세","82.8216","202503","14","16,542","0","15","2015","2산단로 151","202503~202603","갱신","-","16,379","0","아파트"
"27407","충청북도 충주시 중앙탑면 용전리","696","0696","0000","신우희가로아파트","전세","84.9565","202503","14","16,000","0","4","2018","원앙4길 96","202504~202604","갱신","-","16,000","0","아파트"
"27408","충청북도 진천군 진천읍 장관리","880","0880","0000","진천장관사랑으로부영2차","전세","59.9605","202503","14","9,740","0","10","2013","진광로 97-13","202504~202604","신규","-","","","아파트"
"27409","충청북도 충주시 중앙탑면 용전리","656","0656","0000","미진이지비아","전세","59.9941","202503","14","13,500","0","15","2017","기업도시로 189","202503~202703","신규","-","","","아파트"
"27410","충청북도 충주시 중앙탑면 용전리","656","0656","0000","미진이지비아","전세","59.9941","202503","14","13,500","0","15","2017","기업도시로 189","202503~202703","신규","-","","","아파트"
"27411","충청북도 충주시 주덕읍 화곡리","1250","1250","0000","서충주신도시삼일파라뷰2차그랜드시티","전세","84.9734","202503","14","30,000","0","10","2024","화개4길 29","202503~202702","신규","-","","","아파트"
"27412","충청북도 충주시 용관동","172-5","0172","0005","더푸른리버뷰아파트","월세","38.6500","202503","14","300","30","3","1999","창현로 1336","202503~202603","신규","-","","","아파트"
"27413","충청북도 괴산군 괴산읍 동부리","523-1","0523","0001","더팰리스","전세","23.5790","202503","14","4,400","0","7","2018","읍내로15길 18","202503~202603","신규","-","","","아파트"
"27414","충청북도 충주시 주덕읍 화곡리","1250","1250","0000","서충주신도시삼일파라뷰2차그랜드시티","전세","84.9963","202503","14","30,000","0","12","2024","화개4길 29","202503~202702","신규","-","","","아파트"
"27415","충청북도 충주시 주덕읍 화곡리","1250","1250","0000","서충주신도시삼일파라뷰2차그랜드시티","전세","84.9963","202503","14","30,000","0","12","2024","화개4길 29","202503~202702","신규","-","","","아파트"
"27416","충청북도 청주시 청원구 내덕동","853","0853","0000","율량서희스타힐스","월세","74.7085","202503","14","4,000","110","16","2016","충청대로84번길 30","202504~202704","신규","-","","","아파트"
"27417","충청북도 진천군 덕산읍 두촌리","3147","3147","0000","우미린스테이","월세","70.5634","202503","14","10,240","17","13","2018","대하로 150","202504~202704","신규","-","","","아파트"
"27418","충청북도 진천군 덕산읍 두촌리","3147","3147","0000","우미린스테이","월세","78.2298","202503","14","11,500","18","1","2018","대하로 150","202504~202704","신규","-","","","아파트"
"27419","충청북도 청주시 청원구 율량동","890","0890","0000","현대(890)","월세","75.0100","202503","14","8,000","30","6","1991","율봉로160번길 7","202503~202703","갱신","-","11,000","0","아파트"
"27420","충청북도 진천군 덕산읍 두촌리","2487","2487","0000","충북혁신리슈빌","전세","84.8600","202503","14","22,000","0","9","2018","연미로 128","202505~202705","신규","-","","","아파트"
"27421","충청북도 옥천군 옥천읍 금구리","235-1","0235","0001","옥천가화현대아파트","월세","84.6800","202503","14","1,000","50","11","1995","가화3길 18","202504~202704","신규","-","","","아파트"
"27422","충청북도 청주시 청원구 율량동","1292","1292","0000","신라(1292-0)","월세","26.6000","202503","14","300","35","3","1995","율봉로94번길 9","202503~202703","신규","-","","","아파트"
"27423","충청북도 청주시 흥덕구 강내면 월곡리","438","0438","0000","흥덕칸타빌더뉴","전세","59.9755","202503","14","18,000","0","18","2024","가로수로 640-47","202504~202704","신규","-","","","아파트"
"27424","충청북도 충주시 연수동","1627","1627","0000","연수힐스테이트","전세","143.2109","202503","14","40,000","0","13","2007","연수동산로 26","202507~202707","신규","-","","","아파트"
"27425","충청북도 충주시 연수동","1227","1227","0000","연수주공1차","월세","47.3200","202503","14","500","35","1","1991","예성로 360","202503~202703","신규","-","","","아파트"
"27426","충청북도 진천군 진천읍 장관리","884","0884","0000","진천장관사랑으로부영1차","전세","59.9605","202503","14","9,740","0","2","2013","장관2길 139","202503~202603","신규","-","","","아파트"
"27427","충청북도 충주시 주덕읍 화곡리","1250","1250","0000","서충주신도시삼일파라뷰2차그랜드시티","전세","84.9963","202503","14","31,500","0","17","2024","화개4길 29","202503~202702","신규","-","","","아파트"
"27428","충청북도 충주시 칠금동","821","0821","0000","부영(1차)","월세","60.0000","202503","14","1,000","60","9","1996","금릉로 46","202503~202703","신규","-","","","아파트"
"27429","충청북도 제천시 신백동","110","0110","0000","덕일한마음1","전세","51.0300","202503","14","7,000","0","10","1996","탑안로4길 11","202504~202704","신규","-","","","아파트"
"27430","충청북도 진천군 덕산읍 두촌리","3147","3147","0000","우미린스테이","월세","70.5634","202503","14","10,240","17","22","2018","대하로 150","202505~202705","갱신","-","0","15","아파트"
"27431","충청북도 진천군 진천읍 장관리","884","0884","0000","진천장관사랑으로부영1차","월세","84.9877","202503","14","5,060","25","6","2013","장관2길 139","202503~202603","신규","-","","","아파트"
"27432","충청북도 진천군 덕산읍 두촌리","3147","3147","0000","우미린스테이","월세","70.5634","202503","14","10,240","15","20","2018","대하로 150","202504~202704","신규","-","","","아파트"
"27433","충청북도 청주시 흥덕구 문암동","213","0213","0000","청주테크노폴리스신영지웰푸르지오","월세","84.9664","202503","14","5,000","155","14","2022","송화로 229","202504~202604","신규","-","","","아파트"
"27434","충청북도 진천군 진천읍 장관리","884","0884","0000","진천장관사랑으로부영1차","월세","59.9605","202503","14","1,500","65","18","2013","장관2길 139","202504~202704","신규","-","","","아파트"
"27435","충청북도 충주시 연수동","1231","1231","0000","연수주공3차","월세","44.5200","202503","14","100","30","15","1994","주공길 24","202503~202703","신규","-","","","아파트"
"27436","충청북도 충주시 연수동","1627","1627","0000","연수힐스테이트","전세","143.2109","202503","14","40,000","0","13","2007","연수동산로 26","202507~202707","신규","-","","","아파트"
"27437","충청북도 충주시 연수동","686","0686","0000","연수주공4차,5차","월세","59.7100","202503","14","500","50","2","1997","예성로 401","202503~202603","갱신","사용","500","50","아파트"
"27438","충청북도 충주시 연수동","700","0700","0000","두진1차","전세","47.3700","202503","14","6,500","0","11","1991","연수로 7","202503~202703","신규","-","","","아파트"
"27439","충청북도 충주시 봉방동","1047","1047","0000","충주주상복합모아미래도","전세","84.9682","202503","13","30,000","0","26","2023","삼원로 28","202503~202703","신규","-","","","아파트"
"27440","충청북도 충주시 교현동","1060","1060","0000","남산주공3","전세","39.6300","202503","13","3,500","0","2","1987","남산4길 42","202503~202703","신규","-","","","아파트"
"27441","충청북도 충주시 금가면 도촌리","150-3","0150","0003","파빌리온","월세","38.7000","202503","13","300","35","6","2004","금가북길 10","202503~202703","신규","-","","","아파트"
"27442","충청북도 청주시 청원구 내덕동","175-1","0175","0001","내덕시장","월세","50.4000","202503","13","500","35","4","1986","공항로 9","202503~202603","신규","-","","","아파트"
"27443","충청북도 진천군 진천읍 장관리","880","0880","0000","진천장관사랑으로부영2차","전세","84.9877","202503","13","11,905","0","16","2013","진광로 97-13","-","-","-","","","아파트"
"27444","충청북도 진천군 진천읍 장관리","880","0880","0000","진천장관사랑으로부영2차","전세","59.9605","202503","13","9,740","0","15","2013","진광로 97-13","202504~202604","신규","-","","","아파트"
"27445","충청북도 진천군 진천읍 장관리","884","0884","0000","진천장관사랑으로부영1차","월세","59.9605","202503","13","7,575","9","4","2013","장관2길 139","202504~202604","신규","-","","","아파트"
"27446","충청북도 제천시 고암동","1101","1101","0000","두진백로","전세","45.6000","202503","13","3,000","0","13","1997","용두천로 384","202504~202604","신규","-","","","아파트"
"27447","충청북도 제천시 고암동","1142","1142","0000","고암두진4차","월세","33.0000","202503","13","300","35","2","2000","용두천로 378","202504~202604","갱신","-","300","30","아파트"
"27448","충청북도 청주시 청원구 율량동","890","0890","0000","현대(890)","전세","84.9800","202503","13","15,000","0","11","1991","율봉로159번길 10","202504~202804","갱신","사용","15,000","0","아파트"
"27449","충청북도 진천군 진천읍 장관리","884","0884","0000","진천장관사랑으로부영1차","전세","84.9877","202503","13","11,905","0","7","2013","장관2길 139","202503~202603","신규","-","","","아파트"
"27450","충청북도 진천군 진천읍 장관리","880","0880","0000","진천장관사랑으로부영2차","전세","59.9605","202503","13","9,740","0","1","2013","진광로 97-13","202504~202604","신규","-","","","아파트"
"27451","충청북도 음성군 금왕읍 무극리","34-1","0034","0001","LH음성금왕1단지(구주공1단지)","월세","49.9600","202503","13","3,465","8","9","1999","대금로 1457-7","202503~202703","신규","-","","","아파트"
"27452","충청북도 청주시 흥덕구 송절동","851","0851","0000","청주테크노폴리스푸르지오","월세","84.9950","202503","13","3,000","130","3","2018","송화로214번길 7","202505~202606","신규","-","","","아파트"
"27453","충청북도 충주시 호암동","1191","1191","0000","호암힐데스하임","전세","84.9500","202503","13","30,000","0","17","2019","호암토성2로 1","202503~202703","신규","-","","","아파트"
"27454","충청북도 음성군 금왕읍 금석리","467","0467","0000","음성금석LH1단지","월세","51.9300","202503","13","4,688","9","15","2014","대금로 1557-13","202506~202705","갱신","-","4,613","9","아파트"
"27455","충청북도 음성군 금왕읍 금석리","467","0467","0000","음성금석LH1단지","월세","51.9300","202503","13","4,688","20","15","2014","대금로 1557-13","202506~202705","신규","-","","","아파트"
"27456","충청북도 음성군 금왕읍 금석리","467","0467","0000","음성금석LH1단지","월세","51.9300","202503","13","4,688","9","15","2014","대금로 1557-13","202506~202705","신규","-","","","아파트"
"27457","충청북도 음성군 금왕읍 금석리","467","0467","0000","음성금석LH1단지","월세","51.9300","202503","13","4,688","9","15","2014","대금로 1557-13","202506~202705","갱신","-","4,613","9","아파트"
"27458","충청북도 충주시 연수동","1626","1626","0000","연수세영리첼2단지","전세","84.9875","202503","13","27,000","0","2","2014","연수동산로 38","202504~202704","신규","-","","","아파트"
"27459","충청북도 청주시 청원구 사천동","25-2","0025","0002","정도드림-빌","월세","29.9200","202503","13","2,000","30","8","1999","공항로 159-12","202503~202703","신규","-","","","아파트"
"27460","충청북도 청주시 청원구 사천동","449-3","0449","0003","덕성그린아파트","전세","33.3300","202503","13","4,600","0","3","1997","새터로 187","202503~202703","신규","-","","","아파트"
"27461","충청북도 제천시 신월동","1469","1469","0000","제천행복주택","월세","59.9350","202503","13","4,440","12","13","2018","복합타운길 135","202503~202703","신규","-","","","아파트"
"27462","충청북도 제천시 신월동","1469","1469","0000","제천행복주택","월세","45.1660","202503","13","3,612","7","17","2018","복합타운길 135","202506~202706","갱신","-","3,612","7","아파트"
"27463","충청북도 옥천군 옥천읍 문정리","430-1","0430","0001","하늘빛아파트","전세","84.9934","202503","13","19,000","0","6","2007","동부로 16","202505~202705","신규","-","","","아파트"
"27464","충청북도 옥천군 옥천읍 문정리","376","0376","0000","옥천문정주공(3)단지아파트","월세","39.5100","202503","13","2,000","30","12","1999","문장로2길 10","202504~202703","신규","-","","","아파트"
"27465","충청북도 제천시 하소동","353","0353","0000","주공2","월세","39.6000","202503","13","1,000","40","5","1995","하소로 88","202503~202703","신규","-","","","아파트"
"27466","충청북도 청주시 청원구 주중동","852","0852","0000","청주율랑2엘에이치1단지아파트","월세","36.7400","202503","13","2,916","8","10","2013","율량로 17","202504~202703","갱신","-","1,637","14","아파트"
"27467","충청북도 옥천군 옥천읍 마암리","487","0487","0000","옥천마암리양우내안애아파트","월세","84.9845","202503","13","3,000","50","3","2017","마장로 20","202504~202804","신규","-","","","아파트"
"27468","충청북도 제천시 화산동","1009","1009","0000","서희스타힐스","월세","74.8417","202503","13","3,000","90","13","2016","원화산로 43","202503~202703","갱신","-","3,000","90","아파트"
"27469","충청북도 충주시 주덕읍 화곡리","1250","1250","0000","서충주신도시삼일파라뷰2차그랜드시티","전세","84.9963","202503","13","31,500","0","24","2024","화개4길 29","202503~202702","신규","-","","","아파트"
"27470","충청북도 진천군 덕산읍 두촌리","2487","2487","0000","충북혁신리슈빌","전세","84.8600","202503","13","22,000","0","15","2018","연미로 128","202505~202705","신규","-","","","아파트"
"27471","충청북도 진천군 덕산읍 두촌리","3147","3147","0000","우미린스테이","월세","84.7020","202503","13","11,960","20","13","2018","대하로 150","-","-","-","","","아파트"
"27472","충청북도 진천군 덕산읍 두촌리","3147","3147","0000","우미린스테이","월세","70.5634","202503","13","10,240","17","10","2018","대하로 150","202505~202705","갱신","-","10,240","15","아파트"
"27473","충청북도 진천군 덕산읍 두촌리","3147","3147","0000","우미린스테이","월세","78.2298","202503","13","11,500","19","21","2018","대하로 150","202505~202705","갱신","-","11,500","17","아파트"
"27474","충청북도 충주시 목행동","508-35","0508","0035","새한","월세","59.9400","202503","13","1,000","50","4","1995","목행산단3로 13-9","202503~202703","신규","-","","","아파트"
"27475","충청북도 청주시 흥덕구 강내면 월곡리","438","0438","0000","흥덕칸타빌더뉴","전세","74.6957","202503","13","21,000","0","11","2024","가로수로 640-47","202504~202704","신규","-","","","아파트"
"27476","충청북도 청주시 서원구 사직동","265-5","0265","0005","두산위브더제니스","전세","122.5200","202503","13","34,000","0","35","2009","사운로 93","202505~202705","신규","-","","","아파트"
"27477","충청북도 청주시 흥덕구 강서동","458","0458","0000","청주강서동광모닝스카이","월세","14.9800","202503","13","300","35","25","2016","가로수로1164번길 41-33","202503~202602","신규","-","","","아파트"
"27478","충청북도 청주시 흥덕구 강서동","33-7","0033","0007","우정","월세","22.6400","202503","13","200","30","6","1992","가로수로1154번길 21-5","202503~202703","신규","-","","","아파트"
"27479","충청북도 청주시 흥덕구 강서동","33-7","0033","0007","우정","월세","22.6400","202503","13","200","30","13","1992","가로수로1154번길 21-5","202503~202703","신규","-","","","아파트"
"27480","충청북도 청주시 흥덕구 강서동","470","0470","0000","나보나시티","전세","27.2500","202503","13","10,000","0","7","2021","가로수로1164번길 41-28","202503~202703","신규","-","","","아파트"
"27481","충청북도 청주시 흥덕구 복대동","3029","3029","0000","현대2","월세","60.0000","202503","13","1,000","90","11","1999","증안로 77","202504~202610","신규","-","","","아파트"
"27482","충청북도 청주시 흥덕구 복대동","3381","3381","0000","두산위브지웰시티2차","전세","80.4990","202503","13","36,750","0","33","2015","대농로 55","202503~202703","갱신","사용","35,000","0","아파트"
"27483","충청북도 청주시 흥덕구 복대동","3381","3381","0000","두산위브지웰시티2차","월세","80.0020","202503","13","3,000","199","36","2015","대농로 55","202503~202703","신규","-","","","아파트"
"27484","충청북도 청주시 서원구 사직동","558","0558","0000","장미","전세","143.2700","202503","13","8,000","0","5","1984","호국로 101","202505~202705","신규","-","","","아파트"
"27485","충청북도 청주시 서원구 산남동","1100","1100","0000","대원칸타빌2차","전세","84.9823","202503","13","26,000","0","10","2007","산미로 143","202504~202704","신규","-","","","아파트"
"27486","충청북도 청주시 서원구 분평동","1261","1261","0000","분평주공4","월세","49.7600","202503","13","500","45","11","1999","1순환로1137번길 80","202503~202703","신규","-","","","아파트"
"27487","충청북도 청주시 서원구 분평동","1202","1202","0000","분평주공2","전세","59.7100","202503","13","13,000","0","10","1997","1순환로1137번길 129","202504~202704","신규","-","","","아파트"
"27488","충청북도 청주시 흥덕구 송정동","140-41","0140","0041","청주산단1행복주택","월세","26.9500","202503","13","4,344","6","6","2025","대신로 142","202503~202705","갱신","-","2,844","15","아파트"
"27489","충청북도 청주시 서원구 성화동","634","0634","0000","성화주공1단지","월세","36.6500","202503","13","1,640","13","4","2007","성봉로 88","202503~202704","신규","-","","","아파트"
"27490","충청북도 청주시 청원구 오창읍 주성리","569","0569","0000","충북오창사랑으로부영6단지","전세","57.7554","202503","13","12,382","0","20","2014","2산단로 125","202505~202605","신규","-","","","아파트"
"27491","충청북도 청주시 청원구 오창읍 주성리","569","0569","0000","충북오창사랑으로부영6단지","전세","57.7554","202503","13","12,567","0","16","2014","2산단로 125","202504~202604","갱신","-","12,382","0","아파트"
"27492","충청북도 청주시 청원구 오창읍 주성리","569","0569","0000","충북오창사랑으로부영6단지","월세","57.7554","202503","13","9,367","12","19","2014","2산단로 125","202504~202604","신규","-","","","아파트"
"27493","충청북도 청주시 상당구 금천동","77-7","0077","0007","뉴타운","월세","59.9600","202503","13","2,000","50","6","1993","꽃산동로 41","202506~202706","신규","-","","","아파트"
"27494","충청북도 청주시 상당구 금천동","270","0270","0000","장자마을현대(2단지)","전세","84.8943","202503","13","20,010","0","3","2002","수영로 328","202504~202704","갱신","사용","20,000","0","아파트"
"27495","충청북도 청주시 상당구 금천동","320","0320","0000","장자마을부영(320)-8단지","전세","84.9767","202503","13","18,000","0","11","2002","호미로 261","202504~202704","신규","-","","","아파트"
"27496","충청북도 청주시 상당구 탑동","390","0390","0000","센트럴힐데스하임","전세","84.8470","202503","13","36,000","0","25","2022","용담로 50","202506~202706","신규","-","","","아파트"
"27497","충청북도 청주시 흥덕구 오송읍 봉산리","798","0798","0000","오송역파라곤센트럴시티","월세","59.9800","202503","13","3,000","65","2","2023","오송생명7로 151","202504~202703","신규","-","","","아파트"
"27498","충청북도 청주시 상당구 방서동","654","0654","0000","청주센트럴자이","전세","101.8749","202503","13","41,500","0","6","2018","단재로 316","202505~202710","신규","-","","","아파트"
"27499","충청북도 청주시 청원구 오창읍 창리","161","0161","0000","오창모아미래도와이드파크","전세","59.9853","202503","13","23,000","0","3","2016","2산단4로 45","202506~202706","신규","-","","","아파트"
"27500","충청북도 청주시 청원구 오창읍 창리","160","0160","0000","대원칸타빌아파트","월세","84.9653","202503","13","1,000","150","5","2017","2산단4로 55","202503~202607","신규","-","","","아파트"
"27501","충청북도 청주시 청원구 오창읍 창리","160","0160","0000","대원칸타빌아파트","전세","84.9653","202503","13","28,000","0","10","2017","2산단4로 55","202504~202704","신규","-","","","아파트"
"27502","충청북도 청주시 상당구 용담동","425","0425","0000","가좌마을부영","전세","59.9870","202503","13","13,500","0","1","2003","호미로 329","202504~202704","신규","-","","","아파트"
"27503","충청북도 청주시 흥덕구 오송읍 봉산리","798","0798","0000","오송역파라곤센트럴시티","월세","59.9800","202503","13","3,000","65","2","2023","오송생명7로 151","-","-","-","","","아파트"
"27504","충청북도 청주시 흥덕구 오송읍 봉산리","1510","1510","0000","오송역대광로제비앙","전세","59.9406","202503","13","15,270","0","8","2023","오송생명8로 178","202503~202705","신규","-","","","아파트"
"27505","충청북도 청주시 흥덕구 오송읍 연제리","740","0740","0000","오송대원칸타빌","전세","84.9922","202503","13","25,000","0","15","2011","연제만수길 17","202506~202706","신규","-","","","아파트"
"27506","충청북도 청주시 상당구 탑동","390","0390","0000","센트럴힐데스하임","전세","84.8470","202503","13","32,000","0","15","2022","용담로 50","-","-","-","","","아파트"
"27507","충청북도 청주시 흥덕구 오송읍 연제리","740","0740","0000","오송대원칸타빌","전세","84.9922","202503","13","25,000","0","15","2011","연제만수길 17","202506~202706","신규","-","","","아파트"
"27508","충청북도 청주시 상당구 용암동","3164","3164","0000","청주동남파밀리에NHF4단지","월세","59.6300","202503","13","9,150","20","25","2021","동남로 187","-","-","-","","","아파트"
"27509","충청북도 청주시 상당구 용암동","2076","2076","0000","태산그린","전세","59.7600","202503","13","11,000","0","11","1995","원봉로 20","202503~202703","신규","-","","","아파트"
"27510","충청북도 청주시 상당구 용암동","3163","3163","0000","청주동남파라곤아파트","전세","84.9455","202503","13","35,000","0","6","2022","중고개로 56","202507~202707","신규","-","","","아파트"
"27511","충청북도 청주시 상당구 용암동","2099","2099","0000","건영","월세","84.9300","202503","13","2,000","80","1","1999","중흥로 71","202312~202512","신규","-","","","아파트"
"27512","충청북도 청주시 청원구 오창읍 주성리","564","0564","0000","사랑으로부영7단지","전세","57.7554","202503","13","12,199","0","10","2014","2산단4로 60","202503~202603","갱신","-","12,199","0","아파트"
"27513","충청북도 청주시 상당구 용암동","3164","3164","0000","청주동남파밀리에NHF4단지","월세","59.6300","202503","12","9,150","20","6","2021","동남로 187","202504~202703","신규","-","","","아파트"
"27514","충청북도 청주시 청원구 오창읍 주성리","569","0569","0000","충북오창사랑으로부영6단지","전세","57.7554","202503","12","12,382","0","15","2014","2산단로 125","202504~202604","갱신","-","12,164","0","아파트"
"27515","충청북도 청주시 청원구 오창읍 주성리","569","0569","0000","충북오창사랑으로부영6단지","전세","57.7554","202503","12","12,567","0","7","2014","2산단로 125","202505~202605","갱신","-","12,382","0","아파트"
"27516","충청북도 청주시 청원구 오창읍 주성리","569","0569","0000","충북오창사랑으로부영6단지","전세","57.7554","202503","12","12,567","0","5","2014","2산단로 125","202504~202604","갱신","-","12,382","0","아파트"
"27517","충청북도 청주시 청원구 오창읍 주성리","569","0569","0000","충북오창사랑으로부영6단지","전세","57.7554","202503","12","12,567","0","19","2014","2산단로 125","202504~202604","갱신","-","12,382","0","아파트"
"27518","충청북도 청주시 상당구 방서동","653","0653","0000","중흥에스-클래스더퍼스트","전세","84.9935","202503","12","35,500","0","15","2018","단재로 312","202504~202704","신규","-","","","아파트"
"27519","충청북도 청주시 청원구 오창읍 주성리","569","0569","0000","충북오창사랑으로부영6단지","월세","57.7554","202503","12","3,278","39","22","2014","2산단로 125","202506~202606","갱신","-","3,230","38","아파트"
"27520","충청북도 청주시 상당구 용암동","3151","3151","0000","칸타빌더테라스1단지","전세","121.2022","202503","12","47,000","0","2","2019","중고개로 140","202502~202609","갱신","-","40,000","0","아파트"
"27521","충청북도 청주시 상당구 용암동","3164","3164","0000","청주동남파밀리에NHF4단지","월세","59.6300","202503","12","9,650","18","19","2021","동남로 187","202504~202703","갱신","-","9,011","19","아파트"
"27522","충청북도 청주시 청원구 오창읍 주성리","567","0567","0000","충북오창사랑으로부영5단지","전세","82.8216","202503","12","16,542","0","14","2015","2산단4로 20","202503~202603","갱신","-","16,379","0","아파트"
"27523","충청북도 청주시 상당구 용암동","3164","3164","0000","청주동남파밀리에NHF4단지","월세","59.6300","202503","12","9,150","20","17","2021","동남로 187","202504~202703","갱신","-","9,011","19","아파트"
"27524","충청북도 청주시 상당구 용암동","2537","2537","0000","중흥마을마이빌아파트","월세","59.4045","202503","12","2,000","80","5","2003","중흥로 148","202505~202701","신규","-","","","아파트"
"27525","충청북도 청주시 상당구 용암동","2537","2537","0000","중흥마을마이빌아파트","월세","59.4045","202503","12","2,000","80","7","2003","중흥로 148","202504~202701","신규","-","","","아파트"
"27526","충청북도 청주시 청원구 오창읍 주성리","567","0567","0000","충북오창사랑으로부영5단지","전세","82.8216","202503","12","16,542","0","1","2015","2산단4로 20","202503~202603","갱신","-","16,379","0","아파트"
"27527","충청북도 청주시 청원구 오창읍 주성리","561","0561","0000","충북오창사랑으로부영8단지","전세","82.8216","202503","12","16,542","0","15","2015","2산단로 151","202503~202603","갱신","-","16,379","0","아파트"
"27528","충청북도 청주시 상당구 용암동","3150","3150","0000","청주동남우미린에듀포레","월세","84.9395","202503","12","7,000","120","23","2021","중고개로142번길 20","202505~202705","신규","-","","","아파트"
"27529","충청북도 청주시 상당구 용암동","2537","2537","0000","중흥마을마이빌아파트","월세","59.4045","202503","12","2,000","80","7","2003","중흥로 148","202504~202701","신규","-","","","아파트"
"27530","충청북도 청주시 상당구 방서동","655","0655","0000","청주하트리움리버파크","전세","84.8401","202503","12","32,000","0","2","2019","2순환로 2031","202505~202705","신규","-","","","아파트"
"27531","충청북도 청주시 청원구 오창읍 양청리","810-2","0810","0002","오창롯데캐슬더하이스트","월세","84.9604","202503","12","3,000","130","25","2018","중부로 760","202504~202704","신규","-","","","아파트"
"27532","충청북도 청주시 상당구 금천동","103-2","0103","0002","장미","월세","58.5900","202503","12","600","35","5","1990","꽃산서로8번길 16","202504~202703","신규","-","","","아파트"
"27533","충청북도 청주시 상당구 금천동","477","0477","0000","금천센트럴파크스타힐스","전세","84.6785","202503","12","32,000","0","5","2020","쇠내로 48","202503~202703","신규","-","","","아파트"
"27534","충청북도 청주시 청원구 오창읍 각리","638-1","0638","0001","우림필유1차","월세","120.0700","202503","12","2,000","125","7","2006","오창중앙로 13","202503~202703","신규","-","","","아파트"
"27535","충청북도 청주시 청원구 오창읍 각리","636-2","0636","0002","한신더휴센트럴파크","전세","84.9801","202503","12","36,500","0","14","2018","오창공원로 96","202504~202704","신규","-","","","아파트"
"27536","충청북도 청주시 청원구 오창읍 각리","637-6","0637","0006","중앙하이츠빌","전세","59.9271","202503","12","18,000","0","3","2006","오창중앙로 32","202504~202704","갱신","사용","18,000","0","아파트"
"27537","충청북도 청주시 상당구 북문로3가","123","0123","0000","청주행정타운코아루휴티스","월세","84.6871","202503","12","3,000","130","34","2020","중앙로 80","202503~202703","신규","-","","","아파트"
"27538","충청북도 청주시 상당구 용담동","436","0436","0000","가좌마을용담이-편한세상","월세","139.2330","202503","12","3,000","110","9","2004","호미로 330","202503~202703","신규","-","","","아파트"
"27539","충청북도 청주시 상당구 문화동","118","0118","0000","문화동센트럴칸타빌","전세","84.9662","202503","12","23,100","0","16","2018","용담로 7","202503~202703","갱신","사용","22,000","0","아파트"
"27540","충청북도 청주시 청원구 오창읍 주성리","569","0569","0000","충북오창사랑으로부영6단지","전세","57.7554","202503","12","12,567","0","22","2014","2산단로 125","-","-","-","","","아파트"
"27541","충청북도 청주시 청원구 오창읍 주성리","569","0569","0000","충북오창사랑으로부영6단지","전세","57.7554","202503","12","12,567","0","22","2014","2산단로 125","202506~202606","갱신","-","12,382","0","아파트"
"27542","충청북도 청주시 청원구 오창읍 주성리","569","0569","0000","충북오창사랑으로부영6단지","전세","57.7554","202503","12","12,567","0","22","2014","2산단로 125","202506~202606","갱신","-","12,382","0","아파트"
"27543","충청북도 청주시 청원구 오창읍 주성리","564","0564","0000","사랑으로부영7단지","월세","57.7554","202503","12","8,228","12","4","2014","2산단4로 60","202504~202604","신규","-","","","아파트"
"27544","충청북도 청주시 청원구 오창읍 주성리","564","0564","0000","사랑으로부영7단지","전세","57.7554","202503","12","12,199","0","6","2014","2산단4로 60","202503~202603","갱신","-","12,199","0","아파트"
"27545","충청북도 청주시 흥덕구 오송읍 만수리","549","0549","0000","오송경남아너스빌","전세","84.9100","202503","12","21,400","0","8","2009","오송생명5로 201","202504~202703","갱신","-","20,396","0","아파트"
"27546","충청북도 청주시 청원구 오창읍 주성리","561","0561","0000","충북오창사랑으로부영8단지","전세","82.8216","202503","12","16,542","0","9","2015","2산단로 151","202503~202603","갱신","-","16,379","0","아파트"
"27547","충청북도 청주시 청원구 오창읍 주성리","569","0569","0000","충북오창사랑으로부영6단지","월세","57.7554","202503","12","3,278","39","11","2014","2산단로 125","202504~202604","갱신","-","3,230","38","아파트"
"27548","충청북도 청주시 상당구 용암동","3164","3164","0000","청주동남파밀리에NHF4단지","월세","59.6300","202503","12","9,150","20","17","2021","동남로 187","202504~202703","갱신","-","4,611","41","아파트"
"27549","충청북도 청주시 상당구 용암동","3164","3164","0000","청주동남파밀리에NHF4단지","월세","59.6300","202503","12","9,650","18","3","2021","동남로 187","-","-","-","","","아파트"
"27550","충청북도 청주시 상당구 용암동","3164","3164","0000","청주동남파밀리에NHF4단지","월세","59.6300","202503","12","9,150","20","14","2021","동남로 187","202504~202703","신규","-","","","아파트"
"27551","충청북도 청주시 상당구 용암동","3164","3164","0000","청주동남파밀리에NHF4단지","월세","51.7600","202503","12","7,902","18","10","2021","동남로 187","202504~202703","갱신","-","3,982","36","아파트"
"27552","충청북도 진천군 진천읍 장관리","880","0880","0000","진천장관사랑으로부영2차","전세","59.9605","202503","12","9,740","0","13","2013","진광로 97-13","202506~202606","신규","-","","","아파트"
"27553","충청북도 진천군 진천읍 신정리","827","0827","0000","진천양우내안애해오르미","전세","58.3200","202503","12","11,500","0","5","2016","농다리로 1431","202504~202704","신규","-","","","아파트"
"27554","충청북도 진천군 진천읍 신정리","827","0827","0000","진천양우내안애해오르미","전세","58.3200","202503","12","11,500","0","5","2016","농다리로 1431","202504~202704","신규","-","","","아파트"
"27555","충청북도 제천시 강제동","805","0805","0000","센트럴코아루","월세","76.4644","202503","12","3,000","100","3","2016","강저로11나길 13","202504~202704","신규","-","","","아파트"
"27556","충청북도 충주시 칠금동","1015","1015","0000","부영아파트(2차)","전세","50.4900","202503","12","12,000","0","10","1996","칠금중앙로 30","202504~202704","신규","-","","","아파트"
"27557","충청북도 진천군 덕산읍 두촌리","3147","3147","0000","우미린스테이","월세","70.5634","202503","12","10,240","17","12","2018","대하로 150","202504~202704","갱신","-","10,240","14","아파트"
"27558","충청북도 충주시 주덕읍 화곡리","1250","1250","0000","서충주신도시삼일파라뷰2차그랜드시티","전세","84.9963","202503","12","30,000","0","14","2024","화개4길 29","202503~202702","신규","-","","","아파트"
"27559","충청북도 음성군 맹동면 동성리","445","0445","0000","충북혁신도시 LH쌍용예가","전세","59.9300","202503","12","18,000","0","11","2014","사예로 20","202504~202704","신규","-","","","아파트"
"27560","충청북도 충주시 교현동","1083","1083","0000","남산주공1","전세","38.5200","202503","12","3,000","0","4","1986","남산4길 28","202504~202704","신규","-","","","아파트"
"27561","충청북도 충주시 연수동","1629","1629","0000","연수리슈빌","전세","84.8432","202503","12","21,000","0","1","2007","연수동산로 12","202503~202511","신규","-","","","아파트"
"27562","충청북도 충주시 대소원면 본리","642","0642","0000","충주지웰","전세","59.2483","202503","12","10,000","0","6","2016","첨단산업2로 42","202503~202703","신규","-","","","아파트"
"27563","충청북도 진천군 덕산읍 두촌리","3147","3147","0000","우미린스테이","월세","84.4362","202503","12","11,960","20","21","2018","대하로 150","202505~202705","갱신","-","0","17","아파트"
"27564","충청북도 진천군 진천읍 성석리","980","0980","0000","지안스로가2단지","전세","84.9849","202503","12","17,000","0","14","2022","대촌길 33-15","202504~202704","신규","-","","","아파트"
"27565","충청북도 진천군 덕산읍 두촌리","3147","3147","0000","우미린스테이","월세","78.1677","202503","12","11,500","18","1","2018","대하로 150","202504~202704","신규","-","","","아파트"
"27566","충청북도 진천군 이월면 사곡리","600-1","0600","0001","부영임대","전세","60.0000","202503","12","6,589","0","3","2004","진광로 121","202503~202603","신규","-","","","아파트"
"27567","충청북도 충주시 중앙탑면 용전리","661","0661","0000","e편한세상충주","월세","59.8527","202503","12","1,000","65","9","2017","원앙9길 15","202503~202703","신규","-","","","아파트"
"27568","충청북도 진천군 진천읍 장관리","884","0884","0000","진천장관사랑으로부영1차","전세","59.9605","202503","12","9,625","0","17","2013","장관2길 139","202503~202603","신규","-","","","아파트"
"27569","충청북도 충주시 호암동","542-1","0542","0001","세경","월세","56.8800","202503","12","500","45","3","1989","신촌2길 14","202503~202703","신규","-","","","아파트"
"27570","충청북도 청주시 청원구 율량동","1569","1569","0000","동아","전세","75.1300","202503","12","12,000","0","12","1990","율천북로99번길 14","202508~202708","신규","-","","","아파트"
"27571","충청북도 청주시 흥덕구 강내면 월곡리","438","0438","0000","흥덕칸타빌더뉴","전세","74.6957","202503","12","22,000","0","1","2024","가로수로 640-47","202504~202704","신규","-","","","아파트"
"27572","충청북도 진천군 진천읍 장관리","884","0884","0000","진천장관사랑으로부영1차","전세","59.9605","202503","12","9,740","0","4","2013","장관2길 139","202504~202604","신규","-","","","아파트"
"27573","충청북도 진천군 이월면 사곡리","600-1","0600","0001","부영임대","전세","60.0000","202503","12","6,589","0","6","2004","진광로 121","202504~202604","신규","-","","","아파트"
"27574","충청북도 충주시 연수동","1220","1220","0000","세원한아름","월세","41.8500","202503","12","500","40","9","1996","금릉로 101","202503~202703","신규","-","","","아파트"
"27575","충청북도 충주시 주덕읍 화곡리","1246","1246","0000","서충주신도시삼일파라뷰그랜드센트럴","전세","84.9963","202503","12","29,600","0","14","2024","화개1길 16","202503~202611","신규","-","","","아파트"
"27576","충청북도 충주시 주덕읍 화곡리","1246","1246","0000","서충주신도시삼일파라뷰그랜드센트럴","전세","84.9963","202503","12","29,900","0","24","2024","화개1길 16","202503~202611","신규","-","","","아파트"
"27577","충청북도 충주시 목행동","896","0896","0000","영무예다음1차","전세","84.6956","202503","12","18,233","0","8","2018","행정2길 6","202503~202611","신규","-","","","아파트"
"27578","충청북도 충주시 주덕읍 화곡리","1250","1250","0000","서충주신도시삼일파라뷰2차그랜드시티","전세","84.9963","202503","12","31,500","0","17","2024","화개4길 29","202503~202702","신규","-","","","아파트"
"27579","충청북도 충주시 연수동","1220","1220","0000","세원한아름","월세","41.8500","202503","12","500","40","4","1996","금릉로 101","202503~202703","신규","-","","","아파트"
"27580","충청북도 충주시 칠금동","1015","1015","0000","부영아파트(2차)","전세","50.4900","202503","12","10,750","0","13","1996","칠금중앙로 30","202504~202704","신규","-","","","아파트"
"27581","충청북도 충주시 칠금동","1015","1015","0000","부영아파트(2차)","전세","50.4900","202503","12","10,750","0","13","1996","칠금중앙로 30","202504~202704","신규","-","","","아파트"
"27582","충청북도 충주시 칠금동","1015","1015","0000","부영아파트(2차)","전세","50.4900","202503","12","11,000","0","13","1996","칠금중앙로 30","202504~202704","신규","-","","","아파트"
"27583","충청북도 청주시 서원구 수곡동","1002","1002","0000","두진백로","전세","59.7600","202503","12","12,600","0","8","1995","수곡로 36","202505~202705","신규","-","","","아파트"
"27584","충청북도 청주시 흥덕구 가경동","1189","1189","0000","형석1","월세","59.3400","202503","12","2,500","55","14","1992","가경로 158","202504~202704","신규","-","","","아파트"
"27585","충청북도 청주시 서원구 수곡동","231-2","0231","0002","선광한빛","월세","29.1600","202503","12","1,700","14","12","1998","매봉로60번길 18","202503~202603","갱신","-","0","13","아파트"
"27586","충청북도 청주시 흥덕구 송정동","140-41","0140","0041","청주산단1행복주택","월세","26.9500","202503","12","4,344","6","21","2025","대신로 142","202503~202705","갱신","-","2,844","15","아파트"
"27587","충청북도 음성군 대소면 대풍리","582-7","0582","0007","산수화","월세","48.6640","202503","12","500","45","2","2004","대금로105번길 5","202503~202603","신규","-","","","아파트"
"27588","충청북도 청주시 흥덕구 강서동","466","0466","0000","미소랑","월세","18.8000","202503","12","300","35","6","2014","가로수로1164번길 41-8","202503~202603","신규","-","","","아파트"
"27589","충청북도 음성군 대소면 소석리","11-7","0011","0007","음성SKVIEW","월세","84.8624","202503","12","2,000","45","2","2008","대금로 654","202503~202703","신규","-","","","아파트"
"27590","충청북도 청주시 서원구 산남동","1100","1100","0000","대원칸타빌2차","월세","84.9985","202503","12","4,000","100","11","2007","산미로 143","202504~202704","신규","-","","","아파트"
"27591","충청북도 청주시 서원구 분평동","1249","1249","0000","현대대우8단지","월세","84.9500","202503","12","15,000","45","19","1999","월평로 28","202505~202705","신규","-","","","아파트"
"27592","충청북도 청주시 서원구 성화동","436","0436","0000","남양휴튼","월세","102.4800","202503","12","3,000","150","2","2008","장전로 51","202504~202707","신규","-","","","아파트"
"27593","충청북도 청주시 서원구 수곡동","1057","1057","0000","더샵청주퍼스트파크","월세","84.9616","202503","12","5,000","140","27","2021","수곡로 20","202504~202704","신규","-","","","아파트"
"27594","충청북도 청주시 서원구 사직동","937","0937","0000","푸르지오캐슬(401~413)","전세","139.9600","202503","12","30,000","0","6","2010","창직로 50","202503~202703","신규","-","","","아파트"
"27595","충청북도 청주시 서원구 개신동","613","0613","0000","휴먼시아","전세","49.9300","202503","12","13,500","0","7","2001","경신로 67","202505~202705","신규","-","","","아파트"
"27596","충청북도 청주시 서원구 수곡동","337","0337","0000","주공3","전세","41.3000","202503","12","6,000","0","2","1991","매봉로 82","202503~202703","신규","-","","","아파트"
"27597","충청북도 청주시 서원구 수곡동","1057","1057","0000","더샵청주퍼스트파크","전세","76.9836","202503","12","28,000","0","9","2021","수곡로 20","202505~202507","갱신","-","28,000","0","아파트"
"27598","충청북도 청주시 흥덕구 강서동","503","0503","0000","강서베리굿","전세","49.7425","202503","11","14,500","0","7","2015","서현중로 63","202504~202704","신규","-","","","아파트"
"27599","충청북도 청주시 흥덕구 강서동","503","0503","0000","강서베리굿","전세","49.7425","202503","11","14,500","0","7","2015","서현중로 63","202504~202704","신규","-","","","아파트"
"27600","충청북도 청주시 흥덕구 가경동","1761","1761","0000","가로수마을한라비발디","전세","84.9620","202503","11","33,000","0","10","2008","서현서로 40","202504~202704","신규","-","","","아파트"
"27601","충청북도 청주시 흥덕구 가경동","1581","1581","0000","가경주공7단지","전세","84.9100","202503","11","25,000","0","3","2005","풍년로 40","202504~202704","신규","-","","","아파트"
"27602","충청북도 청주시 흥덕구 가경동","1761","1761","0000","가로수마을한라비발디","전세","84.9620","202503","11","33,000","0","10","2008","서현서로 40","202504~202704","신규","-","","","아파트"
"27603","충청북도 청주시 흥덕구 운천동","556-3","0556","0003","운천동거성하모니","월세","27.2380","202503","11","500","42","5","2016","사운로 294-2","202503~202603","신규","-","","","아파트"
"27604","충청북도 청주시 흥덕구 복대동","3404","3404","0000","청주지웰시티푸르지오","월세","84.6910","202503","11","3,000","170","5","2019","대농로 45","202504~202704","신규","-","","","아파트"
"27605","충청북도 청주시 흥덕구 복대동","2456","2456","0000","아름다운나날영조1","전세","59.2930","202503","11","16,200","0","1","2003","증안로 21","202504~202704","갱신","사용","15,500","0","아파트"
"27606","충청북도 청주시 서원구 사직동","산147-23","0147","0023","쌍용","월세","84.8300","202503","11","2,000","50","2","1989","호국로26번길 46-37","202504~202704","신규","-","","","아파트"
"27607","충청북도 청주시 서원구 개신동","1-16","0001","0016","우정한가람","전세","24.0340","202503","11","3,500","0","11","1997","예체로1번길 29","202503~202703","신규","-","","","아파트"
"27608","충청북도 음성군 대소면 소석리","11-7","0011","0007","음성SKVIEW","월세","84.8624","202503","11","500","65","7","2008","대금로 654","202504~202704","신규","-","","","아파트"
"27609","충청북도 청주시 흥덕구 비하동","300","0300","0000","효성아파트","월세","59.9000","202503","11","1,000","70","15","1995","2순환로1050번길 39","202503~202703","신규","-","","","아파트"
"27610","충청북도 청주시 흥덕구 옥산면 오산리","590-1","0590","0001","아트빌","월세","59.9400","202503","11","500","50","2","1998","오송가락로 718","202503~202603","신규","-","","","아파트"
"27611","충청북도 음성군 대소면 성본리","818","0818","0000","음성푸르지오더퍼스트","월세","84.8971","202503","11","2,000","60","5","2024","성본산단4로 41","202503~202703","신규","-","","","아파트"
"27612","충청북도 청주시 서원구 산남동","1103","1103","0000","청주현진에버빌","전세","84.9840","202503","11","26,000","0","12","2006","탑골로 6","202504~202704","신규","-","","","아파트"
"27613","충청북도 청주시 흥덕구 송정동","140-41","0140","0041","청주산단1행복주택","월세","26.9500","202503","11","4,344","6","12","2025","대신로 142","202503~202705","갱신","-","2,844","15","아파트"
"27614","충청북도 청주시 서원구 분평동","1202","1202","0000","분평주공2","전세","59.7100","202503","11","11,000","0","2","1997","1순환로1137번길 129","202503~202703","갱신","-","11,550","0","아파트"
"27615","충청북도 청주시 서원구 분평동","1202","1202","0000","분평주공2","전세","59.7100","202503","11","12,100","0","2","1997","1순환로1137번길 129","202503~202703","갱신","-","11,550","0","아파트"
"27616","충청북도 청주시 서원구 분평동","1360","1360","0000","분평주공5단지아파트","전세","59.7100","202503","11","12,800","0","12","1998","분평로 88-1","202504~202704","신규","-","","","아파트"
"27617","충청북도 청주시 서원구 수곡동","1057","1057","0000","더샵청주퍼스트파크","전세","76.9836","202503","11","26,200","0","5","2021","수곡로 20","202504~202704","갱신","사용","25,000","0","아파트"
"27618","충청북도 청주시 서원구 수곡동","324","0324","0000","주공1","전세","46.6800","202503","11","8,500","0","4","1990","구룡산로 319","202503~202703","신규","-","","","아파트"
"27619","충청북도 청주시 서원구 수곡동","776","0776","0000","세원홍실","전세","124.9500","202503","11","18,500","0","14","1996","수곡로 88","202505~202705","신규","-","","","아파트"
"27620","충청북도 청주시 서원구 산남동","1094","1094","0000","부영사랑으로","전세","59.9364","202503","11","16,000","0","4","2007","원흥로 14","202504~202704","신규","-","","","아파트"
"27621","충청북도 청주시 서원구 성화동","708","0708","0000","성화휴먼시아4단지","월세","46.9300","202503","11","4,294","8","8","2010","장전로 11","202504~202703","갱신","-","4,178","8","아파트"
"27622","충청북도 청주시 서원구 모충동","452","0452","0000","주공1","전세","38.5200","202503","11","6,000","0","3","1985","쌍샘로 84","-","-","-","","","아파트"
"27623","충청북도 청주시 흥덕구 강서동","458","0458","0000","청주강서동광모닝스카이","월세","14.9800","202503","11","300","35","25","2016","가로수로1164번길 41-33","202503~202508","신규","-","","","아파트"
"27624","충청북도 청주시 청원구 우암동","328-12","0328","0012","우암세원","전세","30.2590","202503","11","3,300","0","13","1999","사북로149번길 7","202503~202703","신규","-","","","아파트"
"27625","충청북도 청주시 상당구 북문로3가","123","0123","0000","청주행정타운코아루휴티스","전세","84.9935","202503","11","27,000","0","15","2020","중앙로 80","202504~202704","신규","-","","","아파트"
"27626","충청북도 청주시 흥덕구 오송읍 봉산리","1523","1523","0000","오송역파라곤센트럴시티3차","전세","84.9965","202503","11","36,000","0","20","2024","오송생명7로 118","202410~203210","신규","-","","","아파트"
"27627","충청북도 청주시 청원구 오창읍 주성리","564","0564","0000","사랑으로부영7단지","전세","57.7554","202503","11","12,199","0","8","2014","2산단4로 60","202504~202603","갱신","-","12,199","0","아파트"
"27628","충청북도 청주시 청원구 오창읍 주성리","564","0564","0000","사랑으로부영7단지","전세","57.7554","202503","11","12,199","0","7","2014","2산단4로 60","202504~202604","갱신","-","12,199","0","아파트"
"27629","충청북도 청주시 흥덕구 오송읍 봉산리","1523","1523","0000","오송역파라곤센트럴시티3차","전세","84.9965","202503","11","36,000","0","16","2024","오송생명7로 118","202410~203210","신규","-","","","아파트"
"27630","충청북도 청주시 흥덕구 오송읍 봉산리","1523","1523","0000","오송역파라곤센트럴시티3차","전세","84.9965","202503","11","36,000","0","12","2024","오송생명7로 118","202410~203210","신규","-","","","아파트"
"27631","충청북도 청주시 청원구 오창읍 주성리","564","0564","0000","사랑으로부영7단지","월세","57.7554","202503","11","5,516","28","18","2014","2산단4로 60","202503~202603","갱신","-","5,516","28","아파트"
"27632","충청북도 청주시 청원구 오창읍 주성리","569","0569","0000","충북오창사랑으로부영6단지","전세","57.7554","202503","11","12,567","0","7","2014","2산단로 125","202504~202604","갱신","-","12,382","0","아파트"
"27633","충청북도 청주시 흥덕구 오송읍 봉산리","1523","1523","0000","오송역파라곤센트럴시티3차","전세","68.9518","202503","11","29,000","0","21","2024","오송생명7로 118","202410~203210","신규","-","","","아파트"
"27634","충청북도 청주시 흥덕구 오송읍 봉산리","1523","1523","0000","오송역파라곤센트럴시티3차","전세","68.9518","202503","11","29,000","0","10","2024","오송생명7로 118","202410~203210","신규","-","","","아파트"
"27635","충청북도 청주시 청원구 오창읍 주성리","569","0569","0000","충북오창사랑으로부영6단지","월세","57.7554","202503","11","5,599","28","18","2014","2산단로 125","202504~202603","신규","-","","","아파트"
"27636","충청북도 청주시 청원구 오창읍 주성리","564","0564","0000","사랑으로부영7단지","월세","57.7554","202503","11","3,182","38","10","2014","2산단4로 60","202503~202603","신규","-","","","아파트"
"27637","충청북도 청주시 청원구 오창읍 주성리","561","0561","0000","충북오창사랑으로부영8단지","전세","82.7462","202503","11","16,542","0","15","2015","2산단로 151","202503~202603","갱신","-","16,379","0","아파트"
"27638","충청북도 청주시 흥덕구 오송읍 봉산리","1523","1523","0000","오송역파라곤센트럴시티3차","전세","84.9640","202503","11","36,000","0","5","2024","오송생명7로 118","202410~203210","신규","-","","","아파트"
"27639","충청북도 청주시 흥덕구 오송읍 봉산리","1523","1523","0000","오송역파라곤센트럴시티3차","전세","84.9965","202503","11","36,000","0","24","2024","오송생명7로 118","202410~203210","신규","-","","","아파트"
"27640","충청북도 청주시 상당구 용암동","3164","3164","0000","청주동남파밀리에NHF4단지","월세","51.7600","202503","11","8,102","17","16","2021","동남로 187","202504~202703","갱신","-","3,982","36","아파트"
"27641","충청북도 청주시 상당구 용암동","3164","3164","0000","청주동남파밀리에NHF4단지","월세","59.6300","202503","11","9,150","20","4","2021","동남로 187","202504~202703","갱신","-","9,011","19","아파트"
"27642","충청북도 청주시 청원구 내수읍 은곡리","302","0302","0000","천일은곡","월세","59.7390","202503","11","1,000","40","5","2000","은곡묵방길 52-10","202503~202703","신규","-","","","아파트"
"27643","충청북도 청주시 청원구 내수읍 은곡리","302","0302","0000","천일은곡","월세","59.7390","202503","11","1,000","40","5","2000","은곡묵방길 52-10","202503~202703","신규","-","","","아파트"
"27644","충청북도 청주시 상당구 용암동","2108","2108","0000","청주용암주공1단지아파트(해누리)","전세","49.8000","202503","11","8,000","0","11","1994","원봉로 52","202504~202704","신규","-","","","아파트"
"27645","충청북도 청주시 흥덕구 오송읍 봉산리","1523","1523","0000","오송역파라곤센트럴시티3차","전세","84.9965","202503","11","36,000","0","12","2024","오송생명7로 118","202410~203210","신규","-","","","아파트"
"27646","충청북도 청주시 흥덕구 오송읍 봉산리","1523","1523","0000","오송역파라곤센트럴시티3차","전세","84.9965","202503","11","33,200","0","1","2024","오송생명7로 118","202410~203210","신규","-","","","아파트"
"27647","충청북도 청주시 상당구 용암동","3164","3164","0000","청주동남파밀리에NHF4단지","월세","59.6300","202503","11","6,950","33","7","2021","동남로 187","202504~202703","갱신","-","4,611","41","아파트"
"27648","충청북도 청주시 흥덕구 오송읍 봉산리","798","0798","0000","오송역파라곤센트럴시티","전세","59.9822","202503","11","26,000","0","14","2023","오송생명7로 151","202506~202706","신규","-","","","아파트"
"27649","충청북도 청주시 서원구 남이면 가마리","378","0378","0000","청주가마힐데스하임","월세","84.9476","202503","11","3,000","90","6","2016","2순환로 1717","202503~202703","갱신","-","1,000","90","아파트"
"27650","충청북도 청주시 흥덕구 오송읍 봉산리","798","0798","0000","오송역파라곤센트럴시티","전세","59.9822","202503","11","26,000","0","14","2023","오송생명7로 151","-","-","-","","","아파트"
"27651","충청북도 청주시 흥덕구 오송읍 봉산리","1523","1523","0000","오송역파라곤센트럴시티3차","전세","68.9518","202503","11","29,000","0","10","2024","오송생명7로 118","202410~203210","신규","-","","","아파트"
"27652","충청북도 청주시 흥덕구 오송읍 봉산리","1510","1510","0000","오송역대광로제비앙","전세","59.9406","202503","11","15,270","0","18","2023","오송생명8로 178","202503~202703","신규","-","","","아파트"
"27653","충청북도 청주시 흥덕구 오송읍 봉산리","1523","1523","0000","오송역파라곤센트럴시티3차","전세","84.9965","202503","11","33,900","0","2","2024","오송생명7로 118","202410~203210","신규","-","","","아파트"
"27654","충청북도 청주시 흥덕구 오송읍 봉산리","1523","1523","0000","오송역파라곤센트럴시티3차","전세","84.9965","202503","11","36,000","0","17","2024","오송생명7로 118","202410~203210","신규","-","","","아파트"
"27655","충청북도 청주시 상당구 금천동","199-1","0199","0001","현대","전세","84.8400","202503","11","14,000","0","13","1992","중고개로337번길 23","202504~202704","신규","-","","","아파트"
"27656","충청북도 청주시 청원구 오창읍 주성리","561","0561","0000","충북오창사랑으로부영8단지","전세","82.8216","202503","11","16,542","0","19","2015","2산단로 151","202505~202605","갱신","-","16,379","0","아파트"
"27657","충청북도 청주시 청원구 오창읍 주성리","569","0569","0000","충북오창사랑으로부영6단지","전세","57.7554","202503","11","12,382","0","17","2014","2산단로 125","202504~202604","갱신","-","12,164","0","아파트"
"27658","충청북도 청주시 흥덕구 오송읍 봉산리","1523","1523","0000","오송역파라곤센트럴시티3차","전세","84.9965","202503","11","36,000","0","21","2024","오송생명7로 118","202410~203210","신규","-","","","아파트"
"27659","충청북도 청주시 흥덕구 오송읍 봉산리","798","0798","0000","오송역파라곤센트럴시티","월세","59.9800","202503","11","2,000","90","16","2023","오송생명7로 151","202503~202703","신규","-","","","아파트"
"27660","충청북도 청주시 상당구 방서동","655","0655","0000","청주하트리움리버파크","월세","84.8401","202503","11","2,000","130","7","2019","2순환로 2031","202504~202704","신규","-","","","아파트"
"27661","충청북도 청주시 흥덕구 오송읍 봉산리","1523","1523","0000","오송역파라곤센트럴시티3차","전세","84.9640","202503","11","33,200","0","1","2024","오송생명7로 118","202410~203210","신규","-","","","아파트"
"27662","충청북도 제천시 신월동","1469","1469","0000","제천행복주택","월세","59.9350","202503","11","4,440","12","16","2018","복합타운길 135","202505~202705","신규","-","","","아파트"
"27663","충청북도 진천군 진천읍 신정리","390","0390","0000","삼진동산","월세","59.9400","202503","11","1,000","45","5","1996","농다리로 1411","202503~202703","신규","-","","","아파트"
"27664","충청북도 제천시 신백동","209-8","0209","0008","선광로즈웰","월세","46.0150","202503","11","500","60","2","2000","신백로 30","202503~202703","신규","-","","","아파트"
"27665","충청북도 진천군 진천읍 장관리","880","0880","0000","진천장관사랑으로부영2차","월세","59.9605","202503","11","5,060","16","13","2013","진광로 97-13","202507~202606","신규","-","","","아파트"
"27666","충청북도 진천군 이월면 사곡리","600-1","0600","0001","부영임대","전세","60.0000","202503","11","6,589","0","9","2004","진광로 121","202505~202605","신규","-","","","아파트"
"27667","충청북도 제천시 봉양읍 주포리","235","0235","0000","중앙","월세","59.7100","202503","11","1,000","45","9","1994","제원로2길 7","202503~202703","신규","-","","","아파트"
"27668","충청북도 충주시 호암동","542-1","0542","0001","세경","월세","56.8800","202503","11","1,000","35","1","1989","신촌2길 14","202504~202703","신규","-","","","아파트"
"27669","충청북도 청주시 흥덕구 강내면 월탄리","90","0090","0000","태암수정","전세","42.7200","202503","11","4,000","0","3","1997","태성탑연로 264","202503~202703","신규","-","","","아파트"
"27670","충청북도 충주시 용산동","1678","1678","0000","용산주공2차","월세","39.6900","202503","11","500","35","2","1999","남산로 125","202504~202704","신규","-","","","아파트"
"27671","충청북도 청주시 흥덕구 강내면 월곡리","150-33","0150","0033","진흥1","월세","49.8800","202503","11","400","32","5","1988","가로수로 640-19","202503~202603","신규","-","","","아파트"
"27672","충청북도 충주시 주덕읍 화곡리","1246","1246","0000","서충주신도시삼일파라뷰그랜드센트럴","전세","84.9963","202503","11","29,600","0","13","2024","화개1길 16","202503~202611","신규","-","","","아파트"
"27673","충청북도 충주시 중앙탑면 용전리","721","0721","0000","충주시티자이","월세","59.9959","202503","11","1,000","60","3","2017","원앙4길 51","202504~202704","신규","-","","","아파트"
"27674","충청북도 청주시 흥덕구 송절동","850","0850","0000","테크노폴리스우미린","전세","84.9365","202503","11","28,000","0","27","2018","송화로214번길 29","202504~202704","갱신","-","23,000","0","아파트"
"27675","충청북도 진천군 진천읍 장관리","880","0880","0000","진천장관사랑으로부영2차","월세","59.9605","202503","11","5,060","16","12","2013","진광로 97-13","202504~202604","신규","-","","","아파트"
"27676","충청북도 청주시 흥덕구 송절동","842","0842","0000","청주테크노폴리스우방아이유쉘1단지","전세","73.1317","202503","11","30,000","0","9","2018","송화로184번길 7","202506~202706","신규","-","","","아파트"
"27677","충청북도 충주시 연수동","418","0418","0000","유원하나1차","월세","59.4150","202503","11","1,000","60","7","1993","갱고개로 116","202504~202703","신규","-","","","아파트"
"27678","충청북도 제천시 고암동","1250","1250","0000","고암주공1","전세","38.5200","202503","11","3,000","0","3","1986","고암로14길 13","202503~202703","신규","-","","","아파트"
"27679","충청북도 음성군 금왕읍 무극리","34-3","0034","0003","음성금왕휴먼시아(구주공2단지)","월세","51.9500","202503","11","1,000","50","4","2002","대금로 1457-8","202503~202703","신규","-","","","아파트"
"27680","충청북도 진천군 진천읍 장관리","884","0884","0000","진천장관사랑으로부영1차","월세","59.9605","202503","11","5,095","16","3","2013","장관2길 139","202503~202603","신규","-","","","아파트"
"27681","충청북도 제천시 신월동","1469","1469","0000","제천행복주택","월세","59.8220","202503","11","1,440","24","5","2018","복합타운길 135","202504~202704","갱신","-","1,440","24","아파트"
"27682","충청북도 진천군 진천읍 장관리","884","0884","0000","진천장관사랑으로부영1차","전세","59.9605","202503","11","9,625","0","20","2013","장관2길 139","202503~202603","신규","-","","","아파트"
"27683","충청북도 청주시 흥덕구 강내면 월곡리","438","0438","0000","흥덕칸타빌더뉴","월세","74.6957","202503","11","2,500","90","8","2024","가로수로 640-47","202504~202703","신규","-","","","아파트"
"27684","충청북도 음성군 맹동면 동성리","523","0523","0000","충북혁신도시영무예다음3차","월세","84.9493","202503","11","4,000","80","10","2017","장성1길 9","202504~202703","신규","-","","","아파트"
"27685","충청북도 충주시 교현동","1309","1309","0000","성원","월세","53.1900","202503","11","500","40","2","1995","삼원로 163","202503~202703","신규","-","","","아파트"
"27686","충청북도 제천시 청전동","985","0985","0000","두진백로","전세","84.9300","202503","11","12,600","0","1","1995","칠성로 19","202504~202704","신규","-","","","아파트"
"27687","충청북도 충주시 연수동","1231","1231","0000","연수주공3차","전세","44.5200","202503","11","6,500","0","11","1994","주공길 24","202504~202704","신규","-","","","아파트"
"27688","충청북도 진천군 진천읍 장관리","880","0880","0000","진천장관사랑으로부영2차","전세","59.9605","202503","11","9,740","0","13","2013","진광로 97-13","202503~202603","신규","-","","","아파트"
"27689","충청북도 충주시 연수동","1231","1231","0000","연수주공3차","월세","44.5200","202503","11","300","30","9","1994","주공길 24","202503~202703","신규","-","","","아파트"
"27690","충청북도 제천시 청전동","639","0639","0000","비둘기","월세","35.5200","202503","11","500","45","4","1991","청전대로 166","202504~202704","신규","-","","","아파트"
"27691","충청북도 청주시 흥덕구 문암동","213","0213","0000","청주테크노폴리스신영지웰푸르지오","전세","84.9664","202503","10","31,000","0","15","2022","송화로 229","202503~202703","신규","-","","","아파트"
"27692","충청북도 충주시 대소원면 만정리","109-4","0109","0004","세영에뜨와르","월세","53.2693","202503","10","500","45","3","2015","산정독정길 196","202503~202603","신규","-","","","아파트"
"27693","충청북도 충주시 연수동","930","0930","0000","세원","월세","53.5800","202503","10","2,000","30","11","1991","번영대로 120","202503~202703","신규","-","","","아파트"
"27694","충청북도 충주시 연수동","701-9","0701","0009","연수부강","월세","59.4900","202503","10","500","38","13","1995","후곡길 19","202504~202704","갱신","-","500","37","아파트"
"27695","충청북도 충주시 연수동","686","0686","0000","연수주공4차,5차","월세","49.7700","202503","10","1,000","50","14","1997","예성로 401","202503~202703","신규","-","","","아파트"
"27696","충청북도 진천군 진천읍 장관리","880","0880","0000","진천장관사랑으로부영2차","전세","59.9605","202503","10","9,740","0","11","2013","진광로 97-13","202503~202603","신규","-","","","아파트"
"27697","충청북도 진천군 진천읍 장관리","884","0884","0000","진천장관사랑으로부영1차","전세","59.9605","202503","10","9,625","0","13","2013","장관2길 139","202504~202604","신규","-","","","아파트"
"27698","충청북도 진천군 진천읍 장관리","880","0880","0000","진천장관사랑으로부영2차","월세","59.9605","202503","10","5,060","16","10","2013","진광로 97-13","202503~202603","신규","-","","","아파트"
"27699","충청북도 충주시 용산동","1680","1680","0000","용산주공3차","월세","59.6400","202503","10","1,500","55","4","2003","남산로 114","202503~202703","신규","-","","","아파트"
"27700","충청북도 진천군 진천읍 장관리","884","0884","0000","진천장관사랑으로부영1차","전세","59.9605","202503","10","9,625","0","4","2013","장관2길 139","-","-","-","","","아파트"
"27701","충청북도 음성군 맹동면 동성리","228","0228","0000","천년나무1단지","월세","46.5300","202503","10","4,155","10","5","2015","이수로 31","202504~202703","갱신","-","1,772","20","아파트"
"27702","충청북도 제천시 청전동","4","0004","0000","주공","월세","41.5600","202503","10","200","30","3","1980","청전대로15길 70","202503~202703","신규","-","","","아파트"
"27703","충청북도 제천시 청전동","72","0072","0000","현대","월세","84.9450","202503","10","1,000","80","5","1990","용두천로 235","202504~202704","신규","-","","","아파트"
"27704","충청북도 제천시 하소동","82","0082","0000","주공","전세","39.6900","202503","10","5,200","0","3","1989","용두대로15길 11","202503~202703","갱신","-","4,200","0","아파트"
"27705","충청북도 제천시 하소동","353","0353","0000","주공2","월세","58.7400","202503","10","1,000","55","15","1995","하소로 88","202503~202703","신규","-","","","아파트"
"27706","충청북도 충주시 칠금동","825","0825","0000","코오롱동신","전세","75.6260","202503","10","18,900","0","3","1997","금릉로 14","202505~202705","신규","-","","","아파트"
"27707","충청북도 청주시 청원구 율량동","2246","2246","0000","대원칸타빌4차아파트","월세","84.8470","202503","10","5,000","125","16","2015","율중로 10","202506~202706","신규","-","","","아파트"
"27708","충청북도 제천시 하소동","170-7","0170","0007","고래","월세","49.9242","202503","10","300","35","5","1989","용두대로9길 8","202503~202703","신규","-","","","아파트"
"27709","충청북도 음성군 금왕읍 금석리","555","0555","0000","음성금석LH2단지","월세","37.3800","202503","10","3,092","8","1","2022","금석택지길 34","202503~202703","신규","-","","","아파트"
"27710","충청북도 청주시 흥덕구 강내면 월곡리","432","0432","0000","강내두진하트리움","전세","65.7200","202503","10","16,000","0","9","2018","월곡길 23-13","202501~202701","신규","-","","","아파트"
"27711","충청북도 진천군 덕산읍 두촌리","3147","3147","0000","우미린스테이","월세","70.5634","202503","10","10,240","17","12","2018","대하로 150","202504~202704","갱신","-","10,240","15","아파트"
"27712","충청북도 진천군 덕산읍 두촌리","3147","3147","0000","우미린스테이","월세","84.4362","202503","10","11,960","20","11","2018","대하로 150","202505~202705","갱신","-","11,960","17","아파트"
"27713","충청북도 진천군 덕산읍 두촌리","3147","3147","0000","우미린스테이","월세","84.4362","202503","10","11,960","20","22","2018","대하로 150","202504~202704","갱신","-","11,960","17","아파트"
"27714","충청북도 충주시 금릉동","771","0771","0000","삼성푸른","월세","49.1400","202503","10","2,000","40","12","1993","금제1길 5","202504~202703","신규","-","","","아파트"
"27715","충청북도 충주시 호암동","542-18","0542","0018","예성세경","전세","51.7500","202503","10","6,500","0","10","1998","신촌2길 2","202503~202703","신규","-","","","아파트"
"27716","충청북도 충주시 호암동","1191","1191","0000","호암힐데스하임","전세","84.9600","202503","10","34,650","0","2","2019","호암토성2로 1","202505~202705","갱신","사용","33,000","0","아파트"
"27717","충청북도 진천군 덕산읍 두촌리","3147","3147","0000","우미린스테이","월세","70.5634","202503","10","10,240","17","16","2018","대하로 150","202505~202705","갱신","-","10,240","15","아파트"
"27718","충청북도 청주시 청원구 주성동","337","0337","0000","대원칸타빌3차아파트","전세","84.9710","202503","10","32,000","0","24","2015","율량로 135","-","-","-","","","아파트"
"27719","충청북도 괴산군 괴산읍 동부리","795","0795","0000","괴산동부주공","월세","51.9300","202503","10","1,647","14","5","2008","남산1길 25","202504~202703","갱신","-","1,573","14","아파트"
"27720","충청북도 음성군 금왕읍 내송리","216-1","0216","0001","우원","전세","33.7500","202503","10","2,500","0","6","2003","금일로 108","202503~202703","신규","-","","","아파트"
"27721","충청북도 증평군 증평읍 송산리","820","0820","0000","증평송산엘에이치천년나무3단지","월세","36.8400","202503","10","1,900","8","5","2016","송산로4길 14","202505~202704","신규","-","","","아파트"
"27722","충청북도 진천군 진천읍 장관리","880","0880","0000","진천장관사랑으로부영2차","전세","59.9605","202503","10","9,740","0","14","2013","진광로 97-13","202503~202603","신규","-","","","아파트"
"27723","충청북도 진천군 덕산읍 두촌리","2402","2402","0000","천년나무7단지","전세","84.5300","202503","10","17,500","0","15","2015","연미로 131","202505~202705","신규","-","","","아파트"
"27724","충청북도 음성군 맹동면 쌍정리","244-3","0244","0003","음성맹동행복주택","월세","36.8400","202503","10","424","16","3","2023","맹동산단1길 18","202401~202603","갱신","-","2,124","11","아파트"
"27725","충청북도 진천군 덕산읍 두촌리","3147","3147","0000","우미린스테이","월세","84.7020","202503","10","11,960","20","16","2018","대하로 150","202504~202704","신규","-","","","아파트"
"27726","충청북도 진천군 덕산읍 두촌리","3147","3147","0000","우미린스테이","월세","84.7020","202503","10","11,960","20","12","2018","대하로 150","202505~202705","갱신","-","11,960","17","아파트"
"27727","충청북도 제천시 장락동","1026","1026","0000","장락주공2단지","월세","49.9600","202503","10","0","40","7","1999","죽하로 48","-","-","-","","","아파트"
"27728","충청북도 제천시 장락동","1026","1026","0000","장락주공2단지","월세","59.8000","202503","10","1,000","75","13","1999","죽하로 48","202503~202703","신규","-","","","아파트"
"27729","충청북도 충주시 연수동","464-3","0464","0003","낙원","전세","44.1300","202503","10","6,000","0","15","1993","동수5길 34","202503~202703","신규","-","","","아파트"
"27730","충청북도 청주시 흥덕구 송절동","851","0851","0000","청주테크노폴리스푸르지오","월세","84.9950","202503","10","3,000","125","2","2018","송화로214번길 7","202503~202703","신규","-","","","아파트"
"27731","충청북도 제천시 고암동","1142","1142","0000","고암두진4차","월세","33.0000","202503","10","2,500","15","9","2000","용두천로 378","202503~202703","신규","-","","","아파트"
"27732","충청북도 청주시 흥덕구 강내면 탑연리","322-1","0322","0001","선광한빛","월세","31.6400","202503","10","300","25","3","1996","태성탑연로 391-34","202503~202603","신규","-","","","아파트"
"27733","충청북도 제천시 천남동","493","0493","0000","신원아침도시더퍼스트","월세","76.4981","202503","10","5,000","100","21","2020","원뜰로 25","202503~202703","신규","-","","","아파트"
"27734","충청북도 제천시 신백동","209-8","0209","0008","선광로즈웰","월세","46.0150","202503","10","1,000","50","3","2000","신백로 30","202503~202703","갱신","-","700","50","아파트"
"27735","충청북도 제천시 신백동","209-8","0209","0008","선광로즈웰","월세","46.0150","202503","10","1,000","50","4","2000","신백로 30","202503~202704","신규","-","","","아파트"
"27736","충청북도 제천시 신백동","209-8","0209","0008","선광로즈웰","월세","33.2050","202503","10","600","50","4","2000","신백로 30","202503~202703","신규","-","","","아파트"
"27737","충청북도 청주시 청원구 율량동","2246","2246","0000","대원칸타빌4차아파트","월세","84.8470","202503","10","5,000","125","16","2015","율중로 10","202506~202706","신규","-","","","아파트"
"27738","충청북도 충주시 중앙탑면 용전리","661","0661","0000","e편한세상충주","전세","59.8527","202503","10","15,000","0","3","2017","원앙9길 15","202504~202704","신규","-","","","아파트"
"27739","충청북도 충주시 중앙탑면 용전리","656","0656","0000","미진이지비아","월세","59.9903","202503","10","3,000","40","3","2017","기업도시로 189","202504~202704","신규","-","","","아파트"
"27740","충청북도 충주시 중앙탑면 용전리","721","0721","0000","충주시티자이","월세","59.8977","202503","10","1,000","60","4","2017","원앙4길 51","202504~202704","신규","-","","","아파트"
"27741","충청북도 충주시 중앙탑면 용전리","656","0656","0000","미진이지비아","전세","59.9941","202503","10","13,500","0","14","2017","기업도시로 189","202503~202703","신규","-","","","아파트"
"27742","충청북도 충주시 중앙탑면 용전리","661","0661","0000","e편한세상충주","전세","59.8527","202503","10","15,000","0","3","2017","원앙9길 15","202504~202704","신규","-","","","아파트"
"27743","충청북도 충주시 교현동","1083","1083","0000","남산주공1","월세","38.5200","202503","10","300","25","1","1986","남산4길 28","202503~202703","신규","-","","","아파트"
"27744","충청북도 증평군 증평읍 초중리","114","0114","0000","일진뜨리에","월세","59.6750","202503","10","1,000","45","9","2005","가장골길 16-13","202503~202703","신규","-","","","아파트"
"27745","충청북도 청주시 서원구 산남동","671","0671","0000","산남퀸덤아파트","전세","84.9306","202503","10","23,100","0","12","2007","두꺼비로 93","202505~202705","갱신","사용","22,000","0","아파트"
"27746","충청북도 청주시 서원구 개신동","1-19","0001","0019","광영","전세","38.6550","202503","10","9,500","0","5","1997","예체로7번길 33","202504~202703","갱신","-","2,000","0","아파트"
"27747","충청북도 청주시 서원구 개신동","613","0613","0000","휴먼시아","월세","59.9000","202503","10","3,000","70","3","2001","경신로 67","202503~202603","신규","-","","","아파트"
"27748","충청북도 청주시 흥덕구 복대동","3379","3379","0000","신영지웰시티1차","전세","152.6520","202503","10","65,000","0","4","2010","대농로 17","202504~202704","신규","-","","","아파트"
"27749","충청북도 청주시 흥덕구 복대동","992","0992","0000","형석(992)","전세","59.9200","202503","10","9,000","0","5","1990","복대로 159","-","-","-","","","아파트"
"27750","충청북도 청주시 흥덕구 복대동","3029","3029","0000","현대2","전세","59.8800","202503","10","18,000","0","10","2000","증안로 77","202503~202703","갱신","-","17,300","0","아파트"
"27751","충청북도 청주시 흥덕구 복대동","3379","3379","0000","신영지웰시티1차","전세","152.6520","202503","10","65,000","0","4","2010","대농로 17","202504~202704","신규","-","","","아파트"
"27752","충청북도 청주시 흥덕구 복대동","3379","3379","0000","신영지웰시티1차","전세","152.6520","202503","10","65,000","0","4","2010","대농로 17","202504~202704","신규","-","","","아파트"
"27753","충청북도 청주시 흥덕구 복대동","3377","3377","0000","신영지웰","전세","84.8590","202503","10","33,000","0","1","2009","진재로103번길 37","202507~202707","신규","-","","","아파트"
"27754","충청북도 청주시 흥덕구 복대동","3379","3379","0000","신영지웰시티1차","전세","99.1260","202503","10","40,000","0","16","2010","대농로 17","202503~202703","갱신","-","32,000","0","아파트"
"27755","충청북도 청주시 흥덕구 복대동","3379","3379","0000","신영지웰시티1차","전세","152.6520","202503","10","90,000","0","33","2010","대농로 17","202505~202705","신규","-","","","아파트"
"27756","충청북도 청주시 서원구 수곡동","231-2","0231","0002","선광한빛","월세","29.1600","202503","10","500","30","7","1998","매봉로60번길 18","202503~202603","신규","-","","","아파트"
"27757","충청북도 청주시 흥덕구 신봉동","310","0310","0000","삼정백조","월세","84.8100","202503","10","10,000","30","2","1995","1순환로513번길 33","202505~202803","신규","-","","","아파트"
"27758","충청북도 청주시 흥덕구 가경동","2258","2258","0000","가경자이","전세","84.8390","202503","10","41,000","0","4","2020","서현로 30","202502~202702","갱신","-","34,000","0","아파트"
"27759","충청북도 청주시 흥덕구 가경동","1189","1189","0000","형석1","월세","59.3400","202503","10","1,000","60","9","1992","가경로 158","202503~202703","신규","-","","","아파트"
"27760","충청북도 청주시 서원구 사창동","253-4","0253","0004","평화(253-4)","월세","62.9100","202503","10","1,000","55","4","1981","사직대로185번길 7","202504~202704","신규","-","","","아파트"
"27761","충청북도 청주시 흥덕구 강서동","522","0522","0000","레지던스마리2","전세","49.6600","202503","10","9,000","0","5","2013","서현동로 16-1","202504~202704","신규","-","","","아파트"
"27762","충청북도 청주시 흥덕구 강서동","472","0472","0000","우양센트럴","월세","22.4640","202503","10","5,000","15","21","2016","가로수로1164번길 41-44","202503~202703","신규","-","","","아파트"
"27763","충청북도 청주시 흥덕구 강서동","498","0498","0000","경도펠리스","월세","27.5400","202503","10","500","45","14","2016","서현동로 21","202503~202603","신규","-","","","아파트"
"27764","충청북도 청주시 흥덕구 강서동","472","0472","0000","우양센트럴","월세","24.6403","202503","10","500","45","19","2016","가로수로1164번길 41-44","202503~202603","신규","-","","","아파트"
"27765","충청북도 음성군 대소면 성본리","818","0818","0000","음성푸르지오더퍼스트","전세","84.8316","202503","10","16,000","0","19","2024","성본산단4로 41","202503~202703","신규","-","","","아파트"
"27766","충청북도 청주시 서원구 사직동","358-5","0358","0005","덕희","월세","22.2000","202503","10","200","25","3","1994","남사로 14","202503~202703","신규","-","","","아파트"
"27767","충청북도 청주시 흥덕구 옥산면 가락리","953","0953","0000","흥덕코오롱하늘채아파트","전세","84.8642","202503","10","22,000","0","5","2016","가락길 60","202507~202612","신규","-","","","아파트"
"27768","충청북도 청주시 흥덕구 옥산면 가락리","953","0953","0000","흥덕코오롱하늘채아파트","전세","59.9318","202503","10","15,000","0","7","2016","가락길 60","202504~202704","신규","-","","","아파트"
"27769","충청북도 청주시 청원구 오창읍 주성리","564","0564","0000","사랑으로부영7단지","전세","57.7554","202503","10","12,199","0","4","2014","2산단4로 60","202503~202603","갱신","-","12,199","0","아파트"
"27770","충청북도 청주시 청원구 오창읍 각리","646-1","0646","0001","우림필유2차","월세","59.9101","202503","10","2,000","80","5","2006","오창중앙로 65","202504~202704","신규","-","","","아파트"
"27771","충청북도 청주시 청원구 내수읍 도원리","23","0023","0000","우창진주3차아파트","월세","59.9000","202503","10","1,000","32","10","1998","도원세교로 85","202503~202603","신규","-","","","아파트"
"27772","충청북도 청주시 청원구 오창읍 창리","161","0161","0000","오창모아미래도와이드파크","전세","59.9853","202503","10","22,000","0","9","2016","2산단4로 45","202506~202706","신규","-","","","아파트"
"27773","충청북도 청주시 청원구 오창읍 창리","161","0161","0000","오창모아미래도와이드파크","전세","59.9853","202503","10","22,000","0","9","2016","2산단4로 45","202506~202706","신규","-","","","아파트"
"27774","충청북도 청주시 흥덕구 오송읍 봉산리","798","0798","0000","오송역파라곤센트럴시티","월세","59.8447","202503","10","2,000","88","20","2023","오송생명7로 151","202503~202703","신규","-","","","아파트"
"27775","충청북도 청주시 흥덕구 오송읍 봉산리","798","0798","0000","오송역파라곤센트럴시티","월세","59.9800","202503","10","2,000","87","16","2023","오송생명7로 151","202504~202704","신규","-","","","아파트"
"27776","충청북도 청주시 흥덕구 오송읍 봉산리","1531","1531","0000","오송역대광로제비앙그랜드센텀","전세","84.9140","202503","10","25,500","0","18","2024","오송생명14로 283","202503~202703","신규","-","","","아파트"
"27777","충청북도 청주시 흥덕구 오송읍 봉산리","1510","1510","0000","오송역대광로제비앙","전세","59.9406","202503","10","15,270","0","15","2023","오송생명8로 178","202308~202508","신규","-","","","아파트"
"27778","충청북도 청주시 청원구 오창읍 주성리","564","0564","0000","사랑으로부영7단지","전세","57.7554","202503","10","12,199","0","12","2014","2산단4로 60","202506~202606","갱신","-","12,199","0","아파트"
"27779","충청북도 청주시 청원구 오창읍 주성리","569","0569","0000","충북오창사랑으로부영6단지","전세","57.7554","202503","10","12,382","0","2","2014","2산단로 125","202504~202603","신규","-","","","아파트"
"27780","충청북도 청주시 청원구 오창읍 주성리","561","0561","0000","충북오창사랑으로부영8단지","전세","82.8216","202503","10","16,542","0","3","2015","2산단로 151","202504~202604","갱신","-","16,379","0","아파트"
"27781","충청북도 청주시 청원구 오창읍 주성리","564","0564","0000","사랑으로부영7단지","전세","57.7554","202503","10","12,199","0","9","2014","2산단4로 60","202503~202603","갱신","-","12,199","0","아파트"
"27782","충청북도 청주시 청원구 오창읍 주성리","564","0564","0000","사랑으로부영7단지","전세","57.7554","202503","10","12,199","0","13","2014","2산단4로 60","202504~202604","갱신","-","12,199","0","아파트"
"27783","충청북도 청주시 청원구 오창읍 주성리","564","0564","0000","사랑으로부영7단지","전세","57.7554","202503","10","12,199","0","4","2014","2산단4로 60","202504~202604","갱신","-","12,199","0","아파트"
"27784","충청북도 청주시 청원구 오창읍 주성리","564","0564","0000","사랑으로부영7단지","전세","57.7554","202503","10","12,199","0","7","2014","2산단4로 60","202504~202604","갱신","-","12,199","0","아파트"
"27785","충청북도 청주시 청원구 오창읍 주성리","569","0569","0000","충북오창사랑으로부영6단지","전세","57.7554","202503","10","12,567","0","16","2014","2산단로 125","202506~202606","갱신","-","12,382","0","아파트"
"27786","충청북도 청주시 청원구 오창읍 주성리","569","0569","0000","충북오창사랑으로부영6단지","전세","57.7554","202503","10","12,567","0","12","2014","2산단로 125","202505~202605","갱신","-","12,382","0","아파트"
"27787","충청북도 청주시 청원구 오창읍 주성리","569","0569","0000","충북오창사랑으로부영6단지","전세","57.7554","202503","10","12,382","0","3","2014","2산단로 125","202504~202604","갱신","-","12,164","0","아파트"
"27788","충청북도 청주시 청원구 오창읍 주성리","569","0569","0000","충북오창사랑으로부영6단지","전세","57.7554","202503","10","12,382","0","15","2014","2산단로 125","202503~202603","갱신","-","12,164","0","아파트"
"27789","충청북도 청주시 청원구 오창읍 주성리","556","0556","0000","오창대성베르힐","전세","84.8520","202503","10","26,000","0","2","2015","2산단로 160","202504~202704","신규","-","","","아파트"
"27790","충청북도 청주시 청원구 오창읍 주성리","561","0561","0000","충북오창사랑으로부영8단지","월세","82.8216","202503","10","5,335","46","5","2015","2산단로 151","202503~202603","신규","-","","","아파트"
"27791","충청북도 청주시 청원구 오창읍 주성리","569","0569","0000","충북오창사랑으로부영6단지","전세","57.7554","202503","10","12,346","0","8","2014","2산단로 125","202504~202604","갱신","-","12,164","0","아파트"
"27792","충청북도 청주시 청원구 오창읍 주성리","569","0569","0000","충북오창사랑으로부영6단지","월세","57.7554","202503","10","5,682","29","1","2014","2산단로 125","202506~202606","갱신","-","5,599","28","아파트"
"27793","충청북도 청주시 상당구 금천동","115-1","0115","0001","수정","월세","84.9500","202503","10","13,000","5","11","1993","꽃산동로 40","202504~202704","신규","-","","","아파트"
"27794","충청북도 청주시 상당구 용암동","3164","3164","0000","청주동남파밀리에NHF4단지","월세","51.7600","202503","10","7,902","18","1","2021","동남로 187","202505~202704","갱신","-","7,782","17","아파트"
"27795","충청북도 청주시 상당구 용암동","3164","3164","0000","청주동남파밀리에NHF4단지","월세","59.6300","202503","10","9,150","20","9","2021","동남로 187","202504~202703","신규","-","","","아파트"
"27796","충청북도 청주시 상당구 용암동","2064","2064","0000","세원한아름","월세","41.8500","202503","10","500","40","14","1994","무농정로 90","202504~202704","신규","-","","","아파트"
"27797","충청북도 청주시 청원구 오창읍 양청리","810-2","0810","0002","오창롯데캐슬더하이스트","월세","59.9502","202503","10","2,000","105","23","2018","중부로 760","202505~202605","갱신","-","2,000","100","아파트"
"27798","충청북도 청주시 청원구 오창읍 양청리","810-2","0810","0002","오창롯데캐슬더하이스트","전세","59.9502","202503","10","26,000","0","21","2018","중부로 760","202503~202703","갱신","사용","25,000","0","아파트"
"27799","충청북도 청주시 상당구 금천동","124","0124","0000","효성","월세","27.2900","202503","09","300","25","14","1998","수영로 204","202503~202703","신규","-","","","아파트"
"27800","충청북도 청주시 흥덕구 오송읍 연제리","736","0736","0000","오송호반베르디움","전세","84.8873","202503","09","24,000","0","13","2010","오송생명3로 111","202503~202703","신규","-","","","아파트"
"27801","충청북도 청주시 상당구 용암동","3604","3604","0000","동남힐데스하임","월세","84.8429","202503","09","2,000","130","11","2020","월운로 116","202505~202705","신규","-","","","아파트"
"27802","충청북도 청주시 상당구 용암동","2064","2064","0000","세원한아름","전세","59.7600","202503","09","11,000","0","10","1994","무농정로 90","202504~202704","신규","-","","","아파트"
"27803","충청북도 청주시 상당구 탑동","390","0390","0000","센트럴힐데스하임","전세","84.8470","202503","09","35,000","0","16","2022","용담로 50","202504~202704","신규","-","","","아파트"
"27804","충청북도 청주시 청원구 오창읍 주성리","556","0556","0000","오창대성베르힐","전세","72.8994","202503","09","22,000","0","1","2015","2산단로 160","202505~202705","신규","-","","","아파트"
"27805","충청북도 청주시 상당구 금천동","77-7","0077","0007","뉴타운","월세","59.9600","202503","09","1,000","60","15","1993","꽃산동로 41","-","-","-","","","아파트"
"27806","충청북도 청주시 상당구 금천동","77-7","0077","0007","뉴타운","월세","59.9600","202503","09","1,000","60","15","1993","꽃산동로 41","202504~202704","신규","-","","","아파트"
"27807","충청북도 청주시 상당구 금천동","77-7","0077","0007","뉴타운","월세","84.9000","202503","09","1,000","75","14","1993","꽃산동로 41","202505~202705","갱신","-","1,000","65","아파트"
"27808","충청북도 청주시 상당구 용정동","1116","1116","0000","청주용정한라비발디","전세","84.9200","202503","09","30,000","0","4","2013","용정로 35","202505~202705","신규","-","","","아파트"
"27809","충청북도 청주시 상당구 용정동","1116","1116","0000","청주용정한라비발디","전세","84.9200","202503","09","30,000","0","4","2013","용정로 35","-","-","-","","","아파트"
"27810","충청북도 청주시 상당구 금천동","77-7","0077","0007","뉴타운","월세","84.9000","202503","09","1,000","75","14","1993","꽃산동로 41","202505~202705","갱신","-","1,000","65","아파트"
"27811","충청북도 청주시 청원구 오창읍 주성리","556","0556","0000","오창대성베르힐","전세","72.8994","202503","09","22,000","0","1","2015","2산단로 160","-","-","-","","","아파트"
"27812","충청북도 청주시 청원구 오창읍 주성리","556","0556","0000","오창대성베르힐","전세","72.8994","202503","09","22,000","0","3","2015","2산단로 160","202505~202705","신규","-","","","아파트"
"27813","충청북도 옥천군 옥천읍 장야리","444","0444","0000","더퍼스트이안","월세","75.6918","202503","09","12,000","30","16","2021","장야4길 51","202504~202704","신규","-","","","아파트"
"27814","충청북도 충주시 용산동","2628","2628","0000","충주3차푸르지오","전세","84.9748","202503","09","30,000","0","3","2018","염밭로 13","202504~202704","신규","-","","","아파트"
"27815","충청북도 청주시 흥덕구 강내면 월곡리","438","0438","0000","흥덕칸타빌더뉴","전세","74.6957","202503","09","23,000","0","19","2024","가로수로 640-47","202503~202703","신규","-","","","아파트"
"27816","충청북도 청주시 흥덕구 송절동","846","0846","0000","청주테크노폴리스우방아이유쉘2단지","월세","84.9725","202503","09","3,000","130","8","2018","송화로108번길 111","202506~202801","신규","-","","","아파트"
"27817","충청북도 충주시 교현동","1061","1061","0000","남산주공2","월세","54.0900","202503","09","500","40","2","1984","남산4길 35","202503~202703","신규","-","","","아파트"
"27818","충청북도 충주시 연수동","700","0700","0000","두진1차","월세","47.3700","202503","09","500","40","2","1991","연수로 7","202504~202703","신규","-","","","아파트"
"27819","충청북도 제천시 하소동","82","0082","0000","주공","월세","39.6900","202503","09","300","35","3","1989","용두대로15길 11","202503~202703","신규","-","","","아파트"
"27820","충청북도 충주시 목행동","886","0886","0000","한라비발디","전세","84.9940","202503","09","18,000","0","8","2007","목행산단4로 13","202503~202703","신규","-","","","아파트"
"27821","충청북도 충주시 칠금동","821","0821","0000","부영(1차)","전세","60.0000","202503","09","11,200","0","10","1996","금릉로 46","202503~202703","갱신","사용","11,000","0","아파트"
"27822","충청북도 청주시 흥덕구 문암동","213","0213","0000","청주테크노폴리스신영지웰푸르지오","전세","84.9664","202503","09","31,500","0","14","2022","송화로 229","202506~202701","신규","-","","","아파트"
"27823","충청북도 청주시 흥덕구 강내면 월곡리","438","0438","0000","흥덕칸타빌더뉴","전세","74.6957","202503","09","23,000","0","19","2024","가로수로 640-47","-","-","-","","","아파트"
"27824","충청북도 진천군 덕산읍 두촌리","2456","2456","0000","영무예다음2차","전세","84.9364","202503","09","21,000","0","10","2016","대하로 195","202504~202704","신규","-","","","아파트"
"27825","충청북도 청주시 흥덕구 복대동","2459","2459","0000","두진하트리움","전세","59.9238","202503","09","16,600","0","10","1999","증안로 33","202503~202703","갱신","사용","18,000","0","아파트"
"27826","충청북도 청주시 흥덕구 복대동","2456","2456","0000","아름다운나날영조1","월세","59.3291","202503","09","2,000","80","8","2003","증안로 21","202504~202704","신규","-","","","아파트"
"27827","충청북도 청주시 흥덕구 복대동","3381","3381","0000","두산위브지웰시티2차","전세","80.4990","202503","09","45,000","0","13","2015","대농로 55","202505~202705","갱신","-","35,000","0","아파트"
"27828","충청북도 청주시 흥덕구 복대동","2456","2456","0000","아름다운나날영조1","월세","59.3291","202503","09","2,000","80","8","2003","증안로 21","-","-","-","","","아파트"
"27829","충청북도 청주시 서원구 사직동","934","0934","0000","푸르지오캐슬(501~508)","전세","72.2800","202503","09","25,000","0","19","2010","예체로 30","202504~202709","신규","-","","","아파트"
"27830","충청북도 청주시 흥덕구 비하동","823","0823","0000","청주비하1차대광로제비앙","전세","84.9418","202503","09","32,000","0","6","2018","가로수로1131번길 11","202506~202706","신규","-","","","아파트"
"27831","충청북도 청주시 흥덕구 옥산면 가락리","953","0953","0000","흥덕코오롱하늘채아파트","월세","84.8642","202503","09","2,000","90","10","2016","가락길 60","202504~202704","신규","-","","","아파트"
"27832","충청북도 청주시 서원구 수곡동","1002","1002","0000","두진백로","월세","59.7600","202503","09","1,000","65","6","1995","수곡로 36","202503~202703","신규","-","","","아파트"
"27833","충청북도 청주시 서원구 사창동","180-1","0180","0001","청주센트럴리슈빌DS","월세","37.9303","202503","09","2,000","75","31","2023","1순환로 627","202503~202603","신규","-","","","아파트"
"27834","충청북도 청주시 흥덕구 비하동","823","0823","0000","청주비하1차대광로제비앙","전세","84.9418","202503","09","32,000","0","6","2018","가로수로1131번길 11","202606~202806","신규","-","","","아파트"
"27835","충청북도 청주시 서원구 분평동","1202","1202","0000","분평주공2","전세","59.9900","202503","09","13,000","0","9","1997","1순환로1137번길 129","202506~202510","신규","-","","","아파트"
"27836","충청북도 청주시 서원구 성화동","939","0939","0000","성화호반베르디움","전세","84.8572","202503","09","33,500","0","11","2012","구룡산로 24","202505~202705","신규","-","","","아파트"
"27837","충청북도 청주시 서원구 성화동","939","0939","0000","성화호반베르디움","전세","84.8572","202503","09","33,500","0","11","2012","구룡산로 24","202505~202705","신규","-","","","아파트"
"27838","충청북도 청주시 흥덕구 가경동","2258","2258","0000","가경자이","전세","75.7676","202503","09","40,000","0","18","2020","서현로 30","202508~202708","신규","-","","","아파트"
"27839","충청북도 청주시 흥덕구 복대동","993","0993","0000","덕일","월세","59.9100","202503","09","2,000","40","4","1989","복대로 149","202505~202705","신규","-","","","아파트"
"27840","충청북도 청주시 서원구 모충동","520-40","0520","0040","일신베네스트","월세","24.7164","202503","08","250","27","10","2004","모충로68번길 26","202503~202703","신규","-","","","아파트"
"27841","충청북도 청주시 서원구 모충동","452","0452","0000","주공1","전세","47.2500","202503","08","7,300","0","5","1985","쌍샘로 84","202503~202703","신규","-","","","아파트"
"27842","충청북도 청주시 서원구 개신동","41-5","0041","0005","한진","월세","32.0000","202503","08","300","38","5","1996","모충로3번길 81","202503~202603","신규","-","","","아파트"
"27843","충청북도 청주시 서원구 산남동","679","0679","0000","대우푸르지오","전세","84.9960","202503","08","27,500","0","11","2007","두꺼비로 53","202504~202704","갱신","-","24,000","0","아파트"
"27844","충청북도 청주시 서원구 산남동","1094","1094","0000","부영사랑으로","전세","59.9364","202503","08","18,900","0","13","2007","원흥로 14","202504~202704","신규","-","","","아파트"
"27845","충청북도 청주시 서원구 개신동","613","0613","0000","휴먼시아","월세","59.9000","202503","08","1,500","75","4","2001","경신로 67","202504~202804","신규","-","","","아파트"
"27846","충청북도 청주시 서원구 사직동","937","0937","0000","푸르지오캐슬(401~413)","전세","84.4000","202503","08","24,000","0","7","2010","창직로 50","202503~202703","신규","-","","","아파트"
"27847","충청북도 청주시 흥덕구 운천동","677-1","0677","0001","진양","월세","59.9400","202503","08","500","40","5","1987","사운로 257","202504~202704","신규","-","","","아파트"
"27848","충청북도 청주시 서원구 사직동","931","0931","0000","푸르지오캐슬(101~117)","월세","84.4000","202503","08","13,000","50","13","2010","예체로 68","202505~202705","신규","-","","","아파트"
"27849","충청북도 청주시 서원구 사직동","934","0934","0000","푸르지오캐슬(501~508)","전세","104.0400","202503","08","31,000","0","5","2010","예체로 30","202505~202705","신규","-","","","아파트"
"27850","충청북도 청주시 흥덕구 옥산면 가락리","953","0953","0000","흥덕코오롱하늘채아파트","월세","59.9318","202503","08","2,500","65","6","2016","가락길 60","202504~202704","신규","-","","","아파트"
"27851","충청북도 청주시 흥덕구 복대동","3382","3382","0000","복대두진하트리움","전세","84.9314","202503","08","39,000","0","19","2015","죽천로 27","202505~202705","신규","-","","","아파트"
"27852","충청북도 청주시 흥덕구 복대동","2009","2009","0000","세원","전세","59.3700","202503","08","9,000","0","5","1990","장구봉로101번길 45","202503~202703","갱신","-","8,400","0","아파트"
"27853","충청북도 청주시 흥덕구 복대동","993","0993","0000","덕일","월세","49.6100","202503","08","500","35","1","1989","복대로 149","202503~202702","신규","-","","","아파트"
"27854","충청북도 청주시 흥덕구 복대동","3377","3377","0000","신영지웰","전세","84.7870","202503","08","27,300","0","15","2009","진재로103번길 37","202503~202703","갱신","사용","26,000","0","아파트"
"27855","충청북도 청주시 흥덕구 복대동","3381","3381","0000","두산위브지웰시티2차","월세","80.4990","202503","08","5,000","170","44","2015","대농로 55","202503~202603","갱신","사용","5,000","160","아파트"
"27856","충청북도 청주시 흥덕구 복대동","3382","3382","0000","복대두진하트리움","전세","59.8948","202503","08","32,500","0","10","2015","죽천로 27","202505~202705","신규","-","","","아파트"
"27857","충청북도 청주시 흥덕구 복대동","993","0993","0000","덕일","전세","49.6100","202503","08","8,800","0","4","1989","복대로 149","202503~202703","신규","-","","","아파트"
"27858","충청북도 청주시 흥덕구 복대동","3029","3029","0000","현대2","전세","60.0000","202503","08","18,500","0","12","2000","증안로 77","202505~202705","신규","-","","","아파트"
"27859","충청북도 청주시 흥덕구 가경동","1761","1761","0000","가로수마을한라비발디","전세","84.9650","202503","08","30,450","0","4","2008","서현서로 40","-","-","-","","","아파트"
"27860","충청북도 청주시 흥덕구 가경동","1761","1761","0000","가로수마을한라비발디","전세","84.9650","202503","08","30,000","0","4","2008","서현서로 40","-","-","-","","","아파트"
"27861","충청북도 청주시 흥덕구 가경동","1761","1761","0000","가로수마을한라비발디","전세","84.9650","202503","08","30,000","0","4","2008","서현서로 40","202503~202703","갱신","사용","29,000","0","아파트"
"27862","충청북도 청주시 서원구 분평동","1202","1202","0000","분평주공2","월세","49.7700","202503","08","500","50","3","1997","1순환로1137번길 129","202504~202704","신규","-","","","아파트"
"27863","충청북도 청주시 서원구 분평동","1200","1200","0000","분평주공3","전세","59.9900","202503","08","13,000","0","19","1997","1순환로1137번길 130","202503~202703","신규","-","","","아파트"
"27864","충청북도 청주시 서원구 분평동","1202","1202","0000","분평주공2","전세","59.9900","202503","08","13,000","0","7","1997","1순환로1137번길 129","202504~202704","신규","-","","","아파트"
"27865","충청북도 청주시 서원구 분평동","1261","1261","0000","분평주공4","월세","59.9900","202503","08","1,000","65","11","1999","1순환로1137번길 80","202504~202704","신규","-","","","아파트"
"27866","충청북도 청주시 서원구 분평동","1200","1200","0000","주공3단지2차","월세","49.7700","202503","08","1,000","50","14","1997","1순환로1137번길 130","202503~202703","신규","-","","","아파트"
"27867","충청북도 청주시 서원구 분평동","1202","1202","0000","분평주공2","월세","39.6900","202503","08","500","45","9","1997","1순환로1137번길 129","202503~202703","신규","-","","","아파트"
"27868","충청북도 청주시 서원구 분평동","1202","1202","0000","분평주공2","전세","59.9900","202503","08","13,000","0","7","1997","1순환로1137번길 129","202504~202704","신규","-","","","아파트"
"27869","충청북도 음성군 대소면 성본리","803","0803","0000","음성동문디이스트","월세","84.9615","202503","08","3,000","60","27","2024","성본산단3로 13","202504~202704","신규","-","","","아파트"
"27870","충청북도 청주시 흥덕구 옥산면 가락리","981","0981","0000","청주리버파크자이","전세","77.2710","202503","08","25,000","0","28","2019","오송가락로 1056","202503~202703","신규","-","","","아파트"
"27871","충청북도 청주시 흥덕구 봉명동","2934","2934","0000","청주SKVIEW자이","월세","59.9784","202503","08","3,000","120","8","2024","월명로 76","202504~202703","신규","-","","","아파트"
"27872","충청북도 청주시 흥덕구 강서동","470","0470","0000","나보나시티","월세","21.4600","202503","08","5,000","25","21","2021","가로수로1164번길 41-28","202503~202703","신규","-","","","아파트"
"27873","충청북도 청주시 서원구 수곡동","324","0324","0000","주공1","월세","39.6900","202503","08","300","35","5","1990","구룡산로 319","202503~202703","신규","-","","","아파트"
"27874","충청북도 청주시 흥덕구 강서동","470","0470","0000","나보나시티","전세","29.8600","202503","08","10,800","0","18","2021","가로수로1164번길 41-28","202504~202604","신규","-","","","아파트"
"27875","충청북도 청주시 서원구 수곡동","1057","1057","0000","더샵청주퍼스트파크","전세","84.9722","202503","08","35,000","0","19","2021","수곡로 20","202506~202706","신규","-","","","아파트"
"27876","충청북도 청주시 서원구 성화동","1034","1034","0000","청주성화2다안채6단지","전세","84.9600","202503","08","27,500","0","6","2013","구룡산로52번길 51","202506~202706","신규","-","","","아파트"
"27877","충청북도 청주시 서원구 수곡동","324","0324","0000","주공1","월세","47.0100","202503","08","500","35","5","1990","구룡산로 319","202503~202703","신규","-","","","아파트"
"27878","충청북도 청주시 서원구 수곡동","324","0324","0000","주공1","월세","39.6900","202503","08","500","30","5","1990","구룡산로 319","202503~202703","신규","-","","","아파트"
"27879","충청북도 청주시 흥덕구 오송읍 연제리","736","0736","0000","오송호반베르디움","월세","84.8873","202503","08","3,000","100","16","2010","오송생명3로 111","202503~202703","신규","-","","","아파트"
"27880","충청북도 청주시 청원구 오창읍 양청리","810-2","0810","0002","오창롯데캐슬더하이스트","전세","84.9604","202503","08","31,000","0","5","2018","중부로 760","202505~202705","신규","-","","","아파트"
"27881","충청북도 청주시 상당구 금천동","312","0312","0000","장자마을부영(312)","월세","84.9767","202503","08","2,000","100","3","2003","수영로 306","202503~202703","신규","-","","","아파트"
"27882","충청북도 청주시 청원구 오창읍 양청리","810-2","0810","0002","오창롯데캐슬더하이스트","월세","70.9779","202503","08","15,000","60","33","2018","중부로 760","202505~202705","신규","-","","","아파트"
"27883","충청북도 청주시 청원구 오창읍 각리","637-1","0637","0001","한라비발디","월세","108.4530","202503","08","3,000","120","2","2006","오창중앙로 94","202505~202705","신규","-","","","아파트"
"27884","충청북도 청주시 청원구 오창읍 각리","646-1","0646","0001","우림필유2차","전세","59.9101","202503","08","19,000","0","9","2006","오창중앙로 65","202504~202704","갱신","사용","19,000","0","아파트"
"27885","충청북도 청주시 청원구 우암동","237-13","0237","0013","일진캠퍼스타워","전세","16.2100","202503","08","5,000","0","5","2015","상당로 249","202503~202703","신규","-","","","아파트"
"27886","충청북도 청주시 상당구 용암동","2064","2064","0000","세원한아름","월세","59.7600","202503","08","2,000","55","8","1994","무농정로 90","202504~202704","신규","-","","","아파트"
"27887","충청북도 청주시 상당구 용암동","2915","2915","0000","강변뜨란채","월세","84.7800","202503","08","2,000","80","7","2005","무심동로 86","202504~202704","신규","-","","","아파트"
"27888","충청북도 청주시 청원구 오창읍 주성리","562","0562","0000","오창모아미래도와이드시티","전세","84.9926","202503","08","26,000","0","6","2016","2산단로 167","202503~202703","갱신","사용","25,000","0","아파트"
"27889","충청북도 청주시 상당구 용담동","190-1","0190","0001","홍은모드니","월세","41.5350","202503","08","500","35","11","2009","용담로105번길 70","202504~202704","신규","-","","","아파트"
"27890","충청북도 청주시 청원구 오창읍 각리","645-1","0645","0001","코아루","전세","84.9696","202503","08","29,000","0","7","2006","오창중앙로 27","202504~202704","신규","-","","","아파트"
"27891","충청북도 청주시 청원구 오창읍 창리","160","0160","0000","대원칸타빌아파트","전세","84.9199","202503","08","23,100","0","19","2017","2산단4로 55","202504~202704","갱신","사용","22,000","0","아파트"
"27892","충청북도 청주시 상당구 방서동","654","0654","0000","청주센트럴자이","전세","84.7377","202503","08","28,000","0","6","2018","단재로 316","202504~202510","갱신","-","28,000","0","아파트"
"27893","충청북도 청주시 상당구 용암동","2060","2060","0000","부영","월세","50.4900","202503","08","500","50","6","1996","월평로 243","202503~202703","신규","-","","","아파트"
"27894","충청북도 청주시 상당구 용담동","467","0467","0000","우미린에듀파크2단지","월세","84.9854","202503","08","3,000","130","18","2018","수영로 359","202504~202704","신규","-","","","아파트"
"27895","충청북도 청주시 상당구 용암동","2537","2537","0000","중흥마을마이빌아파트","전세","59.9187","202503","08","13,900","0","3","2003","중흥로 148","202505~202705","신규","-","","","아파트"
"27896","충청북도 청주시 상당구 용암동","3163","3163","0000","청주동남파라곤아파트","월세","84.9455","202503","08","3,000","130","18","2022","중고개로 56","202505~202705","신규","-","","","아파트"
"27897","충청북도 청주시 상당구 금천동","124","0124","0000","효성","월세","27.2900","202503","08","500","40","2","1998","수영로 204","202503~202703","신규","-","","","아파트"
"27898","충청북도 청주시 상당구 금천동","477","0477","0000","금천센트럴파크스타힐스","전세","84.6785","202503","08","29,000","0","4","2020","쇠내로 48","202504~202704","신규","-","","","아파트"
"27899","충청북도 청주시 흥덕구 오송읍 연제리","726","0726","0000","모아미래도","전세","84.7627","202503","08","25,000","0","19","2010","오송생명3로 87","202506~202706","신규","-","","","아파트"
"27900","충청북도 청주시 청원구 사천동","229-1","0229","0001","신동아","전세","72.3300","202503","08","13,000","0","6","1993","율봉로 77","202505~202705","신규","-","","","아파트"
"27901","충청북도 충주시 교현동","1083","1083","0000","남산주공1","월세","38.5200","202503","08","100","40","3","1986","남산4길 28","202503~202603","신규","-","","","아파트"
"27902","충청북도 충주시 호암동","542-1","0542","0001","세경","전세","56.8800","202503","08","5,500","0","5","1989","신촌2길 14","-","-","-","","","아파트"
"27903","충청북도 제천시 장락동","1050","1050","0000","신안실크밸리","전세","63.6102","202503","08","21,000","0","4","2017","내토로59길 31","202504~202704","신규","-","","","아파트"
"27904","충청북도 충주시 연수동","464-3","0464","0003","낙원","전세","44.1300","202503","08","6,000","0","1","1993","동수5길 34","202503~202703","신규","-","","","아파트"
"27905","충청북도 충주시 호암동","1063","1063","0000","충주호암두진하트리움아파트","월세","84.8030","202503","08","3,000","130","9","2019","호암수청2로 78","202507~202707","신규","-","","","아파트"
"27906","충청북도 충주시 연수동","700","0700","0000","두진2차","월세","58.5800","202503","08","300","40","10","1992","연수로 7","202503~202703","신규","-","","","아파트"
"27907","충청북도 제천시 강제동","844","0844","0000","제천강저롯데캐슬프리미어","전세","75.1286","202503","08","25,000","0","4","2017","청풍호로10길 53","202505~202705","갱신","-","25,000","0","아파트"
"27908","충청북도 충주시 중앙탑면 용전리","656","0656","0000","미진이지비아","전세","59.9941","202503","08","13,000","0","16","2017","기업도시로 189","202505~202705","신규","-","","","아파트"
"27909","충청북도 증평군 증평읍 송산리","722-1","0722","0001","송산칸타빌더센트럴","월세","84.9957","202503","08","3,000","110","20","2023","송산로 36","202507~202707","신규","-","","","아파트"
"27910","충청북도 청주시 흥덕구 송절동","846","0846","0000","청주테크노폴리스우방아이유쉘2단지","전세","84.3537","202503","08","36,000","0","9","2018","송화로108번길 111","202505~202709","신규","-","","","아파트"
"27911","충청북도 청주시 흥덕구 강내면 탑연리","301-1","0301","0001","주은반석","전세","84.9896","202503","08","12,000","0","10","2000","태성탑연로 391-28","202503~202703","신규","-","","","아파트"
"27912","충청북도 영동군 영동읍 매천리","465","0465","0000","골든렉시움","전세","84.8466","202503","08","20,000","0","5","2024","반곡동길 31","202505~202705","신규","-","","","아파트"
"27913","충청북도 청주시 청원구 율량동","1144","1144","0000","한울아파트301동","전세","30.3300","202503","08","4,200","0","10","1998","주성로96번길 12","202503~202703","갱신","-","4,000","0","아파트"
"27914","충청북도 충주시 연수동","686","0686","0000","연수주공4차,5차","전세","59.7100","202503","08","10,000","0","1","1997","예성로 401","202503~202703","신규","-","","","아파트"
"27915","충청북도 청주시 청원구 율량동","2246","2246","0000","대원칸타빌4차아파트","전세","84.9220","202503","08","34,000","0","22","2015","율중로 10","202505~202705","신규","-","","","아파트"
"27916","충청북도 진천군 덕산읍 두촌리","2487","2487","0000","충북혁신리슈빌","전세","84.1600","202503","08","20,000","0","21","2018","연미로 128","202504~202704","신규","-","","","아파트"
"27917","충청북도 충주시 대소원면 본리","642","0642","0000","충주지웰","월세","59.2483","202503","08","1,000","50","5","2016","첨단산업2로 42","202504~202703","신규","-","","","아파트"
"27918","충청북도 충주시 칠금동","1015","1015","0000","부영아파트(2차)","월세","60.0000","202503","08","1,000","60","4","1996","칠금중앙로 30","202503~202703","신규","-","","","아파트"
"27919","충청북도 진천군 광혜원면 광혜원리","383-4","0383","0004","산일전원APT","전세","58.1580","202503","08","6,000","0","16","1999","장기길 66-1","202503~202703","신규","-","","","아파트"
"27920","충청북도 청주시 청원구 율량동","2605","2605","0000","율량금호어울림센트로","전세","59.9444","202503","08","24,150","0","2","2022","율천북로 91","202504~202702","신규","-","","","아파트"
"27921","충청북도 음성군 대소면 태생리","308","0308","0000","한진신세대","월세","34.8000","202503","08","300","38","6","1998","대성로77번길 15","202503~202603","신규","-","","","아파트"
"27922","충청북도 진천군 진천읍 성석리","327-1","0327","0001","동백3차아파트","월세","29.2500","202503","08","3,300","10","11","1999","덕금로 55","202503~202603","신규","-","","","아파트"
"27923","충청북도 진천군 진천읍 성석리","969-6","0969","0006","e편한세상진천로얄하임","전세","84.9808","202503","08","25,000","0","5","2023","문화로 404","202503~202703","신규","-","","","아파트"
"27924","충청북도 진천군 덕산읍 두촌리","3148","3148","0000","충북혁신도시아모리움내안애","전세","84.9637","202503","08","24,000","0","19","2018","대하로 114","202503~202703","신규","-","","","아파트"
"27925","충청북도 청주시 청원구 율량동","1263","1263","0000","율량효성2","월세","45.2800","202503","08","500","40","10","1997","사뜸로 62","202504~202704","신규","-","","","아파트"
"27926","충청북도 음성군 금왕읍 무극리","662","0662","0000","두진백로1차","전세","59.5800","202503","08","6,500","0","12","1995","탑골길 20","202504~202704","신규","-","","","아파트"
"27927","충청북도 음성군 맹동면 동성리","445","0445","0000","충북혁신도시 LH쌍용예가","전세","59.9300","202503","07","19,000","0","18","2014","사예로 20","-","-","-","","","아파트"
"27928","충청북도 진천군 진천읍 교성리","243-4","0243","0004","동양","전세","76.1100","202503","07","10,000","0","3","1990","문화4길 27","202505~202705","신규","-","","","아파트"
"27929","충청북도 충주시 연수동","1767","1767","0000","충주센트럴푸르지오","전세","84.9593","202503","07","31,500","0","39","2018","연수서편2길 11","202503~202703","갱신","사용","30,000","0","아파트"
"27930","충청북도 증평군 증평읍 신동리","513","0513","0000","정우안단테","전세","59.8953","202503","07","14,000","0","12","2019","역전로 90","202503~202703","신규","-","","","아파트"
"27931","충청북도 충주시 중앙탑면 용전리","661","0661","0000","e편한세상충주","전세","84.9537","202503","07","23,000","0","2","2017","원앙9길 15","202505~202605","신규","-","","","아파트"
"27932","충청북도 진천군 이월면 사곡리","600-1","0600","0001","부영임대","전세","60.0000","202503","07","6,589","0","12","2004","진광로 121","202504~202604","갱신","-","6,511","0","아파트"
"27933","충청북도 충주시 대소원면 본리","668","0668","0000","충주첨단행복주택","월세","26.0400","202503","07","1,386","8","5","2016","첨단쉼터8길 19","202504~202703","신규","-","","","아파트"
"27934","충청북도 진천군 진천읍 성석리","980","0980","0000","지안스로가2단지","월세","59.9878","202503","07","2,500","50","14","2022","대촌길 33-15","202503~202603","신규","-","","","아파트"
"27935","충청북도 청주시 흥덕구 강내면 월곡리","438","0438","0000","흥덕칸타빌더뉴","월세","59.9755","202503","07","2,000","80","12","2024","가로수로 640-47","202503~202703","신규","-","","","아파트"
"27936","충청북도 제천시 장락동","1026","1026","0000","장락주공2단지","전세","39.9900","202503","07","7,000","0","5","1999","죽하로 48","202504~202704","신규","-","","","아파트"
"27937","충청북도 제천시 장락동","1043","1043","0000","제천장락4주공","월세","46.7100","202503","07","1,491","13","10","2005","내토로59길 7","202504~202703","갱신","-","1,491","12","아파트"
"27938","충청북도 제천시 장락동","637-7","0637","0007","제천미림청솔","전세","49.7700","202503","07","8,000","0","7","1995","청전대로 211","202503~202703","신규","-","","","아파트"
"27939","충청북도 보은군 보은읍 장신리","183","0183","0000","보은신한헤센","전세","74.9690","202503","07","7,000","0","17","2018","보청대로 1966","202503~202703","신규","-","","","아파트"
"27940","충청북도 진천군 진천읍 장관리","880","0880","0000","진천장관사랑으로부영2차","전세","59.9605","202503","07","9,740","0","16","2013","진광로 97-13","202503~202603","신규","-","","","아파트"
"27941","충청북도 진천군 진천읍 장관리","884","0884","0000","진천장관사랑으로부영1차","월세","84.9877","202503","07","5,060","25","3","2013","장관2길 139","202504~202604","신규","-","","","아파트"
"27942","충청북도 충주시 호암동","1063","1063","0000","충주호암두진하트리움아파트","전세","66.9570","202503","07","27,000","0","17","2019","호암수청2로 78","202504~202704","신규","-","","","아파트"
"27943","충청북도 충주시 주덕읍 화곡리","1250","1250","0000","서충주신도시삼일파라뷰2차그랜드시티","전세","84.9963","202503","07","30,000","0","8","2024","화개4길 29","202503~202702","신규","-","","","아파트"
"27944","충청북도 충주시 호암동","1068","1068","0000","충주호암제일풍경채","월세","84.9737","202503","07","9,500","16","22","2022","호암수청1로 60","202503~202703","신규","-","","","아파트"
"27945","충청북도 진천군 덕산읍 두촌리","2487","2487","0000","충북혁신리슈빌","월세","74.8200","202503","07","2,000","75","9","2018","연미로 128","202504~202704","신규","-","","","아파트"
"27946","충청북도 진천군 덕산읍 두촌리","3147","3147","0000","우미린스테이","월세","84.7020","202503","07","11,960","18","2","2018","대하로 150","202504~202704","갱신","-","11,960","15","아파트"
"27947","충청북도 진천군 덕산읍 두촌리","3147","3147","0000","우미린스테이","월세","78.2298","202503","07","11,500","19","10","2018","대하로 150","202504~202704","갱신","-","0","17","아파트"
"27948","충청북도 제천시 왕암동","779","0779","0000","왕암코아루드림","월세","66.7275","202503","07","300","48","6","2018","바이오밸리로 171","202504~202603","신규","-","","","아파트"
"27949","충청북도 청주시 청원구 주성동","336","0336","0000","율량5단지선광로즈웰2차","전세","84.9768","202503","07","33,000","0","15","2014","율량로 119","202506~202706","신규","-","","","아파트"
"27950","충청북도 제천시 청전동","4","0004","0000","주공","전세","42.5400","202503","07","3,500","0","5","1980","청전대로15길 70","202504~202704","신규","-","","","아파트"
"27951","충청북도 충주시 주덕읍 화곡리","1250","1250","0000","서충주신도시삼일파라뷰2차그랜드시티","전세","84.9734","202503","07","30,000","0","11","2024","화개4길 29","202502~202702","신규","-","","","아파트"
"27952","충청북도 충주시 주덕읍 화곡리","1250","1250","0000","서충주신도시삼일파라뷰2차그랜드시티","전세","84.9963","202503","07","31,500","0","23","2024","화개4길 29","202503~202702","신규","-","","","아파트"
"27953","충청북도 충주시 금릉동","771","0771","0000","삼성푸른","전세","49.1400","202503","07","7,500","0","12","1993","금제1길 5","202505~202705","갱신","사용","8,500","0","아파트"
"27954","충청북도 충주시 주덕읍 화곡리","1250","1250","0000","서충주신도시삼일파라뷰2차그랜드시티","전세","84.9734","202503","07","30,000","0","14","2024","화개4길 29","202503~202702","신규","-","","","아파트"
"27955","충청북도 충주시 주덕읍 화곡리","1250","1250","0000","서충주신도시삼일파라뷰2차그랜드시티","전세","84.9734","202503","07","30,000","0","7","2024","화개4길 29","202503~202702","신규","-","","","아파트"
"27956","충청북도 음성군 맹동면 동성리","246","0246","0000","엘에이치이노밸리","전세","74.4200","202503","07","20,000","0","22","2014","학예로 55","202504~202704","갱신","사용","20,000","0","아파트"
"27957","충청북도 청주시 흥덕구 송절동","846","0846","0000","청주테크노폴리스우방아이유쉘2단지","전세","84.3537","202503","07","35,000","0","6","2018","송화로108번길 111","202502~202702","신규","-","","","아파트"
"27958","충청북도 청주시 흥덕구 송절동","851","0851","0000","청주테크노폴리스푸르지오","전세","84.9950","202503","07","14,000","0","5","2018","송화로214번길 7","202503~202703","신규","-","","","아파트"
"27959","충청북도 충주시 칠금동","821","0821","0000","부영(1차)","전세","60.0000","202503","07","11,700","0","5","1996","금릉로 46","202504~202704","신규","-","","","아파트"
"27960","충청북도 청주시 흥덕구 봉명동","1857","1857","0000","극동주얼리","월세","59.6700","202503","07","1,000","70","13","1991","월명로 114","202504~202704","신규","-","","","아파트"
"27961","충청북도 청주시 흥덕구 복대동","3366","3366","0000","어울림","전세","84.6270","202503","07","34,000","0","13","2009","대신로73번길 14","202503~202703","갱신","-","30,000","0","아파트"
"27962","충청북도 청주시 흥덕구 비하동","300","0300","0000","효성아파트","전세","45.3200","202503","07","9,900","0","2","1995","2순환로1050번길 13-14","202504~202704","신규","-","","","아파트"
"27963","충청북도 청주시 흥덕구 강서동","503","0503","0000","강서베리굿","월세","49.7425","202503","07","1,000","70","13","2015","서현중로 63","202503~202603","신규","-","","","아파트"
"27964","충청북도 청주시 흥덕구 강서동","467","0467","0000","주산휴네스트","월세","30.0450","202503","07","500","45","9","2013","강서로 101","202503~202603","신규","-","","","아파트"
"27965","충청북도 청주시 서원구 수곡동","324","0324","0000","주공1","전세","39.6900","202503","07","5,500","0","4","1990","구룡산로 319","-","-","-","","","아파트"
"27966","충청북도 청주시 서원구 분평동","1261","1261","0000","주공4단지2차","월세","49.7700","202503","07","1,000","55","10","1998","1순환로1137번길 80","202503~202703","신규","-","","","아파트"
"27967","충청북도 청주시 서원구 개신동","613","0613","0000","휴먼시아","전세","59.9000","202503","07","15,000","0","7","2001","경신로 67","202504~202704","갱신","-","14,300","0","아파트"
"27968","충청북도 청주시 서원구 수곡동","314","0314","0000","산남주공4단지아파트","월세","49.9400","202503","07","500","50","10","1993","구룡산로 275-13","202504~202704","신규","-","","","아파트"
"27969","충청북도 청주시 서원구 산남동","1094","1094","0000","부영사랑으로","전세","59.9364","202503","07","18,900","0","11","2007","원흥로 14","-","-","-","","","아파트"
"27970","충청북도 청주시 서원구 산남동","669","0669","0000","유승한내들","전세","59.8886","202503","07","18,000","0","8","2007","두꺼비로 109","202504~202709","신규","-","","","아파트"
"27971","충청북도 청주시 서원구 사창동","369-1","0369","0001","서울","전세","64.7300","202503","07","8,400","0","1","1978","창직로 5","202503~202703","신규","-","","","아파트"
"27972","충청북도 청주시 서원구 사창동","180-1","0180","0001","청주센트럴리슈빌DS","월세","37.9303","202503","07","2,000","70","19","2023","1순환로 627","202503~202703","신규","-","","","아파트"
"27973","충청북도 청주시 서원구 개신동","613","0613","0000","휴먼시아","전세","49.9300","202503","07","12,800","0","16","2001","경신로 67","202504~202704","신규","-","","","아파트"
"27974","충청북도 청주시 흥덕구 가경동","1759","1759","0000","가로수마을호반베르디움","전세","84.9848","202503","07","24,000","0","4","2008","서현중로 47","202504~202610","갱신","사용","24,000","0","아파트"
"27975","충청북도 청주시 흥덕구 복대동","3379","3379","0000","신영지웰시티1차","전세","152.6520","202503","07","67,200","0","3","2010","대농로 17","202504~202704","갱신","사용","64,000","0","아파트"
"27976","충청북도 청주시 흥덕구 복대동","3379","3379","0000","신영지웰시티1차","전세","152.6520","202503","07","67,200","0","3","2010","대농로 17","202504~202704","갱신","사용","64,000","0","아파트"
"27977","충청북도 청주시 흥덕구 강서동","470","0470","0000","나보나시티","월세","29.8600","202503","07","1,000","65","16","2021","가로수로1164번길 41-28","202503~202603","신규","-","","","아파트"
"27978","충청북도 청주시 서원구 산남동","1094","1094","0000","부영사랑으로","전세","59.9364","202503","07","18,900","0","11","2007","원흥로 14","202504~202704","갱신","사용","18,500","0","아파트"
"27979","충청북도 청주시 서원구 사직동","931","0931","0000","푸르지오캐슬(101~117)","전세","84.4000","202503","07","23,300","0","11","2010","예체로 68","202503~202703","갱신","사용","22,200","0","아파트"
"27980","충청북도 청주시 흥덕구 옥산면 오산리","589-5","0589","0005","금정2","월세","59.9400","202503","07","500","45","5","1997","오송가락로 752","202503~202703","신규","-","","","아파트"
"27981","충청북도 청주시 청원구 오창읍 주성리","564","0564","0000","사랑으로부영7단지","전세","57.7554","202503","07","12,199","0","17","2014","2산단4로 60","202503~202603","갱신","-","12,199","0","아파트"
"27982","충청북도 청주시 상당구 탑동","390","0390","0000","센트럴힐데스하임","전세","39.9890","202503","07","14,700","0","13","2022","용담로 50","202503~202703","신규","-","","","아파트"
"27983","충청북도 청주시 청원구 오창읍 양청리","810-2","0810","0002","오창롯데캐슬더하이스트","전세","59.9502","202503","07","27,900","0","33","2018","중부로 760","202503~202703","신규","-","","","아파트"
"27984","충청북도 청주시 상당구 탑동","390","0390","0000","센트럴힐데스하임","전세","111.9610","202503","07","31,000","0","6","2022","용담로 50","202503~202703","갱신","-","26,000","0","아파트"
"27985","충청북도 청주시 상당구 방서동","653","0653","0000","중흥에스-클래스더퍼스트","전세","84.9970","202503","07","25,200","0","5","2018","단재로 312","202503~202703","갱신","-","24,000","0","아파트"
"27986","충청북도 청주시 흥덕구 오송읍 만수리","549","0549","0000","오송경남아너스빌","전세","84.9500","202503","07","23,000","0","7","2009","오송생명5로 201","202504~202704","신규","-","","","아파트"
"27987","충청북도 청주시 청원구 오창읍 주성리","569","0569","0000","충북오창사랑으로부영6단지","전세","57.7554","202503","07","12,382","0","3","2014","2산단로 125","202503~202603","갱신","-","12,164","0","아파트"
"27988","충청북도 청주시 청원구 오창읍 주성리","569","0569","0000","충북오창사랑으로부영6단지","전세","57.7554","202503","07","12,382","0","22","2014","2산단로 125","202503~202603","갱신","-","11,822","0","아파트"
"27989","충청북도 청주시 청원구 오창읍 주성리","569","0569","0000","충북오창사랑으로부영6단지","전세","57.7554","202503","07","12,225","0","16","2014","2산단로 125","202505~202605","갱신","-","12,045","0","아파트"
"27990","충청북도 청주시 청원구 오창읍 주성리","569","0569","0000","충북오창사랑으로부영6단지","전세","57.7554","202503","07","12,382","0","21","2014","2산단로 125","202503~202603","갱신","-","12,164","0","아파트"
"27991","충청북도 청주시 청원구 오창읍 주성리","561","0561","0000","충북오창사랑으로부영8단지","전세","82.8216","202503","07","16,542","0","3","2015","2산단로 151","202504~202604","신규","-","","","아파트"
"27992","충청북도 청주시 청원구 오창읍 주성리","569","0569","0000","충북오창사랑으로부영6단지","전세","57.7554","202503","07","12,567","0","8","2014","2산단로 125","202504~202604","갱신","-","12,164","0","아파트"
"27993","충청북도 청주시 청원구 오창읍 주성리","569","0569","0000","충북오창사랑으로부영6단지","전세","57.7554","202503","07","12,567","0","20","2014","2산단로 125","202504~202604","갱신","-","12,382","0","아파트"
"27994","충청북도 청주시 청원구 오창읍 주성리","564","0564","0000","사랑으로부영7단지","전세","57.7554","202503","07","12,199","0","5","2014","2산단4로 60","202503~202603","갱신","-","12,199","0","아파트"
"27995","충청북도 청주시 청원구 오창읍 주성리","564","0564","0000","사랑으로부영7단지","전세","57.7554","202503","07","12,199","0","19","2014","2산단4로 60","202504~202604","갱신","-","12,199","0","아파트"
"27996","충청북도 청주시 청원구 오창읍 주성리","561","0561","0000","충북오창사랑으로부영8단지","전세","82.8216","202503","07","16,542","0","11","2015","2산단로 151","202503~202603","갱신","-","16,379","0","아파트"
"27997","충청북도 청주시 청원구 오창읍 주성리","567","0567","0000","충북오창사랑으로부영5단지","전세","82.8216","202503","07","16,542","0","1","2015","2산단4로 20","202504~202604","신규","-","","","아파트"
"27998","충청북도 청주시 청원구 오창읍 주성리","564","0564","0000","사랑으로부영7단지","전세","57.7554","202503","07","12,199","0","24","2014","2산단4로 60","202505~202605","갱신","-","12,199","0","아파트"
"27999","충청북도 청주시 청원구 오창읍 주성리","569","0569","0000","충북오창사랑으로부영6단지","월세","57.7554","202503","07","5,682","29","7","2014","2산단로 125","202505~202605","갱신","-","5,599","28","아파트"
"28000","충청북도 청주시 청원구 오창읍 주성리","569","0569","0000","충북오창사랑으로부영6단지","월세","57.7554","202503","07","10,768","7","17","2014","2산단로 125","202503~202603","갱신","-","0","7","아파트"
"28001","충청북도 청주시 청원구 오창읍 각리","638-1","0638","0001","우림필유1차","전세","59.8600","202503","07","18,000","0","15","2006","오창중앙로 13","202504~202704","신규","-","","","아파트"
"28002","충청북도 청주시 청원구 오창읍 각리","638-1","0638","0001","우림필유1차","전세","59.8600","202503","07","18,000","0","15","2006","오창중앙로 13","202504~202704","신규","-","","","아파트"
"28003","충청북도 청주시 청원구 오창읍 주성리","564","0564","0000","사랑으로부영7단지","월세","57.7554","202503","07","5,516","28","2","2014","2산단4로 60","202503~202603","신규","-","","","아파트"
"28004","충청북도 청주시 상당구 금천동","318","0318","0000","장자마을부영(318-10단지)","전세","84.9767","202503","07","11,000","0","4","2002","호미로233번길 74","202503~202703","신규","-","","","아파트"
"28005","충청북도 청주시 상당구 금천동","477","0477","0000","금천센트럴파크스타힐스","전세","76.8775","202503","07","29,000","0","11","2020","쇠내로 48","202503~202703","신규","-","","","아파트"
"28006","충청북도 청주시 상당구 용암동","3164","3164","0000","청주동남파밀리에NHF4단지","월세","59.3600","202503","07","4,750","42","13","2021","동남로 187","202504~202703","신규","-","","","아파트"
"28007","충청북도 청주시 상당구 용암동","3164","3164","0000","청주동남파밀리에NHF4단지","월세","59.6300","202503","07","4,750","42","8","2021","동남로 187","202504~202703","신규","-","","","아파트"
"28008","충청북도 청주시 상당구 용암동","2108","2108","0000","청주용암주공1단지아파트(해누리)","월세","49.8000","202503","07","500","50","3","1994","원봉로 52","202503~202703","신규","-","","","아파트"
"28009","충청북도 청주시 상당구 용암동","3164","3164","0000","청주동남파밀리에NHF4단지","월세","59.6300","202503","07","9,150","20","19","2021","동남로 187","202504~202703","신규","-","","","아파트"
"28010","충청북도 청주시 상당구 용암동","2108","2108","0000","청주용암주공1단지아파트(해누리)","월세","49.8000","202503","07","1,000","45","10","1994","원봉로 52","202503~202703","신규","-","","","아파트"
"28011","충청북도 청주시 상당구 용암동","3164","3164","0000","청주동남파밀리에NHF4단지","월세","59.6300","202503","07","9,150","20","12","2021","동남로 187","202504~202703","갱신","-","9,011","19","아파트"
"28012","충청북도 청주시 상당구 용암동","3164","3164","0000","청주동남파밀리에NHF4단지","월세","59.6300","202503","07","9,150","20","20","2021","동남로 187","202504~202703","신규","-","","","아파트"
"28013","충청북도 청주시 흥덕구 오송읍 봉산리","1523","1523","0000","오송역파라곤센트럴시티3차","전세","68.9518","202503","07","29,000","0","7","2024","오송생명7로 118","202410~203210","신규","-","","","아파트"
"28014","충청북도 청주시 상당구 용암동","3164","3164","0000","청주동남파밀리에NHF4단지","월세","59.6300","202503","07","7,350","29","11","2021","동남로 187","202504~202703","갱신","-","7,211","28","아파트"
"28015","충청북도 청주시 흥덕구 오송읍 연제리","736","0736","0000","오송호반베르디움","전세","84.8873","202503","06","24,000","0","25","2010","오송생명3로 111","202503~202703","신규","-","","","아파트"
"28016","충청북도 청주시 청원구 오창읍 주성리","564","0564","0000","사랑으로부영7단지","전세","57.7554","202503","06","12,199","0","11","2014","2산단4로 60","202503~202603","갱신","-","12,199","0","아파트"
"28017","충청북도 청주시 청원구 오창읍 주성리","564","0564","0000","사랑으로부영7단지","전세","57.7554","202503","06","12,199","0","22","2014","2산단4로 60","202503~202603","갱신","-","12,199","0","아파트"
"28018","충청북도 청주시 청원구 오창읍 주성리","564","0564","0000","사랑으로부영7단지","전세","57.7554","202503","06","12,199","0","3","2014","2산단4로 60","202503~202603","갱신","-","12,199","0","아파트"
"28019","충청북도 청주시 청원구 오창읍 창리","160","0160","0000","대원칸타빌아파트","전세","84.9199","202503","06","24,000","0","11","2017","2산단4로 55","202503~202703","갱신","-","23,000","0","아파트"
"28020","충청북도 청주시 상당구 금천동","124","0124","0000","효성","월세","27.2900","202503","06","200","26","10","1998","수영로 204","202503~202703","신규","-","","","아파트"
"28021","충청북도 청주시 상당구 금천동","311","0311","0000","장자마을부영그린타운2차","월세","84.8612","202503","06","2,000","90","6","2005","수영로 294","202503~202703","신규","-","","","아파트"
"28022","충청북도 청주시 청원구 오창읍 괴정리","507-1","0507","0001","덕성그린","월세","59.9950","202503","06","300","55","3","1998","괴정길 18-9","202504~202604","신규","-","","","아파트"
"28023","충청북도 청주시 상당구 탑동","390","0390","0000","센트럴힐데스하임","전세","65.9710","202503","06","30,000","0","1","2022","용담로 50","-","-","-","","","아파트"
"28024","충청북도 청주시 상당구 탑동","390","0390","0000","센트럴힐데스하임","월세","129.8320","202503","06","5,000","190","16","2022","용담로 50","202505~202705","신규","-","","","아파트"
"28025","충청북도 청주시 청원구 오창읍 주성리","569","0569","0000","충북오창사랑으로부영6단지","전세","57.7554","202503","06","12,567","0","16","2014","2산단로 125","202504~202604","갱신","-","12,382","0","아파트"
"28026","충청북도 청주시 청원구 오창읍 주성리","569","0569","0000","충북오창사랑으로부영6단지","전세","57.7554","202503","06","12,382","0","8","2014","2산단로 125","202504~202604","갱신","-","12,164","0","아파트"
"28027","충청북도 청주시 상당구 탑동","390","0390","0000","센트럴힐데스하임","전세","65.9710","202503","06","30,000","0","1","2022","용담로 50","202504~202704","신규","-","","","아파트"
"28028","충청북도 청주시 청원구 오창읍 주성리","564","0564","0000","사랑으로부영7단지","전세","57.7554","202503","06","12,199","0","16","2014","2산단4로 60","202504~202604","갱신","-","12,199","0","아파트"
"28029","충청북도 청주시 상당구 용암동","2060","2060","0000","부영","전세","60.0000","202503","06","9,400","0","5","1996","월평로 243","202504~202704","신규","-","","","아파트"
"28030","충청북도 청주시 상당구 용암동","3164","3164","0000","청주동남파밀리에NHF4단지","월세","59.3600","202503","06","9,650","18","21","2021","동남로 187","202504~202703","갱신","-","4,611","41","아파트"
"28031","충청북도 청주시 청원구 오창읍 주성리","564","0564","0000","사랑으로부영7단지","전세","57.7554","202503","06","12,199","0","23","2014","2산단4로 60","202503~202603","신규","-","","","아파트"
"28032","충청북도 청주시 청원구 오창읍 주성리","564","0564","0000","사랑으로부영7단지","전세","57.7554","202503","06","12,199","0","16","2014","2산단4로 60","202505~202605","갱신","-","12,199","0","아파트"
"28033","충청북도 청주시 청원구 오창읍 주성리","569","0569","0000","충북오창사랑으로부영6단지","전세","57.7554","202503","06","12,567","0","20","2014","2산단로 125","202506~202606","갱신","-","12,382","0","아파트"
"28034","충청북도 청주시 청원구 오창읍 주성리","564","0564","0000","사랑으로부영7단지","월세","57.7554","202503","06","10,608","7","3","2014","2산단4로 60","202505~202605","신규","-","","","아파트"
"28035","충청북도 청주시 청원구 오창읍 주성리","569","0569","0000","충북오창사랑으로부영6단지","전세","57.7554","202503","06","12,225","0","13","2014","2산단로 125","202504~202604","갱신","-","12,045","0","아파트"
"28036","충청북도 청주시 상당구 용암동","2076","2076","0000","태산그린","월세","59.7600","202503","06","1,000","55","2","1995","원봉로 20","202505~202605","신규","-","","","아파트"
"28037","충청북도 청주시 상당구 용암동","2537","2537","0000","중흥마을마이빌아파트","전세","59.9019","202503","06","14,000","0","12","2003","중흥로 148","202503~202703","갱신","-","16,000","0","아파트"
"28038","충청북도 청주시 청원구 오창읍 주성리","561","0561","0000","충북오창사랑으로부영8단지","월세","82.8216","202503","06","8,538","33","11","2015","2산단로 151","202504~202604","갱신","-","8,454","33","아파트"
"28039","충청북도 청주시 청원구 오창읍 주성리","569","0569","0000","충북오창사랑으로부영6단지","전세","57.7554","202503","06","12,567","0","12","2014","2산단로 125","202505~202605","갱신","-","12,382","0","아파트"
"28040","충청북도 청주시 청원구 오창읍 주성리","561","0561","0000","충북오창사랑으로부영8단지","전세","82.8216","202503","06","16,542","0","2","2015","2산단로 151","202505~202605","갱신","-","16,379","0","아파트"
"28041","충청북도 청주시 상당구 용암동","3164","3164","0000","청주동남파밀리에NHF4단지","월세","51.7600","202503","06","8,302","16","6","2021","동남로 187","202504~202703","갱신","-","8,182","15","아파트"
"28042","충청북도 청주시 상당구 용암동","2060","2060","0000","부영","전세","60.0000","202503","06","8,500","0","2","1996","월평로 243","202503~202703","신규","-","","","아파트"
"28043","충청북도 청주시 서원구 남이면 가마리","378","0378","0000","청주가마힐데스하임","전세","84.9114","202503","06","22,000","0","9","2016","2순환로 1717","202503~202603","갱신","-","22,000","0","아파트"
"28044","충청북도 청주시 청원구 오창읍 주성리","564","0564","0000","사랑으로부영7단지","전세","57.7554","202503","06","12,199","0","15","2014","2산단4로 60","202504~202603","갱신","-","12,199","0","아파트"
"28045","충청북도 청주시 흥덕구 오송읍 연제리","740","0740","0000","오송대원칸타빌","월세","84.9922","202503","06","200","120","18","2011","연제만수길 17","202503~202603","신규","-","","","아파트"
"28046","충청북도 청주시 청원구 오창읍 주성리","569","0569","0000","충북오창사랑으로부영6단지","전세","57.7554","202503","06","12,382","0","7","2014","2산단로 125","202504~202604","갱신","-","12,164","0","아파트"
"28047","충청북도 청주시 흥덕구 오송읍 봉산리","1510","1510","0000","오송역대광로제비앙","전세","59.9406","202503","06","15,270","0","19","2023","오송생명8로 178","202503~202703","신규","-","","","아파트"
"28048","충청북도 청주시 흥덕구 오송읍 봉산리","798","0798","0000","오송역파라곤센트럴시티","월세","59.7397","202503","06","20,000","15","20","2023","오송생명7로 151","202503~202703","신규","-","","","아파트"
"28049","충청북도 청주시 청원구 오창읍 양청리","810-2","0810","0002","오창롯데캐슬더하이스트","월세","59.9502","202503","06","2,000","110","17","2018","중부로 760","202504~202704","신규","-","","","아파트"
"28050","충청북도 청주시 청원구 오창읍 주성리","564","0564","0000","사랑으로부영7단지","전세","57.7554","202503","06","12,199","0","10","2014","2산단4로 60","202504~202604","갱신","-","12,199","0","아파트"
"28051","충청북도 청주시 청원구 율량동","1204","1204","0000","성원","전세","84.9450","202503","06","12,000","0","10","1995","주성로132번길 10","202503~202703","갱신","-","12,000","0","아파트"
"28052","충청북도 청주시 청원구 내덕동","771","0771","0000","보성1","월세","64.5300","202503","06","2,000","30","3","1985","무심동로660번길 23","-","-","-","","","아파트"
"28053","충청북도 옥천군 옥천읍 마암리","489","0489","0000","옥천역금호어울림더퍼스트","월세","84.9114","202503","06","5,000","40","14","2025","대천길 42","202503~202703","신규","-","","","아파트"
"28054","충청북도 제천시 신월동","1469","1469","0000","제천행복주택","월세","45.1660","202503","06","3,880","9","15","2018","복합타운길 135","202504~202704","신규","-","","","아파트"
"28055","충청북도 진천군 덕산읍 두촌리","2718","2718","0000","영무예다음1차","전세","75.3932","202503","06","20,000","0","15","2015","대하로 87","202503~202703","신규","-","","","아파트"
"28056","충청북도 청주시 청원구 율량동","2456","2456","0000","제일풍경채","전세","84.7852","202503","06","27,500","0","12","2016","율중로7번길 100","202507~202707","신규","-","","","아파트"
"28057","충청북도 제천시 고암동","1250","1250","0000","고암주공2","전세","46.7400","202503","06","4,500","0","5","1987","고암로14길 13","202503~202703","신규","-","","","아파트"
"28058","충청북도 제천시 장락동","1026","1026","0000","장락주공2단지","월세","49.9600","202503","06","1,000","45","6","1999","죽하로 48","202504~202704","신규","-","","","아파트"
"28059","충청북도 충주시 호암동","1068","1068","0000","충주호암제일풍경채","월세","84.9737","202503","06","9,500","16","1","2022","호암수청1로 60","202503~202703","신규","-","","","아파트"
"28060","충청북도 청주시 청원구 율량동","1144","1144","0000","한울아파트301동","전세","30.3300","202503","06","3,000","0","5","1998","주성로96번길 12","202503~202703","갱신","-","3,000","0","아파트"
"28061","충청북도 제천시 신월동","1414","1414","0000","부영사랑으로","전세","84.8902","202503","06","16,500","0","1","2006","대학로12길 8","202503~202703","신규","-","","","아파트"
"28062","충청북도 충주시 호암동","905","0905","0000","호암동수채","월세","84.9289","202503","06","3,000","100","11","2007","호암중앙1로 47","202503~202703","신규","-","","","아파트"
"28063","충청북도 진천군 진천읍 장관리","884","0884","0000","진천장관사랑으로부영1차","전세","59.9605","202503","06","9,740","0","15","2013","장관2길 139","202504~202604","신규","-","","","아파트"
"28064","충청북도 괴산군 괴산읍 동부리","523-1","0523","0001","더팰리스","월세","23.3040","202503","06","2,000","33","8","2018","읍내로15길 18","202503~202603","신규","-","","","아파트"
"28065","충청북도 충주시 주덕읍 화곡리","1246","1246","0000","서충주신도시삼일파라뷰그랜드센트럴","전세","84.9873","202503","06","29,900","0","17","2024","화개1길 16","202411~202611","신규","-","","","아파트"
"28066","충청북도 청주시 청원구 율량동","1182","1182","0000","삼성","월세","84.6900","202503","06","1,000","85","10","1996","주성로118번길 28","202503~202603","신규","-","","","아파트"
"28067","충청북도 청주시 흥덕구 송절동","851","0851","0000","청주테크노폴리스푸르지오","전세","84.9950","202503","06","37,000","0","8","2018","송화로214번길 7","202506~202706","신규","-","","","아파트"
"28068","충청북도 충주시 목행동","896","0896","0000","영무예다음1차","월세","59.7995","202503","06","2,000","52","1","2018","행정2길 6","202503~202611","신규","-","","","아파트"
"28069","충청북도 진천군 진천읍 장관리","884","0884","0000","진천장관사랑으로부영1차","월세","59.9605","202503","06","5,060","16","14","2013","장관2길 139","202503~202603","신규","-","","","아파트"
"28070","충청북도 진천군 진천읍 장관리","880","0880","0000","진천장관사랑으로부영2차","전세","59.9605","202503","06","9,740","0","16","2013","진광로 97-13","202505~202605","신규","-","","","아파트"
"28071","충청북도 진천군 진천읍 장관리","880","0880","0000","진천장관사랑으로부영2차","전세","84.9877","202503","06","11,905","0","18","2013","진광로 97-13","202504~202603","신규","-","","","아파트"
"28072","충청북도 청주시 청원구 사천동","449-3","0449","0003","덕성그린아파트","월세","35.8500","202503","06","500","33","4","1997","새터로 187","202504~202703","신규","-","","","아파트"
"28073","충청북도 청주시 청원구 주성동","335","0335","0000","대원칸타빌1차아파트","전세","84.4550","202503","06","36,000","0","7","2013","율량로 103","202504~202704","신규","-","","","아파트"
"28074","충청북도 진천군 진천읍 신정리","824","0824","0000","진천신정주공","월세","59.5700","202503","06","2,333","18","5","2006","문화2길 14","202504~202703","신규","-","","","아파트"
"28075","충청북도 청주시 흥덕구 강내면 월곡리","438","0438","0000","흥덕칸타빌더뉴","전세","74.6957","202503","06","25,000","0","7","2024","가로수로 640-47","202504~202704","신규","-","","","아파트"
"28076","충청북도 제천시 영천동","2227","2227","0000","제천강저휴먼시아1단지","전세","51.9300","202503","06","3,703","0","9","2009","청풍호로7길 20","-","-","-","","","아파트"
"28077","충청북도 청주시 서원구 성화동","897","0897","0000","성화휴먼시아5단지","월세","36.5000","202503","06","2,818","8","7","2010","성봉로 93","202504~202703","갱신","-","1,668","14","아파트"
"28078","충청북도 청주시 흥덕구 가경동","2276","2276","0000","청주가경아이파크3단지","전세","105.6400","202503","06","54,000","0","16","2021","서현로 62","-","-","-","","","아파트"
"28079","충청북도 청주시 흥덕구 강서동","583","0583","0000","가경아이파크5단지","전세","84.8833","202503","06","27,300","0","19","2023","서부로 1123","202503~202703","갱신","사용","26,000","0","아파트"
"28080","충청북도 청주시 흥덕구 강서동","583","0583","0000","가경아이파크5단지","전세","101.5539","202503","06","32,550","0","11","2023","서부로 1123","202503~202703","갱신","-","31,000","0","아파트"
"28081","충청북도 청주시 흥덕구 강서동","45-1","0045","0001","우림","전세","55.0800","202503","06","6,500","0","2","2001","가로수로1144번길 50","202504~202704","신규","-","","","아파트"
"28082","충청북도 청주시 서원구 분평동","1202","1202","0000","분평주공2","전세","59.9900","202503","06","13,000","0","14","1997","1순환로1137번길 129","202504~202704","신규","-","","","아파트"
"28083","충청북도 청주시 서원구 분평동","1202","1202","0000","분평주공2","전세","59.9900","202503","06","13,000","0","14","1997","1순환로1137번길 129","202504~202704","신규","-","","","아파트"
"28084","충청북도 청주시 서원구 분평동","1200","1200","0000","분평주공3","월세","59.9900","202503","06","1,500","65","15","1997","1순환로1137번길 130","202503~202703","신규","-","","","아파트"
"28085","충청북도 청주시 서원구 수곡동","60-1","0060","0001","세원2","전세","84.9000","202503","06","11,000","0","5","1989","수영로24번길 5","202503~202703","갱신","-","9,000","0","아파트"
"28086","충청북도 청주시 서원구 수곡동","776","0776","0000","세원홍실","전세","93.2400","202503","06","17,500","0","11","1996","수곡로 88","202503~202705","갱신","-","15,225","0","아파트"
"28087","충청북도 청주시 흥덕구 복대동","3098","3098","0000","하복대현대1","전세","181.0925","202503","06","31,000","0","1","1999","대신로10번길 16-3","202504~202704","신규","-","","","아파트"
"28088","충청북도 청주시 흥덕구 봉명동","1602","1602","0000","주공2","월세","53.8500","202503","06","400","46","3","1985","직지대로581번길 33-12","202503~202703","신규","-","","","아파트"
"28089","충청북도 청주시 서원구 개신동","635","0635","0000","주공뜨란채","전세","59.4200","202503","06","15,500","0","9","2000","경신로 68","202503~202703","신규","-","","","아파트"
"28090","충청북도 청주시 흥덕구 송정동","140-41","0140","0041","청주산단1행복주택","월세","26.9500","202503","06","4,244","7","8","2025","대신로 142","202503~202705","갱신","-","2,844","15","아파트"
"28091","충청북도 청주시 서원구 사직동","937","0937","0000","푸르지오캐슬(401~413)","월세","84.4000","202503","06","3,641","30","14","2010","창직로 50","202505~202511","갱신","-","5,202","25","아파트"
"28092","충청북도 청주시 서원구 사직동","937","0937","0000","푸르지오캐슬(401~413)","월세","84.4000","202503","06","15,584","12","9","2010","창직로 50","-","-","-","","","아파트"
"28093","충청북도 청주시 서원구 사직동","937","0937","0000","푸르지오캐슬(401~413)","월세","84.4000","202503","06","3,000","100","15","2010","창직로 50","202504~202710","신규","-","","","아파트"
"28094","충청북도 청주시 서원구 사직동","937","0937","0000","푸르지오캐슬(401~413)","월세","84.4000","202503","06","3,000","100","15","2010","창직로 50","202504~202710","신규","-","","","아파트"
"28095","충청북도 청주시 서원구 개신동","635","0635","0000","주공뜨란채","전세","59.4200","202503","06","14,500","0","1","2000","경신로 68","202506~202706","갱신","-","14,500","0","아파트"
"28096","충청북도 청주시 서원구 개신동","1-19","0001","0019","광영","전세","38.6550","202503","06","10,000","0","3","1997","예체로7번길 33","202504~202704","신규","-","","","아파트"
"28097","충청북도 청주시 서원구 산남동","1094","1094","0000","부영사랑으로","전세","59.9364","202503","06","18,500","0","5","2007","원흥로 14","202503~202703","신규","-","","","아파트"
"28098","충청북도 청주시 서원구 산남동","1094","1094","0000","부영사랑으로","전세","59.9364","202503","06","18,500","0","5","2007","원흥로 14","202503~202703","신규","-","","","아파트"
"28099","충청북도 청주시 서원구 산남동","678","0678","0000","대원칸타빌1차","월세","84.9992","202503","06","3,000","115","3","2007","두꺼비로 63","202504~202704","신규","-","","","아파트"
"28100","충청북도 청주시 서원구 수곡동","348","0348","0000","산남주공3","전세","51.1800","202503","06","7,000","0","5","1991","매봉로 64","202503~202703","신규","-","","","아파트"
"28101","충청북도 청주시 서원구 수곡동","324","0324","0000","주공1","전세","39.6900","202503","06","4,000","0","3","1990","구룡산로 319","202503~202703","신규","-","","","아파트"
"28102","충청북도 청주시 흥덕구 복대동","3381","3381","0000","두산위브지웰시티2차","전세","80.4990","202503","05","36,750","0","25","2015","대농로 55","202503~202703","갱신","사용","35,000","0","아파트"
"28103","충청북도 청주시 흥덕구 강서동","503","0503","0000","강서베리굿","월세","49.8225","202503","05","1,000","72","14","2015","서현중로 63","202504~202704","신규","-","","","아파트"
"28104","충청북도 청주시 흥덕구 가경동","1506","1506","0000","진로","전세","99.8100","202503","05","23,000","0","8","1999","가경로 71","202505~202705","신규","-","","","아파트"
"28105","충청북도 청주시 흥덕구 옥산면 가락리","953","0953","0000","흥덕코오롱하늘채아파트","월세","59.9318","202503","05","1,000","75","6","2016","가락길 60","202503~202703","신규","-","","","아파트"
"28106","충청북도 음성군 대소면 소석리","626","0626","0000","이안음성대소아파트","월세","59.9984","202503","05","1,200","57","19","2019","대금로 686-1","202503~202603","신규","-","","","아파트"
"28107","충청북도 청주시 서원구 성화동","939","0939","0000","성화호반베르디움","전세","84.8572","202503","05","33,000","0","15","2012","구룡산로 24","202506~202706","신규","-","","","아파트"
"28108","충청북도 청주시 흥덕구 강서동","583","0583","0000","가경아이파크5단지","전세","101.5539","202503","05","46,000","0","15","2023","서부로 1123","202503~202703","신규","-","","","아파트"
"28109","충청북도 청주시 서원구 모충동","516","0516","0000","주공2","월세","51.0200","202503","05","500","45","1","1989","모충로 61","202503~202703","신규","-","","","아파트"
"28110","충청북도 청주시 서원구 분평동","1200","1200","0000","주공3단지2차","월세","39.6900","202503","05","1,000","45","9","1997","1순환로1137번길 130","202503~202703","신규","-","","","아파트"
"28111","충청북도 청주시 서원구 분평동","1202","1202","0000","분평주공2","전세","59.7100","202503","05","11,000","0","2","1997","1순환로1137번길 129","202503~202703","갱신","-","11,550","0","아파트"
"28112","충청북도 청주시 서원구 분평동","1200","1200","0000","주공3단지2차","전세","49.7700","202503","05","10,000","0","15","1997","1순환로1137번길 130","202503~202703","신규","-","","","아파트"
"28113","충청북도 청주시 서원구 분평동","1261","1261","0000","주공4단지2차","전세","49.7700","202503","05","10,300","0","12","1998","1순환로1137번길 80","202504~202704","신규","-","","","아파트"
"28114","충청북도 청주시 흥덕구 봉명동","1603","1603","0000","신라","월세","65.7900","202503","05","700","70","2","1985","과상미로9번길 102-14","202503~202603","신규","-","","","아파트"
"28115","충청북도 청주시 서원구 분평동","1202","1202","0000","분평주공2","전세","59.7100","202503","05","13,000","0","9","1997","1순환로1137번길 129","202504~202704","신규","-","","","아파트"
"28116","충청북도 음성군 대소면 성본리","818","0818","0000","음성푸르지오더퍼스트","전세","84.8316","202503","05","16,000","0","25","2024","성본산단4로 41","-","-","-","","","아파트"
"28117","충청북도 청주시 흥덕구 복대동","3381","3381","0000","두산위브지웰시티2차","전세","80.4990","202503","05","36,750","0","25","2015","대농로 55","202503~202703","갱신","사용","35,000","0","아파트"
"28118","충청북도 청주시 흥덕구 가경동","1189","1189","0000","형석1","월세","59.3400","202503","05","1,000","60","7","1992","가경로 158","202503~202703","신규","-","","","아파트"
"28119","충청북도 청주시 흥덕구 옥산면 가락리","981","0981","0000","청주리버파크자이","전세","84.9330","202503","05","26,000","0","9","2019","오송가락로 1056","202505~202705","신규","-","","","아파트"
"28120","충청북도 청주시 흥덕구 가경동","1507","1507","0000","효성","전세","99.9800","202503","05","24,000","0","3","1997","가경로 61","202503~202712","갱신","-","23,100","0","아파트"
"28121","충청북도 청주시 흥덕구 가경동","1517","1517","0000","동부","전세","84.9400","202503","05","17,500","0","8","1998","가경로 64","202503~202703","갱신","-","15,500","0","아파트"
"28122","충청북도 청주시 서원구 죽림동","295","0295","0000","청주가경3주공","전세","51.7400","202503","05","13,700","0","6","2003","대림로 493","202503~202703","신규","-","","","아파트"
"28123","충청북도 청주시 흥덕구 가경동","1510","1510","0000","세원가경골","전세","59.7600","202503","05","15,500","0","3","1997","가경로 134","202504~202707","신규","-","","","아파트"
"28124","충청북도 청주시 흥덕구 오송읍 연제리","740","0740","0000","오송대원칸타빌","전세","84.9922","202503","05","29,000","0","28","2011","연제만수길 17","202506~202706","신규","-","","","아파트"
"28125","충청북도 청주시 상당구 용암동","3164","3164","0000","청주동남파밀리에NHF4단지","월세","59.6300","202503","05","9,150","20","15","2021","동남로 187","202504~202703","갱신","-","4,611","41","아파트"
"28126","충청북도 청주시 청원구 오창읍 각리","637-1","0637","0001","한라비발디","월세","59.9580","202503","05","1,000","75","14","2006","오창중앙로 94","202503~202603","갱신","-","1,000","70","아파트"
"28127","충청북도 청주시 상당구 용암동","3164","3164","0000","청주동남파밀리에NHF4단지","월세","59.6300","202503","05","9,450","19","13","2021","동남로 187","202504~202703","갱신","-","4,611","41","아파트"
"28128","충청북도 청주시 상당구 영운동","179-11","0179","0011","미림","월세","49.9900","202503","05","400","40","1","1991","수영로101번길 49","202502~202803","신규","-","","","아파트"
"28129","충청북도 청주시 청원구 우암동","328-12","0328","0012","우암세원","월세","41.0200","202503","05","500","40","12","1999","사북로149번길 7","202503~202703","신규","-","","","아파트"
"28130","충청북도 청주시 상당구 영운동","81-1","0081","0001","청주","전세","60.1200","202503","05","7,000","0","3","1985","영운천로 33-4","202505~202705","신규","-","","","아파트"
"28131","충청북도 청주시 청원구 오창읍 각리","646-6","0646","0006","이안오창","전세","59.4414","202503","05","16,500","0","3","2006","오창중앙로 83","202505~202705","신규","-","","","아파트"
"28132","충청북도 청주시 청원구 오창읍 양청리","810-2","0810","0002","오창롯데캐슬더하이스트","전세","84.9241","202503","05","31,000","0","29","2018","중부로 760","202502~202702","갱신","-","28,100","0","아파트"
"28133","충청북도 청주시 상당구 영운동","40-5","0040","0005","진흥","월세","65.9200","202503","05","3,000","50","4","1987","영운천로91번길 35","202503~202603","신규","-","","","아파트"
"28134","충청북도 청주시 상당구 대성동","5","0005","0000","우성","월세","127.2200","202503","05","5,000","50","5","1991","용담로63번길 33","202504~202606","신규","-","","","아파트"
"28135","충청북도 청주시 흥덕구 오송읍 봉산리","1523","1523","0000","오송역파라곤센트럴시티3차","전세","84.9640","202503","05","36,000","0","16","2024","오송생명7로 118","202410~203210","신규","-","","","아파트"
"28136","충청북도 청주시 청원구 우암동","111-13","0111","0013","평화","월세","84.6000","202503","05","2,000","50","1","1984","상당로244번길 6","202503~202703","신규","-","","","아파트"
"28137","충청북도 청주시 상당구 금천동","270","0270","0000","장자마을현대(2단지)","월세","74.9581","202503","05","2,000","60","2","2002","수영로 328","202504~202704","신규","-","","","아파트"
"28138","충청북도 청주시 청원구 오창읍 주성리","564","0564","0000","사랑으로부영7단지","월세","57.7554","202503","05","10,608","7","18","2014","2산단4로 60","202504~202604","신규","-","","","아파트"
"28139","충청북도 청주시 청원구 오창읍 주성리","564","0564","0000","사랑으로부영7단지","전세","57.7554","202503","05","12,199","0","21","2014","2산단4로 60","202504~202604","신규","-","","","아파트"
"28140","충청북도 청주시 청원구 오창읍 창리","9-3","0009","0003","경희","월세","59.4300","202503","05","1,000","55","3","1992","공항로 988","202503~202703","신규","-","","","아파트"
"28141","충청북도 청주시 청원구 오창읍 주성리","567","0567","0000","충북오창사랑으로부영5단지","전세","82.8216","202503","05","16,542","0","13","2015","2산단4로 20","202503~202603","갱신","-","16,379","0","아파트"
"28142","충청북도 청주시 상당구 방서동","825","0825","0000","동남지구호반써밋브룩사이드","전세","84.9481","202503","05","40,000","0","7","2023","동남로 2","202504~202604","신규","-","","","아파트"
"28143","충청북도 청주시 청원구 오창읍 주성리","564","0564","0000","사랑으로부영7단지","전세","57.7554","202503","05","12,199","0","11","2014","2산단4로 60","202504~202604","갱신","-","12,199","0","아파트"
"28144","충청북도 청주시 청원구 오창읍 주성리","561","0561","0000","충북오창사랑으로부영8단지","전세","82.7462","202503","05","16,542","0","6","2015","2산단로 151","202503~202603","갱신","-","16,379","0","아파트"
"28145","충청북도 청주시 청원구 오창읍 주성리","567","0567","0000","충북오창사랑으로부영5단지","전세","82.8216","202503","05","16,542","0","18","2015","2산단4로 20","202506~202606","갱신","-","16,379","0","아파트"
"28146","충청북도 청주시 청원구 오창읍 주성리","564","0564","0000","사랑으로부영7단지","월세","57.7554","202503","05","9,228","12","1","2014","2산단4로 60","202503~202603","갱신","-","9,228","12","아파트"
"28147","충청북도 청주시 청원구 내수읍 은곡리","246-3","0246","0003","은곡무지개아파트","월세","33.5700","202503","05","200","24","3","2000","은곡4길 6","202503~202703","신규","-","","","아파트"
"28148","충청북도 청주시 청원구 오창읍 주성리","561","0561","0000","충북오창사랑으로부영8단지","월세","82.8216","202503","05","8,538","33","12","2015","2산단로 151","202503~202603","갱신","-","8,454","33","아파트"
"28149","충청북도 청주시 상당구 탑동","390","0390","0000","센트럴힐데스하임","전세","84.8470","202503","05","25,200","0","27","2022","용담로 50","202503~202703","갱신","사용","24,000","0","아파트"
"28150","충청북도 청주시 흥덕구 오송읍 봉산리","1531","1531","0000","오송역대광로제비앙그랜드센텀","전세","84.9924","202503","05","25,500","0","14","2024","오송생명14로 283","202503~202703","신규","-","","","아파트"
"28151","충청북도 청주시 상당구 용암동","3164","3164","0000","청주동남파밀리에NHF4단지","월세","59.6300","202503","05","9,150","20","24","2021","동남로 187","202504~202703","신규","-","","","아파트"
"28152","충청북도 청주시 상당구 용암동","3164","3164","0000","청주동남파밀리에NHF4단지","월세","59.6300","202503","05","9,150","20","17","2021","동남로 187","202504~202703","갱신","-","9,011","19","아파트"
"28153","충청북도 청주시 상당구 용암동","3164","3164","0000","청주동남파밀리에NHF4단지","월세","51.7600","202503","05","7,902","18","20","2021","동남로 187","202504~202703","갱신","-","3,982","36","아파트"
"28154","충청북도 충주시 봉방동","143-3","0143","0003","씨티빌상지","월세","25.1900","202503","05","300","30","7","2002","봉방4길 38","202503~202703","신규","-","","","아파트"
"28155","충청북도 충주시 봉방동","1047","1047","0000","충주주상복합모아미래도","전세","84.9682","202503","05","28,000","0","4","2023","삼원로 28","202503~202703","신규","-","","","아파트"
"28156","충청북도 제천시 고암동","1250","1250","0000","고암주공2","전세","46.7400","202503","05","4,500","0","5","1987","고암로14길 13","202503~202703","신규","-","","","아파트"
"28157","충청북도 청주시 흥덕구 문암동","213","0213","0000","청주테크노폴리스신영지웰푸르지오","월세","84.9664","202503","05","5,000","140","9","2022","송화로 229","202503~202703","신규","-","","","아파트"
"28158","충청북도 제천시 청전동","4","0004","0000","주공","전세","41.9800","202503","05","3,000","0","4","1980","청전대로15길 70","202503~202703","신규","-","","","아파트"
"28159","충청북도 제천시 왕암동","779","0779","0000","왕암코아루드림","전세","60.2620","202503","05","15,500","0","4","2018","바이오밸리로 171","202504~202704","신규","-","","","아파트"
"28160","충청북도 제천시 왕암동","779","0779","0000","왕암코아루드림","전세","60.2620","202503","05","15,500","0","4","2018","바이오밸리로 171","-","-","-","","","아파트"
"28161","충청북도 음성군 금왕읍 무극리","34-1","0034","0001","LH음성금왕1단지(구주공1단지)","월세","39.9900","202503","05","1,268","17","15","1999","대금로 1457-7","202503~202704","신규","-","","","아파트"
"28162","충청북도 청주시 흥덕구 강내면 월곡리","428","0428","0000","청원쌍용예가1단지","전세","84.9700","202503","05","18,000","0","6","2007","탑연월곡길 62-13","202503~202703","신규","-","","","아파트"
"28163","충청북도 충주시 목행동","886","0886","0000","한라비발디","전세","84.8810","202503","05","19,000","0","5","2007","목행산단4로 13","202504~202704","신규","-","","","아파트"
"28164","충청북도 충주시 목행동","896","0896","0000","영무예다음1차","전세","59.7995","202503","05","14,316","0","1","2018","행정2길 6","202504~202611","신규","-","","","아파트"
"28165","충청북도 충주시 연수동","701-9","0701","0009","연수부강","월세","42.1100","202503","05","300","33","4","1995","후곡길 19","202503~202703","신규","-","","","아파트"
"28166","충청북도 충주시 호암동","542-1","0542","0001","세경","월세","56.8800","202503","05","1,000","40","3","1989","신촌2길 14","202503~202703","신규","-","","","아파트"
"28167","충청북도 충주시 용산동","1678","1678","0000","용산주공2차","월세","59.7100","202503","05","1,000","60","15","1999","남산로 125","202503~202703","신규","-","","","아파트"
"28168","충청북도 충주시 안림동","1172","1172","0000","충주안림엘에이치천년나무2단지","월세","84.9500","202503","05","5,000","80","7","2017","월촌5길 12","202503~202703","신규","-","","","아파트"
"28169","충청북도 음성군 음성읍 신천리","149","0149","0000","금광포란재","전세","84.9794","202503","05","10,000","0","2","2005","반기문로 45-15","202503~202703","신규","-","","","아파트"
"28170","충청북도 진천군 진천읍 장관리","884","0884","0000","진천장관사랑으로부영1차","월세","59.9605","202503","05","5,095","16","19","2013","장관2길 139","202503~202603","신규","-","","","아파트"
"28171","충청북도 진천군 진천읍 장관리","880","0880","0000","진천장관사랑으로부영2차","전세","59.9605","202503","05","9,740","0","8","2013","진광로 97-13","202503~202603","신규","-","","","아파트"
"28172","충청북도 진천군 덕산읍 두촌리","3147","3147","0000","우미린스테이","월세","70.5634","202503","05","10,240","16","3","2018","대하로 150","-","-","-","","","아파트"
"28173","충청북도 진천군 덕산읍 두촌리","3147","3147","0000","우미린스테이","월세","84.4362","202503","05","11,960","19","1","2018","대하로 150","202504~202704","갱신","-","0","16","아파트"
"28174","충청북도 진천군 덕산읍 두촌리","2494","2494","0000","천년나무4단지","월세","59.9700","202503","05","5,918","15","15","2017","연미로 87","202503~202702","갱신","-","3,071","27","아파트"
"28175","충청북도 진천군 덕산읍 두촌리","3147","3147","0000","우미린스테이","월세","84.7020","202503","05","11,960","20","5","2018","대하로 150","202504~202704","갱신","-","11,960","17","아파트"
"28176","충청북도 충주시 주덕읍 화곡리","1250","1250","0000","서충주신도시삼일파라뷰2차그랜드시티","전세","84.9963","202503","05","30,000","0","7","2024","화개4길 29","202503~202702","신규","-","","","아파트"
"28177","충청북도 충주시 주덕읍 화곡리","1250","1250","0000","서충주신도시삼일파라뷰2차그랜드시티","전세","84.9963","202503","05","30,000","0","9","2024","화개4길 29","202503~202702","신규","-","","","아파트"
"28178","충청북도 충주시 주덕읍 화곡리","1250","1250","0000","서충주신도시삼일파라뷰2차그랜드시티","전세","84.9734","202503","05","29,800","0","3","2024","화개4길 29","202503~202702","신규","-","","","아파트"
"28179","충청북도 충주시 주덕읍 화곡리","1250","1250","0000","서충주신도시삼일파라뷰2차그랜드시티","전세","84.9734","202503","05","30,000","0","13","2024","화개4길 29","202502~202702","신규","-","","","아파트"
"28180","충청북도 충주시 주덕읍 화곡리","1250","1250","0000","서충주신도시삼일파라뷰2차그랜드시티","전세","84.9963","202503","05","31,500","0","21","2024","화개4길 29","202503~202702","신규","-","","","아파트"
"28181","충청북도 충주시 주덕읍 화곡리","1246","1246","0000","서충주신도시삼일파라뷰그랜드센트럴","전세","84.9963","202503","05","29,600","0","12","2024","화개1길 16","202503~202611","신규","-","","","아파트"
"28182","충청북도 충주시 칠금동","1015","1015","0000","부영아파트(2차)","전세","60.0000","202503","05","12,300","0","11","1996","칠금중앙로 30","202506~202710","신규","-","","","아파트"
"28183","충청북도 충주시 칠금동","1015","1015","0000","부영아파트(2차)","월세","60.0000","202503","05","2,000","50","14","1996","칠금중앙로 30","202503~202703","신규","-","","","아파트"
"28184","충청북도 제천시 영천동","2227","2227","0000","제천강저휴먼시아1단지","월세","46.9000","202503","05","1,746","16","14","2009","청풍호로7길 20","202504~202703","신규","-","","","아파트"
"28185","충청북도 청주시 청원구 율량동","1263","1263","0000","율량효성2","전세","45.2800","202503","05","7,500","0","4","1997","사뜸로 62","202503~202703","갱신","-","7,500","0","아파트"
"28186","충청북도 옥천군 옥천읍 마암리","489","0489","0000","옥천역금호어울림더퍼스트","월세","84.9114","202503","05","5,000","50","8","2025","대천길 42","202503~202703","신규","-","","","아파트"
"28187","충청북도 충주시 대소원면 본리","645","0645","0000","충주코아루퍼스트아파트","전세","59.6525","202503","05","12,500","0","14","2016","첨단산업4로 24","202504~202704","신규","-","","","아파트"
"28188","충청북도 충주시 봉방동","1047","1047","0000","충주주상복합모아미래도","전세","84.9682","202503","05","28,000","0","4","2023","삼원로 28","202503~202703","신규","-","","","아파트"
"28189","충청북도 충주시 중앙탑면 용전리","721","0721","0000","충주시티자이","월세","72.9988","202503","05","2,000","80","7","2017","원앙4길 51","202504~202703","신규","-","","","아파트"
"28190","충청북도 충주시 중앙탑면 용전리","721","0721","0000","충주시티자이","전세","59.8977","202503","05","13,000","0","13","2017","원앙4길 51","202504~202704","신규","-","","","아파트"
"28191","충청북도 증평군 증평읍 장동리","925","0925","0000","주공5단지","월세","51.9300","202503","05","1,727","15","11","2008","증평로 31-11","202505~202704","갱신","-","1,649","14","아파트"
"28192","충청북도 제천시 고암동","1250","1250","0000","고암주공1","월세","47.2500","202503","05","500","40","2","1986","고암로14길 13","202504~202704","갱신","-","300","30","아파트"
"28193","충청북도 충주시 호암동","1067","1067","0000","충주호암행복주택","월세","36.7600","202503","04","4,534","7","8","2020","호암수청1로 30","202412~202702","갱신","-","2,834","17","아파트"
"28194","충청북도 진천군 진천읍 장관리","880","0880","0000","진천장관사랑으로부영2차","월세","59.9605","202503","04","7,575","9","11","2013","진광로 97-13","202503~202603","신규","-","","","아파트"
"28195","충청북도 진천군 광혜원면 광혜원리","1092","1092","0000","진천광혜원LH2단지","월세","46.7100","202503","04","4,548","10","11","2021","화랑길 29","202405~202605","갱신","-","2,148","24","아파트"
"28196","충청북도 충주시 안림동","1171","1171","0000","충주2차푸르지오","전세","59.9869","202503","04","25,000","0","5","2016","봉현로 366","202505~202705","신규","-","","","아파트"
"28197","충청북도 영동군 영동읍 설계리","693","0693","0000","금강","전세","51.0000","202503","04","4,000","0","4","1994","눈어치1로 5","202503~202704","신규","-","","","아파트"
"28198","충청북도 증평군 증평읍 장동리","930","0930","0000","대성베르힐리오파크","전세","59.9500","202503","04","16,500","0","9","2015","북부두름길 80","202504~202704","신규","-","","","아파트"
"28199","충청북도 충주시 용산동","2627","2627","0000","동일하이빌","전세","84.5160","202503","04","25,000","0","11","2008","염밭로 22","202505~202704","신규","-","","","아파트"
"28200","충청북도 진천군 진천읍 장관리","880","0880","0000","진천장관사랑으로부영2차","월세","59.9605","202503","04","2,163","31","4","2013","진광로 97-13","202503~202603","신규","-","","","아파트"
"28201","충청북도 충주시 주덕읍 화곡리","1250","1250","0000","서충주신도시삼일파라뷰2차그랜드시티","전세","84.9734","202503","04","30,000","0","14","2024","화개4길 29","202503~202702","신규","-","","","아파트"
"28202","충청북도 충주시 주덕읍 화곡리","1250","1250","0000","서충주신도시삼일파라뷰2차그랜드시티","전세","84.9734","202503","04","30,000","0","15","2024","화개4길 29","202503~202702","신규","-","","","아파트"
"28203","충청북도 충주시 호암동","1050","1050","0000","힐스테이트호암","전세","59.9600","202503","04","25,000","0","16","2021","호암수청1로 29","202502~202702","갱신","사용","25,000","0","아파트"
"28204","충청북도 충주시 호암동","1068","1068","0000","충주호암제일풍경채","월세","84.9737","202503","04","9,500","17","23","2022","호암수청1로 60","202504~202704","갱신","-","9,500","15","아파트"
"28205","충청북도 제천시 고암동","1250","1250","0000","고암주공1","전세","47.2500","202503","04","5,400","0","5","1986","고암로14길 13","202503~202703","신규","-","","","아파트"
"28206","충청북도 충주시 중앙탑면 용전리","696","0696","0000","신우희가로아파트","전세","59.8332","202503","04","13,000","0","11","2018","원앙4길 96","202503~202703","신규","-","","","아파트"
"28207","충청북도 제천시 고암동","1142","1142","0000","고암두진4차","월세","33.0000","202503","04","300","30","11","2000","용두천로 378","202503~202703","신규","-","","","아파트"
"28208","충청북도 충주시 용산동","455-4","0455","0004","대림","월세","52.7200","202503","04","1,000","40","3","1995","염밭로 91","202503~202703","신규","-","","","아파트"
"28209","충청북도 제천시 왕암동","779","0779","0000","왕암코아루드림","월세","60.2620","202503","04","2,000","90","7","2018","바이오밸리로 171","202503~202703","신규","-","","","아파트"
"28210","충청북도 진천군 진천읍 성석리","969-1","0969","0001","진천성석행복주택","월세","16.7000","202503","04","1,074","6","8","2020","문화로 394","202502~202701","갱신","-","1,026","6","아파트"
"28211","충청북도 진천군 진천읍 성석리","327-1","0327","0001","동백3차아파트","월세","29.2500","202503","04","300","35","5","1999","덕금로 55","202503~202603","신규","-","","","아파트"
"28212","충청북도 음성군 금왕읍 무극리","93","0093","0000","LH음성금왕3단지(2차분)(301~303,308,309동)","월세","46.9000","202503","04","496","15","3","2008","무극로324번길 15","202504~202703","갱신","-","1,429","12","아파트"
"28213","충청북도 음성군 맹동면 동성리","228","0228","0000","천년나무1단지","월세","46.3800","202503","04","1,855","24","8","2015","이수로 31","202505~202704","신규","-","","","아파트"
"28214","충청북도 음성군 맹동면 동성리","523","0523","0000","충북혁신도시영무예다음3차","전세","84.9845","202503","04","20,000","0","3","2017","장성1길 9","202503~202704","신규","-","","","아파트"
"28215","충청북도 진천군 덕산읍 두촌리","3147","3147","0000","우미린스테이","월세","70.5634","202503","04","10,240","16","20","2018","대하로 150","202504~202704","갱신","-","10,240","14","아파트"
"28216","충청북도 진천군 진천읍 장관리","884","0884","0000","진천장관사랑으로부영1차","월세","59.9605","202503","04","7,575","9","5","2013","장관2길 139","202504~202604","신규","-","","","아파트"
"28217","충청북도 진천군 진천읍 장관리","884","0884","0000","진천장관사랑으로부영1차","월세","59.9605","202503","04","5,060","16","6","2013","장관2길 139","202504~202604","신규","-","","","아파트"
"28218","충청북도 청주시 흥덕구 가경동","1581","1581","0000","가경주공7단지","전세","84.9100","202503","04","26,500","0","4","2005","풍년로 40","202504~202704","신규","-","","","아파트"
"28219","충청북도 청주시 흥덕구 강서동","467","0467","0000","주산휴네스트","월세","33.4200","202503","04","500","50","5","2013","강서로 101","202503~202603","신규","-","","","아파트"
"28220","충청북도 청주시 서원구 산남동","1100","1100","0000","대원칸타빌2차","전세","84.9823","202503","04","28,000","0","9","2007","산미로 143","202504~202704","신규","-","","","아파트"
"28221","충청북도 청주시 서원구 사직동","931","0931","0000","푸르지오캐슬(101~117)","전세","176.0100","202503","04","35,500","0","3","2010","예체로 68","202503~202703","갱신","사용","34,000","0","아파트"
"28222","충청북도 청주시 서원구 수곡동","1057","1057","0000","더샵청주퍼스트파크","전세","76.9836","202503","04","27,300","0","6","2021","수곡로 20","202504~202704","갱신","-","26,000","0","아파트"
"28223","충청북도 청주시 흥덕구 강서동","472","0472","0000","우양센트럴","월세","22.4640","202503","04","300","45","5","2016","가로수로1164번길 41-44","202503~202603","신규","-","","","아파트"
"28224","충청북도 청주시 서원구 성화동","1034","1034","0000","청주성화2다안채6단지","전세","84.9600","202503","04","24,200","0","2","2013","구룡산로52번길 51","202505~202705","신규","-","","","아파트"
"28225","충청북도 청주시 흥덕구 가경동","1761","1761","0000","가로수마을한라비발디","월세","84.9620","202503","04","3,000","145","13","2008","서현서로 40","202505~202708","신규","-","","","아파트"
"28226","충청북도 청주시 흥덕구 복대동","3379","3379","0000","신영지웰시티1차","전세","124.8160","202503","04","60,000","0","5","2010","대농로 17","202505~202705","갱신","-","55,000","0","아파트"
"28227","충청북도 청주시 흥덕구 비하동","64-4","0064","0004","재원","전세","22.6800","202503","04","1,700","0","2","1991","가로수로1120번길 11","202503~202703","신규","-","","","아파트"
"28228","충청북도 청주시 흥덕구 가경동","1581","1581","0000","가경주공7단지","전세","84.9100","202503","04","26,000","0","10","2005","풍년로 40","202504~202704","신규","-","","","아파트"
"28229","충청북도 청주시 흥덕구 가경동","1581","1581","0000","가경주공7단지","전세","84.9100","202503","04","26,500","0","4","2005","풍년로 40","202504~202704","신규","-","","","아파트"
"28230","충청북도 청주시 흥덕구 가경동","1517","1517","0000","동부","전세","72.6400","202503","04","16,800","0","4","1998","가경로 64","202504~202608","갱신","-","16,800","0","아파트"
"28231","충청북도 청주시 흥덕구 가경동","1510","1510","0000","세원가경골","전세","59.7600","202503","04","14,500","0","6","1997","가경로 134","202504~202704","신규","-","","","아파트"
"28232","충청북도 청주시 서원구 남이면 가마리","378","0378","0000","청주가마힐데스하임","전세","80.7532","202503","04","27,000","0","12","2016","2순환로 1717","202506~202706","신규","-","","","아파트"
"28233","충청북도 청주시 흥덕구 오송읍 봉산리","798","0798","0000","오송역파라곤센트럴시티","전세","59.9800","202503","04","28,000","0","17","2023","오송생명7로 151","202504~202704","신규","-","","","아파트"
"28234","충청북도 청주시 청원구 오창읍 주성리","564","0564","0000","사랑으로부영7단지","월세","57.7554","202503","04","3,182","38","2","2014","2산단4로 60","202503~202603","신규","-","","","아파트"
"28235","충청북도 청주시 청원구 오창읍 주성리","569","0569","0000","충북오창사랑으로부영6단지","전세","57.7554","202503","04","12,567","0","15","2014","2산단로 125","202504~202604","갱신","-","12,382","0","아파트"
"28236","충청북도 청주시 청원구 오창읍 주성리","561","0561","0000","충북오창사랑으로부영8단지","전세","82.8216","202503","04","16,542","0","10","2015","2산단로 151","202503~202603","갱신","-","16,379","0","아파트"
"28237","충청북도 청주시 청원구 오창읍 주성리","569","0569","0000","충북오창사랑으로부영6단지","전세","57.7554","202503","04","12,382","0","6","2014","2산단로 125","202503~202603","갱신","-","12,164","0","아파트"
"28238","충청북도 청주시 청원구 오창읍 주성리","564","0564","0000","사랑으로부영7단지","전세","57.7554","202503","04","12,199","0","15","2014","2산단4로 60","202503~202603","갱신","-","12,199","0","아파트"
"28239","충청북도 청주시 청원구 오창읍 주성리","564","0564","0000","사랑으로부영7단지","전세","57.7554","202503","04","12,199","0","3","2014","2산단4로 60","202505~202605","갱신","-","12,199","0","아파트"
"28240","충청북도 청주시 청원구 오창읍 주성리","564","0564","0000","사랑으로부영7단지","전세","57.7554","202503","04","12,199","0","12","2014","2산단4로 60","202503~202603","갱신","-","12,199","0","아파트"
"28241","충청북도 청주시 청원구 오창읍 주성리","561","0561","0000","충북오창사랑으로부영8단지","전세","82.8216","202503","04","16,542","0","20","2015","2산단로 151","202504~202604","갱신","-","16,379","0","아파트"
"28242","충청북도 청주시 청원구 오창읍 주성리","561","0561","0000","충북오창사랑으로부영8단지","월세","82.8216","202503","04","8,538","33","18","2015","2산단로 151","202503~202603","갱신","-","0","33","아파트"
"28243","충청북도 청주시 청원구 오창읍 주성리","569","0569","0000","충북오창사랑으로부영6단지","전세","57.7554","202503","04","12,382","0","12","2014","2산단로 125","-","-","-","","","아파트"
"28244","충청북도 청주시 청원구 오창읍 각리","646-1","0646","0001","우림필유2차","전세","84.9812","202503","04","17,500","0","6","2006","오창중앙로 65","202503~202703","신규","-","","","아파트"
"28245","충청북도 청주시 흥덕구 오송읍 봉산리","798","0798","0000","오송역파라곤센트럴시티","전세","59.8447","202503","04","26,000","0","11","2023","오송생명7로 151","202503~202703","신규","-","","","아파트"
"28246","충청북도 청주시 흥덕구 오송읍 봉산리","1531","1531","0000","오송역대광로제비앙그랜드센텀","전세","84.9924","202503","04","25,500","0","7","2024","오송생명14로 283","202406~202606","신규","-","","","아파트"
"28247","충청북도 청주시 흥덕구 오송읍 봉산리","1523","1523","0000","오송역파라곤센트럴시티3차","전세","68.9518","202503","04","29,000","0","14","2024","오송생명7로 118","202410~203210","신규","-","","","아파트"
"28248","충청북도 청주시 흥덕구 오송읍 봉산리","1523","1523","0000","오송역파라곤센트럴시티3차","전세","68.9518","202503","04","29,000","0","24","2024","오송생명7로 118","202410~203210","신규","-","","","아파트"
"28249","충청북도 청주시 흥덕구 오송읍 봉산리","1523","1523","0000","오송역파라곤센트럴시티3차","전세","84.9965","202503","04","36,000","0","7","2024","오송생명7로 118","202410~203210","신규","-","","","아파트"
"28250","충청북도 청주시 흥덕구 오송읍 봉산리","1523","1523","0000","오송역파라곤센트럴시티3차","전세","84.9965","202503","04","35,300","0","4","2024","오송생명7로 118","202410~203210","신규","-","","","아파트"
"28251","충청북도 청주시 상당구 금천동","270","0270","0000","장자마을현대(2단지)","월세","84.8943","202503","04","2,000","70","9","2002","수영로 328","202503~202510","신규","-","","","아파트"
"28252","충청북도 청주시 상당구 방서동","655","0655","0000","청주하트리움리버파크","전세","84.8401","202503","04","33,000","0","16","2019","2순환로 2031","202505~202705","신규","-","","","아파트"
"28253","충청북도 청주시 흥덕구 오송읍 봉산리","1523","1523","0000","오송역파라곤센트럴시티3차","전세","84.9965","202503","04","36,000","0","10","2024","오송생명7로 118","202410~203210","신규","-","","","아파트"
"28254","충청북도 청주시 흥덕구 오송읍 봉산리","1523","1523","0000","오송역파라곤센트럴시티3차","전세","84.9965","202503","04","36,000","0","19","2024","오송생명7로 118","202410~203210","신규","-","","","아파트"
"28255","충청북도 청주시 흥덕구 오송읍 봉산리","1523","1523","0000","오송역파라곤센트럴시티3차","전세","84.9640","202503","04","36,000","0","19","2024","오송생명7로 118","202410~203210","신규","-","","","아파트"
"28256","충청북도 청주시 흥덕구 오송읍 봉산리","1523","1523","0000","오송역파라곤센트럴시티3차","전세","84.9965","202503","04","34,600","0","3","2024","오송생명7로 118","202410~203210","신규","-","","","아파트"
"28257","충청북도 청주시 흥덕구 오송읍 연제리","731","0731","0000","오송상록롯데캐슬","전세","84.9490","202503","04","27,000","0","12","2010","오송생명5로 202","202504~202704","신규","-","","","아파트"
"28258","충청북도 청주시 상당구 방서동","655","0655","0000","청주하트리움리버파크","전세","84.8401","202503","04","33,000","0","16","2019","2순환로 2031","202505~202705","신규","-","","","아파트"
"28259","충청북도 청주시 상당구 방서동","655","0655","0000","청주하트리움리버파크","전세","84.8401","202503","04","34,000","0","10","2019","2순환로 2031","-","-","-","","","아파트"
"28260","충청북도 청주시 서원구 남이면 가마리","378","0378","0000","청주가마힐데스하임","전세","80.7532","202503","04","25,000","0","16","2016","2순환로 1717","202503~202703","갱신","-","25,000","0","아파트"
"28261","충청북도 청주시 서원구 남이면 가마리","378","0378","0000","청주가마힐데스하임","전세","80.7532","202503","04","27,000","0","12","2016","2순환로 1717","202506~202706","신규","-","","","아파트"
"28262","충청북도 청주시 상당구 문화동","118","0118","0000","문화동센트럴칸타빌","전세","84.7409","202503","04","30,500","0","11","2018","용담로 7","202504~202704","신규","-","","","아파트"
"28263","충청북도 청주시 상당구 용암동","2076","2076","0000","태산그린","월세","59.7600","202503","04","2,000","55","12","1995","원봉로 20","202505~202705","신규","-","","","아파트"
"28264","충청북도 청주시 상당구 용암동","3164","3164","0000","청주동남파밀리에NHF4단지","월세","59.6600","202503","04","8,750","22","8","2021","동남로 187","202504~202703","신규","-","","","아파트"
"28265","충청북도 청주시 상당구 용암동","3147","3147","0000","시티프라디움2단지","전세","84.9954","202503","04","39,000","0","13","2020","중고개로142번길 17","202504~202710","신규","-","","","아파트"
"28266","충청북도 청주시 상당구 용암동","3164","3164","0000","청주동남파밀리에NHF4단지","월세","51.7600","202503","04","7,902","18","1","2021","동남로 187","202504~202703","신규","-","","","아파트"
"28267","충청북도 청주시 상당구 용암동","3164","3164","0000","청주동남파밀리에NHF4단지","월세","59.6300","202503","04","5,750","37","7","2021","동남로 187","-","-","-","","","아파트"
"28268","충청북도 청주시 상당구 용암동","3147","3147","0000","시티프라디움2단지","전세","84.9954","202503","04","39,000","0","13","2020","중고개로142번길 17","202505~202710","신규","-","","","아파트"
"28269","충청북도 청주시 상당구 용암동","2083","2083","0000","삼일무지개","전세","59.9400","202503","04","10,500","0","9","1994","무농정로 103","202503~202703","신규","-","","","아파트"
"28270","충청북도 청주시 상당구 용암동","3164","3164","0000","청주동남파밀리에NHF4단지","월세","59.6300","202503","04","9,150","20","13","2021","동남로 187","202504~202703","신규","-","","","아파트"
"28271","충청북도 청주시 흥덕구 오송읍 봉산리","1523","1523","0000","오송역파라곤센트럴시티3차","전세","84.9965","202503","04","36,000","0","7","2024","오송생명7로 118","202410~203210","신규","-","","","아파트"
"28272","충청북도 청주시 흥덕구 오송읍 봉산리","1523","1523","0000","오송역파라곤센트럴시티3차","전세","84.9965","202503","04","36,000","0","24","2024","오송생명7로 118","202410~203210","신규","-","","","아파트"
"28273","충청북도 청주시 흥덕구 오송읍 봉산리","1514","1514","0000","오송역파라곤센트럴시티2차","전세","68.9518","202503","04","26,700","0","12","2024","오송생명7로 105","202404~203204","신규","-","","","아파트"
"28274","충청북도 청주시 상당구 북문로2가","78-10","0078","0010","아트에비뉴198","월세","18.9750","202503","04","300","35","6","2016","중앙로 9-1","202503~202603","신규","-","","","아파트"
"28275","충청북도 청주시 청원구 오창읍 각리","646-1","0646","0001","우림필유2차","전세","84.9812","202503","04","17,500","0","6","2006","오창중앙로 65","202503~202703","갱신","사용","17,000","0","아파트"
"28276","충청북도 청주시 상당구 방서동","654","0654","0000","청주센트럴자이","월세","59.9530","202503","04","3,000","110","2","2018","단재로 316","202503~202703","신규","-","","","아파트"
"28277","충청북도 청주시 흥덕구 오송읍 봉산리","798","0798","0000","오송역파라곤센트럴시티","월세","59.9800","202503","03","2,000","85","6","2023","오송생명7로 151","202503~202703","신규","-","","","아파트"
"28278","충청북도 청주시 상당구 금천동","312","0312","0000","장자마을부영(312)","월세","84.9767","202503","03","2,000","80","1","2003","수영로 306","202503~202703","갱신","사용","2,000","73","아파트"
"28279","충청북도 청주시 흥덕구 오송읍 봉산리","612-6","0612","0006","삼부청솔","월세","43.2900","202503","03","100","35","11","1996","가로수로 11-6","202503~202603","신규","-","","","아파트"
"28280","충청북도 제천시 고암동","1142","1142","0000","고암두진4차","월세","33.0000","202503","03","300","30","11","2000","용두천로 378","202503~202703","신규","-","","","아파트"
"28281","충청북도 충주시 용산동","1678","1678","0000","용산주공2차","전세","49.7700","202503","03","8,000","0","11","1999","남산로 125","202503~202703","신규","-","","","아파트"
"28282","충청북도 충주시 연수동","700","0700","0000","두진1차","월세","39.8100","202503","03","300","33","2","1991","연수로 7","202503~202703","신규","-","","","아파트"
"28283","충청북도 충주시 연수동","1227","1227","0000","연수주공1차","전세","39.3000","202503","03","4,000","0","5","1990","예성로 353","202503~202703","신규","-","","","아파트"
"28284","충청북도 충주시 연수동","1227","1227","0000","연수주공1차","전세","39.3000","202503","03","2,500","0","4","1990","예성로 353","202503~202703","신규","-","","","아파트"
"28285","충청북도 옥천군 옥천읍 마암리","489","0489","0000","옥천역금호어울림더퍼스트","전세","84.9566","202503","03","18,000","0","7","2025","대천길 42","202503~202703","신규","-","","","아파트"
"28286","충청북도 충주시 대소원면 본리","645","0645","0000","충주코아루퍼스트아파트","월세","59.3554","202503","03","1,000","55","14","2016","첨단산업4로 24","202503~202703","신규","-","","","아파트"
"28287","충청북도 청주시 흥덕구 강내면 월곡리","438","0438","0000","흥덕칸타빌더뉴","월세","84.8504","202503","03","5,000","95","8","2024","가로수로 640-47","202503~202703","신규","-","","","아파트"
"28288","충청북도 청주시 흥덕구 강내면 월곡리","428","0428","0000","청원쌍용예가1단지","전세","84.9700","202503","03","18,000","0","4","2007","탑연월곡길 62-13","202504~202704","신규","-","","","아파트"
"28289","충청북도 청주시 흥덕구 강내면 월곡리","428","0428","0000","청원쌍용예가1단지","전세","84.9700","202503","03","18,000","0","4","2007","탑연월곡길 62-13","-","-","-","","","아파트"
"28290","충청북도 청주시 흥덕구 강내면 월곡리","438","0438","0000","흥덕칸타빌더뉴","월세","84.8504","202503","03","5,000","95","8","2024","가로수로 640-47","202503~202703","신규","-","","","아파트"
"28291","충청북도 제천시 강제동","903","0903","0000","강제코아루파크","월세","84.4000","202503","03","2,000","100","2","2015","청풍호로10길 31","202503~202703","신규","-","","","아파트"
"28292","충청북도 제천시 봉양읍 미당리","820","0820","0000","미당한마음","월세","59.5450","202503","03","1,000","50","4","2004","용두대로36길 5-12","202503~202703","신규","-","","","아파트"
"28293","충청북도 충주시 대소원면 본리","645","0645","0000","충주코아루퍼스트아파트","전세","59.3554","202503","03","12,000","0","12","2016","첨단산업4로 24","202504~202704","신규","-","","","아파트"
"28294","충청북도 충주시 주덕읍 신중리","69-1","0069","0001","주한","월세","34.5600","202503","03","300","33","10","1993","신덕로 1302","202503~202603","신규","-","","","아파트"
"28295","충청북도 충주시 칠금동","1015","1015","0000","부영아파트(2차)","월세","50.4900","202503","03","1,000","50","2","1996","칠금중앙로 30","202503~202703","신규","-","","","아파트"
"28296","충청북도 청주시 흥덕구 송절동","842","0842","0000","청주테크노폴리스우방아이유쉘1단지","전세","84.9725","202503","03","32,000","0","13","2018","송화로184번길 7","202503~202703","갱신","-","30,000","0","아파트"
"28297","충청북도 음성군 대소면 성본리","803","0803","0000","음성동문디이스트","월세","84.9615","202503","03","1,000","70","27","2024","성본산단3로 13","202503~202603","신규","-","","","아파트"
"28298","충청북도 청주시 서원구 분평동","1386","1386","0000","분평주공7","월세","84.9000","202503","03","10,000","50","6","1997","분평로 18","202503~202703","신규","-","","","아파트"
"28299","충청북도 청주시 서원구 분평동","1386","1386","0000","분평주공7","월세","84.9000","202503","03","10,000","50","6","1997","분평로 18","-","-","-","","","아파트"
"28300","충청북도 청주시 서원구 산남동","671","0671","0000","산남퀸덤아파트","전세","84.9306","202503","03","26,700","0","9","2007","두꺼비로 93","202504~202704","신규","-","","","아파트"
"28301","충청북도 청주시 서원구 분평동","1360","1360","0000","분평주공5단지아파트","월세","39.6900","202503","03","1,000","37","14","1998","분평로 88-1","202503~202703","신규","-","","","아파트"
"28302","충청북도 청주시 서원구 분평동","1386","1386","0000","분평주공7","월세","84.9000","202503","03","14,500","15","3","1997","분평로 18","202505~202705","신규","-","","","아파트"
"28303","충청북도 청주시 흥덕구 가경동","1517","1517","0000","동부","전세","84.9400","202503","03","19,000","0","2","1998","가경로 64","202503~202703","갱신","-","19,000","0","아파트"
"28304","충청북도 청주시 흥덕구 가경동","1510","1510","0000","세원가경골","전세","59.7600","202503","03","15,500","0","14","1997","가경로 134","202505~202705","갱신","-","15,000","0","아파트"
"28305","충청북도 청주시 서원구 모충동","553","0553","0000","청주모충LH트릴로채","전세","74.8500","202503","03","29,000","0","10","2021","쌍샘로 22","202510~202710","신규","-","","","아파트"
"28306","충청북도 청주시 흥덕구 복대동","3029","3029","0000","현대2","전세","60.0000","202503","03","18,500","0","10","2000","증안로 77","202504~202704","신규","-","","","아파트"
"28307","충청북도 청주시 흥덕구 복대동","3379","3379","0000","신영지웰시티1차","전세","99.1260","202503","03","32,550","0","10","2010","대농로 17","202503~202703","갱신","사용","31,000","0","아파트"
"28308","충청북도 음성군 대소면 성본리","818","0818","0000","음성푸르지오더퍼스트","전세","84.8971","202503","03","14,000","0","9","2024","성본산단4로 41","202503~202703","신규","-","","","아파트"
"28309","충청북도 청주시 흥덕구 봉명동","1602","1602","0000","주공2","전세","53.8500","202503","03","8,000","0","2","1985","직지대로581번길 33-12","202504~202704","신규","-","","","아파트"
"28310","충청북도 청주시 흥덕구 비하동","824","0824","0000","서청주파크자이","전세","59.9446","202503","03","31,000","0","16","2019","2순환로 1106","202504~202704","신규","-","","","아파트"
"28311","충청북도 청주시 흥덕구 비하동","819","0819","0000","청주비하2차대광로제비앙","전세","84.9860","202503","03","30,000","0","3","2018","가로수로1131번길 12","202504~202704","신규","-","","","아파트"
"28312","충청북도 청주시 흥덕구 가경동","1762","1762","0000","가로수마을대원칸타빌","전세","138.9321","202503","02","42,000","0","4","2008","서현서로 39","202503~202703","갱신","사용","42,000","0","아파트"
"28313","충청북도 청주시 흥덕구 복대동","3382","3382","0000","복대두진하트리움","전세","84.9251","202503","02","38,000","0","25","2015","죽천로 27","202504~202609","신규","-","","","아파트"
"28314","충청북도 청주시 흥덕구 복대동","993","0993","0000","덕일","월세","49.6100","202503","02","500","42","5","1989","복대로 149","202503~202703","신규","-","","","아파트"
"28315","충청북도 청주시 서원구 남이면 척북리","74-7","0074","0007","삼포","월세","36.6200","202503","02","1,000","23","7","2000","저산척북로 636-10","202503~202703","신규","-","","","아파트"
"28316","충청북도 청주시 흥덕구 복대동","3382","3382","0000","복대두진하트리움","전세","84.9251","202503","02","38,000","0","25","2015","죽천로 27","202504~202609","신규","-","","","아파트"
"28317","충청북도 청주시 서원구 수곡동","324","0324","0000","주공1","전세","39.6900","202503","02","6,000","0","4","1990","구룡산로 319","202503~202703","신규","-","","","아파트"
"28318","충청북도 청주시 상당구 탑동","42","0042","0000","보성트윈힐스","월세","38.8900","202503","02","300","35","10","1998","중고개로 349","202503~202603","신규","-","","","아파트"
"28319","충청북도 청주시 청원구 내수읍 마산리","123","0123","0000","내수진흥아파트","월세","59.8500","202503","02","500","30","5","1990","마산길 72","202503~202703","신규","-","","","아파트"
"28320","충청북도 청주시 청원구 오창읍 주성리","556","0556","0000","오창대성베르힐","전세","72.8994","202503","02","21,000","0","17","2015","2산단로 160","202502~202702","신규","-","","","아파트"
"28321","충청북도 청주시 청원구 오창읍 각리","637-1","0637","0001","한라비발디","월세","59.9580","202503","02","2,000","80","7","2006","오창중앙로 94","-","-","-","","","아파트"
"28322","충청북도 청주시 상당구 금천동","477","0477","0000","금천센트럴파크스타힐스","전세","84.6785","202503","02","22,000","0","20","2020","쇠내로 48","202503~202703","갱신","사용","21,000","0","아파트"
"28323","충청북도 청주시 상당구 용암동","2064","2064","0000","세원한아름","월세","41.8500","202503","02","1,500","40","5","1994","무농정로 90","202503~202703","신규","-","","","아파트"
"28324","충청북도 청주시 상당구 용암동","2433","2433","0000","중흥마을부영(2433)","전세","84.9538","202503","02","19,350","0","8","2001","중흥로 146","202503~202703","신규","-","","","아파트"
"28325","충청북도 청주시 청원구 오창읍 각리","637-1","0637","0001","한라비발디","월세","59.9580","202503","02","2,000","80","7","2006","오창중앙로 94","202504~202704","신규","-","","","아파트"
"28326","충청북도 청주시 청원구 오창읍 각리","637-1","0637","0001","한라비발디","월세","59.9580","202503","02","2,000","80","7","2006","오창중앙로 94","202504~202704","신규","-","","","아파트"
"28327","충청북도 진천군 진천읍 신정리","827","0827","0000","진천양우내안애해오르미","전세","39.1500","202503","02","9,000","0","1","2016","농다리로 1431","202503~202703","신규","-","","","아파트"
"28328","충청북도 충주시 용산동","1680","1680","0000","용산주공3차","월세","36.2000","202503","02","500","40","11","2003","남산로 114","202503~202603","신규","-","","","아파트"
"28329","충청북도 청주시 흥덕구 강내면 월곡리","438","0438","0000","흥덕칸타빌더뉴","전세","59.9755","202503","02","19,000","0","20","2024","가로수로 640-47","202503~202703","신규","-","","","아파트"
"28330","충청북도 청주시 청원구 사천동","25-2","0025","0002","정도드림-빌","월세","29.9200","202503","02","2,000","30","13","1999","공항로 159-12","202503~202603","신규","-","","","아파트"
"28331","충청북도 충주시 중앙탑면 용전리","721","0721","0000","충주시티자이","월세","59.9959","202503","02","1,000","70","17","2017","원앙4길 51","202503~202703","신규","-","","","아파트"
"28332","충청북도 청주시 흥덕구 강내면 월탄리","90","0090","0000","태암수정","월세","34.7100","202503","02","500","35","4","1997","태성탑연로 264","202502~202702","신규","-","","","아파트"
"28333","충청북도 청주시 흥덕구 강내면 월탄리","90","0090","0000","태암수정","월세","34.7100","202503","02","500","35","3","1997","태성탑연로 264","202502~202702","신규","-","","","아파트"
"28334","충청북도 충주시 교현동","1358","1358","0000","중흥S-클래스","월세","84.1550","202503","02","1,000","105","4","2008","금봉8길 23","202503~202703","신규","-","","","아파트"
"28335","충청북도 청주시 청원구 사천동","697","0697","0000","청주사천푸르지오","전세","84.9748","202503","01","34,000","0","12","2018","사뜸로 106","202504~202704","신규","-","","","아파트"
"28336","충청북도 청주시 흥덕구 송절동","851","0851","0000","청주테크노폴리스푸르지오","전세","84.9950","202503","01","29,400","0","13","2018","송화로214번길 7","202503~202703","갱신","사용","28,000","0","아파트"
"28337","충청북도 청주시 청원구 사천동","697","0697","0000","청주사천푸르지오","전세","84.9748","202503","01","34,000","0","12","2018","사뜸로 106","202504~202704","신규","-","","","아파트"
"28338","충청북도 충주시 칠금동","1015","1015","0000","부영아파트(2차)","월세","60.0000","202503","01","1,000","60","11","1996","칠금중앙로 30","202503~202703","신규","-","","","아파트"
"28339","충청북도 청주시 청원구 율량동","1135","1135","0000","한울아파트302동","전세","45.3600","202503","01","7,100","0","7","1999","주성로96번길 8","202503~202703","신규","-","","","아파트"
"28340","충청북도 충주시 칠금동","629","0629","0000","금능현대","월세","59.9850","202503","01","1,000","55","15","1995","금릉로 45","202503~202703","신규","-","","","아파트"
"28341","충청북도 충주시 호암동","1066","1066","0000","충주호암1단지","월세","37.4500","202503","01","645","25","6","2020","호암수청2로 56","202503~202704","신규","-","","","아파트"
"28342","충청북도 청주시 흥덕구 송절동","842","0842","0000","청주테크노폴리스우방아이유쉘1단지","월세","73.1317","202503","01","3,000","110","6","2018","송화로184번길 7","202504~202704","신규","-","","","아파트"
"28343","충청북도 증평군 증평읍 송산리","722","0722","0000","증평송산LH5단지","월세","37.2800","202503","01","700","24","3","2022","송산로 30","202504~202703","갱신","-","1,433","22","아파트"
"28344","충청북도 진천군 덕산읍 두촌리","3148","3148","0000","충북혁신도시아모리움내안애","전세","84.9637","202503","01","25,000","0","9","2018","대하로 114","202504~202704","신규","-","","","아파트"
"28345","충청북도 충주시 안림동","1081","1081","0000","안림한영","월세","29.4000","202503","01","300","30","5","1997","만리산10길 25","202503~202703","신규","-","","","아파트"
"28346","충청북도 옥천군 옥천읍 금구리","302","0302","0000","옥천계룡리슈빌","전세","59.9807","202503","01","15,500","0","6","2021","가화4길 65","202503~202703","신규","-","","","아파트"
"28347","충청북도 청주시 청원구 율량동","1569","1569","0000","동아","전세","134.4700","202503","01","19,500","0","15","1990","율천북로99번길 14","202504~202704","신규","-","","","아파트"
"28348","충청북도 청주시 청원구 율량동","2246","2246","0000","대원칸타빌4차아파트","전세","105.6270","202503","01","40,000","0","13","2015","율중로 10","202508~202708","신규","-","","","아파트"
"28349","충청북도 충주시 연수동","1227","1227","0000","연수주공1차","전세","47.3200","202503","01","6,500","0","4","1991","예성로 360","202504~202704","신규","-","","","아파트"
"28350","충청북도 충주시 연수동","686","0686","0000","연수주공4차,5차","월세","49.7700","202503","01","500","50","9","1997","예성로 401","202503~202703","신규","-","","","아파트"
"28351","충청북도 충주시 봉방동","24-1","0024","0001","세중참사랑","월세","84.9600","202503","01","200","40","8","2004","봉방1길 17","202503~202703","신규","-","","","아파트"
"28352","충청북도 충주시 호암동","542-1","0542","0001","세경","전세","56.8800","202503","01","4,000","0","4","1992","신촌1길 6","202503~202702","신규","-","","","아파트"
"28353","충청북도 충주시 교현동","1083","1083","0000","남산주공1","전세","47.2500","202503","01","4,000","0","4","1986","남산4길 28","202503~202702","갱신","-","4,000","0","아파트"
"28354","충청북도 제천시 청전동","646","0646","0000","청전2주공","월세","40.0000","202503","01","300","40","2","1991","고암로 22","202503~202702","신규","-","","","아파트"
"28355","충청북도 진천군 문백면 봉죽리","257","0257","0000","경향렉스빌","월세","35.1000","202503","01","300","33","12","2000","봉죽2길 20-42","202503~202602","신규","-","","","아파트"
"28356","충청북도 청주시 청원구 율량동","2605","2605","0000","율량금호어울림센트로","전세","84.9755","202503","01","32,000","0","20","2022","율천북로 91","202504~202704","신규","-","","","아파트"
"28357","충청북도 제천시 교동","1-1","0001","0001","두진","전세","84.0050","202503","01","10,000","0","2","1994","독순로23길 19","202503~202703","신규","-","","","아파트"
"28358","충청북도 충주시 교현동","518","0518","0000","교현","월세","35.5000","202503","01","200","20","2","1979","예성로 273","202503~202703","신규","-","","","아파트"
"28359","충청북도 충주시 중앙탑면 용전리","661","0661","0000","e편한세상충주","전세","84.9537","202503","01","20,000","0","3","2017","원앙9길 15","202503~202703","신규","-","","","아파트"
"28360","충청북도 충주시 중앙탑면 용전리","721","0721","0000","충주시티자이","월세","84.9571","202503","01","1,000","90","13","2017","원앙4길 51","202504~202704","신규","-","","","아파트"
"28361","충청북도 제천시 신백동","209-8","0209","0008","선광로즈웰","월세","33.2050","202503","01","600","50","3","2000","신백로 30","202503~202703","신규","-","","","아파트"
"28362","충청북도 제천시 동현동","63-1","0063","0001","세경","월세","56.8800","202503","01","3,800","13","2","1989","의병대로30길 10","-","-","-","","","아파트"
"28363","충청북도 청주시 흥덕구 강내면 월곡리","438","0438","0000","흥덕칸타빌더뉴","전세","59.9755","202503","01","19,000","0","9","2024","가로수로 640-47","202504~202704","신규","-","","","아파트"
"28364","충청북도 옥천군 옥천읍 장야리","444","0444","0000","더퍼스트이안","월세","75.6918","202503","01","1,000","50","2","2021","장야4길 51","202504~202704","신규","-","","","아파트"
"28365","충청북도 청주시 흥덕구 강내면 월곡리","438","0438","0000","흥덕칸타빌더뉴","월세","59.9755","202503","01","1,000","80","20","2024","가로수로 640-47","202503~202602","신규","-","","","아파트"
"28366","충청북도 청주시 흥덕구 가경동","2276","2276","0000","청주가경아이파크3단지","전세","105.6400","202503","01","58,000","0","25","2021","서현로 62","202505~202705","신규","-","","","아파트"
"28367","충청북도 청주시 흥덕구 가경동","1762","1762","0000","가로수마을대원칸타빌","전세","147.8861","202503","01","40,000","0","3","2008","서현서로 39","202505~202705","신규","-","","","아파트"
"28368","충청북도 청주시 흥덕구 가경동","1550","1550","0000","2단지주공","전세","59.9200","202503","01","17,500","0","6","2002","가경로 26","202503~202703","갱신","-","19,000","0","아파트"
"28369","충청북도 청주시 흥덕구 가경동","1550","1550","0000","2단지주공","전세","49.8000","202503","01","14,000","0","9","2002","가경로 26","202505~202703","신규","-","","","아파트"
"28370","충청북도 청주시 서원구 사직동","358-5","0358","0005","덕희","월세","22.2000","202503","01","300","32","11","1994","남사로 14","202503~202602","신규","-","","","아파트"
"28371","충청북도 청주시 흥덕구 비하동","819","0819","0000","청주비하2차대광로제비앙","전세","84.9860","202503","01","30,000","0","17","2018","가로수로1131번길 12","202506~202703","신규","-","","","아파트"
"28372","충청북도 청주시 흥덕구 신봉동","529","0529","0000","한성","전세","54.6300","202503","01","5,500","0","4","1988","1순환로 451","202504~202704","신규","-","","","아파트"
"28373","충청북도 청주시 흥덕구 강서동","458","0458","0000","청주강서동광모닝스카이","전세","27.6300","202503","01","9,500","0","20","2016","가로수로1164번길 41-33","202503~202512","갱신","-","9,500","0","아파트"
"28374","충청북도 청주시 흥덕구 강서동","583","0583","0000","가경아이파크5단지","전세","101.5539","202503","01","29,400","0","4","2023","서부로 1123","202504~202704","갱신","사용","28,000","0","아파트"
"28375","충청북도 청주시 흥덕구 강서동","482","0482","0000","강서베리굿2차","전세","20.9172","202503","01","5,600","0","6","2016","강서로 111","202504~202704","신규","-","","","아파트"
"28376","충청북도 청주시 흥덕구 강서동","583","0583","0000","가경아이파크5단지","전세","84.7993","202503","01","39,000","0","8","2023","서부로 1123","202504~202704","갱신","-","29,000","0","아파트"
"28377","충청북도 청주시 흥덕구 강서동","470","0470","0000","나보나시티","월세","29.8600","202503","01","1,000","67","19","2021","가로수로1164번길 41-28","202503~202703","신규","-","","","아파트"
"28378","충청북도 청주시 흥덕구 강서동","470","0470","0000","나보나시티","월세","29.8600","202503","01","500","63","8","2021","가로수로1164번길 41-28","202503~202703","신규","-","","","아파트"
"28379","충청북도 청주시 서원구 모충동","452","0452","0000","주공1","월세","38.5200","202503","01","1,000","30","2","1985","쌍샘로 84","202504~202704","신규","-","","","아파트"
"28380","충청북도 청주시 서원구 모충동","473","0473","0000","두산한솔","월세","84.9900","202503","01","2,000","80","8","1994","모충로124번길 53","202503~202703","신규","-","","","아파트"
"28381","충청북도 청주시 서원구 성화동","939","0939","0000","성화호반베르디움","전세","84.8572","202503","01","34,000","0","5","2012","구룡산로 24","202504~202704","신규","-","","","아파트"
"28382","충청북도 음성군 대소면 대풍리","621","0621","0000","음성대소부영","전세","84.8029","202503","01","12,000","0","7","2006","대청로 17","202504~202704","신규","-","","","아파트"
"28383","충청북도 청주시 서원구 수곡동","777","0777","0000","한마음1","전세","59.9400","202503","01","12,300","0","7","1995","수곡로 78","202504~202704","신규","-","","","아파트"
"28384","충청북도 청주시 서원구 수곡동","1002","1002","0000","두진백로","월세","59.4000","202503","01","1,000","65","11","1995","수곡로 36","202503~202703","신규","-","","","아파트"
"28385","충청북도 청주시 서원구 수곡동","1002","1002","0000","두진백로","월세","59.4000","202503","01","2,000","55","2","1995","수곡로 36","202505~202705","신규","-","","","아파트"
"28386","충청북도 청주시 서원구 수곡동","1057","1057","0000","더샵청주퍼스트파크","전세","76.9836","202503","01","32,000","0","12","2021","수곡로 20","202505~202705","신규","-","","","아파트"
"28387","충청북도 청주시 서원구 개신동","613","0613","0000","휴먼시아","월세","49.9300","202503","01","1,000","50","4","2001","경신로 67","202503~202703","신규","-","","","아파트"
"28388","충청북도 청주시 서원구 개신동","613","0613","0000","휴먼시아","월세","59.9000","202503","01","2,000","70","7","2001","경신로 67","202504~202704","신규","-","","","아파트"
"28389","충청북도 청주시 흥덕구 복대동","2456","2456","0000","아름다운나날영조1","전세","59.3291","202503","01","16,900","0","10","2003","증안로 21","202505~202705","신규","-","","","아파트"
"28390","충청북도 청주시 흥덕구 복대동","2456","2456","0000","아름다운나날영조1","전세","59.3291","202503","01","17,500","0","12","2003","증안로 21","202504~202704","신규","-","","","아파트"
"28391","충청북도 청주시 흥덕구 복대동","2456","2456","0000","아름다운나날영조1","전세","59.3291","202503","01","17,000","0","10","2003","증안로 21","202506~202706","신규","-","","","아파트"
"28392","충청북도 청주시 서원구 분평동","1200","1200","0000","분평주공3","전세","59.9900","202503","01","11,500","0","4","1997","1순환로1137번길 130","202503~202703","갱신","사용","11,000","0","아파트"
"28393","충청북도 청주시 서원구 분평동","275-1","0275","0001","대승스카이빌","월세","34.8899","202503","01","500","32","4","2001","안뜸로12번길 13","202503~202702","갱신","사용","500","30","아파트"
"28394","충청북도 청주시 서원구 수곡동","1057","1057","0000","더샵청주퍼스트파크","전세","76.9836","202503","01","32,000","0","12","2021","수곡로 20","202505~202705","신규","-","","","아파트"
"28395","충청북도 청주시 흥덕구 비하동","238-1","0238","0001","삼일","월세","59.8800","202503","01","1,000","65","7","1990","비하로63번길 24","202503~202703","신규","-","","","아파트"
"28396","충청북도 청주시 흥덕구 비하동","809","0809","0000","청주비하계룡리슈빌2차","전세","155.3889","202503","01","36,000","0","2","2009","비하로57번길 37","202504~202704","신규","-","","","아파트"
"28397","충청북도 음성군 대소면 성본리","803","0803","0000","음성동문디이스트","전세","84.9615","202503","01","15,000","0","19","2024","성본산단3로 13","-","-","-","","","아파트"
"28398","충청북도 음성군 대소면 성본리","803","0803","0000","음성동문디이스트","전세","84.9615","202503","01","15,000","0","19","2024","성본산단3로 13","202504~202704","신규","-","","","아파트"
"28399","충청북도 음성군 대소면 성본리","803","0803","0000","음성동문디이스트","전세","84.9615","202503","01","16,000","0","25","2024","성본산단3로 13","202504~202704","신규","-","","","아파트"
"28400","충청북도 음성군 대소면 성본리","818","0818","0000","음성푸르지오더퍼스트","전세","84.8316","202503","01","16,000","0","10","2024","성본산단4로 41","202504~202704","신규","-","","","아파트"
"28401","충청북도 음성군 대소면 성본리","803","0803","0000","음성동문디이스트","월세","84.9615","202503","01","2,000","70","20","2024","성본산단3로 13","202503~202702","신규","-","","","아파트"
"28402","충청북도 음성군 대소면 성본리","818","0818","0000","음성푸르지오더퍼스트","전세","84.8316","202503","01","16,000","0","10","2024","성본산단4로 41","202504~202704","신규","-","","","아파트"
"28403","충청북도 청주시 흥덕구 봉명동","1855","1855","0000","푸른","월세","44.1300","202503","01","8,000","2","9","1994","월명로 124","202504~202704","신규","-","","","아파트"
"28404","충청북도 청주시 흥덕구 가경동","1761","1761","0000","가로수마을한라비발디","월세","84.9620","202503","01","2,000","110","2","2008","서현서로 40","202503~202703","신규","-","","","아파트"
"28405","충청북도 청주시 상당구 방서동","825","0825","0000","동남지구호반써밋브룩사이드","월세","74.9713","202503","01","3,000","130","1","2023","동남로 2","202504~202704","신규","-","","","아파트"
"28406","충청북도 청주시 상당구 영동","46","0046","0000","한전사택","월세","53.9600","202503","01","1,000","45","2","1989","사직대로361번길 113","202503~202703","신규","-","","","아파트"
"28407","충청북도 청주시 상당구 방서동","654","0654","0000","청주센트럴자이","전세","84.7377","202503","01","31,500","0","21","2018","단재로 316","-","-","-","","","아파트"
"28408","충청북도 청주시 상당구 용암동","2099","2099","0000","건영","월세","84.9300","202503","01","16,400","15","1","1999","중흥로 71","202504~202704","신규","-","","","아파트"
"28409","충청북도 청주시 상당구 용암동","2537","2537","0000","중흥마을마이빌아파트","월세","59.9187","202503","01","1,000","70","3","2003","중흥로 148","202503~202703","신규","-","","","아파트"
"28410","충청북도 청주시 상당구 금천동","77-7","0077","0007","뉴타운","월세","164.3700","202503","01","5,000","51","10","1993","꽃산동로 41","202505~202705","신규","-","","","아파트"
"28411","충청북도 청주시 상당구 금천동","477","0477","0000","금천센트럴파크스타힐스","전세","67.7429","202503","01","31,000","0","15","2020","쇠내로 48","202503~202702","신규","-","","","아파트"
"28412","충청북도 청주시 상당구 금천동","477","0477","0000","금천센트럴파크스타힐스","전세","67.7429","202503","01","26,500","0","6","2020","쇠내로 48","202504~202702","신규","-","","","아파트"
"28413","충청북도 청주시 상당구 탑동","390","0390","0000","센트럴힐데스하임","전세","129.8320","202503","01","31,500","0","25","2022","용담로 50","202503~202703","갱신","사용","30,000","0","아파트"
"28414","충청북도 청주시 상당구 탑동","390","0390","0000","센트럴힐데스하임","전세","65.9710","202503","01","21,000","0","8","2022","용담로 50","202503~202703","갱신","-","20,000","0","아파트"
"28415","충청북도 청주시 청원구 우암동","328-12","0328","0012","우암세원","월세","41.0200","202503","01","500","40","6","1999","사북로149번길 7","202503~202703","신규","-","","","아파트"
"28416","충청북도 청주시 흥덕구 오송읍 연제리","726","0726","0000","모아미래도","전세","84.7627","202503","01","27,500","0","9","2010","오송생명3로 87","202507~202707","신규","-","","","아파트"
"28417","충청북도 청주시 청원구 오창읍 각리","646-6","0646","0006","이안오창","월세","84.8307","202503","01","2,000","100","10","2006","오창중앙로 83","202503~202603","신규","-","","","아파트"
