"NO","시군구","번지","본번","부번","단지명","전월세구분","전용면적(㎡)","계약년월","계약일","보증금(만원)","월세금(만원)","층","건축년도","도로명","계약기간","계약구분","갱신요구권 사용","종전계약 보증금(만원)","종전계약 월세(만원)","주택유형"
"7996","충청북도 청주시 청원구 오창읍 각리","637-6","0637","0006","중앙하이츠빌","전세","84.6881","202510","31","20,000","0","13","2006","오창중앙로 32","202510~202710","신규","-","","","아파트"
"7997","충청북도 청주시 청원구 오창읍 주성리","561","0561","0000","충북오창사랑으로부영8단지","월세","82.8216","202510","31","5,335","46","1","2015","2산단로 151","202511~202611","갱신","-","5,335","46","아파트"
"7998","충청북도 청주시 청원구 오창읍 주성리","564","0564","0000","사랑으로부영7단지","전세","57.7554","202510","31","12,357","0","1","2014","2산단4로 60","202511~202611","갱신","-","12,199","0","아파트"
"7999","충청북도 청주시 청원구 오창읍 각리","636-2","0636","0002","한신더휴센트럴파크","월세","84.9922","202510","31","3,000","150","32","2018","오창공원로 96","202601~202801","신규","-","","","아파트"
"8000","충청북도 청주시 상당구 용암동","3604","3604","0000","동남힐데스하임","전세","84.8429","202510","31","30,000","0","9","2020","월운로 116","202512~202712","신규","-","","","아파트"
"8001","충청북도 청주시 상당구 금천동","477","0477","0000","금천센트럴파크스타힐스","전세","84.6785","202510","31","27,000","0","1","2020","쇠내로 48","202601~202801","신규","-","","","아파트"
"8002","충청북도 청주시 상당구 금천동","124","0124","0000","효성","월세","27.2900","202510","31","200","25","9","1998","수영로 204","202511~202711","신규","-","","","아파트"
"8003","충청북도 청주시 상당구 금천동","477","0477","0000","금천센트럴파크스타힐스","전세","84.6785","202510","31","27,000","0","1","2020","쇠내로 48","202601~202801","신규","-","","","아파트"
"8004","충청북도 청주시 상당구 탑동","390","0390","0000","센트럴힐데스하임","전세","39.9890","202510","31","14,700","0","11","2022","용담로 50","202512~202712","신규","-","","","아파트"
"8005","충청북도 청주시 상당구 탑동","390","0390","0000","센트럴힐데스하임","전세","39.9890","202510","31","14,700","0","11","2022","용담로 50","-","-","-","","","아파트"
"8006","충청북도 청주시 청원구 오창읍 주성리","569","0569","0000","충북오창사랑으로부영6단지","전세","57.7554","202510","31","12,567","0","4","2014","2산단로 125","202512~202612","갱신","-","12,382","0","아파트"
"8007","충청북도 청주시 상당구 문화동","118","0118","0000","문화동센트럴칸타빌","전세","84.7409","202510","31","31,500","0","8","2018","용담로 7","202511~202711","갱신","-","31,500","0","아파트"
"8008","충청북도 청주시 청원구 오창읍 주성리","567","0567","0000","충북오창사랑으로부영5단지","월세","82.8216","202510","31","8,538","33","11","2015","2산단4로 20","202511~202611","갱신","-","8,538","33","아파트"
"8009","충청북도 청주시 청원구 오창읍 주성리","567","0567","0000","충북오창사랑으로부영5단지","전세","82.7462","202510","31","16,542","0","4","2015","2산단4로 20","202512~202612","신규","-","","","아파트"
"8010","충청북도 청주시 청원구 오창읍 주성리","564","0564","0000","사랑으로부영7단지","월세","57.7554","202510","31","3,223","38","22","2014","2산단4로 60","202601~202701","갱신","-","3,182","38","아파트"
"8011","충청북도 진천군 덕산읍 두촌리","2487","2487","0000","충북혁신리슈빌","전세","84.8600","202510","31","19,500","0","10","2018","연미로 128","202511~202711","신규","-","","","아파트"
"8012","충청북도 충주시 호암동","1066","1066","0000","충주호암1단지","월세","46.3300","202510","31","4,533","19","5","2020","호암수청2로 56","202511~202710","신규","-","","","아파트"
"8013","충청북도 진천군 덕산읍 두촌리","3147","3147","0000","우미린스테이","월세","78.2298","202510","31","11,500","18","1","2018","대하로 150","202512~202712","갱신","-","11,500","16","아파트"
"8014","충청북도 제천시 고암동","1268","1268","0000","고암오네뜨","월세","59.9689","202510","31","2,000","95","17","2017","신죽하로 83-20","202511~202711","갱신","사용","2,000","90","아파트"
"8015","충청북도 제천시 하소동","353","0353","0000","주공2","월세","58.7400","202510","31","1,000","50","2","1995","하소로 88","202511~202711","신규","-","","","아파트"
"8016","충청북도 청주시 청원구 율량동","2455","2455","0000","청주율량2엘에이치9단지","월세","36.8600","202510","31","3,304","8","6","2014","율중로7번길 77","202512~202711","갱신","-","1,593","15","아파트"
"8017","충청북도 진천군 덕산읍 두촌리","3147","3147","0000","우미린스테이","월세","78.2298","202510","31","11,500","18","2","2018","대하로 150","202512~202712","갱신","-","11,500","16","아파트"
"8018","충청북도 진천군 덕산읍 두촌리","3147","3147","0000","우미린스테이","월세","70.5634","202510","31","10,240","17","16","2018","대하로 150","202512~202712","갱신","-","10,240","15","아파트"
"8019","충청북도 음성군 맹동면 동성리","445","0445","0000","충북혁신도시 LH쌍용예가","전세","59.9300","202510","31","15,000","0","18","2014","사예로 20","-","-","-","","","아파트"
"8020","충청북도 충주시 호암동","1066","1066","0000","충주호암1단지","월세","37.4500","202510","31","4,145","10","17","2020","호암수청2로 56","202511~202710","갱신","-","1,571","21","아파트"
"8021","충청북도 진천군 문백면 봉죽리","257","0257","0000","경향렉스빌","월세","40.3200","202510","31","300","30","8","2000","봉죽2길 20-42","202510~202710","갱신","-","300","30","아파트"
"8022","충청북도 진천군 덕산읍 두촌리","3147","3147","0000","우미린스테이","월세","78.2298","202510","31","11,500","20","17","2018","대하로 150","202601~202801","갱신","-","11,500","17","아파트"
"8023","충청북도 청주시 흥덕구 오송읍 봉산리","798","0798","0000","오송역파라곤센트럴시티","전세","59.8447","202510","31","28,000","0","9","2023","오송생명7로 151","202512~202712","신규","-","","","아파트"
"8024","충청북도 청주시 흥덕구 오송읍 봉산리","1531","1531","0000","오송역대광로제비앙그랜드센텀","전세","84.9924","202510","31","25,500","0","9","2024","오송생명14로 283","202510~202710","신규","-","","","아파트"
"8025","충청북도 청주시 흥덕구 오송읍 봉산리","798","0798","0000","오송역파라곤센트럴시티","월세","59.8447","202510","31","3,000","88","3","2023","오송생명7로 151","202511~202702","신규","-","","","아파트"
"8026","충청북도 청주시 흥덕구 오송읍 봉산리","798","0798","0000","오송역파라곤센트럴시티","전세","59.8447","202510","31","27,500","0","18","2023","오송생명7로 151","202602~202802","신규","-","","","아파트"
"8027","충청북도 충주시 호암동","542-1","0542","0001","세경","월세","56.8800","202510","31","500","40","3","1992","신촌1길 6","202511~202711","신규","-","","","아파트"
"8028","충청북도 증평군 증평읍 미암리","1073","1073","0000","증평코아루휴티스","전세","59.6260","202510","31","18,000","0","15","2021","미암로 59","-","-","-","","","아파트"
"8029","충청북도 충주시 중앙탑면 용전리","661","0661","0000","e편한세상충주","월세","59.8841","202510","31","1,000","65","7","2017","원앙9길 15","202511~202711","신규","-","","","아파트"
"8030","충청북도 옥천군 옥천읍 죽향리","153","0153","0000","옥향아파트","월세","84.9850","202510","31","1,000","50","6","1997","성왕로 1274","202511~202711","신규","-","","","아파트"
"8031","충청북도 충주시 대소원면 본리","642","0642","0000","충주지웰","전세","59.0401","202510","31","11,000","0","13","2016","첨단산업2로 42","-","-","-","","","아파트"
"8032","충청북도 충주시 대소원면 본리","642","0642","0000","충주지웰","전세","59.0401","202510","31","11,000","0","13","2016","첨단산업2로 42","202511~202711","신규","-","","","아파트"
"8033","충청북도 음성군 금왕읍 오선리","25-4","0025","0004","극동미라주","전세","59.5500","202510","31","4,500","0","5","2002","대금로 1243","-","-","-","","","아파트"
"8034","충청북도 충주시 중앙탑면 용전리","661","0661","0000","e편한세상충주","월세","59.8527","202510","31","500","65","3","2017","원앙9길 15","202511~202710","신규","-","","","아파트"
"8035","충청북도 청주시 청원구 주성동","336","0336","0000","율량5단지선광로즈웰2차","전세","84.9788","202510","31","35,000","0","16","2014","율량로 119","202512~202712","신규","-","","","아파트"
"8036","충청북도 청주시 서원구 모충동","553","0553","0000","청주모충LH트릴로채","전세","59.7600","202510","31","25,200","0","15","2021","쌍샘로 22","202512~202712","갱신","사용","24,000","0","아파트"
"8037","충청북도 청주시 흥덕구 강서동","37-1","0037","0001","대림","월세","58.6200","202510","31","1,000","45","10","1990","가로수로1154번길 22-2","202511~202611","신규","-","","","아파트"
"8038","충청북도 청주시 서원구 분평동","1249","1249","0000","현대대우8단지","전세","134.6400","202510","31","30,000","0","1","1999","월평로 28","202602~202802","신규","-","","","아파트"
"8039","충청북도 청주시 서원구 분평동","1211","1211","0000","분평1단지뜨란채","월세","49.2400","202510","31","1,000","55","8","2000","월평로 25","202511~202804","신규","-","","","아파트"
"8040","충청북도 청주시 서원구 분평동","1202","1202","0000","분평주공2","전세","49.7700","202510","31","10,000","0","3","1997","1순환로1137번길 129","202511~202711","갱신","사용","10,000","0","아파트"
"8041","충청북도 청주시 서원구 분평동","1202","1202","0000","분평주공2","전세","39.6900","202510","31","7,500","0","1","1997","1순환로1137번길 129","202511~202711","갱신","-","7,350","0","아파트"
"8042","충청북도 청주시 흥덕구 가경동","1550","1550","0000","2단지주공","전세","59.9200","202510","31","17,000","0","8","2002","가경로 26","202511~202711","신규","-","","","아파트"
"8043","충청북도 단양군 단양읍 상진리","1038","1038","0000","단양코아루해피트리","전세","59.9900","202510","31","13,000","0","11","2017","상진2로 31","202512~202712","신규","-","","","아파트"
"8044","충청북도 청주시 서원구 사직동","937","0937","0000","푸르지오캐슬(401~413)","월세","84.4000","202510","31","3,896","49","18","2010","창직로 50","202511~202711","갱신","-","3,710","46","아파트"
"8045","충청북도 청주시 흥덕구 봉명동","1857-1","1857","0001","리치먼드시티","전세","21.0286","202510","31","6,320","0","6","2023","직지대로 551","202512~202712","갱신","-","6,320","0","아파트"
"8046","충청북도 청주시 흥덕구 봉명동","1857-1","1857","0001","리치먼드시티","전세","27.7517","202510","31","8,144","0","12","2023","직지대로 551","202512~202712","갱신","-","8,240","0","아파트"
"8047","충청북도 음성군 대소면 성본리","822","0822","0000","음성푸르지오마크베르","월세","84.8316","202510","31","2,000","60","10","2025","성본산단5로 9","202510~202710","신규","-","","","아파트"
"8048","충청북도 청주시 서원구 개신동","709","0709","0000","어웰빌리지","전세","57.9910","202510","31","13,000","0","6","2013","복대로17번길 27","202512~202712","신규","-","","","아파트"
"8049","충청북도 청주시 흥덕구 봉명동","1857-1","1857","0001","리치먼드시티","월세","21.0286","202510","31","3,792","8","15","2023","직지대로 551","202512~202712","갱신","-","3,792","8","아파트"
"8050","충청북도 청주시 흥덕구 봉명동","1857-1","1857","0001","리치먼드시티","전세","27.7517","202510","31","8,144","0","8","2023","직지대로 551","202512~202712","갱신","-","8,240","0","아파트"
"8051","충청북도 청주시 서원구 분평동","1200","1200","0000","주공3단지2차","전세","49.7700","202510","31","8,680","0","14","1997","1순환로1137번길 130","202512~202712","신규","-","","","아파트"
"8052","충청북도 청주시 서원구 모충동","553","0553","0000","청주모충LH트릴로채","월세","39.7400","202510","31","6,443","20","3","2021","쌍샘로 22","202602~202708","갱신","-","6,289","18","아파트"
"8053","충청북도 청주시 서원구 모충동","473","0473","0000","두산한솔","월세","84.9900","202510","31","2,000","60","8","1994","모충로124번길 53","202511~202711","신규","-","","","아파트"
"8054","충청북도 청주시 서원구 수곡동","324","0324","0000","주공1","전세","47.0100","202510","31","6,300","0","3","1990","구룡산로 319","202511~202711","신규","-","","","아파트"
"8055","충청북도 청주시 흥덕구 복대동","3381","3381","0000","두산위브지웰시티2차","월세","80.0020","202510","31","2,000","200","6","2015","대농로 55","202601~202801","신규","-","","","아파트"
"8056","충청북도 청주시 흥덕구 복대동","3381","3381","0000","두산위브지웰시티2차","전세","80.1350","202510","31","50,000","0","23","2015","대농로 55","202510~202710","신규","-","","","아파트"
"8057","충청북도 청주시 흥덕구 봉명동","1857-1","1857","0001","리치먼드시티","월세","21.0286","202510","31","1,264","16","14","2023","직지대로 551","202512~202712","갱신","-","1,264","16","아파트"
"8058","충청북도 청주시 흥덕구 봉명동","1857-1","1857","0001","리치먼드시티","전세","21.0286","202510","31","6,320","0","8","2023","직지대로 551","202512~202712","갱신","-","6,320","0","아파트"
"8059","충청북도 청주시 흥덕구 봉명동","1857-1","1857","0001","리치먼드시티","전세","27.7517","202510","31","8,144","0","5","2023","직지대로 551","202512~202712","갱신","-","8,240","0","아파트"
"8060","충청북도 청주시 흥덕구 봉명동","1857-1","1857","0001","리치먼드시티","전세","21.0286","202510","31","6,320","0","3","2023","직지대로 551","202511~202711","갱신","-","6,320","0","아파트"
"8061","충청북도 청주시 서원구 수곡동","314","0314","0000","산남주공4단지아파트","월세","38.6400","202510","31","500","40","15","1993","구룡산로 275-13","202511~202610","신규","-","","","아파트"
"8062","충청북도 청주시 서원구 수곡동","324","0324","0000","주공1","월세","46.6800","202510","31","500","30","2","1990","매봉로 101","202512~202712","신규","-","","","아파트"
"8063","충청북도 청주시 서원구 산남동","1094","1094","0000","부영사랑으로","전세","59.9364","202510","31","18,650","0","10","2007","원흥로 14","202511~202711","신규","-","","","아파트"
"8064","충청북도 청주시 서원구 죽림동","295","0295","0000","청주가경3주공","월세","51.7400","202510","31","2,000","60","13","2003","대림로 493","202511~202711","신규","-","","","아파트"
"8065","충청북도 청주시 서원구 수곡동","1002","1002","0000","두진백로","전세","59.4000","202510","30","12,500","0","7","1995","수곡로 36","202511~202711","갱신","사용","12,000","0","아파트"
"8066","충청북도 청주시 서원구 개신동","708","0708","0000","라임스토리","월세","24.1200","202510","30","300","35","4","2012","복대로17번길 23","202510~202610","신규","-","","","아파트"
"8067","충청북도 청주시 서원구 개신동","506","0506","0000","청주","전세","38.5200","202510","30","5,300","0","2","1990","신율로 71","202601~202801","신규","-","","","아파트"
"8068","충청북도 청주시 서원구 개신동","613","0613","0000","휴먼시아","월세","49.9300","202510","30","1,000","60","3","2001","경신로 67","202511~202711","신규","-","","","아파트"
"8069","충청북도 청주시 서원구 개신동","635","0635","0000","주공뜨란채","월세","59.4200","202510","30","2,000","70","14","2000","경신로 68","202511~202711","신규","-","","","아파트"
"8070","충청북도 청주시 서원구 분평동","1360","1360","0000","분평주공5단지아파트","전세","49.7700","202510","30","9,450","0","3","1998","분평로 88-1","202512~202712","갱신","-","9,000","0","아파트"
"8071","충청북도 청주시 서원구 모충동","251-1","0251","0001","형석","월세","41.8200","202510","30","500","40","5","1983","남들로35번길 61","202511~202711","신규","-","","","아파트"
"8072","충청북도 청주시 서원구 모충동","553","0553","0000","청주모충LH트릴로채","월세","51.9000","202510","30","10,077","17","23","2021","쌍샘로 22","202602~202801","갱신","-","5,026","36","아파트"
"8073","충청북도 청주시 서원구 모충동","553","0553","0000","청주모충LH트릴로채","전세","74.7700","202510","30","27,000","0","1","2021","쌍샘로 22","202601~202801","신규","-","","","아파트"
"8074","충청북도 청주시 서원구 분평동","1249","1249","0000","현대대우8단지","월세","84.9500","202510","30","3,000","90","3","1999","월평로 28","202511~202811","신규","-","","","아파트"
"8075","충청북도 청주시 서원구 분평동","1255","1255","0000","대원","전세","59.7254","202510","30","16,500","0","4","2000","분평로 49","202510~202710","갱신","-","15,800","0","아파트"
"8076","충청북도 청주시 흥덕구 복대동","3029","3029","0000","현대2","전세","60.0000","202510","30","17,000","0","3","2000","증안로 77","202510~202710","갱신","사용","17,000","0","아파트"
"8077","충청북도 청주시 흥덕구 복대동","3029","3029","0000","현대2","전세","59.8800","202510","30","16,300","0","1","2000","증안로 77","202512~202712","신규","-","","","아파트"
"8078","충청북도 청주시 서원구 죽림동","295","0295","0000","청주가경3주공","월세","51.7400","202510","30","1,000","60","11","2003","대림로 493","202511~202711","신규","-","","","아파트"
"8079","충청북도 청주시 흥덕구 가경동","1190","1190","0000","세원2차","전세","59.9400","202510","30","12,000","0","13","1992","풍산로89번길 31","202512~202712","신규","-","","","아파트"
"8080","충청북도 청주시 흥덕구 가경동","1514","1514","0000","삼일원앙","전세","59.8500","202510","30","13,500","0","14","1997","가경로 100-20","202512~202712","신규","-","","","아파트"
"8081","충청북도 청주시 흥덕구 가경동","1761","1761","0000","가로수마을한라비발디","전세","84.9770","202510","30","33,000","0","4","2008","서현서로 40","202601~202801","신규","-","","","아파트"
"8082","충청북도 청주시 흥덕구 가경동","1581","1581","0000","가경주공7단지","전세","75.2200","202510","30","24,000","0","7","2005","풍년로 40","202512~202712","신규","-","","","아파트"
"8083","충청북도 청주시 흥덕구 강서동","583","0583","0000","가경아이파크5단지","월세","101.5539","202510","30","2,500","150","2","2023","서부로 1123","202601~202701","신규","-","","","아파트"
"8084","충청북도 청주시 서원구 성화동","619","0619","0000","성화주공2단지","월세","46.9000","202510","30","3,443","12","8","2007","장전로 80","202510~202711","신규","-","","","아파트"
"8085","충청북도 청주시 흥덕구 운천동","677","0677","0000","세원","월세","59.7600","202510","30","4,000","20","3","1986","사운로 267","202511~202711","신규","-","","","아파트"
"8086","충청북도 청주시 흥덕구 봉명동","1833","1833","0000","봉명베리굿2차","전세","41.5752","202510","30","13,000","0","6","2023","직지대로 605","202512~202712","신규","-","","","아파트"
"8087","충청북도 청주시 흥덕구 봉명동","795","0795","0000","IJFOCUS","월세","45.8160","202510","30","1,000","60","7","2017","1순환로 571","202510~202610","신규","-","","","아파트"
"8088","충청북도 청주시 서원구 분평동","1200","1200","0000","주공3단지2차","전세","49.7700","202510","30","9,700","0","14","1997","1순환로1137번길 130","202512~202712","갱신","사용","9,500","0","아파트"
"8089","충청북도 청주시 서원구 수곡동","239","0239","0000","대림2","월세","68.3100","202510","30","7,000","20","4","1987","매봉로76번길 18","202511~202711","신규","-","","","아파트"
"8090","충청북도 청주시 서원구 모충동","520-40","0520","0040","일신베네스트","월세","24.7164","202510","30","300","27","10","2004","모충로68번길 26","202510~202610","신규","-","","","아파트"
"8091","충청북도 청주시 흥덕구 비하동","300","0300","0000","효성아파트","전세","45.3200","202510","30","9,900","0","3","1995","2순환로1050번길 13-14","202602~202802","신규","-","","","아파트"
"8092","충청북도 청주시 흥덕구 비하동","362","0362","0000","효성2차","월세","59.8600","202510","30","1,000","70","14","1997","2순환로1050번길 24","202512~202611","신규","-","","","아파트"
"8093","충청북도 청주시 흥덕구 비하동","362","0362","0000","효성2차","월세","59.8600","202510","30","1,000","70","14","1997","2순환로1050번길 24","202512~202611","신규","-","","","아파트"
"8094","충청북도 청주시 흥덕구 비하동","300","0300","0000","효성아파트","월세","59.9000","202510","30","1,000","80","3","1995","2순환로1050번길 39","202511~202711","신규","-","","","아파트"
"8095","충청북도 청주시 흥덕구 비하동","300","0300","0000","효성아파트","월세","45.3200","202510","30","500","60","15","1995","2순환로1050번길 13-14","202511~202711","신규","-","","","아파트"
"8096","충청북도 청주시 상당구 용암동","3151","3151","0000","칸타빌더테라스1단지","전세","84.9258","202510","30","40,000","0","22","2019","중고개로 140","202512~202712","신규","-","","","아파트"
"8097","충청북도 청주시 청원구 오창읍 주성리","569","0569","0000","충북오창사랑으로부영6단지","전세","57.7554","202510","30","12,567","0","17","2014","2산단로 125","202512~202612","신규","-","","","아파트"
"8098","충청북도 청주시 청원구 오창읍 주성리","569","0569","0000","충북오창사랑으로부영6단지","월세","57.7554","202510","30","5,680","29","20","2014","2산단로 125","202601~202701","신규","-","","","아파트"
"8099","충청북도 청주시 청원구 오창읍 각리","646-6","0646","0006","이안오창","전세","119.3059","202510","30","15,000","0","12","2006","오창중앙로 83","202510~202710","갱신","-","15,000","0","아파트"
"8100","충청북도 청주시 상당구 용암동","2537","2537","0000","중흥마을마이빌아파트","전세","59.9019","202510","30","13,700","0","5","2003","중흥로 148","-","-","-","","","아파트"
"8101","충청북도 청주시 흥덕구 오송읍 만수리","549","0549","0000","오송경남아너스빌","전세","84.9100","202510","30","21,000","0","6","2009","오송생명5로 201","-","-","-","","","아파트"
"8102","충청북도 청주시 흥덕구 오송읍 만수리","549","0549","0000","오송경남아너스빌","전세","84.9100","202510","30","21,000","0","6","2009","오송생명5로 201","202512~202712","갱신","사용","20,000","0","아파트"
"8103","충청북도 청주시 청원구 오창읍 각리","637-9","0637","0009","대원칸타빌","전세","84.9867","202510","30","24,500","0","6","2006","오창중앙로 64","202512~202712","신규","-","","","아파트"
"8104","충청북도 청주시 청원구 오창읍 각리","637-6","0637","0006","중앙하이츠빌","월세","59.9271","202510","30","1,000","90","10","2006","오창중앙로 32","202512~202712","신규","-","","","아파트"
"8105","충청북도 청주시 청원구 오창읍 양청리","810-2","0810","0002","오창롯데캐슬더하이스트","월세","84.9749","202510","30","3,000","130","28","2018","중부로 760","202511~202711","신규","-","","","아파트"
"8106","충청북도 청주시 청원구 오창읍 주성리","567","0567","0000","충북오창사랑으로부영5단지","전세","82.8216","202510","30","16,542","0","18","2015","2산단4로 20","202512~202611","신규","-","","","아파트"
"8107","충청북도 청주시 청원구 오창읍 주성리","567","0567","0000","충북오창사랑으로부영5단지","전세","82.8216","202510","30","16,542","0","18","2015","2산단4로 20","202512~202611","신규","-","","","아파트"
"8108","충청북도 청주시 청원구 오창읍 주성리","564","0564","0000","사랑으로부영7단지","월세","57.7554","202510","30","5,587","28","6","2014","2산단4로 60","202511~202611","갱신","-","5,516","28","아파트"
"8109","충청북도 청주시 상당구 용암동","2537","2537","0000","중흥마을마이빌아파트","전세","59.4045","202510","30","13,725","0","4","2003","중흥로 148","202601~202801","신규","-","","","아파트"
"8110","충청북도 청주시 상당구 용암동","2537","2537","0000","중흥마을마이빌아파트","전세","59.9019","202510","30","13,700","0","5","2003","중흥로 148","202512~202712","신규","-","","","아파트"
"8111","충청북도 청주시 상당구 탑동","390","0390","0000","센트럴힐데스하임","전세","84.8470","202510","30","35,000","0","25","2022","용담로 50","202512~202712","신규","-","","","아파트"
"8112","충청북도 청주시 청원구 오창읍 주성리","567","0567","0000","충북오창사랑으로부영5단지","전세","82.8216","202510","30","16,542","0","18","2015","2산단4로 20","-","-","-","","","아파트"
"8113","충청북도 제천시 왕암동","779","0779","0000","왕암코아루드림","전세","60.2620","202510","30","15,700","0","11","2018","바이오밸리로 171","202512~202712","신규","-","","","아파트"
"8114","충청북도 충주시 호암동","1220","1220","0000","충주호암더휴엔에이치에프7단지","월세","84.9900","202510","30","8,387","43","14","2019","호암토성2로 12","202601~202712","갱신","-","8,135","40","아파트"
"8115","충청북도 충주시 호암동","1191","1191","0000","호암힐데스하임","전세","84.8900","202510","30","34,000","0","23","2019","호암토성2로 1","202510~202710","갱신","-","26,000","10","아파트"
"8116","충청북도 충주시 호암동","1068","1068","0000","충주호암제일풍경채","월세","74.9941","202510","30","8,500","6","24","2022","호암수청1로 60","202511~202711","신규","-","","","아파트"
"8117","충청북도 충주시 대소원면 본리","642","0642","0000","충주지웰","전세","59.2483","202510","30","10,000","0","1","2016","첨단산업2로 42","202512~202712","신규","-","","","아파트"
"8118","충청북도 충주시 대소원면 본리","649","0649","0000","중앙하이츠프리미어충주","전세","84.9600","202510","30","17,000","0","7","2023","첨단산업4로 54","202512~202802","신규","-","","","아파트"
"8119","충청북도 충주시 중앙탑면 용전리","661","0661","0000","e편한세상충주","월세","59.8527","202510","30","1,000","65","3","2017","원앙9길 15","202510~202710","신규","-","","","아파트"
"8120","충청북도 충주시 중앙탑면 용전리","696","0696","0000","신우희가로아파트","월세","59.9533","202510","30","1,000","60","20","2018","원앙4길 96","202512~202712","신규","-","","","아파트"
"8121","충청북도 충주시 봉방동","1046","1046","0000","충주푸르지오","월세","84.9370","202510","30","10,000","50","10","2014","봉계1길 7","202510~202910","신규","-","","","아파트"
"8122","충청북도 충주시 봉방동","143-3","0143","0003","씨티빌상지","월세","25.1900","202510","30","300","30","7","2002","봉방4길 38","202511~202711","신규","-","","","아파트"
"8123","충청북도 충주시 용산동","1678","1678","0000","용산주공2차","월세","49.7700","202510","30","500","45","9","1999","남산로 125","202512~202712","신규","-","","","아파트"
"8124","충청북도 음성군 맹동면 동성리","246","0246","0000","엘에이치이노밸리","월세","84.4000","202510","30","1,000","80","24","2014","학예로 55","202511~202711","신규","-","","","아파트"
"8125","충청북도 음성군 맹동면 동성리","246","0246","0000","엘에이치이노밸리","월세","84.5300","202510","30","1,000","80","14","2014","학예로 55","202511~202711","신규","-","","","아파트"
"8126","충청북도 제천시 왕암동","779","0779","0000","왕암코아루드림","월세","60.2620","202510","30","6,295","7","13","2018","바이오밸리로 171","202510~202712","신규","-","","","아파트"
"8127","충청북도 제천시 강제동","805","0805","0000","센트럴코아루","월세","76.4644","202510","30","2,000","110","2","2016","강저로11나길 13","202511~202705","신규","-","","","아파트"
"8128","충청북도 제천시 봉양읍 미당리","820","0820","0000","미당한마음","월세","59.5450","202510","30","1,000","50","2","2004","용두대로36길 5-12","202511~202711","갱신","-","1,000","47","아파트"
"8129","충청북도 청주시 흥덕구 송절동","1196","1196","0000","청주테크노폴리스힐데스하임","전세","84.9900","202510","30","34,000","0","7","2025","송화로 115","202512~202707","신규","-","","","아파트"
"8130","충청북도 청주시 흥덕구 송절동","851","0851","0000","청주테크노폴리스푸르지오","월세","84.9950","202510","30","3,000","150","16","2018","송화로214번길 7","202601~202801","신규","-","","","아파트"
"8131","충청북도 청주시 흥덕구 송절동","846","0846","0000","청주테크노폴리스우방아이유쉘2단지","전세","84.9725","202510","30","36,000","0","11","2018","송화로108번길 111","202511~202710","신규","-","","","아파트"
"8132","충청북도 청주시 흥덕구 송절동","1196","1196","0000","청주테크노폴리스힐데스하임","전세","84.9900","202510","30","34,000","0","7","2025","송화로 115","202512~202707","신규","-","","","아파트"
"8133","충청북도 청주시 흥덕구 송절동","851","0851","0000","청주테크노폴리스푸르지오","월세","84.9950","202510","30","26,000","30","16","2018","송화로214번길 7","202602~202702","갱신","사용","26,000","0","아파트"
"8134","충청북도 옥천군 옥천읍 문정리","374","0374","0000","옥천문정주공(2)단지","월세","49.6200","202510","30","500","40","5","1998","문장로2길 9","202511~202711","신규","-","","","아파트"
"8135","충청북도 옥천군 옥천읍 금구리","302","0302","0000","옥천계룡리슈빌","전세","59.9807","202510","30","18,000","0","8","2021","가화4길 65","202511~202711","신규","-","","","아파트"
"8136","충청북도 영동군 영동읍 설계리","693","0693","0000","금강","월세","59.8800","202510","30","2,000","25","4","1994","눈어치1로 5","202511~202711","갱신","-","2,000","25","아파트"
"8137","충청북도 충주시 칠금동","1015","1015","0000","부영아파트(2차)","월세","50.4900","202510","30","1,000","50","6","1996","칠금중앙로 30","202511~202710","신규","-","","","아파트"
"8138","충청북도 충주시 칠금동","821","0821","0000","부영(1차)","월세","60.0000","202510","30","1,000","55","2","1996","금릉로 46","202511~202711","신규","-","","","아파트"
"8139","충청북도 충주시 칠금동","1015","1015","0000","부영아파트(2차)","전세","50.4900","202510","30","9,600","0","3","1996","칠금중앙로 30","202511~202711","신규","-","","","아파트"
"8140","충청북도 제천시 장락동","1026","1026","0000","장락주공2단지","전세","49.9600","202510","30","9,500","0","5","1999","죽하로 48","202511~202711","신규","-","","","아파트"
"8141","충청북도 제천시 장락동","1026","1026","0000","장락주공2단지","월세","49.9600","202510","30","2,000","60","6","1999","죽하로 48","202511~202711","신규","-","","","아파트"
"8142","충청북도 제천시 장락동","1050","1050","0000","신안실크밸리","전세","63.6102","202510","30","22,000","0","4","2017","내토로59길 31","202512~202712","신규","-","","","아파트"
"8143","충청북도 청주시 흥덕구 오송읍 봉산리","798","0798","0000","오송역파라곤센트럴시티","월세","59.9800","202510","30","2,000","85","5","2023","오송생명7로 151","202510~202710","신규","-","","","아파트"
"8144","충청북도 청주시 흥덕구 오송읍 봉산리","798","0798","0000","오송역파라곤센트럴시티","전세","59.9822","202510","30","28,000","0","23","2023","오송생명7로 151","202512~202712","신규","-","","","아파트"
"8145","충청북도 청주시 흥덕구 오송읍 봉산리","1530","1530","0000","오송역서한이다음노블리스","전세","134.4924","202510","30","39,000","0","23","2025","오송생명14로 217","202512~202712","신규","-","","","아파트"
"8146","충청북도 진천군 진천읍 교성리","466","0466","0000","진천풍림아이원트리니움","전세","59.9900","202510","30","10,000","0","14","2025","대학로 36","202511~202711","신규","-","","","아파트"
"8147","충청북도 청주시 청원구 사천동","25-2","0025","0002","정도드림-빌","월세","29.9200","202510","30","500","40","8","1999","공항로 159-12","202511~202711","신규","-","","","아파트"
"8148","충청북도 제천시 청전동","639","0639","0000","비둘기","월세","35.5200","202510","30","300","30","5","1991","청전대로 166","202510~202710","신규","-","","","아파트"
"8149","충청북도 진천군 진천읍 성석리","969-1","0969","0001","진천성석행복주택","월세","36.7400","202510","30","3,733","8","12","2020","문화로 394","202511~202710","신규","-","","","아파트"
"8150","충청북도 청주시 청원구 율량동","2605","2605","0000","율량금호어울림센트로","전세","75.9895","202510","30","31,950","0","27","2022","율천북로 91","202601~202801","신규","-","","","아파트"
"8151","충청북도 제천시 하소동","353","0353","0000","주공2","월세","58.7400","202510","30","1,000","60","8","1995","하소로 88","202511~202711","신규","-","","","아파트"
"8152","충청북도 진천군 진천읍 장관리","880","0880","0000","진천장관사랑으로부영2차","전세","59.9605","202510","30","9,740","0","5","2013","진광로 97-13","202512~202612","신규","-","","","아파트"
"8153","충청북도 충주시 연수동","1767","1767","0000","충주센트럴푸르지오","전세","84.9589","202510","30","33,000","0","30","2018","연수서편2길 11","202510~202710","갱신","사용","33,000","0","아파트"
"8154","충청북도 충주시 연수동","418","0418","0000","유원하나1차","월세","84.9800","202510","30","2,000","80","5","1993","갱고개로 116","202511~202711","신규","-","","","아파트"
"8155","충청북도 진천군 덕산읍 두촌리","3147","3147","0000","우미린스테이","월세","70.5634","202510","30","10,240","17","19","2018","대하로 150","202512~202712","신규","-","","","아파트"
"8156","충청북도 진천군 덕산읍 두촌리","3147","3147","0000","우미린스테이","월세","70.5634","202510","30","10,240","17","15","2018","대하로 150","202512~202712","갱신","-","10,240","15","아파트"
"8157","충청북도 청주시 청원구 내덕동","853","0853","0000","율량서희스타힐스","전세","77.5437","202510","30","30,000","0","7","2016","충청대로84번길 30","202512~202712","신규","-","","","아파트"
"8158","충청북도 진천군 문백면 봉죽리","257","0257","0000","경향렉스빌","월세","40.3200","202510","30","300","30","8","2000","봉죽2길 20-42","202510~202709","신규","-","","","아파트"
"8159","충청북도 음성군 대소면 태생리","79-5","0079","0005","대소한양1차","월세","51.9900","202510","29","2,486","6","7","1997","대화1길 58-12","-","-","-","","","아파트"
"8160","충청북도 청주시 청원구 내덕동","853","0853","0000","율량서희스타힐스","전세","84.9150","202510","29","31,000","0","2","2016","충청대로84번길 30","202512~202712","신규","-","","","아파트"
"8161","충청북도 청주시 청원구 내덕동","853","0853","0000","율량서희스타힐스","전세","84.9150","202510","29","31,000","0","2","2016","충청대로84번길 30","202512~202712","신규","-","","","아파트"
"8162","충청북도 음성군 대소면 태생리","765","0765","0000","대소웰메이드타운","전세","84.8895","202510","29","16,000","0","19","2018","대화1길 44-8","202511~202711","신규","-","","","아파트"
"8163","충청북도 충주시 호암동","542-1","0542","0001","세경","월세","56.8800","202510","29","500","30","1","1992","신촌1길 6","202510~202710","신규","-","","","아파트"
"8164","충청북도 영동군 영동읍 설계리","693","0693","0000","금강","월세","51.0000","202510","29","1,500","16","1","1994","눈어치1로 5","202511~202712","신규","-","","","아파트"
"8165","충청북도 청주시 청원구 율량동","2246","2246","0000","대원칸타빌4차아파트","월세","105.6270","202510","29","15,000","130","16","2015","율중로 10","202601~202801","신규","-","","","아파트"
"8166","충청북도 청주시 흥덕구 오송읍 봉산리","1510","1510","0000","오송역대광로제비앙","전세","59.9406","202510","29","15,270","0","11","2023","오송생명8로 178","202510~202710","신규","-","","","아파트"
"8167","충청북도 음성군 맹동면 본성리","459","0459","0000","음성아이파크","전세","84.9626","202510","29","26,000","0","8","2025","원중로 1572","202510~202710","신규","-","","","아파트"
"8168","충청북도 청주시 흥덕구 오송읍 봉산리","1510","1510","0000","오송역대광로제비앙","전세","59.9406","202510","29","15,270","0","3","2023","오송생명8로 178","202510~202710","신규","-","","","아파트"
"8169","충청북도 진천군 덕산읍 두촌리","3147","3147","0000","우미린스테이","월세","70.5634","202510","29","10,240","17","15","2018","대하로 150","202512~202712","갱신","-","10,240","14","아파트"
"8170","충청북도 진천군 덕산읍 두촌리","3147","3147","0000","우미린스테이","월세","78.2298","202510","29","11,500","18","1","2018","대하로 150","202512~202712","갱신","-","11,500","16","아파트"
"8171","충청북도 진천군 덕산읍 두촌리","2487","2487","0000","충북혁신리슈빌","전세","74.4800","202510","29","18,000","0","8","2018","연미로 128","202512~202712","신규","-","","","아파트"
"8172","충청북도 진천군 덕산읍 두촌리","2718","2718","0000","영무예다음1차","월세","75.3932","202510","29","13,520","7","6","2015","대하로 87","202512~202611","갱신","-","13,520","7","아파트"
"8173","충청북도 충주시 주덕읍 화곡리","1111","1111","0000","서충주푸르지오더퍼스트","월세","84.1391","202510","29","1,000","85","31","2025","화개1길 74","202511~202711","신규","-","","","아파트"
"8174","충청북도 충주시 주덕읍 화곡리","1111","1111","0000","서충주푸르지오더퍼스트","월세","84.4177","202510","29","2,000","85","24","2025","화개1길 74","202511~202711","신규","-","","","아파트"
"8175","충청북도 충주시 주덕읍 화곡리","1111","1111","0000","서충주푸르지오더퍼스트","월세","101.3536","202510","29","2,000","120","25","2025","화개1길 74","202512~202812","신규","-","","","아파트"
"8176","충청북도 충주시 중앙탑면 용전리","661","0661","0000","e편한세상충주","월세","59.8527","202510","29","1,000","65","15","2017","원앙9길 15","202511~202711","신규","-","","","아파트"
"8177","충청북도 청주시 흥덕구 송절동","1196","1196","0000","청주테크노폴리스힐데스하임","전세","84.9600","202510","29","35,000","0","20","2025","송화로 115","202511~202711","신규","-","","","아파트"
"8178","충청북도 청주시 흥덕구 오송읍 봉산리","1531","1531","0000","오송역대광로제비앙그랜드센텀","전세","84.9924","202510","29","25,500","0","6","2024","오송생명14로 283","202510~202710","신규","-","","","아파트"
"8179","충청북도 청주시 청원구 율량동","1144","1144","0000","한울아파트301동","전세","30.3300","202510","29","3,800","0","9","1998","주성로96번길 12","202511~202711","신규","-","","","아파트"
"8180","충청북도 제천시 청전동","639","0639","0000","비둘기","월세","35.5200","202510","29","500","50","8","1991","청전대로 166","202511~202611","신규","-","","","아파트"
"8181","충청북도 진천군 진천읍 장관리","880","0880","0000","진천장관사랑으로부영2차","월세","84.9877","202510","29","8,657","14","2","2013","진광로 97-13","202510~202610","신규","-","","","아파트"
"8182","충청북도 진천군 덕산읍 두촌리","3147","3147","0000","우미린스테이","월세","84.4362","202510","29","11,960","20","8","2018","대하로 150","202512~202712","갱신","-","11,960","16","아파트"
"8183","충청북도 청주시 흥덕구 문암동","213","0213","0000","청주테크노폴리스신영지웰푸르지오","전세","84.9664","202510","29","40,000","0","18","2022","송화로 229","202601~202801","신규","-","","","아파트"
"8184","충청북도 청주시 흥덕구 문암동","213","0213","0000","청주테크노폴리스신영지웰푸르지오","전세","59.9721","202510","29","31,000","0","2","2022","송화로 229","202512~202712","신규","-","","","아파트"
"8185","충청북도 영동군 영동읍 부용리","891","0891","0000","영동수푸름아파트","전세","83.7917","202510","29","21,000","0","11","2025","학산영동로 1125-2","202601~203509","신규","-","","","아파트"
"8186","충청북도 영동군 영동읍 부용리","891","0891","0000","영동수푸름아파트","전세","83.7917","202510","29","21,000","0","3","2025","학산영동로 1125-2","202511~203509","신규","-","","","아파트"
"8187","충청북도 청주시 서원구 개신동","613","0613","0000","휴먼시아","전세","59.9000","202510","29","15,700","0","3","2001","경신로 67","202511~202711","갱신","-","15,300","0","아파트"
"8188","충청북도 청주시 흥덕구 봉명동","795","0795","0000","IJFOCUS","월세","23.0356","202510","29","300","39","6","2017","1순환로 571","202512~202612","신규","-","","","아파트"
"8189","충청북도 청주시 흥덕구 옥산면 오산리","247-1","0247","0001","한울2","월세","59.8200","202510","29","500","50","2","1994","오산5길 13","202511~202611","신규","-","","","아파트"
"8190","충청북도 청주시 흥덕구 복대동","2459","2459","0000","두진하트리움","월세","59.9238","202510","29","2,000","80","6","1999","증안로 33","202511~202711","신규","-","","","아파트"
"8191","충청북도 청주시 흥덕구 강서동","467","0467","0000","주산휴네스트","월세","33.4200","202510","29","500","50","5","2013","강서로 101","202511~202611","신규","-","","","아파트"
"8192","충청북도 청주시 서원구 분평동","1200","1200","0000","분평주공3","월세","59.9900","202510","29","5,000","40","20","1997","1순환로1137번길 130","202511~202711","갱신","-","5,000","40","아파트"
"8193","충청북도 음성군 대소면 소석리","11-7","0011","0007","음성SKVIEW","월세","84.8624","202510","29","1,000","55","12","2008","대금로 654","202511~202710","신규","-","","","아파트"
"8194","충청북도 청주시 서원구 분평동","1360","1360","0000","분평주공5단지아파트","월세","59.7100","202510","29","12,800","8","9","1998","분평로 88-1","202512~202712","신규","-","","","아파트"
"8195","충청북도 청주시 흥덕구 가경동","1549","1549","0000","가경주공","월세","51.4900","202510","29","3,509","10","3","2002","경신로 9","202512~202711","갱신","-","3,418","9","아파트"
"8196","충청북도 청주시 서원구 분평동","1211","1211","0000","분평1단지뜨란채","전세","59.2900","202510","29","14,500","0","14","2000","월평로 25","202512~202802","신규","-","","","아파트"
"8197","충청북도 청주시 흥덕구 봉명동","795","0795","0000","IJFOCUS","월세","45.8160","202510","29","1,000","60","11","2017","1순환로 571","202510~202610","신규","-","","","아파트"
"8198","충청북도 청주시 서원구 사직동","937","0937","0000","푸르지오캐슬(401~413)","전세","123.4400","202510","29","35,500","0","2","2010","창직로 50","202511~202711","신규","-","","","아파트"
"8199","충청북도 청주시 서원구 분평동","1202","1202","0000","분평주공2","월세","59.9900","202510","29","500","65","11","1997","1순환로1137번길 129","202512~202712","신규","-","","","아파트"
"8200","충청북도 청주시 서원구 분평동","1211","1211","0000","분평1단지뜨란채","월세","59.2900","202510","29","1,000","70","9","2000","월평로 25","202512~202709","신규","-","","","아파트"
"8201","충청북도 청주시 서원구 모충동","553","0553","0000","청주모충LH트릴로채","전세","74.7700","202510","29","25,000","0","14","2021","쌍샘로 22","202510~202710","신규","-","","","아파트"
"8202","충청북도 음성군 대소면 성본리","807","0807","0000","음성우미린풀하우스","월세","84.8426","202510","29","6,000","30","6","2025","성본산단4로 40","202512~202712","신규","-","","","아파트"
"8203","충청북도 청주시 서원구 사직동","937","0937","0000","푸르지오캐슬(401~413)","전세","123.4400","202510","29","35,500","0","2","2010","창직로 50","202511~202711","신규","-","","","아파트"
"8204","충청북도 청주시 서원구 수곡동","324","0324","0000","주공1","월세","39.6900","202510","29","300","35","5","1990","구룡산로 319","202511~202711","신규","-","","","아파트"
"8205","충청북도 청주시 서원구 모충동","251-1","0251","0001","형석","월세","41.8200","202510","29","500","45","4","1983","남들로35번길 61","202511~202611","신규","-","","","아파트"
"8206","충청북도 청주시 서원구 사창동","357-31","0357","0031","통경목련","월세","24.4800","202510","29","400","40","2","1994","예체로67번길 49","202511~202605","신규","-","","","아파트"
"8207","충청북도 청주시 서원구 개신동","613","0613","0000","휴먼시아","월세","59.9000","202510","29","1,000","80","8","2001","경신로 67","202510~202710","신규","-","","","아파트"
"8208","충청북도 청주시 서원구 죽림동","295","0295","0000","청주가경3주공","전세","51.7400","202510","29","14,400","0","14","2003","대림로 493","202602~202802","신규","-","","","아파트"
"8209","충청북도 청주시 흥덕구 강서동","467","0467","0000","주산휴네스트","월세","34.4950","202510","29","500","50","6","2013","강서로 101","202512~202612","신규","-","","","아파트"
"8210","충청북도 청주시 흥덕구 가경동","1190","1190","0000","세원2차","전세","59.9400","202510","29","11,000","0","1","1992","풍산로89번길 31","202511~202711","신규","-","","","아파트"
"8211","충청북도 청주시 흥덕구 봉명동","1857","1857","0000","극동주얼리","월세","59.6700","202510","29","1,000","60","4","1991","월명로 114","202511~202711","신규","-","","","아파트"
"8212","충청북도 청주시 흥덕구 봉명동","1831","1831","0000","HS포레","월세","35.7600","202510","29","1,000","77","18","2023","직지대로 609","202511~202711","신규","-","","","아파트"
"8213","충청북도 청주시 상당구 금천동","81","0081","0000","덕성","전세","58.6800","202510","29","7,200","0","8","1993","꽃산동로 15-1","202512~202712","신규","-","","","아파트"
"8214","충청북도 청주시 청원구 오창읍 주성리","556","0556","0000","오창대성베르힐","월세","72.8994","202510","29","2,000","90","7","2015","2산단로 160","202511~202711","신규","-","","","아파트"
"8215","충청북도 청주시 청원구 오창읍 주성리","556","0556","0000","오창대성베르힐","월세","72.8994","202510","29","2,000","90","7","2015","2산단로 160","202511~202711","갱신","-","2,000","90","아파트"
"8216","충청북도 청주시 청원구 오창읍 주성리","567","0567","0000","충북오창사랑으로부영5단지","전세","82.7462","202510","29","16,542","0","16","2015","2산단4로 20","202511~202611","갱신","-","16,542","0","아파트"
"8217","충청북도 청주시 청원구 오창읍 주성리","569","0569","0000","충북오창사랑으로부영6단지","전세","57.7554","202510","29","12,567","0","7","2014","2산단로 125","202511~202611","신규","-","","","아파트"
"8218","충청북도 청주시 상당구 용암동","3146","3146","0000","시티프라디움1단지","월세","84.9823","202510","29","3,000","140","11","2020","중고개로142번길 31","202511~202611","신규","-","","","아파트"
"8219","충청북도 청주시 상당구 금천동","77-7","0077","0007","뉴타운","전세","59.9600","202510","29","9,000","0","3","1993","꽃산동로 41","202601~202801","갱신","-","8,500","0","아파트"
"8220","충청북도 청주시 청원구 오창읍 각리","637-1","0637","0001","한라비발디","전세","84.5730","202510","29","22,000","0","16","2006","오창중앙로 94","202601~202801","신규","-","","","아파트"
"8221","충청북도 청주시 청원구 오창읍 각리","645-1","0645","0001","코아루","전세","84.9696","202510","29","23,500","0","16","2006","오창중앙로 27","202510~202710","갱신","-","22,000","0","아파트"
"8222","충청북도 청주시 청원구 오창읍 각리","636-2","0636","0002","한신더휴센트럴파크","전세","84.9922","202510","29","34,000","0","5","2018","오창공원로 96","202511~202611","갱신","-","31,000","0","아파트"
"8223","충청북도 청주시 청원구 오창읍 각리","646-1","0646","0001","우림필유2차","전세","59.9101","202510","29","18,900","0","13","2006","오창중앙로 65","202512~202712","신규","-","","","아파트"
"8224","충청북도 청주시 청원구 오창읍 각리","646-1","0646","0001","우림필유2차","전세","84.9812","202510","29","24,500","0","7","2006","오창중앙로 65","202512~202712","신규","-","","","아파트"
"8225","충청북도 청주시 청원구 오창읍 주성리","564","0564","0000","사랑으로부영7단지","전세","57.7554","202510","28","12,357","0","5","2014","2산단4로 60","202510~202610","갱신","-","12,199","0","아파트"
"8226","충청북도 청주시 청원구 오창읍 주성리","561","0561","0000","충북오창사랑으로부영8단지","전세","82.9434","202510","28","16,542","0","6","2015","2산단로 151","202511~202611","갱신","-","16,542","0","아파트"
"8227","충청북도 청주시 상당구 용암동","3145","3145","0000","청주동남1단지","월세","46.9700","202510","28","5,906","12","22","2020","호미로 137","202512~202711","갱신","-","5,766","10","아파트"
"8228","충청북도 청주시 청원구 오창읍 각리","636-2","0636","0002","한신더휴센트럴파크","전세","84.9893","202510","28","37,000","0","21","2018","오창공원로 96","202511~202711","신규","-","","","아파트"
"8229","충청북도 청주시 상당구 용암동","3604","3604","0000","동남힐데스하임","월세","84.8429","202510","28","3,000","140","15","2020","월운로 116","202510~202711","신규","-","","","아파트"
"8230","충청북도 청주시 상당구 탑동","390","0390","0000","센트럴힐데스하임","전세","39.9890","202510","28","14,700","0","10","2022","용담로 50","202512~202712","신규","-","","","아파트"
"8231","충청북도 청주시 상당구 남문로1가","53","0053","0000","트레비앙","월세","25.2000","202510","28","100","12","8","2016","상당로29번길 20","202510~202712","신규","-","","","아파트"
"8232","충청북도 청주시 상당구 북문로2가","78-10","0078","0010","아트에비뉴198","월세","38.0300","202510","28","100","20","14","2016","중앙로 9-1","202510~202712","신규","-","","","아파트"
"8233","충청북도 청주시 상당구 북문로2가","78-10","0078","0010","아트에비뉴198","월세","38.1100","202510","28","100","20","13","2016","중앙로 9-1","202510~202712","신규","-","","","아파트"
"8234","충청북도 청주시 상당구 북문로2가","78-10","0078","0010","아트에비뉴198","월세","18.9750","202510","28","200","10","6","2016","중앙로 9-1","202510~202712","신규","-","","","아파트"
"8235","충청북도 청주시 상당구 용암동","3145","3145","0000","청주동남1단지","월세","37.7800","202510","28","2,412","28","20","2020","호미로 137","202512~202711","갱신","-","1,850","18","아파트"
"8236","충청북도 청주시 청원구 오창읍 양청리","810-2","0810","0002","오창롯데캐슬더하이스트","월세","70.9515","202510","28","4,000","115","22","2018","중부로 760","202601~202708","신규","-","","","아파트"
"8237","충청북도 청주시 청원구 오창읍 주성리","569","0569","0000","충북오창사랑으로부영6단지","월세","57.7554","202510","28","5,682","29","5","2014","2산단로 125","202511~202611","갱신","-","5,599","28","아파트"
"8238","충청북도 청주시 청원구 오창읍 양청리","810-2","0810","0002","오창롯데캐슬더하이스트","월세","70.9515","202510","28","4,000","115","22","2018","중부로 760","202601~202709","신규","-","","","아파트"
"8239","충청북도 청주시 흥덕구 오송읍 연제리","736","0736","0000","오송호반베르디움","월세","84.8873","202510","28","3,000","100","7","2010","오송생명3로 111","202511~202710","신규","-","","","아파트"
"8240","충청북도 청주시 청원구 오창읍 주성리","567","0567","0000","충북오창사랑으로부영5단지","전세","82.8216","202510","28","16,542","0","15","2015","2산단4로 20","202511~202611","갱신","-","16,542","0","아파트"
"8241","충청북도 청주시 청원구 오창읍 주성리","567","0567","0000","충북오창사랑으로부영5단지","월세","82.8216","202510","28","5,335","46","1","2015","2산단4로 20","202511~202611","신규","-","","","아파트"
"8242","충청북도 충주시 호암동","1220","1220","0000","충주호암더휴엔에이치에프7단지","월세","84.9900","202510","28","11,287","23","5","2019","호암토성2로 12","202601~202712","갱신","-","11,035","20","아파트"
"8243","충청북도 충주시 칠금동","1015","1015","0000","부영아파트(2차)","월세","50.4900","202510","28","1,000","50","14","1996","칠금중앙로 30","202512~202712","신규","-","","","아파트"
"8244","충청북도 제천시 신백동","134","0134","0000","신백덕일한마음2차","월세","59.4900","202510","28","1,000","55","6","2000","의병대로35길 28","202510~202710","신규","-","","","아파트"
"8245","충청북도 충주시 칠금동","821","0821","0000","부영(1차)","전세","50.4900","202510","28","9,400","0","15","1996","금릉로 46","202512~202712","신규","-","","","아파트"
"8246","충청북도 제천시 하소동","353","0353","0000","주공2","전세","58.7400","202510","28","8,000","0","2","1995","하소로 88","202511~202711","신규","-","","","아파트"
"8247","충청북도 제천시 하소동","139","0139","0000","청구","월세","59.8100","202510","28","1,000","65","7","2002","용두대로15길 47","202511~202711","신규","-","","","아파트"
"8248","충청북도 음성군 금왕읍 무극리","585-11","0585","0011","명운네스트빌","전세","118.8755","202510","28","10,000","0","10","2004","무극로 203-10","202512~202712","신규","-","","","아파트"
"8249","충청북도 청주시 청원구 내덕동","60-1","0060","0001","롯데삼성","월세","55.4400","202510","28","500","50","1","1986","덕벌로23번길 18","202510~202610","신규","-","","","아파트"
"8250","충청북도 음성군 맹동면 동성리","445","0445","0000","충북혁신도시 LH쌍용예가","월세","59.9300","202510","28","2,000","55","6","2014","사예로 20","202510~202710","신규","-","","","아파트"
"8251","충청북도 충주시 호암동","1220","1220","0000","충주호암더휴엔에이치에프7단지","월세","84.9900","202510","28","11,287","23","16","2019","호암토성2로 12","202601~202712","갱신","-","11,035","20","아파트"
"8252","충청북도 음성군 맹동면 동성리","445","0445","0000","충북혁신도시 LH쌍용예가","월세","59.7200","202510","28","1,000","70","14","2014","사예로 20","202512~202712","신규","-","","","아파트"
"8253","충청북도 청주시 청원구 율량동","1871","1871","0000","덕성","월세","105.8100","202510","28","13,500","12","2","1989","공항로 105","202511~202711","신규","-","","","아파트"
"8254","충청북도 제천시 영천동","2234","2234","0000","강저리슈빌엔에이치에프","월세","84.8800","202510","28","9,043","26","1","2018","청풍호로7길 76","202510~202710","신규","-","","","아파트"
"8255","충청북도 청주시 흥덕구 오송읍 봉산리","1530","1530","0000","오송역서한이다음노블리스","월세","134.4924","202510","28","5,000","150","1","2025","오송생명14로 217","202512~202712","신규","-","","","아파트"
"8256","충청북도 청주시 흥덕구 오송읍 봉산리","1531","1531","0000","오송역대광로제비앙그랜드센텀","전세","84.9140","202510","28","25,500","0","23","2024","오송생명14로 283","202510~202710","신규","-","","","아파트"
"8257","충청북도 충주시 호암동","1220","1220","0000","충주호암더휴엔에이치에프7단지","월세","84.9900","202510","28","11,287","23","19","2019","호암토성2로 12","202601~202712","갱신","-","11,030","20","아파트"
"8258","충청북도 충주시 호암동","1052","1052","0000","우미린에듀시티","전세","84.9712","202510","28","31,000","0","19","2019","호암수청1로 13","202510~202710","갱신","사용","31,000","0","아파트"
"8259","충청북도 진천군 진천읍 벽암리","581","0581","0000","진천벽암휴먼시아","월세","36.9200","202510","28","2,325","11","3","2011","문화로 237-19","202511~202710","갱신","-","1,725","15","아파트"
"8260","충청북도 진천군 진천읍 장관리","880","0880","0000","진천장관사랑으로부영2차","월세","59.9605","202510","28","5,060","16","5","2013","진광로 97-13","202511~202611","신규","-","","","아파트"
"8261","충청북도 진천군 진천읍 장관리","884","0884","0000","진천장관사랑으로부영1차","월세","84.9877","202510","28","5,060","25","18","2013","장관2길 139","202512~202612","신규","-","","","아파트"
"8262","충청북도 충주시 칠금동","1015","1015","0000","부영아파트(2차)","월세","60.0000","202510","28","1,000","60","9","1996","칠금중앙로 30","202511~202711","신규","-","","","아파트"
"8263","충청북도 제천시 장락동","1050","1050","0000","신안실크밸리","월세","60.6993","202510","28","2,000","100","26","2017","내토로59길 31","202511~202711","신규","-","","","아파트"
"8264","충청북도 제천시 장락동","1029","1029","0000","장락주공1단지","월세","39.9900","202510","28","1,181","15","7","1999","죽하로 30","202510~202711","신규","-","","","아파트"
"8265","충청북도 충주시 목행동","897","0897","0000","영무예다음2차","전세","59.7995","202510","28","14,316","0","7","2018","행정1길 8","202511~202611","신규","-","","","아파트"
"8266","충청북도 청주시 청원구 주성동","335","0335","0000","대원칸타빌1차아파트","전세","84.7980","202510","28","35,000","0","8","2013","율량로 103","202512~202712","신규","-","","","아파트"
"8267","충청북도 괴산군 괴산읍 동부리","149","0149","0000","괴산동부엘에이치행복마을","월세","29.3900","202510","28","1,819","13","5","2019","남산길 43","202601~202712","갱신","-","1,791","6","아파트"
"8268","충청북도 진천군 덕산읍 두촌리","3147","3147","0000","우미린스테이","월세","70.5634","202510","28","10,240","17","12","2018","대하로 150","202512~202712","갱신","-","10,240","15","아파트"
"8269","충청북도 진천군 덕산읍 두촌리","2718","2718","0000","영무예다음1차","전세","84.9490","202510","28","22,000","0","14","2015","대하로 87","202512~202712","신규","-","","","아파트"
"8270","충청북도 진천군 덕산읍 두촌리","3147","3147","0000","우미린스테이","월세","70.5634","202510","28","10,240","17","21","2018","대하로 150","202512~202712","갱신","-","10,240","15","아파트"
"8271","충청북도 진천군 덕산읍 두촌리","3147","3147","0000","우미린스테이","월세","70.5634","202510","28","10,240","17","18","2018","대하로 150","202511~202711","신규","-","","","아파트"
"8272","충청북도 청주시 흥덕구 오송읍 봉산리","798","0798","0000","오송역파라곤센트럴시티","전세","59.9822","202510","28","21,000","0","22","2023","오송생명7로 151","202511~202711","갱신","사용","20,000","0","아파트"
"8273","충청북도 충주시 봉방동","1047","1047","0000","충주주상복합모아미래도","전세","84.9682","202510","28","29,000","0","4","2023","삼원로 28","202512~202712","신규","-","","","아파트"
"8274","충청북도 제천시 봉양읍 미당리","820","0820","0000","미당한마음","월세","59.5450","202510","28","500","50","6","2004","용두대로36길 5-12","202511~202711","신규","-","","","아파트"
"8275","충청북도 충주시 봉방동","1046","1046","0000","충주푸르지오","월세","84.9370","202510","28","3,000","110","2","2014","봉계1길 7","202512~202712","신규","-","","","아파트"
"8276","충청북도 괴산군 괴산읍 동부리","149","0149","0000","괴산동부엘에이치행복마을","월세","29.3900","202510","28","619","13","1","2019","남산길 43","202601~202712","갱신","-","619","13","아파트"
"8277","충청북도 진천군 진천읍 교성리","223","0223","0000","웰스빌","월세","82.2315","202510","28","1,000","70","6","2007","남산4길 6","202511~202711","신규","-","","","아파트"
"8278","충청북도 청주시 청원구 주중동","1023","1023","0000","대원칸타빌2차","전세","84.4300","202510","28","36,000","0","12","2014","율량로 77","202601~202801","신규","-","","","아파트"
"8279","충청북도 청주시 청원구 율량동","1871","1871","0000","덕성","월세","105.8100","202510","28","13,500","12","2","1989","공항로 105","202512~202712","신규","-","","","아파트"
"8280","충청북도 청주시 흥덕구 송절동","842","0842","0000","청주테크노폴리스우방아이유쉘1단지","전세","84.9725","202510","28","30,500","0","24","2018","송화로184번길 7","202511~202711","신규","-","","","아파트"
"8281","충청북도 옥천군 옥천읍 마암리","487","0487","0000","옥천마암리양우내안애아파트","전세","84.9845","202510","28","13,000","0","17","2017","마장로 20","202511~202711","신규","-","","","아파트"
"8282","충청북도 진천군 진천읍 교성리","616","0616","0000","진천1차대명루첸","전세","73.7019","202510","28","17,000","0","2","2016","문화2길 36","202511~202711","갱신","-","17,000","0","아파트"
"8283","충청북도 제천시 모산동","543-9","0543","0009","로즈웰모산힐","전세","84.9763","202510","28","18,000","0","1","2003","신죽하로 165","202511~202711","신규","-","","","아파트"
"8284","충청북도 충주시 연수동","930","0930","0000","세원","월세","59.5200","202510","28","1,000","40","7","1991","번영대로 120","202511~202611","신규","-","","","아파트"
"8285","충청북도 충주시 연수동","1220","1220","0000","세원한아름","월세","41.8500","202510","28","500","40","9","1996","금릉로 101","202512~202712","신규","-","","","아파트"
"8286","충청북도 청주시 서원구 수곡동","1057","1057","0000","더샵청주퍼스트파크","전세","76.9922","202510","28","29,000","0","1","2021","수곡로 20","202512~202712","신규","-","","","아파트"
"8287","충청북도 청주시 흥덕구 비하동","75-32","0075","0032","평화","월세","49.8000","202510","28","500","40","1","1988","가로수로1132번길 10","202511~202611","신규","-","","","아파트"
"8288","충청북도 청주시 서원구 분평동","1386","1386","0000","분평주공7","월세","84.9000","202510","28","3,000","60","6","1997","분평로 18","202602~202802","신규","-","","","아파트"
"8289","충청북도 청주시 흥덕구 복대동","2461","2461","0000","세원느티마을","월세","59.9800","202510","28","1,000","90","4","1999","진재로 67","202510~202710","신규","-","","","아파트"
"8290","충청북도 청주시 흥덕구 복대동","993","0993","0000","덕일","월세","59.9100","202510","28","1,000","55","3","1989","복대로 149","202511~202711","신규","-","","","아파트"
"8291","충청북도 청주시 흥덕구 복대동","3029","3029","0000","현대2","월세","60.0000","202510","28","1,000","90","9","1999","증안로 77","202511~202711","신규","-","","","아파트"
"8292","충청북도 청주시 흥덕구 복대동","169-1","0169","0001","현대","월세","65.8800","202510","28","1,000","30","2","1986","내수동로12번길 5","202510~202710","신규","-","","","아파트"
"8293","충청북도 청주시 서원구 모충동","374-1","0374","0001","삼익세라믹","전세","74.3500","202510","28","9,500","0","3","1989","서원서로 27","202511~202711","신규","-","","","아파트"
"8294","충청북도 청주시 서원구 개신동","634","0634","0000","청주개신푸르지오","전세","84.7858","202510","28","24,675","0","4","2004","신율로 13","202511~202711","갱신","사용","23,500","0","아파트"
"8295","충청북도 청주시 흥덕구 강서동","470","0470","0000","나보나시티","월세","29.8600","202510","28","1,000","70","13","2021","가로수로1164번길 41-28","202511~202611","신규","-","","","아파트"
"8296","충청북도 청주시 흥덕구 강서동","498","0498","0000","경도펠리스","월세","27.5400","202510","28","1,000","35","14","2016","서현동로 21","202510~202610","신규","-","","","아파트"
"8297","충청북도 청주시 서원구 성화동","708","0708","0000","성화휴먼시아4단지","월세","36.5000","202510","28","1,746","14","1","2010","장전로 11","202510~202711","신규","-","","","아파트"
"8298","충청북도 청주시 서원구 모충동","553","0553","0000","청주모충LH트릴로채","월세","39.7400","202510","28","3,089","31","5","2021","쌍샘로 22","202510~202711","신규","-","","","아파트"
"8299","충청북도 청주시 서원구 사창동","304-1","0304","0001","두진하트리움에덴","월세","49.0140","202510","28","667","13","14","2014","사직대로 160","202510~202712","신규","-","","","아파트"
"8300","충청북도 청주시 흥덕구 봉명동","1857-1","1857","0001","리치먼드시티","월세","21.6256","202510","28","500","60","9","2023","직지대로 551","202511~202611","신규","-","","","아파트"
"8301","충청북도 청주시 서원구 모충동","516","0516","0000","주공2","월세","51.0200","202510","28","500","40","5","1989","모충로 61","202511~202611","신규","-","","","아파트"
"8302","충청북도 청주시 서원구 모충동","553","0553","0000","청주모충LH트릴로채","월세","51.9000","202510","28","5,026","36","9","2021","쌍샘로 22","202510~202711","신규","-","","","아파트"
"8303","충청북도 청주시 흥덕구 가경동","1190","1190","0000","세원2차","전세","59.9400","202510","28","12,000","0","7","1992","풍산로89번길 31","202511~202711","갱신","-","12,700","0","아파트"
"8304","충청북도 음성군 대소면 성본리","807","0807","0000","음성우미린풀하우스","전세","84.8937","202510","28","14,000","0","16","2025","성본산단4로 40","202602~202802","신규","-","","","아파트"
"8305","충청북도 청주시 서원구 모충동","553","0553","0000","청주모충LH트릴로채","월세","51.9000","202510","28","5,026","36","9","2021","쌍샘로 22","202510~202711","신규","-","","","아파트"
"8306","충청북도 청주시 서원구 모충동","553","0553","0000","청주모충LH트릴로채","월세","51.9000","202510","28","5,026","36","24","2021","쌍샘로 22","202510~202711","신규","-","","","아파트"
"8307","충청북도 청주시 서원구 사창동","304-1","0304","0001","두진하트리움에덴","월세","49.9084","202510","28","100","20","15","2014","사직대로 160","202510~202712","신규","-","","","아파트"
"8308","충청북도 청주시 서원구 분평동","1202","1202","0000","분평주공2","월세","59.7100","202510","28","1,000","55","12","1997","1순환로1137번길 129","202511~202611","신규","-","","","아파트"
"8309","충청북도 청주시 서원구 개신동","278-10","0278","0010","현대","월세","125.3400","202510","28","5,000","90","4","1990","성봉로220번길 23","202510~202607","갱신","-","9,000","65","아파트"
"8310","충청북도 청주시 서원구 개신동","613","0613","0000","휴먼시아","전세","59.9000","202510","28","15,700","0","15","2001","경신로 67","202602~202802","신규","-","","","아파트"
"8311","충청북도 청주시 흥덕구 봉명동","1857-1","1857","0001","리치먼드시티","전세","21.0286","202510","27","6,320","0","6","2023","직지대로 551","202512~202712","갱신","-","6,320","0","아파트"
"8312","충청북도 청주시 서원구 수곡동","1058","1058","0000","청주수곡행복주택","월세","21.8900","202510","27","2,498","13","5","2023","청남로 2060","202510~202711","신규","-","","","아파트"
"8313","충청북도 음성군 대소면 성본리","807","0807","0000","음성우미린풀하우스","전세","84.8937","202510","27","14,000","0","9","2025","성본산단4로 40","202511~202711","신규","-","","","아파트"
"8314","충청북도 음성군 대소면 성본리","819","0819","0000","음성푸르지오센터피크","전세","110.7318","202510","27","15,000","0","28","2025","성본산단5로 29","202511~202711","신규","-","","","아파트"
"8315","충청북도 청주시 서원구 사창동","180-1","0180","0001","청주센트럴리슈빌DS","월세","41.4279","202510","27","2,000","70","12","2023","1순환로 627","202512~202901","신규","-","","","아파트"
"8316","충청북도 청주시 서원구 사직동","931","0931","0000","푸르지오캐슬(101~117)","전세","84.4000","202510","27","25,000","0","7","2010","예체로 68","202511~202711","신규","-","","","아파트"
"8317","충청북도 청주시 서원구 사직동","937","0937","0000","푸르지오캐슬(401~413)","월세","84.4000","202510","27","15,881","13","11","2010","창직로 50","202511~202711","신규","-","","","아파트"
"8318","충청북도 음성군 대소면 성본리","807","0807","0000","음성우미린풀하우스","월세","84.8937","202510","27","3,000","50","15","2025","성본산단4로 40","202511~202711","신규","-","","","아파트"
"8319","충청북도 청주시 흥덕구 복대동","3379","3379","0000","신영지웰시티1차","월세","124.8160","202510","27","20,000","220","9","2010","대농로 17","202512~202712","갱신","-","10,000","200","아파트"
"8320","충청북도 청주시 흥덕구 복대동","3404","3404","0000","청주지웰시티푸르지오","월세","70.6780","202510","27","4,000","165","23","2019","대농로 45","202511~202711","신규","-","","","아파트"
"8321","충청북도 청주시 흥덕구 복대동","2456","2456","0000","아름다운나날영조1","전세","59.3291","202510","27","18,000","0","9","2003","증안로 21","202510~202710","갱신","-","17,100","0","아파트"
"8322","충청북도 청주시 흥덕구 복대동","2456","2456","0000","아름다운나날영조1","월세","59.3291","202510","27","2,000","80","8","2003","증안로 21","202512~202712","신규","-","","","아파트"
"8323","충청북도 청주시 흥덕구 봉명동","757","0757","0000","하이젠시티","월세","42.8500","202510","27","500","65","15","2015","직지대로 636","202512~202612","신규","-","","","아파트"
"8324","충청북도 청주시 흥덕구 봉명동","1857-1","1857","0001","리치먼드시티","전세","27.7517","202510","27","8,144","0","15","2023","직지대로 551","202512~202712","갱신","-","8,240","0","아파트"
"8325","충청북도 청주시 흥덕구 봉명동","1857-1","1857","0001","리치먼드시티","전세","21.0286","202510","27","6,320","0","6","2023","직지대로 551","202512~202712","갱신","-","6,320","0","아파트"
"8326","충청북도 청주시 흥덕구 봉명동","1857-1","1857","0001","리치먼드시티","전세","21.0286","202510","27","6,320","0","9","2023","직지대로 551","202512~202712","갱신","-","6,320","0","아파트"
"8327","충청북도 청주시 흥덕구 봉명동","1857-1","1857","0001","리치먼드시티","전세","21.0286","202510","27","6,320","0","4","2023","직지대로 551","202512~202712","갱신","-","6,320","0","아파트"
"8328","충청북도 청주시 흥덕구 봉명동","1857-1","1857","0001","리치먼드시티","전세","21.0286","202510","27","6,320","0","9","2023","직지대로 551","202512~202712","갱신","-","6,320","0","아파트"
"8329","충청북도 청주시 흥덕구 봉명동","1857-1","1857","0001","리치먼드시티","전세","21.0286","202510","27","6,320","0","13","2023","직지대로 551","202512~202711","갱신","-","3,792","8","아파트"
"8330","충청북도 청주시 흥덕구 봉명동","1857-1","1857","0001","리치먼드시티","전세","27.7517","202510","27","8,144","0","3","2023","직지대로 551","202512~202712","갱신","-","8,240","0","아파트"
"8331","충청북도 청주시 흥덕구 봉명동","1857-1","1857","0001","리치먼드시티","월세","21.0286","202510","27","1,896","14","10","2023","직지대로 551","202512~202712","갱신","-","1,896","14","아파트"
"8332","충청북도 청주시 흥덕구 봉명동","1857-1","1857","0001","리치먼드시티","월세","21.0286","202510","27","5,056","4","5","2023","직지대로 551","202512~202712","갱신","-","5,056","4","아파트"
"8333","충청북도 청주시 흥덕구 봉명동","1857-1","1857","0001","리치먼드시티","월세","27.7517","202510","27","4,886","10","10","2023","직지대로 551","202512~202712","갱신","-","4,944","10","아파트"
"8334","충청북도 청주시 흥덕구 봉명동","1831","1831","0000","HS포레","월세","35.7600","202510","27","1,000","75","18","2023","직지대로 609","202511~202711","신규","-","","","아파트"
"8335","충청북도 청주시 흥덕구 봉명동","1857-1","1857","0001","리치먼드시티","전세","21.0286","202510","27","6,320","0","11","2023","직지대로 551","202512~202712","갱신","-","6,320","0","아파트"
"8336","충청북도 청주시 흥덕구 봉명동","1857-1","1857","0001","리치먼드시티","전세","21.0286","202510","27","6,320","0","3","2023","직지대로 551","202512~202712","갱신","-","6,320","0","아파트"
"8337","충청북도 청주시 흥덕구 봉명동","1857-1","1857","0001","리치먼드시티","월세","21.0286","202510","27","5,056","4","4","2023","직지대로 551","202512~202712","갱신","-","4,424","6","아파트"
"8338","충청북도 청주시 흥덕구 봉명동","1857-1","1857","0001","리치먼드시티","전세","21.0286","202510","27","6,320","0","7","2023","직지대로 551","202512~202712","갱신","-","6,320","0","아파트"
"8339","충청북도 청주시 흥덕구 가경동","1759","1759","0000","가로수마을호반베르디움","전세","84.9267","202510","27","33,000","0","5","2008","서현중로 47","202511~202711","신규","-","","","아파트"
"8340","충청북도 청주시 서원구 성화동","1034","1034","0000","청주성화2다안채6단지","전세","84.9600","202510","27","27,500","0","4","2013","구룡산로52번길 51","202601~202801","신규","-","","","아파트"
"8341","충청북도 청주시 서원구 성화동","1034","1034","0000","청주성화2다안채6단지","전세","84.9600","202510","27","27,500","0","4","2013","구룡산로52번길 51","202601~202801","신규","-","","","아파트"
"8342","충청북도 청주시 서원구 성화동","619","0619","0000","성화주공2단지","월세","59.8800","202510","27","5,915","10","5","2007","장전로 80","202510~202612","갱신","-","4,415","19","아파트"
"8343","충청북도 청주시 서원구 성화동","708","0708","0000","성화휴먼시아4단지","월세","46.9300","202510","27","2,646","19","8","2010","장전로 11","202510~202711","신규","-","","","아파트"
"8344","충청북도 청주시 서원구 모충동","553","0553","0000","청주모충LH트릴로채","월세","39.7400","202510","27","3,089","31","9","2021","쌍샘로 22","-","-","-","","","아파트"
"8345","충청북도 청주시 서원구 모충동","553","0553","0000","청주모충LH트릴로채","전세","84.8500","202510","27","28,500","0","15","2021","쌍샘로 22","202601~202801","신규","-","","","아파트"
"8346","충청북도 청주시 서원구 모충동","553","0553","0000","청주모충LH트릴로채","월세","51.9000","202510","27","5,026","36","16","2021","쌍샘로 22","202510~202711","신규","-","","","아파트"
"8347","충청북도 청주시 서원구 모충동","553","0553","0000","청주모충LH트릴로채","월세","39.7400","202510","27","3,089","31","9","2021","쌍샘로 22","202510~202711","신규","-","","","아파트"
"8348","충청북도 청주시 서원구 모충동","553","0553","0000","청주모충LH트릴로채","월세","39.7400","202510","27","3,089","31","10","2021","쌍샘로 22","202510~202711","신규","-","","","아파트"
"8349","충청북도 청주시 서원구 모충동","553","0553","0000","청주모충LH트릴로채","월세","39.7400","202510","27","3,089","31","10","2021","쌍샘로 22","202510~202711","신규","-","","","아파트"
"8350","충청북도 청주시 서원구 모충동","553","0553","0000","청주모충LH트릴로채","월세","39.7400","202510","27","3,089","31","9","2021","쌍샘로 22","202510~202711","신규","-","","","아파트"
"8351","충청북도 청주시 서원구 모충동","553","0553","0000","청주모충LH트릴로채","전세","74.8900","202510","27","27,000","0","4","2021","쌍샘로 22","202601~202801","신규","-","","","아파트"
"8352","충청북도 청주시 서원구 모충동","553","0553","0000","청주모충LH트릴로채","전세","74.8900","202510","27","27,000","0","4","2021","쌍샘로 22","202601~202801","신규","-","","","아파트"
"8353","충청북도 청주시 서원구 모충동","553","0553","0000","청주모충LH트릴로채","전세","74.8900","202510","27","27,000","0","4","2021","쌍샘로 22","202601~202801","신규","-","","","아파트"
"8354","충청북도 청주시 서원구 개신동","1-19","0001","0019","광영","월세","38.6550","202510","27","9,500","1","8","1997","예체로7번길 33","202511~202711","갱신","사용","9,500","0","아파트"
"8355","충청북도 청주시 흥덕구 신봉동","529","0529","0000","한성","전세","50.8600","202510","27","5,000","0","5","1988","1순환로 451","202601~202801","신규","-","","","아파트"
"8356","충청북도 청주시 서원구 성화동","708","0708","0000","성화휴먼시아4단지","월세","46.7300","202510","27","2,646","19","6","2010","장전로 11","202510~202711","신규","-","","","아파트"
"8357","충청북도 청주시 서원구 성화동","1034","1034","0000","청주성화2다안채6단지","전세","84.9300","202510","27","27,000","0","15","2013","구룡산로52번길 51","202512~202712","신규","-","","","아파트"
"8358","충청북도 청주시 흥덕구 강서동","466","0466","0000","미소랑","전세","34.1700","202510","27","7,200","0","9","2014","가로수로1164번길 41-8","202512~202711","신규","-","","","아파트"
"8359","충청북도 청주시 흥덕구 강서동","458","0458","0000","청주강서동광모닝스카이","월세","27.6300","202510","27","1,000","60","18","2016","가로수로1164번길 41-33","202511~202611","신규","-","","","아파트"
"8360","충청북도 청주시 흥덕구 강서동","472","0472","0000","우양센트럴","월세","28.8684","202510","27","500","55","16","2016","가로수로1164번길 41-44","202511~202611","신규","-","","","아파트"
"8361","충청북도 청주시 흥덕구 봉명동","1857-1","1857","0001","리치먼드시티","전세","21.0286","202510","27","6,320","0","16","2023","직지대로 551","202512~202712","갱신","-","6,320","0","아파트"
"8362","충청북도 청주시 흥덕구 봉명동","1857-1","1857","0001","리치먼드시티","월세","21.0286","202510","27","4,424","6","11","2023","직지대로 551","202512~202712","갱신","-","3,792","8","아파트"
"8363","충청북도 청주시 흥덕구 봉명동","1857-1","1857","0001","리치먼드시티","월세","27.7517","202510","27","6,515","5","13","2023","직지대로 551","202512~202712","갱신","-","6,592","5","아파트"
"8364","충청북도 청주시 흥덕구 봉명동","1857-1","1857","0001","리치먼드시티","전세","21.0286","202510","27","6,320","0","5","2023","직지대로 551","202512~202712","갱신","-","6,320","0","아파트"
"8365","충청북도 음성군 대소면 성본리","819","0819","0000","음성푸르지오센터피크","월세","84.9019","202510","27","3,000","50","18","2025","성본산단5로 29","202511~202711","신규","-","","","아파트"
"8366","충청북도 청주시 청원구 오창읍 주성리","564","0564","0000","사랑으로부영7단지","전세","57.7554","202510","27","12,357","0","14","2014","2산단4로 60","202511~202611","갱신","-","12,199","0","아파트"
"8367","충청북도 청주시 청원구 오창읍 각리","638-1","0638","0001","우림필유1차","전세","59.8600","202510","27","18,200","0","13","2006","오창중앙로 13","202511~202711","신규","-","","","아파트"
"8368","충청북도 청주시 청원구 오창읍 각리","638-1","0638","0001","우림필유1차","전세","59.8600","202510","27","18,200","0","17","2006","오창중앙로 13","202512~202712","신규","-","","","아파트"
"8369","충청북도 청주시 청원구 오창읍 각리","638-1","0638","0001","우림필유1차","전세","59.8600","202510","27","18,200","0","17","2006","오창중앙로 13","202512~202712","신규","-","","","아파트"
"8370","충청북도 청주시 청원구 오창읍 주성리","561","0561","0000","충북오창사랑으로부영8단지","전세","82.8216","202510","27","16,542","0","9","2015","2산단로 151","202512~202612","신규","-","","","아파트"
"8371","충청북도 청주시 청원구 오창읍 주성리","569","0569","0000","충북오창사랑으로부영6단지","월세","57.7554","202510","27","9,507","13","13","2014","2산단로 125","202511~202611","신규","-","","","아파트"
"8372","충청북도 청주시 상당구 용담동","467","0467","0000","우미린에듀파크2단지","전세","84.9696","202510","27","34,500","0","6","2018","수영로 359","202601~202711","갱신","사용","34,500","0","아파트"
"8373","충청북도 청주시 서원구 남이면 가마리","378","0378","0000","청주가마힐데스하임","전세","80.7532","202510","27","26,000","0","23","2016","2순환로 1717","202512~202803","신규","-","","","아파트"
"8374","충청북도 청주시 서원구 남이면 가마리","378","0378","0000","청주가마힐데스하임","전세","80.7532","202510","27","26,000","0","23","2016","2순환로 1717","202512~202712","신규","-","","","아파트"
"8375","충청북도 청주시 상당구 남문로1가","53","0053","0000","트레비앙","월세","26.6800","202510","27","500","40","8","2016","상당로29번길 20","202511~202711","신규","-","","","아파트"
"8376","충청북도 청주시 상당구 탑동","390","0390","0000","센트럴힐데스하임","전세","84.8470","202510","27","36,000","0","16","2022","용담로 50","202512~202712","신규","-","","","아파트"
"8377","충청북도 청주시 상당구 탑동","390","0390","0000","센트럴힐데스하임","전세","84.8470","202510","27","36,000","0","16","2022","용담로 50","202512~202712","신규","-","","","아파트"
"8378","충청북도 청주시 청원구 오창읍 복현리","98-2","0098","0002","수정","월세","59.8500","202510","27","1,000","60","4","1991","복현3길 27","202511~202711","신규","-","","","아파트"
"8379","충청북도 청주시 청원구 오창읍 주성리","561","0561","0000","충북오창사랑으로부영8단지","전세","82.8216","202510","27","16,542","0","9","2015","2산단로 151","202512~202612","신규","-","","","아파트"
"8380","충청북도 청주시 청원구 오창읍 주성리","561","0561","0000","충북오창사랑으로부영8단지","전세","82.8216","202510","27","16,542","0","16","2015","2산단로 151","202511~202611","갱신","-","16,542","0","아파트"
"8381","충청북도 청주시 청원구 오창읍 주성리","569","0569","0000","충북오창사랑으로부영6단지","전세","57.7554","202510","27","12,567","0","21","2014","2산단로 125","202510~202610","갱신","-","12,382","0","아파트"
"8382","충청북도 청주시 상당구 금천동","317","0317","0000","장자마을부영(9단지)","월세","48.3895","202510","27","1,000","60","15","2002","중고개로 286","202511~202711","신규","-","","","아파트"
"8383","충청북도 청주시 상당구 금천동","275","0275","0000","장자마을부영(275-7단지)","전세","48.3895","202510","27","10,800","0","6","2001","중고개로 288","202512~202712","갱신","사용","10,800","0","아파트"
"8384","충청북도 청주시 청원구 오창읍 주성리","569","0569","0000","충북오창사랑으로부영6단지","전세","57.7554","202510","27","12,567","0","20","2014","2산단로 125","202510~202610","갱신","-","12,382","0","아파트"
"8385","충청북도 청주시 청원구 오창읍 주성리","567","0567","0000","충북오창사랑으로부영5단지","전세","82.8216","202510","27","16,542","0","8","2015","2산단4로 20","202511~202611","갱신","-","16,542","0","아파트"
"8386","충청북도 청주시 청원구 오창읍 주성리","567","0567","0000","충북오창사랑으로부영5단지","월세","82.8216","202510","27","8,538","33","14","2015","2산단4로 20","202511~202610","갱신","-","8,538","33","아파트"
"8387","충청북도 청주시 청원구 오창읍 주성리","567","0567","0000","충북오창사랑으로부영5단지","전세","82.8216","202510","27","16,542","0","11","2015","2산단4로 20","202511~202611","갱신","-","16,542","0","아파트"
"8388","충청북도 청주시 청원구 오창읍 주성리","564","0564","0000","사랑으로부영7단지","월세","57.7554","202510","27","5,587","28","7","2014","2산단4로 60","202512~202612","갱신","-","5,516","28","아파트"
"8389","충청북도 청주시 청원구 오창읍 각리","637-6","0637","0006","중앙하이츠빌","전세","102.2280","202510","27","27,000","0","14","2006","오창중앙로 32","202512~202712","신규","-","","","아파트"
"8390","충청북도 청주시 상당구 용암동","3145","3145","0000","청주동남1단지","월세","26.5800","202510","27","2,014","7","15","2020","호미로 137","202512~202711","갱신","-","873","12","아파트"
"8391","충청북도 청주시 상당구 용암동","3145","3145","0000","청주동남1단지","월세","37.7800","202510","27","4,037","9","22","2020","호미로 137","202512~202711","갱신","-","1,850","18","아파트"
"8392","충청북도 음성군 맹동면 동성리","445","0445","0000","충북혁신도시 LH쌍용예가","월세","59.9300","202510","27","500","75","17","2014","사예로 20","202511~202802","신규","-","","","아파트"
"8393","충청북도 청주시 흥덕구 송절동","1196","1196","0000","청주테크노폴리스힐데스하임","월세","84.9400","202510","27","5,000","150","20","2025","송화로 115","202511~202709","신규","-","","","아파트"
"8394","충청북도 청주시 흥덕구 문암동","213","0213","0000","청주테크노폴리스신영지웰푸르지오","전세","59.9721","202510","27","32,000","0","12","2022","송화로 229","202512~202712","신규","-","","","아파트"
"8395","충청북도 청주시 흥덕구 오송읍 봉산리","1527","1527","0000","오송역동아라이크텐","전세","84.9919","202510","27","27,000","0","7","2020","오송생명14로 215","202511~202711","신규","-","","","아파트"
"8396","충청북도 제천시 장락동","1050","1050","0000","신안실크밸리","전세","63.6102","202510","27","21,000","0","4","2017","내토로59길 31","202512~202712","신규","-","","","아파트"
"8397","충청북도 진천군 이월면 사곡리","600-1","0600","0001","부영임대","전세","60.0000","202510","27","6,589","0","2","2004","진광로 121","202511~202611","갱신","-","6,511","0","아파트"
"8398","충청북도 충주시 교현동","155","0155","0000","충일","월세","44.8200","202510","27","300","25","4","1986","만리산9길 54","202511~202711","신규","-","","","아파트"
"8399","충청북도 제천시 고암동","1142","1142","0000","고암두진4차","월세","33.0000","202510","27","300","30","12","2000","용두천로 378","202511~202710","신규","-","","","아파트"
"8400","충청북도 충주시 용관동","172-5","0172","0005","더푸른리버뷰아파트","전세","28.5600","202510","27","2,000","0","5","1999","창현로 1336","202510~202710","신규","-","","","아파트"
"8401","충청북도 충주시 교현동","1358","1358","0000","중흥S-클래스","전세","84.8050","202510","27","27,500","0","10","2008","금봉8길 23","202512~202712","신규","-","","","아파트"
"8402","충청북도 진천군 덕산읍 두촌리","3147","3147","0000","우미린스테이","월세","70.5634","202510","27","6,400","37","9","2018","대하로 150","202512~202712","갱신","-","6,400","35","아파트"
"8403","충청북도 옥천군 옥천읍 삼양리","253","0253","0000","옥천삼양행복주택","월세","36.4900","202510","27","2,747","15","3","2024","삼양로3길 9-10","202510~202711","신규","-","","","아파트"
"8404","충청북도 옥천군 옥천읍 삼양리","253","0253","0000","옥천삼양행복주택","월세","21.3000","202510","27","1,594","9","9","2024","삼양로3길 9-10","202510~202711","신규","-","","","아파트"
"8405","충청북도 충주시 호암동","1191","1191","0000","호암힐데스하임","월세","120.4900","202510","27","8,000","170","1","2019","호암토성2로 1","202601~202801","신규","-","","","아파트"
"8406","충청북도 충주시 중앙탑면 용전리","661","0661","0000","e편한세상충주","월세","84.9498","202510","27","2,000","85","17","2017","원앙9길 15","202512~202712","신규","-","","","아파트"
"8407","충청북도 충주시 용관동","172-5","0172","0005","더푸른리버뷰아파트","월세","28.5600","202510","27","300","27","4","1999","창현로 1336","202511~202711","신규","-","","","아파트"
"8408","충청북도 진천군 진천읍 장관리","884","0884","0000","진천장관사랑으로부영1차","월세","59.9605","202510","27","7,575","9","19","2013","장관2길 139","202511~202611","신규","-","","","아파트"
"8409","충청북도 진천군 진천읍 장관리","880","0880","0000","진천장관사랑으로부영2차","월세","59.9605","202510","27","5,060","16","12","2013","진광로 97-13","202601~202701","신규","-","","","아파트"
"8410","충청북도 진천군 덕산읍 두촌리","3145","3145","0000","충북혁신도시동일하이빌파크테라스","전세","97.0708","202510","27","30,000","0","9","2024","대하로 194","202512~202712","신규","-","","","아파트"
"8411","충청북도 청주시 흥덕구 송절동","842","0842","0000","청주테크노폴리스우방아이유쉘1단지","전세","84.3537","202510","27","26,250","0","13","2018","송화로184번길 7","202510~202712","갱신","사용","26,250","0","아파트"
"8412","충청북도 충주시 칠금동","1015","1015","0000","부영아파트(2차)","월세","60.0000","202510","27","1,000","58","11","1996","칠금중앙로 30","202510~202710","신규","-","","","아파트"
"8413","충청북도 청주시 흥덕구 오송읍 봉산리","798","0798","0000","오송역파라곤센트럴시티","전세","59.9822","202510","27","28,000","0","14","2023","오송생명7로 151","202511~202711","신규","-","","","아파트"
"8414","충청북도 충주시 대소원면 본리","645","0645","0000","충주코아루퍼스트아파트","월세","59.3554","202510","27","1,000","55","8","2016","첨단산업4로 24","202510~202710","신규","-","","","아파트"
"8415","충청북도 진천군 덕산읍 두촌리","3147","3147","0000","우미린스테이","월세","70.5634","202510","27","10,240","16","3","2018","대하로 150","202512~202712","갱신","-","10,240","14","아파트"
"8416","충청북도 충주시 호암동","1220","1220","0000","충주호암더휴엔에이치에프7단지","월세","84.9900","202510","27","11,287","23","9","2019","호암토성2로 12","202601~202712","갱신","-","11,035","20","아파트"
"8417","충청북도 음성군 금왕읍 무극리","504-16","0504","0016","풍산장미","월세","59.8800","202510","27","1,000","40","14","1995","무극로 243-7","202511~202711","신규","-","","","아파트"
"8418","충청북도 진천군 덕산읍 두촌리","3147","3147","0000","우미린스테이","월세","78.2298","202510","27","11,500","19","17","2018","대하로 150","202512~202712","갱신","-","11,500","17","아파트"
"8419","충청북도 음성군 맹동면 동성리","445","0445","0000","충북혁신도시 LH쌍용예가","월세","59.9300","202510","27","1,000","60","10","2014","사예로 20","202510~202610","신규","-","","","아파트"
"8420","충청북도 충주시 주덕읍 화곡리","1111","1111","0000","서충주푸르지오더퍼스트","월세","84.4177","202510","27","2,000","80","26","2025","화개1길 74","202511~202711","신규","-","","","아파트"
"8421","충청북도 청주시 청원구 사천동","229-2","0229","0002","대창1차","전세","44.1600","202510","27","6,500","0","1","1998","사뜸로61번길 106","202511~202811","신규","-","","","아파트"
"8422","충청북도 청주시 청원구 사천동","437","0437","0000","사천동아아파트","월세","84.7800","202510","27","2,000","70","3","1994","율봉로 31","202512~202712","신규","-","","","아파트"
"8423","충청북도 충주시 주덕읍 화곡리","1111","1111","0000","서충주푸르지오더퍼스트","월세","101.3536","202510","27","2,000","100","14","2025","화개1길 74","202510~202710","신규","-","","","아파트"
"8424","충청북도 옥천군 옥천읍 동안리","228","0228","0000","e편한세상옥천퍼스트원","월세","84.9000","202510","27","2,100","40","11","2025","매동로 150","-","-","-","","","아파트"
"8425","충청북도 진천군 진천읍 신정리","827","0827","0000","진천양우내안애해오르미","전세","39.1500","202510","27","8,000","0","4","2016","농다리로 1431","-","-","-","","","아파트"
"8426","충청북도 증평군 증평읍 창동리","544","0544","0000","주공","월세","39.6900","202510","27","300","30","3","1988","삼보로1길 21","202511~202711","신규","-","","","아파트"
"8427","충청북도 옥천군 옥천읍 삼양리","253","0253","0000","옥천삼양행복주택","월세","36.4900","202510","27","2,747","15","15","2024","삼양로3길 9-10","202510~202711","신규","-","","","아파트"
"8428","충청북도 충주시 중앙탑면 용전리","661","0661","0000","e편한세상충주","전세","59.8841","202510","27","14,000","0","2","2017","원앙9길 15","202512~202712","신규","-","","","아파트"
"8429","충청북도 충주시 교현동","1083","1083","0000","남산주공1","월세","47.2500","202510","27","300","30","3","1986","남산4길 28","202510~202710","신규","-","","","아파트"
"8430","충청북도 청주시 흥덕구 오송읍 봉산리","1510","1510","0000","오송역대광로제비앙","전세","59.8769","202510","27","15,270","0","9","2023","오송생명8로 178","202510~202710","신규","-","","","아파트"
"8431","충청북도 충주시 대소원면 본리","642","0642","0000","충주지웰","월세","59.0907","202510","26","1,000","60","15","2016","첨단산업2로 42","202512~202712","신규","-","","","아파트"
"8432","충청북도 청주시 청원구 율량동","1144","1144","0000","한울아파트301동","월세","30.3300","202510","26","300","35","8","1998","주성로96번길 12","202510~202710","신규","-","","","아파트"
"8433","충청북도 청주시 청원구 율량동","744","0744","0000","부강","월세","29.0800","202510","26","500","35","3","1993","공항로150번길 59","202510~202610","신규","-","","","아파트"
"8434","충청북도 제천시 하소동","353","0353","0000","주공2","전세","58.7400","202510","26","8,000","0","1","1995","하소로 88","202512~202712","신규","-","","","아파트"
"8435","충청북도 음성군 맹동면 동성리","523","0523","0000","충북혁신도시영무예다음3차","전세","84.9367","202510","26","22,500","0","9","2017","장성1길 9","202601~202801","신규","-","","","아파트"
"8436","충청북도 청주시 흥덕구 송절동","846","0846","0000","청주테크노폴리스우방아이유쉘2단지","전세","84.9725","202510","26","34,000","0","7","2018","송화로108번길 111","202601~202801","신규","-","","","아파트"
"8437","충청북도 청주시 청원구 율량동","863","0863","0000","럭키","월세","76.4850","202510","26","2,000","70","13","1991","충청대로 149","202511~202711","신규","-","","","아파트"
"8438","충청북도 제천시 청전동","485-21","0485","0021","형석","월세","39.9200","202510","26","500","40","4","1990","명륜로4길 5","202511~202711","신규","-","","","아파트"
"8439","충청북도 충주시 주덕읍 화곡리","1111","1111","0000","서충주푸르지오더퍼스트","월세","84.1391","202510","26","2,000","80","26","2025","화개1길 74","202510~202710","신규","-","","","아파트"
"8440","충청북도 충주시 중앙탑면 용전리","721","0721","0000","충주시티자이","월세","59.8977","202510","26","1,000","60","12","2017","원앙4길 51","202511~202711","신규","-","","","아파트"
"8441","충청북도 음성군 맹동면 동성리","523","0523","0000","충북혁신도시영무예다음3차","전세","84.9367","202510","26","22,500","0","9","2017","장성1길 9","202601~202801","신규","-","","","아파트"
"8442","충청북도 제천시 천남동","493","0493","0000","신원아침도시더퍼스트","전세","76.4981","202510","26","24,000","0","6","2020","원뜰로 25","202511~202711","신규","-","","","아파트"
"8443","충청북도 충주시 용산동","1680","1680","0000","용산주공3차","월세","59.6400","202510","26","1,000","60","2","2003","남산로 114","202512~202712","신규","-","","","아파트"
"8444","충청북도 충주시 연수동","1227","1227","0000","연수주공1차","전세","46.6800","202510","26","6,500","0","4","1990","예성로 360","202511~202711","신규","-","","","아파트"
"8445","충청북도 제천시 강제동","903","0903","0000","강제코아루파크","전세","63.3100","202510","26","18,000","0","10","2015","청풍호로10길 31","202512~202712","신규","-","","","아파트"
"8446","충청북도 청주시 흥덕구 오송읍 봉산리","798","0798","0000","오송역파라곤센트럴시티","전세","59.9800","202510","26","28,800","0","22","2023","오송생명7로 151","202512~202712","신규","-","","","아파트"
"8447","충청북도 음성군 대소면 성본리","819","0819","0000","음성푸르지오센터피크","전세","110.7318","202510","26","20,000","0","24","2025","성본산단5로 29","-","-","-","","","아파트"
"8448","충청북도 청주시 흥덕구 비하동","300","0300","0000","효성아파트","전세","59.9000","202510","26","12,000","0","8","1995","2순환로1050번길 39","202601~202801","신규","-","","","아파트"
"8449","충청북도 청주시 서원구 모충동","553","0553","0000","청주모충LH트릴로채","전세","74.7700","202510","26","28,000","0","14","2021","쌍샘로 22","202512~202709","신규","-","","","아파트"
"8450","충청북도 단양군 단양읍 상진리","978","0978","0000","주공","전세","46.7400","202510","26","5,000","0","3","1985","상진1로 15","-","-","-","","","아파트"
"8451","충청북도 청주시 서원구 분평동","1261","1261","0000","주공4단지2차","월세","49.7700","202510","26","1,000","55","11","1998","1순환로1137번길 80","202511~202711","신규","-","","","아파트"
"8452","충청북도 청주시 서원구 분평동","1360","1360","0000","분평주공5단지아파트","월세","49.7700","202510","26","1,000","45","5","1998","분평로 88-1","202511~202711","신규","-","","","아파트"
"8453","충청북도 청주시 흥덕구 옥산면 가락리","953","0953","0000","흥덕코오롱하늘채아파트","전세","59.9318","202510","26","16,000","0","14","2016","가락길 60","202512~202712","신규","-","","","아파트"
"8454","충청북도 청주시 서원구 수곡동","324","0324","0000","주공1","전세","39.6900","202510","26","3,500","0","3","1990","구룡산로 319","202512~202712","신규","-","","","아파트"
"8455","충청북도 청주시 서원구 모충동","251-1","0251","0001","형석","월세","49.5900","202510","26","3,500","30","5","1985","남들로35번길 61","202511~202711","신규","-","","","아파트"
"8456","충청북도 청주시 흥덕구 복대동","824-4","0824","0004","성광아파트","전세","55.8900","202510","26","7,000","0","2","1983","신율로 174","202512~202712","신규","-","","","아파트"
"8457","충청북도 청주시 흥덕구 옥산면 가락리","953","0953","0000","흥덕코오롱하늘채아파트","전세","59.9318","202510","26","16,500","0","14","2016","가락길 60","202511~202711","신규","-","","","아파트"
"8458","충청북도 청주시 서원구 수곡동","1057","1057","0000","더샵청주퍼스트파크","전세","84.9616","202510","26","34,500","0","15","2021","수곡로 20","202511~202711","갱신","-","33,000","0","아파트"
"8459","충청북도 청주시 흥덕구 봉명동","1602","1602","0000","주공2","전세","53.8500","202510","26","8,000","0","1","1985","직지대로581번길 33-12","202511~202711","신규","-","","","아파트"
"8460","충청북도 음성군 대소면 성본리","807","0807","0000","음성우미린풀하우스","전세","84.9957","202510","26","15,000","0","16","2025","성본산단4로 40","202511~202711","신규","-","","","아파트"
"8461","충청북도 청주시 흥덕구 복대동","3367","3367","0000","어울림","전세","123.6100","202510","26","42,000","0","19","2009","대신로74번길 21","202602~202802","신규","-","","","아파트"
"8462","충청북도 청주시 흥덕구 복대동","3405","3405","0000","더샵청주센트럴","전세","84.9600","202510","26","35,100","0","21","2025","복대로 220","202604~202804","갱신","사용","33,500","0","아파트"
"8463","충청북도 청주시 서원구 개신동","1-16","0001","0016","우정한가람","월세","24.0340","202510","26","300","33","9","1997","예체로1번길 29","202510~202710","신규","-","","","아파트"
"8464","충청북도 청주시 상당구 방서동","655","0655","0000","청주하트리움리버파크","전세","84.8910","202510","26","32,000","0","18","2019","2순환로 2031","202602~202802","신규","-","","","아파트"
"8465","충청북도 청주시 상당구 용암동","2064","2064","0000","세원한아름","월세","59.7600","202510","26","1,000","60","9","1994","무농정로 90","202512~202712","신규","-","","","아파트"
"8466","충청북도 청주시 상당구 문화동","118","0118","0000","문화동센트럴칸타빌","월세","84.7409","202510","26","3,000","130","28","2018","용담로 7","202512~202712","신규","-","","","아파트"
"8467","충청북도 청주시 상당구 방서동","654","0654","0000","청주센트럴자이","월세","84.7377","202510","26","15,000","80","7","2018","단재로 316","202602~202802","신규","-","","","아파트"
"8468","충청북도 청주시 상당구 용정동","1116","1116","0000","청주용정한라비발디","전세","84.9200","202510","26","31,000","0","9","2013","용정로 25","202602~202802","신규","-","","","아파트"
"8469","충청북도 청주시 상당구 용정동","1116","1116","0000","청주용정한라비발디","전세","84.9200","202510","26","31,000","0","9","2013","용정로 25","202602~202802","신규","-","","","아파트"
"8470","충청북도 청주시 청원구 오창읍 각리","637-6","0637","0006","중앙하이츠빌","전세","59.9271","202510","25","18,000","0","11","2006","오창중앙로 32","202601~202801","신규","-","","","아파트"
"8471","충청북도 청주시 흥덕구 오송읍 연제리","731","0731","0000","오송상록롯데캐슬","월세","84.9490","202510","25","2,000","100","13","2010","오송생명5로 202","202510~202610","신규","-","","","아파트"
"8472","충청북도 청주시 청원구 오창읍 창리","161","0161","0000","오창모아미래도와이드파크","월세","59.9853","202510","25","2,000","90","10","2016","2산단4로 45","202510~202512","신규","-","","","아파트"
"8473","충청북도 청주시 상당구 용암동","2108","2108","0000","청주용암주공1단지아파트(해누리)","전세","49.8000","202510","25","7,500","0","15","1994","원봉로 52","202511~202711","신규","-","","","아파트"
"8474","충청북도 청주시 상당구 용암동","2064","2064","0000","세원한아름","전세","59.7600","202510","25","12,000","0","15","1994","무농정로 90","202511~202711","갱신","-","11,500","0","아파트"
"8475","충청북도 청주시 상당구 용암동","3163","3163","0000","청주동남파라곤아파트","전세","84.9455","202510","25","34,000","0","9","2022","중고개로 56","202602~202802","신규","-","","","아파트"
"8476","충청북도 청주시 상당구 용암동","2108","2108","0000","청주용암주공1단지아파트(해누리)","전세","49.8000","202510","25","8,000","0","15","1994","원봉로 52","202512~202712","신규","-","","","아파트"
"8477","충청북도 청주시 상당구 용암동","3151","3151","0000","칸타빌더테라스1단지","전세","116.6434","202510","25","49,000","0","24","2019","중고개로 140","202601~202801","신규","-","","","아파트"
"8478","충청북도 청주시 상당구 용암동","2108","2108","0000","청주용암주공1단지아파트(해누리)","전세","49.8000","202510","25","8,000","0","15","1994","원봉로 52","202511~202711","신규","-","","","아파트"
"8479","충청북도 청주시 흥덕구 송절동","851","0851","0000","청주테크노폴리스푸르지오","월세","84.9950","202510","25","3,000","130","14","2018","송화로214번길 7","202512~202701","신규","-","","","아파트"
"8480","충청북도 청주시 청원구 주성동","335","0335","0000","대원칸타빌1차아파트","전세","84.7980","202510","25","37,000","0","25","2013","율량로 103","202601~202801","신규","-","","","아파트"
"8481","충청북도 청주시 흥덕구 오송읍 봉산리","1530","1530","0000","오송역서한이다음노블리스","월세","134.4924","202510","25","5,000","150","18","2025","오송생명14로 217","202511~202711","신규","-","","","아파트"
"8482","충청북도 청주시 흥덕구 오송읍 봉산리","798","0798","0000","오송역파라곤센트럴시티","전세","59.8447","202510","25","21,000","0","7","2023","오송생명7로 151","202511~202711","갱신","-","20,000","0","아파트"
"8483","충청북도 청주시 흥덕구 오송읍 봉산리","798","0798","0000","오송역파라곤센트럴시티","전세","59.9800","202510","25","26,000","0","18","2023","오송생명7로 151","202511~202711","신규","-","","","아파트"
"8484","충청북도 청주시 흥덕구 오송읍 봉산리","798","0798","0000","오송역파라곤센트럴시티","전세","59.9800","202510","25","26,000","0","18","2023","오송생명7로 151","202511~202711","신규","-","","","아파트"
"8485","충청북도 제천시 장락동","1050","1050","0000","신안실크밸리","전세","60.6993","202510","25","21,000","0","19","2017","내토로59길 31","202511~202711","신규","-","","","아파트"
"8486","충청북도 청주시 흥덕구 오송읍 봉산리","1530","1530","0000","오송역서한이다음노블리스","전세","150.6402","202510","25","41,000","0","15","2025","오송생명14로 217","202511~202711","신규","-","","","아파트"
"8487","충청북도 청주시 흥덕구 오송읍 봉산리","1530","1530","0000","오송역서한이다음노블리스","월세","134.4924","202510","25","5,000","150","16","2025","오송생명14로 217","202512~202712","신규","-","","","아파트"
"8488","충청북도 제천시 장락동","1050","1050","0000","신안실크밸리","월세","64.5709","202510","25","2,000","100","26","2017","내토로59길 31","202510~202710","신규","-","","","아파트"
"8489","충청북도 진천군 진천읍 교성리","466","0466","0000","진천풍림아이원트리니움","전세","59.9900","202510","25","10,000","0","16","2025","대학로 36","202510~202710","신규","-","","","아파트"
"8490","충청북도 충주시 교현동","1061","1061","0000","남산주공2","전세","54.0900","202510","25","6,000","0","1","1984","남산4길 35","202511~202711","신규","-","","","아파트"
"8491","충청북도 음성군 맹동면 동성리","445","0445","0000","충북혁신도시 LH쌍용예가","전세","59.7200","202510","25","14,500","0","1","2014","사예로 20","-","-","-","","","아파트"
"8492","충청북도 충주시 중앙탑면 용전리","656","0656","0000","미진이지비아","월세","59.9941","202510","25","500","60","20","2017","기업도시로 189","202511~202710","신규","-","","","아파트"
"8493","충청북도 청주시 흥덕구 오송읍 봉산리","798","0798","0000","오송역파라곤센트럴시티","월세","59.8447","202510","25","2,000","100","17","2023","오송생명7로 151","202511~202705","신규","-","","","아파트"
"8494","충청북도 충주시 대소원면 본리","645","0645","0000","충주코아루퍼스트아파트","전세","59.3554","202510","25","11,500","0","6","2016","첨단산업4로 24","202511~202701","신규","-","","","아파트"
"8495","충청북도 충주시 중앙탑면 용전리","661","0661","0000","e편한세상충주","전세","59.8527","202510","25","14,800","0","10","2017","원앙9길 15","202510~202710","갱신","사용","20,000","0","아파트"
"8496","충청북도 옥천군 옥천읍 문정리","374","0374","0000","옥천문정주공(2)단지","전세","49.6200","202510","25","7,800","0","9","1998","문장로2길 9","202512~202712","신규","-","","","아파트"
"8497","충청북도 청주시 청원구 율량동","1182","1182","0000","삼성","전세","59.5800","202510","25","14,000","0","1","1996","주성로96번길 9","202512~202904","신규","-","","","아파트"
"8498","충청북도 청주시 청원구 율량동","2605","2605","0000","율량금호어울림센트로","월세","75.9895","202510","25","9,000","70","21","2022","율천북로 91","202601~202801","신규","-","","","아파트"
"8499","충청북도 충주시 주덕읍 화곡리","1111","1111","0000","서충주푸르지오더퍼스트","전세","84.1391","202510","25","23,000","0","16","2025","화개1길 74","202512~202712","신규","-","","","아파트"
"8500","충청북도 충주시 주덕읍 화곡리","1111","1111","0000","서충주푸르지오더퍼스트","월세","74.2085","202510","25","1,000","80","13","2025","화개1길 74","202511~202711","신규","-","","","아파트"
"8501","충청북도 청주시 청원구 내덕동","422","0422","0000","신라","전세","84.9500","202510","25","9,000","0","5","1988","1순환로197번길 31","202511~202711","신규","-","","","아파트"
"8502","충청북도 충주시 호암동","1191","1191","0000","호암힐데스하임","전세","84.9500","202510","25","35,000","0","18","2019","호암토성2로 1","202512~202712","신규","-","","","아파트"
"8503","충청북도 옥천군 옥천읍 문정리","374","0374","0000","옥천문정주공(2)단지","전세","49.6200","202510","25","7,800","0","9","1998","문장로2길 9","202512~202711","신규","-","","","아파트"
"8504","충청북도 옥천군 옥천읍 문정리","430-1","0430","0001","하늘빛아파트","전세","84.9934","202510","25","20,000","0","4","2007","동부로 16","-","-","-","","","아파트"
"8505","충청북도 청주시 흥덕구 오송읍 봉산리","1527","1527","0000","오송역동아라이크텐","월세","77.8257","202510","25","2,000","100","4","2020","오송생명14로 215","202511~202711","신규","-","","","아파트"
"8506","충청북도 증평군 증평읍 미암리","1073","1073","0000","증평코아루휴티스","전세","59.6260","202510","25","18,000","0","3","2021","미암로 59","202511~202711","신규","-","","","아파트"
"8507","충청북도 진천군 덕산읍 두촌리","3146","3146","0000","모아엘가더테라스","전세","102.8950","202510","25","25,000","0","1","2018","대월로 127","202601~202801","신규","-","","","아파트"
"8508","충청북도 진천군 덕산읍 두촌리","3145","3145","0000","충북혁신도시동일하이빌파크테라스","월세","84.9900","202510","25","2,890","130","2","2024","대하로 194","202512~202712","신규","-","","","아파트"
"8509","충청북도 진천군 덕산읍 두촌리","3145","3145","0000","충북혁신도시동일하이빌파크테라스","월세","84.9900","202510","25","3,000","140","20","2024","대하로 194","202512~202712","신규","-","","","아파트"
"8510","충청북도 충주시 대소원면 본리","649","0649","0000","중앙하이츠프리미어충주","전세","84.9600","202510","25","13,000","0","4","2023","첨단산업4로 54","202512~202712","갱신","-","13,000","0","아파트"
"8511","충청북도 충주시 대소원면 본리","649","0649","0000","중앙하이츠프리미어충주","전세","84.9600","202510","25","13,000","0","4","2023","첨단산업4로 54","202512~202712","갱신","-","13,000","0","아파트"
"8512","충청북도 청주시 흥덕구 송절동","1196","1196","0000","청주테크노폴리스힐데스하임","전세","84.9900","202510","25","34,000","0","27","2025","송화로 115","202511~202711","신규","-","","","아파트"
"8513","충청북도 충주시 칠금동","1015","1015","0000","부영아파트(2차)","전세","60.0000","202510","25","13,000","0","7","1996","칠금중앙로 30","202512~202712","신규","-","","","아파트"
"8514","충청북도 음성군 맹동면 동성리","246","0246","0000","엘에이치이노밸리","전세","84.5300","202510","25","18,000","0","23","2014","학예로 55","202512~202712","신규","-","","","아파트"
"8515","충청북도 제천시 왕암동","779","0779","0000","왕암코아루드림","월세","60.2620","202510","25","3,000","75","13","2018","바이오밸리로 171","202601~202801","신규","-","","","아파트"
"8516","충청북도 진천군 덕산읍 두촌리","3146","3146","0000","모아엘가더테라스","전세","102.8950","202510","25","25,000","0","1","2018","대월로 127","202601~202801","신규","-","","","아파트"
"8517","충청북도 옥천군 옥천읍 문정리","430-1","0430","0001","하늘빛아파트","전세","84.9934","202510","25","20,000","0","4","2007","동부로 16","-","-","-","","","아파트"
"8518","충청북도 청주시 청원구 주중동","1023","1023","0000","대원칸타빌2차","전세","84.4300","202510","25","36,000","0","13","2014","율량로 77","202601~202801","신규","-","","","아파트"
"8519","충청북도 청주시 서원구 개신동","443","0443","0000","두진백로","전세","84.2700","202510","25","13,500","0","5","1993","모충로 38","-","-","-","","","아파트"
"8520","충청북도 청주시 서원구 개신동","634","0634","0000","청주개신푸르지오","전세","84.7750","202510","25","27,000","0","9","2004","신율로 13","202601~202801","신규","-","","","아파트"
"8521","충청북도 청주시 서원구 수곡동","337","0337","0000","주공3","월세","41.3000","202510","25","300","35","10","1991","매봉로 82","-","-","-","","","아파트"
"8522","충청북도 청주시 흥덕구 비하동","824","0824","0000","서청주파크자이","월세","74.3861","202510","25","3,000","130","14","2019","2순환로 1106","202601~202801","신규","-","","","아파트"
"8523","충청북도 청주시 흥덕구 비하동","300","0300","0000","효성아파트","월세","59.9000","202510","25","1,000","70","3","1995","2순환로1050번길 39","202511~202711","신규","-","","","아파트"
"8524","충청북도 청주시 흥덕구 비하동","809","0809","0000","청주비하계룡리슈빌2차","전세","155.3889","202510","25","36,000","0","2","2009","비하로57번길 37","202602~202802","신규","-","","","아파트"
"8525","충청북도 청주시 서원구 사직동","937","0937","0000","푸르지오캐슬(401~413)","전세","104.0400","202510","25","29,000","0","5","2010","창직로 50","202511~202711","신규","-","","","아파트"
"8526","충청북도 청주시 서원구 분평동","1200","1200","0000","주공3단지2차","월세","49.7700","202510","25","1,000","44","6","1997","1순환로1137번길 130","202512~202712","신규","-","","","아파트"
"8527","충청북도 청주시 서원구 분평동","1202","1202","0000","분평주공2","전세","59.9900","202510","25","13,000","0","11","1997","1순환로1137번길 129","202512~202712","신규","-","","","아파트"
"8528","충청북도 청주시 서원구 수곡동","337","0337","0000","주공3","월세","41.3000","202510","25","300","35","10","1991","매봉로 82","202511~202711","신규","-","","","아파트"
"8529","충청북도 청주시 서원구 분평동","1202","1202","0000","분평주공2","전세","59.9900","202510","25","13,000","0","11","1997","1순환로1137번길 129","202512~202712","신규","-","","","아파트"
"8530","충청북도 청주시 흥덕구 복대동","2459","2459","0000","두진하트리움","월세","59.9255","202510","25","1,000","90","14","1999","증안로 33","202512~202712","신규","-","","","아파트"
"8531","충청북도 청주시 서원구 분평동","1200","1200","0000","분평주공3","전세","59.9900","202510","25","12,800","0","20","1997","1순환로1137번길 130","202511~202711","신규","-","","","아파트"
"8532","충청북도 청주시 서원구 분평동","1200","1200","0000","주공3단지2차","월세","49.7700","202510","25","1,000","44","6","1997","1순환로1137번길 130","202512~202712","신규","-","","","아파트"
"8533","충청북도 청주시 서원구 분평동","1261","1261","0000","주공4단지2차","전세","39.6900","202510","25","7,500","0","14","1998","1순환로1137번길 80","202511~202711","신규","-","","","아파트"
"8534","충청북도 청주시 서원구 분평동","1360","1360","0000","분평주공5단지아파트","전세","49.7700","202510","25","11,500","0","4","1998","분평로 88-1","202511~202711","신규","-","","","아파트"
"8535","충청북도 청주시 흥덕구 강서동","482","0482","0000","강서베리굿2차","월세","26.8205","202510","25","500","50","16","2016","강서로 111","202511~202610","신규","-","","","아파트"
"8536","충청북도 청주시 흥덕구 강서동","470","0470","0000","나보나시티","전세","29.8600","202510","25","11,000","0","10","2021","가로수로1164번길 41-28","202512~202712","신규","-","","","아파트"
"8537","충청북도 청주시 흥덕구 복대동","3379","3379","0000","신영지웰시티1차","월세","124.8160","202510","25","20,000","230","7","2010","대농로 17","202601~202801","신규","-","","","아파트"
"8538","충청북도 청주시 흥덕구 복대동","3379","3379","0000","신영지웰시티1차","전세","152.6520","202510","25","78,750","0","25","2010","대농로 17","202602~202802","갱신","사용","75,000","0","아파트"
"8539","충청북도 청주시 흥덕구 복대동","3379","3379","0000","신영지웰시티1차","전세","124.8160","202510","25","68,000","0","33","2010","대농로 17","202511~202711","신규","-","","","아파트"
"8540","충청북도 청주시 흥덕구 복대동","2456","2456","0000","아름다운나날영조1","전세","59.3291","202510","25","18,000","0","13","2003","증안로 21","202512~202712","신규","-","","","아파트"
"8541","충청북도 청주시 흥덕구 복대동","3381","3381","0000","두산위브지웰시티2차","월세","80.1350","202510","25","10,000","150","34","2015","대농로 55","202601~202801","신규","-","","","아파트"
"8542","충청북도 청주시 흥덕구 옥산면 가락리","981","0981","0000","청주리버파크자이","월세","84.9330","202510","25","2,000","110","16","2019","오송가락로 1056","202601~202801","신규","-","","","아파트"
"8543","충청북도 청주시 서원구 개신동","767","0767","0000","더샵청주그리니티","전세","63.7997","202510","25","26,500","0","17","2026","서부로 1478","202602~202802","신규","-","","","아파트"
"8544","충청북도 청주시 흥덕구 가경동","1507","1507","0000","효성","전세","117.4200","202510","25","25,000","0","8","1997","가경로 61","202602~202802","신규","-","","","아파트"
"8545","충청북도 청주시 흥덕구 가경동","1190","1190","0000","세원2차","전세","59.9400","202510","25","12,000","0","12","1992","풍산로89번길 31","202601~202801","신규","-","","","아파트"
"8546","충청북도 청주시 서원구 산남동","1094","1094","0000","부영사랑으로","전세","59.9364","202510","25","18,600","0","5","2007","원흥로 14","202602~202802","신규","-","","","아파트"
"8547","충청북도 청주시 흥덕구 복대동","3379","3379","0000","신영지웰시티1차","월세","124.8160","202510","25","4,000","270","23","2010","대농로 17","202512~202712","신규","-","","","아파트"
"8548","충청북도 청주시 서원구 개신동","506","0506","0000","청주","전세","38.5200","202510","25","4,700","0","6","1990","신율로 71","-","-","-","","","아파트"
"8549","충청북도 청주시 서원구 개신동","278-10","0278","0010","현대","전세","84.9450","202510","25","16,000","0","11","1990","성봉로220번길 23","202511~202711","신규","-","","","아파트"
"8550","충청북도 청주시 서원구 수곡동","324","0324","0000","주공1","월세","46.6800","202510","25","500","30","4","1990","매봉로 101","202511~202711","신규","-","","","아파트"
"8551","충청북도 청주시 서원구 수곡동","314","0314","0000","산남주공4단지아파트","월세","76.5100","202510","25","3,500","45","1","1993","구룡산로 275-13","202511~202711","신규","-","","","아파트"
"8552","충청북도 청주시 서원구 수곡동","324","0324","0000","주공1","월세","39.3000","202510","25","300","25","5","1990","구룡산로 319","202510~202710","신규","-","","","아파트"
"8553","충청북도 청주시 서원구 모충동","553","0553","0000","청주모충LH트릴로채","전세","59.9600","202510","25","25,000","0","3","2021","쌍샘로 22","202602~202709","신규","-","","","아파트"
"8554","충청북도 청주시 서원구 수곡동","324","0324","0000","주공1","전세","39.6900","202510","25","7,000","0","3","1990","구룡산로 319","202511~202711","신규","-","","","아파트"
"8555","충청북도 청주시 흥덕구 옥산면 오산리","590-1","0590","0001","아트빌","월세","39.9600","202510","25","300","40","3","1998","오송가락로 718","202511~202611","신규","-","","","아파트"
"8556","충청북도 청주시 서원구 모충동","516","0516","0000","주공2","전세","39.6900","202510","25","8,000","0","5","1989","모충로 61","202511~202711","신규","-","","","아파트"
"8557","충청북도 음성군 대소면 성본리","807","0807","0000","음성우미린풀하우스","월세","94.0466","202510","25","2,000","60","2","2025","성본산단4로 40","202511~202611","신규","-","","","아파트"
"8558","충청북도 청주시 서원구 산남동","1103","1103","0000","청주현진에버빌","전세","84.9900","202510","25","26,000","0","3","2006","탑골로 6","202512~202712","신규","-","","","아파트"
"8559","충청북도 청주시 서원구 산남동","1094","1094","0000","부영사랑으로","전세","59.9364","202510","25","18,900","0","5","2007","원흥로 14","202602~202802","신규","-","","","아파트"
"8560","충청북도 청주시 서원구 산남동","1094","1094","0000","부영사랑으로","전세","59.9364","202510","25","18,600","0","5","2007","원흥로 14","202512~202712","신규","-","","","아파트"
"8561","충청북도 청주시 서원구 개신동","443","0443","0000","두진백로","전세","84.2700","202510","25","13,500","0","5","1993","모충로 38","202512~202712","신규","-","","","아파트"
"8562","충청북도 청주시 서원구 개신동","634","0634","0000","청주개신푸르지오","전세","84.7750","202510","24","25,600","0","20","2004","신율로 13","202510~202710","신규","-","","","아파트"
"8563","충청북도 음성군 대소면 소석리","626","0626","0000","이안음성대소아파트","월세","59.9984","202510","24","500","55","13","2019","대금로 686-1","202510~202610","신규","-","","","아파트"
"8564","충청북도 청주시 흥덕구 복대동","2456","2456","0000","아름다운나날영조1","전세","59.2930","202510","24","18,000","0","9","2003","증안로 21","202604~202804","갱신","사용","17,400","0","아파트"
"8565","충청북도 청주시 흥덕구 복대동","3379","3379","0000","신영지웰시티1차","월세","124.8160","202510","24","1,000","280","7","2010","대농로 17","202511~202602","신규","-","","","아파트"
"8566","충청북도 청주시 흥덕구 복대동","3381","3381","0000","두산위브지웰시티2차","월세","80.1350","202510","24","3,000","200","31","2015","대농로 55","202511~202711","신규","-","","","아파트"
"8567","충청북도 청주시 흥덕구 비하동","824","0824","0000","서청주파크자이","전세","74.3861","202510","24","35,000","0","2","2019","2순환로 1106","202512~202712","신규","-","","","아파트"
"8568","충청북도 청주시 흥덕구 비하동","300","0300","0000","효성아파트","전세","59.9000","202510","24","11,000","0","5","1995","2순환로1050번길 39","202511~202711","신규","-","","","아파트"
"8569","충청북도 청주시 흥덕구 비하동","300","0300","0000","효성아파트","월세","45.3200","202510","24","500","60","10","1995","2순환로1050번길 13-14","202511~202610","신규","-","","","아파트"
"8570","충청북도 청주시 서원구 수곡동","324","0324","0000","주공1","전세","46.6800","202510","24","6,000","0","5","1990","매봉로 101","-","-","-","","","아파트"
"8571","충청북도 청주시 서원구 수곡동","348","0348","0000","산남주공3","월세","59.2800","202510","24","5,000","35","3","1991","매봉로 64","202511~202711","신규","-","","","아파트"
"8572","충청북도 청주시 서원구 수곡동","324","0324","0000","주공1","전세","39.6900","202510","24","5,000","0","2","1990","구룡산로 319","202511~202711","신규","-","","","아파트"
"8573","충청북도 청주시 흥덕구 강서동","459","0459","0000","신해블루지움","월세","27.7500","202510","24","1,000","70","26","2017","2순환로 1222","202511~202611","신규","-","","","아파트"
"8574","충청북도 청주시 흥덕구 강서동","522","0522","0000","레지던스마리2","전세","49.6600","202510","24","9,000","0","4","2013","서현동로 16-1","202511~202711","신규","-","","","아파트"
"8575","충청북도 청주시 흥덕구 강서동","472","0472","0000","우양센트럴","월세","22.4640","202510","24","300","47","26","2016","가로수로1164번길 41-44","202510~202610","신규","-","","","아파트"
"8576","충청북도 청주시 흥덕구 강서동","522","0522","0000","레지던스마리2","전세","49.6600","202510","24","9,000","0","7","2013","서현동로 16-1","202510~202710","신규","-","","","아파트"
"8577","충청북도 청주시 흥덕구 강서동","472","0472","0000","우양센트럴","월세","28.8684","202510","24","5,000","22","6","2016","가로수로1164번길 41-44","202512~202711","갱신","사용","5,000","20","아파트"
"8578","충청북도 청주시 서원구 분평동","1211","1211","0000","분평1단지뜨란채","전세","59.4500","202510","24","12,000","0","14","2000","월평로 25","202512~202806","신규","-","","","아파트"
"8579","충청북도 청주시 흥덕구 가경동","1190","1190","0000","세원2차","월세","59.9400","202510","24","2,000","60","8","1992","풍산로89번길 31","202511~202711","신규","-","","","아파트"
"8580","충청북도 청주시 흥덕구 가경동","2276","2276","0000","청주가경아이파크3단지","전세","84.8400","202510","24","46,000","0","17","2021","서현로 62","202602~202802","신규","-","","","아파트"
"8581","충청북도 청주시 흥덕구 가경동","1514","1514","0000","삼일원앙","전세","59.9400","202510","24","13,500","0","14","1997","가경로 100-20","202511~202711","신규","-","","","아파트"
"8582","충청북도 청주시 서원구 성화동","708","0708","0000","성화휴먼시아4단지","월세","36.9000","202510","24","3,029","7","3","2010","장전로 11","202510~202708","신규","-","","","아파트"
"8583","충청북도 청주시 서원구 분평동","1360","1360","0000","분평주공5단지아파트","월세","49.7700","202510","24","1,000","50","9","1998","분평로 88-1","202511~202711","신규","-","","","아파트"
"8584","충청북도 청주시 서원구 개신동","613","0613","0000","휴먼시아","전세","49.9300","202510","24","12,500","0","19","2001","경신로 67","202510~202710","갱신","-","11,500","0","아파트"
"8585","충청북도 청주시 상당구 용암동","2082","2082","0000","소라","월세","59.4300","202510","24","1,000","55","2","1994","원봉로 21","202512~202712","신규","-","","","아파트"
"8586","충청북도 청주시 상당구 용암동","3604","3604","0000","동남힐데스하임","전세","84.8429","202510","24","35,000","0","25","2020","월운로 116","202601~202801","신규","-","","","아파트"
"8587","충청북도 청주시 청원구 오창읍 주성리","564","0564","0000","사랑으로부영7단지","전세","57.7554","202510","24","12,357","0","5","2014","2산단4로 60","202512~202612","갱신","-","12,199","0","아파트"
"8588","충청북도 청주시 흥덕구 오송읍 연제리","731","0731","0000","오송상록롯데캐슬","전세","84.9330","202510","24","26,000","0","24","2010","오송생명5로 202","202510~202712","갱신","-","26,000","0","아파트"
"8589","충청북도 청주시 청원구 오창읍 주성리","561","0561","0000","충북오창사랑으로부영8단지","전세","82.8216","202510","24","16,542","0","9","2015","2산단로 151","202511~202611","갱신","-","16,542","0","아파트"
"8590","충청북도 청주시 청원구 오창읍 주성리","564","0564","0000","사랑으로부영7단지","월세","57.7554","202510","24","5,587","28","7","2014","2산단4로 60","202512~202612","신규","-","","","아파트"
"8591","충청북도 청주시 청원구 오창읍 주성리","567","0567","0000","충북오창사랑으로부영5단지","월세","82.8216","202510","24","8,538","33","2","2015","2산단4로 20","202511~202611","갱신","-","8,538","33","아파트"
"8592","충청북도 청주시 청원구 오창읍 주성리","569","0569","0000","충북오창사랑으로부영6단지","전세","57.7554","202510","24","12,567","0","5","2014","2산단로 125","202511~202611","갱신","-","12,382","0","아파트"
"8593","충청북도 진천군 덕산읍 두촌리","3147","3147","0000","우미린스테이","월세","84.4362","202510","24","11,960","19","21","2018","대하로 150","202511~202711","신규","-","","","아파트"
"8594","충청북도 제천시 하소동","353","0353","0000","주공2","월세","39.6000","202510","24","500","45","7","1995","하소로 88","202511~202711","신규","-","","","아파트"
"8595","충청북도 제천시 하소동","139","0139","0000","청구","월세","59.8100","202510","24","1,000","70","13","2002","용두대로15길 47","202511~202610","신규","-","","","아파트"
"8596","충청북도 충주시 호암동","1066","1066","0000","충주호암1단지","월세","37.4500","202510","24","4,145","10","19","2020","호암수청2로 56","202511~202710","갱신","-","4,071","9","아파트"
"8597","충청북도 증평군 증평읍 창동리","110","0110","0000","태양맨션","전세","43.4600","202510","24","3,000","0","5","1988","중앙로 193-6","202511~202711","신규","-","","","아파트"
"8598","충청북도 충주시 대소원면 본리","642","0642","0000","충주지웰","전세","59.0907","202510","24","10,000","0","9","2016","첨단산업2로 42","202511~202711","신규","-","","","아파트"
"8599","충청북도 증평군 증평읍 미암리","1073","1073","0000","증평코아루휴티스","월세","59.7169","202510","24","4,000","67","12","2021","미암로 59","202511~202801","신규","-","","","아파트"
"8600","충청북도 청주시 흥덕구 송절동","850","0850","0000","테크노폴리스우미린","월세","84.9361","202510","24","3,000","130","9","2018","송화로214번길 29","202512~202802","신규","-","","","아파트"
"8601","충청북도 청주시 흥덕구 송절동","851","0851","0000","청주테크노폴리스푸르지오","전세","84.9950","202510","24","38,000","0","16","2018","송화로214번길 7","202601~202801","신규","-","","","아파트"
"8602","충청북도 청주시 흥덕구 송절동","850","0850","0000","테크노폴리스우미린","전세","84.9361","202510","24","35,000","0","1","2018","송화로214번길 29","202601~202802","신규","-","","","아파트"
"8603","충청북도 진천군 덕산읍 두촌리","3147","3147","0000","우미린스테이","월세","70.5634","202510","24","10,240","16","4","2018","대하로 150","202512~202712","갱신","-","10,240","14","아파트"
"8604","충청북도 진천군 덕산읍 두촌리","2456","2456","0000","영무예다음2차","전세","84.9095","202510","24","24,000","0","5","2016","대하로 195","202511~202711","신규","-","","","아파트"
"8605","충청북도 진천군 덕산읍 두촌리","3147","3147","0000","우미린스테이","월세","78.2298","202510","24","11,500","17","6","2018","대하로 150","202512~202712","갱신","-","11,500","16","아파트"
"8606","충청북도 충주시 중앙탑면 용전리","721","0721","0000","충주시티자이","월세","59.9959","202510","24","1,000","60","9","2017","원앙4길 51","202510~202710","신규","-","","","아파트"
"8607","충청북도 진천군 진천읍 교성리","466","0466","0000","진천풍림아이원트리니움","월세","59.9900","202510","24","1,000","50","6","2025","대학로 36","202510~202710","신규","-","","","아파트"
"8608","충청북도 진천군 진천읍 교성리","466","0466","0000","진천풍림아이원트리니움","전세","59.9900","202510","24","10,000","0","11","2025","대학로 36","202512~202712","신규","-","","","아파트"
"8609","충청북도 진천군 진천읍 교성리","466","0466","0000","진천풍림아이원트리니움","월세","59.9900","202510","24","1,000","50","7","2025","대학로 36","202511~202711","신규","-","","","아파트"
"8610","충청북도 충주시 중앙탑면 용전리","661","0661","0000","e편한세상충주","월세","59.8841","202510","24","1,000","60","3","2017","원앙9길 15","202512~202711","신규","-","","","아파트"
"8611","충청북도 제천시 신백동","110","0110","0000","덕일한마음1","전세","51.0300","202510","24","7,000","0","4","1996","탑안로4길 11","202510~202710","신규","-","","","아파트"
"8612","충청북도 충주시 연수동","701-9","0701","0009","연수부강","월세","59.4900","202510","24","500","40","13","1995","후곡길 19","202510~202704","신규","-","","","아파트"
"8613","충청북도 충주시 연수동","700-4","0700","0004","두진3차아파트","전세","49.8800","202510","24","8,000","0","2","1996","연수로 20","202511~202711","신규","-","","","아파트"
"8614","충청북도 충주시 연수동","700","0700","0000","두진1차","월세","47.3700","202510","24","500","40","5","1991","연수로 7","202510~202710","신규","-","","","아파트"
"8615","충청북도 충주시 연수동","686","0686","0000","연수주공4차,5차","월세","59.7100","202510","24","1,000","50","10","1997","예성로 401","202511~202711","신규","-","","","아파트"
"8616","충청북도 음성군 맹동면 동성리","228","0228","0000","천년나무1단지","월세","36.7900","202510","24","2,531","9","17","2015","이수로 31","202601~202712","갱신","-","808","15","아파트"
"8617","충청북도 충주시 주덕읍 화곡리","1111","1111","0000","서충주푸르지오더퍼스트","월세","84.1391","202510","24","1,000","85","31","2025","화개1길 74","202511~202711","신규","-","","","아파트"
"8618","충청북도 진천군 진천읍 장관리","884","0884","0000","진천장관사랑으로부영1차","월세","59.9605","202510","24","2,163","31","1","2013","장관2길 139","202511~202611","신규","-","","","아파트"
"8619","충청북도 진천군 진천읍 장관리","884","0884","0000","진천장관사랑으로부영1차","전세","59.9605","202510","24","9,740","0","18","2013","장관2길 139","202510~202610","신규","-","","","아파트"
"8620","충청북도 청주시 청원구 율량동","1204","1204","0000","성원","전세","59.7000","202510","24","14,500","0","10","1995","사뜸로76번길 42","202603~202803","신규","-","","","아파트"
"8621","충청북도 청주시 청원구 율량동","1204","1204","0000","성원","전세","59.7000","202510","24","14,500","0","10","1995","사뜸로76번길 42","202602~202802","신규","-","","","아파트"
"8622","충청북도 청주시 청원구 율량동","1144","1144","0000","한울아파트301동","전세","30.3300","202510","24","4,000","0","10","1998","주성로96번길 12","202512~202712","신규","-","","","아파트"
"8623","충청북도 청주시 흥덕구 오송읍 봉산리","1531","1531","0000","오송역대광로제비앙그랜드센텀","전세","84.9924","202510","24","25,500","0","4","2024","오송생명14로 283","202510~202710","신규","-","","","아파트"
"8624","충청북도 충주시 호암동","1066","1066","0000","충주호암1단지","월세","37.4500","202510","24","1,645","22","15","2020","호암수청2로 56","202511~202710","갱신","-","1,571","21","아파트"
"8625","충청북도 충주시 목행동","886","0886","0000","한라비발디","월세","84.9940","202510","23","2,000","80","14","2007","목행산단4로 13","202512~202712","신규","-","","","아파트"
"8626","충청북도 제천시 장락동","1050","1050","0000","신안실크밸리","월세","63.6102","202510","23","2,000","100","7","2017","내토로59길 31","202511~202711","신규","-","","","아파트"
"8627","충청북도 충주시 호암동","1066","1066","0000","충주호암1단지","월세","46.3300","202510","23","4,533","19","11","2020","호암수청2로 56","202511~202710","갱신","-","4,419","17","아파트"
"8628","충청북도 영동군 영동읍 부용리","891","0891","0000","영동수푸름아파트","전세","83.7917","202510","23","21,000","0","1","2025","학산영동로 1125-2","202510~203509","신규","-","","","아파트"
"8629","충청북도 제천시 장락동","1026","1026","0000","장락주공2단지","월세","49.9600","202510","23","500","45","1","1999","죽하로 48","202511~202711","신규","-","","","아파트"
"8630","충청북도 충주시 목행동","896","0896","0000","영무예다음1차","전세","84.6956","202510","23","18,762","0","16","2018","행정2길 6","202512~202611","신규","-","","","아파트"
"8631","충청북도 제천시 장락동","1058","1058","0000","장락엘크루힐즈","월세","76.8100","202510","23","2,000","100","7","2018","내제로 339","202511~202711","신규","-","","","아파트"
"8632","충청북도 음성군 대소면 태생리","765","0765","0000","대소웰메이드타운","전세","84.8890","202510","23","5,000","0","3","2018","대화1길 44-8","-","-","-","","","아파트"
"8633","충청북도 충주시 연수동","930","0930","0000","세원","월세","59.5200","202510","23","500","50","6","1991","번영대로 120","202510~202710","신규","-","","","아파트"
"8634","충청북도 증평군 증평읍 송산리","820","0820","0000","증평송산엘에이치천년나무3단지","월세","46.7600","202510","23","825","27","10","2016","송산로4길 14","202510~202712","갱신","-","2,225","23","아파트"
"8635","충청북도 증평군 증평읍 송산리","717","0717","0000","증평송산휴먼시아2단지","월세","46.9900","202510","23","1,736","14","5","2010","송산로 53","202510~202712","신규","-","","","아파트"
"8636","충청북도 증평군 증평읍 송산리","720","0720","0000","증평송산1단지휴먼시아","월세","46.9000","202510","23","1,790","15","5","2011","송산로 35","202510~202712","신규","-","","","아파트"
"8637","충청북도 충주시 연수동","1227","1227","0000","연수주공1차","월세","46.9900","202510","23","500","53","1","1991","예성로 360","202510~202610","신규","-","","","아파트"
"8638","충청북도 진천군 진천읍 교성리","616","0616","0000","진천1차대명루첸","전세","73.7019","202510","23","16,000","0","2","2016","문화2길 36","202511~202804","신규","-","","","아파트"
"8639","충청북도 충주시 호암동","152","0152","0000","부강아파트","월세","27.1800","202510","23","463","7","2","1995","호암중앙2로 31","202510~202711","신규","-","","","아파트"
"8640","충청북도 진천군 진천읍 교성리","466","0466","0000","진천풍림아이원트리니움","월세","59.9900","202510","23","1,000","50","7","2025","대학로 36","202511~202711","신규","-","","","아파트"
"8641","충청북도 청주시 흥덕구 오송읍 봉산리","1530","1530","0000","오송역서한이다음노블리스","전세","150.6402","202510","23","38,000","0","2","2025","오송생명14로 217","202512~202712","신규","-","","","아파트"
"8642","충청북도 청주시 흥덕구 오송읍 봉산리","612-6","0612","0006","삼부청솔","월세","103.4700","202510","23","5,500","20","4","1996","가로수로 11-6","202512~202712","신규","-","","","아파트"
"8643","충청북도 청주시 청원구 율량동","1135","1135","0000","한울아파트302동","전세","45.3600","202510","23","7,500","0","12","1999","주성로96번길 8","202512~202712","신규","-","","","아파트"
"8644","충청북도 청주시 청원구 율량동","2605","2605","0000","율량금호어울림센트로","전세","84.9702","202510","23","37,000","0","17","2022","율천북로 91","202604~202804","신규","-","","","아파트"
"8645","충청북도 청주시 청원구 내덕동","853","0853","0000","율량서희스타힐스","월세","74.7085","202510","23","3,000","95","5","2016","충청대로84번길 30","202601~202801","신규","-","","","아파트"
"8646","충청북도 충주시 중앙탑면 용전리","656","0656","0000","미진이지비아","월세","59.9903","202510","23","1,500","55","11","2017","기업도시로 189","202511~202711","신규","-","","","아파트"
"8647","충청북도 청주시 흥덕구 강내면 탑연리","322-1","0322","0001","선광한빛","월세","31.6400","202510","23","300","30","3","1996","태성탑연로 391-34","202511~202610","신규","-","","","아파트"
"8648","충청북도 제천시 신월동","1474","1474","0000","제천자이더스카이","월세","84.9075","202510","23","3,000","120","26","2025","복합타운1길 22","202511~202711","신규","-","","","아파트"
"8649","충청북도 충주시 칠금동","1015","1015","0000","부영아파트(2차)","월세","50.4900","202510","23","1,000","48","15","1996","칠금중앙로 30","202511~202711","신규","-","","","아파트"
"8650","충청북도 충주시 주덕읍 화곡리","1111","1111","0000","서충주푸르지오더퍼스트","월세","74.2085","202510","23","2,000","70","18","2025","화개1길 74","202511~202711","신규","-","","","아파트"
"8651","충청북도 충주시 주덕읍 화곡리","1111","1111","0000","서충주푸르지오더퍼스트","월세","101.3536","202510","23","3,000","100","25","2025","화개1길 74","202601~202801","신규","-","","","아파트"
"8652","충청북도 청주시 서원구 남이면 척북리","74-7","0074","0007","삼포","월세","36.6200","202510","23","500","30","7","2000","저산척북로 636-10","202511~202611","신규","-","","","아파트"
"8653","충청북도 청주시 흥덕구 강서동","459","0459","0000","신해블루지움","월세","18.2800","202510","23","300","45","24","2017","2순환로 1222","202511~202610","갱신","-","300","43","아파트"
"8654","충청북도 청주시 흥덕구 강서동","482","0482","0000","강서베리굿2차","월세","26.3055","202510","23","500","45","8","2016","강서로 111","202510~202610","신규","-","","","아파트"
"8655","충청북도 청주시 흥덕구 비하동","300","0300","0000","효성아파트","월세","45.3200","202510","23","700","55","12","1995","2순환로1050번길 13-14","202511~202711","신규","-","","","아파트"
"8656","충청북도 청주시 서원구 모충동","553","0553","0000","청주모충LH트릴로채","전세","84.8800","202510","23","30,000","0","26","2021","쌍샘로 22","202602~202702","신규","-","","","아파트"
"8657","충청북도 청주시 서원구 모충동","553","0553","0000","청주모충LH트릴로채","전세","84.8800","202510","23","30,000","0","26","2021","쌍샘로 22","202601~202701","신규","-","","","아파트"
"8658","충청북도 청주시 흥덕구 복대동","3381","3381","0000","두산위브지웰시티2차","전세","80.1350","202510","23","40,000","0","4","2015","대농로 55","202512~202712","갱신","사용","40,000","0","아파트"
"8659","충청북도 청주시 서원구 개신동","590","0590","0000","그린빌","전세","84.8600","202510","23","23,400","0","17","2003","신율로 43","202511~202711","갱신","사용","23,500","0","아파트"
"8660","충청북도 청주시 서원구 개신동","613","0613","0000","휴먼시아","월세","49.9300","202510","23","12,500","5","11","2001","경신로 67","202511~202712","갱신","사용","13,000","0","아파트"
"8661","충청북도 청주시 서원구 개신동","590","0590","0000","그린빌","전세","84.8600","202510","23","23,400","0","17","2003","신율로 43","202511~202711","갱신","사용","23,500","0","아파트"
"8662","충청북도 청주시 서원구 개신동","590","0590","0000","그린빌","전세","84.8600","202510","23","23,000","0","17","2003","신율로 43","202511~202711","갱신","사용","23,500","0","아파트"
"8663","충청북도 청주시 서원구 개신동","613","0613","0000","휴먼시아","월세","49.9300","202510","23","1,000","55","1","2001","경신로 67","202511~202711","신규","-","","","아파트"
"8664","충청북도 청주시 흥덕구 신봉동","529","0529","0000","한성","전세","54.6300","202510","23","5,900","0","5","1988","1순환로 451","-","-","-","","","아파트"
"8665","충청북도 청주시 흥덕구 신봉동","310","0310","0000","삼정백조","전세","59.9400","202510","23","11,000","0","1","1995","1순환로513번길 33","202511~202711","신규","-","","","아파트"
"8666","충청북도 청주시 흥덕구 운천동","676","0676","0000","형석","전세","39.6900","202510","23","4,000","0","3","1987","사운로 283","202510~202710","신규","-","","","아파트"
"8667","충청북도 청주시 흥덕구 옥산면 가락리","953","0953","0000","흥덕코오롱하늘채아파트","월세","59.9318","202510","23","2,000","70","7","2016","가락길 60","202511~202711","신규","-","","","아파트"
"8668","충청북도 음성군 대소면 오류리","218-27","0218","0027","융보목련","월세","59.7550","202510","23","500","50","1","1995","대풍산단로 12-8","202511~202710","신규","-","","","아파트"
"8669","충청북도 청주시 서원구 수곡동","154","0154","0000","대림1","월세","65.2500","202510","23","2,000","50","2","1985","구룡산로 327","202510~202710","신규","-","","","아파트"
"8670","충청북도 청주시 서원구 수곡동","337","0337","0000","주공3","월세","41.3000","202510","23","300","35","12","1991","매봉로 82","202510~202610","신규","-","","","아파트"
"8671","충청북도 청주시 서원구 수곡동","1057","1057","0000","더샵청주퍼스트파크","전세","84.9722","202510","23","37,000","0","13","2021","수곡로 20","202510~202710","신규","-","","","아파트"
"8672","충청북도 청주시 서원구 분평동","1202","1202","0000","분평주공2","전세","59.9900","202510","23","13,000","0","15","1997","1순환로1137번길 129","202512~202712","갱신","사용","13,000","0","아파트"
"8673","충청북도 청주시 서원구 분평동","1202","1202","0000","분평주공2","전세","59.9900","202510","23","10,500","0","19","1997","1순환로1137번길 129","202511~202711","갱신","사용","10,500","0","아파트"
"8674","충청북도 청주시 서원구 분평동","1249","1249","0000","현대대우8단지","전세","181.6200","202510","23","33,500","0","2","1999","월평로 28","202511~202711","갱신","-","32,000","0","아파트"
"8675","충청북도 청주시 서원구 분평동","1261","1261","0000","주공4단지2차","전세","49.7700","202510","23","9,450","0","5","1998","1순환로1137번길 80","202510~202710","갱신","-","9,450","0","아파트"
"8676","충청북도 청주시 흥덕구 오송읍 연제리","740","0740","0000","오송대원칸타빌","전세","84.9922","202510","23","24,000","0","6","2011","연제만수길 17","202511~202711","신규","-","","","아파트"
"8677","충청북도 청주시 청원구 오창읍 각리","645-1","0645","0001","코아루","전세","84.9696","202510","23","25,000","0","8","2006","오창중앙로 27","202512~202712","신규","-","","","아파트"
"8678","충청북도 청주시 상당구 용암동","3145","3145","0000","청주동남1단지","월세","37.7800","202510","23","3,756","9","13","2020","호미로 137","202512~202711","갱신","-","1,868","18","아파트"
"8679","충청북도 청주시 상당구 용암동","3145","3145","0000","청주동남1단지","월세","37.7800","202510","23","4,231","11","14","2020","호미로 137","202512~202711","갱신","-","1,850","18","아파트"
"8680","충청북도 청주시 상당구 용암동","2108","2108","0000","청주용암주공1단지아파트(해누리)","월세","49.8000","202510","23","1,000","50","9","1994","원봉로 52","202511~202711","신규","-","","","아파트"
"8681","충청북도 청주시 상당구 용암동","2082","2082","0000","소라","월세","59.4300","202510","23","1,000","45","13","1994","원봉로 21","202511~202711","신규","-","","","아파트"
"8682","충청북도 청주시 청원구 오창읍 주성리","564","0564","0000","사랑으로부영7단지","전세","57.7554","202510","23","12,357","0","16","2014","2산단4로 60","202511~202611","갱신","-","12,199","0","아파트"
"8683","충청북도 청주시 청원구 오창읍 주성리","561","0561","0000","충북오창사랑으로부영8단지","전세","82.8216","202510","23","16,542","0","13","2015","2산단로 151","202511~202610","갱신","-","16,542","0","아파트"
"8684","충청북도 청주시 청원구 오창읍 주성리","561","0561","0000","충북오창사랑으로부영8단지","월세","82.8216","202510","23","5,283","45","2","2015","2산단로 151","202511~202611","갱신","-","5,283","45","아파트"
"8685","충청북도 청주시 청원구 오창읍 주성리","567","0567","0000","충북오창사랑으로부영5단지","전세","82.8216","202510","23","16,542","0","19","2015","2산단4로 20","202510~202610","갱신","-","16,542","0","아파트"
"8686","충청북도 청주시 청원구 오창읍 주성리","569","0569","0000","충북오창사랑으로부영6단지","월세","57.7554","202510","23","3,278","39","10","2014","2산단로 125","202511~202610","갱신","-","3,230","39","아파트"
"8687","충청북도 청주시 상당구 용암동","3145","3145","0000","청주동남1단지","월세","26.5800","202510","23","2,197","9","12","2020","호미로 137","202512~202711","신규","-","","","아파트"
"8688","충청북도 청주시 청원구 오창읍 주성리","561","0561","0000","충북오창사랑으로부영8단지","전세","82.7462","202510","23","14,887","0","8","2015","2산단로 151","202511~202610","갱신","-","14,887","0","아파트"
"8689","충청북도 청주시 상당구 용암동","2915","2915","0000","강변뜨란채","전세","84.7800","202510","22","18,000","0","1","2005","무심동로 86","202512~202712","신규","-","","","아파트"
"8690","충청북도 청주시 상당구 영운동","204","0204","0000","삼일","월세","59.1000","202510","22","1,000","50","6","1992","수영로 136","202511~202711","신규","-","","","아파트"
"8691","충청북도 청주시 상당구 용암동","2108","2108","0000","청주용암주공1단지아파트(해누리)","전세","49.8000","202510","22","8,800","0","12","1994","원봉로 52","202511~202602","갱신","-","8,800","0","아파트"
"8692","충청북도 청주시 상당구 용암동","3145","3145","0000","청주동남1단지","월세","26.5800","202510","22","1,823","7","17","2020","호미로 137","202512~202711","갱신","-","882","12","아파트"
"8693","충청북도 청주시 상당구 용암동","3145","3145","0000","청주동남1단지","월세","46.8300","202510","22","4,106","20","17","2020","호미로 137","202512~202711","갱신","-","2,966","24","아파트"
"8694","충청북도 청주시 청원구 오창읍 주성리","569","0569","0000","충북오창사랑으로부영6단지","월세","57.7554","202510","22","5,682","29","16","2014","2산단로 125","202512~202612","신규","-","","","아파트"
"8695","충청북도 청주시 청원구 오창읍 주성리","569","0569","0000","충북오창사랑으로부영6단지","전세","57.7554","202510","22","12,567","0","11","2014","2산단로 125","202511~202611","갱신","-","12,382","0","아파트"
"8696","충청북도 청주시 청원구 오창읍 각리","646-6","0646","0006","이안오창","월세","84.8307","202510","22","2,000","100","10","2006","오창중앙로 83","202511~202711","신규","-","","","아파트"
"8697","충청북도 청주시 청원구 오창읍 각리","638-1","0638","0001","우림필유1차","월세","59.8600","202510","22","1,000","90","9","2006","오창중앙로 13","202512~202711","신규","-","","","아파트"
"8698","충청북도 청주시 청원구 오창읍 주성리","564","0564","0000","사랑으로부영7단지","월세","57.7554","202510","22","5,587","28","13","2014","2산단4로 60","202511~202611","갱신","-","0","28","아파트"
"8699","충청북도 청주시 청원구 오창읍 주성리","569","0569","0000","충북오창사랑으로부영6단지","월세","57.7554","202510","22","5,682","29","17","2014","2산단로 125","202511~202611","신규","-","","","아파트"
"8700","충청북도 청주시 청원구 오창읍 주성리","569","0569","0000","충북오창사랑으로부영6단지","월세","57.7554","202510","22","5,682","29","13","2014","2산단로 125","202511~202611","신규","-","","","아파트"
"8701","충청북도 청주시 청원구 오창읍 주성리","561","0561","0000","충북오창사랑으로부영8단지","전세","82.8216","202510","22","16,542","0","7","2015","2산단로 151","202511~202611","갱신","-","16,542","0","아파트"
"8702","충청북도 청주시 청원구 오창읍 주성리","564","0564","0000","사랑으로부영7단지","전세","57.7554","202510","22","12,357","0","11","2014","2산단4로 60","202511~202611","신규","-","","","아파트"
"8703","충청북도 청주시 흥덕구 오송읍 연제리","731","0731","0000","오송상록롯데캐슬","월세","84.9490","202510","22","2,000","100","13","2010","오송생명5로 202","202511~202711","신규","-","","","아파트"
"8704","충청북도 청주시 청원구 오창읍 주성리","569","0569","0000","충북오창사랑으로부영6단지","월세","57.7554","202510","22","5,682","29","5","2014","2산단로 125","202512~202611","신규","-","","","아파트"
"8705","충청북도 청주시 청원구 오창읍 주성리","567","0567","0000","충북오창사랑으로부영5단지","전세","82.8216","202510","22","16,542","0","19","2015","2산단4로 20","202512~202612","신규","-","","","아파트"
"8706","충청북도 청주시 흥덕구 오송읍 만수리","549-1","0549","0001","청원오송휴먼시아1단지","월세","51.9300","202510","22","2,634","21","11","2008","오송가락로 235","202510~202711","신규","-","","","아파트"
"8707","충청북도 청주시 상당구 금천동","103-2","0103","0002","장미","월세","61.8300","202510","22","1,000","40","3","1990","꽃산서로8번길 16","202511~202711","신규","-","","","아파트"
"8708","충청북도 청주시 상당구 금천동","199-1","0199","0001","현대","전세","127.2200","202510","22","11,000","0","10","1992","중고개로337번길 23","202510~202710","갱신","-","50","0","아파트"
"8709","충청북도 청주시 상당구 금천동","77-7","0077","0007","뉴타운","전세","84.9000","202510","22","12,000","0","2","1993","꽃산동로 41","202512~202712","갱신","-","9,450","0","아파트"
"8710","충청북도 청주시 상당구 금천동","77-7","0077","0007","뉴타운","전세","84.9000","202510","22","12,000","0","2","1993","꽃산동로 41","202512~202712","신규","-","","","아파트"
"8711","충청북도 진천군 덕산읍 두촌리","3147","3147","0000","우미린스테이","월세","78.2298","202510","22","10,240","17","21","2018","대하로 150","202512~202712","갱신","-","10,240","15","아파트"
"8712","충청북도 진천군 덕산읍 두촌리","3145","3145","0000","충북혁신도시동일하이빌파크테라스","전세","84.9900","202510","22","30,000","0","13","2024","대하로 194","202511~202711","신규","-","","","아파트"
"8713","충청북도 진천군 덕산읍 두촌리","3147","3147","0000","우미린스테이","월세","78.2298","202510","22","11,500","19","21","2018","대하로 150","202512~202712","갱신","-","11,500","17","아파트"
"8714","충청북도 충주시 칠금동","1015","1015","0000","부영아파트(2차)","월세","50.4900","202510","22","500","50","1","1996","칠금중앙로 30","202510~202610","신규","-","","","아파트"
"8715","충청북도 충주시 연수동","700","0700","0000","두진2차","월세","84.9500","202510","22","2,000","65","9","1992","연수로 7","202512~202712","신규","-","","","아파트"
"8716","충청북도 충주시 연수동","464-3","0464","0003","낙원","월세","44.1300","202510","22","500","40","7","1994","동수11길 24","202510~202710","신규","-","","","아파트"
"8717","충청북도 충주시 연수동","503-93","0503","0093","한양B동","월세","53.5800","202510","22","500","40","3","1991","동수10길 30","202511~202710","신규","-","","","아파트"
"8718","충청북도 충주시 연수동","1227","1227","0000","연수주공1차","월세","39.6900","202510","22","300","35","3","1990","예성로 353","202511~202710","신규","-","","","아파트"
"8719","충청북도 제천시 장락동","1050","1050","0000","신안실크밸리","월세","64.5709","202510","22","2,000","80","6","2017","내토로59길 31","202510~202710","신규","-","","","아파트"
"8720","충청북도 제천시 장락동","1050","1050","0000","신안실크밸리","전세","60.6993","202510","22","21,000","0","34","2017","내토로59길 31","202512~202712","갱신","-","21,000","0","아파트"
"8721","충청북도 제천시 장락동","1050","1050","0000","신안실크밸리","전세","60.6993","202510","22","21,000","0","34","2017","내토로59길 31","202512~202712","신규","-","","","아파트"
"8722","충청북도 음성군 맹동면 동성리","246","0246","0000","엘에이치이노밸리","전세","74.4200","202510","22","15,000","0","16","2014","학예로 55","202511~202711","신규","-","","","아파트"
"8723","충청북도 충주시 칠금동","626","0626","0000","삼일","전세","78.0900","202510","22","14,800","0","15","1996","금릉로 17","202511~202711","신규","-","","","아파트"
"8724","충청북도 증평군 증평읍 송산리","717","0717","0000","증평송산휴먼시아2단지","월세","46.9900","202510","22","1,736","14","11","2010","송산로 53","202510~202712","신규","-","","","아파트"
"8725","충청북도 증평군 증평읍 송산리","820","0820","0000","증평송산엘에이치천년나무3단지","월세","36.8400","202510","22","1,030","17","3","2016","송산로4길 14","202510~202712","신규","-","","","아파트"
"8726","충청북도 증평군 증평읍 송산리","720","0720","0000","증평송산1단지휴먼시아","월세","33.3900","202510","22","960","9","5","2011","송산로 35","202510~202712","신규","-","","","아파트"
"8727","충청북도 증평군 증평읍 송산리","820","0820","0000","증평송산엘에이치천년나무3단지","월세","46.7600","202510","22","2,225","23","12","2016","송산로4길 14","202510~202712","신규","-","","","아파트"
"8728","충청북도 증평군 증평읍 송산리","717","0717","0000","증평송산휴먼시아2단지","월세","46.9900","202510","22","1,736","14","12","2010","송산로 53","-","-","-","","","아파트"
"8729","충청북도 괴산군 괴산읍 대사리","177-1","0177","0001","두진백로","월세","39.8000","202510","22","1,000","25","8","1998","읍내로 111-1","202510~202710","신규","-","","","아파트"
"8730","충청북도 증평군 증평읍 송산리","722","0722","0000","증평송산LH5단지","월세","37.2800","202510","22","1,530","23","8","2022","송산로 30","202510~202712","신규","-","","","아파트"
"8731","충청북도 증평군 증평읍 송산리","722","0722","0000","증평송산LH5단지","월세","46.2100","202510","22","2,408","31","12","2022","송산로 30","202510~202712","신규","-","","","아파트"
"8732","충청북도 증평군 증평읍 송산리","720","0720","0000","증평송산1단지휴먼시아","월세","46.9000","202510","22","1,790","15","7","2011","송산로 35","202510~202712","신규","-","","","아파트"
"8733","충청북도 증평군 증평읍 송산리","722","0722","0000","증평송산LH5단지","월세","37.2800","202510","22","1,530","23","3","2022","송산로 30","202510~202712","신규","-","","","아파트"
"8734","충청북도 증평군 증평읍 송산리","722","0722","0000","증평송산LH5단지","월세","46.2100","202510","22","2,408","31","20","2022","송산로 30","202510~202712","신규","-","","","아파트"
"8735","충청북도 제천시 청전동","480-4","0480","0004","성한","월세","45.3600","202510","22","500","45","3","1991","명륜로2길 12","202510~202710","신규","-","","","아파트"
"8736","충청북도 증평군 증평읍 송산리","722","0722","0000","증평송산LH5단지","월세","46.2100","202510","22","2,408","31","15","2022","송산로 30","202510~202712","신규","-","","","아파트"
"8737","충청북도 증평군 증평읍 송산리","717","0717","0000","증평송산휴먼시아2단지","월세","39.8000","202510","22","1,202","11","14","2010","송산로 53","202510~202712","신규","-","","","아파트"
"8738","충청북도 증평군 증평읍 송산리","722","0722","0000","증평송산LH5단지","월세","37.2800","202510","22","1,530","23","18","2022","송산로 30","202510~202712","신규","-","","","아파트"
"8739","충청북도 증평군 증평읍 송산리","820","0820","0000","증평송산엘에이치천년나무3단지","월세","46.7600","202510","22","2,225","23","1","2016","송산로4길 14","202510~202712","신규","-","","","아파트"
"8740","충청북도 증평군 증평읍 송산리","722","0722","0000","증평송산LH5단지","월세","37.2800","202510","22","1,530","23","7","2022","송산로 30","202510~202712","신규","-","","","아파트"
"8741","충청북도 증평군 증평읍 송산리","717","0717","0000","증평송산휴먼시아2단지","월세","46.9900","202510","22","1,736","14","7","2010","송산로 53","202510~202712","신규","-","","","아파트"
"8742","충청북도 청주시 흥덕구 오송읍 봉산리","798","0798","0000","오송역파라곤센트럴시티","월세","59.9800","202510","22","2,000","100","22","2023","오송생명7로 151","202511~202811","신규","-","","","아파트"
"8743","충청북도 청주시 흥덕구 오송읍 봉산리","1530","1530","0000","오송역서한이다음노블리스","전세","150.6402","202510","22","41,000","0","25","2025","오송생명14로 217","202510~202710","신규","-","","","아파트"
"8744","충청북도 진천군 진천읍 장관리","884","0884","0000","진천장관사랑으로부영1차","전세","59.9605","202510","22","10,000","0","4","2013","장관2길 139","202511~202711","신규","-","","","아파트"
"8745","충청북도 증평군 증평읍 송산리","820","0820","0000","증평송산엘에이치천년나무3단지","월세","36.8400","202510","22","1,030","17","7","2016","송산로4길 14","202510~202712","신규","-","","","아파트"
"8746","충청북도 증평군 증평읍 송산리","820","0820","0000","증평송산엘에이치천년나무3단지","월세","36.8400","202510","22","2,730","8","12","2016","송산로4길 14","-","-","-","","","아파트"
"8747","충청북도 증평군 증평읍 송산리","722","0722","0000","증평송산LH5단지","월세","29.3900","202510","22","892","18","9","2022","송산로 30","202510~202712","신규","-","","","아파트"
"8748","충청북도 증평군 증평읍 송산리","820","0820","0000","증평송산엘에이치천년나무3단지","월세","36.8400","202510","22","1,030","17","12","2016","송산로4길 14","202510~202712","신규","-","","","아파트"
"8749","충청북도 증평군 증평읍 송산리","722","0722","0000","증평송산LH5단지","월세","46.2100","202510","22","2,408","31","23","2022","송산로 30","202510~202712","신규","-","","","아파트"
"8750","충청북도 증평군 증평읍 송산리","820","0820","0000","증평송산엘에이치천년나무3단지","월세","36.8400","202510","22","1,030","17","3","2016","송산로4길 14","202510~202712","신규","-","","","아파트"
"8751","충청북도 청주시 청원구 내덕동","141","0141","0000","영우예인촌","월세","30.3100","202510","22","300","40","13","1997","안덕벌로69번길 50","202511~202710","신규","-","","","아파트"
"8752","충청북도 청주시 청원구 율량동","861","0861","0000","두진백로그린타운","월세","32.7600","202510","22","500","40","1","1996","율봉로201번길 34","202511~202711","신규","-","","","아파트"
"8753","충청북도 충주시 칠금동","821","0821","0000","부영(1차)","월세","50.4900","202510","22","1,200","35","14","1996","금릉로 46","202510~202710","신규","-","","","아파트"
"8754","충청북도 제천시 신백동","201-1","0201","0001","화성(1~8동)","월세","44.6400","202510","22","500","35","2","1988","신백로14길 13","202512~202712","신규","-","","","아파트"
"8755","충청북도 충주시 칠금동","1015","1015","0000","부영아파트(2차)","월세","50.4900","202510","22","500","50","1","1996","칠금중앙로 30","202510~202610","신규","-","","","아파트"
"8756","충청북도 진천군 진천읍 교성리","466","0466","0000","진천풍림아이원트리니움","월세","74.9600","202510","22","1,000","80","3","2025","대학로 36","202512~202712","신규","-","","","아파트"
"8757","충청북도 충주시 중앙탑면 용전리","721","0721","0000","충주시티자이","전세","59.8977","202510","22","15,000","0","15","2017","원앙4길 51","202511~202711","신규","-","","","아파트"
"8758","충청북도 충주시 중앙탑면 용전리","661","0661","0000","e편한세상충주","월세","59.8841","202510","22","1,000","65","4","2017","원앙9길 15","202512~202712","신규","-","","","아파트"
"8759","충청북도 충주시 중앙탑면 용전리","661","0661","0000","e편한세상충주","전세","59.8841","202510","22","16,000","0","14","2017","원앙9길 15","202511~202711","갱신","사용","17,000","0","아파트"
"8760","충청북도 증평군 증평읍 송산리","820","0820","0000","증평송산엘에이치천년나무3단지","월세","46.7600","202510","22","2,225","23","10","2016","송산로4길 14","202510~202712","신규","-","","","아파트"
"8761","충청북도 청주시 서원구 개신동","708","0708","0000","라임스토리","월세","23.1800","202510","22","300","35","2","2012","복대로17번길 23","202510~202610","신규","-","","","아파트"
"8762","충청북도 청주시 흥덕구 옥산면 오산리","589-1","0589","0001","옥산금정","월세","31.0500","202510","22","200","30","13","1997","오송가락로 760","202510~202610","신규","-","","","아파트"
"8763","충청북도 청주시 흥덕구 복대동","2009","2009","0000","세원","월세","84.8900","202510","22","4,000","50","1","1990","장구봉로101번길 45","202511~202711","신규","-","","","아파트"
"8764","충청북도 청주시 서원구 개신동","443","0443","0000","두진백로","월세","84.9300","202510","22","1,000","70","11","1993","모충로 38","202512~202712","신규","-","","","아파트"
"8765","충청북도 청주시 서원구 산남동","1094","1094","0000","부영사랑으로","전세","59.9364","202510","22","18,900","0","9","2007","원흥로 14","202511~202711","신규","-","","","아파트"
"8766","충청북도 청주시 흥덕구 봉명동","1602","1602","0000","주공2","월세","53.8500","202510","22","500","40","2","1985","직지대로581번길 33-12","202510~202710","신규","-","","","아파트"
"8767","충청북도 청주시 흥덕구 옥산면 가락리","953","0953","0000","흥덕코오롱하늘채아파트","월세","59.9318","202510","22","1,000","75","1","2016","가락길 60","202510~202610","신규","-","","","아파트"
"8768","충청북도 청주시 흥덕구 복대동","3381","3381","0000","두산위브지웰시티2차","월세","80.0020","202510","22","3,000","190","8","2015","대농로 55","202511~202711","신규","-","","","아파트"
"8769","충청북도 청주시 흥덕구 복대동","2009","2009","0000","세원","월세","84.8900","202510","22","4,000","50","1","1990","장구봉로101번길 45","202511~202711","신규","-","","","아파트"
"8770","충청북도 청주시 흥덕구 복대동","3381","3381","0000","두산위브지웰시티2차","전세","80.4990","202510","22","40,950","0","41","2015","대농로 55","202512~202702","갱신","사용","39,000","0","아파트"
"8771","충청북도 청주시 흥덕구 강서동","458","0458","0000","청주강서동광모닝스카이","월세","27.6300","202510","22","1,000","60","19","2016","가로수로1164번길 41-33","202510~202610","신규","-","","","아파트"
"8772","충청북도 청주시 서원구 수곡동","231-2","0231","0002","선광한빛","월세","29.1600","202510","22","1,000","35","3","1998","매봉로60번길 18","202510~202710","신규","-","","","아파트"
"8773","충청북도 청주시 흥덕구 가경동","2220","2220","0000","청주가경IPARK1차","전세","72.5300","202510","22","40,000","0","26","2019","서현로 66","202601~202801","갱신","사용","40,000","0","아파트"
"8774","충청북도 청주시 흥덕구 가경동","1549","1549","0000","가경주공","월세","51.4900","202510","22","2,728","13","13","2002","경신로 9","202510~202711","갱신","-","2,028","18","아파트"
"8775","충청북도 청주시 서원구 분평동","275-1","0275","0001","대승스카이빌","월세","34.8899","202510","22","500","45","14","2001","안뜸로12번길 13","202512~202712","신규","-","","","아파트"
"8776","충청북도 청주시 서원구 모충동","516","0516","0000","주공2","전세","39.3000","202510","22","8,000","0","4","1989","모충로 61","202511~202711","신규","-","","","아파트"
"8777","충청북도 청주시 서원구 모충동","452","0452","0000","주공1","월세","38.5200","202510","22","500","40","4","1985","쌍샘로 81","202510~202710","신규","-","","","아파트"
"8778","충청북도 청주시 서원구 개신동","708","0708","0000","라임스토리","월세","23.1800","202510","22","300","30","2","2012","복대로17번길 23","202510~202701","신규","-","","","아파트"
"8779","충청북도 청주시 서원구 사창동","285-12","0285","0012","주성","전세","60.0300","202510","22","7,500","0","4","1977","1순환로 689","202511~202711","신규","-","","","아파트"
"8780","충청북도 청주시 서원구 개신동","613","0613","0000","휴먼시아","전세","49.9300","202510","22","12,500","0","18","2001","경신로 67","202511~202711","신규","-","","","아파트"
"8781","충청북도 청주시 흥덕구 비하동","300","0300","0000","효성아파트","전세","59.9000","202510","22","12,300","0","3","1995","2순환로1050번길 39","202511~202711","갱신","사용","12,400","0","아파트"
"8782","충청북도 음성군 대소면 성본리","807","0807","0000","음성우미린풀하우스","월세","84.8426","202510","22","4,000","40","5","2025","성본산단4로 40","202511~202711","신규","-","","","아파트"
"8783","충청북도 청주시 서원구 분평동","1202","1202","0000","분평주공2","전세","59.7100","202510","22","13,000","0","12","1997","1순환로1137번길 129","202511~202711","신규","-","","","아파트"
"8784","충청북도 청주시 서원구 수곡동","776","0776","0000","세원홍실","월세","138.8100","202510","22","2,000","100","3","1996","수곡로 88","202511~202711","신규","-","","","아파트"
"8785","충청북도 청주시 서원구 성화동","708","0708","0000","성화휴먼시아4단지","월세","46.9300","202510","21","4,739","10","10","2010","장전로 11","202512~202711","갱신","-","2,939","21","아파트"
"8786","충청북도 음성군 대소면 성본리","807","0807","0000","음성우미린풀하우스","월세","84.8937","202510","21","2,000","65","5","2025","성본산단4로 40","202511~202711","신규","-","","","아파트"
"8787","충청북도 음성군 대소면 성본리","818","0818","0000","음성푸르지오더퍼스트","전세","110.6227","202510","21","18,000","0","13","2024","성본산단4로 41","202601~202801","신규","-","","","아파트"
"8788","충청북도 청주시 흥덕구 가경동","1550","1550","0000","2단지주공","월세","59.9200","202510","21","1,000","65","2","2002","가경로 26","202511~202711","신규","-","","","아파트"
"8789","충청북도 청주시 흥덕구 가경동","2220","2220","0000","청주가경IPARK1차","전세","84.6900","202510","21","45,000","0","4","2019","서현로 66","202511~202711","신규","-","","","아파트"
"8790","충청북도 음성군 대소면 성본리","807","0807","0000","음성우미린풀하우스","전세","84.9957","202510","21","20,000","0","20","2025","성본산단4로 40","202511~202711","신규","-","","","아파트"
"8791","충청북도 청주시 흥덕구 봉명동","1857-1","1857","0001","리치먼드시티","전세","21.0286","202510","21","6,320","0","4","2023","직지대로 551","202512~202712","갱신","-","6,320","0","아파트"
"8792","충청북도 청주시 흥덕구 옥산면 가락리","953","0953","0000","흥덕코오롱하늘채아파트","월세","59.9318","202510","21","2,000","75","2","2016","가락길 60","202510~202710","신규","-","","","아파트"
"8793","충청북도 청주시 흥덕구 옥산면 가락리","981","0981","0000","청주리버파크자이","전세","84.9880","202510","21","25,000","0","4","2019","오송가락로 1056","202512~202712","신규","-","","","아파트"
"8794","충청북도 음성군 대소면 성본리","818","0818","0000","음성푸르지오더퍼스트","전세","84.8316","202510","21","16,000","0","4","2024","성본산단4로 41","202512~202712","신규","-","","","아파트"
"8795","충청북도 청주시 서원구 사직동","937","0937","0000","푸르지오캐슬(401~413)","전세","84.4000","202510","21","19,481","0","12","2010","창직로 50","202511~202711","갱신","-","18,554","0","아파트"
"8796","충청북도 청주시 흥덕구 강서동","459","0459","0000","신해블루지움","월세","18.2800","202510","21","300","45","20","2017","2순환로 1222","202510~202610","신규","-","","","아파트"
"8797","충청북도 청주시 서원구 사직동","937","0937","0000","푸르지오캐슬(401~413)","월세","84.4000","202510","21","13,636","18","12","2010","창직로 50","202511~202706","갱신","-","3,896","49","아파트"
"8798","충청북도 청주시 흥덕구 옥산면 오산리","590-1","0590","0001","아트빌","월세","39.9600","202510","21","500","40","3","1998","오송가락로 718","202511~202711","신규","-","","","아파트"
"8799","충청북도 청주시 서원구 사직동","937","0937","0000","푸르지오캐슬(401~413)","월세","84.4000","202510","21","13,636","18","5","2010","창직로 50","202511~202711","갱신","-","5,566","41","아파트"
"8800","충청북도 청주시 서원구 남이면 척북리","74-7","0074","0007","삼포","월세","59.8600","202510","21","4,000","10","13","2000","저산척북로 636-10","202511~202711","신규","-","","","아파트"
"8801","충청북도 청주시 흥덕구 봉명동","1857-1","1857","0001","리치먼드시티","월세","21.0286","202510","21","5,056","4","8","2023","직지대로 551","202512~202712","갱신","-","5,056","4","아파트"
"8802","충청북도 청주시 흥덕구 신봉동","529","0529","0000","한성","월세","54.6300","202510","21","500","35","3","1988","1순환로 451","202511~202711","신규","-","","","아파트"
"8803","충청북도 청주시 서원구 수곡동","337","0337","0000","주공3","전세","49.9400","202510","21","8,400","0","15","1991","매봉로 82","202511~202711","신규","-","","","아파트"
"8804","충청북도 청주시 서원구 수곡동","1002","1002","0000","두진백로","전세","59.7600","202510","21","13,000","0","15","1995","수곡로 36","202511~202711","갱신","사용","12,500","0","아파트"
"8805","충청북도 청주시 서원구 모충동","553","0553","0000","청주모충LH트릴로채","전세","84.8800","202510","21","30,000","0","9","2021","쌍샘로 22","202601~202801","신규","-","","","아파트"
"8806","충청북도 청주시 서원구 성화동","634","0634","0000","성화주공1단지","월세","46.9000","202510","21","569","23","4","2007","성봉로 88","202510~202710","신규","-","","","아파트"
"8807","충청북도 청주시 흥덕구 강서동","33-7","0033","0007","우정","월세","22.6400","202510","21","500","40","4","1992","가로수로1154번길 21-5","202510~202610","신규","-","","","아파트"
"8808","충청북도 청주시 청원구 오창읍 주성리","564","0564","0000","사랑으로부영7단지","월세","57.7554","202510","21","5,587","28","14","2014","2산단4로 60","202512~202612","신규","-","","","아파트"
"8809","충청북도 청주시 상당구 방서동","654","0654","0000","청주센트럴자이","전세","84.7377","202510","21","33,000","0","3","2018","단재로 316","202601~202804","신규","-","","","아파트"
"8810","충청북도 청주시 청원구 오창읍 주성리","564","0564","0000","사랑으로부영7단지","전세","57.7554","202510","21","12,357","0","9","2014","2산단4로 60","202510~202610","갱신","-","12,199","0","아파트"
"8811","충청북도 청주시 청원구 오창읍 주성리","567","0567","0000","충북오창사랑으로부영5단지","월세","82.8216","202510","21","5,166","44","13","2015","2산단4로 20","202511~202611","갱신","-","5,166","44","아파트"
"8812","충청북도 청주시 상당구 북문로2가","78-10","0078","0010","아트에비뉴198","월세","20.7250","202510","21","300","34","7","2016","중앙로 9-1","202510~202610","신규","-","","","아파트"
"8813","충청북도 청주시 청원구 오창읍 주성리","567","0567","0000","충북오창사랑으로부영5단지","전세","82.8216","202510","21","16,542","0","19","2015","2산단4로 20","202510~202610","갱신","-","16,542","0","아파트"
"8814","충청북도 청주시 청원구 오창읍 주성리","567","0567","0000","충북오창사랑으로부영5단지","월세","82.8216","202510","21","8,538","33","11","2015","2산단4로 20","202512~202612","갱신","-","8,538","33","아파트"
"8815","충청북도 청주시 청원구 오창읍 주성리","561","0561","0000","충북오창사랑으로부영8단지","월세","82.8216","202510","21","8,538","33","5","2015","2산단로 151","202512~202612","신규","-","","","아파트"
"8816","충청북도 청주시 청원구 오창읍 주성리","569","0569","0000","충북오창사랑으로부영6단지","월세","57.7554","202510","21","3,278","39","4","2014","2산단로 125","202601~202701","갱신","-","3,230","38","아파트"
"8817","충청북도 청주시 청원구 오창읍 주성리","567","0567","0000","충북오창사랑으로부영5단지","월세","82.8216","202510","21","5,335","46","1","2015","2산단4로 20","202511~202611","신규","-","","","아파트"
"8818","충청북도 청주시 상당구 문화동","118","0118","0000","문화동센트럴칸타빌","전세","96.9311","202510","21","35,000","0","3","2018","용담로 7","202511~202711","신규","-","","","아파트"
"8819","충청북도 청주시 청원구 오창읍 주성리","569","0569","0000","충북오창사랑으로부영6단지","전세","57.7554","202510","21","12,567","0","21","2014","2산단로 125","202512~202612","신규","-","","","아파트"
"8820","충청북도 청주시 청원구 오창읍 주성리","564","0564","0000","사랑으로부영7단지","전세","57.7554","202510","21","12,357","0","9","2014","2산단4로 60","202511~202611","갱신","-","12,199","0","아파트"
"8821","충청북도 청주시 상당구 용암동","3145","3145","0000","청주동남1단지","월세","46.9700","202510","21","3,706","23","14","2020","호미로 137","202512~202711","갱신","-","2,966","24","아파트"
"8822","충청북도 청주시 상당구 용암동","2076","2076","0000","태산그린","전세","59.7600","202510","21","12,500","0","8","1995","원봉로 20","202511~202711","갱신","-","12,500","0","아파트"
"8823","충청북도 청주시 청원구 오창읍 주성리","567","0567","0000","충북오창사랑으로부영5단지","월세","82.8216","202510","21","5,335","46","1","2015","2산단4로 20","202511~202611","신규","-","","","아파트"
"8824","충청북도 청주시 청원구 오창읍 주성리","567","0567","0000","충북오창사랑으로부영5단지","월세","82.8216","202510","21","8,538","33","19","2015","2산단4로 20","202511~202611","신규","-","","","아파트"
"8825","충청북도 청주시 청원구 오창읍 주성리","561","0561","0000","충북오창사랑으로부영8단지","월세","82.8216","202510","21","5,335","46","6","2015","2산단로 151","202511~202611","신규","-","","","아파트"
"8826","충청북도 청주시 상당구 용암동","2064","2064","0000","세원한아름","월세","41.8500","202510","21","500","40","1","1994","무농정로 90","202510~202710","신규","-","","","아파트"
"8827","충청북도 청주시 상당구 용암동","3604","3604","0000","동남힐데스하임","전세","84.8429","202510","21","31,000","0","14","2020","월운로 116","202601~202801","신규","-","","","아파트"
"8828","충청북도 청주시 청원구 오창읍 주성리","561","0561","0000","충북오창사랑으로부영8단지","전세","82.8216","202510","21","16,542","0","15","2015","2산단로 151","202510~202610","갱신","-","16,542","0","아파트"
"8829","충청북도 청주시 청원구 오창읍 주성리","569","0569","0000","충북오창사랑으로부영6단지","월세","57.7554","202510","21","5,682","29","8","2014","2산단로 125","202511~202611","신규","-","","","아파트"
"8830","충청북도 청주시 청원구 오창읍 주성리","561","0561","0000","충북오창사랑으로부영8단지","월세","82.8216","202510","21","8,538","33","14","2015","2산단로 151","202601~202701","갱신","-","8,538","33","아파트"
"8831","충청북도 청주시 청원구 오창읍 주성리","561","0561","0000","충북오창사랑으로부영8단지","전세","82.8216","202510","21","16,542","0","11","2015","2산단로 151","202510~202610","갱신","-","16,542","0","아파트"
"8832","충청북도 청주시 흥덕구 오송읍 만수리","549-1","0549","0001","청원오송휴먼시아1단지","월세","51.9300","202510","21","2,149","17","13","2008","오송가락로 235","202510~202711","신규","-","","","아파트"
"8833","충청북도 청주시 상당구 금천동","77-7","0077","0007","뉴타운","월세","84.9000","202510","21","3,000","75","12","1993","꽃산동로 41","202510~202810","신규","-","","","아파트"
"8834","충청북도 청주시 청원구 우암동","372-6","0372","0006","라임미소가","월세","48.4238","202510","21","1,000","55","6","2017","향군로 110","202511~202611","신규","-","","","아파트"
"8835","충청북도 청주시 청원구 우암동","372-6","0372","0006","라임미소가","전세","48.7101","202510","21","11,700","0","8","2017","향군로 110","202511~202711","갱신","-","11,000","0","아파트"
"8836","충청북도 청주시 흥덕구 오송읍 만수리","549-1","0549","0001","청원오송휴먼시아1단지","월세","51.9300","202510","21","2,660","21","8","2008","오송가락로 235","202512~202711","갱신","-","2,540","20","아파트"
"8837","충청북도 청주시 흥덕구 오송읍 만수리","549-1","0549","0001","청원오송휴먼시아1단지","월세","51.9300","202510","21","2,634","21","6","2008","오송가락로 235","202510~202711","신규","-","","","아파트"
"8838","충청북도 제천시 강제동","805","0805","0000","센트럴코아루","전세","76.4644","202510","21","28,000","0","15","2016","강저로11나길 13","202511~202711","갱신","-","25,000","0","아파트"
"8839","충청북도 진천군 덕산읍 두촌리","3147","3147","0000","우미린스테이","월세","70.5634","202510","21","10,240","17","20","2018","대하로 150","202512~202712","갱신","-","10,240","15","아파트"
"8840","충청북도 제천시 강제동","805","0805","0000","센트럴코아루","전세","76.4644","202510","21","28,000","0","15","2016","강저로11나길 13","202511~202711","갱신","-","25,000","0","아파트"
"8841","충청북도 충주시 대소원면 본리","642","0642","0000","충주지웰","전세","59.0907","202510","21","14,000","0","9","2016","첨단산업2로 42","202511~202603","갱신","사용","14,000","0","아파트"
"8842","충청북도 증평군 증평읍 초중리","114","0114","0000","일진뜨리에","전세","59.6750","202510","21","6,500","0","13","2005","가장골길 16-13","-","-","-","","","아파트"
"8843","충청북도 진천군 덕산읍 두촌리","3147","3147","0000","우미린스테이","월세","78.1677","202510","21","11,500","20","18","2018","대하로 150","202512~202712","갱신","-","11,500","17","아파트"
"8844","충청북도 진천군 덕산읍 두촌리","3147","3147","0000","우미린스테이","월세","70.5634","202510","21","10,240","17","11","2018","대하로 150","202511~202711","신규","-","","","아파트"
"8845","충청북도 충주시 호암동","542-1","0542","0001","세경","전세","56.8800","202510","21","5,600","0","4","1992","신촌1길 6","202510~202710","신규","-","","","아파트"
"8846","충청북도 충주시 연수동","1220","1220","0000","세원한아름","월세","59.7600","202510","21","1,500","50","2","1996","금릉로 101","202511~202711","신규","-","","","아파트"
"8847","충청북도 진천군 덕산읍 두촌리","3147","3147","0000","우미린스테이","월세","70.5634","202510","21","10,240","17","6","2018","대하로 150","202512~202712","갱신","-","10,240","15","아파트"
"8848","충청북도 진천군 덕산읍 두촌리","3147","3147","0000","우미린스테이","월세","84.4362","202510","21","11,960","19","3","2018","대하로 150","202512~202712","갱신","-","11,960","16","아파트"
"8849","충청북도 충주시 연수동","1231","1231","0000","연수주공3차","월세","44.9400","202510","21","300","45","13","1994","주공길 24","202511~202711","신규","-","","","아파트"
"8850","충청북도 청주시 흥덕구 송절동","1196","1196","0000","청주테크노폴리스힐데스하임","전세","84.9400","202510","21","32,000","0","13","2025","송화로 115","202511~202711","신규","-","","","아파트"
"8851","충청북도 청주시 청원구 사천동","25-2","0025","0002","정도드림-빌","월세","29.9200","202510","21","500","40","12","1999","공항로 159-12","202510~202710","신규","-","","","아파트"
"8852","충청북도 증평군 증평읍 신동리","513","0513","0000","정우안단테","전세","59.8953","202510","21","14,000","0","11","2019","역전로 90","202511~202711","신규","-","","","아파트"
"8853","충청북도 충주시 호암동","1191","1191","0000","호암힐데스하임","월세","84.9600","202510","21","3,000","120","3","2019","호암토성2로 1","202511~202711","신규","-","","","아파트"
"8854","충청북도 제천시 하소동","353","0353","0000","주공2","월세","58.7400","202510","21","1,000","55","9","1995","하소로 88","202511~202711","신규","-","","","아파트"
"8855","충청북도 증평군 증평읍 장동리","255","0255","0000","증평삼일","월세","59.9000","202510","21","500","50","5","1992","장뜰로 110","202511~202611","신규","-","","","아파트"
"8856","충청북도 진천군 진천읍 장관리","880","0880","0000","진천장관사랑으로부영2차","전세","59.9605","202510","21","9,740","0","2","2013","진광로 97-13","-","-","-","","","아파트"
"8857","충청북도 진천군 진천읍 장관리","884","0884","0000","진천장관사랑으로부영1차","전세","84.9877","202510","21","11,905","0","6","2013","장관2길 139","202511~202611","신규","-","","","아파트"
"8858","충청북도 제천시 고암동","1142","1142","0000","고암두진4차","월세","33.0000","202510","21","500","45","11","2000","용두천로 378","202512~202611","신규","-","","","아파트"
"8859","충청북도 진천군 광혜원면 광혜원리","1091","1091","0000","광혜원석미모닝파크2차","전세","84.8000","202510","21","12,480","0","2","2017","광혜원산단길 139","202511~202706","신규","-","","","아파트"
"8860","충청북도 충주시 칠금동","821","0821","0000","부영(1차)","전세","50.4900","202510","21","11,000","0","10","1996","금릉로 46","202511~202711","신규","-","","","아파트"
"8861","충청북도 충주시 호암동","1050","1050","0000","힐스테이트호암","전세","59.9900","202510","21","27,000","0","4","2021","호암수청1로 29","202511~202711","신규","-","","","아파트"
"8862","충청북도 충주시 중앙탑면 용전리","721","0721","0000","충주시티자이","월세","84.9571","202510","21","1,000","80","13","2017","원앙4길 51","202511~202711","신규","-","","","아파트"
"8863","충청북도 진천군 덕산읍 두촌리","2487","2487","0000","충북혁신리슈빌","월세","74.8200","202510","21","9,200","40","19","2018","연미로 128","-","-","-","","","아파트"
"8864","충청북도 청주시 청원구 율량동","890","0890","0000","현대(890)","전세","84.9800","202510","21","16,000","0","7","1991","율봉로160번길 8","202512~202802","신규","-","","","아파트"
"8865","충청북도 충주시 칠금동","821","0821","0000","부영(1차)","전세","50.4900","202510","20","9,400","0","11","1996","금릉로 46","202510~202710","신규","-","","","아파트"
"8866","충청북도 청주시 흥덕구 강내면 탑연리","322-1","0322","0001","선광한빛","전세","84.9800","202510","20","13,000","0","3","1996","태성탑연로 391-34","-","-","-","","","아파트"
"8867","충청북도 청주시 흥덕구 강내면 황탄리","3-1","0003","0001","서호이타운","월세","31.4170","202510","20","350","35","4","2001","황탄리길 226","202510~202610","신규","-","","","아파트"
"8868","충청북도 영동군 용산면 구촌리","576","0576","0000","영동용산행복주택","월세","36.9700","202510","20","1,710","11","6","2021","용산로 351","202511~202710","갱신","-","1,660","11","아파트"
"8869","충청북도 증평군 증평읍 창동리","822","0822","0000","파라디아1차","월세","84.9820","202510","20","1,000","80","1","2007","충청대로 1746","202511~202711","신규","-","","","아파트"
"8870","충청북도 증평군 증평읍 장동리","925","0925","0000","주공5단지","월세","46.9000","202510","20","2,440","7","11","2008","증평로 31-11","202511~202710","신규","-","","","아파트"
"8871","충청북도 증평군 증평읍 송산리","722-1","0722","0001","송산칸타빌더센트럴","전세","84.9957","202510","20","31,500","0","24","2023","송산로 36","202510~202712","갱신","-","27,500","0","아파트"
"8872","충청북도 증평군 증평읍 송산리","722","0722","0000","증평송산LH5단지","월세","29.3900","202510","20","883","18","20","2022","송산로 30","202511~202710","갱신","-","844","17","아파트"
"8873","충청북도 청주시 흥덕구 문암동","213","0213","0000","청주테크노폴리스신영지웰푸르지오","월세","99.9702","202510","20","4,000","150","9","2022","송화로 229","202510~202710","신규","-","","","아파트"
"8874","충청북도 충주시 호암동","1063","1063","0000","충주호암두진하트리움아파트","전세","77.9460","202510","20","30,000","0","22","2019","호암수청2로 78","202511~202711","신규","-","","","아파트"
"8875","충청북도 괴산군 괴산읍 동부리","795","0795","0000","괴산동부주공","월세","55.8300","202510","20","1,936","16","3","2008","남산1길 25","202511~202710","갱신","-","1,719","14","아파트"
"8876","충청북도 제천시 고암동","1101","1101","0000","두진백로","전세","45.6000","202510","20","5,800","0","13","1997","용두천로 384","202511~202711","신규","-","","","아파트"
"8877","충청북도 괴산군 괴산읍 동부리","149","0149","0000","괴산동부엘에이치행복마을","월세","43.3300","202510","20","3,562","20","2","2019","남산길 43","202601~202712","갱신","-","3,562","20","아파트"
"8878","충청북도 제천시 강제동","898","0898","0000","강저휴먼시아3단지","월세","51.9300","202510","20","2,965","14","10","2010","청풍호로10길 16","202512~202711","신규","-","","","아파트"
"8879","충청북도 제천시 청전동","72","0072","0000","현대","월세","71.1750","202510","20","2,000","50","1","1990","용두천로 235","202511~202711","신규","-","","","아파트"
"8880","충청북도 진천군 진천읍 신정리","390","0390","0000","삼진동산","전세","59.9400","202510","20","5,000","0","8","1996","농다리로 1411","202511~202711","신규","-","","","아파트"
"8881","충청북도 진천군 진천읍 성석리","969-1","0969","0001","진천성석행복주택","월세","16.7000","202510","20","1,107","7","9","2020","문화로 394","202511~202710","갱신","-","1,075","6","아파트"
"8882","충청북도 진천군 진천읍 성석리","969-1","0969","0001","진천성석행복주택","월세","44.6200","202510","20","3,320","20","11","2020","문화로 394","202511~202710","신규","-","","","아파트"
"8883","충청북도 진천군 진천읍 성석리","969-1","0969","0001","진천성석행복주택","월세","44.6200","202510","20","5,220","10","8","2020","문화로 394","202511~202710","신규","-","","","아파트"
"8884","충청북도 음성군 대소면 태생리","756","0756","0000","대소두진하트리움","월세","66.8877","202510","20","2,000","50","4","2012","대금로 552-12","202510~202610","신규","-","","","아파트"
"8885","충청북도 충주시 봉방동","1047","1047","0000","충주주상복합모아미래도","월세","59.7464","202510","20","2,000","100","11","2023","삼원로 28","202512~202712","신규","-","","","아파트"
"8886","충청북도 충주시 봉방동","1047","1047","0000","충주주상복합모아미래도","월세","59.7464","202510","20","2,000","100","11","2023","삼원로 28","202512~202712","신규","-","","","아파트"
"8887","충청북도 청주시 청원구 율량동","2246","2246","0000","대원칸타빌4차아파트","전세","84.8470","202510","20","33,600","0","18","2015","율중로 10","202511~202711","갱신","사용","32,000","0","아파트"
"8888","충청북도 청주시 청원구 율량동","1292","1292","0000","신라(1292-0)","월세","30.6000","202510","20","300","35","2","1995","율봉로94번길 9","202510~202710","신규","-","","","아파트"
"8889","충청북도 청주시 청원구 율량동","1144","1144","0000","한울아파트301동","월세","30.3300","202510","20","500","40","12","1998","주성로96번길 12","202511~202711","신규","-","","","아파트"
"8890","충청북도 충주시 주덕읍 화곡리","1111","1111","0000","서충주푸르지오더퍼스트","전세","84.1391","202510","20","20,000","0","28","2025","화개1길 74","202512~202712","신규","-","","","아파트"
"8891","충청북도 충주시 주덕읍 화곡리","1111","1111","0000","서충주푸르지오더퍼스트","전세","84.1391","202510","20","17,000","0","10","2025","화개1길 74","202511~202711","신규","-","","","아파트"
"8892","충청북도 진천군 진천읍 장관리","884","0884","0000","진천장관사랑으로부영1차","월세","84.9877","202510","20","2,163","41","18","2013","장관2길 139","202510~202610","신규","-","","","아파트"
"8893","충청북도 진천군 진천읍 장관리","884","0884","0000","진천장관사랑으로부영1차","전세","59.9605","202510","20","9,740","0","3","2013","장관2길 139","202510~202610","신규","-","","","아파트"
"8894","충청북도 진천군 진천읍 장관리","880","0880","0000","진천장관사랑으로부영2차","전세","59.9605","202510","20","9,740","0","2","2013","진광로 97-13","-","-","-","","","아파트"
"8895","충청북도 음성군 맹동면 동성리","445","0445","0000","충북혁신도시 LH쌍용예가","전세","59.7200","202510","20","16,000","0","9","2014","사예로 20","202601~202801","신규","-","","","아파트"
"8896","충청북도 음성군 맹동면 동성리","445","0445","0000","충북혁신도시 LH쌍용예가","전세","59.7200","202510","20","16,000","0","9","2014","사예로 20","202512~202712","신규","-","","","아파트"
"8897","충청북도 음성군 맹동면 동성리","246","0246","0000","엘에이치이노밸리","전세","74.4200","202510","20","15,000","0","2","2014","학예로 55","202511~202711","신규","-","","","아파트"
"8898","충청북도 충주시 연수동","686","0686","0000","연수주공4차,5차","월세","59.7100","202510","20","1,000","60","6","1997","예성로 401","202511~202711","신규","-","","","아파트"
"8899","충청북도 충주시 연수동","1763","1763","0000","연수계룡리슈빌2","월세","74.6109","202510","20","5,000","60","3","2016","연수서편2길 32","202512~202712","신규","-","","","아파트"
"8900","충청북도 충주시 연수동","686","0686","0000","연수주공4차,5차","전세","49.7700","202510","20","8,000","0","9","1997","예성로 401","202510~202710","신규","-","","","아파트"
"8901","충청북도 음성군 맹동면 본성리","459","0459","0000","음성아이파크","전세","84.9626","202510","20","23,500","0","16","2025","원중로 1572","202511~202711","신규","-","","","아파트"
"8902","충청북도 충주시 중앙탑면 용전리","661","0661","0000","e편한세상충주","월세","59.8841","202510","20","700","70","14","2017","원앙9길 15","202510~202710","신규","-","","","아파트"
"8903","충청북도 충주시 대소원면 본리","642","0642","0000","충주지웰","전세","59.2483","202510","20","6,555","0","14","2016","첨단산업2로 42","202510~202712","신규","-","","","아파트"
"8904","충청북도 영동군 영동읍 설계리","693","0693","0000","금강","월세","59.8800","202510","20","3,000","10","1","1994","눈어치1로 5","202510~202710","신규","-","","","아파트"
"8905","충청북도 청주시 흥덕구 강내면 황탄리","3-1","0003","0001","서호이타운","월세","39.1500","202510","20","500","35","5","2001","황탄리길 226","202510~202710","신규","-","","","아파트"
"8906","충청북도 청주시 흥덕구 봉명동","197-11","0197","0011","봉명베리굿","월세","39.2926","202510","20","1,000","75","10","2020","1순환로 592","202512~202712","신규","-","","","아파트"
"8907","충청북도 청주시 서원구 성화동","939","0939","0000","성화호반베르디움","전세","84.8572","202510","20","32,000","0","6","2012","구룡산로 24","202511~202711","신규","-","","","아파트"
"8908","충청북도 청주시 흥덕구 강서동","482","0482","0000","강서베리굿2차","전세","23.6255","202510","20","6,900","0","16","2016","강서로 111","202511~202711","신규","-","","","아파트"
"8909","충청북도 청주시 서원구 분평동","1202","1202","0000","분평주공2","월세","59.9900","202510","20","1,000","68","13","1997","1순환로1137번길 129","202511~202711","신규","-","","","아파트"
"8910","충청북도 청주시 서원구 분평동","1200","1200","0000","분평주공3","전세","59.9900","202510","20","13,500","0","18","1997","1순환로1137번길 130","202510~202710","갱신","-","14,500","0","아파트"
"8911","충청북도 청주시 흥덕구 비하동","300","0300","0000","효성아파트","전세","45.3200","202510","20","9,900","0","13","1995","2순환로1050번길 13-14","202511~202711","신규","-","","","아파트"
"8912","충청북도 청주시 흥덕구 강서동","498","0498","0000","경도펠리스","월세","39.4200","202510","20","1,000","42","8","2016","서현동로 21","202511~202611","갱신","-","1,000","40","아파트"
"8913","충청북도 청주시 흥덕구 신봉동","529","0529","0000","한성","월세","54.6300","202510","20","500","40","3","1988","1순환로 451","202512~202712","신규","-","","","아파트"
"8914","충청북도 청주시 서원구 성화동","708","0708","0000","성화휴먼시아4단지","월세","36.5000","202510","20","1,712","14","9","2010","장전로 11","202601~202712","신규","-","","","아파트"
"8915","충청북도 청주시 흥덕구 옥산면 가락리","981","0981","0000","청주리버파크자이","월세","84.9330","202510","20","0","40","7","2019","오송가락로 1056","202510~202710","신규","-","","","아파트"
"8916","충청북도 청주시 서원구 수곡동","314","0314","0000","산남주공4단지아파트","월세","49.9400","202510","20","2,000","35","3","1993","구룡산로 275-13","202511~202711","신규","-","","","아파트"
"8917","충청북도 청주시 흥덕구 복대동","3379","3379","0000","신영지웰시티1차","월세","124.8160","202510","20","10,000","280","20","2010","대농로 17","202512~202712","신규","-","","","아파트"
"8918","충청북도 청주시 흥덕구 강서동","460","0460","0000","이랜드타운힐스싱글스위트청주","월세","19.9600","202510","20","500","48","3","2019","2순환로 1228","202510~202610","신규","-","","","아파트"
"8919","충청북도 청주시 흥덕구 봉명동","2934","2934","0000","청주SKVIEW자이","월세","59.9735","202510","20","3,000","130","14","2024","월명로 76","202510~202710","신규","-","","","아파트"
"8920","충청북도 청주시 흥덕구 강서동","37-1","0037","0001","대림","월세","58.6200","202510","20","1,000","55","1","1990","가로수로1154번길 22-2","202511~202711","신규","-","","","아파트"
"8921","충청북도 청주시 흥덕구 복대동","221-12","0221","0012","주은","월세","59.6443","202510","20","1,000","40","7","2002","죽천로143번길 19","202510~202710","신규","-","","","아파트"
"8922","충청북도 청주시 서원구 수곡동","153-3","0153","0003","삼일맨션","전세","84.9650","202510","20","7,250","0","6","1986","구룡산로337번길 33","202511~202711","신규","-","","","아파트"
"8923","충청북도 청주시 흥덕구 봉명동","795","0795","0000","IJFOCUS","월세","31.0466","202510","20","500","47","17","2017","1순환로 571","202510~202610","갱신","-","500","45","아파트"
"8924","충청북도 청주시 서원구 모충동","553","0553","0000","청주모충LH트릴로채","전세","59.7600","202510","20","25,000","0","24","2021","쌍샘로 22","202512~202707","신규","-","","","아파트"
"8925","충청북도 청주시 흥덕구 봉명동","1855","1855","0000","푸른","월세","44.1300","202510","20","1,000","40","2","1994","월명로 124","202510~202606","신규","-","","","아파트"
"8926","충청북도 청주시 흥덕구 봉명동","2193","2193","0000","세원","월세","66.6800","202510","20","0","80","14","1993","월명로 136","202510~202603","갱신","사용","0","80","아파트"
"8927","충청북도 청주시 흥덕구 봉명동","1833","1833","0000","봉명베리굿2차","월세","46.0435","202510","20","2,000","70","14","2023","직지대로 605","202510~202608","신규","-","","","아파트"
"8928","충청북도 청주시 서원구 모충동","553","0553","0000","청주모충LH트릴로채","전세","59.9600","202510","20","24,500","0","10","2021","쌍샘로 22","202512~202712","갱신","사용","23,500","0","아파트"
"8929","충청북도 청주시 상당구 금천동","275","0275","0000","장자마을부영(275-7단지)","전세","59.2962","202510","20","13,950","0","1","2001","중고개로 288","202511~202811","신규","-","","","아파트"
"8930","충청북도 청주시 상당구 용암동","2060","2060","0000","부영","전세","60.0000","202510","20","8,854","0","6","1996","월평로 243","202511~202611","갱신","-","8,681","0","아파트"
"8931","충청북도 청주시 상당구 용암동","3145","3145","0000","청주동남1단지","월세","26.5800","202510","20","1,006","14","6","2020","호미로 137","202512~202711","갱신","-","873","12","아파트"
"8932","충청북도 청주시 청원구 오창읍 주성리","561","0561","0000","충북오창사랑으로부영8단지","월세","82.8216","202510","20","8,538","33","15","2015","2산단로 151","202510~202610","갱신","-","8,538","33","아파트"
"8933","충청북도 청주시 청원구 오창읍 주성리","561","0561","0000","충북오창사랑으로부영8단지","전세","82.8216","202510","20","16,542","0","3","2015","2산단로 151","202511~202611","갱신","-","16,542","0","아파트"
"8934","충청북도 청주시 상당구 용암동","2108","2108","0000","청주용암주공1단지아파트(해누리)","월세","49.8000","202510","20","1,000","50","11","1994","원봉로 52","202510~202710","신규","-","","","아파트"
"8935","충청북도 청주시 흥덕구 오송읍 연제리","731","0731","0000","오송상록롯데캐슬","전세","84.9330","202510","20","21,000","0","11","2010","오송생명5로 202","202511~202711","갱신","-","21,000","0","아파트"
"8936","충청북도 청주시 청원구 오창읍 주성리","561","0561","0000","충북오창사랑으로부영8단지","월세","82.8216","202510","20","5,216","45","14","2015","2산단로 151","202511~202611","갱신","-","5,216","45","아파트"
"8937","충청북도 청주시 상당구 영운동","73-5","0073","0005","태암수정","월세","42.2400","202510","20","500","35","8","1995","영운천로51번길 26","202511~202711","신규","-","","","아파트"
"8938","충청북도 청주시 청원구 내수읍 마산리","123","0123","0000","내수진흥아파트","월세","59.8500","202510","20","300","25","6","1990","마산길 72","202510~202610","신규","-","","","아파트"
"8939","충청북도 청주시 청원구 오창읍 주성리","569","0569","0000","충북오창사랑으로부영6단지","전세","57.7554","202510","20","12,567","0","6","2014","2산단로 125","202511~202611","갱신","-","12,164","0","아파트"
"8940","충청북도 청주시 청원구 오창읍 주성리","569","0569","0000","충북오창사랑으로부영6단지","전세","57.7554","202510","20","12,567","0","7","2014","2산단로 125","202601~202701","갱신","-","12,382","0","아파트"
"8941","충청북도 청주시 청원구 오창읍 주성리","569","0569","0000","충북오창사랑으로부영6단지","전세","57.7554","202510","20","12,567","0","6","2014","2산단로 125","202512~202612","갱신","-","12,382","0","아파트"
"8942","충청북도 청주시 청원구 오창읍 주성리","567","0567","0000","충북오창사랑으로부영5단지","전세","82.8216","202510","20","16,542","0","20","2015","2산단4로 20","202511~202611","갱신","-","16,542","0","아파트"
"8943","충청북도 청주시 상당구 용암동","2915","2915","0000","강변뜨란채","월세","84.7800","202510","20","2,000","85","14","2005","무심동로 86","202512~202804","신규","-","","","아파트"
"8944","충청북도 청주시 상당구 용암동","2085","2085","0000","덕성그린타운","전세","59.5800","202510","20","11,700","0","9","1995","용암로 3","202510~202710","갱신","사용","11,900","0","아파트"
"8945","충청북도 청주시 상당구 용암동","3145","3145","0000","청주동남1단지","월세","26.5800","202510","20","1,097","15","19","2020","호미로 137","202512~202711","갱신","-","873","12","아파트"
"8946","충청북도 청주시 상당구 용암동","3145","3145","0000","청주동남1단지","월세","37.7800","202510","20","4,231","11","10","2020","호미로 137","202512~202706","갱신","-","1,850","18","아파트"
"8947","충청북도 청주시 상당구 용암동","3145","3145","0000","청주동남1단지","월세","26.5800","202510","20","914","12","10","2020","호미로 137","202512~202711","갱신","-","873","12","아파트"
"8948","충청북도 청주시 청원구 오창읍 주성리","564","0564","0000","사랑으로부영7단지","전세","57.7554","202510","20","12,357","0","2","2014","2산단4로 60","202601~202701","갱신","-","12,199","0","아파트"
"8949","충청북도 청주시 청원구 내수읍 은곡리","301","0301","0000","덕일한마음","월세","38.6100","202510","20","300","29","10","1997","은곡묵방길 28","202510~202710","신규","-","","","아파트"
"8950","충청북도 청주시 상당구 용암동","2076","2076","0000","태산그린","전세","59.7600","202510","20","11,000","0","11","1995","원봉로 20","202512~202711","신규","-","","","아파트"
"8951","충청북도 청주시 상당구 금천동","275","0275","0000","장자마을부영(275-7단지)","전세","59.2962","202510","20","13,950","0","1","2001","중고개로 288","202511~202811","신규","-","","","아파트"
"8952","충청북도 청주시 상당구 용암동","3145","3145","0000","청주동남1단지","월세","37.7800","202510","20","4,231","11","7","2020","호미로 137","202512~202711","갱신","-","1,850","18","아파트"
"8953","충청북도 청주시 서원구 남이면 가마리","378","0378","0000","청주가마힐데스하임","전세","80.0331","202510","19","26,000","0","16","2016","2순환로 1717","202510~202710","신규","-","","","아파트"
"8954","충청북도 청주시 흥덕구 오송읍 연제리","731","0731","0000","오송상록롯데캐슬","전세","84.9490","202510","19","27,000","0","18","2010","오송생명5로 202","202511~202711","신규","-","","","아파트"
"8955","충청북도 청주시 상당구 탑동","390","0390","0000","센트럴힐데스하임","월세","129.8320","202510","19","15,000","135","18","2022","용담로 50","202511~202711","신규","-","","","아파트"
"8956","충청북도 청주시 상당구 용암동","3604","3604","0000","동남힐데스하임","월세","84.8429","202510","19","3,000","130","25","2020","월운로 116","202512~202710","신규","-","","","아파트"
"8957","충청북도 청주시 상당구 용암동","3604","3604","0000","동남힐데스하임","전세","84.8429","202510","19","34,000","0","1","2020","월운로 116","202511~202711","신규","-","","","아파트"
"8958","충청북도 청주시 상당구 용암동","3604","3604","0000","동남힐데스하임","전세","84.8429","202510","19","34,000","0","1","2020","월운로 116","202511~202711","신규","-","","","아파트"
"8959","충청북도 청주시 상당구 북문로3가","123","0123","0000","청주행정타운코아루휴티스","월세","84.6871","202510","19","5,000","120","35","2020","중앙로 80","202511~202711","신규","-","","","아파트"
"8960","충청북도 청주시 상당구 용암동","3604","3604","0000","동남힐데스하임","전세","84.8429","202510","19","34,000","0","1","2020","월운로 116","202511~202711","신규","-","","","아파트"
"8961","충청북도 청주시 흥덕구 강내면 월곡리","150-7","0150","0007","진흥2","전세","59.9400","202510","19","6,000","0","4","1989","가로수로 654-10","202510~202710","신규","-","","","아파트"
"8962","충청북도 충주시 문화동","2260","2260","0000","럭키","월세","84.9300","202510","19","1,000","55","8","1993","중원대로 3379","202601~202801","갱신","-","1,000","50","아파트"
"8963","충청북도 충주시 칠금동","1015","1015","0000","부영아파트(2차)","전세","60.0000","202510","19","11,000","0","13","1996","칠금중앙로 30","202510~202710","갱신","-","12,000","0","아파트"
"8964","충청북도 충주시 용산동","1678","1678","0000","용산주공2차","전세","49.7700","202510","19","8,700","0","9","1999","남산로 125","202512~202712","신규","-","","","아파트"
"8965","충청북도 제천시 왕암동","779","0779","0000","왕암코아루드림","전세","60.4266","202510","19","15,700","0","7","2018","바이오밸리로 171","202512~202712","신규","-","","","아파트"
"8966","충청북도 청주시 청원구 율량동","2456","2456","0000","제일풍경채","월세","84.7852","202510","19","2,000","110","25","2016","율중로7번길 100","202510~202710","신규","-","","","아파트"
"8967","충청북도 진천군 이월면 송림리","503-12","0503","0012","이월삼풍","전세","54.0000","202510","19","3,500","0","2","1992","송림4길 19","202511~202711","신규","-","","","아파트"
"8968","충청북도 제천시 왕암동","779","0779","0000","왕암코아루드림","전세","60.2620","202510","19","15,700","0","15","2018","바이오밸리로 171","202512~202711","신규","-","","","아파트"
"8969","충청북도 진천군 광혜원면 죽현리","202","0202","0000","갑을아파트","전세","39.0600","202510","19","3,600","0","4","2000","진광로 923","202511~202711","신규","-","","","아파트"
"8970","충청북도 청주시 흥덕구 오송읍 봉산리","798","0798","0000","오송역파라곤센트럴시티","전세","59.7397","202510","19","28,000","0","12","2023","오송생명7로 151","202512~202712","신규","-","","","아파트"
"8971","충청북도 진천군 덕산읍 두촌리","3148","3148","0000","충북혁신도시아모리움내안애","전세","84.9637","202510","19","23,000","0","20","2018","대하로 114","202511~202711","신규","-","","","아파트"
"8972","충청북도 진천군 진천읍 교성리","466","0466","0000","진천풍림아이원트리니움","전세","74.9600","202510","19","11,000","0","15","2025","대학로 36","202601~202801","신규","-","","","아파트"
"8973","충청북도 청주시 청원구 사천동","449-3","0449","0003","덕성그린아파트","월세","33.3300","202510","19","300","40","8","1997","새터로 187","202510~202710","신규","-","","","아파트"
"8974","충청북도 충주시 대소원면 본리","649","0649","0000","중앙하이츠프리미어충주","전세","84.9600","202510","19","16,000","0","8","2023","첨단산업4로 54","202512~202712","갱신","사용","16,000","0","아파트"
"8975","충청북도 진천군 덕산읍 두촌리","3148","3148","0000","충북혁신도시아모리움내안애","전세","84.9637","202510","19","23,000","0","20","2018","대하로 114","202511~202711","신규","-","","","아파트"
"8976","충청북도 제천시 왕암동","779","0779","0000","왕암코아루드림","월세","60.2620","202510","19","0","90","5","2018","바이오밸리로 171","202510~202710","신규","-","","","아파트"
"8977","충청북도 영동군 영동읍 설계리","693","0693","0000","금강","월세","41.1600","202510","19","1,000","17","3","1994","눈어치1로 5","202511~202711","신규","-","","","아파트"
"8978","충청북도 음성군 맹동면 본성리","459","0459","0000","음성아이파크","월세","84.9626","202510","19","2,000","95","15","2025","원중로 1572","-","-","-","","","아파트"
"8979","충청북도 청주시 흥덕구 비하동","300","0300","0000","효성아파트","전세","45.3200","202510","19","9,800","0","14","1995","2순환로1050번길 13-14","202512~202701","신규","-","","","아파트"
"8980","충청북도 청주시 흥덕구 복대동","3404","3404","0000","청주지웰시티푸르지오","전세","84.6790","202510","19","47,000","0","22","2019","대농로 45","202510~202710","갱신","사용","45,000","0","아파트"
"8981","충청북도 청주시 흥덕구 복대동","2456","2456","0000","아름다운나날영조1","전세","59.3291","202510","19","17,500","0","4","2003","증안로 21","202511~202711","신규","-","","","아파트"
"8982","충청북도 청주시 흥덕구 옥산면 가락리","953","0953","0000","흥덕코오롱하늘채아파트","전세","59.9318","202510","19","17,425","0","7","2016","가락길 60","202511~202711","갱신","사용","17,000","0","아파트"
"8983","충청북도 청주시 흥덕구 옥산면 가락리","981","0981","0000","청주리버파크자이","전세","77.2710","202510","19","25,000","0","16","2019","오송가락로 1056","202512~202805","신규","-","","","아파트"
"8984","충청북도 청주시 흥덕구 옥산면 가락리","953","0953","0000","흥덕코오롱하늘채아파트","전세","59.9318","202510","19","17,300","0","7","2016","가락길 60","202511~202711","갱신","사용","17,000","0","아파트"
"8985","충청북도 청주시 서원구 산남동","1103","1103","0000","청주현진에버빌","월세","84.9930","202510","19","5,000","100","11","2006","탑골로 6","202512~202712","신규","-","","","아파트"
"8986","충청북도 음성군 대소면 성본리","819","0819","0000","음성푸르지오센터피크","월세","84.8954","202510","19","3,000","50","12","2025","성본산단5로 29","202511~202711","신규","-","","","아파트"
"8987","충청북도 음성군 대소면 성본리","822","0822","0000","음성푸르지오마크베르","전세","84.8971","202510","19","13,000","0","16","2025","성본산단5로 9","-","-","-","","","아파트"
"8988","충청북도 청주시 서원구 수곡동","1002","1002","0000","두진백로","월세","59.7600","202510","19","1,000","60","1","1995","수곡로 36","202511~202711","신규","-","","","아파트"
"8989","충청북도 청주시 흥덕구 운천동","677-1","0677","0001","진양","월세","55.8000","202510","19","500","45","3","1986","사운로 257","202511~202711","신규","-","","","아파트"
"8990","충청북도 청주시 흥덕구 비하동","362","0362","0000","효성2차","월세","45.2800","202510","19","2,000","37","5","1997","2순환로1050번길 24","202511~202711","신규","-","","","아파트"
"8991","충청북도 음성군 대소면 성본리","822","0822","0000","음성푸르지오마크베르","전세","84.8971","202510","19","13,000","0","16","2025","성본산단5로 9","-","-","-","","","아파트"
"8992","충청북도 음성군 대소면 소석리","626","0626","0000","이안음성대소아파트","월세","84.8498","202510","19","1,000","60","6","2019","대금로 686-1","202511~202711","신규","-","","","아파트"
"8993","충청북도 청주시 서원구 모충동","516","0516","0000","주공2","월세","39.3000","202510","19","500","40","4","1989","모충로 61","202511~202711","신규","-","","","아파트"
"8994","충청북도 음성군 대소면 성본리","822","0822","0000","음성푸르지오마크베르","전세","84.8971","202510","19","13,000","0","16","2025","성본산단5로 9","-","-","-","","","아파트"
"8995","충청북도 청주시 흥덕구 가경동","1759","1759","0000","가로수마을호반베르디움","전세","84.9848","202510","19","32,000","0","10","2008","서현중로 47","202601~202801","신규","-","","","아파트"
"8996","충청북도 청주시 서원구 수곡동","1057","1057","0000","더샵청주퍼스트파크","전세","101.9904","202510","19","40,000","0","16","2021","수곡로 20","202512~202712","신규","-","","","아파트"
"8997","충청북도 청주시 흥덕구 강서동","498","0498","0000","경도펠리스","전세","39.4200","202510","19","9,000","0","10","2016","서현동로 21","202510~202710","신규","-","","","아파트"
"8998","충청북도 청주시 흥덕구 강서동","503","0503","0000","강서베리굿","월세","49.2605","202510","19","2,000","80","17","2015","서현중로 63","202510~202610","신규","-","","","아파트"
"8999","충청북도 청주시 서원구 산남동","679","0679","0000","대우푸르지오","전세","84.9550","202510","18","28,000","0","13","2007","두꺼비로 53","202602~202802","신규","-","","","아파트"
"9000","충청북도 청주시 서원구 분평동","1261","1261","0000","분평주공4","월세","59.9900","202510","18","1,000","60","12","1999","1순환로1137번길 80","202510~202710","신규","-","","","아파트"
"9001","충청북도 청주시 서원구 분평동","1200","1200","0000","분평주공3","전세","59.9900","202510","18","12,800","0","6","1997","1순환로1137번길 130","202511~202711","신규","-","","","아파트"
"9002","충청북도 청주시 서원구 분평동","1202","1202","0000","분평주공2","월세","59.9900","202510","18","1,000","60","20","1997","1순환로1137번길 129","202511~202611","신규","-","","","아파트"
"9003","충청북도 청주시 서원구 분평동","1360","1360","0000","분평주공5단지아파트","월세","49.7700","202510","18","1,000","55","9","1998","분평로 88-1","202512~202612","신규","-","","","아파트"
"9004","충청북도 청주시 흥덕구 옥산면 가락리","953","0953","0000","흥덕코오롱하늘채아파트","월세","59.9318","202510","18","1,000","75","1","2016","가락길 60","-","-","-","","","아파트"
"9005","충청북도 청주시 서원구 모충동","553","0553","0000","청주모충LH트릴로채","월세","84.8800","202510","18","5,000","120","4","2021","쌍샘로 22","202511~202711","신규","-","","","아파트"
"9006","충청북도 청주시 서원구 모충동","553","0553","0000","청주모충LH트릴로채","월세","74.7700","202510","18","10,000","80","8","2021","쌍샘로 22","202601~202710","신규","-","","","아파트"
"9007","충청북도 청주시 흥덕구 가경동","1759","1759","0000","가로수마을호반베르디움","전세","84.9667","202510","18","32,000","0","1","2008","서현중로 47","202511~202702","갱신","-","35,000","0","아파트"
"9008","충청북도 청주시 서원구 수곡동","314","0314","0000","산남주공4단지아파트","전세","76.5100","202510","18","14,000","0","3","1993","구룡산로 275-34","202510~202710","신규","-","","","아파트"
"9009","충청북도 청주시 서원구 죽림동","295","0295","0000","청주가경3주공","전세","59.9200","202510","18","14,800","0","1","2003","대림로 493","202510~202710","신규","-","","","아파트"
"9010","충청북도 청주시 서원구 모충동","553","0553","0000","청주모충LH트릴로채","월세","74.7700","202510","18","10,000","80","8","2021","쌍샘로 22","202512~202709","신규","-","","","아파트"
"9011","충청북도 청주시 흥덕구 강서동","459","0459","0000","신해블루지움","월세","18.2800","202510","18","300","45","19","2017","2순환로 1222","202510~202610","신규","-","","","아파트"
"9012","충청북도 청주시 흥덕구 강서동","473","0473","0000","경성하늘샵","월세","25.4700","202510","18","300","38","3","2013","가로수로1164번길 41-48","202510~202610","신규","-","","","아파트"
"9013","충청북도 청주시 흥덕구 가경동","2220","2220","0000","청주가경IPARK1차","월세","59.8100","202510","18","3,000","130","15","2019","서현로 66","202511~202711","신규","-","","","아파트"
"9014","충청북도 청주시 흥덕구 가경동","1190","1190","0000","세원2차","월세","84.9900","202510","18","2,000","80","12","1992","풍산로89번길 31","202512~202712","신규","-","","","아파트"
"9015","충청북도 청주시 흥덕구 가경동","1511","1511","0000","대원","전세","59.9400","202510","18","15,750","0","15","1997","가경로 120","202512~202712","갱신","사용","15,000","0","아파트"
"9016","충청북도 청주시 흥덕구 강서동","473","0473","0000","경성하늘샵","월세","23.6000","202510","18","300","40","11","2013","가로수로1164번길 41-48","202510~202610","신규","-","","","아파트"
"9017","충청북도 청주시 서원구 개신동","635","0635","0000","주공뜨란채","전세","59.4200","202510","18","15,700","0","3","2000","경신로 68","202512~202712","신규","-","","","아파트"
"9018","충청북도 청주시 서원구 개신동","635","0635","0000","주공뜨란채","전세","59.4200","202510","18","15,700","0","3","2000","경신로 68","-","-","-","","","아파트"
"9019","충청북도 청주시 흥덕구 복대동","3377","3377","0000","신영지웰","월세","84.7870","202510","18","30,000","50","3","2009","진재로103번길 37","-","-","-","","","아파트"
"9020","충청북도 청주시 흥덕구 복대동","3379","3379","0000","신영지웰시티1차","월세","99.1260","202510","18","5,000","200","25","2010","대농로 17","202512~202706","신규","-","","","아파트"
"9021","충청북도 청주시 흥덕구 복대동","3367","3367","0000","어울림","월세","123.6100","202510","18","30,000","50","13","2009","대신로74번길 21","202512~202712","신규","-","","","아파트"
"9022","충청북도 청주시 흥덕구 강서동","460","0460","0000","이랜드타운힐스싱글스위트청주","월세","19.9600","202510","18","300","43","5","2019","2순환로 1228","202510~202610","신규","-","","","아파트"
"9023","충청북도 청주시 흥덕구 가경동","2251","2251","0000","청주가경아이파크4단지","전세","84.8743","202510","18","44,000","0","12","2022","홍골로 82","202601~202801","신규","-","","","아파트"
"9024","충청북도 청주시 서원구 분평동","237","0237","0000","우성2","전세","156.7600","202510","18","22,000","0","7","1990","청남로2005번길 45","202512~202712","신규","-","","","아파트"
"9025","충청북도 청주시 서원구 분평동","1202","1202","0000","분평주공2","월세","59.7100","202510","18","13,000","10","9","1997","1순환로1137번길 129","202511~202711","신규","-","","","아파트"
"9026","충청북도 청주시 흥덕구 옥산면 오산리","589-5","0589","0005","금정2","월세","59.9400","202510","18","1,000","50","11","1997","오송가락로 752","202511~202611","신규","-","","","아파트"
"9027","충청북도 청주시 상당구 방서동","654","0654","0000","청주센트럴자이","월세","73.6455","202510","18","3,000","130","4","2018","단재로 316","202511~202701","신규","-","","","아파트"
"9028","충청북도 청주시 상당구 영운동","222","0222","0000","파모스라움아파트","월세","59.4320","202510","18","2,000","70","3","2018","수영로 180","202511~202711","신규","-","","","아파트"
"9029","충청북도 청주시 청원구 오창읍 주성리","562","0562","0000","오창모아미래도와이드시티","전세","74.7518","202510","18","24,000","0","11","2016","2산단로 167","202512~202712","신규","-","","","아파트"
"9030","충청북도 청주시 상당구 방서동","653","0653","0000","중흥에스-클래스더퍼스트","전세","84.9970","202510","18","34,000","0","16","2018","단재로 312","202511~202711","신규","-","","","아파트"
"9031","충청북도 청주시 상당구 영동","50","0050","0000","평화","전세","72.8800","202510","18","10,000","0","4","1983","사직대로361번길 99","202510~202710","신규","-","","","아파트"
"9032","충청북도 청주시 흥덕구 오송읍 연제리","731","0731","0000","오송상록롯데캐슬","월세","84.9490","202510","18","10,000","70","5","2010","오송생명5로 202","202601~202801","신규","-","","","아파트"
"9033","충청북도 청주시 상당구 용암동","3147","3147","0000","시티프라디움2단지","전세","84.9954","202510","18","40,000","0","25","2020","중고개로142번길 17","202602~202802","신규","-","","","아파트"
"9034","충청북도 청주시 상당구 용암동","3146","3146","0000","시티프라디움1단지","전세","84.9954","202510","18","27,000","0","14","2020","중고개로142번길 31","202512~202712","신규","-","","","아파트"
"9035","충청북도 청주시 상당구 영운동","212-5","0212","0005","한일","월세","64.9800","202510","18","1,000","60","2","1987","수영로110번길 9-2","202510~202605","신규","-","","","아파트"
"9036","충청북도 청주시 상당구 용암동","3150","3150","0000","청주동남우미린에듀포레","전세","100.9672","202510","18","43,100","0","11","2021","중고개로142번길 20","202511~202711","갱신","-","43,000","0","아파트"
"9037","충청북도 청주시 상당구 용암동","2086","2086","0000","효성","월세","59.2200","202510","18","1,000","63","11","1994","월평로 221","202510~202710","신규","-","","","아파트"
"9038","충청북도 청주시 상당구 용암동","2086","2086","0000","효성","전세","59.4300","202510","18","11,200","0","6","1994","월평로 221","202511~202711","신규","-","","","아파트"
"9039","충청북도 청주시 상당구 용암동","2537","2537","0000","중흥마을마이빌아파트","월세","59.9187","202510","18","2,000","70","10","2003","중흥로 148","202511~202611","신규","-","","","아파트"
"9040","충청북도 청주시 흥덕구 오송읍 연제리","731","0731","0000","오송상록롯데캐슬","월세","84.9490","202510","18","10,000","70","5","2010","오송생명5로 202","-","-","-","","","아파트"
"9041","충청북도 청주시 상당구 용담동","425","0425","0000","가좌마을부영","전세","59.9870","202510","18","15,500","0","15","2003","호미로 329","202601~202801","신규","-","","","아파트"
"9042","충청북도 청주시 청원구 내수읍 마산리","123","0123","0000","내수진흥아파트","월세","59.8500","202510","18","500","45","6","1990","마산길 72","202511~202710","신규","-","","","아파트"
"9043","충청북도 진천군 덕산읍 두촌리","2718","2718","0000","영무예다음1차","월세","84.9364","202510","18","2,000","100","17","2015","대하로 87","202511~202711","신규","-","","","아파트"
"9044","충청북도 진천군 덕산읍 두촌리","3145","3145","0000","충북혁신도시동일하이빌파크테라스","전세","63.9960","202510","18","19,000","0","22","2024","대하로 194","202603~202803","갱신","사용","19,000","0","아파트"
"9045","충청북도 제천시 청전동","987","0987","0000","덕일한마음","월세","59.8500","202510","18","1,000","60","9","1995","칠성로 5","202510~202710","신규","-","","","아파트"
"9046","충청북도 진천군 진천읍 성석리","969-6","0969","0006","e편한세상진천로얄하임","전세","84.9808","202510","18","24,000","0","3","2023","문화로 404","202511~202711","신규","-","","","아파트"
"9047","충청북도 충주시 주덕읍 화곡리","1111","1111","0000","서충주푸르지오더퍼스트","월세","74.6975","202510","18","1,000","75","33","2025","화개1길 74","202510~202710","신규","-","","","아파트"
"9048","충청북도 충주시 주덕읍 화곡리","1111","1111","0000","서충주푸르지오더퍼스트","월세","74.6975","202510","18","1,000","75","33","2025","화개1길 74","202510~202710","신규","-","","","아파트"
"9049","충청북도 충주시 호암동","1063","1063","0000","충주호암두진하트리움아파트","전세","66.9570","202510","18","25,200","0","5","2019","호암수청2로 78","202511~202711","갱신","사용","24,000","0","아파트"
"9050","충청북도 충주시 호암동","1052","1052","0000","우미린에듀시티","전세","96.9177","202510","18","30,000","0","17","2019","호암수청1로 13","202511~202611","신규","-","","","아파트"
"9051","충청북도 청주시 흥덕구 강내면 월곡리","150-33","0150","0033","진흥1","월세","49.8800","202510","18","500","40","2","1988","가로수로 640-19","202510~202710","신규","-","","","아파트"
"9052","충청북도 청주시 청원구 율량동","1292","1292","0000","신라(1292-0)","월세","30.6000","202510","18","300","28","10","1995","율봉로94번길 9","202510~202710","신규","-","","","아파트"
"9053","충청북도 청주시 흥덕구 오송읍 봉산리","798","0798","0000","오송역파라곤센트럴시티","월세","59.9800","202510","18","3,000","95","10","2023","오송생명7로 151","202511~202611","신규","-","","","아파트"
"9054","충청북도 제천시 화산동","1009","1009","0000","서희스타힐스","전세","74.8417","202510","18","17,000","0","8","2016","원화산로 43","202512~202712","신규","-","","","아파트"
"9055","충청북도 제천시 화산동","1009","1009","0000","서희스타힐스","전세","74.8417","202510","18","17,000","0","8","2016","원화산로 43","202512~202712","신규","-","","","아파트"
"9056","충청북도 충주시 교현동","132","0132","0000","금산","월세","76.8150","202510","18","1,000","50","3","1990","만리산13길 20","202510~202710","신규","-","","","아파트"
"9057","충청북도 충주시 대소원면 본리","645","0645","0000","충주코아루퍼스트아파트","월세","59.3554","202510","18","1,000","60","14","2016","첨단산업4로 24","202510~202710","신규","-","","","아파트"
"9058","충청북도 충주시 중앙탑면 용전리","661","0661","0000","e편한세상충주","월세","59.8841","202510","18","1,000","60","17","2017","원앙9길 15","202511~202711","신규","-","","","아파트"
"9059","충청북도 청주시 흥덕구 문암동","213","0213","0000","청주테크노폴리스신영지웰푸르지오","전세","59.9721","202510","18","29,000","0","3","2022","송화로 229","202511~202711","신규","-","","","아파트"
"9060","충청북도 청주시 흥덕구 문암동","213","0213","0000","청주테크노폴리스신영지웰푸르지오","전세","84.9664","202510","18","36,000","0","7","2022","송화로 229","202512~202712","신규","-","","","아파트"
"9061","충청북도 충주시 호암동","542-1","0542","0001","세경","전세","56.8800","202510","18","5,600","0","4","1989","신촌2길 14","-","-","-","","","아파트"
"9062","충청북도 제천시 장락동","1026","1026","0000","장락주공2단지","월세","59.8000","202510","18","2,000","70","14","1999","죽하로 48","202510~202710","신규","-","","","아파트"
"9063","충청북도 증평군 증평읍 미암리","1073","1073","0000","증평코아루휴티스","전세","81.2323","202510","18","24,000","0","15","2021","미암로 59","202512~202712","신규","-","","","아파트"
"9064","충청북도 충주시 중앙탑면 용전리","656","0656","0000","미진이지비아","전세","59.9903","202510","18","13,000","0","10","2017","기업도시로 189","202511~202711","신규","-","","","아파트"
"9065","충청북도 충주시 중앙탑면 용전리","721","0721","0000","충주시티자이","전세","84.9571","202510","18","17,000","0","1","2017","원앙4길 51","202511~202711","신규","-","","","아파트"
"9066","충청북도 충주시 중앙탑면 용전리","721","0721","0000","충주시티자이","전세","72.9988","202510","18","15,500","0","3","2017","원앙4길 51","202512~202712","신규","-","","","아파트"
"9067","충청북도 진천군 진천읍 교성리","466","0466","0000","진천풍림아이원트리니움","월세","59.9900","202510","18","1,000","55","16","2025","대학로 36","202511~202711","신규","-","","","아파트"
"9068","충청북도 제천시 고암동","1163-1","1163","0001","부강","전세","59.6750","202510","18","5,800","0","5","1988","고암로 88","-","-","-","","","아파트"
"9069","충청북도 충주시 연수동","1767","1767","0000","충주센트럴푸르지오","전세","84.9593","202510","18","30,000","0","16","2018","연수서편2길 11","202512~202712","신규","-","","","아파트"
"9070","충청북도 청주시 청원구 사천동","231-4","0231","0004","보성(231-4)","월세","59.1400","202510","18","1,000","55","2","1988","율봉로56번길 5","202511~202711","신규","-","","","아파트"
"9071","충청북도 청주시 청원구 사천동","25-2","0025","0002","정도드림-빌","월세","29.9200","202510","18","500","40","4","1999","공항로 159-12","202510~202710","신규","-","","","아파트"
"9072","충청북도 청주시 청원구 주성동","337","0337","0000","대원칸타빌3차아파트","전세","84.7980","202510","18","36,000","0","3","2015","율량로 135","202601~202801","신규","-","","","아파트"
"9073","충청북도 진천군 덕산읍 두촌리","2456","2456","0000","영무예다음2차","전세","75.3932","202510","17","20,000","0","7","2016","대하로 195","202512~202712","신규","-","","","아파트"
"9074","충청북도 청주시 청원구 사천동","229-1","0229","0001","신동아","월세","72.7800","202510","17","1,000","60","1","1993","율봉로 77","202510~202710","신규","-","","","아파트"
"9075","충청북도 충주시 안림동","1167","1167","0000","충주안림엘에이치천년나무1단지","월세","84.9700","202510","17","2,000","90","6","2015","봉현로 365","202512~202712","신규","-","","","아파트"
"9076","충청북도 진천군 진천읍 교성리","144","0144","0000","진천교성주공","전세","49.8500","202510","17","5,000","0","10","2000","중앙서로 89","202510~202710","신규","-","","","아파트"
"9077","충청북도 진천군 진천읍 교성리","466","0466","0000","진천풍림아이원트리니움","월세","74.9500","202510","17","2,000","50","7","2025","대학로 36","202511~202711","신규","-","","","아파트"
"9078","충청북도 청주시 흥덕구 오송읍 봉산리","1510","1510","0000","오송역대광로제비앙","전세","59.9406","202510","17","15,270","0","20","2023","오송생명8로 178","202510~202710","신규","-","","","아파트"
"9079","충청북도 진천군 덕산읍 두촌리","3147","3147","0000","우미린스테이","월세","70.5634","202510","17","10,240","17","14","2018","대하로 150","202512~202712","갱신","-","10,240","15","아파트"
"9080","충청북도 충주시 용산동","1610-1","1610","0001","신원청실","월세","59.7600","202510","17","4,900","20","5","1991","금봉3길 8","-","-","-","","","아파트"
"9081","충청북도 옥천군 옥천읍 문정리","430-1","0430","0001","하늘빛아파트","전세","84.9934","202510","17","20,000","0","7","2007","동부로 16","202511~202711","신규","-","","","아파트"
"9082","충청북도 진천군 덕산읍 두촌리","3147","3147","0000","우미린스테이","월세","78.2298","202510","17","11,500","20","13","2018","대하로 150","-","-","-","","","아파트"
"9083","충청북도 충주시 칠금동","629","0629","0000","금능현대","전세","59.9850","202510","17","8,000","0","6","1995","금릉로 45","202511~202711","신규","-","","","아파트"
"9084","충청북도 제천시 고암동","1142","1142","0000","고암두진4차","월세","33.0000","202510","17","300","35","1","2000","용두천로 378","202511~202711","신규","-","","","아파트"
"9085","충청북도 충주시 주덕읍 신중리","69-1","0069","0001","주한","월세","34.5600","202510","17","300","35","15","1993","신덕로 1302","202510~202610","신규","-","","","아파트"
"9086","충청북도 진천군 진천읍 장관리","880","0880","0000","진천장관사랑으로부영2차","전세","59.9605","202510","17","9,740","0","1","2013","진광로 97-13","202511~202611","신규","-","","","아파트"
"9087","충청북도 진천군 진천읍 장관리","880","0880","0000","진천장관사랑으로부영2차","월세","59.9605","202510","17","5,060","16","11","2013","진광로 97-13","202510~202610","신규","-","","","아파트"
"9088","충청북도 진천군 진천읍 장관리","884","0884","0000","진천장관사랑으로부영1차","월세","59.9605","202510","17","5,060","16","1","2013","장관2길 139","202601~202701","신규","-","","","아파트"
"9089","충청북도 진천군 진천읍 장관리","880","0880","0000","진천장관사랑으로부영2차","월세","59.9605","202510","17","5,060","16","11","2013","진광로 97-13","202510~202610","신규","-","","","아파트"
"9090","충청북도 충주시 대소원면 본리","649","0649","0000","중앙하이츠프리미어충주","월세","84.9600","202510","17","2,000","70","4","2023","첨단산업4로 54","202510~202710","신규","-","","","아파트"
"9091","충청북도 제천시 고암동","1250","1250","0000","고암주공1","월세","47.2500","202510","17","500","35","2","1986","고암로14길 13","202511~202811","신규","-","","","아파트"
"9092","충청북도 청주시 흥덕구 오송읍 봉산리","1510","1510","0000","오송역대광로제비앙","전세","59.9406","202510","17","15,270","0","22","2023","오송생명8로 178","202510~202710","신규","-","","","아파트"
"9093","충청북도 충주시 중앙탑면 용전리","661","0661","0000","e편한세상충주","전세","59.8841","202510","17","15,000","0","12","2017","원앙9길 15","202511~202711","신규","-","","","아파트"
"9094","충청북도 충주시 중앙탑면 용전리","661","0661","0000","e편한세상충주","월세","59.8841","202510","17","1,000","68","17","2017","원앙9길 15","202511~202611","갱신","-","1,000","80","아파트"
"9095","충청북도 청주시 흥덕구 오송읍 봉산리","798","0798","0000","오송역파라곤센트럴시티","월세","59.9800","202510","17","1,000","110","5","2023","오송생명7로 151","202511~202711","신규","-","","","아파트"
"9096","충청북도 진천군 진천읍 장관리","880","0880","0000","진천장관사랑으로부영2차","월세","84.9877","202510","17","8,657","14","11","2013","진광로 97-13","202510~202610","신규","-","","","아파트"
"9097","충청북도 충주시 연수동","700","0700","0000","두진1차","월세","39.8100","202510","17","500","35","13","1991","연수로 7","202512~202712","신규","-","","","아파트"
"9098","충청북도 충주시 연수동","701-9","0701","0009","연수부강","전세","42.1100","202510","17","4,500","0","3","1995","후곡길 19","202511~202711","신규","-","","","아파트"
"9099","충청북도 옥천군 옥천읍 마암리","489","0489","0000","옥천역금호어울림더퍼스트","전세","84.9114","202510","17","20,000","0","4","2025","대천길 42","202511~202711","신규","-","","","아파트"
"9100","충청북도 청주시 청원구 율량동","1135","1135","0000","한울아파트302동","전세","45.3600","202510","17","8,000","0","14","1999","주성로96번길 8","202511~202711","갱신","-","8,000","0","아파트"
"9101","충청북도 제천시 장락동","460","0460","0000","천일베리굿","월세","59.9520","202510","17","2,000","70","9","2003","내토로65길 17","202511~202711","신규","-","","","아파트"
"9102","충청북도 제천시 장락동","1060","1060","0000","세영리첼에듀퍼스트","전세","84.9198","202510","17","30,000","0","14","2025","용두천로44길 50","202510~202710","신규","-","","","아파트"
"9103","충청북도 청주시 흥덕구 송절동","1196","1196","0000","청주테크노폴리스힐데스하임","전세","84.9900","202510","17","30,000","0","2","2025","송화로 115","202512~202712","신규","-","","","아파트"
"9104","충청북도 청주시 흥덕구 오송읍 봉산리","1531","1531","0000","오송역대광로제비앙그랜드센텀","전세","84.9140","202510","17","25,500","0","16","2024","오송생명14로 283","202510~202710","신규","-","","","아파트"
"9105","충청북도 충주시 연수동","930","0930","0000","세원","월세","59.5200","202510","17","2,000","45","11","1991","번영대로 120","202511~202711","신규","-","","","아파트"
"9106","충청북도 청주시 흥덕구 복대동","2456","2456","0000","아름다운나날영조1","전세","59.3291","202510","17","17,500","0","2","2003","증안로 21","202511~202711","갱신","사용","17,000","0","아파트"
"9107","충청북도 청주시 흥덕구 복대동","3379","3379","0000","신영지웰시티1차","월세","99.1260","202510","17","5,000","200","11","2010","대농로 17","202511~202711","신규","-","","","아파트"
"9108","충청북도 청주시 흥덕구 봉명동","1857-1","1857","0001","리치먼드시티","전세","21.0286","202510","17","6,320","0","9","2023","직지대로 551","202512~202712","갱신","-","6,320","0","아파트"
"9109","충청북도 청주시 흥덕구 봉명동","1855","1855","0000","푸른","월세","44.1300","202510","17","1,000","85","13","1994","월명로 124","202510~202610","신규","-","","","아파트"
"9110","충청북도 청주시 흥덕구 봉명동","1857-1","1857","0001","리치먼드시티","전세","21.0286","202510","17","6,320","0","9","2023","직지대로 551","202511~202711","갱신","-","6,320","0","아파트"
"9111","충청북도 청주시 서원구 수곡동","324","0324","0000","주공1","월세","47.0100","202510","17","500","42","2","1990","구룡산로 319","202511~202711","신규","-","","","아파트"
"9112","충청북도 청주시 서원구 수곡동","231-2","0231","0002","선광한빛","월세","29.1600","202510","17","1,000","38","6","1998","매봉로60번길 18","202510~202610","신규","-","","","아파트"
"9113","충청북도 음성군 대소면 성본리","819","0819","0000","음성푸르지오센터피크","월세","84.8954","202510","17","1,000","65","7","2025","성본산단5로 29","202511~202711","신규","-","","","아파트"
"9114","충청북도 청주시 흥덕구 봉명동","1857-1","1857","0001","리치먼드시티","전세","21.0286","202510","17","6,320","0","7","2023","직지대로 551","202512~202712","갱신","-","6,320","0","아파트"
"9115","충청북도 청주시 서원구 모충동","452","0452","0000","주공1","전세","47.2500","202510","17","7,300","0","3","1985","쌍샘로 84","202512~202712","신규","-","","","아파트"
"9116","충청북도 청주시 흥덕구 가경동","1515","1515","0000","덕일한마음","월세","59.9800","202510","17","2,000","70","5","1997","장구봉로 71","202510~202710","신규","-","","","아파트"
"9117","충청북도 청주시 흥덕구 가경동","1550","1550","0000","2단지주공","전세","59.9200","202510","17","16,900","0","8","2002","가경로 26","202510~202710","갱신","사용","16,100","0","아파트"
"9118","충청북도 청주시 흥덕구 가경동","1550","1550","0000","2단지주공","전세","49.8000","202510","17","14,400","0","20","2002","가경로 26","202511~202711","신규","-","","","아파트"
"9119","충청북도 청주시 흥덕구 봉명동","1857-1","1857","0001","리치먼드시티","전세","21.0286","202510","17","6,320","0","13","2023","직지대로 551","202512~202712","갱신","-","6,320","0","아파트"
"9120","충청북도 청주시 흥덕구 운천동","577","0577","0000","삼일무지개","월세","30.4200","202510","17","300","30","6","1994","사운로 278","202510~202710","신규","-","","","아파트"
"9121","충청북도 청주시 흥덕구 운천동","676","0676","0000","형석","월세","39.6900","202510","17","1,000","30","4","1987","사운로 283","202511~202711","신규","-","","","아파트"
"9122","충청북도 청주시 흥덕구 비하동","238-1","0238","0001","삼일","전세","59.8800","202510","17","10,000","0","2","1990","비하로63번길 24","202510~202710","신규","-","","","아파트"
"9123","충청북도 청주시 서원구 사직동","931","0931","0000","푸르지오캐슬(101~117)","전세","84.4000","202510","17","27,000","0","17","2010","예체로 68","202511~202711","신규","-","","","아파트"
"9124","충청북도 청주시 흥덕구 봉명동","1833","1833","0000","봉명베리굿2차","월세","46.0435","202510","17","1,000","80","13","2023","직지대로 605","202510~202710","신규","-","","","아파트"
"9125","충청북도 청주시 흥덕구 봉명동","1857-1","1857","0001","리치먼드시티","월세","27.7517","202510","17","1,628","20","14","2023","직지대로 551","202512~202711","갱신","-","1,648","21","아파트"
"9126","충청북도 청주시 흥덕구 봉명동","1831","1831","0000","HS포레","전세","35.7600","202510","17","12,500","0","25","2023","직지대로 609","202511~202711","신규","-","","","아파트"
"9127","충청북도 청주시 흥덕구 봉명동","1857-1","1857","0001","리치먼드시티","전세","21.0286","202510","17","6,320","0","6","2023","직지대로 551","202511~202711","갱신","-","5,056","4","아파트"
"9128","충청북도 청주시 서원구 사직동","937","0937","0000","푸르지오캐슬(401~413)","전세","84.4000","202510","17","19,101","0","9","2010","창직로 50","202512~202711","갱신","-","18,192","0","아파트"
"9129","충청북도 청주시 흥덕구 옥산면 오산리","160-1","0160","0001","한울1","월세","59.8200","202510","17","1,000","50","3","1992","청주역로 705","202510~202710","신규","-","","","아파트"
"9130","충청북도 청주시 흥덕구 옥산면 오산리","589-5","0589","0005","금정2","월세","59.9400","202510","17","1,000","50","1","1997","오송가락로 752","202510~202610","신규","-","","","아파트"
"9131","충청북도 청주시 흥덕구 봉명동","2934","2934","0000","청주SKVIEW자이","월세","59.9735","202510","17","3,000","130","12","2024","월명로 76","202512~202712","신규","-","","","아파트"
"9132","충청북도 청주시 서원구 모충동","553","0553","0000","청주모충LH트릴로채","전세","59.9600","202510","17","25,000","0","28","2021","쌍샘로 22","202512~202712","신규","-","","","아파트"
"9133","충청북도 청주시 서원구 산남동","678","0678","0000","대원칸타빌1차","전세","84.9992","202510","17","27,000","0","4","2007","두꺼비로 63","202510~202710","신규","-","","","아파트"
"9134","충청북도 청주시 서원구 모충동","516","0516","0000","주공2","전세","39.6900","202510","17","6,000","0","5","1989","모충로 61","-","-","-","","","아파트"
"9135","충청북도 청주시 흥덕구 강서동","460","0460","0000","이랜드타운힐스싱글스위트청주","월세","19.9600","202510","17","500","48","4","2019","2순환로 1228","202510~202610","신규","-","","","아파트"
"9136","충청북도 청주시 서원구 성화동","1034","1034","0000","청주성화2다안채6단지","전세","84.9600","202510","17","27,000","0","13","2013","구룡산로52번길 51","202510~202604","신규","-","","","아파트"
"9137","충청북도 청주시 흥덕구 복대동","3382","3382","0000","복대두진하트리움","전세","59.8948","202510","17","33,000","0","23","2015","죽천로 27","202511~202711","신규","-","","","아파트"
"9138","충청북도 청주시 흥덕구 복대동","992","0992","0000","형석(992)","월세","22.6800","202510","17","4,500","5","2","1990","복대로 159","202511~202711","신규","-","","","아파트"
"9139","충청북도 청주시 상당구 방서동","806","0806","0000","우미린풀하우스","전세","84.9687","202510","17","30,000","0","8","2020","동남로 15","202510~202610","신규","-","","","아파트"
"9140","충청북도 청주시 상당구 용암동","2060","2060","0000","부영","전세","50.4900","202510","17","7,910","0","12","1996","월평로 243","202511~202611","갱신","-","7,755","0","아파트"
"9141","충청북도 청주시 상당구 용암동","3150","3150","0000","청주동남우미린에듀포레","전세","84.9687","202510","17","36,000","0","16","2021","중고개로142번길 20","202602~202802","신규","-","","","아파트"
"9142","충청북도 청주시 상당구 문화동","118","0118","0000","문화동센트럴칸타빌","전세","96.9311","202510","17","33,000","0","6","2018","용담로 7","202510~202610","신규","-","","","아파트"
"9143","충청북도 청주시 상당구 용암동","2099","2099","0000","건영","전세","84.9300","202510","17","16,500","0","1","1999","중흥로 71","202511~202711","신규","-","","","아파트"
"9144","충청북도 청주시 상당구 용암동","2060","2060","0000","부영","전세","50.4900","202510","17","7,910","0","5","1996","월평로 243","202511~202611","신규","-","","","아파트"
"9145","충청북도 청주시 청원구 우암동","372-6","0372","0006","라임미소가","월세","48.1300","202510","17","1,000","60","6","2017","향군로 110","202510~202710","신규","-","","","아파트"
"9146","충청북도 청주시 흥덕구 오송읍 만수리","549","0549","0000","오송경남아너스빌","월세","84.9700","202510","17","2,000","100","13","2009","오송생명5로 201","202511~202711","신규","-","","","아파트"
"9147","충청북도 청주시 청원구 오창읍 주성리","567","0567","0000","충북오창사랑으로부영5단지","전세","82.8216","202510","17","16,542","0","15","2015","2산단4로 20","202512~202612","갱신","-","16,542","0","아파트"
"9148","충청북도 청주시 청원구 오창읍 주성리","561","0561","0000","충북오창사랑으로부영8단지","전세","82.8216","202510","17","16,542","0","6","2015","2산단로 151","202510~202610","갱신","-","16,542","0","아파트"
"9149","충청북도 청주시 청원구 오창읍 주성리","564","0564","0000","사랑으로부영7단지","전세","57.7554","202510","17","12,357","0","16","2014","2산단4로 60","202510~202610","갱신","-","12,199","0","아파트"
"9150","충청북도 청주시 청원구 오창읍 주성리","564","0564","0000","사랑으로부영7단지","전세","57.7554","202510","17","12,357","0","6","2014","2산단4로 60","202511~202611","갱신","-","12,199","0","아파트"
"9151","충청북도 청주시 청원구 오창읍 주성리","567","0567","0000","충북오창사랑으로부영5단지","전세","82.8216","202510","17","16,542","0","8","2015","2산단4로 20","202511~202611","갱신","-","16,542","0","아파트"
"9152","충청북도 청주시 청원구 오창읍 주성리","556","0556","0000","오창대성베르힐","월세","84.8520","202510","17","2,000","110","10","2015","2산단로 160","202510~202710","신규","-","","","아파트"
"9153","충청북도 청주시 청원구 오창읍 주성리","569","0569","0000","충북오창사랑으로부영6단지","전세","57.7554","202510","17","12,567","0","23","2014","2산단로 125","202511~202611","갱신","-","12,382","0","아파트"
"9154","충청북도 청주시 청원구 오창읍 주성리","569","0569","0000","충북오창사랑으로부영6단지","월세","57.7554","202510","17","5,682","29","1","2014","2산단로 125","202510~202610","신규","-","","","아파트"
"9155","충청북도 청주시 청원구 오창읍 주성리","564","0564","0000","사랑으로부영7단지","전세","57.7554","202510","17","12,357","0","6","2014","2산단4로 60","202511~202611","갱신","-","12,199","0","아파트"
"9156","충청북도 청주시 상당구 금천동","270","0270","0000","장자마을현대(2단지)","월세","84.8943","202510","17","2,000","100","15","2002","수영로 328","202511~202711","신규","-","","","아파트"
"9157","충청북도 청주시 상당구 금천동","77-7","0077","0007","뉴타운","월세","84.9000","202510","17","500","80","15","1993","꽃산동로 41","202510~202710","갱신","-","500","55","아파트"
"9158","충청북도 청주시 상당구 영동","50","0050","0000","평화","전세","70.7800","202510","17","9,700","0","4","1982","사직대로361번길 99","202511~202711","갱신","-","9,700","0","아파트"
"9159","충청북도 청주시 서원구 남이면 가마리","378","0378","0000","청주가마힐데스하임","전세","84.9476","202510","17","26,250","0","9","2016","2순환로 1717","-","-","-","","","아파트"
"9160","충청북도 청주시 서원구 남이면 가마리","378","0378","0000","청주가마힐데스하임","전세","84.9476","202510","17","26,250","0","9","2016","2순환로 1717","202512~202702","갱신","사용","25,000","0","아파트"
"9161","충청북도 청주시 청원구 내수읍 도원리","23","0023","0000","우창진주3차아파트","월세","59.9000","202510","17","500","40","11","1998","도원세교로 85","202511~202711","신규","-","","","아파트"
"9162","충청북도 청주시 상당구 금천동","122-1","0122","0001","삼일","월세","59.7200","202510","16","500","37","5","1987","영운천로69번길 73","202512~202712","갱신","-","500","37","아파트"
"9163","충청북도 청주시 상당구 금천동","77-7","0077","0007","뉴타운","월세","84.9000","202510","16","2,000","66","13","1993","꽃산동로 41","202510~202710","신규","-","","","아파트"
"9164","충청북도 청주시 상당구 용암동","3145","3145","0000","청주동남1단지","월세","37.7800","202510","16","1,937","19","18","2020","호미로 137","202512~202711","갱신","-","1,850","18","아파트"
"9165","충청북도 청주시 흥덕구 오송읍 만수리","549-1","0549","0001","청원오송휴먼시아1단지","월세","51.9300","202510","16","4,560","10","6","2008","오송가락로 235","202512~202711","갱신","-","4,440","21","아파트"
"9166","충청북도 청주시 상당구 용암동","3145","3145","0000","청주동남1단지","월세","37.7800","202510","16","4,037","9","18","2020","호미로 137","202512~202711","갱신","-","1,850","18","아파트"
"9167","충청북도 청주시 청원구 오창읍 각리","636-2","0636","0002","한신더휴센트럴파크","월세","84.9893","202510","16","4,000","150","10","2018","오창공원로 96","202511~202709","신규","-","","","아파트"
"9168","충청북도 청주시 청원구 오창읍 주성리","569","0569","0000","충북오창사랑으로부영6단지","전세","57.7554","202510","16","12,567","0","11","2014","2산단로 125","202510~202610","신규","-","","","아파트"
"9169","충청북도 청주시 청원구 오창읍 주성리","564","0564","0000","사랑으로부영7단지","전세","57.7554","202510","16","12,357","0","8","2014","2산단4로 60","202511~202611","갱신","-","12,199","0","아파트"
"9170","충청북도 청주시 청원구 오창읍 각리","639-4","0639","0004","오창반도유보라퍼스티지","월세","84.9654","202510","16","3,000","140","17","2024","과학산업3로 216","202510~202710","신규","-","","","아파트"
"9171","충청북도 청주시 청원구 오창읍 각리","636-2","0636","0002","한신더휴센트럴파크","월세","84.9893","202510","16","4,000","150","10","2018","오창공원로 96","-","-","-","","","아파트"
"9172","충청북도 청주시 청원구 오창읍 주성리","564","0564","0000","사랑으로부영7단지","월세","57.7554","202510","16","9,347","12","21","2014","2산단4로 60","202601~202701","갱신","-","9,228","12","아파트"
"9173","충청북도 청주시 상당구 용암동","2082","2082","0000","소라","전세","59.7000","202510","16","11,000","0","14","1994","원봉로 21","202510~202710","갱신","-","10,500","0","아파트"
"9174","충청북도 청주시 청원구 오창읍 주성리","564","0564","0000","사랑으로부영7단지","전세","57.7554","202510","16","12,357","0","18","2014","2산단4로 60","202511~202611","갱신","-","12,199","0","아파트"
"9175","충청북도 청주시 청원구 오창읍 주성리","569","0569","0000","충북오창사랑으로부영6단지","월세","57.7554","202510","16","5,682","29","2","2014","2산단로 125","202512~202612","신규","-","","","아파트"
"9176","충청북도 청주시 청원구 오창읍 주성리","569","0569","0000","충북오창사랑으로부영6단지","월세","57.7554","202510","16","5,682","29","2","2014","2산단로 125","202511~202611","신규","-","","","아파트"
"9177","충청북도 청주시 청원구 오창읍 주성리","569","0569","0000","충북오창사랑으로부영6단지","전세","57.7554","202510","16","12,567","0","12","2014","2산단로 125","202511~202611","갱신","-","12,382","0","아파트"
"9178","충청북도 청주시 청원구 오창읍 주성리","569","0569","0000","충북오창사랑으로부영6단지","전세","57.7554","202510","16","12,567","0","11","2014","2산단로 125","202511~202611","신규","-","","","아파트"
"9179","충청북도 청주시 청원구 오창읍 주성리","569","0569","0000","충북오창사랑으로부영6단지","월세","57.7554","202510","16","5,682","29","10","2014","2산단로 125","202511~202611","신규","-","","","아파트"
"9180","충청북도 청주시 상당구 용암동","2537","2537","0000","중흥마을마이빌아파트","전세","59.9187","202510","16","11,000","0","15","2003","중흥로 148","202511~202711","신규","-","","","아파트"
"9181","충청북도 청주시 상당구 영운동","135-19","0135","0019","두산하이츠","월세","22.9300","202510","16","200","25","5","1992","단재로95번길 40","202510~202710","신규","-","","","아파트"
"9182","충청북도 청주시 청원구 오창읍 주성리","569","0569","0000","충북오창사랑으로부영6단지","전세","57.7554","202510","16","12,567","0","11","2014","2산단로 125","202511~202611","신규","-","","","아파트"
"9183","충청북도 청주시 청원구 오창읍 주성리","564","0564","0000","사랑으로부영7단지","월세","57.7554","202510","16","3,223","38","12","2014","2산단4로 60","202511~202611","갱신","-","3,182","38","아파트"
"9184","충청북도 청주시 청원구 오창읍 주성리","569","0569","0000","충북오창사랑으로부영6단지","전세","57.7554","202510","16","12,567","0","19","2014","2산단로 125","202511~202611","신규","-","","","아파트"
"9185","충청북도 청주시 청원구 오창읍 주성리","569","0569","0000","충북오창사랑으로부영6단지","전세","57.7554","202510","16","12,567","0","16","2014","2산단로 125","202601~202701","갱신","-","12,382","0","아파트"
"9186","충청북도 청주시 청원구 오창읍 주성리","567","0567","0000","충북오창사랑으로부영5단지","전세","82.8216","202510","16","16,542","0","11","2015","2산단4로 20","202510~202610","갱신","-","16,542","0","아파트"
"9187","충청북도 충주시 목행동","896","0896","0000","영무예다음1차","월세","59.7995","202510","16","13,918","1","6","2018","행정2길 6","202512~202611","신규","-","","","아파트"
"9188","충청북도 충주시 교현동","155","0155","0000","충일","월세","44.8200","202510","16","300","28","4","1986","만리산9길 54","202510~202710","신규","-","","","아파트"
"9189","충청북도 제천시 신월동","1414","1414","0000","부영사랑으로","전세","84.8902","202510","16","15,000","0","5","2006","대학로12길 8","202510~202710","신규","-","","","아파트"
"9190","충청북도 충주시 주덕읍 화곡리","1250","1250","0000","서충주신도시삼일파라뷰2차그랜드시티","전세","84.9963","202510","16","30,000","0","8","2024","화개4길 29","202510~202702","신규","-","","","아파트"
"9191","충청북도 충주시 주덕읍 화곡리","1250","1250","0000","서충주신도시삼일파라뷰2차그랜드시티","전세","84.9963","202510","16","30,000","0","8","2024","화개4길 29","202510~202702","신규","-","","","아파트"
"9192","충청북도 영동군 영동읍 설계리","693","0693","0000","금강","월세","59.8800","202510","16","1,000","23","1","1994","눈어치1로 5","202510~202710","신규","-","","","아파트"
"9193","충청북도 청주시 청원구 율량동","1135","1135","0000","한울아파트302동","전세","45.3600","202510","16","7,300","0","3","1999","주성로96번길 8","202512~202712","갱신","-","7,300","0","아파트"
"9194","충청북도 진천군 진천읍 장관리","880","0880","0000","진천장관사랑으로부영2차","월세","84.9877","202510","16","5,060","25","20","2013","진광로 97-13","202511~202611","신규","-","","","아파트"
"9195","충청북도 청주시 청원구 사천동","683","0683","0000","남광하우스토리A단지","전세","102.2269","202510","16","30,000","0","3","2011","율봉로 7","202601~202801","신규","-","","","아파트"
"9196","충청북도 제천시 청전동","639","0639","0000","비둘기","월세","35.5200","202510","16","400","42","14","1991","청전대로 166","202510~202710","신규","-","","","아파트"
"9197","충청북도 음성군 맹동면 동성리","246","0246","0000","엘에이치이노밸리","월세","84.5300","202510","16","100","70","16","2014","학예로 55","202510~202710","신규","-","","","아파트"
"9198","충청북도 충주시 용산동","1678","1678","0000","용산주공2차","월세","49.7700","202510","16","500","45","10","1999","남산로 125","202511~202711","신규","-","","","아파트"
"9199","충청북도 진천군 덕산읍 두촌리","3147","3147","0000","우미린스테이","월세","70.5634","202510","16","10,240","17","20","2018","대하로 150","202512~202712","갱신","-","10,240","15","아파트"
"9200","충청북도 청주시 청원구 주성동","336","0336","0000","율량5단지선광로즈웰2차","전세","84.9746","202510","16","34,000","0","9","2014","율량로 119","202512~202712","신규","-","","","아파트"
"9201","충청북도 충주시 연수동","1227","1227","0000","연수주공1차","전세","39.6100","202510","16","5,500","0","5","1991","예성로 360","202512~202712","신규","-","","","아파트"
"9202","충청북도 충주시 연수동","1231","1231","0000","연수주공3차","전세","38.6400","202510","16","5,000","0","14","1994","주공길 24","202510~202710","신규","-","","","아파트"
"9203","충청북도 청주시 흥덕구 오송읍 봉산리","1530","1530","0000","오송역서한이다음노블리스","전세","134.4924","202510","16","38,000","0","2","2025","오송생명14로 217","202512~202712","신규","-","","","아파트"
"9204","충청북도 제천시 신백동","110","0110","0000","덕일한마음1","월세","59.9400","202510","16","2,000","50","3","1996","탑안로4길 11","202510~202710","신규","-","","","아파트"
"9205","충청북도 제천시 신백동","209-8","0209","0008","선광로즈웰","월세","46.0150","202510","16","700","52","9","2000","신백로 30","202511~202710","신규","-","","","아파트"
"9206","충청북도 청주시 흥덕구 강내면 월탄리","90","0090","0000","태암수정","월세","59.6650","202510","16","500","60","3","1997","태성탑연로 264","202510~202604","신규","-","","","아파트"
"9207","충청북도 충주시 중앙탑면 용전리","721","0721","0000","충주시티자이","전세","72.9988","202510","16","17,000","0","13","2017","원앙4길 51","202512~202712","신규","-","","","아파트"
"9208","충청북도 충주시 대소원면 본리","649","0649","0000","중앙하이츠프리미어충주","월세","84.9600","202510","16","2,000","80","12","2023","첨단산업4로 54","202510~202710","신규","-","","","아파트"
"9209","충청북도 진천군 이월면 사곡리","600-1","0600","0001","부영임대","전세","39.6900","202510","16","4,235","0","9","2004","진광로 121","202510~202610","신규","-","","","아파트"
"9210","충청북도 충주시 호암동","547-6","0547","0006","호반현대","월세","59.7600","202510","16","2,000","60","9","1994","신촌2길 28","202511~202711","신규","-","","","아파트"
"9211","충청북도 충주시 호암동","1066","1066","0000","충주호암1단지","월세","37.4500","202510","16","1,645","22","7","2020","호암수청2로 56","202511~202710","갱신","-","1,571","21","아파트"
"9212","충청북도 충주시 봉방동","1047","1047","0000","충주주상복합모아미래도","전세","59.7464","202510","16","18,000","0","4","2023","삼원로 28","202511~202712","신규","-","","","아파트"
"9213","충청북도 음성군 대소면 태생리","423-20","0423","0020","개나리","월세","38.8800","202510","16","1,000","31","13","1997","대금로 410-5","202510~202710","갱신","-","1,000","29","아파트"
"9214","충청북도 충주시 용산동","1678","1678","0000","용산주공2차","월세","49.7700","202510","16","1,000","50","4","1999","남산로 125","202511~202711","신규","-","","","아파트"
"9215","충청북도 청주시 흥덕구 비하동","824","0824","0000","서청주파크자이","전세","59.9446","202510","16","29,000","0","16","2019","2순환로 1106","202511~202711","신규","-","","","아파트"
"9216","충청북도 음성군 대소면 성본리","819","0819","0000","음성푸르지오센터피크","월세","84.8928","202510","16","3,000","50","5","2025","성본산단5로 29","-","-","-","","","아파트"
"9217","충청북도 음성군 대소면 성본리","807","0807","0000","음성우미린풀하우스","전세","84.9957","202510","16","14,000","0","18","2025","성본산단4로 40","202511~202911","신규","-","","","아파트"
"9218","충청북도 청주시 흥덕구 운천동","676","0676","0000","형석","전세","39.6900","202510","16","5,000","0","5","1987","사운로 283","202510~202710","신규","-","","","아파트"
"9219","충청북도 청주시 흥덕구 운천동","676","0676","0000","형석","전세","39.6900","202510","16","5,000","0","5","1987","사운로 283","202510~202710","신규","-","","","아파트"
"9220","충청북도 청주시 흥덕구 강서동","500","0500","0000","미소랑2차아파트","월세","49.7775","202510","16","1,000","65","3","2015","서현중로 60-1","202510~202610","신규","-","","","아파트"
"9221","충청북도 청주시 서원구 개신동","504","0504","0000","우평원더라움","전세","59.9488","202510","16","21,000","0","2","2022","장구봉로 94","202510~202710","갱신","사용","20,000","0","아파트"
"9222","충청북도 청주시 서원구 개신동","504","0504","0000","우평원더라움","전세","59.9488","202510","16","21,000","0","2","2022","장구봉로 94","-","-","-","","","아파트"
"9223","충청북도 청주시 흥덕구 복대동","3377","3377","0000","신영지웰","전세","84.7870","202510","16","35,000","0","4","2009","진재로103번길 37","202601~202801","갱신","사용","35,000","0","아파트"
"9224","충청북도 청주시 흥덕구 복대동","3404","3404","0000","청주지웰시티푸르지오","전세","84.6790","202510","16","55,000","0","46","2019","대농로 45","202512~202712","신규","-","","","아파트"
"9225","충청북도 청주시 흥덕구 복대동","3029","3029","0000","현대2","월세","60.0000","202510","16","1,000","90","11","1999","증안로 77","202510~202710","신규","-","","","아파트"
"9226","충청북도 청주시 흥덕구 복대동","3403","3403","0000","청주복대2차두진하트리움아파트","전세","74.9074","202510","16","37,000","0","8","2018","대신로73번길 50","-","-","-","","","아파트"
"9227","충청북도 청주시 흥덕구 복대동","3403","3403","0000","청주복대2차두진하트리움아파트","전세","74.9074","202510","16","37,000","0","8","2018","대신로73번길 50","202601~202801","신규","-","","","아파트"
"9228","충청북도 청주시 흥덕구 복대동","833-1","0833","0001","청송","월세","70.6100","202510","16","500","70","5","1981","사직대로29번길 14","202510~202710","신규","-","","","아파트"
"9229","충청북도 청주시 흥덕구 복대동","2461","2461","0000","세원느티마을","전세","59.9800","202510","16","16,200","0","5","1999","진재로 67","202511~202711","신규","-","","","아파트"
"9230","충청북도 청주시 흥덕구 비하동","824","0824","0000","서청주파크자이","전세","59.9446","202510","16","30,000","0","19","2019","2순환로 1106","202511~202711","갱신","사용","30,000","0","아파트"
"9231","충청북도 청주시 흥덕구 비하동","362","0362","0000","효성2차","월세","45.2800","202510","16","500","60","3","1997","2순환로1050번길 24","202511~202711","신규","-","","","아파트"
"9232","충청북도 청주시 서원구 분평동","275-1","0275","0001","대승스카이빌","월세","34.8899","202510","16","1,000","35","12","2001","안뜸로12번길 13","202510~202710","신규","-","","","아파트"
"9233","충청북도 청주시 서원구 분평동","1261","1261","0000","주공4단지2차","월세","49.7700","202510","16","1,000","60","11","1998","1순환로1137번길 80","202510~202710","신규","-","","","아파트"
"9234","충청북도 청주시 서원구 분평동","320","0320","0000","우성1","전세","84.9500","202510","16","15,000","0","7","1990","1순환로1013번길 10","202511~202711","신규","-","","","아파트"
"9235","충청북도 음성군 감곡면 오향리","405-16","0405","0016","드림타워","월세","58.7237","202510","16","500","45","5","2011","거일길 27-38","202511~202711","신규","-","","","아파트"
"9236","충청북도 음성군 감곡면 오향리","557-4","0557","0004","부강","전세","59.9000","202510","16","6,000","0","5","1993","음성로 2640","202511~202711","신규","-","","","아파트"
"9237","충청북도 청주시 흥덕구 가경동","1550","1550","0000","2단지주공","전세","59.9200","202510","16","17,500","0","2","2002","가경로 26","202512~202801","신규","-","","","아파트"
"9238","충청북도 청주시 흥덕구 가경동","2236","2236","0000","청주가경아이파크2단지","전세","105.5800","202510","16","48,000","0","7","2020","서현로 68","202511~202711","갱신","사용","48,000","0","아파트"
"9239","충청북도 청주시 서원구 모충동","520-40","0520","0040","일신베네스트","월세","30.9480","202510","16","300","30","6","2004","모충로68번길 26","202510~202710","신규","-","","","아파트"
"9240","충청북도 청주시 서원구 모충동","553","0553","0000","청주모충LH트릴로채","월세","59.9600","202510","16","3,000","100","18","2021","쌍샘로 22","202511~202711","신규","-","","","아파트"
"9241","충청북도 청주시 서원구 수곡동","324","0324","0000","주공1","전세","39.6900","202510","16","7,500","0","4","1990","구룡산로 319","202511~202711","신규","-","","","아파트"
"9242","충청북도 청주시 서원구 수곡동","314","0314","0000","산남주공4단지아파트","월세","38.6400","202510","16","500","35","2","1993","구룡산로 275-13","202510~202710","신규","-","","","아파트"
"9243","충청북도 청주시 서원구 수곡동","314","0314","0000","산남주공4단지아파트","월세","76.5100","202510","16","12,400","15","5","1993","구룡산로 275-34","202510~202710","신규","-","","","아파트"
"9244","충청북도 청주시 서원구 수곡동","314","0314","0000","산남주공4단지아파트","월세","38.6400","202510","16","500","35","2","1993","구룡산로 275-13","202510~202710","신규","-","","","아파트"
"9245","충청북도 청주시 흥덕구 옥산면 오산리","590-1","0590","0001","아트빌","월세","59.9400","202510","15","600","50","9","1998","오송가락로 718","202511~202611","신규","-","","","아파트"
"9246","충청북도 청주시 서원구 모충동","553","0553","0000","청주모충LH트릴로채","전세","59.9600","202510","15","25,000","0","23","2021","쌍샘로 22","202512~202712","신규","-","","","아파트"
"9247","충청북도 청주시 서원구 사창동","180-1","0180","0001","청주센트럴리슈빌DS","월세","27.2093","202510","15","1,000","55","20","2023","1순환로 627","202511~202711","신규","-","","","아파트"
"9248","충청북도 청주시 서원구 모충동","553","0553","0000","청주모충LH트릴로채","전세","74.7700","202510","15","28,000","0","8","2021","쌍샘로 22","202512~202712","갱신","사용","27,000","0","아파트"
"9249","충청북도 청주시 흥덕구 비하동","125","0125","0000","비하동계룡리슈빌","전세","99.7502","202510","15","27,000","0","11","2006","가로수로1131번길 101","202510~202710","갱신","사용","27,000","0","아파트"
"9250","충청북도 청주시 흥덕구 봉명동","1855","1855","0000","푸른","월세","44.1300","202510","15","1,000","85","7","1994","월명로 124","202510~202610","신규","-","","","아파트"
"9251","충청북도 청주시 서원구 산남동","671","0671","0000","산남퀸덤아파트","전세","84.9306","202510","15","24,200","0","8","2007","두꺼비로 93","202510~202710","갱신","-","23,100","0","아파트"
"9252","충청북도 청주시 흥덕구 가경동","1581","1581","0000","가경주공7단지","전세","84.9100","202510","15","21,000","0","15","2005","풍년로 40","202510~202710","갱신","사용","20,000","0","아파트"
"9253","충청북도 청주시 흥덕구 가경동","764","0764","0000","대림","월세","84.7950","202510","15","14,000","15","14","1993","가경로 193","202510~202710","신규","-","","","아파트"
"9254","충청북도 청주시 서원구 죽림동","295","0295","0000","청주가경3주공","월세","59.9200","202510","15","2,000","72","8","2003","대림로 493","202511~202711","신규","-","","","아파트"
"9255","충청북도 청주시 서원구 죽림동","295","0295","0000","청주가경3주공","전세","51.7400","202510","15","14,400","0","12","2003","대림로 493","202512~202712","갱신","사용","14,500","0","아파트"
"9256","충청북도 청주시 서원구 수곡동","337","0337","0000","주공3","전세","49.9400","202510","15","8,100","0","1","1991","매봉로 82","202510~202710","신규","-","","","아파트"
"9257","충청북도 청주시 서원구 분평동","1360","1360","0000","분평주공5단지아파트","전세","59.7100","202510","15","15,000","0","10","1998","분평로 88-1","202510~202802","갱신","사용","15,000","0","아파트"
"9258","충청북도 청주시 흥덕구 봉명동","1602","1602","0000","주공2","전세","39.7200","202510","15","3,000","0","3","1985","직지대로581번길 33-12","202512~202712","신규","-","","","아파트"
"9259","충청북도 청주시 흥덕구 봉명동","1831","1831","0000","HS포레","전세","35.7600","202510","15","13,000","0","19","2023","직지대로 609","202510~202708","갱신","-","13,000","0","아파트"
"9260","충청북도 청주시 흥덕구 강서동","503","0503","0000","강서베리굿","월세","49.7425","202510","15","1,000","80","14","2015","서현중로 63","202510~202610","신규","-","","","아파트"
"9261","충청북도 청주시 흥덕구 강서동","458","0458","0000","청주강서동광모닝스카이","월세","14.9800","202510","15","300","38","17","2016","가로수로1164번길 41-33","202510~202610","신규","-","","","아파트"
"9262","충청북도 청주시 흥덕구 복대동","853-5","0853","0005","포빌","전세","47.2150","202510","15","10,000","0","7","2017","사직대로 38","202512~202711","신규","-","","","아파트"
"9263","충청북도 청주시 흥덕구 복대동","2459","2459","0000","두진하트리움","월세","59.9238","202510","15","900","110","8","1999","증안로 33","202510~202610","신규","-","","","아파트"
"9264","충청북도 청주시 서원구 수곡동","231-2","0231","0002","선광한빛","월세","29.1600","202510","15","2,000","14","4","1998","매봉로60번길 18","202511~202611","갱신","-","2,000","13","아파트"
"9265","충청북도 청주시 흥덕구 봉명동","1831","1831","0000","HS포레","전세","35.7600","202510","15","13,000","0","19","2023","직지대로 609","202510~202708","갱신","-","13,000","0","아파트"
"9266","충청북도 청주시 상당구 용암동","3145","3145","0000","청주동남1단지","월세","37.7800","202510","15","4,037","9","5","2020","호미로 137","202512~202711","갱신","-","1,850","18","아파트"
"9267","충청북도 청주시 상당구 용암동","3145","3145","0000","청주동남1단지","월세","37.7800","202510","15","4,231","11","10","2020","호미로 137","202512~202711","갱신","-","1,850","18","아파트"
"9268","충청북도 청주시 상당구 용암동","3145","3145","0000","청주동남1단지","월세","46.9700","202510","15","3,136","26","24","2020","호미로 137","202512~202711","갱신","-","2,995","25","아파트"
"9269","충청북도 청주시 상당구 용암동","2082","2082","0000","소라","전세","59.7000","202510","15","11,470","0","4","1994","원봉로 21","202512~202712","신규","-","","","아파트"
"9270","충청북도 청주시 상당구 용암동","3156","3156","0000","청주동남엘에이치3단지","월세","46.2300","202510","15","5,912","12","22","2022","호미로 60","202512~202711","갱신","-","3,163","26","아파트"
"9271","충청북도 청주시 상당구 용암동","3145","3145","0000","청주동남1단지","월세","37.7800","202510","15","4,037","9","17","2020","호미로 137","202512~202711","갱신","-","1,937","18","아파트"
"9272","충청북도 청주시 상당구 용암동","2083","2083","0000","삼일무지개","월세","59.9400","202510","15","11,700","10","10","1994","무농정로 103","202511~202711","신규","-","","","아파트"
"9273","충청북도 청주시 상당구 용암동","3145","3145","0000","청주동남1단지","월세","37.7800","202510","15","3,737","9","5","2020","호미로 137","202512~202711","신규","-","","","아파트"
"9274","충청북도 청주시 상당구 금천동","477","0477","0000","금천센트럴파크스타힐스","월세","84.6785","202510","15","3,000","130","8","2020","쇠내로 48","202601~202801","신규","-","","","아파트"
"9275","충청북도 청주시 상당구 금천동","199-1","0199","0001","현대","월세","62.0800","202510","15","1,000","50","7","1992","중고개로337번길 23","202511~202711","신규","-","","","아파트"
"9276","충청북도 청주시 청원구 오창읍 주성리","561","0561","0000","충북오창사랑으로부영8단지","전세","82.8216","202510","15","16,542","0","19","2015","2산단로 151","202511~202611","신규","-","","","아파트"
"9277","충청북도 청주시 청원구 오창읍 주성리","569","0569","0000","충북오창사랑으로부영6단지","월세","57.7554","202510","15","5,682","29","6","2014","2산단로 125","202512~202612","신규","-","","","아파트"
"9278","충청북도 청주시 청원구 오창읍 주성리","567","0567","0000","충북오창사랑으로부영5단지","월세","82.8216","202510","15","5,335","46","9","2015","2산단4로 20","202512~202612","신규","-","","","아파트"
"9279","충청북도 청주시 청원구 오창읍 주성리","569","0569","0000","충북오창사랑으로부영6단지","전세","57.7554","202510","15","12,567","0","6","2014","2산단로 125","202511~202611","신규","-","","","아파트"
"9280","충청북도 청주시 청원구 오창읍 주성리","564","0564","0000","사랑으로부영7단지","월세","57.7554","202510","15","9,347","12","11","2014","2산단4로 60","202511~202611","신규","-","","","아파트"
"9281","충청북도 청주시 상당구 석교동","5-1","0005","0001","석교","월세","80.6400","202510","15","300","40","4","1984","대성로22번길 19-1","202511~202711","신규","-","","","아파트"
"9282","충청북도 청주시 서원구 남이면 가마리","378","0378","0000","청주가마힐데스하임","전세","84.9476","202510","15","29,000","0","11","2016","2순환로 1717","202511~202711","신규","-","","","아파트"
"9283","충청북도 청주시 청원구 오창읍 주성리","569","0569","0000","충북오창사랑으로부영6단지","전세","57.7554","202510","15","12,567","0","3","2014","2산단로 125","202511~202611","갱신","-","12,382","0","아파트"
"9284","충청북도 청주시 청원구 오창읍 주성리","567","0567","0000","충북오창사랑으로부영5단지","월세","82.8216","202510","15","8,538","33","9","2015","2산단4로 20","202511~202611","갱신","-","8,538","33","아파트"
"9285","충청북도 청주시 청원구 오창읍 주성리","567","0567","0000","충북오창사랑으로부영5단지","월세","82.8216","202510","15","5,335","46","12","2015","2산단4로 20","202510~202610","갱신","-","5,335","46","아파트"
"9286","충청북도 청주시 청원구 오창읍 주성리","564","0564","0000","사랑으로부영7단지","전세","57.7554","202510","15","12,357","0","16","2014","2산단4로 60","202511~202611","갱신","-","12,199","0","아파트"
"9287","충청북도 청주시 청원구 오창읍 주성리","561","0561","0000","충북오창사랑으로부영8단지","전세","82.8216","202510","15","16,542","0","19","2015","2산단로 151","202511~202611","신규","-","","","아파트"
"9288","충청북도 청주시 상당구 방서동","55-6","0055","0006","참좋은하얀마을","전세","84.5222","202510","15","15,500","0","5","2006","단재로 303-19","202510~202710","갱신","-","15,500","0","아파트"
"9289","충청북도 청주시 청원구 오창읍 주성리","567","0567","0000","충북오창사랑으로부영5단지","전세","82.8216","202510","15","16,542","0","11","2015","2산단4로 20","202512~202612","신규","-","","","아파트"
"9290","충청북도 청주시 청원구 오창읍 주성리","561","0561","0000","충북오창사랑으로부영8단지","월세","82.8216","202510","15","8,538","33","4","2015","2산단로 151","202510~202610","신규","-","","","아파트"
"9291","충청북도 청주시 청원구 오창읍 창리","161","0161","0000","오창모아미래도와이드파크","월세","59.9853","202510","15","2,000","100","10","2016","2산단4로 45","202511~202711","신규","-","","","아파트"
"9292","충청북도 청주시 청원구 오창읍 창리","161","0161","0000","오창모아미래도와이드파크","월세","59.9853","202510","15","2,000","100","10","2016","2산단4로 45","202511~202711","신규","-","","","아파트"
"9293","충청북도 청주시 청원구 오창읍 주성리","564","0564","0000","사랑으로부영7단지","월세","57.7554","202510","15","3,223","38","16","2014","2산단4로 60","202511~202611","신규","-","","","아파트"
"9294","충청북도 청주시 상당구 용암동","3145","3145","0000","청주동남1단지","월세","26.5800","202510","15","2,014","7","7","2020","호미로 137","202512~202711","갱신","-","1,973","6","아파트"
"9295","충청북도 청주시 상당구 용암동","2105","2105","0000","진흥한우리","월세","69.0300","202510","15","2,500","65","6","1995","용암로 36","202511~202711","신규","-","","","아파트"
"9296","충청북도 청주시 상당구 용암동","3145","3145","0000","청주동남1단지","월세","46.9700","202510","15","5,906","12","20","2020","호미로 137","202512~202711","신규","-","","","아파트"
"9297","충청북도 청주시 상당구 용암동","3604","3604","0000","동남힐데스하임","월세","84.8429","202510","15","3,000","140","23","2020","월운로 116","202510~202710","신규","-","","","아파트"
"9298","충청북도 진천군 진천읍 장관리","884","0884","0000","진천장관사랑으로부영1차","월세","84.9877","202510","15","2,163","41","11","2013","장관2길 139","202512~202612","신규","-","","","아파트"
"9299","충청북도 제천시 청전동","639","0639","0000","비둘기","월세","35.5200","202510","15","300","40","10","1991","청전대로 166","202510~202710","신규","-","","","아파트"
"9300","충청북도 증평군 증평읍 장동리","925","0925","0000","주공5단지","월세","46.9000","202510","15","1,440","12","10","2008","증평로 31-11","202512~202711","갱신","-","1,338","11","아파트"
"9301","충청북도 충주시 주덕읍 화곡리","1111","1111","0000","서충주푸르지오더퍼스트","월세","84.4177","202510","15","1,000","80","7","2025","화개1길 74","202510~202710","신규","-","","","아파트"
"9302","충청북도 음성군 음성읍 신천리","149","0149","0000","금광포란재","전세","84.9794","202510","15","9,600","0","9","2005","반기문로 45-15","202510~202710","신규","-","","","아파트"
"9303","충청북도 청주시 청원구 율량동","1292","1292","0000","신라(1292-0)","월세","30.6000","202510","15","300","35","7","1995","율봉로94번길 9","202510~202701","갱신","사용","500","23","아파트"
"9304","충청북도 청주시 청원구 율량동","2455","2455","0000","청주율량2엘에이치9단지","월세","36.9500","202510","15","1,640","15","7","2014","율중로7번길 77","202511~202710","갱신","-","1,593","15","아파트"
"9305","충청북도 청주시 청원구 율량동","1144","1144","0000","한울아파트301동","전세","30.3300","202510","15","3,800","0","5","1998","주성로96번길 12","202511~202711","갱신","-","3,800","0","아파트"
"9306","충청북도 충주시 주덕읍 화곡리","1111","1111","0000","서충주푸르지오더퍼스트","월세","84.1391","202510","15","4,000","70","12","2025","화개1길 74","202510~202710","신규","-","","","아파트"
"9307","충청북도 충주시 연수동","686","0686","0000","연수주공4차,5차","월세","59.7100","202510","15","1,000","60","13","1997","예성로 401","202511~202711","신규","-","","","아파트"
"9308","충청북도 충주시 연수동","686","0686","0000","연수주공4차,5차","전세","59.7100","202510","15","10,000","0","3","1997","예성로 401","202511~202711","신규","-","","","아파트"
"9309","충청북도 충주시 연수동","686","0686","0000","연수주공4차,5차","전세","59.7100","202510","15","10,000","0","3","1997","예성로 401","-","-","-","","","아파트"
"9310","충청북도 청주시 청원구 율량동","745","0745","0000","한울","전세","59.9400","202510","15","8,000","0","2","1991","공항로150번길 51-12","202511~202711","신규","-","","","아파트"
"9311","충청북도 옥천군 옥천읍 마암리","487","0487","0000","옥천마암리양우내안애아파트","전세","84.9845","202510","15","17,000","0","6","2017","마장로 20","202512~202712","신규","-","","","아파트"
"9312","충청북도 충주시 호암동","906","0906","0000","세영더-조은","월세","84.9980","202510","15","1,000","80","9","2007","형설로 32","202512~202712","신규","-","","","아파트"
"9313","충청북도 증평군 증평읍 송산리","720","0720","0000","증평송산1단지휴먼시아","월세","33.3900","202510","15","1,260","7","5","2011","송산로 35","202511~202710","갱신","-","932","8","아파트"
"9314","충청북도 증평군 증평읍 송산리","820","0820","0000","증평송산엘에이치천년나무3단지","월세","36.8400","202510","15","2,920","8","5","2016","송산로4길 14","202511~202710","갱신","-","1,020","17","아파트"
"9315","충청북도 충주시 주덕읍 화곡리","1111","1111","0000","서충주푸르지오더퍼스트","전세","84.6347","202510","15","20,000","0","13","2025","화개1길 74","202510~202710","신규","-","","","아파트"
"9316","충청북도 충주시 호암동","1052","1052","0000","우미린에듀시티","전세","96.9177","202510","15","39,000","0","2","2019","호암수청1로 13","202510~202710","갱신","-","38,000","0","아파트"
"9317","충청북도 증평군 증평읍 신동리","545","0545","0000","증평주공2,3단지아파트","월세","58.1400","202510","15","1,000","45","8","1995","창신로 86","202512~202712","신규","-","","","아파트"
"9318","충청북도 옥천군 옥천읍 장야리","311","0311","0000","장야2주공아파트","월세","51.4900","202510","15","1,490","14","10","2003","장야3길 10","202512~202711","갱신","-","1,447","13","아파트"
"9319","충청북도 증평군 증평읍 송산리","720","0720","0000","증평송산1단지휴먼시아","월세","46.9000","202510","15","3,243","8","2","2011","송산로 35","202601~202712","신규","-","","","아파트"
"9320","충청북도 청주시 흥덕구 오송읍 봉산리","798","0798","0000","오송역파라곤센트럴시티","월세","59.8447","202510","15","2,000","90","15","2023","오송생명7로 151","202511~202711","신규","-","","","아파트"
"9321","충청북도 청주시 흥덕구 오송읍 봉산리","1527","1527","0000","오송역동아라이크텐","월세","84.9919","202510","15","2,000","100","21","2020","오송생명14로 215","202510~202710","신규","-","","","아파트"
"9322","충청북도 충주시 중앙탑면 용전리","721","0721","0000","충주시티자이","전세","72.9988","202510","15","19,700","0","1","2017","원앙4길 51","202510~202710","신규","-","","","아파트"
"9323","충청북도 충주시 중앙탑면 용전리","661","0661","0000","e편한세상충주","월세","59.8841","202510","15","4,000","55","7","2017","원앙9길 15","-","-","-","","","아파트"
"9324","충청북도 충주시 중앙탑면 용전리","654","0654","0000","포레나서충주","전세","84.9986","202510","15","21,000","0","5","2023","기업도시로 211","202512~202712","갱신","사용","20,000","0","아파트"
"9325","충청북도 제천시 고암동","1142","1142","0000","고암두진4차","월세","33.0000","202510","15","500","45","12","2000","용두천로 378","202511~202710","신규","-","","","아파트"
"9326","충청북도 충주시 교현동","1031","1031","0000","건일상가","전세","69.2400","202510","15","5,000","0","5","1989","남산9길 15","202511~202711","신규","-","","","아파트"
"9327","충청북도 음성군 맹동면 동성리","445","0445","0000","충북혁신도시 LH쌍용예가","월세","59.9400","202510","15","1,000","70","16","2014","사예로 20","202510~202710","신규","-","","","아파트"
"9328","충청북도 음성군 맹동면 동성리","445","0445","0000","충북혁신도시 LH쌍용예가","월세","59.9300","202510","15","1,000","65","13","2014","사예로 20","202510~202710","신규","-","","","아파트"
"9329","충청북도 진천군 덕산읍 두촌리","3147","3147","0000","우미린스테이","월세","78.2298","202510","15","11,500","18","17","2018","대하로 150","-","-","-","","","아파트"
"9330","충청북도 진천군 진천읍 장관리","884","0884","0000","진천장관사랑으로부영1차","전세","59.9605","202510","15","9,740","0","18","2013","장관2길 139","202510~202610","신규","-","","","아파트"
"9331","충청북도 진천군 진천읍 장관리","884","0884","0000","진천장관사랑으로부영1차","월세","84.9877","202510","15","5,060","25","6","2013","장관2길 139","202510~202610","신규","-","","","아파트"
"9332","충청북도 진천군 덕산읍 두촌리","3147","3147","0000","우미린스테이","월세","78.1677","202510","15","11,500","19","5","2018","대하로 150","202511~202711","갱신","-","11,500","17","아파트"
"9333","충청북도 진천군 광혜원면 광혜원리","1092","1092","0000","진천광혜원LH2단지","월세","37.7200","202510","15","3,473","10","11","2021","화랑길 29","202511~202710","갱신","-","1,430","19","아파트"
"9334","충청북도 진천군 덕산읍 두촌리","3147","3147","0000","우미린스테이","월세","70.5634","202510","15","10,240","17","17","2018","대하로 150","202512~202712","갱신","-","10,240","15","아파트"
"9335","충청북도 진천군 덕산읍 두촌리","3147","3147","0000","우미린스테이","월세","70.5634","202510","15","102,400","18","19","2018","대하로 150","202511~202711","신규","-","","","아파트"
"9336","충청북도 충주시 주덕읍 화곡리","1111","1111","0000","서충주푸르지오더퍼스트","월세","84.1391","202510","15","4,000","70","12","2025","화개1길 74","202510~202710","신규","-","","","아파트"
"9337","충청북도 청주시 흥덕구 송절동","1196","1196","0000","청주테크노폴리스힐데스하임","전세","84.9600","202510","15","33,000","0","4","2025","송화로 115","202512~202712","신규","-","","","아파트"
"9338","충청북도 진천군 진천읍 교성리","616","0616","0000","진천1차대명루첸","전세","73.7019","202510","15","16,400","0","9","2016","문화2길 36","202510~202710","갱신","-","15,700","0","아파트"
"9339","충청북도 청주시 흥덕구 송절동","846","0846","0000","청주테크노폴리스우방아이유쉘2단지","전세","84.9725","202510","15","30,000","0","12","2018","송화로108번길 111","202511~202710","갱신","사용","30,000","0","아파트"
"9340","충청북도 진천군 광혜원면 죽현리","202","0202","0000","갑을아파트","월세","49.9200","202510","15","500","45","14","2000","진광로 923","202511~202710","신규","-","","","아파트"
"9341","충청북도 제천시 왕암동","779","0779","0000","왕암코아루드림","전세","66.1830","202510","15","10,500","0","2","2018","바이오밸리로 171","202511~202711","신규","-","","","아파트"
"9342","충청북도 청주시 청원구 주중동","1023","1023","0000","대원칸타빌2차","월세","84.4300","202510","15","3,000","135","19","2014","율량로 77","202510~202601","신규","-","","","아파트"
"9343","충청북도 제천시 신백동","209-8","0209","0008","선광로즈웰","월세","33.2050","202510","14","600","50","8","2000","신백로 30","202510~202710","신규","-","","","아파트"
"9344","충청북도 제천시 강제동","805","0805","0000","센트럴코아루","월세","71.9569","202510","14","2,000","80","5","2016","강저로11나길 13","202601~202801","신규","-","","","아파트"
"9345","충청북도 청주시 흥덕구 송절동","1196","1196","0000","청주테크노폴리스힐데스하임","전세","84.9900","202510","14","34,000","0","24","2025","송화로 115","202512~202712","신규","-","","","아파트"
"9346","충청북도 진천군 진천읍 장관리","884","0884","0000","진천장관사랑으로부영1차","전세","84.9877","202510","14","11,905","0","12","2013","장관2길 139","202511~202611","신규","-","","","아파트"
"9347","충청북도 청주시 흥덕구 오송읍 봉산리","798","0798","0000","오송역파라곤센트럴시티","월세","59.9800","202510","14","10,000","37","14","2023","오송생명7로 151","202510~202710","갱신","사용","10,000","35","아파트"
"9348","충청북도 청주시 흥덕구 오송읍 봉산리","798","0798","0000","오송역파라곤센트럴시티","전세","59.8447","202510","14","18,000","0","16","2023","오송생명7로 151","202512~202711","갱신","-","18,000","0","아파트"
"9349","충청북도 충주시 연수동","686","0686","0000","연수주공4차,5차","월세","49.7700","202510","14","500","45","10","1997","예성로 401","202511~202711","신규","-","","","아파트"
"9350","충청북도 충주시 연수동","697-7","0697","0007","연수L팰리스2차","월세","59.9298","202510","14","0","85","6","2017","연수서편3길 27","202510~202710","신규","-","","","아파트"
"9351","충청북도 충주시 연수동","701-9","0701","0009","연수부강","월세","42.1100","202510","14","500","40","11","1995","후곡길 19","202510~202710","신규","-","","","아파트"
"9352","충청북도 진천군 진천읍 교성리","466","0466","0000","진천풍림아이원트리니움","전세","59.9900","202510","14","10,000","0","8","2025","대학로 36","202511~202711","신규","-","","","아파트"
"9353","충청북도 충주시 호암동","1066","1066","0000","충주호암1단지","월세","46.3300","202510","14","4,786","22","14","2020","호암수청2로 56","202511~202710","갱신","-","4,419","17","아파트"
"9354","충청북도 진천군 덕산읍 두촌리","3147","3147","0000","우미린스테이","월세","70.5634","202510","14","10,240","17","7","2018","대하로 150","202511~202711","갱신","-","10,240","15","아파트"
"9355","충청북도 충주시 목행동","896","0896","0000","영무예다음1차","월세","59.7995","202510","14","2,000","52","1","2018","행정2길 6","202510~202611","신규","-","","","아파트"
"9356","충청북도 음성군 음성읍 평곡리","1117","1117","0000","음성코아루아파트","전세","59.9782","202510","14","15,000","0","9","2022","한불로 15","202511~202711","신규","-","","","아파트"
"9357","충청북도 충주시 봉방동","1046","1046","0000","충주푸르지오","전세","84.9390","202510","14","29,000","0","9","2014","봉계1길 7","202512~202712","신규","-","","","아파트"
"9358","충청북도 음성군 맹동면 동성리","445","0445","0000","충북혁신도시 LH쌍용예가","월세","59.9400","202510","14","1,000","70","17","2014","사예로 20","202510~202710","신규","-","","","아파트"
"9359","충청북도 제천시 장락동","1060","1060","0000","세영리첼에듀퍼스트","전세","84.9198","202510","14","30,000","0","20","2025","용두천로44길 50","202510~202710","신규","-","","","아파트"
"9360","충청북도 제천시 장락동","536-4","0536","0004","장락로즈웰","전세","84.9520","202510","14","15,000","0","12","2001","장락로 169","202510~202710","신규","-","","","아파트"
"9361","충청북도 제천시 장락동","536-4","0536","0004","장락로즈웰","전세","84.9520","202510","14","15,000","0","12","2001","장락로 169","202510~202710","신규","-","","","아파트"
"9362","충청북도 제천시 장락동","1046","1046","0000","장락동롯데캐슬","전세","84.9800","202510","14","10,000","0","1","2008","신죽하로 83-24","202512~202711","신규","-","","","아파트"
"9363","충청북도 제천시 장락동","1026","1026","0000","장락주공2단지","월세","49.9600","202510","14","1,000","60","7","1999","죽하로 48","202511~202711","신규","-","","","아파트"
"9364","충청북도 충주시 봉방동","1046","1046","0000","충주푸르지오","전세","84.9390","202510","14","29,000","0","9","2014","봉계1길 7","202512~202712","신규","-","","","아파트"
"9365","충청북도 제천시 신백동","110","0110","0000","덕일한마음1","월세","51.0300","202510","14","500","40","14","1996","탑안로4길 11","202511~202711","신규","-","","","아파트"
"9366","충청북도 충주시 호암동","542-1","0542","0001","세경","월세","56.8800","202510","14","500","40","3","1992","신촌1길 6","202511~202711","신규","-","","","아파트"
"9367","충청북도 충주시 안림동","1051","1051","0000","보성꿈에본","전세","56.0150","202510","14","7,000","0","2","2011","금봉대로 425","202511~202711","신규","-","","","아파트"
"9368","충청북도 충주시 칠금동","629","0629","0000","금능현대","월세","59.9850","202510","14","1,000","30","1","1995","금릉로 45","202510~202710","신규","-","","","아파트"
"9369","충청북도 제천시 청전동","639","0639","0000","비둘기","월세","35.5200","202510","14","300","35","5","1991","청전대로 166","202510~202610","신규","-","","","아파트"
"9370","충청북도 청주시 흥덕구 강내면 월곡리","263-2","0263","0002","두진","월세","68.5800","202510","14","500","55","5","1991","탑연월곡길 86-5","202511~202610","신규","-","","","아파트"
"9371","충청북도 증평군 증평읍 송산리","717","0717","0000","증평송산휴먼시아2단지","월세","46.9900","202510","14","1,720","14","4","2010","송산로 53","202512~202711","신규","-","","","아파트"
"9372","충청북도 청주시 청원구 사천동","25-2","0025","0002","정도드림-빌","월세","29.9200","202510","14","300","37","10","1999","공항로 159-12","202511~202711","신규","-","","","아파트"
"9373","충청북도 제천시 청전동","4","0004","0000","주공","월세","42.5400","202510","14","100","30","2","1980","청전대로15길 70","202511~202711","신규","-","","","아파트"
"9374","충청북도 청주시 청원구 율량동","1302","1302","0000","대창3","월세","34.7900","202510","14","500","40","9","1995","사뜸로52번길 15","202510~202710","신규","-","","","아파트"
"9375","충청북도 청주시 흥덕구 오송읍 봉산리","798","0798","0000","오송역파라곤센트럴시티","월세","59.9822","202510","14","3,000","80","12","2023","오송생명7로 151","202510~202710","신규","-","","","아파트"
"9376","충청북도 충주시 대소원면 본리","642","0642","0000","충주지웰","월세","59.0907","202510","14","1,000","60","6","2016","첨단산업2로 42","202511~202611","신규","-","","","아파트"
"9377","충청북도 청주시 흥덕구 가경동","1549","1549","0000","가경주공","월세","51.9500","202510","14","2,027","17","9","2002","경신로 9","202512~202711","갱신","-","1,936","16","아파트"
"9378","충청북도 청주시 흥덕구 복대동","3404","3404","0000","청주지웰시티푸르지오","월세","84.6790","202510","14","5,000","180","6","2019","대농로 45","202511~202711","신규","-","","","아파트"
"9379","충청북도 청주시 흥덕구 가경동","2276","2276","0000","청주가경아이파크3단지","전세","105.6400","202510","14","50,000","0","6","2021","서현로 62","202510~202710","갱신","사용","49,000","0","아파트"
"9380","충청북도 청주시 서원구 수곡동","324","0324","0000","주공1","전세","46.6800","202510","14","7,500","0","2","1990","구룡산로 319","202510~202710","신규","-","","","아파트"
"9381","충청북도 청주시 서원구 수곡동","1002","1002","0000","두진백로","월세","59.4000","202510","14","1,000","65","12","1995","수곡로 36","202510~202710","신규","-","","","아파트"
"9382","충청북도 청주시 흥덕구 복대동","853-5","0853","0005","포빌","월세","47.2150","202510","14","100","21","5","2017","사직대로 38","202510~202712","신규","-","","","아파트"
"9383","충청북도 청주시 흥덕구 복대동","3029","3029","0000","현대2","월세","60.0000","202510","14","500","90","5","1999","증안로 77","202511~202711","신규","-","","","아파트"
"9384","충청북도 청주시 서원구 사창동","180-1","0180","0001","청주센트럴리슈빌DS","월세","41.4279","202510","14","2,000","70","28","2023","1순환로 627","202511~202611","신규","-","","","아파트"
"9385","충청북도 청주시 서원구 사창동","180-1","0180","0001","청주센트럴리슈빌DS","월세","41.4279","202510","14","2,000","70","28","2023","1순환로 627","202511~202611","신규","-","","","아파트"
"9386","충청북도 청주시 흥덕구 강서동","472","0472","0000","우양센트럴","월세","22.4640","202510","14","200","17","6","2016","가로수로1164번길 41-44","202510~202712","신규","-","","","아파트"
"9387","충청북도 청주시 흥덕구 강서동","472","0472","0000","우양센트럴","월세","22.4640","202510","14","200","17","11","2016","가로수로1164번길 41-44","202510~202712","신규","-","","","아파트"
"9388","충청북도 청주시 흥덕구 강서동","482","0482","0000","강서베리굿2차","월세","26.3055","202510","14","100","14","16","2016","강서로 111","202510~202712","신규","-","","","아파트"
"9389","충청북도 청주시 서원구 개신동","635","0635","0000","주공뜨란채","전세","59.4200","202510","14","15,700","0","15","2000","경신로 68","202511~202711","신규","-","","","아파트"
"9390","충청북도 청주시 흥덕구 강서동","482","0482","0000","강서베리굿2차","월세","23.6255","202510","14","200","16","12","2016","강서로 111","202510~202712","신규","-","","","아파트"
"9391","충청북도 청주시 흥덕구 강서동","482","0482","0000","강서베리굿2차","월세","20.9172","202510","14","200","15","16","2016","강서로 111","202510~202712","신규","-","","","아파트"
"9392","충청북도 청주시 흥덕구 강서동","502","0502","0000","강서베리굿3차","월세","47.9350","202510","14","826","20","14","2017","서현중로 61","202510~202712","신규","-","","","아파트"
"9393","충청북도 청주시 흥덕구 강서동","45-1","0045","0001","우림","월세","55.0800","202510","14","600","50","5","2001","가로수로1144번길 50","202510~202710","신규","-","","","아파트"
"9394","충청북도 청주시 서원구 성화동","939","0939","0000","성화호반베르디움","전세","84.8572","202510","14","33,000","0","3","2012","구룡산로 24","202510~202710","갱신","-","32,000","0","아파트"
"9395","충청북도 청주시 서원구 성화동","619","0619","0000","성화주공2단지","월세","46.9000","202510","14","2,443","18","12","2007","장전로 80","202512~202711","신규","-","","","아파트"
"9396","충청북도 청주시 서원구 산남동","678","0678","0000","대원칸타빌1차","전세","84.9992","202510","14","27,000","0","4","2007","두꺼비로 63","202601~202801","갱신","-","29,000","0","아파트"
"9397","충청북도 청주시 서원구 수곡동","777","0777","0000","한마음1","월세","59.9400","202510","14","1,000","65","7","1995","수곡로 78","202510~202710","신규","-","","","아파트"
"9398","충청북도 청주시 서원구 모충동","452","0452","0000","주공1","월세","38.5200","202510","14","300","30","4","1985","쌍샘로 81","202510~202710","신규","-","","","아파트"
"9399","충청북도 청주시 흥덕구 봉명동","795","0795","0000","IJFOCUS","월세","31.0466","202510","14","500","47","7","2017","1순환로 571","202510~202610","신규","-","","","아파트"
"9400","충청북도 청주시 흥덕구 봉명동","795","0795","0000","IJFOCUS","월세","45.8160","202510","14","681","18","16","2017","1순환로 571","202510~202712","신규","-","","","아파트"
"9401","충청북도 청주시 흥덕구 봉명동","1831","1831","0000","HS포레","월세","35.7600","202510","14","1,000","70","13","2023","직지대로 609","202510~202710","신규","-","","","아파트"
"9402","충청북도 청주시 흥덕구 봉명동","2934","2934","0000","청주SKVIEW자이","월세","74.9981","202510","14","9,000","80","20","2024","월명로 76","202510~202608","신규","-","","","아파트"
"9403","충청북도 청주시 서원구 사직동","937","0937","0000","푸르지오캐슬(401~413)","월세","139.9600","202510","14","3,000","130","12","2010","창직로 50","202511~202711","신규","-","","","아파트"
"9404","충청북도 청주시 서원구 사직동","937","0937","0000","푸르지오캐슬(401~413)","월세","139.9600","202510","14","3,000","130","12","2010","창직로 50","202511~202711","신규","-","","","아파트"
"9405","충청북도 청주시 청원구 우암동","372-6","0372","0006","라임미소가","월세","48.4238","202510","14","741","16","6","2017","향군로 110","202510~202712","신규","-","","","아파트"
"9406","충청북도 청주시 청원구 내수읍 은곡리","302","0302","0000","천일은곡","월세","59.7390","202510","14","1,000","50","6","2000","은곡묵방길 52-10","202511~202711","신규","-","","","아파트"
"9407","충청북도 청주시 상당구 북문로2가","94","0094","0000","중앙상가(92-2)","전세","67.6700","202510","14","4,000","0","5","1979","중앙로 18","202510~202710","신규","-","","","아파트"
"9408","충청북도 청주시 청원구 우암동","372-6","0372","0006","라임미소가","월세","48.4238","202510","14","741","17","14","2017","향군로 110","202510~202712","신규","-","","","아파트"
"9409","충청북도 청주시 청원구 우암동","372-6","0372","0006","라임미소가","월세","48.7101","202510","14","726","17","21","2017","향군로 110","202510~202712","신규","-","","","아파트"
"9410","충청북도 청주시 청원구 우암동","372-6","0372","0006","라임미소가","월세","48.1300","202510","14","741","12","7","2017","향군로 110","202510~202712","신규","-","","","아파트"
"9411","충청북도 청주시 청원구 우암동","372-6","0372","0006","라임미소가","월세","48.4238","202510","14","715","20","10","2017","향군로 110","202510~202712","신규","-","","","아파트"
"9412","충청북도 청주시 청원구 우암동","372-6","0372","0006","라임미소가","월세","48.7101","202510","14","728","16","10","2017","향군로 110","202510~202712","신규","-","","","아파트"
"9413","충청북도 청주시 청원구 우암동","372-6","0372","0006","라임미소가","월세","48.4238","202510","14","741","17","12","2017","향군로 110","202510~202712","신규","-","","","아파트"
"9414","충청북도 청주시 흥덕구 오송읍 연제리","736","0736","0000","오송호반베르디움","월세","84.8873","202510","14","2,000","100","17","2010","오송생명3로 111","202512~202712","신규","-","","","아파트"
"9415","충청북도 청주시 상당구 북문로3가","123","0123","0000","청주행정타운코아루휴티스","월세","84.6871","202510","14","3,000","120","5","2020","중앙로 80","202511~202711","신규","-","","","아파트"
"9416","충청북도 청주시 상당구 탑동","344","0344","0000","탑클래스아파트","전세","84.9000","202510","14","21,000","0","15","2014","산성로 55","202510~202710","갱신","-","20,000","0","아파트"
"9417","충청북도 청주시 상당구 영운동","73-5","0073","0005","태암수정","월세","42.2400","202510","14","500","35","7","1995","영운천로51번길 26","202510~202710","신규","-","","","아파트"
"9418","충청북도 청주시 상당구 금천동","477","0477","0000","금천센트럴파크스타힐스","월세","67.7429","202510","14","3,000","100","13","2020","쇠내로 48","202601~202801","신규","-","","","아파트"
"9419","충청북도 청주시 상당구 금천동","476","0476","0000","금천우미린","전세","84.9786","202510","14","24,000","0","14","2014","꽃산동로 25","202511~202610","갱신","사용","23,000","0","아파트"
"9420","충청북도 청주시 상당구 금천동","476","0476","0000","금천우미린","전세","84.9786","202510","14","24,000","0","14","2014","꽃산동로 25","202511~202710","갱신","사용","23,000","0","아파트"
"9421","충청북도 청주시 청원구 오창읍 각리","637-9","0637","0009","대원칸타빌","전세","84.9867","202510","14","24,000","0","9","2006","오창중앙로 64","-","-","-","","","아파트"
"9422","충청북도 청주시 청원구 오창읍 주성리","567","0567","0000","충북오창사랑으로부영5단지","전세","82.8216","202510","14","16,542","0","9","2015","2산단4로 20","202511~202611","신규","-","","","아파트"
"9423","충청북도 청주시 청원구 오창읍 주성리","569","0569","0000","충북오창사랑으로부영6단지","월세","57.7554","202510","14","5,682","29","8","2014","2산단로 125","202512~202612","갱신","-","5,500","28","아파트"
"9424","충청북도 청주시 청원구 오창읍 주성리","561","0561","0000","충북오창사랑으로부영8단지","전세","82.8216","202510","14","16,542","0","8","2015","2산단로 151","202510~202610","갱신","-","16,542","0","아파트"
"9425","충청북도 청주시 청원구 오창읍 주성리","569","0569","0000","충북오창사랑으로부영6단지","전세","57.7554","202510","14","12,567","0","13","2014","2산단로 125","202512~202612","신규","-","","","아파트"
"9426","충청북도 청주시 청원구 오창읍 주성리","567","0567","0000","충북오창사랑으로부영5단지","전세","82.8216","202510","14","16,542","0","11","2015","2산단4로 20","202510~202610","갱신","-","16,542","0","아파트"
"9427","충청북도 청주시 청원구 오창읍 주성리","567","0567","0000","충북오창사랑으로부영5단지","전세","82.8216","202510","14","16,542","0","9","2015","2산단4로 20","202510~202610","갱신","-","16,379","0","아파트"
"9428","충청북도 청주시 청원구 오창읍 주성리","567","0567","0000","충북오창사랑으로부영5단지","전세","82.8216","202510","14","16,542","0","13","2015","2산단4로 20","202510~202610","갱신","-","16,542","0","아파트"
"9429","충청북도 청주시 청원구 오창읍 주성리","564","0564","0000","사랑으로부영7단지","전세","57.7554","202510","14","12,357","0","1","2014","2산단4로 60","202510~202610","갱신","-","12,199","0","아파트"
"9430","충청북도 청주시 청원구 오창읍 주성리","561","0561","0000","충북오창사랑으로부영8단지","전세","82.9434","202510","14","16,542","0","5","2015","2산단로 151","202511~202611","갱신","-","16,542","0","아파트"
"9431","충청북도 청주시 청원구 오창읍 주성리","561","0561","0000","충북오창사랑으로부영8단지","월세","82.8216","202510","14","5,335","46","11","2015","2산단로 151","202511~202611","갱신","-","5,335","46","아파트"
"9432","충청북도 청주시 청원구 오창읍 주성리","561","0561","0000","충북오창사랑으로부영8단지","전세","82.8216","202510","14","16,542","0","11","2015","2산단로 151","202510~202610","갱신","-","16,379","0","아파트"
"9433","충청북도 청주시 상당구 용암동","2076","2076","0000","태산그린","월세","59.7600","202510","14","1,500","55","1","1995","원봉로 20","202511~202611","신규","-","","","아파트"
"9434","충청북도 청주시 상당구 용암동","2542","2542","0000","중흥마을부영(2542-0)","전세","59.9870","202510","14","15,000","0","10","2003","중흥로 173","202511~202711","신규","-","","","아파트"
"9435","충청북도 청주시 상당구 용암동","3145","3145","0000","청주동남1단지","월세","26.5800","202510","14","2,014","7","22","2020","호미로 137","202512~202711","갱신","-","873","12","아파트"
"9436","충청북도 청주시 상당구 용암동","2086","2086","0000","효성","전세","59.2200","202510","14","10,000","0","15","1994","월평로 221","202511~202711","신규","-","","","아파트"
"9437","충청북도 청주시 상당구 용암동","2064","2064","0000","세원한아름","월세","41.8500","202510","14","500","45","8","1994","무농정로 90","202510~202710","신규","-","","","아파트"
"9438","충청북도 청주시 청원구 오창읍 주성리","569","0569","0000","충북오창사랑으로부영6단지","월세","57.7554","202510","13","5,682","29","3","2014","2산단로 125","202511~202611","갱신","-","5,599","28","아파트"
"9439","충청북도 청주시 청원구 오창읍 주성리","567","0567","0000","충북오창사랑으로부영5단지","전세","82.8216","202510","13","16,542","0","10","2015","2산단4로 20","202510~202610","갱신","-","16,542","0","아파트"
"9440","충청북도 청주시 청원구 오창읍 주성리","567","0567","0000","충북오창사랑으로부영5단지","월세","82.8216","202510","13","5,335","46","9","2015","2산단4로 20","202510~202610","갱신","-","0","46","아파트"
"9441","충청북도 청주시 상당구 금천동","50-3","0050","0003","경희","월세","31.2000","202510","13","300","25","1","1997","꽃산동로 4-2","202510~202710","신규","-","","","아파트"
"9442","충청북도 청주시 청원구 오창읍 각리","636-2","0636","0002","한신더휴센트럴파크","전세","84.9823","202510","13","37,500","0","38","2018","오창공원로 96","202511~202711","신규","-","","","아파트"
"9443","충청북도 청주시 상당구 남문로1가","53","0053","0000","트레비앙","월세","28.7400","202510","13","4,600","10","7","2016","상당로29번길 20","202511~202711","신규","-","","","아파트"
"9444","충청북도 청주시 청원구 오창읍 주성리","561","0561","0000","충북오창사랑으로부영8단지","월세","82.8216","202510","13","8,538","33","5","2015","2산단로 151","202512~202612","갱신","-","0","33","아파트"
"9445","충청북도 청주시 청원구 오창읍 주성리","567","0567","0000","충북오창사랑으로부영5단지","전세","82.8216","202510","13","16,542","0","7","2015","2산단4로 20","202510~202610","갱신","-","16,379","0","아파트"
"9446","충청북도 청주시 청원구 오창읍 주성리","567","0567","0000","충북오창사랑으로부영5단지","전세","82.7462","202510","13","16,542","0","12","2015","2산단4로 20","202510~202610","갱신","-","16,542","0","아파트"
"9447","충청북도 청주시 청원구 오창읍 주성리","561","0561","0000","충북오창사랑으로부영8단지","월세","82.7462","202510","13","8,538","33","2","2015","2산단로 151","202510~202610","갱신","-","8,538","33","아파트"
"9448","충청북도 청주시 청원구 오창읍 주성리","561","0561","0000","충북오창사랑으로부영8단지","전세","82.8216","202510","13","16,542","0","6","2015","2산단로 151","202511~202611","갱신","-","16,542","0","아파트"
"9449","충청북도 청주시 상당구 용암동","3604","3604","0000","동남힐데스하임","월세","84.8429","202510","13","3,000","120","19","2020","월운로 116","202511~202711","신규","-","","","아파트"
"9450","충청북도 청주시 상당구 용암동","2060","2060","0000","부영","월세","50.4900","202510","13","0","50","13","1996","월평로 243","202510~202605","신규","-","","","아파트"
"9451","충청북도 청주시 상당구 용암동","3145","3145","0000","청주동남1단지","월세","46.9700","202510","13","5,906","12","11","2020","호미로 137","202512~202711","갱신","-","2,966","24","아파트"
"9452","충청북도 청주시 상당구 용암동","3156","3156","0000","청주동남엘에이치3단지","월세","46.1000","202510","13","1,212","33","8","2022","호미로 60","202512~202711","갱신","-","3,163","26","아파트"
"9453","충청북도 청주시 청원구 내수읍 마산리","5-5","0005","0005","진흥2차아파트","월세","59.9700","202510","13","1,000","35","2","1992","마산3길 3","202510~202710","갱신","사용","1,000","35","아파트"
"9454","충청북도 청주시 상당구 방서동","655","0655","0000","청주하트리움리버파크","전세","84.8910","202510","13","31,000","0","23","2019","2순환로 2031","202510~202710","신규","-","","","아파트"
"9455","충청북도 청주시 상당구 용암동","3145","3145","0000","청주동남1단지","월세","37.7800","202510","13","4,231","11","23","2020","호미로 137","202512~202711","갱신","-","1,850","18","아파트"
"9456","충청북도 청주시 청원구 오창읍 양청리","810-2","0810","0002","오창롯데캐슬더하이스트","월세","59.9502","202510","13","2,000","100","16","2018","중부로 760","202510~202710","신규","-","","","아파트"
"9457","충청북도 청주시 청원구 오창읍 각리","638-1","0638","0001","우림필유1차","월세","120.0700","202510","13","2,000","130","17","2006","오창중앙로 13","202511~202711","신규","-","","","아파트"
"9458","충청북도 청주시 서원구 남이면 가마리","378","0378","0000","청주가마힐데스하임","전세","80.7532","202510","13","27,000","0","10","2016","2순환로 1717","202512~202712","갱신","-","22,000","0","아파트"
"9459","충청북도 청주시 흥덕구 오송읍 연제리","726","0726","0000","모아미래도","월세","84.7627","202510","13","15,000","30","26","2010","오송생명3로 87","202511~202711","신규","-","","","아파트"
"9460","충청북도 진천군 덕산읍 두촌리","3147","3147","0000","우미린스테이","월세","70.5634","202510","13","10,240","17","8","2018","대하로 150","202512~202712","갱신","-","10,240","15","아파트"
"9461","충청북도 진천군 덕산읍 두촌리","3147","3147","0000","우미린스테이","월세","70.5634","202510","13","10,240","16","3","2018","대하로 150","202512~202712","갱신","-","10,240","14","아파트"
"9462","충청북도 진천군 덕산읍 두촌리","3147","3147","0000","우미린스테이","월세","78.2298","202510","13","11,500","19","5","2018","대하로 150","202511~202711","갱신","-","11,500","17","아파트"
"9463","충청북도 진천군 덕산읍 두촌리","3147","3147","0000","우미린스테이","월세","70.5634","202510","13","10,240","17","22","2018","대하로 150","202511~202711","갱신","-","10,240","15","아파트"
"9464","충청북도 괴산군 괴산읍 동부리","149","0149","0000","괴산동부엘에이치행복마을","월세","29.3900","202510","13","1,819","13","5","2019","남산길 43","202601~202712","갱신","-","1,791","6","아파트"
"9465","충청북도 옥천군 옥천읍 장야리","311","0311","0000","장야2주공아파트","월세","51.9500","202510","13","1,503","14","10","2003","장야3길 10","202512~202711","갱신","-","1,460","13","아파트"
"9466","충청북도 충주시 주덕읍 화곡리","1250","1250","0000","서충주신도시삼일파라뷰2차그랜드시티","전세","84.9734","202510","13","30,000","0","13","2024","화개4길 29","202510~202702","신규","-","","","아파트"
"9467","충청북도 진천군 덕산읍 두촌리","3145","3145","0000","충북혁신도시동일하이빌파크테라스","전세","63.9960","202510","13","21,500","0","22","2024","대하로 194","202511~202711","신규","-","","","아파트"
"9468","충청북도 충주시 연수동","1626","1626","0000","연수세영리첼2단지","월세","84.9875","202510","13","3,000","100","5","2014","연수동산로 38","202510~202710","신규","-","","","아파트"
"9469","충청북도 옥천군 옥천읍 마암리","489","0489","0000","옥천역금호어울림더퍼스트","전세","84.9114","202510","13","23,000","0","12","2025","대천길 42","202601~202801","신규","-","","","아파트"
"9470","충청북도 진천군 이월면 송림리","1033","1033","0000","금호어울림센트럴파크","전세","76.9848","202510","13","17,000","0","11","2024","송림1길 19","202511~202711","신규","-","","","아파트"
"9471","충청북도 청주시 흥덕구 오송읍 봉산리","1531","1531","0000","오송역대광로제비앙그랜드센텀","전세","84.9924","202510","13","25,500","0","12","2024","오송생명14로 283","202510~202710","신규","-","","","아파트"
"9472","충청북도 청주시 흥덕구 오송읍 봉산리","1530","1530","0000","오송역서한이다음노블리스","전세","134.4924","202510","13","40,000","0","25","2025","오송생명14로 217","202511~202811","신규","-","","","아파트"
"9473","충청북도 청주시 흥덕구 오송읍 봉산리","1510","1510","0000","오송역대광로제비앙","전세","59.9980","202510","13","15,270","0","21","2023","오송생명8로 178","202510~202708","신규","-","","","아파트"
"9474","충청북도 청주시 흥덕구 오송읍 봉산리","1530","1530","0000","오송역서한이다음노블리스","전세","134.4924","202510","13","40,000","0","25","2025","오송생명14로 217","-","-","-","","","아파트"
"9475","충청북도 청주시 흥덕구 오송읍 봉산리","798","0798","0000","오송역파라곤센트럴시티","전세","59.9822","202510","13","28,000","0","6","2023","오송생명7로 151","202511~202711","신규","-","","","아파트"
"9476","충청북도 청주시 청원구 사천동","437","0437","0000","사천동아아파트","전세","84.7800","202510","13","7,000","0","14","1994","율봉로 31","202510~202710","신규","-","","","아파트"
"9477","충청북도 음성군 맹동면 동성리","445","0445","0000","충북혁신도시 LH쌍용예가","월세","59.7200","202510","13","1,000","65","10","2014","사예로 20","202510~202610","신규","-","","","아파트"
"9478","충청북도 충주시 봉방동","143-3","0143","0003","씨티빌상지","월세","25.1900","202510","13","300","30","1","2002","봉방4길 38","202511~202610","신규","-","","","아파트"
"9479","충청북도 진천군 진천읍 장관리","880","0880","0000","진천장관사랑으로부영2차","전세","84.9877","202510","13","11,905","0","2","2013","진광로 97-13","202511~202611","신규","-","","","아파트"
"9480","충청북도 진천군 진천읍 장관리","884","0884","0000","진천장관사랑으로부영1차","전세","84.9877","202510","13","11,905","0","8","2013","장관2길 139","202511~202611","신규","-","","","아파트"
"9481","충청북도 진천군 진천읍 장관리","880","0880","0000","진천장관사랑으로부영2차","전세","59.9605","202510","13","9,740","0","1","2013","진광로 97-13","202511~202611","신규","-","","","아파트"
"9482","충청북도 충주시 칠금동","821","0821","0000","부영(1차)","월세","60.0000","202510","13","1,000","50","1","1996","금릉로 46","202510~202710","신규","-","","","아파트"
"9483","충청북도 진천군 진천읍 교성리","466","0466","0000","진천풍림아이원트리니움","월세","74.9600","202510","13","1,000","60","4","2025","대학로 36","202511~202711","신규","-","","","아파트"
"9484","충청북도 제천시 장락동","1050","1050","0000","신안실크밸리","전세","64.5709","202510","13","19,000","0","23","2017","내토로59길 31","202510~202710","신규","-","","","아파트"
"9485","충청북도 청주시 청원구 율량동","1302","1302","0000","대창3","월세","34.7900","202510","13","500","50","14","1995","사뜸로52번길 15","202510~202710","신규","-","","","아파트"
"9486","충청북도 청주시 청원구 율량동","2455","2455","0000","청주율량2엘에이치9단지","월세","29.7200","202510","13","2,057","7","4","2014","율중로7번길 77","-","-","-","","","아파트"
"9487","충청북도 충주시 중앙탑면 용전리","721","0721","0000","충주시티자이","월세","84.9571","202510","13","1,000","70","14","2017","원앙4길 51","202510~202710","신규","-","","","아파트"
"9488","충청북도 충주시 중앙탑면 용전리","661","0661","0000","e편한세상충주","월세","59.8841","202510","13","1,000","70","14","2017","원앙9길 15","202510~202710","신규","-","","","아파트"
"9489","충청북도 충주시 중앙탑면 용전리","721","0721","0000","충주시티자이","전세","59.9959","202510","13","14,000","0","15","2017","원앙4길 51","202512~202712","신규","-","","","아파트"
"9490","충청북도 충주시 중앙탑면 용전리","721","0721","0000","충주시티자이","전세","59.9959","202510","13","14,000","0","15","2017","원앙4길 51","202512~202712","신규","-","","","아파트"
"9491","충청북도 충주시 중앙탑면 용전리","656","0656","0000","미진이지비아","전세","59.9903","202510","13","13,000","0","20","2017","기업도시로 189","202511~202711","신규","-","","","아파트"
"9492","충청북도 충주시 중앙탑면 용전리","654","0654","0000","포레나서충주","전세","84.9986","202510","13","25,500","0","20","2023","기업도시로 211","202511~202711","신규","-","","","아파트"
"9493","충청북도 충주시 중앙탑면 용전리","721","0721","0000","충주시티자이","전세","59.9959","202510","13","13,500","0","8","2017","원앙4길 51","202510~202710","갱신","-","17,000","0","아파트"
"9494","충청북도 청주시 흥덕구 송절동","1196","1196","0000","청주테크노폴리스힐데스하임","전세","84.9400","202510","13","31,000","0","12","2025","송화로 115","202601~202801","신규","-","","","아파트"
"9495","충청북도 제천시 하소동","82","0082","0000","주공","전세","46.6800","202510","13","7,000","0","2","1989","용두대로15길 11","202512~202712","신규","-","","","아파트"
"9496","충청북도 충주시 대소원면 본리","645","0645","0000","충주코아루퍼스트아파트","월세","59.3554","202510","13","1,000","55","10","2016","첨단산업4로 24","202510~202710","신규","-","","","아파트"
"9497","충청북도 충주시 대소원면 본리","645","0645","0000","충주코아루퍼스트아파트","전세","59.3554","202510","13","11,000","0","9","2016","첨단산업4로 24","202511~202711","신규","-","","","아파트"
"9498","충청북도 보은군 보은읍 장신리","183","0183","0000","보은신한헤센","월세","74.9690","202510","13","3,000","70","2","2018","보청대로 1966","202511~202711","신규","-","","","아파트"
"9499","충청북도 보은군 보은읍 장신리","183","0183","0000","보은신한헤센","월세","74.9690","202510","13","3,000","27","2","2018","보청대로 1966","202511~202711","신규","-","","","아파트"
"9500","충청북도 충주시 호암동","542-1","0542","0001","세경","전세","56.8800","202510","13","5,400","0","2","1992","신촌1길 6","202511~202711","신규","-","","","아파트"
"9501","충청북도 충주시 호암동","542-1","0542","0001","세경","전세","56.8800","202510","13","5,400","0","2","1992","신촌1길 6","-","-","-","","","아파트"
"9502","충청북도 제천시 영천동","2234","2234","0000","강저리슈빌엔에이치에프","월세","75.9000","202510","13","3,022","47","1","2018","청풍호로7길 76","202512~202711","신규","-","","","아파트"
"9503","충청북도 진천군 덕산읍 용몽리","1091","1091","0000","진천덕산우방아이유쉘","전세","127.4167","202510","13","17,000","0","9","2017","덕금로 842","202511~202711","신규","-","","","아파트"
"9504","충청북도 진천군 이월면 사곡리","600-1","0600","0001","부영임대","월세","49.9200","202510","13","2,500","13","7","2004","진광로 121","202510~202610","갱신","-","2,500","13","아파트"
"9505","충청북도 진천군 이월면 사곡리","600-1","0600","0001","부영임대","전세","49.9200","202510","13","5,411","0","4","2004","진광로 121","202511~202611","신규","-","","","아파트"
"9506","충청북도 충주시 용산동","2628","2628","0000","충주3차푸르지오","전세","84.9748","202510","13","26,500","0","1","2018","염밭로 13","202511~202711","신규","-","","","아파트"
"9507","충청북도 충주시 교현동","1309","1309","0000","성원","월세","59.7000","202510","13","500","55","11","1995","삼원로 175","202510~202610","신규","-","","","아파트"
"9508","충청북도 제천시 영천동","2234","2234","0000","강저리슈빌엔에이치에프","월세","84.8800","202510","13","3,843","52","2","2018","청풍호로7길 76","202512~202711","신규","-","","","아파트"
"9509","충청북도 영동군 용산면 구촌리","576","0576","0000","영동용산행복주택","월세","26.8200","202510","13","1,405","7","5","2021","용산로 351","202511~202710","갱신","-","1,170","8","아파트"
"9510","충청북도 괴산군 괴산읍 동부리","523-1","0523","0001","더팰리스","전세","23.7400","202510","13","4,400","0","7","2018","읍내로15길 18","202510~202610","신규","-","","","아파트"
"9511","충청북도 충주시 풍동","408-7","0408","0007","신한강변","월세","26.9300","202510","13","200","23","2","1994","풍동동막길 50","202510~202710","신규","-","","","아파트"
"9512","충청북도 청주시 서원구 사창동","304-1","0304","0001","두진하트리움에덴","전세","49.9084","202510","13","10,000","0","5","2014","사직대로 160","202510~202710","갱신","사용","10,000","0","아파트"
"9513","충청북도 청주시 흥덕구 봉명동","2934","2934","0000","청주SKVIEW자이","월세","59.9784","202510","13","10,000","60","8","2024","월명로 76","202511~202711","신규","-","","","아파트"
"9514","충청북도 청주시 흥덕구 가경동","2236","2236","0000","청주가경아이파크2단지","전세","105.5800","202510","13","45,000","0","18","2020","서현로 68","202510~202710","신규","-","","","아파트"
"9515","충청북도 청주시 흥덕구 비하동","362","0362","0000","효성2차","전세","45.2800","202510","13","9,900","0","3","1997","2순환로1050번길 24","202511~202611","신규","-","","","아파트"
"9516","충청북도 청주시 흥덕구 봉명동","1602","1602","0000","주공2","전세","61.7700","202510","13","8,000","0","5","1985","직지대로581번길 33-12","202511~202711","신규","-","","","아파트"
"9517","충청북도 청주시 흥덕구 봉명동","1857-1","1857","0001","리치먼드시티","월세","21.0286","202510","13","5,056","4","6","2023","직지대로 551","202511~202711","갱신","-","6,320","0","아파트"
"9518","충청북도 음성군 감곡면 오향리","405-16","0405","0016","드림타워","전세","39.7440","202510","13","4,500","0","1","2011","거일길 27-38","202510~202710","신규","-","","","아파트"
"9519","충청북도 청주시 흥덕구 복대동","95-1","0095","0001","덕성","월세","22.6800","202510","13","300","35","9","1991","가로수로1379번길 83","202510~202610","신규","-","","","아파트"
"9520","충청북도 음성군 대소면 성본리","822","0822","0000","음성푸르지오마크베르","월세","84.8971","202510","13","2,000","60","9","2025","성본산단5로 9","202510~202710","신규","-","","","아파트"
"9521","충청북도 청주시 흥덕구 복대동","853-5","0853","0005","포빌","월세","47.2150","202510","13","700","73","13","2017","사직대로 38","202510~202610","신규","-","","","아파트"
"9522","충청북도 청주시 흥덕구 복대동","3381","3381","0000","두산위브지웰시티2차","월세","80.1350","202510","13","5,000","190","35","2015","대농로 55","202512~202712","갱신","-","5,000","150","아파트"
"9523","충청북도 청주시 서원구 분평동","1249","1249","0000","현대대우8단지","월세","84.9500","202510","13","2,000","80","2","1999","월평로 28","202511~202711","신규","-","","","아파트"
"9524","충청북도 청주시 흥덕구 봉명동","1857-1","1857","0001","리치먼드시티","전세","21.0286","202510","13","6,320","0","14","2023","직지대로 551","202512~202712","갱신","-","6,320","0","아파트"
"9525","충청북도 청주시 서원구 성화동","939","0939","0000","성화호반베르디움","전세","84.8572","202510","13","22,000","0","1","2012","구룡산로 24","202601~202801","신규","-","","","아파트"
"9526","충청북도 청주시 서원구 성화동","634","0634","0000","성화주공1단지","월세","46.9000","202510","13","569","23","2","2007","성봉로 88","202510~202711","신규","-","","","아파트"
"9527","충청북도 청주시 흥덕구 봉명동","795","0795","0000","IJFOCUS","월세","31.0466","202510","13","500","47","20","2017","1순환로 571","202511~202611","신규","-","","","아파트"
"9528","충청북도 청주시 서원구 수곡동","231-2","0231","0002","선광한빛","월세","29.1600","202510","13","500","37","10","1998","매봉로60번길 18","202510~202610","신규","-","","","아파트"
"9529","충청북도 청주시 서원구 개신동","613","0613","0000","휴먼시아","월세","59.9000","202510","13","2,000","70","10","2001","경신로 67","202511~202711","신규","-","","","아파트"
"9530","충청북도 청주시 서원구 수곡동","314","0314","0000","산남주공4단지아파트","월세","41.3000","202510","13","1,000","45","7","1993","구룡산로 275-13","202510~202610","신규","-","","","아파트"
"9531","충청북도 청주시 서원구 모충동","553","0553","0000","청주모충LH트릴로채","월세","74.7700","202510","13","1,000","136","4","2021","쌍샘로 22","202511~202711","갱신","사용","1,000","130","아파트"
"9532","충청북도 청주시 서원구 모충동","553","0553","0000","청주모충LH트릴로채","전세","59.9600","202510","13","24,000","0","4","2021","쌍샘로 22","202511~202711","신규","-","","","아파트"
"9533","충청북도 청주시 흥덕구 강서동","460","0460","0000","이랜드타운힐스싱글스위트청주","월세","19.9600","202510","13","5,400","9","6","2019","2순환로 1228","202512~202612","갱신","-","5,400","8","아파트"
"9534","충청북도 음성군 대소면 부윤리","130-17","0130","0017","조원무궁화아파트","월세","27.6300","202510","13","200","27","9","1995","대동로 503","202511~202611","신규","-","","","아파트"
"9535","충청북도 청주시 흥덕구 강서동","472","0472","0000","우양센트럴","월세","28.8684","202510","12","500","50","11","2016","가로수로1164번길 41-44","202511~202611","신규","-","","","아파트"
"9536","충청북도 청주시 서원구 산남동","1094","1094","0000","부영사랑으로","전세","59.9364","202510","12","18,600","0","12","2007","원흥로 14","202510~202710","신규","-","","","아파트"
"9537","충청북도 청주시 서원구 남이면 척북리","74-7","0074","0007","삼포","전세","36.6200","202510","12","1,700","0","6","2000","저산척북로 636-10","202510~202710","신규","-","","","아파트"
"9538","충청북도 청주시 서원구 성화동","939","0939","0000","성화호반베르디움","월세","84.8572","202510","12","3,000","120","8","2012","구룡산로 24","202510~202610","갱신","사용","3,000","120","아파트"
"9539","충청북도 청주시 흥덕구 복대동","3034","3034","0000","하복대삼일","전세","84.9000","202510","12","15,000","0","1","1998","증안로 108","202512~202712","신규","-","","","아파트"
"9540","충청북도 청주시 흥덕구 봉명동","1833","1833","0000","봉명베리굿2차","월세","46.0435","202510","12","4,000","50","3","2023","직지대로 605","202601~202812","신규","-","","","아파트"
"9541","충청북도 청주시 흥덕구 가경동","1759","1759","0000","가로수마을호반베르디움","전세","84.9667","202510","12","34,000","0","1","2008","서현중로 47","202511~202702","갱신","-","35,000","0","아파트"
"9542","충청북도 청주시 상당구 탑동","344","0344","0000","탑클래스아파트","전세","39.9000","202510","12","9,000","0","1","2014","산성로 55","202511~202711","신규","-","","","아파트"
"9543","충청북도 청주시 청원구 오창읍 각리","637-9","0637","0009","대원칸타빌","전세","59.9851","202510","12","18,000","0","7","2006","오창중앙로 64","202512~202712","신규","-","","","아파트"
"9544","충청북도 청주시 상당구 문화동","118","0118","0000","문화동센트럴칸타빌","전세","84.9662","202510","12","31,000","0","23","2018","용담로 7","202512~202708","신규","-","","","아파트"
"9545","충청북도 청주시 상당구 용담동","467","0467","0000","우미린에듀파크2단지","전세","84.9854","202510","12","35,500","0","18","2018","수영로 359","202512~202712","신규","-","","","아파트"
"9546","충청북도 청주시 상당구 문화동","118","0118","0000","문화동센트럴칸타빌","전세","84.9662","202510","12","31,000","0","23","2018","용담로 7","202512~202708","신규","-","","","아파트"
"9547","충청북도 청주시 상당구 용암동","3604","3604","0000","동남힐데스하임","월세","84.8429","202510","12","3,000","140","25","2020","월운로 116","202512~202712","신규","-","","","아파트"
"9548","충청북도 청주시 상당구 용암동","3151","3151","0000","칸타빌더테라스1단지","전세","78.8917","202510","12","31,500","0","16","2019","중고개로 140","-","-","-","","","아파트"
"9549","충청북도 청주시 상당구 용암동","2542","2542","0000","중흥마을부영(2542-0)","전세","59.9870","202510","12","15,000","0","5","2003","중흥로 173","202511~202711","갱신","사용","15,000","0","아파트"
"9550","충청북도 청주시 상당구 금천동","199-1","0199","0001","현대","월세","84.8400","202510","12","2,000","65","2","1992","중고개로337번길 23","202510~202710","신규","-","","","아파트"
"9551","충청북도 청주시 청원구 오창읍 각리","646-6","0646","0006","이안오창","월세","59.4414","202510","12","1,000","74","10","2006","오창중앙로 83","202510~202710","갱신","사용","1,000","70","아파트"
"9552","충청북도 청주시 상당구 탑동","344","0344","0000","탑클래스아파트","전세","84.9000","202510","12","22,000","0","13","2014","산성로 55","202511~202711","신규","-","","","아파트"
"9553","충청북도 청주시 상당구 영운동","33-1","0033","0001","한진신세대","월세","43.2400","202510","12","500","35","2","1997","영운천로119번길 7","202510~202710","신규","-","","","아파트"
"9554","충청북도 진천군 덕산읍 두촌리","2456","2456","0000","영무예다음2차","월세","84.9095","202510","12","1,000","110","8","2016","대하로 195","-","-","-","","","아파트"
"9555","충청북도 충주시 연수동","1227","1227","0000","연수주공1차","전세","40.0000","202510","12","3,000","0","5","1991","예성로 360","202510~202710","신규","-","","","아파트"
"9556","충청북도 청주시 흥덕구 오송읍 봉산리","1527","1527","0000","오송역동아라이크텐","월세","84.9919","202510","12","1,000","110","25","2020","오송생명14로 215","202511~202711","신규","-","","","아파트"
"9557","충청북도 진천군 덕산읍 두촌리","2494","2494","0000","천년나무4단지","월세","59.9800","202510","12","1,000","80","8","2017","연미로 87","202510~202710","신규","-","","","아파트"
"9558","충청북도 청주시 청원구 내덕동","660-6","0660","0006","한마음주택조합","월세","67.5650","202510","12","500","45","6","1992","내덕로7번길 58","202510~202804","신규","-","","","아파트"
"9559","충청북도 청주시 청원구 율량동","1379","1379","0000","대창4차아파트","월세","49.5000","202510","12","500","55","6","1996","사뜸로52번길 16","202511~202711","신규","-","","","아파트"
"9560","충청북도 청주시 흥덕구 오송읍 봉산리","1530","1530","0000","오송역서한이다음노블리스","전세","150.6402","202510","12","40,000","0","17","2025","오송생명14로 217","202601~202801","신규","-","","","아파트"
"9561","충청북도 충주시 주덕읍 화곡리","1111","1111","0000","서충주푸르지오더퍼스트","월세","74.6975","202510","12","2,000","80","29","2025","화개1길 74","202511~202611","신규","-","","","아파트"
"9562","충청북도 청주시 흥덕구 오송읍 봉산리","1527","1527","0000","오송역동아라이크텐","월세","84.9919","202510","11","2,000","105","1","2020","오송생명14로 215","202511~202711","신규","-","","","아파트"
"9563","충청북도 진천군 진천읍 교성리","466","0466","0000","진천풍림아이원트리니움","전세","59.9900","202510","11","10,000","0","17","2025","대학로 36","202510~202710","신규","-","","","아파트"
"9564","충청북도 청주시 흥덕구 오송읍 봉산리","1527","1527","0000","오송역동아라이크텐","전세","84.9919","202510","11","24,000","0","2","2020","오송생명14로 215","202511~202711","신규","-","","","아파트"
"9565","충청북도 충주시 용관동","172-5","0172","0005","더푸른리버뷰아파트","월세","28.5600","202510","11","200","17","2","1999","창현로 1336","202510~202610","신규","-","","","아파트"
"9566","충청북도 청주시 흥덕구 오송읍 봉산리","798","0798","0000","오송역파라곤센트럴시티","전세","59.9800","202510","11","27,500","0","20","2023","오송생명7로 151","202601~202801","신규","-","","","아파트"
"9567","충청북도 청주시 흥덕구 송절동","1196","1196","0000","청주테크노폴리스힐데스하임","전세","84.9900","202510","11","33,000","0","10","2025","송화로 115","202510~202710","신규","-","","","아파트"
"9568","충청북도 증평군 증평읍 장동리","255","0255","0000","증평삼일","월세","59.9000","202510","11","1,500","30","13","1992","장뜰로 110","202510~202603","신규","-","","","아파트"
"9569","충청북도 충주시 주덕읍 화곡리","1111","1111","0000","서충주푸르지오더퍼스트","월세","74.6975","202510","11","1,000","70","21","2025","화개1길 74","202511~202711","신규","-","","","아파트"
"9570","충청북도 충주시 연수동","701-9","0701","0009","연수부강","월세","42.1100","202510","11","500","35","3","1995","후곡길 19","202510~202710","신규","-","","","아파트"
"9571","충청북도 충주시 연수동","700","0700","0000","두진2차","월세","84.9500","202510","11","1,000","65","3","1992","연수로 7","202510~202710","신규","-","","","아파트"
"9572","충청북도 청주시 흥덕구 오송읍 봉산리","798","0798","0000","오송역파라곤센트럴시티","월세","59.8447","202510","11","3,000","85","10","2023","오송생명7로 151","202511~202711","신규","-","","","아파트"
"9573","충청북도 충주시 칠금동","821","0821","0000","부영(1차)","전세","60.0000","202510","11","12,000","0","8","1996","금릉로 46","202511~202711","신규","-","","","아파트"
"9574","충청북도 진천군 진천읍 교성리","466","0466","0000","진천풍림아이원트리니움","전세","59.9900","202510","11","10,000","0","14","2025","대학로 36","202510~202710","신규","-","","","아파트"
"9575","충청북도 청주시 흥덕구 오송읍 봉산리","1527","1527","0000","오송역동아라이크텐","월세","84.9919","202510","11","2,000","105","1","2020","오송생명14로 215","-","-","-","","","아파트"
"9576","충청북도 청주시 흥덕구 오송읍 봉산리","1527","1527","0000","오송역동아라이크텐","월세","84.9919","202510","11","2,000","110","11","2020","오송생명14로 215","202511~202711","신규","-","","","아파트"
"9577","충청북도 청주시 청원구 사천동","25-2","0025","0002","정도드림-빌","월세","29.9200","202510","11","500","35","2","1999","공항로 159-12","202510~202710","신규","-","","","아파트"
"9578","충청북도 진천군 광혜원면 광혜원리","1078","1078","0000","진천광혜원주공","월세","51.7400","202510","11","1,000","50","8","2003","화랑길 50-5","202510~202710","신규","-","","","아파트"
"9579","충청북도 제천시 강제동","844","0844","0000","제천강저롯데캐슬프리미어","월세","75.1476","202510","11","2,000","100","2","2017","청풍호로10길 53","202511~202711","신규","-","","","아파트"
"9580","충청북도 제천시 장락동","1060","1060","0000","세영리첼에듀퍼스트","월세","84.9198","202510","11","3,000","110","3","2025","용두천로44길 50","202511~202711","신규","-","","","아파트"
"9581","충청북도 청주시 흥덕구 봉명동","1602","1602","0000","주공2","월세","39.7200","202510","11","300","15","1","1985","직지대로581번길 33-12","202511~202710","신규","-","","","아파트"
"9582","충청북도 청주시 서원구 모충동","553","0553","0000","청주모충LH트릴로채","전세","74.7700","202510","11","28,350","0","8","2021","쌍샘로 22","202511~202711","갱신","사용","27,000","0","아파트"
"9583","충청북도 청주시 흥덕구 신봉동","159","0159","0000","삼성레미안","월세","74.1000","202510","11","1,000","60","11","1992","사운로 335","202510~202710","신규","-","","","아파트"
"9584","충청북도 청주시 서원구 성화동","1034","1034","0000","청주성화2다안채6단지","월세","84.9300","202510","11","2,000","120","7","2013","구룡산로52번길 51","202511~202711","신규","-","","","아파트"
"9585","충청북도 청주시 흥덕구 비하동","300","0300","0000","효성아파트","월세","45.3200","202510","11","500","60","5","1995","2순환로1050번길 13-14","202510~202710","신규","-","","","아파트"
"9586","충청북도 청주시 흥덕구 강서동","482","0482","0000","강서베리굿2차","월세","23.6255","202510","11","500","48","11","2016","강서로 111","202510~202610","신규","-","","","아파트"
"9587","충청북도 청주시 서원구 사창동","180-1","0180","0001","청주센트럴리슈빌DS","월세","37.9303","202510","11","2,000","70","16","2023","1순환로 627","202510~202810","신규","-","","","아파트"
"9588","충청북도 음성군 대소면 성본리","807","0807","0000","음성우미린풀하우스","전세","84.9957","202510","11","13,000","0","22","2025","성본산단4로 40","202511~202711","신규","-","","","아파트"
"9589","충청북도 음성군 대소면 성본리","819","0819","0000","음성푸르지오센터피크","월세","84.9019","202510","11","1,000","65","3","2025","성본산단5로 29","202510~202710","신규","-","","","아파트"
"9590","충청북도 청주시 흥덕구 봉명동","1857","1857","0000","극동주얼리","월세","59.6700","202510","11","2,000","70","13","1991","월명로 114","202510~202710","신규","-","","","아파트"
"9591","충청북도 청주시 서원구 개신동","278-10","0278","0010","현대","전세","84.9450","202510","11","15,000","0","11","1990","성봉로220번길 23","202512~202712","신규","-","","","아파트"
"9592","충청북도 청주시 흥덕구 강서동","459","0459","0000","신해블루지움","전세","18.2800","202510","11","5,600","0","24","2017","2순환로 1222","202511~202711","신규","-","","","아파트"
"9593","충청북도 청주시 흥덕구 강서동","459","0459","0000","신해블루지움","전세","18.2800","202510","11","5,800","0","24","2017","2순환로 1222","202511~202711","신규","-","","","아파트"
"9594","충청북도 청주시 흥덕구 강서동","502","0502","0000","강서베리굿3차","월세","47.6625","202510","11","1,000","75","12","2017","서현중로 61","202510~202610","신규","-","","","아파트"
"9595","충청북도 청주시 청원구 우암동","328-12","0328","0012","우암세원","월세","41.0200","202510","11","500","40","5","1999","사북로149번길 7","202510~202610","신규","-","","","아파트"
"9596","충청북도 청주시 청원구 오창읍 각리","646-6","0646","0006","이안오창","전세","84.8307","202510","11","19,500","0","12","2006","오창중앙로 83","202512~202712","신규","-","","","아파트"
"9597","충청북도 청주시 청원구 오창읍 양청리","810-2","0810","0002","오창롯데캐슬더하이스트","월세","109.3576","202510","11","5,000","160","19","2018","중부로 760","202512~202712","신규","-","","","아파트"
"9598","충청북도 청주시 상당구 탑동","390","0390","0000","센트럴힐데스하임","전세","84.8470","202510","11","35,000","0","22","2022","용담로 50","202602~202802","신규","-","","","아파트"
"9599","충청북도 청주시 상당구 탑동","390","0390","0000","센트럴힐데스하임","전세","65.9710","202510","11","28,000","0","13","2022","용담로 50","202601~202801","신규","-","","","아파트"
"9600","충청북도 청주시 상당구 탑동","390","0390","0000","센트럴힐데스하임","전세","84.8470","202510","11","35,000","0","22","2022","용담로 50","202601~202801","신규","-","","","아파트"
"9601","충청북도 청주시 상당구 탑동","390","0390","0000","센트럴힐데스하임","전세","65.9710","202510","11","28,000","0","13","2022","용담로 50","202601~202801","신규","-","","","아파트"
"9602","충청북도 청주시 청원구 오창읍 각리","645-1","0645","0001","코아루","전세","84.9696","202510","11","25,000","0","2","2006","오창중앙로 27","202512~202712","신규","-","","","아파트"
"9603","충청북도 청주시 흥덕구 오송읍 연제리","740","0740","0000","오송대원칸타빌","전세","84.9922","202510","11","23,500","0","2","2011","연제만수길 17","202601~202801","신규","-","","","아파트"
"9604","충청북도 청주시 상당구 영운동","40-5","0040","0005","진흥","전세","65.9200","202510","10","5,400","0","4","1987","영운천로91번길 35","202511~202711","신규","-","","","아파트"
"9605","충청북도 청주시 청원구 오창읍 주성리","564","0564","0000","사랑으로부영7단지","전세","57.7554","202510","10","12,357","0","17","2014","2산단4로 60","202510~202610","갱신","-","12,199","0","아파트"
"9606","충청북도 청주시 청원구 오창읍 주성리","564","0564","0000","사랑으로부영7단지","전세","57.7554","202510","10","12,357","0","9","2014","2산단4로 60","202511~202611","갱신","-","12,199","0","아파트"
"9607","충청북도 청주시 청원구 오창읍 주성리","564","0564","0000","사랑으로부영7단지","전세","57.7554","202510","10","12,357","0","7","2014","2산단4로 60","202510~202610","신규","-","","","아파트"
"9608","충청북도 청주시 청원구 오창읍 주성리","564","0564","0000","사랑으로부영7단지","전세","57.7554","202510","10","12,357","0","19","2014","2산단4로 60","202511~202611","신규","-","","","아파트"
"9609","충청북도 청주시 청원구 오창읍 주성리","567","0567","0000","충북오창사랑으로부영5단지","전세","82.8216","202510","10","16,542","0","12","2015","2산단4로 20","202510~202610","갱신","-","16,542","0","아파트"
"9610","충청북도 청주시 청원구 오창읍 주성리","569","0569","0000","충북오창사랑으로부영6단지","전세","57.7554","202510","10","12,567","0","19","2014","2산단로 125","202511~202611","갱신","-","12,382","0","아파트"
"9611","충청북도 청주시 청원구 오창읍 주성리","561","0561","0000","충북오창사랑으로부영8단지","전세","82.8216","202510","10","16,542","0","5","2015","2산단로 151","202512~202612","갱신","-","15,500","0","아파트"
"9612","충청북도 청주시 청원구 오창읍 주성리","564","0564","0000","사랑으로부영7단지","월세","57.7554","202510","10","5,587","28","8","2014","2산단4로 60","202512~202612","갱신","-","5,516","28","아파트"
"9613","충청북도 청주시 청원구 오창읍 주성리","564","0564","0000","사랑으로부영7단지","전세","57.7554","202510","10","12,357","0","13","2014","2산단4로 60","202511~202611","갱신","-","12,199","0","아파트"
"9614","충청북도 청주시 상당구 용암동","3604","3604","0000","동남힐데스하임","전세","84.9592","202510","10","32,000","0","16","2020","월운로 116","202510~202710","신규","-","","","아파트"
"9615","충청북도 청주시 청원구 오창읍 주성리","564","0564","0000","사랑으로부영7단지","전세","57.7554","202510","10","12,357","0","9","2014","2산단4로 60","202512~202612","갱신","-","12,199","0","아파트"
"9616","충청북도 청주시 청원구 오창읍 주성리","564","0564","0000","사랑으로부영7단지","전세","57.7554","202510","10","12,357","0","15","2014","2산단4로 60","202510~202610","갱신","-","12,199","0","아파트"
"9617","충청북도 청주시 청원구 오창읍 주성리","564","0564","0000","사랑으로부영7단지","전세","57.7554","202510","10","12,357","0","14","2014","2산단4로 60","202510~202610","갱신","-","12,199","0","아파트"
"9618","충청북도 청주시 흥덕구 오송읍 연제리","736","0736","0000","오송호반베르디움","전세","84.8873","202510","10","25,000","0","19","2010","오송생명3로 111","202510~202710","신규","-","","","아파트"
"9619","충청북도 청주시 청원구 오창읍 각리","637-1","0637","0001","한라비발디","월세","84.5730","202510","10","2,000","100","7","2006","오창중앙로 94","202511~202711","신규","-","","","아파트"
"9620","충청북도 청주시 청원구 오창읍 주성리","564","0564","0000","사랑으로부영7단지","월세","57.7554","202510","10","5,587","28","23","2014","2산단4로 60","202511~202611","갱신","-","5,516","28","아파트"
"9621","충청북도 청주시 청원구 오창읍 주성리","567","0567","0000","충북오창사랑으로부영5단지","전세","82.8216","202510","10","16,542","0","3","2015","2산단4로 20","202510~202610","갱신","-","16,379","0","아파트"
"9622","충청북도 청주시 청원구 오창읍 주성리","567","0567","0000","충북오창사랑으로부영5단지","전세","82.8216","202510","10","16,542","0","2","2015","2산단4로 20","202510~202610","갱신","-","16,379","0","아파트"
"9623","충청북도 청주시 청원구 오창읍 주성리","561","0561","0000","충북오창사랑으로부영8단지","전세","82.8216","202510","10","16,542","0","6","2015","2산단로 151","202512~202611","갱신","-","16,542","0","아파트"
"9624","충청북도 청주시 청원구 오창읍 주성리","561","0561","0000","충북오창사랑으로부영8단지","전세","82.8216","202510","10","16,542","0","4","2015","2산단로 151","202510~202610","갱신","-","16,542","0","아파트"
"9625","충청북도 청주시 상당구 금천동","275","0275","0000","장자마을부영(275-7단지)","전세","48.3895","202510","10","10,500","0","3","2001","중고개로 288","202510~202710","신규","-","","","아파트"
"9626","충청북도 청주시 상당구 용암동","2064","2064","0000","세원한아름","월세","59.7600","202510","10","3,000","50","12","1994","무농정로 90","202511~202711","신규","-","","","아파트"
"9627","충청북도 청주시 청원구 오창읍 주성리","564","0564","0000","사랑으로부영7단지","전세","57.7554","202510","10","12,357","0","15","2014","2산단4로 60","202510~202610","갱신","-","12,199","0","아파트"
"9628","충청북도 청주시 청원구 오창읍 주성리","564","0564","0000","사랑으로부영7단지","전세","57.7554","202510","10","12,357","0","23","2014","2산단4로 60","202511~202611","갱신","-","12,199","0","아파트"
"9629","충청북도 청주시 청원구 오창읍 양청리","810-2","0810","0002","오창롯데캐슬더하이스트","전세","59.9502","202510","10","27,000","0","29","2018","중부로 760","202511~202711","신규","-","","","아파트"
"9630","충청북도 진천군 진천읍 교성리","466","0466","0000","진천풍림아이원트리니움","월세","74.9600","202510","10","2,000","50","9","2025","대학로 36","202511~202711","신규","-","","","아파트"
"9631","충청북도 음성군 금왕읍 무극리","93","0093","0000","LH음성금왕3단지(2차분)(301~303,308,309동)","월세","46.9000","202510","10","1,496","13","7","2008","무극로324번길 15","202512~202711","갱신","-","1,429","13","아파트"
"9632","충청북도 진천군 덕산읍 두촌리","3147","3147","0000","우미린스테이","월세","78.2298","202510","10","11,500","18","2","2018","대하로 150","202512~202712","갱신","-","11,500","16","아파트"
"9633","충청북도 충주시 교현동","1083","1083","0000","남산주공1","전세","47.2500","202510","10","5,775","0","3","1986","남산4길 28","202510~202710","신규","-","","","아파트"
"9634","충청북도 충주시 중앙탑면 용전리","696","0696","0000","신우희가로아파트","월세","59.9533","202510","10","1,000","55","3","2018","원앙4길 96","202511~202711","신규","-","","","아파트"
"9635","충청북도 충주시 중앙탑면 용전리","721","0721","0000","충주시티자이","월세","59.9959","202510","10","500","65","12","2017","원앙4길 51","202510~202710","신규","-","","","아파트"
"9636","충청북도 충주시 중앙탑면 용전리","661","0661","0000","e편한세상충주","월세","84.9537","202510","10","2,000","90","12","2017","원앙9길 15","202510~202710","신규","-","","","아파트"
"9637","충청북도 충주시 중앙탑면 용전리","661","0661","0000","e편한세상충주","전세","59.8841","202510","10","15,000","0","6","2017","원앙9길 15","202511~202711","신규","-","","","아파트"
"9638","충청북도 청주시 흥덕구 송절동","1196","1196","0000","청주테크노폴리스힐데스하임","월세","84.9600","202510","10","5,000","140","6","2025","송화로 115","202510~202710","신규","-","","","아파트"
"9639","충청북도 제천시 봉양읍 미당리","820","0820","0000","미당한마음","월세","59.5450","202510","10","1,000","60","14","2004","용두대로36길 5-12","202511~202711","신규","-","","","아파트"
"9640","충청북도 충주시 칠금동","1015","1015","0000","부영아파트(2차)","월세","60.0000","202510","10","1,000","60","3","1996","칠금중앙로 30","202510~202710","신규","-","","","아파트"
"9641","충청북도 제천시 청전동","4","0004","0000","주공","전세","41.9900","202510","10","2,500","0","3","1980","청전대로15길 70","202510~202710","신규","-","","","아파트"
"9642","충청북도 충주시 주덕읍 화곡리","1111","1111","0000","서충주푸르지오더퍼스트","월세","101.3536","202510","10","2,000","115","27","2025","화개1길 74","202511~202710","신규","-","","","아파트"
"9643","충청북도 청주시 흥덕구 오송읍 봉산리","1530","1530","0000","오송역서한이다음노블리스","월세","182.0718","202510","10","500","60","2","2025","오송생명14로 217","202510~202610","신규","-","","","아파트"
"9644","충청북도 증평군 증평읍 송산리","722","0722","0000","증평송산LH5단지","월세","29.3900","202510","10","2,483","8","11","2022","송산로 30","202512~202711","갱신","-","844","17","아파트"
"9645","충청북도 충주시 대소원면 본리","645","0645","0000","충주코아루퍼스트아파트","전세","59.3554","202510","10","11,000","0","5","2016","첨단산업4로 24","202510~202710","신규","-","","","아파트"
"9646","충청북도 충주시 대소원면 본리","645","0645","0000","충주코아루퍼스트아파트","월세","59.3554","202510","10","1,000","50","2","2016","첨단산업4로 24","202510~202710","신규","-","","","아파트"
"9647","충청북도 제천시 영천동","2227","2227","0000","제천강저휴먼시아1단지","월세","46.9000","202510","10","1,603","14","15","2009","청풍호로7길 20","202511~202710","신규","-","","","아파트"
"9648","충청북도 진천군 문백면 봉죽리","257","0257","0000","경향렉스빌","월세","40.3200","202510","10","300","30","2","2000","봉죽2길 20-42","202510~202610","신규","-","","","아파트"
"9649","충청북도 충주시 안림동","1171","1171","0000","충주2차푸르지오","전세","59.9622","202510","10","27,000","0","12","2016","봉현로 366","202510~202710","신규","-","","","아파트"
"9650","충청북도 제천시 왕암동","779","0779","0000","왕암코아루드림","월세","60.2620","202510","10","3,000","70","14","2018","바이오밸리로 171","202512~202712","신규","-","","","아파트"
"9651","충청북도 진천군 진천읍 장관리","880","0880","0000","진천장관사랑으로부영2차","전세","59.9605","202510","10","9,740","0","2","2013","진광로 97-13","202512~202612","신규","-","","","아파트"
"9652","충청북도 진천군 덕산읍 두촌리","3147","3147","0000","우미린스테이","월세","78.2298","202510","10","11,500","19","22","2018","대하로 150","202512~202712","갱신","-","11,500","17","아파트"
"9653","충청북도 진천군 진천읍 장관리","880","0880","0000","진천장관사랑으로부영2차","전세","59.9605","202510","10","9,740","0","17","2013","진광로 97-13","202511~202611","신규","-","","","아파트"
"9654","충청북도 진천군 진천읍 장관리","880","0880","0000","진천장관사랑으로부영2차","전세","59.9605","202510","10","9,740","0","17","2013","진광로 97-13","202510~202610","신규","-","","","아파트"
"9655","충청북도 진천군 진천읍 장관리","884","0884","0000","진천장관사랑으로부영1차","전세","59.9605","202510","10","9,740","0","3","2013","장관2길 139","202511~202611","신규","-","","","아파트"
"9656","충청북도 청주시 청원구 율량동","861","0861","0000","두진백로그린타운","월세","59.4000","202510","10","5,000","40","5","1996","율봉로201번길 34","202511~202711","신규","-","","","아파트"
"9657","충청북도 진천군 진천읍 장관리","884","0884","0000","진천장관사랑으로부영1차","월세","59.9605","202510","10","5,060","16","18","2013","장관2길 139","202510~202610","신규","-","","","아파트"
"9658","충청북도 진천군 진천읍 장관리","884","0884","0000","진천장관사랑으로부영1차","전세","84.9877","202510","10","11,905","0","8","2013","장관2길 139","202510~202610","신규","-","","","아파트"
"9659","충청북도 진천군 진천읍 장관리","884","0884","0000","진천장관사랑으로부영1차","월세","84.9877","202510","10","5,060","25","4","2013","장관2길 139","202510~202610","신규","-","","","아파트"
"9660","충청북도 청주시 청원구 율량동","2455","2455","0000","청주율량2엘에이치9단지","월세","29.7200","202510","10","2,110","10","18","2014","율중로7번길 77","202511~202710","갱신","-","1,245","11","아파트"
"9661","충청북도 진천군 덕산읍 두촌리","3147","3147","0000","우미린스테이","월세","70.5634","202510","10","10,240","17","17","2018","대하로 150","202512~202712","갱신","-","10,240","15","아파트"
"9662","충청북도 진천군 덕산읍 두촌리","3147","3147","0000","우미린스테이","월세","78.2298","202510","10","11,500","19","8","2018","대하로 150","202511~202711","갱신","-","11,500","17","아파트"
"9663","충청북도 제천시 고암동","1142","1142","0000","고암두진4차","월세","33.0000","202510","10","300","25","7","2000","용두천로 378","202510~202710","신규","-","","","아파트"
"9664","충청북도 충주시 교현동","1083","1083","0000","남산주공1","전세","47.2500","202510","10","5,775","0","3","1986","남산4길 28","202510~202710","신규","-","","","아파트"
"9665","충청북도 진천군 덕산읍 두촌리","3147","3147","0000","우미린스테이","월세","70.5634","202510","10","10,240","17","16","2018","대하로 150","202511~202711","갱신","-","10,240","15","아파트"
"9666","충청북도 제천시 하소동","82","0082","0000","주공","전세","39.6900","202510","10","6,500","0","5","1989","용두대로15길 11","202511~202711","신규","-","","","아파트"
"9667","충청북도 충주시 목행동","896","0896","0000","영무예다음1차","전세","59.7995","202510","10","14,316","0","4","2018","행정2길 6","202510~202611","신규","-","","","아파트"
"9668","충청북도 충주시 목행동","896","0896","0000","영무예다음1차","전세","59.7995","202510","10","14,316","0","4","2018","행정2길 6","202511~202611","신규","-","","","아파트"
"9669","충청북도 진천군 진천읍 장관리","880","0880","0000","진천장관사랑으로부영2차","전세","59.9605","202510","10","8,765","0","6","2013","진광로 97-13","202510~202610","신규","-","","","아파트"
"9670","충청북도 청주시 서원구 모충동","516","0516","0000","주공2","월세","39.3000","202510","10","1,000","33","1","1989","모충로 61","202510~202710","신규","-","","","아파트"
"9671","충청북도 청주시 서원구 모충동","553","0553","0000","청주모충LH트릴로채","전세","84.8800","202510","10","31,000","0","25","2021","쌍샘로 22","202601~202801","갱신","사용","31,000","0","아파트"
"9672","충청북도 청주시 서원구 분평동","1360","1360","0000","분평주공5단지아파트","전세","49.7700","202510","10","8,500","0","12","1998","분평로 88-1","202511~202711","신규","-","","","아파트"
"9673","충청북도 청주시 흥덕구 가경동","2276","2276","0000","청주가경아이파크3단지","전세","84.8400","202510","10","46,000","0","10","2021","서현로 62","202512~202712","신규","-","","","아파트"
"9674","충청북도 청주시 흥덕구 가경동","1510","1510","0000","세원가경골","전세","59.7600","202510","10","15,000","0","5","1997","가경로 134","202510~202710","신규","-","","","아파트"
"9675","충청북도 청주시 흥덕구 복대동","3381","3381","0000","두산위브지웰시티2차","전세","80.0020","202510","10","50,000","0","44","2015","대농로 55","202510~202710","신규","-","","","아파트"
"9676","충청북도 청주시 흥덕구 봉명동","2934","2934","0000","청주SKVIEW자이","월세","84.9695","202510","10","3,000","140","9","2024","월명로 76","202510~202710","신규","-","","","아파트"
"9677","충청북도 음성군 대소면 성본리","807","0807","0000","음성우미린풀하우스","전세","84.9957","202510","10","15,000","0","23","2025","성본산단4로 40","202511~202711","신규","-","","","아파트"
"9678","충청북도 청주시 흥덕구 옥산면 가락리","953","0953","0000","흥덕코오롱하늘채아파트","전세","84.9824","202510","10","19,000","0","7","2016","가락길 60","202510~202710","신규","-","","","아파트"
"9679","충청북도 청주시 서원구 개신동","1-16","0001","0016","우정한가람","전세","24.0340","202510","10","3,000","0","6","1997","예체로1번길 29","202510~202710","신규","-","","","아파트"
"9680","충청북도 청주시 서원구 개신동","613","0613","0000","휴먼시아","전세","49.9300","202510","10","12,800","0","8","2001","경신로 67","202511~202711","신규","-","","","아파트"
"9681","충청북도 청주시 서원구 사창동","180-1","0180","0001","청주센트럴리슈빌DS","월세","27.2093","202510","10","8,000","15","21","2023","1순환로 627","202510~202710","신규","-","","","아파트"
"9682","충청북도 청주시 서원구 개신동","1-16","0001","0016","우정한가람","월세","24.0340","202510","10","400","43","3","1997","예체로1번길 29","202510~202710","신규","-","","","아파트"
"9683","충청북도 청주시 서원구 개신동","446-2","0446","0002","송학삼익맨숀","월세","84.9310","202510","10","3,000","55","2","1992","모충로12번길 4","202510~202710","신규","-","","","아파트"
"9684","충청북도 청주시 흥덕구 가경동","1693","1693","0000","주공6","월세","46.1900","202510","10","3,814","9","13","2004","2순환로1375번길 23","202510~202710","신규","-","","","아파트"
"9685","충청북도 청주시 흥덕구 복대동","853-5","0853","0005","포빌","월세","47.2150","202510","10","1,000","70","19","2017","사직대로 38","202510~202610","신규","-","","","아파트"
"9686","충청북도 청주시 서원구 분평동","1386","1386","0000","분평주공7","전세","84.9000","202510","10","15,000","0","6","1997","분평로 18","202511~202711","신규","-","","","아파트"
"9687","충청북도 청주시 흥덕구 옥산면 오산리","589-5","0589","0005","금정2","전세","59.9400","202510","10","8,000","0","6","1997","오송가락로 752","202511~202711","신규","-","","","아파트"
"9688","충청북도 음성군 대소면 성본리","819","0819","0000","음성푸르지오센터피크","월세","110.7308","202510","10","13,000","15","20","2025","성본산단5로 29","202510~202710","갱신","-","19,000","0","아파트"
"9689","충청북도 음성군 대소면 성본리","818","0818","0000","음성푸르지오더퍼스트","월세","84.8971","202510","10","1,000","80","2","2024","성본산단4로 41","202510~202710","신규","-","","","아파트"
"9690","충청북도 청주시 흥덕구 복대동","2461","2461","0000","세원느티마을","전세","59.9800","202510","10","16,000","0","15","1999","진재로 67","202511~202711","신규","-","","","아파트"
"9691","충청북도 청주시 흥덕구 복대동","3379","3379","0000","신영지웰시티1차","전세","124.8160","202510","10","53,000","0","31","2010","대농로 17","202511~202702","신규","-","","","아파트"
"9692","충청북도 청주시 서원구 사직동","265-5","0265","0005","두산위브더제니스","월세","143.8470","202510","10","3,000","160","24","2009","사운로 93","202603~202803","신규","-","","","아파트"
"9693","충청북도 청주시 흥덕구 복대동","3404","3404","0000","청주지웰시티푸르지오","전세","84.6910","202510","10","43,000","0","10","2019","대농로 45","202510~202710","갱신","-","42,000","0","아파트"
"9694","충청북도 단양군 단양읍 도전리","682","0682","0000","e편한세상단양리버비스타","월세","84.9150","202510","10","5,000","70","12","2023","군청로 21","-","-","-","","","아파트"
"9695","충청북도 단양군 단양읍 상진리","50","0050","0000","두진임대아파트","월세","35.6700","202510","10","500","35","9","1996","상진2로 17","202510~202710","신규","-","","","아파트"
"9696","충청북도 청주시 흥덕구 복대동","3381","3381","0000","두산위브지웰시티2차","전세","80.0020","202510","10","50,000","0","44","2015","대농로 55","202510~202710","신규","-","","","아파트"
"9697","충청북도 청주시 흥덕구 가경동","1515","1515","0000","덕일한마음","전세","59.9800","202510","10","14,000","0","12","1997","장구봉로 71","202510~202710","갱신","사용","16,500","0","아파트"
"9698","충청북도 청주시 흥덕구 옥산면 가락리","953","0953","0000","흥덕코오롱하늘채아파트","전세","59.9318","202510","09","15,000","0","13","2016","가락길 60","202511~202711","신규","-","","","아파트"
"9699","충청북도 청주시 서원구 모충동","251-1","0251","0001","형석","전세","49.5900","202510","09","6,750","0","1","1985","남들로35번길 61","202511~202711","신규","-","","","아파트"
"9700","충청북도 청주시 흥덕구 가경동","1510","1510","0000","세원가경골","전세","59.7600","202510","09","15,100","0","7","1997","가경로 134","202510~202710","갱신","-","14,500","0","아파트"
"9701","충청북도 청주시 흥덕구 오송읍 봉산리","798","0798","0000","오송역파라곤센트럴시티","전세","59.8447","202510","09","26,800","0","19","2023","오송생명7로 151","202511~202711","신규","-","","","아파트"
"9702","충청북도 청주시 흥덕구 송절동","1196","1196","0000","청주테크노폴리스힐데스하임","월세","84.9400","202510","09","5,000","140","19","2025","송화로 115","202510~202710","신규","-","","","아파트"
"9703","충청북도 제천시 고암동","1250","1250","0000","고암주공1","월세","38.5200","202510","09","500","35","1","1986","고암로14길 13","202511~202710","신규","-","","","아파트"
"9704","충청북도 청주시 흥덕구 문암동","213","0213","0000","청주테크노폴리스신영지웰푸르지오","월세","84.9664","202510","09","4,000","150","8","2022","송화로 229","202511~202701","신규","-","","","아파트"
"9705","충청북도 청주시 흥덕구 오송읍 봉산리","798","0798","0000","오송역파라곤센트럴시티","전세","59.8447","202510","09","26,800","0","19","2023","오송생명7로 151","202511~202711","신규","-","","","아파트"
"9706","충청북도 진천군 진천읍 교성리","466","0466","0000","진천풍림아이원트리니움","전세","59.9900","202510","09","10,000","0","5","2025","대학로 36","202510~202710","신규","-","","","아파트"
"9707","충청북도 청주시 흥덕구 오송읍 봉산리","1527","1527","0000","오송역동아라이크텐","월세","77.8257","202510","09","2,000","100","9","2020","오송생명14로 215","202510~202710","신규","-","","","아파트"
"9708","충청북도 음성군 대소면 태생리","765","0765","0000","대소웰메이드타운","전세","84.8895","202510","09","13,000","0","8","2018","대화1길 44-8","202512~202712","신규","-","","","아파트"
"9709","충청북도 충주시 호암동","542-1","0542","0001","세경","월세","56.8800","202510","09","500","40","4","1992","신촌1길 6","202511~202711","신규","-","","","아파트"
"9710","충청북도 음성군 대소면 태생리","765","0765","0000","대소웰메이드타운","전세","84.8895","202510","09","13,000","0","8","2018","대화1길 44-8","202512~202712","신규","-","","","아파트"
"9711","충청북도 진천군 진천읍 교성리","466","0466","0000","진천풍림아이원트리니움","전세","59.9900","202510","09","10,000","0","5","2025","대학로 36","202510~202710","신규","-","","","아파트"
"9712","충청북도 진천군 진천읍 교성리","466","0466","0000","진천풍림아이원트리니움","월세","59.9900","202510","09","1,000","50","11","2025","대학로 36","202510~202610","신규","-","","","아파트"
"9713","충청북도 충주시 칠금동","1015","1015","0000","부영아파트(2차)","월세","50.4900","202510","09","1,000","50","9","1996","칠금중앙로 30","202510~202710","신규","-","","","아파트"
"9714","충청북도 청주시 흥덕구 송절동","1196","1196","0000","청주테크노폴리스힐데스하임","전세","84.9400","202510","09","33,000","0","1","2025","송화로 115","202511~202711","신규","-","","","아파트"
"9715","충청북도 충주시 중앙탑면 용전리","661","0661","0000","e편한세상충주","월세","59.8841","202510","08","1,000","60","1","2017","원앙9길 15","202510~202710","신규","-","","","아파트"
"9716","충청북도 제천시 청전동","639","0639","0000","비둘기","월세","35.5200","202510","08","300","33","7","1991","청전대로 166","202510~202710","신규","-","","","아파트"
"9717","충청북도 제천시 장락동","1026","1026","0000","장락주공2단지","월세","49.9600","202510","08","1,000","60","7","1999","죽하로 48","202510~202710","신규","-","","","아파트"
"9718","충청북도 진천군 덕산읍 두촌리","3145","3145","0000","충북혁신도시동일하이빌파크테라스","전세","63.9960","202510","08","20,000","0","23","2024","대하로 194","202601~202801","신규","-","","","아파트"
"9719","충청북도 청주시 상당구 방서동","825","0825","0000","동남지구호반써밋브룩사이드","전세","84.9481","202510","08","30,000","0","19","2023","동남로 2","202511~202703","갱신","-","28,000","0","아파트"
"9720","충청북도 청주시 상당구 용암동","3604","3604","0000","동남힐데스하임","전세","84.9592","202510","08","32,000","0","18","2020","월운로 116","202511~202711","신규","-","","","아파트"
"9721","충청북도 청주시 청원구 오창읍 각리","636-2","0636","0002","한신더휴센트럴파크","월세","84.9801","202510","08","3,000","100","10","2018","오창공원로 96","202510~202601","갱신","사용","30,000","0","아파트"
"9722","충청북도 청주시 상당구 용암동","3604","3604","0000","동남힐데스하임","전세","84.9592","202510","08","32,000","0","18","2020","월운로 116","202511~202711","신규","-","","","아파트"
"9723","충청북도 음성군 감곡면 오향리","557-4","0557","0004","부강","월세","59.9000","202510","08","2,000","35","6","1993","음성로 2640","202512~202712","신규","-","","","아파트"
"9724","충청북도 청주시 흥덕구 강서동","482","0482","0000","강서베리굿2차","월세","20.9172","202510","08","500","43","16","2016","강서로 111","202510~202610","신규","-","","","아파트"
"9725","충청북도 청주시 서원구 사직동","937","0937","0000","푸르지오캐슬(401~413)","월세","84.4000","202510","07","2,000","90","21","2010","창직로 50","202510~202710","갱신","-","2,000","80","아파트"
"9726","충청북도 청주시 서원구 수곡동","1002","1002","0000","두진백로","월세","59.7600","202510","07","1,000","65","3","1995","수곡로 36","202511~202710","갱신","-","1,000","58","아파트"
"9727","충청북도 충주시 연수동","700","0700","0000","두진2차","월세","58.5800","202510","07","800","45","15","1992","연수로 7","202510~202710","신규","-","","","아파트"
"9728","충청북도 청주시 서원구 분평동","1261","1261","0000","주공4단지2차","전세","49.7700","202510","05","9,975","0","2","1998","1순환로1137번길 80","202510~202710","갱신","-","9,500","0","아파트"
"9729","충청북도 청주시 흥덕구 강서동","482","0482","0000","강서베리굿2차","월세","26.3055","202510","04","500","50","4","2016","강서로 111","202510~202610","신규","-","","","아파트"
"9730","충청북도 음성군 대소면 성본리","803","0803","0000","음성동문디이스트","월세","84.9615","202510","04","5,000","35","14","2024","성본산단3로 13","202510~202710","신규","-","","","아파트"
"9731","충청북도 청주시 서원구 분평동","1261","1261","0000","주공4단지2차","전세","39.6900","202510","04","7,700","0","14","1998","1순환로1137번길 80","202510~202710","신규","-","","","아파트"
"9732","충청북도 청주시 흥덕구 옥산면 가락리","981","0981","0000","청주리버파크자이","전세","84.9880","202510","04","26,000","0","16","2019","오송가락로 1056","202511~202711","신규","-","","","아파트"
"9733","충청북도 청주시 서원구 수곡동","324","0324","0000","주공1","월세","46.6800","202510","04","500","35","4","1990","매봉로 101","202511~202711","신규","-","","","아파트"
"9734","충청북도 청주시 흥덕구 가경동","2276","2276","0000","청주가경아이파크3단지","월세","84.9700","202510","04","5,000","160","16","2021","서현로 62","202510~202604","신규","-","","","아파트"
"9735","충청북도 청주시 흥덕구 복대동","2456","2456","0000","아름다운나날영조1","전세","59.2930","202510","04","16,200","0","1","2003","증안로 21","202511~202711","갱신","-","16,500","0","아파트"
"9736","충청북도 청주시 흥덕구 옥산면 오산리","384-17","0384","0017","대신","월세","59.9900","202510","04","300","30","11","1993","옥산시내1길 3-6","202510~202610","신규","-","","","아파트"
"9737","충청북도 충주시 칠금동","821","0821","0000","부영(1차)","월세","50.4900","202510","04","1,000","50","14","1996","금릉로 46","202510~202610","신규","-","","","아파트"
"9738","충청북도 청주시 청원구 율량동","1292","1292","0000","신라(1292-0)","월세","30.6000","202510","04","300","40","8","1995","율봉로94번길 9","202510~202710","신규","-","","","아파트"
"9739","충청북도 청주시 흥덕구 오송읍 봉산리","798","0798","0000","오송역파라곤센트럴시티","월세","59.9800","202510","04","2,000","100","21","2023","오송생명7로 151","202510~202710","신규","-","","","아파트"
"9740","충청북도 충주시 연수동","1755","1755","0000","연수주공6단지","월세","46.9000","202510","04","1,795","13","7","2007","금곡서1길 5","202512~202711","갱신","-","1,663","12","아파트"
"9741","충청북도 충주시 연수동","1227","1227","0000","연수주공1차","전세","47.3200","202510","04","6,000","0","5","1991","예성로 360","202510~202710","신규","-","","","아파트"
"9742","충청북도 진천군 진천읍 교성리","466","0466","0000","진천풍림아이원트리니움","월세","59.9900","202510","04","500","55","8","2025","대학로 36","202511~202711","신규","-","","","아파트"
"9743","충청북도 증평군 증평읍 장동리","921","0921","0000","증평4단지주공","월세","51.4900","202510","04","1,000","50","9","2003","문화로 97","202511~202711","신규","-","","","아파트"
"9744","충청북도 충주시 중앙탑면 용전리","656","0656","0000","미진이지비아","전세","59.9941","202510","04","13,000","0","1","2017","기업도시로 189","202511~202711","신규","-","","","아파트"
"9745","충청북도 진천군 진천읍 교성리","466","0466","0000","진천풍림아이원트리니움","월세","59.9900","202510","04","1,000","55","14","2025","대학로 36","202512~202712","신규","-","","","아파트"
"9746","충청북도 청주시 청원구 오창읍 창리","161","0161","0000","오창모아미래도와이드파크","월세","59.9853","202510","04","2,000","85","20","2016","2산단4로 45","202511~202711","신규","-","","","아파트"
"9747","충청북도 청주시 상당구 금천동","317","0317","0000","장자마을부영(9단지)","월세","59.2962","202510","04","2,000","75","5","2002","중고개로 286","202510~202710","신규","-","","","아파트"
"9748","충청북도 청주시 흥덕구 오송읍 연제리","736","0736","0000","오송호반베르디움","전세","84.8873","202510","04","25,000","0","3","2010","오송생명3로 111","202511~202711","신규","-","","","아파트"
"9749","충청북도 청주시 흥덕구 오송읍 연제리","736","0736","0000","오송호반베르디움","전세","84.8873","202510","04","25,000","0","3","2010","오송생명3로 111","202511~202711","신규","-","","","아파트"
"9750","충청북도 청주시 청원구 오창읍 각리","638-1","0638","0001","우림필유1차","월세","59.8600","202510","04","1,000","80","4","2006","오창중앙로 13","202511~202711","신규","-","","","아파트"
"9751","충청북도 청주시 상당구 방서동","653","0653","0000","중흥에스-클래스더퍼스트","월세","84.9935","202510","03","15,000","70","24","2018","단재로 312","202510~202702","신규","-","","","아파트"
"9752","충청북도 청주시 상당구 방서동","653","0653","0000","중흥에스-클래스더퍼스트","전세","84.9970","202510","03","32,000","0","29","2018","단재로 312","202510~202710","신규","-","","","아파트"
"9753","충청북도 청주시 상당구 금천동","70-1","0070","0001","양지","전세","47.0700","202510","03","4,800","0","3","1990","꽃산동로 13-1","-","-","-","","","아파트"
"9754","충청북도 청주시 상당구 금천동","70-1","0070","0001","양지","전세","47.0700","202510","03","4,800","0","3","1990","꽃산동로 13-1","-","-","-","","","아파트"
"9755","충청북도 청주시 상당구 용암동","2104","2104","0000","현대2","전세","84.2300","202510","03","16,200","0","6","1994","원봉로 41","202511~202711","신규","-","","","아파트"
"9756","충청북도 청주시 상당구 용암동","3146","3146","0000","시티프라디움1단지","월세","84.9823","202510","03","25,000","6","17","2020","중고개로142번길 31","202511~202807","신규","-","","","아파트"
"9757","충청북도 청주시 상당구 방서동","654","0654","0000","청주센트럴자이","전세","59.9530","202510","03","26,000","0","2","2018","단재로 316","202510~202710","신규","-","","","아파트"
"9758","충청북도 청주시 상당구 용암동","2915","2915","0000","강변뜨란채","월세","84.7800","202510","03","2,000","80","3","2005","무심동로 86","202511~202711","신규","-","","","아파트"
"9759","충청북도 음성군 대소면 삼정리","610-5","0610","0005","기흥윗마을","전세","59.9646","202510","03","7,000","0","4","2002","대동로 809-5","-","-","-","","","아파트"
"9760","충청북도 청주시 서원구 수곡동","231-2","0231","0002","선광한빛","월세","29.1600","202510","03","500","40","7","1998","매봉로60번길 18","202510~202610","신규","-","","","아파트"
"9761","충청북도 청주시 서원구 분평동","1211","1211","0000","분평1단지뜨란채","월세","59.2900","202510","03","5,000","40","20","2000","월평로 25","202511~202711","신규","-","","","아파트"
"9762","충청북도 청주시 흥덕구 가경동","1189","1189","0000","형석1","전세","59.3400","202510","03","12,150","0","14","1992","가경로 158","202512~202712","신규","-","","","아파트"
"9763","충청북도 청주시 흥덕구 가경동","2220","2220","0000","청주가경IPARK1차","월세","84.6900","202510","03","4,000","170","20","2019","서현로 66","202511~202711","신규","-","","","아파트"
"9764","충청북도 청주시 서원구 분평동","1211","1211","0000","분평1단지뜨란채","전세","59.4500","202510","03","13,000","0","3","2000","월평로 25","202510~202710","신규","-","","","아파트"
"9765","충청북도 청주시 서원구 분평동","1200","1200","0000","분평주공3","전세","59.7100","202510","03","13,000","0","14","1997","1순환로1137번길 130","202510~202710","신규","-","","","아파트"
"9766","충청북도 청주시 서원구 분평동","1211","1211","0000","분평1단지뜨란채","전세","59.2900","202510","03","13,000","0","20","2000","월평로 25","202510~202711","신규","-","","","아파트"
"9767","충청북도 음성군 대소면 성본리","819","0819","0000","음성푸르지오센터피크","월세","110.7308","202510","03","3,000","70","23","2025","성본산단5로 29","202511~202711","신규","-","","","아파트"
"9768","충청북도 음성군 대소면 삼정리","610-5","0610","0005","기흥윗마을","전세","59.9646","202510","03","7,000","0","4","2002","대동로 809-5","202510~202710","신규","-","","","아파트"
"9769","충청북도 음성군 대소면 성본리","819","0819","0000","음성푸르지오센터피크","월세","84.8928","202510","03","2,000","70","6","2025","성본산단5로 29","202510~202710","신규","-","","","아파트"
"9770","충청북도 청주시 흥덕구 옥산면 가락리","981","0981","0000","청주리버파크자이","전세","84.9630","202510","03","27,500","0","19","2019","오송가락로 1056","202511~202711","신규","-","","","아파트"
"9771","충청북도 청주시 서원구 모충동","553","0553","0000","청주모충LH트릴로채","전세","59.9600","202510","03","24,000","0","16","2021","쌍샘로 22","202511~202606","갱신","사용","24,000","0","아파트"
"9772","충청북도 청주시 서원구 분평동","1211","1211","0000","분평1단지뜨란채","월세","59.2900","202510","03","5,000","40","20","2000","월평로 25","202510~202710","신규","-","","","아파트"
"9773","충청북도 청주시 서원구 모충동","516","0516","0000","주공2","전세","51.0200","202510","03","9,500","0","3","1989","모충로 61","202510~202710","신규","-","","","아파트"
"9774","충청북도 청주시 서원구 분평동","1360","1360","0000","분평주공5단지아파트","월세","49.7700","202510","03","1,000","55","13","1998","분평로 88-1","202510~202710","신규","-","","","아파트"
"9775","충청북도 청주시 흥덕구 오송읍 봉산리","1530","1530","0000","오송역서한이다음노블리스","전세","119.9489","202510","03","36,000","0","14","2025","오송생명14로 217","202512~202712","신규","-","","","아파트"
"9776","충청북도 청주시 흥덕구 오송읍 봉산리","1530","1530","0000","오송역서한이다음노블리스","전세","150.6402","202510","03","40,000","0","7","2025","오송생명14로 217","202511~202711","신규","-","","","아파트"
"9777","충청북도 충주시 주덕읍 화곡리","1111","1111","0000","서충주푸르지오더퍼스트","전세","84.4177","202510","03","24,000","0","30","2025","화개1길 74","202511~202711","신규","-","","","아파트"
"9778","충청북도 옥천군 옥천읍 장야리","313","0313","0000","옥천장야주공(1)단지","전세","59.6400","202510","03","13,000","0","13","2002","장야3길 9","202511~202711","갱신","사용","13,000","0","아파트"
"9779","충청북도 청주시 흥덕구 오송읍 봉산리","1530","1530","0000","오송역서한이다음노블리스","전세","134.4924","202510","03","38,000","0","14","2025","오송생명14로 217","202511~202711","신규","-","","","아파트"
"9780","충청북도 청주시 흥덕구 오송읍 봉산리","1530","1530","0000","오송역서한이다음노블리스","전세","134.4924","202510","03","38,000","0","14","2025","오송생명14로 217","-","-","-","","","아파트"
"9781","충청북도 충주시 연수동","930","0930","0000","세원","월세","53.5800","202510","03","2,000","30","15","1991","번영대로 120","202510~202710","신규","-","","","아파트"
"9782","충청북도 제천시 청전동","639","0639","0000","비둘기","월세","35.5200","202510","03","300","38","2","1991","청전대로 166","202511~202611","신규","-","","","아파트"
"9783","충청북도 진천군 진천읍 신정리","827","0827","0000","진천양우내안애해오르미","전세","39.1500","202510","03","8,500","0","10","2016","농다리로 1431","202510~202710","신규","-","","","아파트"
"9784","충청북도 제천시 봉양읍 미당리","820","0820","0000","미당한마음","월세","59.5450","202510","03","1,000","50","6","2004","용두대로36길 5-12","202512~202712","신규","-","","","아파트"
"9785","충청북도 제천시 왕암동","779","0779","0000","왕암코아루드림","전세","60.2620","202510","03","16,000","0","15","2018","바이오밸리로 171","202512~202712","신규","-","","","아파트"
"9786","충청북도 충주시 연수동","1227","1227","0000","연수주공1차","전세","40.0000","202510","03","6,000","0","3","1991","예성로 360","202510~202710","신규","-","","","아파트"
"9787","충청북도 충주시 중앙탑면 용전리","721","0721","0000","충주시티자이","전세","59.9959","202510","03","12,000","0","3","2017","원앙4길 51","202511~202711","신규","-","","","아파트"
"9788","충청북도 충주시 호암동","542-18","0542","0018","예성세경","전세","51.7500","202510","03","7,500","0","11","1998","신촌2길 2","202510~202710","신규","-","","","아파트"
"9789","충청북도 진천군 진천읍 교성리","466","0466","0000","진천풍림아이원트리니움","전세","74.9600","202510","03","12,000","0","21","2025","대학로 36","202510~202710","신규","-","","","아파트"
"9790","충청북도 충주시 호암동","1050","1050","0000","힐스테이트호암","전세","59.9900","202510","03","26,000","0","18","2021","호암수청1로 29","202511~202711","신규","-","","","아파트"
"9791","충청북도 청주시 청원구 사천동","684","0684","0000","남광하우스토리","전세","84.5499","202510","02","25,000","0","11","2011","율봉로 8","202512~202712","신규","-","","","아파트"
"9792","충청북도 청주시 흥덕구 오송읍 봉산리","1527","1527","0000","오송역동아라이크텐","전세","84.9919","202510","02","27,000","0","6","2020","오송생명14로 215","202511~202711","신규","-","","","아파트"
"9793","충청북도 청주시 흥덕구 오송읍 봉산리","612-6","0612","0006","삼부청솔","월세","43.2900","202510","02","0","12","2","1996","가로수로 11-6","202510~202610","신규","-","","","아파트"
"9794","충청북도 청주시 흥덕구 송절동","850","0850","0000","테크노폴리스우미린","전세","84.9821","202510","02","35,000","0","9","2018","송화로214번길 29","202512~202712","신규","-","","","아파트"
"9795","충청북도 충주시 목행동","897","0897","0000","영무예다음2차","전세","59.7995","202510","02","14,316","0","15","2018","행정1길 8","202511~202611","신규","-","","","아파트"
"9796","충청북도 충주시 연수동","931","0931","0000","임광","전세","84.2800","202510","02","10,000","0","8","1991","국원대로 166","202511~202711","신규","-","","","아파트"
"9797","충청북도 제천시 신백동","201-1","0201","0001","화성(1~8동)","월세","44.6400","202510","02","300","40","2","1988","신백로14길 14","202511~202711","신규","-","","","아파트"
"9798","충청북도 청주시 흥덕구 송절동","1196","1196","0000","청주테크노폴리스힐데스하임","월세","84.9400","202510","02","4,000","140","5","2025","송화로 115","202510~202710","신규","-","","","아파트"
"9799","충청북도 청주시 흥덕구 송절동","850","0850","0000","테크노폴리스우미린","전세","84.9967","202510","02","30,000","0","18","2018","송화로214번길 29","202512~202812","신규","-","","","아파트"
"9800","충청북도 진천군 덕산읍 두촌리","3147","3147","0000","우미린스테이","월세","70.5634","202510","02","10,240","17","20","2018","대하로 150","202511~202711","갱신","-","10,240","15","아파트"
"9801","충청북도 진천군 덕산읍 두촌리","3147","3147","0000","우미린스테이","월세","78.2298","202510","02","11,500","19","10","2018","대하로 150","202511~202711","갱신","-","11,500","17","아파트"
"9802","충청북도 청주시 청원구 내덕동","857","0857","0000","청주힐즈파크푸르지오","전세","75.9940","202510","02","32,000","0","17","2020","1순환로 123","202512~202712","신규","-","","","아파트"
"9803","충청북도 충주시 봉방동","156-3","0156","0003","동서","월세","59.8200","202510","02","500","38","1","1995","삼원로 70","202510~202710","신규","-","","","아파트"
"9804","충청북도 진천군 진천읍 장관리","3-1","0003","0001","우주동백2","월세","50.0000","202510","02","1,500","30","5","1996","장관2길 153","202510~202610","신규","-","","","아파트"
"9805","충청북도 진천군 진천읍 장관리","880","0880","0000","진천장관사랑으로부영2차","월세","84.9877","202510","02","8,657","14","1","2013","진광로 97-13","202511~202610","신규","-","","","아파트"
"9806","충청북도 청주시 흥덕구 강내면 월곡리","432","0432","0000","강내두진하트리움","전세","65.7200","202510","02","18,000","0","12","2018","월곡길 23-13","202510~202710","신규","-","","","아파트"
"9807","충청북도 청주시 청원구 율량동","861","0861","0000","두진백로그린타운","월세","32.7600","202510","02","500","40","3","1996","율봉로201번길 34","202511~202611","신규","-","","","아파트"
"9808","충청북도 충주시 호암동","1063","1063","0000","충주호암두진하트리움아파트","전세","77.9460","202510","02","29,500","0","12","2019","호암수청2로 78","202511~202711","신규","-","","","아파트"
"9809","충청북도 충주시 호암동","1052","1052","0000","우미린에듀시티","전세","84.9672","202510","02","30,000","0","2","2019","호암수청1로 13","202511~202711","신규","-","","","아파트"
"9810","충청북도 충주시 호암동","1050","1050","0000","힐스테이트호암","월세","59.9900","202510","02","3,000","100","9","2021","호암수청1로 29","202511~202802","신규","-","","","아파트"
"9811","충청북도 제천시 신백동","209-8","0209","0008","선광로즈웰","월세","33.2050","202510","02","500","47","9","2000","신백로 30","202510~202710","신규","-","","","아파트"
"9812","충청북도 충주시 중앙탑면 용전리","661","0661","0000","e편한세상충주","전세","59.8841","202510","02","14,000","0","3","2017","원앙9길 15","202510~202710","신규","-","","","아파트"
"9813","충청북도 증평군 증평읍 창동리","822","0822","0000","파라디아1차","전세","84.8380","202510","02","20,000","0","5","2007","충청대로 1746","-","-","-","","","아파트"
"9814","충청북도 옥천군 옥천읍 문정리","374","0374","0000","옥천문정주공(2)단지","전세","49.6200","202510","02","8,000","0","7","1998","문장로2길 9","202511~202711","신규","-","","","아파트"
"9815","충청북도 영동군 영동읍 부용리","47-14","0047","0014","홍우","월세","75.9000","202510","02","1,000","50","3","1990","학산영동로 1212","202511~202710","신규","-","","","아파트"
"9816","충청북도 충주시 주덕읍 화곡리","1111","1111","0000","서충주푸르지오더퍼스트","월세","101.3536","202510","02","10,000","80","19","2025","화개1길 74","202511~202711","신규","-","","","아파트"
"9817","충청북도 청주시 청원구 오창읍 주성리","564","0564","0000","사랑으로부영7단지","월세","57.7554","202510","02","3,223","38","10","2014","2산단4로 60","202511~202611","갱신","-","3,182","38","아파트"
"9818","충청북도 청주시 청원구 오창읍 주성리","564","0564","0000","사랑으로부영7단지","전세","57.7554","202510","02","12,357","0","1","2014","2산단4로 60","202510~202610","갱신","-","12,199","0","아파트"
"9819","충청북도 청주시 청원구 오창읍 주성리","561","0561","0000","충북오창사랑으로부영8단지","전세","82.8216","202510","02","16,542","0","19","2015","2산단로 151","202511~202611","신규","-","","","아파트"
"9820","충청북도 청주시 상당구 용암동","3604","3604","0000","동남힐데스하임","월세","84.8115","202510","02","2,000","120","7","2020","월운로 116","202510~202710","신규","-","","","아파트"
"9821","충청북도 청주시 상당구 용암동","2094","2094","0000","임광","전세","101.9800","202510","02","16,000","0","7","1996","용암로 35","-","-","-","","","아파트"
"9822","충청북도 청주시 상당구 용암동","3145","3145","0000","청주동남1단지","월세","37.7800","202510","02","4,037","9","8","2020","호미로 137","202512~202711","갱신","-","1,850","18","아파트"
"9823","충청북도 청주시 상당구 용암동","3145","3145","0000","청주동남1단지","월세","37.7800","202510","02","3,237","13","14","2020","호미로 137","202512~202711","갱신","-","1,850","18","아파트"
"9824","충청북도 청주시 상당구 남문로1가","53","0053","0000","트레비앙","월세","25.2000","202510","02","300","37","4","2016","상당로29번길 20","202510~202610","신규","-","","","아파트"
"9825","충청북도 청주시 상당구 용암동","2076","2076","0000","태산그린","월세","59.7600","202510","02","1,000","60","13","1995","원봉로 20","202510~202710","신규","-","","","아파트"
"9826","충청북도 청주시 흥덕구 오송읍 만수리","549-1","0549","0001","청원오송휴먼시아1단지","월세","46.9000","202510","02","3,749","7","15","2008","오송가락로 235","202510~202710","신규","-","","","아파트"
"9827","충청북도 청주시 상당구 용암동","2094","2094","0000","임광","전세","101.9800","202510","02","16,000","0","7","1996","용암로 35","202511~202711","신규","-","","","아파트"
"9828","충청북도 청주시 청원구 오창읍 각리","637-1","0637","0001","한라비발디","전세","59.9580","202510","02","17,000","0","1","2006","오창중앙로 94","202510~202710","신규","-","","","아파트"
"9829","충청북도 청주시 청원구 오창읍 주성리","569","0569","0000","충북오창사랑으로부영6단지","전세","57.7554","202510","02","12,567","0","15","2014","2산단로 125","-","-","-","","","아파트"
"9830","충청북도 청주시 청원구 오창읍 주성리","567","0567","0000","충북오창사랑으로부영5단지","전세","82.8216","202510","02","16,542","0","5","2015","2산단4로 20","202601~202701","갱신","-","16,542","0","아파트"
"9831","충청북도 청주시 청원구 오창읍 주성리","564","0564","0000","사랑으로부영7단지","월세","57.7554","202510","02","5,587","28","8","2014","2산단4로 60","202510~202610","신규","-","","","아파트"
"9832","충청북도 청주시 청원구 오창읍 주성리","561","0561","0000","충북오창사랑으로부영8단지","전세","82.8216","202510","02","16,542","0","7","2015","2산단로 151","202512~202612","갱신","-","16,542","0","아파트"
"9833","충청북도 청주시 청원구 오창읍 주성리","567","0567","0000","충북오창사랑으로부영5단지","전세","82.8216","202510","02","16,542","0","10","2015","2산단4로 20","202510~202610","갱신","-","16,542","0","아파트"
"9834","충청북도 청주시 청원구 오창읍 주성리","567","0567","0000","충북오창사랑으로부영5단지","전세","82.7462","202510","02","16,542","0","2","2015","2산단4로 20","202511~202611","갱신","-","16,542","0","아파트"
"9835","충청북도 청주시 청원구 오창읍 주성리","564","0564","0000","사랑으로부영7단지","전세","57.7554","202510","02","12,357","0","2","2014","2산단4로 60","202510~202610","갱신","-","12,199","0","아파트"
"9836","충청북도 청주시 흥덕구 가경동","768","0768","0000","신라","전세","68.4200","202510","02","12,000","0","3","1993","가로수로1308번길 42","202510~202710","신규","-","","","아파트"
"9837","충청북도 청주시 서원구 수곡동","231-2","0231","0002","선광한빛","월세","29.1600","202510","02","500","40","13","1998","매봉로60번길 18","202510~202610","신규","-","","","아파트"
"9838","충청북도 청주시 서원구 수곡동","337","0337","0000","주공3","월세","49.9400","202510","02","1,000","45","8","1991","매봉로 82","202511~202711","신규","-","","","아파트"
"9839","충청북도 청주시 흥덕구 봉명동","2934","2934","0000","청주SKVIEW자이","전세","84.9695","202510","02","36,000","0","19","2024","월명로 76","202512~202712","신규","-","","","아파트"
"9840","충청북도 청주시 서원구 모충동","553","0553","0000","청주모충LH트릴로채","전세","74.7700","202510","02","27,500","0","8","2021","쌍샘로 22","202512~202712","신규","-","","","아파트"
"9841","충청북도 청주시 서원구 모충동","552","0552","0000","동일센타시아","전세","65.0612","202510","02","17,300","0","2","2016","매봉로 190","202510~202710","갱신","사용","17,000","0","아파트"
"9842","충청북도 청주시 서원구 모충동","552","0552","0000","동일센타시아","전세","65.0612","202510","02","17,300","0","2","2016","매봉로 190","202510~202710","갱신","사용","17,000","0","아파트"
"9843","충청북도 청주시 흥덕구 복대동","221-7","0221","0007","대원","전세","59.8900","202510","02","14,800","0","2","1999","죽천로146번길 7","202511~202711","신규","-","","","아파트"
"9844","충청북도 청주시 흥덕구 복대동","221-7","0221","0007","대원","전세","59.8900","202510","02","14,800","0","2","1999","죽천로146번길 7","202511~202711","신규","-","","","아파트"
"9845","충청북도 청주시 흥덕구 복대동","3404","3404","0000","청주지웰시티푸르지오","전세","84.6790","202510","02","49,000","0","8","2019","대농로 45","202511~202712","신규","-","","","아파트"
"9846","충청북도 청주시 흥덕구 복대동","992","0992","0000","형석(992)","월세","39.8200","202510","02","500","40","5","1990","복대로 159","202510~202610","신규","-","","","아파트"
"9847","충청북도 청주시 흥덕구 복대동","2459","2459","0000","두진하트리움","월세","59.9238","202510","02","500","100","12","1999","증안로 33","202510~202709","신규","-","","","아파트"
"9848","충청북도 청주시 흥덕구 복대동","221-7","0221","0007","대원","전세","59.8900","202510","02","14,800","0","2","1999","죽천로146번길 7","202511~202711","신규","-","","","아파트"
"9849","충청북도 청주시 흥덕구 비하동","824","0824","0000","서청주파크자이","전세","110.9976","202510","02","45,000","0","11","2019","2순환로 1106","202512~202712","신규","-","","","아파트"
"9850","충청북도 청주시 흥덕구 비하동","125","0125","0000","비하동계룡리슈빌","월세","84.9996","202510","02","2,000","110","14","2006","가로수로1131번길 101","202511~202711","신규","-","","","아파트"
"9851","충청북도 청주시 흥덕구 가경동","768","0768","0000","신라","전세","68.4200","202510","02","12,000","0","3","1993","가로수로1308번길 42","202511~202711","신규","-","","","아파트"
"9852","충청북도 청주시 서원구 분평동","237","0237","0000","우성2","전세","84.9500","202510","02","15,000","0","12","1990","청남로2005번길 45","202601~202801","신규","-","","","아파트"
"9853","충청북도 청주시 서원구 분평동","237","0237","0000","우성2","전세","84.9500","202510","02","15,000","0","12","1990","청남로2005번길 45","202601~202801","신규","-","","","아파트"
"9854","충청북도 청주시 서원구 분평동","1202","1202","0000","분평주공2","전세","59.7100","202510","02","13,000","0","13","1997","1순환로1137번길 129","202510~202710","신규","-","","","아파트"
"9855","충청북도 청주시 서원구 분평동","1386","1386","0000","분평주공7","전세","84.9000","202510","02","17,000","0","4","1997","분평로 18","202511~202711","신규","-","","","아파트"
"9856","충청북도 청주시 서원구 분평동","1360","1360","0000","분평주공5단지아파트","월세","59.7100","202510","02","1,000","60","1","1998","분평로 88-1","202510~202710","신규","-","","","아파트"
"9857","충청북도 청주시 서원구 분평동","1360","1360","0000","분평주공5단지아파트","전세","59.7100","202510","02","12,800","0","11","1998","분평로 88-1","202510~202710","신규","-","","","아파트"
"9858","충청북도 청주시 흥덕구 강서동","478","0478","0000","세솔타운","월세","26.5010","202510","02","300","42","10","2013","강서로 121","202510~202610","신규","-","","","아파트"
"9859","충청북도 청주시 흥덕구 강서동","459","0459","0000","신해블루지움","월세","18.2800","202510","02","300","44","23","2017","2순환로 1222","202510~202610","신규","-","","","아파트"
"9860","충청북도 청주시 서원구 개신동","613","0613","0000","휴먼시아","전세","49.9300","202510","02","12,800","0","15","2001","경신로 67","202510~202710","갱신","사용","13,000","0","아파트"
"9861","충청북도 음성군 대소면 성본리","819","0819","0000","음성푸르지오센터피크","월세","110.7308","202510","02","2,000","90","6","2025","성본산단5로 29","202510~202710","신규","-","","","아파트"
"9862","충청북도 청주시 흥덕구 복대동","2461","2461","0000","세원느티마을","전세","59.9800","202510","01","16,200","0","13","1999","진재로 67","202510~202710","갱신","사용","15,700","0","아파트"
"9863","충청북도 청주시 흥덕구 복대동","3381","3381","0000","두산위브지웰시티2차","전세","80.1350","202510","01","41,000","0","43","2015","대농로 55","202510~202710","갱신","-","36,000","0","아파트"
"9864","충청북도 청주시 흥덕구 복대동","2461","2461","0000","세원느티마을","전세","59.9800","202510","01","16,200","0","13","1999","진재로 67","202510~202710","갱신","사용","15,700","0","아파트"
"9865","충청북도 청주시 서원구 모충동","553","0553","0000","청주모충LH트릴로채","전세","84.8800","202510","01","28,000","0","8","2021","쌍샘로 22","202511~202711","신규","-","","","아파트"
"9866","충청북도 청주시 서원구 수곡동","314","0314","0000","산남주공4단지아파트","월세","38.6400","202510","01","300","33","5","1993","구룡산로 275-13","202510~202710","신규","-","","","아파트"
"9867","충청북도 음성군 대소면 성본리","819","0819","0000","음성푸르지오센터피크","월세","84.9019","202510","01","2,000","60","10","2025","성본산단5로 29","202510~202710","신규","-","","","아파트"
"9868","충청북도 청주시 서원구 죽림동","292","0292","0000","청주가경4주공","월세","46.1800","202510","01","1,836","18","8","2004","대림로 461","202510~202711","신규","-","","","아파트"
"9869","충청북도 청주시 서원구 산남동","678","0678","0000","대원칸타빌1차","전세","84.9992","202510","01","27,500","0","12","2007","두꺼비로 63","202510~202710","신규","-","","","아파트"
"9870","충청북도 청주시 서원구 산남동","671","0671","0000","산남퀸덤아파트","전세","84.9306","202510","01","26,000","0","14","2007","두꺼비로 93","202510~202710","신규","-","","","아파트"
"9871","충청북도 청주시 흥덕구 봉명동","1857-1","1857","0001","리치먼드시티","월세","27.7517","202510","01","1,628","20","14","2023","직지대로 551","202512~202712","갱신","-","1,648","21","아파트"
"9872","충청북도 청주시 흥덕구 옥산면 오산리","590-1","0590","0001","아트빌","월세","59.9400","202510","01","500","55","2","1998","오송가락로 718","202510~202610","신규","-","","","아파트"
"9873","충청북도 청주시 서원구 모충동","520-40","0520","0040","일신베네스트","전세","30.9480","202510","01","4,000","0","10","2004","모충로68번길 26","202510~202710","신규","-","","","아파트"
"9874","충청북도 청주시 서원구 개신동","635","0635","0000","주공뜨란채","월세","59.4200","202510","01","2,000","70","2","2000","경신로 68","202511~202711","신규","-","","","아파트"
"9875","충청북도 청주시 흥덕구 봉명동","1857-1","1857","0001","리치먼드시티","전세","21.0286","202510","01","6,320","0","7","2023","직지대로 551","202512~202712","갱신","-","6,320","0","아파트"
"9876","충청북도 청주시 서원구 모충동","456","0456","0000","삼우","월세","65.1600","202510","01","500","45","3","1986","쌍샘로 101","202510~202710","신규","-","","","아파트"
"9877","충청북도 청주시 서원구 사직동","937","0937","0000","푸르지오캐슬(401~413)","월세","84.4000","202510","01","5,844","43","2","2010","창직로 50","202510~202708","갱신","-","5,566","41","아파트"
"9878","충청북도 청주시 흥덕구 봉명동","1857-1","1857","0001","리치먼드시티","전세","27.7517","202510","01","8,144","0","16","2023","직지대로 551","202511~202711","갱신","-","8,240","0","아파트"
"9879","충청북도 음성군 대소면 대풍리","582-7","0582","0007","산수화","월세","48.6640","202510","01","1,000","35","3","2004","대금로105번길 5","202510~202610","신규","-","","","아파트"
"9880","충청북도 청주시 흥덕구 봉명동","2752","2752","0000","봉명아이파크","전세","84.8894","202510","01","24,150","0","4","2005","덕암로108번길 44","202511~202710","갱신","-","23,000","0","아파트"
"9881","충청북도 청주시 흥덕구 강서동","502","0502","0000","강서베리굿3차","월세","47.6625","202510","01","13,000","5","12","2017","서현중로 61","202511~202711","신규","-","","","아파트"
"9882","충청북도 청주시 흥덕구 강서동","459","0459","0000","신해블루지움","월세","18.2800","202510","01","300","45","20","2017","2순환로 1222","202510~202610","신규","-","","","아파트"
"9883","충청북도 청주시 흥덕구 봉명동","2043","2043","0000","백봉","전세","48.5000","202510","01","5,500","0","5","1992","백봉로224번길 7","202511~202711","신규","-","","","아파트"
"9884","충청북도 청주시 서원구 개신동","443","0443","0000","두진백로","전세","84.2700","202510","01","12,000","0","2","1993","모충로 38","202511~202711","신규","-","","","아파트"
"9885","충청북도 청주시 흥덕구 복대동","3379","3379","0000","신영지웰시티1차","전세","152.6520","202510","01","78,500","0","40","2010","대농로 17","202601~202801","갱신","사용","75,000","0","아파트"
"9886","충청북도 청주시 흥덕구 복대동","853-5","0853","0005","포빌","월세","22.9150","202510","01","500","50","19","2017","사직대로 38","202510~202610","신규","-","","","아파트"
"9887","충청북도 충주시 연수동","686","0686","0000","연수주공4차,5차","월세","59.7100","202510","01","1,000","60","4","1997","예성로 401","202510~202710","신규","-","","","아파트"
"9888","충청북도 제천시 왕암동","779","0779","0000","왕암코아루드림","월세","60.2620","202510","01","3,000","90","14","2018","바이오밸리로 171","202510~202710","신규","-","","","아파트"
"9889","충청북도 진천군 덕산읍 두촌리","3148","3148","0000","충북혁신도시아모리움내안애","전세","84.9637","202510","01","23,000","0","3","2018","대하로 114","202601~202801","신규","-","","","아파트"
"9890","충청북도 충주시 호암동","1067","1067","0000","충주호암행복주택","월세","16.9400","202510","01","993","7","7","2020","호암수청1로 30","202511~202710","갱신","-","944","6","아파트"
"9891","충청북도 충주시 호암동","152","0152","0000","부강아파트","월세","26.0100","202510","01","300","40","8","1995","호암중앙2로 31","202510~202609","신규","-","","","아파트"
"9892","충청북도 충주시 호암동","1066","1066","0000","충주호암1단지","월세","37.4500","202510","01","1,794","22","9","2020","호암수청2로 56","202512~202711","갱신","-","1,618","22","아파트"
"9893","충청북도 충주시 호암동","1066","1066","0000","충주호암1단지","월세","37.4500","202510","01","2,545","17","21","2020","호암수청2로 56","202511~202710","갱신","-","1,571","21","아파트"
"9894","충청북도 충주시 주덕읍 화곡리","1111","1111","0000","서충주푸르지오더퍼스트","월세","84.1391","202510","01","2,000","70","15","2025","화개1길 74","202510~202710","신규","-","","","아파트"
"9895","충청북도 청주시 흥덕구 오송읍 봉산리","1531","1531","0000","오송역대광로제비앙그랜드센텀","전세","84.9924","202510","01","25,500","0","6","2024","오송생명14로 283","202510~202710","신규","-","","","아파트"
"9896","충청북도 제천시 청전동","986","0986","0000","청전두진백로2차","월세","85.0000","202510","01","1,000","75","7","1995","청전대로 100","202511~202711","신규","-","","","아파트"
"9897","충청북도 제천시 청전동","986","0986","0000","청전두진백로2차","월세","85.0000","202510","01","1,000","75","7","1995","청전대로 100","202511~202711","신규","-","","","아파트"
"9898","충청북도 진천군 덕산읍 두촌리","3148","3148","0000","충북혁신도시아모리움내안애","전세","84.9637","202510","01","23,000","0","7","2018","대하로 114","202512~202712","신규","-","","","아파트"
"9899","충청북도 충주시 목행동","897","0897","0000","영무예다음2차","월세","59.7995","202510","01","13,918","10","8","2018","행정1길 8","202512~202611","신규","-","","","아파트"
"9900","충청북도 충주시 목행동","593-8","0593","0008","삼진동산","월세","39.8400","202510","01","3,000","15","8","1995","행정10길 36","202512~202912","신규","-","","","아파트"
"9901","충청북도 충주시 칠금동","821","0821","0000","부영(1차)","월세","60.0000","202510","01","1,000","55","3","1996","금릉로 46","202510~202710","신규","-","","","아파트"
"9902","충청북도 옥천군 옥천읍 문정리","374","0374","0000","옥천문정주공(2)단지","전세","49.6200","202510","01","7,500","0","13","1998","문장로2길 9","-","-","-","","","아파트"
"9903","충청북도 옥천군 옥천읍 문정리","374","0374","0000","옥천문정주공(2)단지","전세","49.6200","202510","01","7,500","0","12","1998","문장로2길 9","-","-","-","","","아파트"
"9904","충청북도 증평군 증평읍 장동리","925","0925","0000","주공5단지","월세","46.9000","202510","01","1,440","12","12","2008","증평로 31-11","202512~202711","갱신","-","0","12","아파트"
"9905","충청북도 진천군 진천읍 교성리","466","0466","0000","진천풍림아이원트리니움","전세","74.9600","202510","01","12,000","0","18","2025","대학로 36","202510~202710","신규","-","","","아파트"
"9906","충청북도 진천군 덕산읍 두촌리","3147","3147","0000","우미린스테이","월세","78.1677","202510","01","11,500","18","3","2018","대하로 150","202512~202712","갱신","-","11,500","16","아파트"
"9907","충청북도 충주시 중앙탑면 용전리","721","0721","0000","충주시티자이","월세","84.9571","202510","01","2,000","80","11","2017","원앙4길 51","202510~202701","신규","-","","","아파트"
"9908","충청북도 충주시 중앙탑면 용전리","661","0661","0000","e편한세상충주","월세","59.8841","202510","01","1,000","65","12","2017","원앙9길 15","202510~202709","신규","-","","","아파트"
"9909","충청북도 청주시 청원구 사천동","228","0228","0000","동아2","전세","59.9800","202510","01","12,000","0","14","1996","새터로176번길 62","202512~202712","신규","-","","","아파트"
"9910","충청북도 청주시 청원구 사천동","228","0228","0000","동아2","전세","59.9800","202510","01","12,000","0","14","1996","새터로176번길 62","202512~202712","신규","-","","","아파트"
"9911","충청북도 진천군 덕산읍 두촌리","3148","3148","0000","충북혁신도시아모리움내안애","전세","84.9637","202510","01","23,000","0","3","2018","대하로 114","202511~202711","신규","-","","","아파트"
"9912","충청북도 진천군 진천읍 장관리","884","0884","0000","진천장관사랑으로부영1차","전세","59.9605","202510","01","9,740","0","12","2013","장관2길 139","202510~202610","신규","-","","","아파트"
"9913","충청북도 청주시 청원구 오창읍 주성리","564","0564","0000","사랑으로부영7단지","전세","57.7554","202510","01","12,357","0","6","2014","2산단4로 60","202510~202610","갱신","-","12,199","0","아파트"
"9914","충청북도 청주시 상당구 용암동","2064","2064","0000","세원한아름","월세","59.7600","202510","01","11,700","10","6","1994","무농정로 90","202510~202710","신규","-","","","아파트"
"9915","충청북도 청주시 상당구 용암동","2105","2105","0000","진흥한우리","전세","84.4100","202510","01","15,300","0","5","1995","용암로 36","202510~202710","갱신","사용","15,300","0","아파트"
"9916","충청북도 청주시 상당구 용암동","2537","2537","0000","중흥마을마이빌아파트","전세","59.9187","202510","01","13,725","0","6","2003","중흥로 148","202510~202710","신규","-","","","아파트"
"9917","충청북도 청주시 상당구 용암동","3603","3603","0000","청주동남엘에이치행복주택","월세","16.6400","202510","01","390","13","9","2020","월운로 146","202510~202710","갱신","-","1,590","10","아파트"
"9918","충청북도 청주시 상당구 용암동","3604","3604","0000","동남힐데스하임","월세","84.8429","202510","01","3,000","120","11","2020","월운로 116","202511~202711","신규","-","","","아파트"
"9919","충청북도 청주시 상당구 용암동","3145","3145","0000","청주동남1단지","월세","46.8300","202510","01","5,906","12","22","2020","호미로 137","202512~202711","갱신","-","2,966","24","아파트"
"9920","충청북도 청주시 상당구 용암동","2537","2537","0000","중흥마을마이빌아파트","전세","59.9187","202510","01","13,725","0","6","2003","중흥로 148","202510~202710","신규","-","","","아파트"
"9921","충청북도 청주시 청원구 내수읍 은곡리","246-3","0246","0003","은곡무지개아파트","전세","33.5700","202510","01","1,700","0","1","2000","은곡4길 6","202510~202710","신규","-","","","아파트"
"9922","충청북도 청주시 상당구 용담동","425","0425","0000","가좌마을부영","월세","59.9870","202510","01","1,000","45","2","2003","호미로 329","202510~202603","신규","-","","","아파트"
"9923","충청북도 청주시 흥덕구 오송읍 연제리","731","0731","0000","오송상록롯데캐슬","월세","84.9490","202510","01","2,000","95","9","2010","오송생명5로 202","202510~202710","신규","-","","","아파트"
"9924","충청북도 청주시 청원구 내수읍 은곡리","301","0301","0000","덕일한마음","월세","45.2700","202510","01","500","35","3","1997","은곡묵방길 28","202510~202709","신규","-","","","아파트"
"9925","충청북도 청주시 상당구 북문로3가","123","0123","0000","청주행정타운코아루휴티스","전세","84.9935","202510","01","29,900","0","23","2020","중앙로 80","202510~202710","갱신","-","29,000","0","아파트"
"9926","충청북도 청주시 상당구 영동","50","0050","0000","평화","월세","70.7800","202510","01","1,000","45","4","1982","사직대로361번길 99","202510~202610","신규","-","","","아파트"
"9927","충청북도 청주시 상당구 용암동","2082","2082","0000","소라","월세","59.7000","202510","01","1,000","50","4","1994","원봉로 21","202510~202710","갱신","-","1,000","43","아파트"
"9928","충청북도 청주시 상당구 용암동","2915","2915","0000","강변뜨란채","월세","108.7700","202510","01","3,000","90","9","2005","무심동로 86","202510~203010","신규","-","","","아파트"
"9929","충청북도 청주시 상당구 금천동","115-1","0115","0001","수정","전세","59.8500","202510","01","5,500","0","6","1993","꽃산동로 40","-","-","-","","","아파트"
"9930","충청북도 청주시 청원구 오창읍 주성리","567","0567","0000","충북오창사랑으로부영5단지","전세","82.8216","202510","01","16,542","0","3","2015","2산단4로 20","202510~202610","갱신","-","15,500","0","아파트"
"9931","충청북도 청주시 청원구 오창읍 주성리","569","0569","0000","충북오창사랑으로부영6단지","전세","57.7554","202510","01","12,567","0","4","2014","2산단로 125","202511~202611","신규","-","","","아파트"
"9932","충청북도 청주시 청원구 오창읍 주성리","569","0569","0000","충북오창사랑으로부영6단지","월세","57.7554","202510","01","5,682","29","8","2014","2산단로 125","202511~202611","갱신","-","5,599","28","아파트"
"9933","충청북도 청주시 청원구 오창읍 주성리","569","0569","0000","충북오창사랑으로부영6단지","전세","57.7554","202510","01","12,567","0","4","2014","2산단로 125","202510~202610","갱신","-","12,382","0","아파트"
"9934","충청북도 청주시 청원구 오창읍 주성리","569","0569","0000","충북오창사랑으로부영6단지","전세","57.7554","202510","01","12,567","0","20","2014","2산단로 125","202510~202610","갱신","-","12,382","0","아파트"
"9935","충청북도 청주시 청원구 오창읍 주성리","567","0567","0000","충북오창사랑으로부영5단지","전세","82.8216","202510","01","16,542","0","19","2015","2산단4로 20","202510~202610","갱신","-","16,379","0","아파트"
"9936","충청북도 청주시 청원구 내수읍 우산리","504-8","0504","0008","강우스파빌","월세","59.9700","202510","01","500","50","3","2002","우산길 37","202510~202609","신규","-","","","아파트"
"9937","충청북도 청주시 청원구 오창읍 주성리","564","0564","0000","사랑으로부영7단지","전세","57.7554","202510","01","12,357","0","6","2014","2산단4로 60","202511~202611","신규","-","","","아파트"
"9938","충청북도 청주시 청원구 우암동","237-13","0237","0013","일진캠퍼스타워","월세","16.2100","202510","01","500","40","3","2015","상당로 249","202510~202610","신규","-","","","아파트"
"9939","충청북도 청주시 흥덕구 오송읍 만수리","549-1","0549","0001","청원오송휴먼시아1단지","월세","51.9300","202510","01","4,634","9","5","2008","오송가락로 235","-","-","-","","","아파트"
